iter,alpha,alpha_ctrl,state,ncraig,ipm_status,mu,mu_next,rho,force_tol,floor_tol,normB,step,ipm_pres,ipm_dres,pbase,prefn,ppass,pstat,cbase,crefn,cpass,cstat,wbase,wrefn,wpass,wstat,pfres,ppres,pdres,cfres,cpres,cdres,wfres,wpres,wdres,chosen
1,1.000000000000000e+00,7.269914469404012e+05,0,4,CONTINUE,1.000000000000000e+00,1.220888940668704e-01,0.000000000000000e+00,1.000000000000000e-01,1.147904786827258e-13,2.191290639365295e+01,8.975576832717367e-01,1.103143684135383e+01,3.513020402237583e+00,2,0,0,REACHED_FORCE,1,0,0,REACHED_FORCE,1,0,0,REACHED_FORCE,4.442917755072214e-01,4.966386022934621e-02,1.212204970904882e-15,9.811249179444159e-02,4.118490096928529e-02,1.515256213631102e-15,8.293259937219402e-02,4.594719039748612e-02,3.346190805102017e-16,false
1,3.162000000000000e+00,7.269914469404012e+05,0,4,CONTINUE,1.000000000000000e+00,1.190051682554939e-01,0.000000000000000e+00,1.000000000000000e-01,1.147904786827258e-13,2.191290639365295e+01,9.007135770716193e-01,1.103143684135383e+01,3.513020402237583e+00,2,0,0,REACHED_FORCE,1,0,0,REACHED_FORCE,1,0,0,REACHED_FORCE,1.666965690502325e-01,1.866772581022946e-02,1.969833077720433e-15,3.632586241160507e-02,1.979209970462947e-02,3.384072210442795e-15,3.374511864688259e-02,1.844315797516778e-02,9.596622686330313e-16,false
1,1.000000000000000e+01,7.269914469404012e+05,0,3,CONTINUE,1.000000000000000e+00,1.185711579701175e-01,0.000000000000000e+00,1.000000000000000e-01,1.147904786827258e-13,2.191290639365295e+01,9.012352692982906e-01,1.103143684135383e+01,3.513020402237583e+00,1,0,0,REACHED_FORCE,1,0,0,REACHED_FORCE,1,0,0,REACHED_FORCE,5.604544687057565e-02,2.288119080978035e-02,1.126340452132453e-14,1.077907800224976e-02,6.881161254248314e-03,8.788486039060393e-15,1.183785265493797e-02,6.682946929807865e-03,2.632757671184040e-15,true
1,3.162000000000000e+01,7.269914469404012e+05,0,3,CONTINUE,1.000000000000000e+00,1.176375559716146e-01,0.000000000000000e+00,1.000000000000000e-01,1.147904786827258e-13,2.191290639365295e+01,9.021344463975968e-01,1.103143684135383e+01,3.513020402237583e+00,1,0,0,REACHED_FORCE,1,0,0,REACHED_FORCE,1,0,0,REACHED_FORCE,1.808860144236354e-02,7.386040319200760e-03,1.931951672379655e-14,3.771803479536721e-03,2.377885715099337e-03,2.050646742447425e-14,3.882536436515433e-03,2.215478380417912e-03,1.401611997608770e-14,false
1,1.000000000000000e+02,7.269914469404012e+05,0,3,CONTINUE,1.000000000000000e+00,1.173158214095062e-01,0.000000000000000e+00,1.000000000000000e-01,1.147904786827258e-13,2.191290639365295e+01,9.024459051986595e-01,1.103143684135383e+01,3.513020402237583e+00,1,0,0,REACHED_FORCE,1,0,0,REACHED_FORCE,1,0,0,REACHED_FORCE,5.757080194478811e-03,2.350850567035323e-03,6.727737588522094e-14,1.230970922192599e-03,7.739580004630930e-04,7.323738365883661e-14,1.242381272577843e-03,7.113787538650385e-04,4.251714231935521e-14,false
1,3.162000000000000e+02,7.269914469404012e+05,0,3,CONTINUE,1.000000000000000e+00,1.172113219441147e-01,0.000000000000000e+00,1.000000000000000e-01,1.147904786827258e-13,2.191290639365295e+01,9.025472205091032e-01,1.103143684135383e+01,3.513020402237583e+00,1,0,0,REACHED_FORCE,1,0,0,REACHED_FORCE,1,0,0,REACHED_FORCE,1.824489699518677e-03,7.450211760353653e-04,1.650366559346542e-13,3.932016036148886e-04,2.470409856774047e-04,1.914778768625169e-13,3.944108070281410e-04,2.260837175370733e-04,1.117454105796262e-13,false
1,1.000000000000000e+03,7.269914469404012e+05,0,3,CONTINUE,1.000000000000000e+00,1.171779888794493e-01,0.000000000000000e+00,1.000000000000000e-01,1.147904786827258e-13,2.191290639365295e+01,9.025795530758972e-01,1.103143684135383e+01,3.513020402237583e+00,1,0,0,REACHED_FORCE,1,0,0,REACHED_FORCE,1,0,0,REACHED_FORCE,5.772829191006610e-04,2.357313014762497e-04,7.407582543037915e-13,1.247225865526659e-04,7.834376118887043e-05,5.297840808258877e-13,1.248637205958274e-04,7.159901264297552e-05,3.209565203172946e-13,false
1,3.162000000000000e+03,7.269914469404012e+05,0,3,CONTINUE,1.000000000000000e+00,1.171674215006879e-01,0.000000000000000e+00,1.000000000000000e-01,1.147904786827258e-13,2.191290639365295e+01,9.025898047853741e-01,1.103143684135383e+01,3.513020402237583e+00,1,0,0,REACHED_FORCE,1,0,0,REACHED_FORCE,1,0,0,REACHED_FORCE,1.826068782945530e-04,7.456690153695433e-05,1.787497246680157e-12,3.948349849000393e-05,2.479965447377275e-05,2.271697369745976e-12,3.950397329062013e-05,2.265473974100152e-05,1.231486606223338e-12,false
1,1.000000000000000e+04,7.269914469404012e+05,0,3,CONTINUE,1.000000000000000e+00,1.171640764000254e-01,0.000000000000000e+00,1.000000000000000e-01,1.147904786827258e-13,2.191290639365295e+01,9.025930501119778e-01,1.103143684135383e+01,3.513020402237583e+00,1,0,0,REACHED_FORCE,1,0,0,REACHED_FORCE,1,0,0,REACHED_FORCE,5.774409237081198e-05,2.357961209931148e-05,6.995836921253891e-12,1.248861376439966e-05,7.843953733877029e-06,6.179467381889907e-12,1.249267047106066e-05,7.164545083288010e-06,2.983491343687020e-12,false
1,3.162000000000000e+04,7.269914469404012e+05,0,3,CONTINUE,1.000000000000000e+00,1.171630184791430e-01,0.000000000000000e+00,1.000000000000000e-01,1.147904786827258e-13,2.191290639365295e+01,9.025940764930771e-01,1.103143684135383e+01,3.513020402237583e+00,1,0,0,REACHED_FORCE,1,0,0,REACHED_FORCE,1,0,0,REACHED_FORCE,1.826226854537626e-05,7.457338611516207e-06,2.460518497380593e-11,3.949986413202068e-06,2.480924128800410e-06,2.178211112218982e-11,3.951027606128110e-06,2.265938685880320e-06,1.615221454184880e-11,false
1,1.000000000000000e+05,7.269914469404012e+05,0,3,CONTINUE,1.000000000000000e+00,1.171626838324793e-01,0.000000000000000e+00,1.000000000000000e-01,1.147904786827258e-13,2.191290639365295e+01,9.025944011645248e-01,1.103143684135383e+01,3.513020402237583e+00,1,0,0,REACHED_FORCE,1,0,0,REACHED_FORCE,1,0,0,REACHED_FORCE,5.774567293627582e-06,2.358026048199235e-06,5.402767250198785e-11,1.249025028772169e-06,7.844912477406041e-07,6.893637940498518e-11,1.249330074350647e-06,7.165009790199850e-07,3.830507097810881e-11,false
1,3.162000000000000e+05,7.269914469404012e+05,0,3,CONTINUE,1.000000000000000e+00,1.171625780210355e-01,0.000000000000000e+00,1.000000000000000e-01,1.147904786827258e-13,2.191290639365295e+01,9.025945038198824e-01,1.103143684135383e+01,3.513020402237583e+00,1,0,0,REACHED_FORCE,1,0,0,REACHED_FORCE,1,0,0,REACHED_FORCE,1.826242663605831e-06,7.457403468080770e-07,2.428378902918668e-10,3.950150106214815e-07,2.481020031641634e-07,1.966377788467950e-10,3.951090650485350e-07,2.265985170613050e-07,1.550160771868850e-10,false
1,1.000000000000000e+06,7.269914469404012e+05,0,3,CONTINUE,1.000000000000000e+00,1.171625444445705e-01,0.000000000000000e+00,1.000000000000000e-01,1.147904786827258e-13,2.191290639365295e+01,9.025945363914536e-01,1.103143684135383e+01,3.513020402237583e+00,1,0,0,REACHED_FORCE,1,0,0,REACHED_FORCE,1,0,0,REACHED_FORCE,5.774583099262267e-07,2.358032542559840e-07,5.306547470462402e-10,1.249041407674328e-07,7.845008376250462e-08,6.150820453000401e-10,1.249336379558898e-07,7.165056284397231e-08,4.315724431313613e-10,false
1,3.162000000000000e+06,7.269914469404012e+05,0,3,CONTINUE,1.000000000000000e+00,1.171625338792253e-01,0.000000000000000e+00,1.000000000000000e-01,1.147904786827258e-13,2.191290639365295e+01,9.025945465950145e-01,1.103143684135383e+01,3.513020402237583e+00,1,0,0,REACHED_FORCE,1,0,0,REACHED_FORCE,1,0,0,REACHED_FORCE,1.826244240446550e-07,7.457409889610744e-08,2.177575209694662e-09,3.950166490662040e-08,2.481029581780092e-08,1.952945850270757e-09,3.951096943601904e-08,2.265989823557746e-08,9.032096874173968e-10,false
1,1.000000000000000e+07,7.269914469404012e+05,0,3,CONTINUE,1.000000000000000e+00,1.171625288930039e-01,0.000000000000000e+00,1.000000000000000e-01,1.147904786827258e-13,2.191290639365295e+01,9.025945513041000e-01,1.103143684135383e+01,3.513020402237583e+00,1,0,0,REACHED_FORCE,1,0,0,REACHED_FORCE,1,0,0,REACHED_FORCE,5.774584636396841e-08,2.358033057703324e-08,4.808072421659207e-09,1.249043088615412e-08,7.845017524488185e-09,5.560182116870335e-09,1.249337023287225e-08,7.165060988967298e-09,3.146967456187958e-09,false
1,3.162000000000000e+07,7.269914469404012e+05,0,3,CONTINUE,1.000000000000000e+00,1.171625280272176e-01,0.000000000000000e+00,1.000000000000000e-01,1.147904786827258e-13,2.191290639365295e+01,9.025945521121700e-01,1.103143684135383e+01,3.513020402237583e+00,1,0,0,REACHED_FORCE,1,0,0,REACHED_FORCE,1,0,0,REACHED_FORCE,1.826244503318738e-08,7.457410688971322e-09,2.138573625943687e-08,3.950169504277317e-09,2.481030048073762e-09,2.084251175497899e-08,3.951097249195897e-09,2.265990117766847e-09,9.390688090866192e-09,false
1,1.000000000000000e+08,7.269914469404012e+05,0,3,CONTINUE,1.000000000000000e+00,1.171625173124797e-01,0.000000000000000e+00,1.000000000000000e-01,1.147904786827258e-13,2.191290639365295e+01,9.025945616987771e-01,1.103143684135383e+01,3.513020402237583e+00,1,0,0,REACHED_FORCE,1,0,0,REACHED_FORCE,1,0,0,REACHED_FORCE,5.774584439890836e-09,2.358033768246059e-09,6.140537452079848e-08,1.249043451244725e-09,7.845024629915542e-10,5.811467747434795e-08,1.249337277526640e-09,7.165063542480254e-10,2.710575351595542e-08,false
1,3.162000000000000e+08,7.269914469404012e+05,0,3,CONTINUE,1.000000000000000e+00,1.171625001344585e-01,0.000000000000000e+00,1.000000000000000e-01,1.147904786827258e-13,2.191290639365295e+01,9.025945745532811e-01,1.103143684135383e+01,3.513020402237583e+00,1,0,0,REACHED_FORCE,1,0,0,REACHED_FORCE,1,0,0,REACHED_FORCE,1.826244912763221e-09,7.457403583543964e-10,1.837699809426967e-07,3.950174296500104e-10,2.481035377144281e-10,3.136529934994678e-07,3.951098662637459e-10,2.265992116168292e-10,1.201156516336797e-07,false
1,1.000000000000000e+09,7.269914469404012e+05,0,3,CONTINUE,1.000000000000000e+00,1.171625208996835e-01,0.000000000000000e+00,1.000000000000000e-01,1.147904786827258e-13,2.191290639365295e+01,9.025945469609592e-01,1.103143684135383e+01,3.513020402237583e+00,1,0,0,REACHED_FORCE,1,0,0,REACHED_FORCE,1,0,0,REACHED_FORCE,5.774586583240043e-10,2.358042650030256e-10,7.664622155019135e-07,1.249049964003114e-10,7.844991323224804e-11,8.085558232536000e-07,1.249335937192750e-10,7.165043558465811e-11,4.734407560609762e-07,false
1,3.162000000000000e+09,7.269914469404012e+05,0,3,CONTINUE,1.000000000000000e+00,1.171623763456830e-01,0.000000000000000e+00,1.000000000000000e-01,1.147904786827258e-13,2.191290639365295e+01,9.025946991893146e-01,1.103143684135383e+01,3.513020402237583e+00,1,0,0,REACHED_FORCE,1,0,0,REACHED_FORCE,1,0,0,REACHED_FORCE,1.826249627447522e-10,7.457323647486191e-11,2.370861871082810e-06,3.950201484409470e-11,2.481037597590330e-11,2.043407074486448e-06,3.951101516905199e-11,2.265998499950683e-11,1.015952975987026e-06,false
1,1.000000000000000e+10,7.269914469404012e+05,0,3,CONTINUE,1.000000000000000e+00,1.171624159951648e-01,0.000000000000000e+00,1.000000000000000e-01,1.147904786827258e-13,2.191290639365295e+01,9.025946232887448e-01,1.103143684135383e+01,3.513020402237583e+00,1,0,0,REACHED_FORCE,1,0,0,REACHED_FORCE,1,0,0,REACHED_FORCE,5.774630054954828e-11,2.358113704303832e-11,7.493142668505190e-06,1.249055350406373e-11,7.844391802791506e-12,6.358615962147640e-06,1.249316576320602e-11,7.165185111901451e-12,4.361170375446553e-06,false
1,3.162000000000000e+10,7.269914469404012e+05,0,3,CONTINUE,1.000000000000000e+00,1.171613979835031e-01,0.000000000000000e+00,1.000000000000000e-01,1.147904786827258e-13,2.191290639365295e+01,9.025943932524335e-01,1.103143684135383e+01,3.513020402237583e+00,1,0,0,REACHED_FORCE,1,0,0,REACHED_FORCE,1,0,0,REACHED_FORCE,1.826161240040497e-11,7.457146011802251e-12,2.481012201746420e-05,3.951551131202748e-12,2.481792549247075e-12,1.657180160792175e-05,3.951099715328905e-12,2.266048459986791e-12,9.667054623681289e-06,false
1,1.000000000000000e+11,7.269914469404012e+05,0,3,CONTINUE,1.000000000000000e+00,1.171553549491596e-01,0.000000000000000e+00,1.000000000000000e-01,1.147904786827258e-13,2.191290639365295e+01,9.026030991666556e-01,1.103143684135383e+01,3.513020402237583e+00,1,0,0,REACHED_FORCE,1,0,0,REACHED_FORCE,1,0,0,REACHED_FORCE,5.775172706783170e-12,2.359001882723533e-12,5.432323858668460e-05,1.248495881039992e-12,7.844835892001356e-13,7.316397553196592e-05,1.249108277269876e-12,7.164546733662291e-13,3.439325237089397e-05,false
1,3.162000000000000e+11,7.269914469404012e+05,0,3,CONTINUE,1.000000000000000e+00,1.171781897161639e-01,0.000000000000000e+00,1.000000000000000e-01,1.147904786827258e-13,2.191290639365295e+01,9.025763011603287e-01,1.103143684135383e+01,3.513020402237583e+00,1,0,0,REACHED_FORCE,1,0,0,REACHED_FORCE,1,0,0,REACHED_FORCE,1.826374390229594e-12,7.460698725481052e-13,2.042582009538184e-04,3.942363035225981e-13,2.489120021209601e-13,2.440817014002727e-04,3.953731662191803e-13,2.269295862333820e-13,8.407702391410845e-05,false
1,1.000000000000000e+12,7.269914469404012e+05,0,3,CONTINUE,1.000000000000000e+00,1.171452989316106e-01,0.000000000000000e+00,1.000000000000000e-01,1.147904786827258e-13,2.191290639365295e+01,9.026131076796204e-01,1.103143684135383e+01,3.513020402237583e+00,1,0,0,REACHED_FORCE,1,0,0,REACHED_FORCE,1,0,0,REACHED_FORCE,5.778058003690750e-13,2.362554596402333e-13,5.458456212611346e-04,1.246075864056921e-13,7.838174553853605e-14,7.639038872695831e-04,1.249122264807611e-13,7.174816296640074e-14,2.806770175876664e-04,false
1,3.162000000000000e+12,7.269914469404012e+05,0,3,CONTINUE,1.000000000000000e+00,1.167699873561690e-01,0.000000000000000e+00,1.000000000000000e-01,1.147904786827258e-13,2.191290639365295e+01,9.029773214250257e-01,1.103143684135383e+01,3.513020402237583e+00,1,0,0,REACHED_FORCE,1,0,0,REACHED_FORCE,1,0,0,REACHED_FORCE,1.833184981872844e-13,7.638334409421077e-14,2.558395210605730e-03,4.019559355832160e-14,2.486899575160351e-14,2.353046762320647e-03,3.966656571673214e-14,2.281508315604697e-14,1.188212753012955e-03,false
1,1.000000000000000e+13,7.269914469404012e+05,0,3,CONTINUE,1.000000000000000e+00,1.173728405682551e-01,0.000000000000000e+00,1.000000000000000e-01,1.147904786827258e-13,2.191290639365295e+01,9.022440776603134e-01,1.103143684135383e+01,3.513020402237583e+00,1,0,0,REACHED_FORCE,1,0,0,REACHED_FORCE,1,0,0,REACHED_FORCE,5.757381540190050e-14,2.398081733190338e-14,5.769194389861358e-03,1.322424296230915e-14,7.993605777301127e-15,8.166596120292573e-03,1.257078303847761e-14,7.188694084447889e-15,2.806434264613954e-03,false
1,3.162000000000000e+13,7.269914469404012e+05,0,3,CONTINUE,1.000000000000000e+00,1.130998775756444e-01,0.000000000000000e+00,1.000000000000000e-01,1.147904786827258e-13,2.191290639365295e+01,9.054370992542438e-01,1.103143684135383e+01,3.513020402237583e+00,1,0,0,REACHED_FORCE,1,0,0,REACHED_FORCE,1,0,0,REACHED_FORCE,1.810991224014174e-14,7.993605777301127e-15,2.387632382830296e-02,5.582114810376975e-15,2.442490654175344e-15,2.314779428159581e-02,3.880613250348424e-15,2.109423746787797e-15,1.037580632119027e-02,false
1,1.000000000000000e+14,7.269914469404012e+05,0,5,CONTINUE,1.000000000000000e+00,1.143404257822536e-01,0.000000000000000e+00,1.000000000000000e-01,1.147904786827258e-13,2.191290639365295e+01,9.062916666354793e-01,1.103143684135383e+01,3.513020402237583e+00,1,1,1,REACHED_FORCE,1,1,1,REACHED_FORCE,1,0,0,REACHED_FORCE,6.346747984034652e-15,3.552713678800501e-15,6.342534022059530e-02,2.962444526161419e-15,1.776356839400250e-15,6.835129175319342e-02,1.425702094866347e-15,5.828670879282072e-16,2.595605124866943e-02,false
1,3.162000000000000e+14,7.269914469404012e+05,1,8,CONTINUE,1.000000000000000e+00,2.046655658333948e-01,5.331018588983174e-14,1.000000000000000e-01,1.147904786827258e-13,2.191290639365295e+01,8.197911054834077e-01,1.103143684135383e+01,3.513020402237583e+00,1,2,2,REFINE_STALLED,1,2,2,REFINE_STALLED,1,1,1,REFINE_STALLED,4.723395549162435e-14,1.865174681370263e-14,1.372640619809145e+00,4.454526910313038e-14,1.776356839400250e-14,1.409106761568997e+00,4.128389178792325e-16,2.220446049250313e-16,2.157073647844669e-01,false
1,1.000000000000000e+15,7.269914469404012e+05,1,8,CONTINUE,1.000000000000000e+00,2.615242747305724e-01,5.331018588983174e-14,1.000000000000000e-01,1.147904786827258e-13,2.191290639365295e+01,7.680380231989838e-01,1.103143684135383e+01,3.513020402237583e+00,1,2,2,REFINE_STALLED,1,2,2,REFINE_STALLED,1,1,1,REFINE_STALLED,4.554946195662291e-14,1.865174681370263e-14,4.176212893061724e+00,4.492769570358872e-14,1.776356839400250e-14,4.539472030522707e+00,1.353859884291460e-16,6.830473686658678e-17,2.236498386199315e-01,false
1,3.162000000000000e+15,7.269914469404012e+05,1,8,CONTINUE,1.000000000000000e+00,2.881644444234051e-01,5.331018588983174e-14,1.000000000000000e-01,1.147904786827258e-13,2.191290639365295e+01,7.446622221484694e-01,1.103143684135383e+01,3.513020402237583e+00,1,2,2,REFINE_STALLED,1,2,2,REFINE_STALLED,1,1,1,REFINE_STALLED,4.637756528637165e-14,1.865174681370263e-14,1.358149618687083e+01,4.437837934953047e-14,1.776356839400250e-14,1.334010350872024e+01,4.480354793358037e-17,2.233456475320139e-17,2.269171970987082e-01,false
1,1.000000000000000e+16,7.269914469404012e+05,1,8,CONTINUE,1.000000000000000e+00,2.980225137783673e-01,5.331018588983174e-14,1.000000000000000e-01,1.147904786827258e-13,2.191290639365295e+01,7.358869952918029e-01,1.103143684135383e+01,3.513020402237583e+00,1,2,2,REFINE_STALLED,1,2,2,REFINE_STALLED,1,1,1,REFINE_STALLED,4.473964616964650e-14,1.687538997430238e-14,4.458959824136149e+01,4.462765136829602e-14,1.865174681370263e-14,4.558688672891716e+01,1.429262904422487e-17,7.182839392716467e-18,2.283936742921781e-01,false
1,3.162000000000000e+16,7.269914469404012e+05,1,8,CONTINUE,1.000000000000000e+00,3.015096046779600e-01,5.331018588983174e-14,1.000000000000000e-01,1.147904786827258e-13,2.191290639365295e+01,7.328816402838101e-01,1.103143684135383e+01,3.513020402237583e+00,1,2,2,REFINE_STALLED,1,2,2,REFINE_STALLED,1,1,1,REFINE_STALLED,4.555379144473540e-14,1.776356839400250e-14,1.329313088119949e+02,4.453696714384195e-14,1.776356839400250e-14,1.362459257245652e+02,4.483914336456922e-18,2.249719507907422e-18,2.286684008073641e-01,false
1,1.000000000000000e+17,7.269914469404012e+05,1,8,CONTINUE,1.000000000000000e+00,3.025065133827109e-01,5.331018588983174e-14,1.000000000000000e-01,1.147904786827258e-13,2.191290639365295e+01,7.318874689935511e-01,1.103143684135383e+01,3.513020402237583e+00,1,2,2,REFINE_STALLED,1,2,2,REFINE_STALLED,1,1,1,REFINE_STALLED,4.486674847483706e-14,1.776356839400250e-14,4.206305693859554e+02,4.523447000599848e-14,1.865174681370263e-14,4.456521208678776e+02,1.426021474989580e-18,7.284483346386983e-19,2.295712195445999e-01,false
1,3.162000000000000e+17,7.269914469404012e+05,1,8,CONTINUE,1.000000000000000e+00,3.028287479911700e-01,5.331018588983174e-14,1.000000000000000e-01,1.147904786827258e-13,2.191290639365295e+01,7.315497653302032e-01,1.103143684135383e+01,3.513020402237583e+00,1,2,2,REFINE_STALLED,1,2,2,REFINE_STALLED,1,1,1,REFINE_STALLED,4.469057955095093e-14,1.776356839400250e-14,1.346396615400209e+03,4.469057955095093e-14,1.776356839400250e-14,1.346442409598342e+03,4.583575884866521e-19,2.295459287059154e-19,2.294778172744442e-01,false
1,1.000000000000000e+18,7.269914469404012e+05,1,8,CONTINUE,1.000000000000000e+00,3.028963624284599e-01,5.331018588983174e-14,1.000000000000000e-01,1.147904786827258e-13,2.191290639365295e+01,7.314922138880973e-01,1.103143684135383e+01,3.513020402237583e+00,1,2,2,REFINE_STALLED,1,2,2,REFINE_STALLED,1,1,1,REFINE_STALLED,4.450429774509037e-14,1.776356839400250e-14,4.055489944958861e+03,4.478040219863832e-14,1.776356839400250e-14,4.563669291007737e+03,1.411088235443793e-19,7.157428404298838e-20,2.287948864596061e-01,false
2,1.000000000000000e+00,1.407457621682785e+07,0,6,CONTINUE,1.185711579701175e-01,1.280724200089202e-02,0.000000000000000e+00,1.185711579701175e-02,3.140411765868515e-14,2.191290639365295e+01,9.364836886840477e-01,1.083904272462831e+02,3.469625139766094e+01,2,0,0,REACHED_FORCE,2,0,0,REACHED_FORCE,2,0,0,REACHED_FORCE,2.239827621423666e-01,1.985050760851093e-03,1.136442160223327e-16,5.617491970580512e-02,5.130977388473901e-04,1.262713511359252e-16,5.398263989360134e-01,3.758243512758330e-03,1.204313011458887e-15,false
2,3.162000000000000e+00,1.407457621682785e+07,0,6,CONTINUE,1.185711579701175e-01,1.280711025628977e-02,0.000000000000000e+00,1.185711579701175e-02,3.140411765868515e-14,2.191290639365295e+01,9.364842988383687e-01,1.083904272462831e+02,3.469625139766094e+01,2,0,0,REACHED_FORCE,2,0,0,REACHED_FORCE,2,0,0,REACHED_FORCE,8.365328400312733e-02,2.806039693264983e-04,2.904241076126279e-16,2.096780746747103e-02,7.213619832963092e-05,4.040683236349606e-16,2.032241628691618e-01,5.551224376246500e-04,4.937209829414675e-15,false
2,1.000000000000000e+01,1.407457621682785e+07,0,5,CONTINUE,1.185711579701175e-01,1.282590739385755e-02,0.000000000000000e+00,1.185711579701175e-02,3.140411765868515e-14,2.191290639365295e+01,9.363071230464698e-01,1.083904272462831e+02,3.469625139766094e+01,2,0,0,REACHED_FORCE,1,0,0,REACHED_FORCE,2,0,0,REACHED_FORCE,2.805851823663671e-02,3.172132276402229e-05,7.639416743723474e-16,7.033996669940487e-03,3.179981596506287e-03,9.028401606218650e-16,6.838186505284322e-02,7.433504628642784e-05,1.149069295336919e-14,false
2,3.162000000000000e+01,1.407457621682785e+07,0,4,CONTINUE,1.185711579701175e-01,1.281341629824640e-02,0.000000000000000e+00,1.185711579701175e-02,3.140411765868515e-14,2.191290639365295e+01,9.364405899542831e-01,1.083904272462831e+02,3.469625139766094e+01,1,0,0,REACHED_FORCE,1,0,0,REACHED_FORCE,2,0,0,REACHED_FORCE,9.047563522916137e-03,3.678972812883485e-03,2.152926536867524e-15,2.371415232633086e-03,1.073755687824363e-03,2.954749616580649e-15,2.207412078608743e-02,8.233600975987576e-06,4.921425910522684e-14,false
2,1.000000000000000e+02,1.407457621682785e+07,0,3,CONTINUE,1.185711579701175e-01,1.280904209291675e-02,0.000000000000000e+00,1.185711579701175e-02,3.140411765868515e-14,2.191290639365295e+01,9.364709521051878e-01,1.083904272462831e+02,3.469625139766094e+01,1,0,0,REACHED_FORCE,1,0,0,REACHED_FORCE,1,0,0,REACHED_FORCE,2.878685258428012e-03,1.174318159911647e-03,1.020272517178275e-14,7.322017479126658e-04,3.252329636709850e-04,1.388984862495177e-14,7.025877197379580e-03,4.789274088754417e-03,1.201976991462872e-13,true
2,3.162000000000000e+02,1.407457621682785e+07,0,3,CONTINUE,1.185711579701175e-01,1.280769118371622e-02,0.000000000000000e+00,1.185711579701175e-02,3.140411765868515e-14,2.191290639365295e+01,9.364802803387898e-01,1.083904272462831e+02,3.469625139766094e+01,1,0,0,REACHED_FORCE,1,0,0,REACHED_FORCE,1,0,0,REACHED_FORCE,9.121993340966743e-04,3.721946550276911e-04,2.998944589478223e-14,2.297642246015482e-04,1.020517435579293e-04,3.396699345556388e-14,2.226616553686684e-03,1.517923830118284e-03,4.484400764241247e-13,false
2,1.000000000000000e+03,1.407457621682785e+07,0,3,CONTINUE,1.185711579701175e-01,1.280726748498241e-02,0.000000000000000e+00,1.185711579701175e-02,3.140411765868515e-14,2.191290639365295e+01,9.364831996599581e-01,1.083904272462831e+02,3.469625139766094e+01,1,0,0,REACHED_FORCE,1,0,0,REACHED_FORCE,1,0,0,REACHED_FORCE,2.886178341266742e-04,1.177691929423186e-04,6.968915869191711e-14,7.247048511801903e-05,3.218771703189516e-05,8.698833379753886e-14,7.045218810156787e-04,4.802974221091993e-04,1.144889713614320e-12,false
2,3.162000000000000e+03,1.407457621682785e+07,0,3,CONTINUE,1.185711579701175e-01,1.280713388172738e-02,0.000000000000000e+00,1.185711579701175e-02,3.140411765868515e-14,2.191290639365295e+01,9.364841195504405e-01,1.083904272462831e+02,3.469625139766094e+01,1,0,0,REACHED_FORCE,1,0,0,REACHED_FORCE,1,0,0,REACHED_FORCE,9.129504133512956e-05,3.725329008130718e-05,2.541968569717310e-13,2.290106273866468e-05,1.017142273468385e-05,3.765032876819882e-13,2.228555537888039e-04,1.519297358062027e-04,3.626664730245135e-12,false
2,1.000000000000000e+04,1.407457621682785e+07,0,3,CONTINUE,1.185711579701175e-01,1.280709166167096e-02,0.000000000000000e+00,1.185711579701175e-02,3.140411765868515e-14,2.191290639365295e+01,9.364844101804631e-01,1.083904272462831e+02,3.469625139766094e+01,1,0,0,REACHED_FORCE,1,0,0,REACHED_FORCE,1,0,0,REACHED_FORCE,2.886929808433033e-05,1.178030372567251e-05,7.639921829128018e-13,7.239501872755212e-06,3.215391167821213e-06,1.730144798994220e-12,7.047158875421613e-05,4.804348546059989e-05,1.268670993705845e-11,false
2,3.162000000000000e+04,1.407457621682785e+07,0,3,CONTINUE,1.185711579701175e-01,1.280707831660131e-02,0.000000000000000e+00,1.185711579701175e-02,3.140411765868515e-14,2.191290639365295e+01,9.364845020357990e-01,1.083904272462831e+02,3.469625139766094e+01,1,0,0,REACHED_FORCE,1,0,0,REACHED_FORCE,1,0,0,REACHED_FORCE,9.130255897094736e-06,3.725667591936155e-06,2.596265250705758e-12,2.289351097790819e-06,1.016803971631841e-06,4.533378264563094e-12,2.228749623542619e-05,1.519434847672974e-05,4.268537206208172e-11,false
2,1.000000000000000e+05,1.407457621682785e+07,0,3,CONTINUE,1.185711579701175e-01,1.280707409606385e-02,0.000000000000000e+00,1.185711579701175e-02,3.140411765868515e-14,2.191290639365295e+01,9.364845310894514e-01,1.083904272462831e+02,3.469625139766094e+01,1,0,0,REACHED_FORCE,1,0,0,REACHED_FORCE,1,0,0,REACHED_FORCE,2.887004976777737e-06,1.178064227502773e-06,6.435179495075269e-12,7.238746709774117e-07,3.215052866711865e-07,1.300468645348893e-11,7.047352940920895e-06,4.804486021386944e-06,2.935553861564885e-10,false
2,3.162000000000000e+05,1.407457621682785e+07,0,3,CONTINUE,1.185711579701175e-01,1.280707276351776e-02,0.000000000000000e+00,1.185711579701175e-02,3.140411765868515e-14,2.191290639365295e+01,9.364845402461385e-01,1.083904272462831e+02,3.469625139766094e+01,1,0,0,REACHED_FORCE,1,0,0,REACHED_FORCE,1,0,0,REACHED_FORCE,9.130331078611011e-07,3.725701453460850e-07,2.623171150205801e-11,2.289275563781827e-07,1.016770133088762e-07,3.691064382037968e-11,2.228769033952835e-06,1.519448598247264e-06,3.993639834313108e-10,false
2,1.000000000000000e+06,1.407457621682785e+07,0,3,CONTINUE,1.185711579701175e-01,1.280707233635194e-02,0.000000000000000e+00,1.185711579701175e-02,3.140411765868515e-14,2.191290639365295e+01,9.364845432245882e-01,1.083904272462831e+02,3.469625139766094e+01,1,0,0,REACHED_FORCE,1,0,0,REACHED_FORCE,1,0,0,REACHED_FORCE,2.887012494597567e-07,1.178067613460954e-07,1.261805746615936e-10,7.238671192799297e-08,3.215019045432754e-08,1.052294237333915e-10,7.047372343160544e-07,4.804499772470550e-07,1.295424104871013e-09,false
2,3.162000000000000e+06,1.407457621682785e+07,0,3,CONTINUE,1.185711579701175e-01,1.280707221336597e-02,0.000000000000000e+00,1.185711579701175e-02,3.140411765868515e-14,2.191290639365295e+01,9.364845441638374e-01,1.083904272462831e+02,3.469625139766094e+01,1,0,0,REACHED_FORCE,1,0,0,REACHED_FORCE,1,0,0,REACHED_FORCE,9.130338597871003e-08,3.725704850188194e-08,3.165653456915970e-10,2.289268003577286e-08,1.016766765227217e-08,3.290251712649345e-10,2.228770968825951e-07,1.519449963488517e-07,4.226149814015676e-09,false
2,1.000000000000000e+07,1.407457621682785e+07,0,3,CONTINUE,1.185711579701175e-01,1.280707216184825e-02,0.000000000000000e+00,1.185711579701175e-02,3.140411765868515e-14,2.191290639365295e+01,9.364845445309576e-01,1.083904272462831e+02,3.469625139766094e+01,1,0,0,REACHED_FORCE,1,0,0,REACHED_FORCE,1,0,0,REACHED_FORCE,2.887013249424753e-08,1.178067943197192e-08,8.800294304461869e-10,7.238663717966581e-09,3.215015753621486e-09,1.372072532300895e-09,7.047374128992319e-08,4.804500929045386e-08,1.351476760726044e-08,false
2,3.162000000000000e+07,1.407457621682785e+07,0,3,CONTINUE,1.185711579701175e-01,1.280707191833418e-02,0.000000000000000e+00,1.185711579701175e-02,3.140411765868515e-14,2.191290639365295e+01,9.364845469205191e-01,1.083904272462831e+02,3.469625139766094e+01,1,0,0,REACHED_FORCE,1,0,0,REACHED_FORCE,1,0,0,REACHED_FORCE,9.130339413164191e-09,3.725705133295065e-09,3.140459569648899e-09,2.289267256701184e-09,1.016766393302504e-09,4.204858241838379e-09,2.228771213566515e-08,1.519450108788956e-08,5.484139294416782e-08,false
2,1.000000000000000e+08,1.407457621682785e+07,0,3,CONTINUE,1.185711579701175e-01,1.280707091942450e-02,0.000000000000000e+00,1.185711579701175e-02,3.140411765868515e-14,2.191290639365295e+01,9.364845569567778e-01,1.083904272462831e+02,3.469625139766094e+01,1,0,0,REACHED_FORCE,1,0,0,REACHED_FORCE,1,0,0,REACHED_FORCE,2.887013306664989e-09,1.178067976503883e-09,8.695957133036307e-09,7.238662536503753e-10,3.215015476065730e-10,9.056185612478411e-09,7.047374233190161e-09,4.804501685384821e-09,1.455045660190654e-07,false
2,3.162000000000000e+08,1.407457621682785e+07,0,3,CONTINUE,1.185711579701175e-01,1.280707199557555e-02,0.000000000000000e+00,1.185711579701175e-02,3.140411765868515e-14,2.191290639365295e+01,9.364845329860956e-01,1.083904272462831e+02,3.469625139766094e+01,1,0,0,REACHED_FORCE,1,0,0,REACHED_FORCE,1,0,0,REACHED_FORCE,9.130340199124290e-10,3.725704744717007e-10,3.124684110937434e-08,2.289268318241736e-10,1.016767225969772e-10,3.574861237940746e-08,2.228770355007563e-09,1.519450537612599e-09,3.726866097089094e-07,false
2,1.000000000000000e+09,1.407457621682785e+07,0,3,CONTINUE,1.185711579701175e-01,1.280707806602378e-02,0.000000000000000e+00,1.185711579701175e-02,3.140411765868515e-14,2.191290639365295e+01,9.364845108141258e-01,1.083904272462831e+02,3.469625139766094e+01,1,0,0,REACHED_FORCE,1,0,0,REACHED_FORCE,1,0,0,REACHED_FORCE,2.887014098413627e-10,1.178068753660000e-10,8.175311345248105e-08,7.238665298540887e-11,3.215011590285144e-11,1.302790939017683e-07,7.047368601229834e-10,4.804504571964685e-10,1.050288153896318e-06,false
2,3.162000000000000e+09,1.407457621682785e+07,0,3,CONTINUE,1.185711579701175e-01,1.280711568517388e-02,0.000000000000000e+00,1.185711579701175e-02,3.140411765868515e-14,2.191290639365295e+01,9.364842373698345e-01,1.083904272462831e+02,3.469625139766094e+01,1,0,0,REACHED_FORCE,1,0,0,REACHED_FORCE,1,0,0,REACHED_FORCE,9.130348425982990e-11,3.725719732727839e-11,3.124113860802981e-07,2.289275948685886e-11,1.016781103757580e-11,3.809345476342485e-07,2.228759129626403e-10,1.519436659824791e-10,4.056428894870677e-06,false
2,1.000000000000000e+10,1.407457621682785e+07,0,3,CONTINUE,1.185711579701175e-01,1.280724111647656e-02,0.000000000000000e+00,1.185711579701175e-02,3.140411765868515e-14,2.191290639365295e+01,9.364827574717259e-01,1.083904272462831e+02,3.469625139766094e+01,1,0,0,REACHED_FORCE,1,0,0,REACHED_FORCE,1,0,0,REACHED_FORCE,2.887012920615026e-11,1.178074304775123e-11,6.208536496011422e-07,7.238733549276915e-12,3.215039345860760e-12,1.036988665382780e-06,7.047437072696797e-11,4.804545650216596e-11,1.049542700480159e-05,false
2,3.162000000000000e+10,1.407457621682785e+07,0,3,CONTINUE,1.185711579701175e-01,1.280755074259092e-02,0.000000000000000e+00,1.185711579701175e-02,3.140411765868515e-14,2.191290639365295e+01,9.364797434479666e-01,1.083904272462831e+02,3.469625139766094e+01,1,0,0,REACHED_FORCE,1,0,0,REACHED_FORCE,1,0,0,REACHED_FORCE,9.130453464678553e-12,3.725741937188332e-12,3.363843507981032e-06,2.289063178737121e-12,1.016686734800487e-12,4.178480168455591e-06,2.228938527699988e-11,1.519540049343959e-11,4.471286079398144e-05,false
2,1.000000000000000e+11,1.407457621682785e+07,0,3,CONTINUE,1.185711579701175e-01,1.280547502051045e-02,0.000000000000000e+00,1.185711579701175e-02,3.140411765868515e-14,2.191290639365295e+01,9.365030211400788e-01,1.083904272462831e+02,3.469625139766094e+01,1,0,0,REACHED_FORCE,1,0,0,REACHED_FORCE,1,0,0,REACHED_FORCE,2.887127147925129e-12,1.178002140278522e-12,7.594232029667061e-06,7.238782584735596e-13,3.214650767802141e-13,1.484043882844392e-05,7.049412489654038e-12,4.806890996356117e-12,1.379506228730201e-04,false
2,3.162000000000000e+11,1.407457621682785e+07,0,3,CONTINUE,1.185711579701175e-01,1.280524887422262e-02,0.000000000000000e+00,1.185711579701175e-02,3.140411765868515e-14,2.191290639365295e+01,9.365102782865957e-01,1.083904272462831e+02,3.469625139766094e+01,1,0,0,REACHED_FORCE,1,0,0,REACHED_FORCE,1,0,0,REACHED_FORCE,9.132021130395839e-13,3.725908470642025e-13,2.945946215178923e-05,2.289572102665608e-13,1.017519402068956e-13,4.682194826881874e-05,2.230349422527040e-12,1.522379444729438e-12,7.756422742637354e-04,false
2,1.000000000000000e+12,1.407457621682785e+07,0,3,CONTINUE,1.185711579701175e-01,1.280823790039699e-02,0.000000000000000e+00,1.185711579701175e-02,3.140411765868515e-14,2.191290639365295e+01,9.364270681708409e-01,1.083904272462831e+02,3.469625139766094e+01,1,0,0,REACHED_FORCE,1,0,0,REACHED_FORCE,1,0,0,REACHED_FORCE,2.885485419665979e-13,1.178501740639604e-13,6.783016441711421e-05,7.233951944992289e-14,3.225197886536080e-14,1.321981098785221e-04,7.081435236109583e-13,4.836409051023338e-13,1.846082215711371e-03,false
2,3.162000000000000e+12,1.407457621682785e+07,0,3,CONTINUE,1.185711579701175e-01,1.277570895292775e-02,0.000000000000000e+00,1.185711579701175e-02,3.140411765868515e-14,2.191290639365295e+01,9.369088141996625e-01,1.083904272462831e+02,3.469625139766094e+01,1,0,0,REACHED_FORCE,1,0,0,REACHED_FORCE,1,0,0,REACHED_FORCE,9.130562678984592e-14,3.719247132494274e-14,3.546551529622742e-04,2.273730588024103e-14,1.004751837285767e-14,4.363081126470462e-04,2.240762955650264e-13,1.533217997007341e-13,4.471099885915832e-03,false
2,1.000000000000000e+13,1.407457621682785e+07,0,3,CONTINUE,1.185711579701175e-01,1.291267223851639e-02,0.000000000000000e+00,1.185711579701175e-02,3.140411765868515e-14,2.191290639365295e+01,9.352864678423277e-01,1.083904272462831e+02,3.469625139766094e+01,1,0,0,REACHED_FORCE,1,0,0,REACHED_FORCE,1,0,0,REACHED_FORCE,2.889797317349484e-14,1.171285290979540e-14,1.082385074859993e-03,7.062853295627956e-15,3.053113317719180e-15,1.284027662264911e-03,7.048023225492228e-14,4.798939023942239e-14,1.127299761127819e-02,false
2,3.162000000000000e+13,1.407457621682785e+07,1,5,CONTINUE,1.185711579701175e-01,1.018677947189789e-01,0.000000000000000e+00,1.185711579701175e-02,3.140411765868515e-14,2.191290639365295e+01,1.283529068922555e-01,1.083904272462831e+02,3.469625139766094e+01,1,0,0,REACHED_FORCE,1,1,1,REFINE_STALLED,1,1,1,REFINE_STALLED,9.211945506981764e-15,3.719247132494274e-15,6.177342862737360e-03,2.632073469947968e-15,1.165734175856414e-15,2.870345259481820e-02,2.252455276177433e-14,1.557087792036782e-14,4.615332376428195e-02,false
2,1.000000000000000e+14,1.407457621682785e+07,1,8,CONTINUE,1.185711579701175e-01,2.457660615746296e-02,5.331018588983174e-14,1.185711579701175e-02,3.140411765868515e-14,2.191290639365295e+01,8.615366162523587e-01,1.083904272462831e+02,3.469625139766094e+01,1,2,2,REFINE_STALLED,1,2,2,REFINE_STALLED,1,1,1,REFINE_STALLED,5.155369359468229e-16,2.775557561562891e-16,5.026661386432851e-02,2.638824038644201e-15,1.054711873393899e-15,5.526877932588922e-02,8.628322575962572e-16,6.175615574477433e-16,2.171569650450371e-01,false
2,3.162000000000000e+14,1.407457621682785e+07,1,8,CONTINUE,1.185711579701175e-01,4.579655151392124e-02,5.331018588983174e-14,1.185711579701175e-02,3.140411765868515e-14,2.191290639365295e+01,6.721903328903849e-01,1.083904272462831e+02,3.469625139766094e+01,1,2,2,REFINE_STALLED,1,2,2,REFINE_STALLED,1,1,1,REFINE_STALLED,3.062812363355181e-15,1.221245327087672e-15,1.391645152392928e-01,3.978062489081970e-15,1.554312234475219e-15,1.500387135967914e-01,4.172053350126068e-16,3.174543961037557e-16,2.233578155155133e-01,false
2,1.000000000000000e+15,1.407457621682785e+07,1,8,CONTINUE,1.185711579701175e-01,5.837996668517344e-02,5.331018588983174e-14,1.185711579701175e-02,3.140411765868515e-14,2.191290639365295e+01,5.612126910382267e-01,1.083904272462831e+02,3.469625139766094e+01,1,2,2,REFINE_STALLED,1,2,2,REFINE_STALLED,1,1,1,REFINE_STALLED,4.028958667357284e-15,1.609823385706477e-15,4.366394420680836e-01,4.334048907614863e-15,1.720845688168993e-15,4.305634424613791e-01,1.518862766616397e-16,1.129738663729896e-16,2.280130940863557e-01,false
2,3.162000000000000e+15,1.407457621682785e+07,1,8,CONTINUE,1.185711579701175e-01,6.303207857569999e-02,5.331018588983174e-14,1.185711579701175e-02,3.140411765868515e-14,2.191290639365295e+01,5.206186759119185e-01,1.083904272462831e+02,3.469625139766094e+01,1,2,2,REFINE_STALLED,1,2,2,REFINE_STALLED,1,1,1,REFINE_STALLED,4.302293284925709e-15,1.665334536937735e-15,1.384573639465005e+00,4.450422850480428e-15,1.720845688168993e-15,1.362879401322343e+00,4.990798124054094e-17,3.659182332138577e-17,2.291718965737999e-01,false
2,1.000000000000000e+16,1.407457621682785e+07,1,8,CONTINUE,1.185711579701175e-01,6.458781824786404e-02,5.331018588983174e-14,1.185711579701175e-02,3.140411765868515e-14,2.191290639365295e+01,5.069235169817455e-01,1.083904272462831e+02,3.469625139766094e+01,1,2,2,REFINE_STALLED,1,2,2,REFINE_STALLED,1,1,1,REFINE_STALLED,4.273277121917325e-15,1.720845688168993e-15,4.280789489168002e+00,4.287944495102060e-15,1.720845688168993e-15,4.015807641727041e+00,1.588017477944142e-17,1.176359357146772e-17,2.277977172640960e-01,false
2,3.162000000000000e+16,1.407457621682785e+07,1,8,CONTINUE,1.185711579701175e-01,6.509907747053097e-02,5.331018588983174e-14,1.185711579701175e-02,3.140411765868515e-14,2.191290639365295e+01,5.024942821197356e-01,1.083904272462831e+02,3.469625139766094e+01,1,2,2,REFINE_STALLED,1,2,2,REFINE_STALLED,1,1,1,REFINE_STALLED,4.406061034464155e-15,1.720845688168993e-15,1.405760736314833e+01,4.500770062452085e-15,1.831867990631508e-15,1.364390277363001e+01,5.073963782449123e-18,3.774378812965162e-18,2.298805356639340e-01,false
2,1.000000000000000e+17,1.407457621682785e+07,1,8,CONTINUE,1.185711579701175e-01,6.528206029879843e-02,5.331018588983174e-14,1.185711579701175e-02,3.140411765868515e-14,2.191290639365295e+01,5.010216075661240e-01,1.083904272462831e+02,3.469625139766094e+01,1,2,2,REFINE_STALLED,1,2,2,REFINE_STALLED,1,1,1,REFINE_STALLED,4.388278515310884e-15,1.720845688168993e-15,4.281738130059040e+01,4.507867791896586e-15,1.720845688168993e-15,4.119816169899003e+01,1.603768030817653e-18,1.194316455628563e-18,2.299965726336528e-01,false
2,3.162000000000000e+17,1.407457621682785e+07,1,8,CONTINUE,1.185711579701175e-01,6.532224912807043e-02,5.331018588983174e-14,1.185711579701175e-02,3.140411765868515e-14,2.191290639365295e+01,5.006145248512847e-01,1.083904272462831e+02,3.469625139766094e+01,1,2,2,REFINE_STALLED,1,2,2,REFINE_STALLED,1,1,1,REFINE_STALLED,4.459242255115697e-15,1.776356839400250e-15,1.404147783025261e+02,4.446093223178141e-15,1.831867990631508e-15,1.360885610532603e+02,5.071504112508094e-19,3.837059251061981e-19,2.286110270943885e-01,false
2,1.000000000000000e+18,1.407457621682785e+07,1,8,CONTINUE,1.185711579701175e-01,6.533510605574569e-02,5.331018588983174e-14,1.185711579701175e-02,3.140411765868515e-14,2.191290639365295e+01,5.005454035697993e-01,1.083904272462831e+02,3.469625139766094e+01,1,2,2,REFINE_STALLED,1,2,2,REFINE_STALLED,1,1,1,REFINE_STALLED,4.378084647253811e-15,1.776356839400250e-15,4.181781974465381e+02,4.378084647253811e-15,1.776356839400250e-15,4.181481608235018e+02,1.600511284232938e-19,1.213374696941785e-19,2.293554197070512e-01,false
3,1.000000000000000e+00,3.351498256005799e+07,0,7,CONTINUE,1.280904209291675e-02,2.122442421792308e-03,0.000000000000000e+00,1.280904209291675e-03,2.278214311353789e-14,2.191290639365295e+01,9.617317843828027e-01,7.804855148412097e+00,2.523094480517484e+00,2,0,0,REACHED_FORCE,2,0,0,REACHED_FORCE,3,0,0,REACHED_FORCE,6.481424937549005e-02,2.595423981256034e-04,2.896349116680284e-16,2.015073528939111e-02,1.083444961393343e-04,7.031735866381834e-16,2.254906547903466e-01,2.353333720446216e-04,1.601120732403531e-14,false
3,3.162000000000000e+00,3.351498256005799e+07,0,7,CONTINUE,1.280904209291675e-02,2.122351317704380e-03,0.000000000000000e+00,1.280904209291675e-03,2.278214311353789e-14,2.191290639365295e+01,9.617503412216817e-01,7.804855148412097e+00,2.523094480517484e+00,2,0,0,REACHED_FORCE,2,0,0,REACHED_FORCE,3,0,0,REACHED_FORCE,2.242269974562611e-02,4.254005581505460e-05,9.004725727880665e-16,6.970944720503467e-03,1.477975364871931e-05,2.152137340922925e-15,8.968398742562605e-02,7.544938497971998e-06,3.303258545715803e-14,false
3,1.000000000000000e+01,3.351498256005799e+07,0,6,CONTINUE,1.280904209291675e-02,2.122916806440702e-03,0.000000000000000e+00,1.280904209291675e-03,2.278214311353789e-14,2.191290639365295e+01,9.616876501360786e-01,7.804855148412097e+00,2.523094480517484e+00,2,0,0,REACHED_FORCE,2,0,0,REACHED_FORCE,2,0,0,REACHED_FORCE,7.307251810279720e-03,5.172302265432638e-06,3.071550616381380e-15,2.271813753222766e-03,1.673420724601637e-06,7.229034852531716e-15,3.096050679818025e-02,2.433429428336797e-04,5.968846768195184e-14,false
3,3.162000000000000e+01,3.351498256005799e+07,0,5,CONTINUE,1.280904209291675e-02,2.121797421863238e-03,0.000000000000000e+00,1.280904209291675e-03,2.278214311353789e-14,2.191290639365295e+01,9.618291624734844e-01,7.804855148412097e+00,2.523094480517484e+00,2,0,0,REACHED_FORCE,1,0,0,REACHED_FORCE,2,0,0,REACHED_FORCE,2.333568838623893e-03,5.503976392290388e-07,1.135376745698117e-14,7.255194105447818e-04,3.173854549204935e-04,2.193964725986700e-14,1.008724755771050e-02,2.501572382418438e-05,2.655233971686235e-13,false
3,1.000000000000000e+02,3.351498256005799e+07,0,4,CONTINUE,1.280904209291675e-02,2.123522126438227e-03,0.000000000000000e+00,1.280904209291675e-03,2.278214311353789e-14,2.191290639365295e+01,9.616509487024185e-01,7.804855148412097e+00,2.523094480517484e+00,1,0,0,REACHED_FORCE,1,0,0,REACHED_FORCE,2,0,0,REACHED_FORCE,7.401651615101375e-04,2.996766357527825e-04,2.801783712618645e-14,2.314457734348082e-04,1.012366142699173e-04,8.031804967378361e-14,3.220466513925402e-03,2.522959727802032e-06,9.906981883503525e-13,false
3,3.162000000000000e+02,3.351498256005799e+07,0,3,CONTINUE,1.280904209291675e-02,2.122705691294272e-03,0.000000000000000e+00,1.280904209291675e-03,2.278214311353789e-14,2.191290639365295e+01,9.617214937759693e-01,7.804855148412097e+00,2.523094480517484e+00,1,0,0,REACHED_FORCE,1,0,0,REACHED_FORCE,1,0,0,REACHED_FORCE,2.343113263934360e-04,9.483248215599871e-05,1.200457789269518e-13,7.298204283936269e-05,3.200267157327241e-05,2.490157855954350e-13,1.021620890754001e-03,6.733369011299173e-04,2.693064868486558e-12,true
3,1.000000000000000e+03,3.351498256005799e+07,0,3,CONTINUE,1.280904209291675e-02,2.122443808649591e-03,0.000000000000000e+00,1.280904209291675e-03,2.278214311353789e-14,2.191290639365295e+01,9.617442498311393e-01,7.804855148412097e+00,2.523094480517484e+00,1,0,0,REACHED_FORCE,1,0,0,REACHED_FORCE,1,0,0,REACHED_FORCE,7.411227311499797e-05,2.999578224319177e-05,4.021679398003649e-13,2.305546567244586e-05,1.011056874172800e-05,8.686561382815364e-13,3.233509814288226e-04,2.131331333246056e-04,8.611592503254075e-12,false
3,3.162000000000000e+03,3.351498256005799e+07,0,3,CONTINUE,1.280904209291675e-02,2.122360949538700e-03,0.000000000000000e+00,1.280904209291675e-03,2.278214311353789e-14,2.191290639365295e+01,9.617514514056080e-01,7.804855148412097e+00,2.523094480517484e+00,1,0,0,REACHED_FORCE,1,0,0,REACHED_FORCE,1,0,0,REACHED_FORCE,2.344072048275359e-05,9.487307622763064e-06,8.993826931885746e-13,7.289271098350181e-06,3.196654888848460e-06,2.164017896672926e-12,1.022930244258356e-04,6.742696296002659e-05,3.196753080529940e-11,false
3,1.000000000000000e+04,3.351498256005799e+07,0,3,CONTINUE,1.280904209291675e-02,2.123528568407258e-03,0.000000000000000e+00,1.280904209291675e-03,2.278214311353789e-14,2.191290639365295e+01,9.616191258087851e-01,7.804855148412097e+00,2.523094480517484e+00,1,0,0,REACHED_FORCE,1,0,0,REACHED_FORCE,1,0,0,REACHED_FORCE,7.412186260282247e-06,2.999984239804299e-06,4.188171331260145e-12,2.304652686786336e-06,1.010695397207773e-06,6.516365660288112e-12,3.234820475178350e-05,2.132264995524658e-05,1.300500465729380e-10,false
3,3.162000000000000e+04,3.351498256005799e+07,0,3,CONTINUE,1.280904209291675e-02,2.122500908880175e-03,0.000000000000000e+00,1.280904209291675e-03,2.278214311353789e-14,2.191290639365295e+01,9.617347792595244e-01,7.804855148412097e+00,2.523094480517484e+00,1,0,0,REACHED_FORCE,1,0,0,REACHED_FORCE,1,0,0,REACHED_FORCE,2.344167968696278e-06,9.487713727163172e-07,9.762487998006797e-12,7.288376803358623e-07,3.196293209550838e-07,1.898510125584006e-11,1.023061380279661e-05,6.743630486472085e-06,2.112601780882267e-10,false
3,1.000000000000000e+05,3.351498256005799e+07,0,3,CONTINUE,1.280904209291675e-02,2.122323767005399e-03,0.000000000000000e+00,1.280904209291675e-03,2.278214311353789e-14,2.191290639365295e+01,9.617546848704437e-01,7.804855148412097e+00,2.523094480517484e+00,1,0,0,REACHED_FORCE,1,0,0,REACHED_FORCE,1,0,0,REACHED_FORCE,7.412282152363171e-07,3.000024847710225e-07,3.241389371799733e-11,2.304563240900476e-07,1.010659230193944e-07,8.309824493133774e-11,3.234951682032017e-06,2.132358464801420e-06,9.214440975987743e-10,false
3,3.162000000000000e+05,3.351498256005799e+07,0,3,CONTINUE,1.280904209291675e-02,2.122322859164067e-03,0.000000000000000e+00,1.280904209291675e-03,2.278214311353789e-14,2.191290639365295e+01,9.617547679805858e-01,7.804855148412097e+00,2.523094480517484e+00,1,0,0,REACHED_FORCE,1,0,0,REACHED_FORCE,1,0,0,REACHED_FORCE,2.344177557144938e-07,9.487754334958076e-08,8.150065348319846e-11,7.288287409980400e-08,3.196256997961555e-08,2.570613162586819e-10,1.023074586581910e-06,6.743724526581119e-07,4.891734420821610e-09,false
3,1.000000000000000e+06,3.351498256005799e+07,0,3,CONTINUE,1.280904209291675e-02,2.122323670324812e-03,0.000000000000000e+00,1.280904209291675e-03,2.278214311353789e-14,2.191290639365295e+01,9.617546673321691e-01,7.804855148412097e+00,2.523094480517484e+00,1,0,0,REACHED_FORCE,1,0,0,REACHED_FORCE,1,0,0,REACHED_FORCE,7.412291681922743e-08,3.000028767075058e-08,3.387137463275538e-10,2.304554147161442e-08,1.010655320543563e-08,6.448335644014446e-10,3.234966076497608e-07,2.132369195662065e-07,1.065428122108459e-08,false
3,3.162000000000000e+06,3.351498256005799e+07,0,3,CONTINUE,1.280904209291675e-02,2.122325039702456e-03,0.000000000000000e+00,1.280904209291675e-03,2.278214311353789e-14,2.191290639365295e+01,9.617545092830764e-01,7.804855148412097e+00,2.523094480517484e+00,1,0,0,REACHED_FORCE,1,0,0,REACHED_FORCE,1,0,0,REACHED_FORCE,2.344178549314824e-08,9.487756802428748e-09,8.787611325843237e-10,7.288277970577725e-09,3.196250542014667e-09,2.448135015466152e-09,1.023074600066166e-07,6.743718339308202e-08,5.235544928091341e-08,false
3,1.000000000000000e+07,3.351498256005799e+07,0,3,CONTINUE,1.280904209291675e-02,2.122321414858479e-03,0.000000000000000e+00,1.280904209291675e-03,2.278214311353789e-14,2.191290639365295e+01,9.617549584250434e-01,7.804855148412097e+00,2.523094480517484e+00,1,0,0,REACHED_FORCE,1,0,0,REACHED_FORCE,1,0,0,REACHED_FORCE,7.412292316454049e-09,3.000029474842236e-09,3.007887738981722e-09,2.304552511654437e-09,1.010654726574245e-09,7.633606781039629e-09,3.234975048308652e-08,2.132381415886897e-08,7.238151693329557e-08,false
3,3.162000000000000e+07,3.351498256005799e+07,0,3,CONTINUE,1.280904209291675e-02,2.122332775664754e-03,0.000000000000000e+00,1.280904209291675e-03,2.278214311353789e-14,2.191290639365295e+01,9.617537286656126e-01,7.804855148412097e+00,2.523094480517484e+00,1,0,0,REACHED_FORCE,1,0,0,REACHED_FORCE,1,0,0,REACHED_FORCE,2.344179455723885e-09,9.487750862735567e-10,1.150754042270557e-08,7.288281991110683e-10,3.196236053604196e-10,2.264659147754344e-08,1.023084343046933e-08,6.743918534724003e-09,4.989134578961116e-07,false
3,1.000000000000000e+08,3.351498256005799e+07,0,3,CONTINUE,1.280904209291675e-02,2.122240213708573e-03,0.000000000000000e+00,1.280904209291675e-03,2.278214311353789e-14,2.191290639365295e+01,9.617640825750933e-01,7.804855148412097e+00,2.523094480517484e+00,1,0,0,REACHED_FORCE,1,0,0,REACHED_FORCE,1,0,0,REACHED_FORCE,7.412304798767011e-10,3.000024950683411e-10,3.084180695077467e-08,2.304572301999866e-10,1.010643235765940e-10,8.495366585408400e-08,3.234994136158262e-09,2.132425014345074e-09,1.460615745308703e-06,false
3,3.162000000000000e+08,3.351498256005799e+07,0,3,CONTINUE,1.280904209291675e-02,2.122055749517843e-03,0.000000000000000e+00,1.280904209291675e-03,2.278214311353789e-14,2.191290639365295e+01,9.617864335662862e-01,7.804855148412097e+00,2.523094480517484e+00,1,0,0,REACHED_FORCE,1,0,0,REACHED_FORCE,1,0,0,REACHED_FORCE,2.344178122668331e-10,9.487799434992894e-11,1.039514161791605e-07,7.288292532470790e-11,3.196259923399225e-11,1.825535216129643e-07,1.023187009662410e-09,6.745778380334855e-10,2.760241295559476e-06,false
3,1.000000000000000e+09,3.351498256005799e+07,0,3,CONTINUE,1.280904209291675e-02,2.121620685102756e-03,0.000000000000000e+00,1.280904209291675e-03,2.278214311353789e-14,2.191290639365295e+01,9.618394817995541e-01,7.804855148412097e+00,2.523094480517484e+00,1,0,0,REACHED_FORCE,1,0,0,REACHED_FORCE,1,0,0,REACHED_FORCE,7.412370123798615e-11,3.000025228239167e-11,3.916096377600059e-07,2.304557805715364e-11,1.010530548128941e-11,7.497721368038907e-07,3.236240586978886e-10,2.134937782116708e-10,1.201729101708364e-05,false
3,3.162000000000000e+09,3.351498256005799e+07,0,3,CONTINUE,1.280904209291675e-02,2.122808070683275e-03,0.000000000000000e+00,1.280904209291675e-03,2.278214311353789e-14,2.191290639365295e+01,9.617010910822777e-01,7.804855148412097e+00,2.523094480517484e+00,1,0,0,REACHED_FORCE,1,0,0,REACHED_FORCE,1,0,0,REACHED_FORCE,2.344196603578295e-11,9.487771679417278e-12,8.824704491626520e-07,7.288642782795420e-12,3.195277376022432e-12,2.000451315461978e-06,1.022755801031478e-10,6.747169489784710e-11,3.523238922593764e-05,false
3,1.000000000000000e+10,3.351498256005799e+07,0,3,CONTINUE,1.280904209291675e-02,2.131772524237899e-03,0.000000000000000e+00,1.280904209291675e-03,2.278214311353789e-14,2.191290639365295e+01,9.607108880738512e-01,7.804855148412097e+00,2.523094480517484e+00,1,0,0,REACHED_FORCE,1,0,0,REACHED_FORCE,1,0,0,REACHED_FORCE,7.411614149144036e-12,2.999905879264020e-12,3.275764548702287e-06,2.303251140242229e-12,1.010469485862586e-12,6.203207790109644e-06,3.245384950787586e-11,2.146027799909689e-11,1.142830687560192e-04,false
3,3.162000000000000e+10,3.351498256005799e+07,0,3,CONTINUE,1.280904209291675e-02,2.132160476631287e-03,0.000000000000000e+00,1.280904209291675e-03,2.278214311353789e-14,2.191290639365295e+01,9.608525688047800e-01,7.804855148412097e+00,2.523094480517484e+00,1,0,0,REACHED_FORCE,1,0,0,REACHED_FORCE,1,0,0,REACHED_FORCE,2.344092697779148e-12,9.480194407274212e-13,8.923956004405204e-06,7.286608154488161e-13,3.178013407989511e-13,2.047471245365863e-05,1.032097558861897e-11,6.830869203611201e-12,3.413996751247325e-04,false
3,1.000000000000000e+11,3.351498256005799e+07,0,4,CONTINUE,1.280904209291675e-02,2.234258313803157e-03,0.000000000000000e+00,1.280904209291675e-03,2.278214311353789e-14,2.191290639365295e+01,9.500424214834123e-01,7.804855148412097e+00,2.523094480517484e+00,1,0,0,REACHED_FORCE,1,0,0,REACHED_FORCE,1,1,1,REACHED_FORCE,7.428041782135592e-13,2.990385716827859e-13,2.983446097121733e-05,2.337713895849377e-13,9.967027203572343e-14,7.231985300442517e-05,3.467193198637045e-12,2.417066546911428e-12,1.465149185259397e-03,false
3,3.162000000000000e+11,3.351498256005799e+07,0,4,CONTINUE,1.280904209291675e-02,2.369948408176274e-03,0.000000000000000e+00,1.280904209291675e-03,2.278214311353789e-14,2.191290639365295e+01,9.367556716829722e-01,7.804855148412097e+00,2.523094480517484e+00,1,0,0,REACHED_FORCE,1,0,0,REACHED_FORCE,1,1,1,REACHED_FORCE,2.343071933276862e-13,9.484080187860400e-14,1.142705600448095e-04,7.313215488275469e-14,3.094746681142624e-14,2.337663837634935e-04,1.286059573394830e-12,9.046097204645775e-13,3.041152666142849e-03,false
3,1.000000000000000e+12,3.351498256005799e+07,1,4,CONTINUE,1.280904209291675e-02,3.876184102904284e-03,0.000000000000000e+00,1.280904209291675e-03,2.278214311353789e-14,2.191290639365295e+01,7.855720413331495e-01,7.804855148412097e+00,2.523094480517484e+00,1,0,0,REACHED_FORCE,1,0,0,REACHED_FORCE,1,1,1,REFINE_STALLED,7.686258600105718e-14,3.141931159689193e-14,3.728982632424820e-04,3.366202115126064e-14,1.507127755928650e-14,9.189315727252255e-04,3.019882851808792e-13,1.880717803715015e-13,1.237111836392755e-02,false
3,3.162000000000000e+12,3.351498256005799e+07,1,8,CONTINUE,1.280904209291675e-02,8.747395647885030e-03,5.331018588983174e-14,1.280904209291675e-03,2.278214311353789e-14,2.191290639365295e+01,4.353627072259838e-01,7.804855148412097e+00,2.523094480517484e+00,1,2,2,REFINE_STALLED,1,2,2,REFINE_STALLED,1,1,1,REFINE_STALLED,2.487961352357473e-14,1.032160468206200e-14,2.742859693697138e-03,5.764114931585150e-15,2.674943599956237e-15,2.417294854786063e-03,1.319944801889853e-13,8.326672684688674e-14,1.729971741856722e-01,false
3,1.000000000000000e+13,3.351498256005799e+07,1,9,CONTINUE,1.280904209291675e-02,9.656365836590212e-03,5.331018588983174e-14,1.280904209291675e-03,2.278214311353789e-14,2.191290639365295e+01,3.675796595849399e-01,7.804855148412097e+00,2.523094480517484e+00,1,2,2,REFINE_STALLED,1,3,3,REFINE_STALLED,1,1,1,REFINE_STALLED,1.013100019273573e-14,4.170275236248244e-15,4.936370976942630e-03,2.945584981166301e-15,1.273287031366976e-15,4.391037705717855e-03,5.768081698030665e-14,3.842412499288628e-14,2.081531069521974e-01,false
3,3.162000000000000e+13,3.351498256005799e+07,1,8,CONTINUE,1.280904209291675e-02,1.065054491749153e-02,5.331018588983174e-14,1.280904209291675e-03,2.278214311353789e-14,2.191290639365295e+01,2.747050211781938e-01,7.804855148412097e+00,2.523094480517484e+00,1,2,2,REFINE_STALLED,1,2,2,REFINE_STALLED,1,1,1,REFINE_STALLED,4.018582410026313e-15,1.630640067418199e-15,8.886254374087183e-03,5.440259873739216e-16,2.463307335887066e-16,7.768407464409357e-03,2.249574501669912e-14,1.544944727704944e-14,2.219097139925585e-01,false
3,1.000000000000000e+14,3.351498256005799e+07,1,6,CONTINUE,1.280904209291675e-02,1.126528055855315e-02,5.331018588983174e-14,1.280904209291675e-03,2.278214311353789e-14,2.191290639365295e+01,2.133974728556261e-01,7.804855148412097e+00,2.523094480517484e+00,1,1,1,REFINE_STALLED,1,1,1,REFINE_STALLED,1,1,1,REFINE_STALLED,1.312790887905491e-15,5.342948306008566e-16,1.482828057124155e-02,5.310669711186420e-16,2.081668171172169e-16,1.237570227596308e-02,7.979503650768575e-15,5.492134524942571e-15,2.263027930633323e-01,false
3,3.162000000000000e+14,3.351498256005799e+07,1,6,CONTINUE,1.280904209291675e-02,1.152804199951751e-02,5.331018588983174e-14,1.280904209291675e-03,2.278214311353789e-14,2.191290639365295e+01,1.825633764324534e-01,7.804855148412097e+00,2.523094480517484e+00,1,1,1,REFINE_STALLED,1,1,1,REFINE_STALLED,1,1,1,REFINE_STALLED,2.574998191583963e-16,1.075528555105620e-16,2.027382050521858e-02,4.191538499300555e-16,1.630640067418199e-16,1.600630371761673e-02,2.661360461701582e-15,1.848347863653288e-15,2.291107008071132e-01,false
3,1.000000000000000e+15,3.351498256005799e+07,1,6,CONTINUE,1.280904209291675e-02,1.174999298437479e-02,5.331018588983174e-14,1.280904209291675e-03,2.278214311353789e-14,2.191290639365295e+01,1.532042160477422e-01,7.804855148412097e+00,2.523094480517484e+00,1,1,1,REFINE_STALLED,1,1,1,REFINE_STALLED,1,1,1,REFINE_STALLED,1.062721674028919e-16,4.857225732735060e-17,3.423038515573318e-02,3.347027460106011e-16,1.353084311261910e-16,3.204914662916221e-02,8.529518493433548e-16,5.885049392251318e-16,2.294621740517798e-01,false
3,3.162000000000000e+15,3.351498256005799e+07,1,8,CONTINUE,1.280904209291675e-02,1.180969941497425e-02,5.331018588983174e-14,1.280904209291675e-03,2.278214311353789e-14,2.191290639365295e+01,1.451607740424164e-01,7.804855148412097e+00,2.523094480517484e+00,1,2,2,REFINE_STALLED,1,2,2,REFINE_STALLED,1,1,1,REFINE_STALLED,2.238465556469147e-16,9.367506770274758e-17,9.087054600220172e-02,3.003928035516467e-16,1.179611963664229e-16,9.347296989031981e-02,2.714272327167781e-16,1.875669758399923e-16,2.289932083144546e-01,false
3,1.000000000000000e+16,3.351498256005799e+07,1,8,CONTINUE,1.280904209291675e-02,1.183770700103028e-02,5.331018588983174e-14,1.280904209291675e-03,2.278214311353789e-14,2.191290639365295e+01,1.414451108633680e-01,7.804855148412097e+00,2.523094480517484e+00,1,2,2,REFINE_STALLED,1,2,2,REFINE_STALLED,1,1,1,REFINE_STALLED,2.589158326413553e-16,1.006139616066548e-16,2.718921486292277e-01,2.893402275351332e-16,1.110223024625157e-16,2.662395571892848e-01,8.590795755694636e-17,5.984795992119984e-17,2.298030857312627e-01,false
3,3.162000000000000e+16,3.351498256005799e+07,1,8,CONTINUE,1.280904209291675e-02,1.184919473835014e-02,5.331018588983174e-14,1.280904209291675e-03,2.278214311353789e-14,2.191290639365295e+01,1.398982903094486e-01,7.804855148412097e+00,2.523094480517484e+00,1,2,2,REFINE_STALLED,1,2,2,REFINE_STALLED,1,1,1,REFINE_STALLED,2.726166374133842e-16,1.040834085586084e-16,8.367140142578724e-01,2.909530011057341e-16,1.179611963664229e-16,8.759975495871050e-01,2.719533473364065e-17,1.884478901051367e-17,2.288336900079742e-01,false
3,1.000000000000000e+17,3.351498256005799e+07,1,8,CONTINUE,1.280904209291675e-02,1.185338407176883e-02,5.331018588983174e-14,1.280904209291675e-03,2.278214311353789e-14,2.191290639365295e+01,1.393246859160428e-01,7.804855148412097e+00,2.523094480517484e+00,1,2,2,REFINE_STALLED,1,2,2,REFINE_STALLED,1,1,1,REFINE_STALLED,2.785838441613752e-16,1.110223024625157e-16,2.655269413652726e+00,2.766815968290167e-16,1.110223024625157e-16,2.713151927829549e+00,8.658682317742794e-18,6.037650848028653e-18,2.299037148969699e-01,false
3,3.162000000000000e+17,3.351498256005799e+07,1,8,CONTINUE,1.280904209291675e-02,1.185609552205750e-02,5.331018588983174e-14,1.280904209291675e-03,2.278214311353789e-14,2.191290639365295e+01,1.389359042784267e-01,7.804855148412097e+00,2.523094480517484e+00,1,2,2,REFINE_STALLED,1,2,2,REFINE_STALLED,1,1,1,REFINE_STALLED,2.772737202973047e-16,1.075528555105620e-16,8.284856470457973e+00,2.783839352455876e-16,1.110223024625157e-16,8.329078426558794e+00,2.731518458847687e-18,1.899047867744141e-18,2.284283799359038e-01,false
3,1.000000000000000e+18,3.351498256005799e+07,1,8,CONTINUE,1.280904209291675e-02,1.184862162334151e-02,5.331018588983174e-14,1.280904209291675e-03,2.278214311353789e-14,2.191290639365295e+01,1.400271331188868e-01,7.804855148412097e+00,2.523094480517484e+00,1,2,2,REFINE_STALLED,1,2,2,REFINE_STALLED,1,1,1,REFINE_STALLED,2.793228018018754e-16,1.110223024625157e-16,2.596880737690941e+01,2.820939876878805e-16,1.144917494144693e-16,2.815828655028822e+01,8.624155122265560e-19,6.020286672609940e-19,2.293642237855475e-01,false
4,1.000000000000000e+00,8.814243821531191e+06,0,9,CONTINUE,2.122705691294272e-03,3.224845607974929e-04,0.000000000000000e+00,2.122705691294272e-04,2.222611691346710e-14,2.191290639365295e+01,9.900000000000000e-01,3.354622028932743e-01,1.114194272320387e-01,3,0,0,REACHED_FORCE,2,0,0,REACHED_FORCE,4,0,0,REACHED_FORCE,5.135936493847615e-03,1.331727463316223e-05,2.816443027289581e-16,7.800091121778037e-04,2.992600354974340e-05,4.046478894067759e-16,5.245687055278204e-01,4.668761272341726e-05,1.440124759705227e-14,false
4,3.162000000000000e+00,8.814243821531191e+06,0,7,CONTINUE,2.122705691294272e-03,3.224844711608141e-04,0.000000000000000e+00,2.122705691294272e-04,2.222611691346710e-14,2.191290639365295e+01,9.900000000000000e-01,3.354622028932743e-01,1.114194272320387e-01,2,0,0,REACHED_FORCE,2,0,0,REACHED_FORCE,3,0,0,REACHED_FORCE,1.752875745376874e-03,2.077482573498157e-05,9.441742982202656e-16,2.716633518273559e-04,4.264281441054840e-06,1.222267219198526e-15,1.800090486569316e-01,1.485116264277053e-05,1.732569208936029e-13,false
4,1.000000000000000e+01,8.814243821531191e+06,0,6,CONTINUE,2.122705691294272e-03,3.224849098325008e-04,0.000000000000000e+00,2.122705691294272e-04,2.222611691346710e-14,2.191290639365295e+01,9.900000000000000e-01,3.354622028932743e-01,1.114194272320387e-01,2,0,0,REACHED_FORCE,1,0,0,REACHED_FORCE,3,0,0,REACHED_FORCE,5.693500830746235e-04,2.369557639714248e-06,3.106571186422984e-15,8.828967633405115e-05,4.002234293962181e-05,3.549606059822547e-15,5.864160771331572e-02,5.881082145720029e-07,2.069966259171222e-13,false
4,3.162000000000000e+01,8.814243821531191e+06,0,4,CONTINUE,2.122705691294272e-03,3.224828526766305e-04,0.000000000000000e+00,2.122705691294272e-04,2.222611691346710e-14,2.191290639365295e+01,9.900000000000000e-01,3.354622028932743e-01,1.114194272320387e-01,1,0,0,REACHED_FORCE,1,0,0,REACHED_FORCE,2,0,0,REACHED_FORCE,1.816620322032343e-04,7.962904371688895e-05,9.899772578549609e-15,2.904921200576841e-05,1.300828165612389e-05,1.037358609378855e-14,1.873176202612906e-02,4.857044827166757e-05,6.859059793703456e-13,false
4,1.000000000000000e+02,8.814243821531191e+06,0,4,CONTINUE,2.122705691294272e-03,3.224840686160658e-04,0.000000000000000e+00,2.122705691294272e-04,2.222611691346710e-14,2.191290639365295e+01,9.900000000000000e-01,3.354622028932743e-01,1.114194272320387e-01,1,0,0,REACHED_FORCE,1,0,0,REACHED_FORCE,2,0,0,REACHED_FORCE,5.760499522536979e-05,2.523427969056136e-05,3.409414032095084e-14,9.036273217623015e-06,4.065924135515653e-06,4.000761019620841e-14,5.942080162845799e-03,4.923583099003537e-06,3.156897422614152e-12,false
4,3.162000000000000e+02,8.814243821531191e+06,0,4,CONTINUE,2.122705691294272e-03,3.224844554444486e-04,0.000000000000000e+00,2.122705691294272e-04,2.222611691346710e-14,2.191290639365295e+01,9.900000000000000e-01,3.354622028932743e-01,1.114194272320387e-01,1,0,0,REACHED_FORCE,1,0,0,REACHED_FORCE,2,0,0,REACHED_FORCE,1.823434982355359e-05,7.986053692121686e-06,8.585129974035709e-14,2.842686707755912e-06,1.281112776169158e-06,1.098956339349780e-13,1.881141516224146e-03,4.946005127681730e-07,9.080576928508015e-12,false
4,1.000000000000000e+03,8.814243821531191e+06,0,4,CONTINUE,2.122705691294272e-03,3.224845780822762e-04,0.000000000000000e+00,2.122705691294272e-04,2.222611691346710e-14,2.191290639365295e+01,9.900000000000000e-01,3.354622028932743e-01,1.114194272320387e-01,1,0,0,REACHED_FORCE,1,0,0,REACHED_FORCE,2,0,0,REACHED_FORCE,5.767350081380677e-06,2.525748036219522e-06,3.087638375712042e-13,8.973433466770983e-07,4.046110718136653e-07,4.305097911865560e-13,5.950100612467034e-04,4.951980081546736e-08,2.845488910513000e-11,false
4,3.162000000000000e+03,8.814243821531191e+06,0,3,CONTINUE,2.122705691294272e-03,3.224846179116881e-04,0.000000000000000e+00,2.122705691294272e-04,2.222611691346710e-14,2.191290639365295e+01,9.900000000000000e-01,3.354622028932743e-01,1.114194272320387e-01,1,0,0,REACHED_FORCE,1,0,0,REACHED_FORCE,1,0,0,REACHED_FORCE,1.824121344442466e-06,7.959577311977828e-07,1.140654000330161e-12,2.836381912089404e-07,2.088268123978665e-07,1.184973962135461e-12,1.881945512055458e-04,1.268618002847610e-04,1.148546658214568e-10,true
4,1.000000000000000e+04,8.814243821531191e+06,0,3,CONTINUE,2.122705691294272e-03,3.224846293986423e-04,0.000000000000000e+00,2.122705691294272e-04,2.222611691346710e-14,2.191290639365295e+01,9.900000000000000e-01,3.354622028932743e-01,1.114194272320387e-01,1,0,0,REACHED_FORCE,1,0,0,REACHED_FORCE,1,0,0,REACHED_FORCE,5.768036697938987e-07,2.516874065550123e-07,3.101589682971179e-12,8.967123668286332e-08,6.602922524023835e-08,4.535262075282854e-12,5.950905045247319e-05,4.011448802132556e-05,2.779616050866465e-10,false
4,3.162000000000000e+04,8.814243821531191e+06,0,3,CONTINUE,2.122705691294272e-03,3.224846303272684e-04,0.000000000000000e+00,2.122705691294272e-04,2.222611691346710e-14,2.191290639365295e+01,9.900000000000000e-01,3.354622028932743e-01,1.114194272320387e-01,1,0,0,REACHED_FORCE,1,0,0,REACHED_FORCE,1,0,0,REACHED_FORCE,1.824190016821769e-07,7.959809197877199e-08,7.690368664324469e-12,2.835750926176122e-08,2.088192738169958e-08,9.710275188910066e-12,1.882025991673351e-05,1.268650755958944e-05,8.775466136909092e-10,false
4,1.000000000000000e+05,8.814243821531191e+06,0,3,CONTINUE,2.122705691294272e-03,3.224846260461206e-04,0.000000000000000e+00,2.122705691294272e-04,2.222611691346710e-14,2.191290639365295e+01,9.900000000000000e-01,3.354622028932743e-01,1.114194272320387e-01,1,0,0,REACHED_FORCE,1,0,0,REACHED_FORCE,1,0,0,REACHED_FORCE,5.768105445516020e-08,2.516897237847537e-08,2.714566235778592e-11,8.966494619758345e-09,6.602848337533551e-09,3.862261563172099e-11,5.950985513767666e-06,4.011481576693399e-06,2.464533173453784e-09,false
4,3.162000000000000e+05,8.814243821531191e+06,0,3,CONTINUE,2.122705691294272e-03,3.224846426385232e-04,0.000000000000000e+00,2.122705691294272e-04,2.222611691346710e-14,2.191290639365295e+01,9.900000000000000e-01,3.354622028932743e-01,1.114194272320387e-01,1,0,0,REACHED_FORCE,1,0,0,REACHED_FORCE,1,0,0,REACHED_FORCE,1.824196973164585e-08,7.959832765136454e-09,9.564333533317919e-11,2.835689157763380e-09,2.088185610538140e-09,1.096919122749319e-10,1.882034111623836e-06,1.268654114872092e-06,1.009439714379600e-08,false
4,1.000000000000000e+06,8.814243821531191e+06,0,3,CONTINUE,2.122705691294272e-03,3.224846850689915e-04,0.000000000000000e+00,2.122705691294272e-04,2.222611691346710e-14,2.191290639365295e+01,9.900000000000000e-01,3.354622028932743e-01,1.114194272320387e-01,1,0,0,REACHED_FORCE,1,0,0,REACHED_FORCE,1,0,0,REACHED_FORCE,5.768111866704887e-09,2.516899133553352e-09,3.047290500231587e-10,8.966419802200159e-10,6.602833141355902e-10,4.035777527276320e-10,5.950994481119973e-07,4.011485070787302e-07,2.412137198607556e-08,false
4,3.162000000000000e+06,8.814243821531191e+06,0,3,CONTINUE,2.122705691294272e-03,3.224842254497179e-04,0.000000000000000e+00,2.122705691294272e-04,2.222611691346710e-14,2.191290639365295e+01,9.900000000000000e-01,3.354622028932743e-01,1.114194272320387e-01,1,0,0,REACHED_FORCE,1,0,0,REACHED_FORCE,1,0,0,REACHED_FORCE,1.824196774067086e-09,7.959833625559298e-10,7.521205320552412e-10,2.835690910147579e-10,2.088196976446355e-10,1.045637760785107e-09,1.882034814580071e-07,1.268654536978886e-07,1.323116105531111e-07,false
4,1.000000000000000e+07,8.814243821531191e+06,0,3,CONTINUE,2.122705691294272e-03,3.224832907568630e-04,0.000000000000000e+00,2.122705691294272e-04,2.222611691346710e-14,2.191290639365295e+01,9.900000000000000e-01,3.354622028932743e-01,1.114194272320387e-01,1,0,0,REACHED_FORCE,1,0,0,REACHED_FORCE,1,0,0,REACHED_FORCE,5.768101015230805e-10,2.516902519733577e-10,3.490264837271074e-09,8.966479454821304e-11,6.603018132267380e-11,4.174921331336536e-09,5.950995850305217e-08,4.011489895816567e-08,2.511301139097557e-07,false
4,3.162000000000000e+07,8.814243821531191e+06,0,3,CONTINUE,2.122705691294272e-03,3.224835859647991e-04,0.000000000000000e+00,2.122705691294272e-04,2.222611691346710e-14,2.191290639365295e+01,9.900000000000000e-01,3.354622028932743e-01,1.114194272320387e-01,1,0,0,REACHED_FORCE,1,0,0,REACHED_FORCE,1,0,0,REACHED_FORCE,1.824189882124732e-10,7.959882752928138e-11,9.656957039618662e-09,2.835764923389100e-11,2.088229589247703e-11,1.119437190105249e-08,1.882036745318524e-08,1.268657423558750e-08,5.398943135304016e-07,false
4,1.000000000000000e+08,8.814243821531191e+06,0,3,CONTINUE,2.122705691294272e-03,3.224892773963443e-04,0.000000000000000e+00,2.122705691294272e-04,2.222611691346710e-14,2.191290639365295e+01,9.900000000000000e-01,3.354622028932743e-01,1.114194272320387e-01,1,0,0,REACHED_FORCE,1,0,0,REACHED_FORCE,1,0,0,REACHED_FORCE,5.768177909655085e-11,2.516895025728161e-11,2.695976450532650e-08,8.966840297354372e-12,6.602760005414154e-12,3.703454598765632e-08,5.951113630154769e-09,4.011502685585810e-09,1.818017715251448e-06,false
4,3.162000000000000e+08,8.814243821531191e+06,0,3,CONTINUE,2.122705691294272e-03,3.224789984940736e-04,0.000000000000000e+00,2.122705691294272e-04,2.222611691346710e-14,2.191290639365295e+01,9.900000000000000e-01,3.354622028932743e-01,1.114194272320387e-01,1,0,0,REACHED_FORCE,1,0,0,REACHED_FORCE,1,0,0,REACHED_FORCE,1.824167086858893e-11,7.959549686020750e-12,9.754374321398339e-08,2.835694173497497e-12,2.087982564624724e-12,1.215424766551761e-07,1.882014754332153e-09,1.268655847042055e-09,7.227609725613861e-06,false
4,1.000000000000000e+09,8.814243821531191e+06,0,3,CONTINUE,2.122705691294272e-03,3.224073721247670e-04,0.000000000000000e+00,2.122705691294272e-04,2.222611691346710e-14,2.191290639365295e+01,9.900000000000000e-01,3.354622028932743e-01,1.114194272320387e-01,1,0,0,REACHED_FORCE,1,0,0,REACHED_FORCE,1,0,0,REACHED_FORCE,5.768069093872105e-12,2.516875596825230e-12,3.205634121160738e-07,8.974375404651821e-13,6.610129110740104e-13,4.509340772484230e-07,5.950191116635720e-10,4.011142529236622e-10,3.046995128117945e-05,false
4,3.162000000000000e+09,8.814243821531191e+06,0,3,CONTINUE,2.122705691294272e-03,3.223606738463166e-04,0.000000000000000e+00,2.122705691294272e-04,2.222611691346710e-14,2.191290639365295e+01,9.900000000000000e-01,3.354622028932743e-01,1.114194272320387e-01,1,0,0,REACHED_FORCE,1,0,0,REACHED_FORCE,1,0,0,REACHED_FORCE,1.823793152464316e-12,7.953637748414621e-13,8.642638595867921e-07,2.841854036794549e-13,2.094435735955358e-13,1.179783399723682e-06,1.882048404160370e-10,1.269238047996168e-10,7.050837083549103e-05,false
4,1.000000000000000e+10,8.814243821531191e+06,0,4,CONTINUE,2.122705691294272e-03,3.226064512582944e-04,0.000000000000000e+00,2.122705691294272e-04,2.222611691346710e-14,2.191290639365295e+01,9.897150142233339e-01,3.354622028932743e-01,1.114194272320387e-01,1,0,0,REACHED_FORCE,1,0,0,REACHED_FORCE,1,1,1,REACHED_FORCE,5.753272821483412e-13,2.517430708337542e-13,2.604292996153655e-06,8.880012244160055e-14,3.982925100842749e-14,3.391789120958348e-06,5.956633862498616e-11,4.016476040646921e-11,2.650745588890158e-04,false
4,3.162000000000000e+10,8.814243821531191e+06,0,4,CONTINUE,2.122705691294272e-03,3.186556194857102e-04,0.000000000000000e+00,2.122705691294272e-04,2.222611691346710e-14,2.191290639365295e+01,9.900000000000000e-01,3.354622028932743e-01,1.114194272320387e-01,1,0,0,REACHED_FORCE,1,0,0,REACHED_FORCE,1,1,1,REACHED_FORCE,1.822523979256304e-13,7.938094626069869e-14,7.270938818969234e-06,2.979822814912298e-14,1.282307593442056e-14,1.247885770043726e-05,1.882099527135603e-11,1.270406002618074e-11,5.144850371206148e-04,false
4,1.000000000000000e+11,8.814243821531191e+06,1,6,CONTINUE,2.122705691294272e-03,2.041737428431322e-03,0.000000000000000e+00,2.122705691294272e-04,2.222611691346710e-14,2.191290639365295e+01,3.036569464556781e-02,3.354622028932743e-01,1.114194272320387e-01,1,1,1,REACHED_FORCE,1,1,1,REFINE_STALLED,1,1,1,REFINE_STALLED,5.619377449809480e-14,2.509104035652854e-14,5.520327258473195e-05,3.862622050182114e-14,3.280709037767338e-14,3.850954520534929e-04,5.924375396360243e-12,4.000799691539214e-12,2.846575769226475e-03,false
4,3.162000000000000e+11,8.814243821531191e+06,1,10,CONTINUE,2.122705691294272e-03,5.425458114795598e-04,5.331018588983174e-14,2.122705691294272e-04,2.222611691346710e-14,2.191290639365295e+01,9.900000000000000e-01,3.354622028932743e-01,1.114194272320387e-01,1,4,4,REFINE_STALLED,1,1,1,REFINE_STALLED,1,2,2,REFINE_STALLED,1.384265018266961e-14,6.258882301324320e-15,4.752557211077146e-04,1.001182643508516e-14,5.263151026113633e-15,5.861845852426794e-04,1.618838886574768e-12,8.193445921733655e-13,6.759828585731346e-02,false
4,1.000000000000000e+12,8.814243821531191e+06,1,8,CONTINUE,2.122705691294272e-03,7.871327825443648e-04,5.331018588983174e-14,2.122705691294272e-04,2.222611691346710e-14,2.191290639365295e+01,9.900000000000000e-01,3.354622028932743e-01,1.114194272320387e-01,1,2,2,REFINE_STALLED,1,2,2,REFINE_STALLED,1,1,1,REFINE_STALLED,3.622982089877554e-15,1.613292832658431e-15,9.586329204189669e-04,2.132631857687090e-15,1.061650767297806e-15,1.038726851642008e-03,4.917061034330020e-13,2.591260539475115e-13,1.331513499431154e-01,false
4,3.162000000000000e+12,8.814243821531191e+06,1,8,CONTINUE,2.122705691294272e-03,1.235704803377443e-03,5.331018588983174e-14,2.122705691294272e-04,2.222611691346710e-14,2.191290639365295e+01,8.841020122837264e-01,3.354622028932743e-01,1.114194272320387e-01,1,2,2,REFINE_STALLED,1,2,2,REFINE_STALLED,1,1,1,REFINE_STALLED,1.303300865318481e-15,6.158268339717665e-16,1.506152150193966e-03,4.374979351772983e-16,1.413799632921098e-16,1.334257206876091e-03,1.713811811660122e-13,8.781864124784988e-14,1.867118885312375e-01,false
4,1.000000000000000e+13,8.814243821531191e+06,1,8,CONTINUE,2.122705691294272e-03,1.483176565203494e-03,5.331018588983174e-14,2.122705691294272e-04,2.222611691346710e-14,2.191290639365295e+01,7.814780682430676e-01,3.354622028932743e-01,1.114194272320387e-01,1,2,2,REFINE_STALLED,1,2,2,REFINE_STALLED,1,1,1,REFINE_STALLED,5.298155126773241e-16,2.567390744445674e-16,1.880656324004779e-03,3.046660786060886e-16,1.185032974526656e-16,1.370784209907661e-03,6.302277051244382e-14,3.773717449639946e-14,2.135372506917916e-01,false
4,3.162000000000000e+13,8.814243821531191e+06,1,8,CONTINUE,2.122705691294272e-03,1.551514213130295e-03,5.331018588983174e-14,2.122705691294272e-04,2.222611691346710e-14,2.191290639365295e+01,7.561778335203122e-01,3.354622028932743e-01,1.114194272320387e-01,1,2,2,REFINE_STALLED,1,2,2,REFINE_STALLED,1,1,1,REFINE_STALLED,2.006021026167727e-16,1.012644829101461e-16,2.024298221969752e-03,1.750179008184602e-16,7.058156142880634e-17,1.365388856056793e-03,2.279776575291473e-14,1.465147447810011e-14,2.238770328786421e-01,false
4,1.000000000000000e+14,8.814243821531191e+06,1,8,CONTINUE,2.122705691294272e-03,1.633348994076486e-03,5.331018588983174e-14,2.122705691294272e-04,2.222611691346710e-14,2.191290639365295e+01,6.648268989529768e-01,3.354622028932743e-01,1.114194272320387e-01,1,2,2,REFINE_STALLED,1,2,2,REFINE_STALLED,1,1,1,REFINE_STALLED,6.506536530431678e-17,3.230922474006803e-17,2.063318330934554e-03,7.938668772957259e-17,3.089976191583688e-17,1.353426182608746e-03,7.803454235430642e-15,5.119168977607558e-15,2.287339621693336e-01,false
4,3.162000000000000e+14,8.814243821531191e+06,1,6,CONTINUE,2.122705691294272e-03,1.841970836194661e-03,5.331018588983174e-14,2.122705691294272e-04,2.222611691346710e-14,2.191290639365295e+01,3.868259554693514e-01,3.354622028932743e-01,1.114194272320387e-01,1,1,1,REFINE_STALLED,1,1,1,REFINE_STALLED,1,1,1,REFINE_STALLED,1.554535714102593e-17,8.131516293641283e-18,2.104501229407676e-03,4.156991112505993e-17,1.604619215278547e-17,1.164600052160906e-03,2.558765208223945e-15,1.695692197767329e-15,2.293806806644302e-01,false
4,1.000000000000000e+15,8.814243821531191e+06,1,6,CONTINUE,2.122705691294272e-03,1.878224813472455e-03,5.331018588983174e-14,2.122705691294272e-04,2.222611691346710e-14,2.191290639365295e+01,3.379523918521878e-01,3.354622028932743e-01,1.114194272320387e-01,1,1,1,REFINE_STALLED,1,1,1,REFINE_STALLED,1,1,1,REFINE_STALLED,4.883124297663342e-18,3.252606517456513e-18,2.070505938603334e-03,2.173210166554594e-17,8.456776945386935e-18,1.077599653847606e-03,8.138237827845694e-16,5.423179266772493e-16,2.293653242901737e-01,false
4,3.162000000000000e+15,8.814243821531191e+06,1,7,CONTINUE,2.122705691294272e-03,1.885632949140050e-03,5.331018588983174e-14,2.122705691294272e-04,2.222611691346710e-14,2.191290639365295e+01,3.279774448813859e-01,3.354622028932743e-01,1.114194272320387e-01,1,1,1,REFINE_STALLED,1,2,2,REFINE_STALLED,1,1,1,REFINE_STALLED,8.161097347635967e-18,3.794707603699266e-18,3.210835139582749e-03,1.409223028352128e-17,5.421010862427522e-18,2.891164104416412e-03,2.607759681395581e-16,1.742312891184206e-16,2.289619393014886e-01,false
4,1.000000000000000e+16,8.814243821531191e+06,1,8,CONTINUE,2.122705691294272e-03,1.890443130194013e-03,5.331018588983174e-14,2.122705691294272e-04,2.222611691346710e-14,2.191290639365295e+01,3.214246473263923e-01,3.354622028932743e-01,1.114194272320387e-01,1,2,2,REFINE_STALLED,1,2,2,REFINE_STALLED,1,1,1,REFINE_STALLED,9.556674818530640e-18,4.119968255444917e-18,9.701965812312743e-03,1.140539975616249e-17,4.553649124439119e-18,9.296035049238385e-03,8.268482367663841e-17,5.534852090538500e-17,2.277694807706822e-01,false
4,3.162000000000000e+16,8.814243821531191e+06,1,8,CONTINUE,2.122705691294272e-03,1.891682240579226e-03,5.331018588983174e-14,2.122705691294272e-04,2.222611691346710e-14,2.191290639365295e+01,3.197326291023975e-01,3.354622028932743e-01,1.114194272320387e-01,1,2,2,REFINE_STALLED,1,2,2,REFINE_STALLED,1,1,1,REFINE_STALLED,1.020072350055568e-17,4.336808689942018e-18,3.158173403837036e-02,1.087571516340951e-17,4.119968255444917e-18,2.981886732629304e-02,2.607197308052826e-17,1.743532618628252e-17,2.284063355205424e-01,false
4,1.000000000000000e+17,8.814243821531191e+06,1,8,CONTINUE,2.122705691294272e-03,1.892344820641716e-03,5.331018588983174e-14,2.122705691294272e-04,2.222611691346710e-14,2.191290639365295e+01,3.188264801542488e-01,3.354622028932743e-01,1.114194272320387e-01,1,2,2,REFINE_STALLED,1,2,2,REFINE_STALLED,1,1,1,REFINE_STALLED,1.050152090214889e-17,4.228388472693467e-18,1.000431721965481e-01,1.044484044703123e-17,4.119968255444917e-18,9.785156481699507e-02,8.265540201830798e-18,5.549759870410176e-18,2.289993757262789e-01,false
4,3.162000000000000e+17,8.814243821531191e+06,1,8,CONTINUE,2.122705691294272e-03,1.892005772149007e-03,5.331018588983174e-14,2.122705691294272e-04,2.222611691346710e-14,2.191290639365295e+01,3.193019744884111e-01,3.354622028932743e-01,1.114194272320387e-01,1,2,2,REFINE_STALLED,1,2,2,REFINE_STALLED,1,1,1,REFINE_STALLED,1.056805177275478e-17,4.119968255444917e-18,3.147079806372253e-01,1.049340243092777e-17,4.228388472693467e-18,3.191266761637382e-01,2.609205089374961e-18,1.732182377135044e-18,2.288284688799174e-01,false
4,1.000000000000000e+18,8.814243821531191e+06,1,8,CONTINUE,2.122705691294272e-03,1.892823476942541e-03,5.331018588983174e-14,2.122705691294272e-04,2.222611691346710e-14,2.191290639365295e+01,3.181756126533780e-01,3.354622028932743e-01,1.114194272320387e-01,1,2,2,REFINE_STALLED,1,2,2,REFINE_STALLED,1,1,1,REFINE_STALLED,1.056944206807512e-17,4.336808689942018e-18,1.025709927404297e+00,1.028907290454564e-17,4.119968255444917e-18,9.411341297881346e-01,8.235496122494238e-19,5.488773498207866e-19,2.292260472550111e-01,false
5,1.000000000000000e+00,2.522968127955119e+06,0,9,CONTINUE,3.224846179116881e-04,4.707129772401836e-05,0.000000000000000e+00,3.224846179116881e-05,2.220467246619493e-14,2.191290639365295e+01,9.900000000000000e-01,3.983903080728521e-03,1.344370014945435e-03,3,0,0,REACHED_FORCE,2,0,0,REACHED_FORCE,4,0,0,REACHED_FORCE,2.045486378579655e-03,4.658716751981817e-06,2.170782095114089e-16,4.244690275532783e-04,7.708999175848330e-06,3.172074449824746e-16,4.286098794079151e-02,1.167470150420513e-05,5.165760974970699e-14,false
5,3.162000000000000e+00,2.522968127955119e+06,0,7,CONTINUE,3.224846179116881e-04,4.707130366776491e-05,0.000000000000000e+00,3.224846179116881e-05,2.220467246619493e-14,2.191290639365295e+01,9.900000000000000e-01,3.983903080728521e-03,1.344370014945435e-03,2,0,0,REACHED_FORCE,2,0,0,REACHED_FORCE,3,0,0,REACHED_FORCE,6.876250745774750e-04,4.549299411835128e-06,9.407215659626426e-16,1.429848905351704e-04,1.173028446238567e-06,1.251763417627933e-15,1.491785684186056e-02,3.507393458335173e-06,1.928921159952393e-13,false
5,1.000000000000000e+01,2.522968127955119e+06,0,7,CONTINUE,3.224846179116881e-04,4.707130303347165e-05,0.000000000000000e+00,3.224846179116881e-05,2.220467246619493e-14,2.191290639365295e+01,9.900000000000000e-01,3.983903080728521e-03,1.344370014945435e-03,2,0,0,REACHED_FORCE,2,0,0,REACHED_FORCE,3,0,0,REACHED_FORCE,2.219253881050094e-04,5.256306762624341e-07,2.951148910083414e-15,4.613692623308333e-05,1.324503209054750e-07,3.649020086468819e-15,4.891108213611836e-03,1.403522258414114e-07,5.840302532738811e-13,false
5,3.162000000000000e+01,2.522968127955119e+06,0,5,CONTINUE,3.224846179116881e-04,4.707129595679141e-05,0.000000000000000e+00,3.224846179116881e-05,2.220467246619493e-14,2.191290639365295e+01,9.900000000000000e-01,3.983903080728521e-03,1.344370014945435e-03,2,0,0,REACHED_FORCE,1,0,0,REACHED_FORCE,2,0,0,REACHED_FORCE,7.065088248051569e-05,5.514840725751036e-08,9.198374682786775e-15,1.468909152060256e-05,7.915928995960719e-06,1.140266369478310e-14,1.565930854942921e-03,3.779256413538601e-06,1.709701467245314e-12,false
5,1.000000000000000e+02,2.522968127955119e+06,0,4,CONTINUE,3.224846179116881e-04,4.707133502500706e-05,0.000000000000000e+00,3.224846179116881e-05,2.220467246619493e-14,2.191290639365295e+01,9.900000000000000e-01,3.983903080728521e-03,1.344370014945435e-03,1,0,0,REACHED_FORCE,1,0,0,REACHED_FORCE,2,0,0,REACHED_FORCE,2.238692557389093e-05,1.149114728288270e-05,3.669736480014557e-14,4.677179511092077e-06,2.518303811926970e-06,4.061774497969029e-14,4.971168314412069e-04,3.820022641543019e-07,5.551469444150497e-12,false
5,3.162000000000000e+02,2.522968127955119e+06,0,4,CONTINUE,3.224846179116881e-04,4.707131312260674e-05,0.000000000000000e+00,3.224846179116881e-05,2.220467246619493e-14,2.191290639365295e+01,9.900000000000000e-01,3.983903080728521e-03,1.344370014945435e-03,1,0,0,REACHED_FORCE,1,0,0,REACHED_FORCE,2,0,0,REACHED_FORCE,7.084717754721360e-06,3.636333845730144e-06,1.056695389763940e-13,1.475336568628923e-06,7.946541962788878e-07,1.341545473470689e-13,1.574148678569523e-04,3.833887995963181e-08,1.523992612737819e-11,false
5,1.000000000000000e+03,2.522968127955119e+06,0,4,CONTINUE,3.224846179116881e-04,4.707130622997151e-05,0.000000000000000e+00,3.224846179116881e-05,2.220467246619493e-14,2.191290639365295e+01,9.900000000000000e-01,3.983903080728521e-03,1.344370014945435e-03,1,0,0,REACHED_FORCE,1,0,0,REACHED_FORCE,2,0,0,REACHED_FORCE,2.240661204418188e-06,1.150028447222118e-06,3.032824185648516e-13,4.661158293532128e-07,2.510919915321708e-07,3.539195825442081e-13,4.979453751273193e-05,3.837397899442152e-09,5.958432538510248e-11,false
5,3.162000000000000e+03,2.522968127955119e+06,0,3,CONTINUE,3.224846179116881e-04,4.707130404459128e-05,0.000000000000000e+00,3.224846179116881e-05,2.220467246619493e-14,2.191290639365295e+01,9.900000000000000e-01,3.983903080728521e-03,1.344370014945435e-03,1,0,0,REACHED_FORCE,1,0,0,REACHED_FORCE,1,0,0,REACHED_FORCE,7.086688677937288e-07,3.637179212534480e-07,9.121164761111727e-13,1.473731297715431e-07,8.020305980460662e-08,1.142335835461239e-12,1.574979553712665e-05,1.043143739432040e-05,1.527609024234352e-10,true
5,1.000000000000000e+04,2.522968127955119e+06,0,3,CONTINUE,3.224846179116881e-04,4.707130381312741e-05,0.000000000000000e+00,3.224846179116881e-05,2.220467246619493e-14,2.191290639365295e+01,9.900000000000000e-01,3.983903080728521e-03,1.344370014945435e-03,1,0,0,REACHED_FORCE,1,0,0,REACHED_FORCE,1,0,0,REACHED_FORCE,2.240858313278896e-07,1.150098047353332e-07,2.889158857244124e-12,4.659552301772740e-08,2.535842952289258e-08,3.601418721912995e-12,4.980285174771838e-06,3.298480275581994e-06,4.996765838449285e-10,false
5,3.162000000000000e+04,2.522968127955119e+06,0,3,CONTINUE,3.224846179116881e-04,4.707130321841241e-05,0.000000000000000e+00,3.224846179116881e-05,2.220467246619493e-14,2.191290639365295e+01,9.900000000000000e-01,3.983903080728521e-03,1.344370014945435e-03,1,0,0,REACHED_FORCE,1,0,0,REACHED_FORCE,1,0,0,REACHED_FORCE,7.086885491809143e-08,3.637270812317794e-08,8.250368714943612e-12,1.473570401600877e-08,8.019566954953206e-09,1.104791126389361e-11,1.575062218421586e-06,1.043168587511190e-06,1.489148765765697e-09,false
5,1.000000000000000e+05,2.522968127955119e+06,0,3,CONTINUE,3.224846179116881e-04,4.707130463599179e-05,0.000000000000000e+00,3.224846179116881e-05,2.220467246619493e-14,2.191290639365295e+01,9.900000000000000e-01,3.983903080728521e-03,1.344370014945435e-03,1,0,0,REACHED_FORCE,1,0,0,REACHED_FORCE,1,0,0,REACHED_FORCE,2.240877851381255e-08,1.150107328817818e-08,3.365639545263030e-11,4.659391105733345e-09,2.535770038392116e-09,3.289040537085900e-11,4.980363281548065e-07,3.298505042437228e-07,4.904915817717446e-09,false
5,3.162000000000000e+05,2.522968127955119e+06,0,3,CONTINUE,3.224846179116881e-04,4.707130250198445e-05,0.000000000000000e+00,3.224846179116881e-05,2.220467246619493e-14,2.191290639365295e+01,9.900000000000000e-01,3.983903080728521e-03,1.344370014945435e-03,1,0,0,REACHED_FORCE,1,0,0,REACHED_FORCE,1,0,0,REACHED_FORCE,7.086905380314428e-09,3.637284529123264e-09,8.857174546831247e-11,1.473554467986868e-09,8.019527264480075e-10,1.003808264030283e-10,1.575062093270640e-07,1.043170225756285e-07,2.054939454461647e-08,false
5,1.000000000000000e+06,2.522968127955119e+06,0,3,CONTINUE,3.224846179116881e-04,4.707137717841801e-05,0.000000000000000e+00,3.224846179116881e-05,2.220467246619493e-14,2.191290639365295e+01,9.900000000000000e-01,3.983903080728521e-03,1.344370014945435e-03,1,0,0,REACHED_FORCE,1,0,0,REACHED_FORCE,1,0,0,REACHED_FORCE,2.240870754262865e-09,1.150108674963235e-09,2.816446650870430e-10,4.659316333496808e-10,2.535765486477715e-10,3.431159637528439e-10,4.980281588559008e-08,3.298492901038230e-08,5.926847110495697e-08,false
5,3.162000000000000e+06,2.522968127955119e+06,0,3,CONTINUE,3.224846179116881e-04,4.707149869498458e-05,0.000000000000000e+00,3.224846179116881e-05,2.220467246619493e-14,2.191290639365295e+01,9.900000000000000e-01,3.983903080728521e-03,1.344370014945435e-03,1,0,0,REACHED_FORCE,1,0,0,REACHED_FORCE,1,0,0,REACHED_FORCE,7.086846906424187e-10,3.637295187264300e-10,9.800062513653074e-10,1.473507626138188e-10,8.019601649422725e-11,9.824167508900728e-10,1.575055076365359e-08,1.043202102479768e-08,1.571053388970389e-07,false
5,1.000000000000000e+07,2.522968127955119e+06,0,3,CONTINUE,3.224846179116881e-04,4.707175017185000e-05,0.000000000000000e+00,3.224846179116881e-05,2.220467246619493e-14,2.191290639365295e+01,9.900000000000000e-01,3.983903080728521e-03,1.344370014945435e-03,1,0,0,REACHED_FORCE,1,0,0,REACHED_FORCE,1,0,0,REACHED_FORCE,2.240853498859101e-10,1.150124440130185e-10,3.001461320819413e-09,4.659293945434628e-11,2.535888166121936e-11,3.711876939898751e-09,4.979519141655303e-09,3.298369577464655e-09,4.423834887953878e-07,false
5,3.162000000000000e+07,2.522968127955119e+06,0,3,CONTINUE,3.224846179116881e-04,4.707097753407916e-05,0.000000000000000e+00,3.224846179116881e-05,2.220467246619493e-14,2.191290639365295e+01,9.900000000000000e-01,3.983903080728521e-03,1.344370014945435e-03,1,0,0,REACHED_FORCE,1,0,0,REACHED_FORCE,1,0,0,REACHED_FORCE,7.086704949740324e-11,3.637332102179869e-11,1.063284416463021e-08,1.473487057724242e-11,8.019862551833512e-12,1.224726418771914e-08,1.574476903909756e-09,1.043310327020208e-09,2.131008611752515e-06,false
5,1.000000000000000e+08,2.522968127955119e+06,0,3,CONTINUE,3.224846179116881e-04,4.707275858582447e-05,0.000000000000000e+00,3.224846179116881e-05,2.220467246619493e-14,2.191290639365295e+01,9.900000000000000e-01,3.983903080728521e-03,1.344370014945435e-03,1,0,0,REACHED_FORCE,1,0,0,REACHED_FORCE,1,0,0,REACHED_FORCE,2.240726613790635e-11,1.150490813728311e-11,3.268231031228336e-08,4.658689486696717e-12,2.538524945805420e-12,3.378046301184903e-08,4.973526655635375e-10,3.297229156373760e-10,4.807229030075954e-06,false
5,3.162000000000000e+08,2.522968127955119e+06,0,3,CONTINUE,3.224846179116881e-04,4.706744005752001e-05,0.000000000000000e+00,3.224846179116881e-05,2.220467246619493e-14,2.191290639365295e+01,9.900000000000000e-01,3.983903080728521e-03,1.344370014945435e-03,1,0,0,REACHED_FORCE,1,0,0,REACHED_FORCE,1,0,0,REACHED_FORCE,7.087876269716453e-12,3.639227807994416e-12,1.460794210282004e-07,1.474959025330075e-12,8.033018694675320e-13,1.360887598225848e-07,1.570065011623452e-10,1.041891017905527e-10,1.438951002508026e-05,false
5,1.000000000000000e+09,2.522968127955119e+06,0,4,CONTINUE,3.224846179116881e-04,4.705189412147872e-05,0.000000000000000e+00,3.224846179116881e-05,2.220467246619493e-14,2.191290639365295e+01,9.900000000000000e-01,3.983903080728521e-03,1.344370014945435e-03,1,0,0,REACHED_FORCE,1,0,0,REACHED_FORCE,1,1,1,REACHED_FORCE,2.240659935985981e-12,1.150607387145897e-12,3.611169441415650e-07,4.665028793859565e-13,2.510769370189792e-13,3.732236947247160e-07,4.967705672847827e-11,3.287903282966909e-11,5.932473612552032e-05,false
5,3.162000000000000e+09,2.522968127955119e+06,0,4,CONTINUE,3.224846179116881e-04,4.713864959242583e-05,0.000000000000000e+00,3.224846179116881e-05,2.220467246619493e-14,2.191290639365295e+01,9.900000000000000e-01,3.983903080728521e-03,1.344370014945435e-03,1,0,0,REACHED_FORCE,1,0,0,REACHED_FORCE,1,1,1,REACHED_FORCE,7.048583086365423e-13,3.647082635893639e-13,1.182802060409639e-06,1.457431611798481e-13,7.982503547054876e-14,1.104056073851825e-06,1.640548537567629e-11,1.070121768975696e-11,1.837187043199788e-04,false
5,1.000000000000000e+10,2.522968127955119e+06,1,5,CONTINUE,3.224846179116881e-04,2.902457243435535e-04,0.000000000000000e+00,3.224846179116881e-05,2.220467246619493e-14,2.191290639365295e+01,1.004147816402560e-01,3.983903080728521e-03,1.344370014945435e-03,1,0,0,REACHED_FORCE,1,1,1,REFINE_STALLED,1,1,1,REFINE_STALLED,2.212705196952965e-13,1.144362382632380e-13,5.900770005677846e-06,1.249908058978274e-13,5.361162902506322e-14,1.602708375315000e-05,5.408285764654968e-12,3.479883048385091e-12,1.266018358436967e-03,false
5,3.162000000000000e+10,2.522968127955119e+06,1,7,CONTINUE,3.224846179116881e-04,5.978269740970986e-05,5.331018588983174e-14,3.224846179116881e-05,2.220467246619493e-14,2.191290639365295e+01,9.900000000000000e-01,3.983903080728521e-03,1.344370014945435e-03,1,1,1,REFINE_STALLED,1,1,1,REFINE_STALLED,1,2,2,REFINE_STALLED,7.107787978753337e-14,3.318352537196034e-14,4.162235276579780e-05,1.049388204090874e-14,5.989132800809926e-15,4.706405621932270e-05,1.523613800121399e-12,7.835954107804355e-13,1.132696650761005e-02,false
5,1.000000000000000e+11,2.522968127955119e+06,1,7,CONTINUE,3.224846179116881e-04,7.189589348037161e-05,5.331018588983174e-14,3.224846179116881e-05,2.220467246619493e-14,2.191290639365295e+01,9.900000000000000e-01,3.983903080728521e-03,1.344370014945435e-03,1,1,1,REFINE_STALLED,1,1,1,REFINE_STALLED,1,2,2,REFINE_STALLED,1.908869700276783e-14,8.942065837791446e-15,8.428082320294373e-05,4.926229146345867e-15,2.426878142891553e-15,9.246548825222911e-05,9.717470901974975e-13,7.007727731433988e-13,3.388858997991578e-02,false
5,3.162000000000000e+11,2.522968127955119e+06,1,9,CONTINUE,3.224846179116881e-04,9.246744918988919e-05,5.331018588983174e-14,3.224846179116881e-05,2.220467246619493e-14,2.191290639365295e+01,9.900000000000000e-01,3.983903080728521e-03,1.344370014945435e-03,1,3,3,REFINE_STALLED,1,1,1,REFINE_STALLED,1,2,2,REFINE_STALLED,3.939416090652090e-15,1.920338887906325e-15,1.896079151453543e-04,4.190885199309347e-15,2.388280545551069e-15,2.318586977183901e-04,6.852067348926038e-13,5.357936316841005e-13,8.401071343809159e-02,false
5,1.000000000000000e+12,2.522968127955119e+06,1,10,CONTINUE,3.224846179116881e-04,1.114154800474348e-04,5.331018588983174e-14,3.224846179116881e-05,2.220467246619493e-14,2.191290639365295e+01,9.900000000000000e-01,3.983903080728521e-03,1.344370014945435e-03,1,3,3,REFINE_STALLED,1,3,3,REFINE_STALLED,1,1,1,REFINE_STALLED,8.346807671374403e-16,4.172009959724221e-16,3.800987547435335e-04,9.675749427276019e-16,5.207423034447878e-16,4.367684307379701e-04,2.618195559411788e-13,2.030597912039411e-13,1.496138418184917e-01,false
5,3.162000000000000e+12,2.522968127955119e+06,1,9,CONTINUE,3.224846179116881e-04,2.317073623233631e-04,5.331018588983174e-14,3.224846179116881e-05,2.220467246619493e-14,2.191290639365295e+01,4.958993226895381e-01,3.983903080728521e-03,1.344370014945435e-03,1,2,2,REFINE_STALLED,1,3,3,REFINE_STALLED,1,1,1,REFINE_STALLED,3.140030030698328e-16,1.700029006457271e-16,6.048713811773529e-04,8.495400755954699e-17,4.033232081646076e-17,5.727995670284332e-04,5.717906463753499e-14,3.989863994746656e-14,1.967067219938372e-01,false
5,1.000000000000000e+13,2.522968127955119e+06,1,8,CONTINUE,3.224846179116881e-04,2.734129616083999e-04,5.331018588983174e-14,3.224846179116881e-05,2.220467246619493e-14,2.191290639365295e+01,3.037134694578668e-01,3.983903080728521e-03,1.344370014945435e-03,1,2,2,REFINE_STALLED,1,2,2,REFINE_STALLED,1,1,1,REFINE_STALLED,1.376801547284737e-16,7.220786468753460e-17,7.552189045701566e-04,7.912493926401742e-17,1.864827736675068e-17,5.656671737084970e-04,1.039408207040054e-14,5.329070518200751e-15,2.172008699306364e-01,false
5,3.162000000000000e+13,2.522968127955119e+06,1,8,CONTINUE,3.224846179116881e-04,2.790994938390371e-04,5.331018588983174e-14,3.224846179116881e-05,2.220467246619493e-14,2.191290639365295e+01,2.748246014538835e-01,3.983903080728521e-03,1.344370014945435e-03,1,2,2,REFINE_STALLED,1,2,2,REFINE_STALLED,1,1,1,REFINE_STALLED,5.595088740150637e-17,2.813504637599884e-17,8.137850418493131e-04,4.625498000020600e-17,1.531435568635775e-17,5.523979332989989e-04,4.502012170774813e-15,2.314121116953061e-15,2.248122615232692e-01,false
5,1.000000000000000e+14,2.522968127955119e+06,1,8,CONTINUE,3.224846179116881e-04,2.799784766836932e-04,5.331018588983174e-14,3.224846179116881e-05,2.220467246619493e-14,2.191290639365295e+01,2.707580423567972e-01,3.983903080728521e-03,1.344370014945435e-03,1,2,2,REFINE_STALLED,1,2,2,REFINE_STALLED,1,1,1,REFINE_STALLED,1.970266892022642e-17,9.690056916589196e-18,8.422216819570426e-04,1.949068436209418e-17,7.528428835196221e-18,5.496111176632698e-04,2.072589321975250e-15,1.193489751472043e-15,2.277479248483191e-01,false
5,3.162000000000000e+14,2.522968127955119e+06,1,6,CONTINUE,3.224846179116881e-04,2.804371771393455e-04,5.331018588983174e-14,3.224846179116881e-05,2.220467246619493e-14,2.191290639365295e+01,2.683688260942202e-01,3.983903080728521e-03,1.344370014945435e-03,1,1,1,REFINE_STALLED,1,1,1,REFINE_STALLED,1,1,1,REFINE_STALLED,6.414873715171998e-18,3.171291354520100e-18,8.547983336688952e-04,7.006264198698339e-18,2.862971361719535e-18,5.321522080663078e-04,7.109575205475179e-16,4.293440603042598e-16,2.276983491184428e-01,false
5,1.000000000000000e+15,2.522968127955119e+06,1,6,CONTINUE,3.224846179116881e-04,2.802855614783754e-04,5.331018588983174e-14,3.224846179116881e-05,2.220467246619493e-14,2.191290639365295e+01,2.693717701252430e-01,3.983903080728521e-03,1.344370014945435e-03,1,1,1,REFINE_STALLED,1,1,1,REFINE_STALLED,1,1,1,REFINE_STALLED,1.993209992009943e-18,9.791700870259712e-19,8.591595311881758e-04,2.369916599816920e-18,9.757819552369540e-19,5.314585394910597e-04,2.396381627174775e-16,1.459336124165489e-16,2.290779905753497e-01,false
5,3.162000000000000e+15,2.522968127955119e+06,1,6,CONTINUE,3.224846179116881e-04,2.799706586563885e-04,5.331018588983174e-14,3.224846179116881e-05,2.220467246619493e-14,2.191290639365295e+01,2.713856647080713e-01,3.983903080728521e-03,1.344370014945435e-03,1,1,1,REFINE_STALLED,1,1,1,REFINE_STALLED,1,1,1,REFINE_STALLED,5.631922002597576e-19,2.829090043829363e-19,8.603721230933128e-04,8.244019039885544e-19,3.438953765852459e-19,5.279598968123636e-04,7.658614995793210e-17,4.813857645835640e-17,2.300203982671620e-01,false
5,1.000000000000000e+16,2.522968127955119e+06,1,6,CONTINUE,3.224846179116881e-04,2.804493914271995e-04,5.331018588983174e-14,3.224846179116881e-05,2.220467246619493e-14,2.191290639365295e+01,2.683373595288207e-01,3.983903080728521e-03,1.344370014945435e-03,1,1,1,REFINE_STALLED,1,1,1,REFINE_STALLED,1,1,1,REFINE_STALLED,1.193445075495871e-19,6.437450399132683e-20,8.514468388056895e-04,3.294092509727028e-19,1.321371397716709e-19,5.299518144537842e-04,2.416192968301736e-17,1.488067481736355e-17,2.284248857635381e-01,false
5,3.162000000000000e+16,2.522968127955119e+06,1,6,CONTINUE,3.224846179116881e-04,2.797678129895990e-04,5.331018588983174e-14,3.224846179116881e-05,2.220467246619493e-14,2.191290639365295e+01,2.726866683085670e-01,3.983903080728521e-03,1.344370014945435e-03,1,1,1,REFINE_STALLED,1,1,1,REFINE_STALLED,1,1,1,REFINE_STALLED,4.493068683700378e-20,2.710505431213761e-20,8.590181478658020e-04,1.744738811849196e-19,6.945670167485263e-20,5.206597542169568e-04,7.674443097730798e-18,4.634964287375531e-18,2.289094273768427e-01,false
5,1.000000000000000e+17,2.522968127955119e+06,1,6,CONTINUE,3.224846179116881e-04,2.802723250126930e-04,5.331018588983174e-14,3.224846179116881e-05,2.220467246619493e-14,2.191290639365295e+01,2.694672932502382e-01,3.983903080728521e-03,1.344370014945435e-03,1,1,1,REFINE_STALLED,1,1,1,REFINE_STALLED,1,1,1,REFINE_STALLED,8.247595952163854e-20,3.726944967918921e-20,1.044355376923559e-03,1.259746173440869e-19,4.912791094074942e-20,9.331342430988841e-04,2.429135730032577e-18,1.507718646112655e-18,2.293874419034022e-01,false
5,3.162000000000000e+17,2.522968127955119e+06,1,8,CONTINUE,3.224846179116881e-04,2.805831201367671e-04,5.331018588983174e-14,3.224846179116881e-05,2.220467246619493e-14,2.191290639365295e+01,2.674877427484706e-01,3.983903080728521e-03,1.344370014945435e-03,1,2,2,REFINE_STALLED,1,2,2,REFINE_STALLED,1,1,1,REFINE_STALLED,9.472578156430330e-20,3.726944967918921e-20,2.908998453128211e-03,1.113574536094478e-19,4.404571325722362e-20,3.090716393592287e-03,7.704895249542132e-19,4.701032857261367e-19,2.304941935443917e-01,false
5,1.000000000000000e+18,2.522968127955119e+06,1,8,CONTINUE,3.224846179116881e-04,2.797440793279147e-04,5.331018588983174e-14,3.224846179116881e-05,2.220467246619493e-14,2.191290639365295e+01,2.728370589957302e-01,3.983903080728521e-03,1.344370014945435e-03,1,2,2,REFINE_STALLED,1,2,2,REFINE_STALLED,1,1,1,REFINE_STALLED,9.964884539364334e-20,3.896351557369782e-20,9.265255465474130e-03,1.054777109173993e-19,4.065758146820642e-20,9.781247610104089e-03,2.454877229895104e-19,1.537364799266555e-19,2.280823606553548e-01,false
6,1.000000000000000e+00,1.758564866810281e+06,0,10,CONTINUE,4.707130404459128e-05,6.570719786397601e-06,0.000000000000000e+00,4.707130404459128e-06,2.220446174357928e-14,2.191290639365295e+01,9.900000000000000e-01,2.389480637853706e-05,1.694677839346122e-05,3,0,0,REACHED_FORCE,2,0,0,REACHED_FORCE,5,0,0,REACHED_FORCE,7.866524365355841e-04,1.502694253752157e-06,2.060479630669670e-16,1.676293834264731e-04,3.047725076747720e-06,1.864012999617607e-16,5.860209599332093e-02,3.186401018595575e-07,6.438911602697281e-14,false
6,3.162000000000000e+00,1.758564866810281e+06,0,7,CONTINUE,4.707130404459128e-05,6.570721903046399e-06,0.000000000000000e+00,4.707130404459128e-06,2.220446174357928e-14,2.191290639365295e+01,9.900000000000000e-01,2.389480637853706e-05,1.694677839346122e-05,2,0,0,REACHED_FORCE,2,0,0,REACHED_FORCE,3,0,0,REACHED_FORCE,2.636874648647927e-04,1.759316961065516e-06,6.315370992841535e-16,5.632001966199045e-05,4.681664238503913e-07,5.777993293299085e-16,1.960860893563745e-02,3.849288233936932e-06,2.001842865233390e-13,false
6,1.000000000000000e+01,1.758564866810281e+06,0,7,CONTINUE,4.707130404459128e-05,6.570721633318350e-06,0.000000000000000e+00,4.707130404459128e-06,2.220446174357928e-14,2.191290639365295e+01,9.900000000000000e-01,2.389480637853706e-05,1.694677839346122e-05,2,0,0,REACHED_FORCE,2,0,0,REACHED_FORCE,3,0,0,REACHED_FORCE,8.501162502282732e-05,2.040255801527557e-07,1.308441404895311e-15,1.815889742224171e-05,5.308544147319960e-08,1.587350496288933e-15,6.320838509994525e-03,1.225739580945628e-07,7.042721473930659e-13,false
6,3.162000000000000e+01,1.758564866810281e+06,0,6,CONTINUE,4.707130404459128e-05,6.570721607839059e-06,0.000000000000000e+00,4.707130404459128e-06,2.220446174357928e-14,2.191290639365295e+01,9.900000000000000e-01,2.389480637853706e-05,1.694677839346122e-05,2,0,0,REACHED_FORCE,2,0,0,REACHED_FORCE,2,0,0,REACHED_FORCE,2.705402945628168e-05,2.143631016443548e-08,5.189558315497034e-15,5.779657025553152e-06,5.385348701703041e-09,5.435587068429280e-15,2.011587078775286e-03,2.934291839729042e-06,2.176771500436641e-12,false
6,1.000000000000000e+02,1.758564866810281e+06,0,5,CONTINUE,4.707130404459128e-05,6.570719607207586e-06,0.000000000000000e+00,4.707130404459128e-06,2.220446174357928e-14,2.191290639365295e+01,9.900000000000000e-01,2.389480637853706e-05,1.694677839346122e-05,2,0,0,REACHED_FORCE,1,0,0,REACHED_FORCE,2,0,0,REACHED_FORCE,8.571525622736760e-06,2.177448096829515e-09,1.337350484701089e-14,1.831273830214590e-06,1.017659138333182e-06,1.941643985074268e-14,6.373409757762169e-04,2.979194357877191e-07,7.898337333021606e-12,false
6,3.162000000000000e+02,1.758564866810281e+06,0,4,CONTINUE,4.707130404459128e-05,6.570723891836228e-06,0.000000000000000e+00,4.707130404459128e-06,2.220446174357928e-14,2.191290639365295e+01,9.900000000000000e-01,2.389480637853706e-05,1.694677839346122e-05,1,0,0,REACHED_FORCE,1,0,0,REACHED_FORCE,2,0,0,REACHED_FORCE,2.712502129976273e-06,1.459421754237966e-06,4.445042884268804e-14,5.803288028166667e-07,3.224274769536573e-07,5.913882353450485e-14,2.016909126239104e-04,2.994292280789068e-08,2.293542944849246e-11,false
6,1.000000000000000e+03,1.758564866810281e+06,0,4,CONTINUE,4.707130404459128e-05,6.570722333332182e-06,0.000000000000000e+00,4.707130404459128e-06,2.220446174357928e-14,2.191290639365295e+01,9.900000000000000e-01,2.389480637853706e-05,1.694677839346122e-05,1,0,0,REACHED_FORCE,1,0,0,REACHED_FORCE,2,0,0,REACHED_FORCE,8.578643391392095e-07,4.615522472550815e-07,1.332766890145195e-13,1.833644533304150e-07,1.018827707893744e-07,1.869012648410544e-13,6.378751625981003e-05,2.998398862530394e-09,8.052476139996474e-11,false
6,3.162000000000000e+03,1.758564866810281e+06,0,4,CONTINUE,4.707130404459128e-05,6.570721911382218e-06,0.000000000000000e+00,4.707130404459128e-06,2.220446174357928e-14,2.191290639365295e+01,9.900000000000000e-01,2.389480637853706e-05,1.694677839346122e-05,1,0,0,REACHED_FORCE,1,0,0,REACHED_FORCE,2,0,0,REACHED_FORCE,2.713214611816466e-07,1.459767617756347e-07,5.591604879427357e-13,5.797646163684254e-08,3.221410650733336e-08,8.382349097211584e-13,2.017443912505493e-05,3.000515391704539e-10,2.120503110057114e-10,false
6,1.000000000000000e+04,1.758564866810281e+06,0,4,CONTINUE,4.707130404459128e-05,6.570721836753279e-06,0.000000000000000e+00,4.707130404459128e-06,2.220446174357928e-14,2.191290639365295e+01,9.900000000000000e-01,2.389480637853706e-05,1.694677839346122e-05,1,0,0,REACHED_FORCE,1,0,0,REACHED_FORCE,2,0,0,REACHED_FORCE,8.579355713403481e-08,4.615868437474191e-08,2.087817778954163e-12,1.833080019198873e-08,1.018541284647512e-08,2.009511351208205e-12,6.379285746954420e-06,3.000177883905053e-11,8.835038750626377e-10,false
6,3.162000000000000e+04,1.758564866810281e+06,0,3,CONTINUE,4.707130404459128e-05,6.570721876693608e-06,0.000000000000000e+00,4.707130404459128e-06,2.220446174357928e-14,2.191290639365295e+01,9.900000000000000e-01,2.389480637853706e-05,1.694677839346122e-05,1,0,0,REACHED_FORCE,1,0,0,REACHED_FORCE,1,0,0,REACHED_FORCE,2.713285826825840e-08,1.459800201553119e-08,5.431167210452313e-12,5.797081248891355e-09,3.301117532106268e-09,6.028304100114861e-12,2.017497146621275e-06,1.532368625767333e-06,1.934695510958434e-09,true
6,1.000000000000000e+05,1.758564866810281e+06,0,3,CONTINUE,4.707130404459128e-05,6.570722337030042e-06,0.000000000000000e+00,4.707130404459128e-06,2.220446174357928e-14,2.191290639365295e+01,9.900000000000000e-01,2.389480637853706e-05,1.694677839346122e-05,1,0,0,REACHED_FORCE,1,0,0,REACHED_FORCE,1,0,0,REACHED_FORCE,8.579426191583658e-09,4.615895332626962e-09,1.523128542444535e-11,1.833022878102303e-09,1.043805611389281e-09,2.508177986217737e-11,6.379335336304857e-07,4.845353371862871e-07,7.865409439930870e-09,false
6,3.162000000000000e+05,1.758564866810281e+06,0,3,CONTINUE,4.707130404459128e-05,6.570723481633626e-06,0.000000000000000e+00,4.707130404459128e-06,2.220446174357928e-14,2.191290639365295e+01,9.900000000000000e-01,2.389480637853706e-05,1.694677839346122e-05,1,0,0,REACHED_FORCE,1,0,0,REACHED_FORCE,1,0,0,REACHED_FORCE,2.713289681564251e-09,1.459803569692220e-09,5.544612208447576e-11,5.797004371717975e-10,3.301090095719772e-10,7.734629347032821e-11,2.017491273031683e-07,1.532373161694522e-07,1.990621460773202e-08,false
6,1.000000000000000e+06,1.758564866810281e+06,0,3,CONTINUE,4.707130404459128e-05,6.570732181587062e-06,0.000000000000000e+00,4.707130404459128e-06,2.220446174357928e-14,2.191290639365295e+01,9.900000000000000e-01,2.389480637853706e-05,1.694677839346122e-05,1,0,0,REACHED_FORCE,1,0,0,REACHED_FORCE,1,0,0,REACHED_FORCE,8.579428326946316e-10,4.615917370554001e-10,1.831665055576630e-10,1.833022596965655e-10,1.043816005852349e-10,1.892464578742461e-10,6.379209071948207e-08,4.845362866490177e-08,7.206473330863284e-08,false
6,3.162000000000000e+06,1.758564866810281e+06,0,3,CONTINUE,4.707130404459128e-05,6.570766203781543e-06,0.000000000000000e+00,4.707130404459128e-06,2.220446174357928e-14,2.191290639365295e+01,9.900000000000000e-01,2.389480637853706e-05,1.694677839346122e-05,1,0,0,REACHED_FORCE,1,0,0,REACHED_FORCE,1,0,0,REACHED_FORCE,2.713270320056355e-10,1.459811438397907e-10,4.143428397668724e-10,5.796864600148825e-11,3.301141304756783e-11,5.890085852338852e-10,2.017407945482774e-08,1.532338256282628e-08,2.129870543406696e-07,false
6,1.000000000000000e+07,1.758564866810281e+06,0,3,CONTINUE,4.707130404459128e-05,6.570953344440755e-06,0.000000000000000e+00,4.707130404459128e-06,2.220446174357928e-14,2.191290639365295e+01,9.900000000000000e-01,2.389480637853706e-05,1.694677839346122e-05,1,0,0,REACHED_FORCE,1,0,0,REACHED_FORCE,1,0,0,REACHED_FORCE,8.578937647614895e-11,4.615778592675923e-11,1.218076446159523e-09,1.832667716397765e-11,1.043719277671329e-11,1.422747819278201e-09,6.378126308565637e-09,4.845106094109042e-09,6.382339489500847e-07,false
6,3.162000000000000e+07,1.758564866810281e+06,0,3,CONTINUE,4.707130404459128e-05,6.571080987981715e-06,0.000000000000000e+00,4.707130404459128e-06,2.220446174357928e-14,2.191290639365295e+01,9.900000000000000e-01,2.389480637853706e-05,1.694677839346122e-05,1,0,0,REACHED_FORCE,1,0,0,REACHED_FORCE,1,0,0,REACHED_FORCE,2.713004410980121e-11,1.459980747409162e-11,4.950526978435917e-09,5.794840379276725e-12,3.302344508959720e-12,7.701292391623507e-09,2.017587385802536e-09,1.533398297226540e-09,2.180004105590373e-06,false
6,1.000000000000000e+08,1.758564866810281e+06,0,4,CONTINUE,4.707130404459128e-05,6.571349592637361e-06,0.000000000000000e+00,4.707130404459128e-06,2.220446174357928e-14,2.191290639365295e+01,9.900000000000000e-01,2.389480637853706e-05,1.694677839346122e-05,1,0,0,REACHED_FORCE,1,0,0,REACHED_FORCE,1,1,1,REACHED_FORCE,8.577759305759253e-12,4.615460791335124e-12,1.563277145916301e-08,1.832554162203825e-12,1.017949613490998e-12,1.466372698292994e-08,6.370143187827571e-10,4.847220402837138e-10,5.158684233665067e-06,false
6,3.162000000000000e+08,1.758564866810281e+06,0,4,CONTINUE,4.707130404459128e-05,6.572492142532762e-06,0.000000000000000e+00,4.707130404459128e-06,2.220446174357928e-14,2.191290639365295e+01,9.900000000000000e-01,2.389480637853706e-05,1.694677839346122e-05,1,0,0,REACHED_FORCE,1,0,0,REACHED_FORCE,1,1,1,REACHED_FORCE,2.712201683362831e-12,1.459943277382081e-12,4.936321183668576e-08,5.784453451555626e-13,3.221173328071814e-13,5.086249013918437e-08,2.023925243422310e-10,1.534852245299589e-10,2.928445739402822e-05,false
6,1.000000000000000e+09,1.758564866810281e+06,0,5,CONTINUE,4.707130404459128e-05,6.572967625348244e-06,0.000000000000000e+00,4.707130404459128e-06,2.220446174357928e-14,2.191290639365295e+01,9.900000000000000e-01,2.389480637853706e-05,1.694677839346122e-05,1,0,0,REACHED_FORCE,1,0,0,REACHED_FORCE,1,2,2,REACHED_FORCE,8.579031656294298e-13,4.613809334585994e-13,1.489787920043019e-07,1.838614564833753e-13,1.016131623288175e-13,1.811092328370854e-07,6.400237463876996e-11,4.950395648961603e-11,5.171930221345851e-05,false
6,3.162000000000000e+09,1.758564866810281e+06,1,6,CONTINUE,4.707130404459128e-05,3.282063981586916e-05,0.000000000000000e+00,4.707130404459128e-06,2.220446174357928e-14,2.191290639365295e+01,2.972511489167847e-01,2.389480637853706e-05,1.694677839346122e-05,1,0,0,REACHED_FORCE,1,2,2,REFINE_STALLED,1,1,1,REFINE_STALLED,2.678050553888426e-13,1.461053500406706e-13,7.046985455741085e-07,2.661893109329456e-14,1.556393902646391e-14,7.547273020803540e-07,2.276401275890792e-11,1.507372004994068e-11,5.384203640702480e-04,false
6,1.000000000000000e+10,1.758564866810281e+06,1,7,CONTINUE,4.707130404459128e-05,7.502797665941733e-06,5.331018588983174e-14,4.707130404459128e-06,2.220446174357928e-14,2.191290639365295e+01,9.900000000000000e-01,2.389480637853706e-05,1.694677839346122e-05,1,1,1,REFINE_STALLED,1,1,1,REFINE_STALLED,1,2,2,REFINE_STALLED,8.059117292117178e-14,4.194387892564322e-14,6.868856849800265e-06,1.893742642733251e-14,9.852904082896519e-15,7.971130527073071e-06,4.792324024810861e-12,3.208544541166702e-12,4.518167436194292e-03,false
6,3.162000000000000e+10,1.758564866810281e+06,1,7,CONTINUE,4.707130404459128e-05,8.244501729453981e-06,5.331018588983174e-14,4.707130404459128e-06,2.220446174357928e-14,2.191290639365295e+01,9.900000000000000e-01,2.389480637853706e-05,1.694677839346122e-05,1,1,1,REFINE_STALLED,1,1,1,REFINE_STALLED,1,2,2,REFINE_STALLED,2.498784218686272e-14,1.232130716899427e-14,1.525711943459254e-05,3.908082468576678e-15,2.123735215464606e-15,1.764091056725981e-05,1.069522626351686e-12,5.742906150629778e-13,1.448308248830496e-02,false
6,1.000000000000000e+11,1.758564866810281e+06,1,7,CONTINUE,4.707130404459128e-05,9.847696750056036e-06,5.331018588983174e-14,4.707130404459128e-06,2.220446174357928e-14,2.191290639365295e+01,9.900000000000000e-01,2.389480637853706e-05,1.694677839346122e-05,1,1,1,REFINE_STALLED,1,1,1,REFINE_STALLED,1,2,2,REFINE_STALLED,6.537883489825705e-15,3.342378457338313e-15,3.199215224910730e-05,1.739504319326513e-15,1.030642585164721e-15,3.582632076456269e-05,1.429998461004858e-12,1.112887559884257e-12,4.295926158278746e-02,false
6,3.162000000000000e+11,1.758564866810281e+06,1,10,CONTINUE,4.707130404459128e-05,1.259669196242143e-05,5.331018588983174e-14,4.707130404459128e-06,2.220446174357928e-14,2.191290639365295e+01,9.900000000000000e-01,2.389480637853706e-05,1.694677839346122e-05,1,3,3,REFINE_STALLED,1,1,1,REFINE_STALLED,1,3,3,REFINE_STALLED,1.336362174824412e-15,6.964914756046880e-16,7.149730807301603e-05,1.442495787933378e-15,9.157171548812570e-16,8.848896406636325e-05,9.185047580513606e-13,7.129852264142755e-13,9.854232978798072e-02,false
6,1.000000000000000e+12,1.758564866810281e+06,1,10,CONTINUE,4.707130404459128e-05,2.641618444302180e-05,5.331018588983174e-14,4.707130404459128e-06,2.220446174357928e-14,2.191290639365295e+01,5.810999738488225e-01,2.389480637853706e-05,1.694677839346122e-05,1,3,3,REFINE_STALLED,1,3,3,REFINE_STALLED,1,1,1,REFINE_STALLED,2.882104208430385e-16,1.472346550235315e-16,1.439500380241072e-04,3.513256200287473e-16,2.020952849512980e-16,1.634786419705333e-04,3.154421745685354e-13,2.429723089392155e-13,1.610838176973836e-01,false
6,3.162000000000000e+12,1.758564866810281e+06,1,10,CONTINUE,4.707130404459128e-05,4.067696160285928e-05,5.331018588983174e-14,4.707130404459128e-06,2.220446174357928e-14,2.191290639365295e+01,1.836112628853481e-01,2.389480637853706e-05,1.694677839346122e-05,1,3,3,REFINE_STALLED,1,3,3,REFINE_STALLED,1,1,1,REFINE_STALLED,1.029449570258327e-16,5.572799166575493e-17,2.325414412623261e-04,7.719760673912692e-17,2.645453300864631e-17,2.384364969852533e-04,7.305205580315713e-14,5.309641615269811e-14,2.021806061117062e-01,false
6,1.000000000000000e+13,1.758564866810281e+06,1,9,CONTINUE,4.707130404459128e-05,4.188388839111996e-05,5.331018588983174e-14,4.707130404459128e-06,2.220446174357928e-14,2.191290639365295e+01,1.475166910408698e-01,2.389480637853706e-05,1.694677839346122e-05,1,3,3,REFINE_STALLED,1,2,2,REFINE_STALLED,1,1,1,REFINE_STALLED,4.449970176369528e-17,2.466559942404523e-17,2.888491840249989e-04,3.746609684807440e-17,8.673617379884035e-18,2.450401744145446e-04,1.312418731662302e-14,6.522560269672795e-15,2.207709408456416e-01,false
6,3.162000000000000e+13,1.758564866810281e+06,1,8,CONTINUE,4.707130404459128e-05,4.181881354051170e-05,5.331018588983174e-14,4.707130404459128e-06,2.220446174357928e-14,2.191290639365295e+01,1.484799714082513e-01,2.389480637853706e-05,1.694677839346122e-05,1,2,2,REFINE_STALLED,1,2,2,REFINE_STALLED,1,1,1,REFINE_STALLED,1.753868015980771e-17,9.744267025213471e-18,3.150741751255279e-04,1.709960055479455e-17,6.301925127571995e-18,2.395246719305388e-04,4.216804133588233e-15,2.168404344971009e-15,2.266451625142491e-01,false
6,1.000000000000000e+14,1.758564866810281e+06,1,8,CONTINUE,4.707130404459128e-05,4.148234002726625e-05,5.331018588983174e-14,4.707130404459128e-06,2.220446174357928e-14,2.191290639365295e+01,1.576372507197491e-01,2.389480637853706e-05,1.694677839346122e-05,1,2,2,REFINE_STALLED,1,2,2,REFINE_STALLED,1,1,1,REFINE_STALLED,6.135222831600043e-18,3.269547176401599e-18,3.233937486812391e-04,6.368101660006549e-18,2.644436861327926e-18,2.360269229590645e-04,1.754886300581287e-15,9.246076126956382e-16,2.279387159840763e-01,false
6,3.162000000000000e+14,1.758564866810281e+06,1,6,CONTINUE,4.707130404459128e-05,4.140332815425282e-05,5.331018588983174e-14,4.707130404459128e-06,2.220446174357928e-14,2.191290639365295e+01,1.597679958919071e-01,2.389480637853706e-05,1.694677839346122e-05,1,1,1,REFINE_STALLED,1,1,1,REFINE_STALLED,1,1,1,REFINE_STALLED,2.040716138743049e-18,1.085896238380013e-18,3.253579611758672e-04,2.203591193016237e-18,1.001192943654583e-18,2.359881149657738e-04,6.254025111078064e-16,3.404394821604484e-16,2.291309780549397e-01,false
6,1.000000000000000e+15,1.758564866810281e+06,1,6,CONTINUE,4.707130404459128e-05,4.139040498217898e-05,5.331018588983174e-14,4.707130404459128e-06,2.220446174357928e-14,2.191290639365295e+01,1.600990633622970e-01,2.389480637853706e-05,1.694677839346122e-05,1,1,1,REFINE_STALLED,1,1,1,REFINE_STALLED,1,1,1,REFINE_STALLED,6.520993389269178e-19,3.388131789017201e-19,3.293415945031054e-04,7.191199839807132e-19,3.269547176401599e-19,2.363221427299372e-04,2.027208448767516e-16,1.078781161623077e-16,2.279397334288026e-01,false
6,3.162000000000000e+15,1.758564866810281e+06,1,6,CONTINUE,4.707130404459128e-05,4.140772514743449e-05,5.331018588983174e-14,4.707130404459128e-06,2.220446174357928e-14,2.191290639365295e+01,1.596006452932635e-01,2.389480637853706e-05,1.694677839346122e-05,1,1,1,REFINE_STALLED,1,1,1,REFINE_STALLED,1,1,1,REFINE_STALLED,2.066528293084779e-19,1.090554919589912e-19,3.270800430956030e-04,2.290272881214221e-19,1.077849425381097e-19,2.358377818433688e-04,6.689605929357471e-17,3.745918505937418e-17,2.290933225339140e-01,false
6,1.000000000000000e+16,1.758564866810281e+06,1,6,CONTINUE,4.707130404459128e-05,4.139141559864207e-05,5.331018588983174e-14,4.707130404459128e-06,2.220446174357928e-14,2.191290639365295e+01,1.600567864883841e-01,2.389480637853706e-05,1.694677839346122e-05,1,1,1,REFINE_STALLED,1,1,1,REFINE_STALLED,1,1,1,REFINE_STALLED,6.541355229454634e-20,3.366955965335844e-20,3.290180074862823e-04,7.254890665216486e-20,3.329898273893468e-20,2.353133655819208e-04,2.145503844282185e-17,1.160096324559490e-17,2.294177017485793e-01,false
6,3.162000000000000e+16,1.758564866810281e+06,1,6,CONTINUE,4.707130404459128e-05,4.130930457119728e-05,5.331018588983174e-14,4.707130404459128e-06,2.220446174357928e-14,2.191290639365295e+01,1.623686898883533e-01,2.389480637853706e-05,1.694677839346122e-05,1,1,1,REFINE_STALLED,1,1,1,REFINE_STALLED,1,1,1,REFINE_STALLED,2.045296892335869e-20,1.054820717127621e-20,3.278186004899987e-04,2.331895984471912e-20,1.053497228147536e-20,2.358706679193439e-04,6.798155357530883e-18,3.679511122872681e-18,2.285825510826157e-01,false
6,1.000000000000000e+17,1.758564866810281e+06,1,6,CONTINUE,4.707130404459128e-05,4.130759208064999e-05,5.331018588983174e-14,4.707130404459128e-06,2.220446174357928e-14,2.191290639365295e+01,1.624161679663646e-01,2.389480637853706e-05,1.694677839346122e-05,1,1,1,REFINE_STALLED,1,1,1,REFINE_STALLED,1,1,1,REFINE_STALLED,6.253962463958935e-21,3.321957340012959e-21,3.288771551637436e-04,7.659075769082313e-21,3.368279454315929e-21,2.363983378651833e-04,2.159123036810704e-18,1.180763928472495e-18,2.302055756813223e-01,false
6,3.162000000000000e+17,1.758564866810281e+06,1,6,CONTINUE,4.707130404459128e-05,4.135625276331357e-05,5.331018588983174e-14,4.707130404459128e-06,2.220446174357928e-14,2.191290639365295e+01,1.610459232410609e-01,2.389480637853706e-05,1.694677839346122e-05,1,1,1,REFINE_STALLED,1,1,1,REFINE_STALLED,1,1,1,REFINE_STALLED,1.868488952027838e-21,9.893080126134211e-22,3.294746012423313e-04,2.741760391735356e-21,1.171287747375087e-21,2.372566400671644e-04,6.872173390988395e-19,3.794707603699266e-19,2.294069728057814e-01,false
6,1.000000000000000e+18,1.758564866810281e+06,1,6,CONTINUE,4.707130404459128e-05,4.142694973334794e-05,5.331018588983174e-14,4.707130404459128e-06,2.220446174357928e-14,2.191290639365295e+01,1.590547420398855e-01,2.389480637853706e-05,1.694677839346122e-05,1,1,1,REFINE_STALLED,1,1,1,REFINE_STALLED,1,1,1,REFINE_STALLED,6.876579099587365e-22,2.762783245927112e-22,3.370284828980420e-04,1.236082493375408e-21,5.095432573326650e-22,2.412817560746187e-04,2.153153401896199e-19,1.164670302474663e-19,2.293972773737264e-01,false
7,1.000000000000000e+00,1.410142662217232e+06,0,11,CONTINUE,6.570721876693608e-06,8.334088736831601e-07,0.000000000000000e+00,6.570721876693608e-07,2.220446056177456e-14,2.191290639365295e+01,9.900000000000000e-01,1.334831021085362e-06,2.062465104404610e-07,3,0,0,REACHED_FORCE,3,0,0,REACHED_FORCE,5,0,0,REACHED_FORCE,2.830328776921391e-04,4.546402646091185e-07,4.407782662454732e-17,6.248938782029312e-05,1.330819513062353e-07,6.141547503246830e-17,4.912645103834248e-02,4.476572144085367e-07,6.116584249024216e-14,false
7,3.162000000000000e+00,1.410142662217232e+06,0,9,CONTINUE,6.570721876693608e-06,8.334089088103021e-07,0.000000000000000e+00,6.570721876693608e-07,2.220446056177456e-14,2.191290639365295e+01,9.900000000000000e-01,1.334831021085362e-06,2.062465104404610e-07,3,0,0,REACHED_FORCE,2,0,0,REACHED_FORCE,4,0,0,REACHED_FORCE,9.467610812777969e-05,1.653535695866903e-08,1.834541463561468e-16,2.094681360800579e-05,1.839576264234255e-07,2.013605707475780e-16,1.634526150293756e-02,1.046815683025670e-07,3.014854779721350e-13,false
7,1.000000000000000e+01,1.410142662217232e+06,0,7,CONTINUE,6.570721876693608e-06,8.334089611267504e-07,0.000000000000000e+00,6.570721876693608e-07,2.220446056177456e-14,2.191290639365295e+01,9.900000000000000e-01,1.334831021085362e-06,2.062465104404610e-07,2,0,0,REACHED_FORCE,2,0,0,REACHED_FORCE,3,0,0,REACHED_FORCE,3.050089343895065e-05,8.229420690730738e-08,6.060912019349834e-16,6.753890979423496e-06,2.147008852648735e-08,7.030078863177841e-16,5.257311698813037e-03,1.412656729371520e-07,7.772956589509161e-13,false
7,3.162000000000000e+01,1.410142662217232e+06,0,7,CONTINUE,6.570721876693608e-06,8.334089430774406e-07,0.000000000000000e+00,6.570721876693608e-07,2.220446056177456e-14,2.191290639365295e+01,9.900000000000000e-01,1.334831021085362e-06,2.062465104404610e-07,2,0,0,REACHED_FORCE,2,0,0,REACHED_FORCE,3,0,0,REACHED_FORCE,9.704262719954802e-06,8.654102880492620e-09,1.554494049501660e-15,2.149254984532279e-06,2.252808859598554e-09,2.220821472451979e-15,1.671860753297713e-03,4.489294269660604e-09,3.001823576284122e-12,false
7,1.000000000000000e+02,1.410142662217232e+06,0,6,CONTINUE,6.570721876693608e-06,8.334089411968841e-07,0.000000000000000e+00,6.570721876693608e-07,2.220446056177456e-14,2.191290639365295e+01,9.900000000000000e-01,1.334831021085362e-06,2.062465104404610e-07,2,0,0,REACHED_FORCE,2,0,0,REACHED_FORCE,2,0,0,REACHED_FORCE,3.074365949652627e-06,8.793199033491073e-10,4.662666748788783e-15,6.809484059400258e-07,2.127187245792861e-10,8.084720844475947e-15,5.295738604059320e-04,1.995224394590878e-07,7.839777810138404e-12,false
7,3.162000000000000e+02,1.410142662217232e+06,0,5,CONTINUE,6.570721876693608e-06,8.334088772708259e-07,0.000000000000000e+00,6.570721876693608e-07,2.220446056177456e-14,2.191290639365295e+01,9.900000000000000e-01,1.334831021085362e-06,2.062465104404610e-07,2,0,0,REACHED_FORCE,1,0,0,REACHED_FORCE,2,0,0,REACHED_FORCE,9.728749073410967e-07,8.839920288827852e-11,1.884730318002342e-14,2.154898948040392e-07,1.451884633629774e-07,2.051445803341332e-14,1.675741535232659e-04,2.005389010406589e-08,2.283320016261282e-11,false
7,1.000000000000000e+03,1.410142662217232e+06,0,4,CONTINUE,6.570721876693608e-06,8.334090593623998e-07,0.000000000000000e+00,6.570721876693608e-07,2.220446056177456e-14,2.191290639365295e+01,9.900000000000000e-01,1.334831021085362e-06,2.062465104404610e-07,1,0,0,REACHED_FORCE,1,0,0,REACHED_FORCE,2,0,0,REACHED_FORCE,3.076820761906406e-07,1.734590466245106e-07,5.747936334157480e-14,6.817928899250320e-08,4.593404404756862e-08,7.498764223245133e-14,5.299630709761227e-05,2.008148314303071e-09,5.587247168781350e-11,false
7,3.162000000000000e+03,1.410142662217232e+06,0,4,CONTINUE,6.570721876693608e-06,8.334089890264213e-07,0.000000000000000e+00,6.570721876693608e-07,2.220446056177456e-14,2.191290639365295e+01,9.900000000000000e-01,1.334831021085362e-06,2.062465104404610e-07,1,0,0,REACHED_FORCE,1,0,0,REACHED_FORCE,2,0,0,REACHED_FORCE,9.731206433818795e-08,5.486080018567152e-08,1.583081545447250e-13,2.155744615486977e-08,1.452427689924152e-08,2.611048585322896e-13,1.676130982435750e-05,2.009414856729563e-10,2.239457010745845e-10,false
7,1.000000000000000e+04,1.410142662217232e+06,0,4,CONTINUE,6.570721876693608e-06,8.334089839042661e-07,0.000000000000000e+00,6.570721876693608e-07,2.220446056177456e-14,2.191290639365295e+01,9.900000000000000e-01,1.334831021085362e-06,2.062465104404610e-07,1,0,0,REACHED_FORCE,1,0,0,REACHED_FORCE,2,0,0,REACHED_FORCE,3.077066402952041e-08,1.734732510243198e-08,4.715094098953377e-13,6.815999451091982e-09,4.592312821682931e-09,7.517316786402223e-13,5.300018578562754e-06,2.010214217307293e-11,7.997565361967654e-10,false
7,3.162000000000000e+04,1.410142662217232e+06,0,4,CONTINUE,6.570721876693608e-06,8.334089842440357e-07,0.000000000000000e+00,6.570721876693608e-07,2.220446056177456e-14,2.191290639365295e+01,9.900000000000000e-01,1.334831021085362e-06,2.062465104404610e-07,1,0,0,REACHED_FORCE,1,0,0,REACHED_FORCE,2,0,0,REACHED_FORCE,9.731451204783572e-09,5.486220188213875e-09,1.775015203391301e-12,2.155550550186718e-09,1.452317072159204e-09,2.334210570095432e-12,1.676170304088333e-06,2.002842336423782e-12,2.382518745518692e-09,false
7,1.000000000000000e+05,1.410142662217232e+06,0,3,CONTINUE,6.570721876693608e-06,8.334094683527841e-07,0.000000000000000e+00,6.570721876693608e-07,2.220446056177456e-14,2.191290639365295e+01,9.900000000000000e-01,1.334831021085362e-06,2.062465104404610e-07,1,0,0,REACHED_FORCE,1,0,0,REACHED_FORCE,1,0,0,REACHED_FORCE,3.077090897991386e-09,1.734746436776735e-09,6.420620878993812e-12,6.815799859837243e-10,4.191356706151339e-10,7.197571530802852e-12,5.300039261654414e-07,3.875991074764329e-07,7.000749571700107e-09,true
7,3.162000000000000e+05,1.410142662217232e+06,0,3,CONTINUE,6.570721876693608e-06,8.334103469307190e-07,0.000000000000000e+00,6.570721876693608e-07,2.220446056177456e-14,2.191290639365295e+01,9.900000000000000e-01,1.334831021085362e-06,2.062465104404610e-07,1,0,0,REACHED_FORCE,1,0,0,REACHED_FORCE,1,0,0,REACHED_FORCE,9.731457542092620e-10,5.486220141376341e-10,1.550594501339803e-11,2.155519183041447e-10,1.325525383899517e-10,2.094595401433376e-11,1.676154412835724e-07,1.225795971393495e-07,2.507738332062465e-08,false
7,1.000000000000000e+06,1.410142662217232e+06,0,3,CONTINUE,6.570721876693608e-06,8.334102391994684e-07,0.000000000000000e+00,6.570721876693608e-07,2.220446056177456e-14,2.191290639365295e+01,9.900000000000000e-01,1.334831021085362e-06,2.062465104404610e-07,1,0,0,REACHED_FORCE,1,0,0,REACHED_FORCE,1,0,0,REACHED_FORCE,3.077085770918990e-10,1.734738169084649e-10,6.165654025465325e-11,6.815733496206409e-11,4.191285513099885e-11,5.414048805301997e-11,5.299983426908906e-08,3.875985310486385e-08,9.107477403390813e-08,false
7,3.162000000000000e+06,1.410142662217232e+06,0,3,CONTINUE,6.570721876693608e-06,8.334191662481113e-07,0.000000000000000e+00,6.570721876693608e-07,2.220446056177456e-14,2.191290639365295e+01,9.900000000000000e-01,1.334831021085362e-06,2.062465104404610e-07,1,0,0,REACHED_FORCE,1,0,0,REACHED_FORCE,1,0,0,REACHED_FORCE,9.731454438199264e-11,5.486255373610138e-11,2.141133602219612e-10,2.155495122891488e-11,1.325524412454371e-11,2.650184782123637e-10,1.675884449743390e-08,1.225475809718546e-08,3.163679103584314e-07,false
7,1.000000000000000e+07,1.410142662217232e+06,0,4,CONTINUE,6.570721876693608e-06,8.334121294018717e-07,0.000000000000000e+00,6.570721876693608e-07,2.220446056177456e-14,2.191290639365295e+01,9.900000000000000e-01,1.334831021085362e-06,2.062465104404610e-07,1,0,0,REACHED_FORCE,1,0,0,REACHED_FORCE,1,1,1,REACHED_FORCE,3.077027350656421e-11,1.734684791643293e-11,7.697339356994343e-10,6.815088222365570e-12,4.591889368743551e-12,7.754613551093211e-10,5.298850248015987e-09,3.875056719948589e-09,9.569142212533398e-07,false
7,3.162000000000000e+07,1.410142662217232e+06,0,4,CONTINUE,6.570721876693608e-06,8.333935702572707e-07,0.000000000000000e+00,6.570721876693608e-07,2.220446056177456e-14,2.191290639365295e+01,9.900000000000000e-01,1.334831021085362e-06,2.062465104404610e-07,1,0,0,REACHED_FORCE,1,0,0,REACHED_FORCE,1,1,1,REACHED_FORCE,9.730816158784779e-12,5.485086343459677e-12,1.961972766853749e-09,2.154989752055280e-12,1.451602726909584e-12,2.070011070866454e-09,1.673939303387955e-09,1.223846801678974e-09,2.800178174469272e-06,false
7,1.000000000000000e+08,1.410142662217232e+06,0,5,CONTINUE,6.570721876693608e-06,8.335234300477497e-07,0.000000000000000e+00,6.570721876693608e-07,2.220446056177456e-14,2.191290639365295e+01,9.900000000000000e-01,1.334831021085362e-06,2.062465104404610e-07,1,0,0,REACHED_FORCE,1,0,0,REACHED_FORCE,1,2,2,REACHED_FORCE,3.075731523718663e-12,1.732275781152204e-12,4.748741394407991e-09,6.804008744075275e-13,4.574465806150840e-13,6.865013277500936e-09,5.278005991825388e-10,3.855040731082227e-10,7.760951827768535e-06,false
7,3.162000000000000e+08,1.410142662217232e+06,0,6,CONTINUE,6.570721876693608e-06,8.337530448836348e-07,0.000000000000000e+00,6.570721876693608e-07,2.220446056177456e-14,2.191290639365295e+01,9.900000000000000e-01,1.334831021085362e-06,2.062465104404610e-07,1,0,0,REACHED_FORCE,1,0,0,REACHED_FORCE,1,3,3,REACHED_FORCE,9.722807378902992e-13,5.473330122462983e-13,2.160341734522383e-08,2.148674864118065e-13,1.443775654585977e-13,1.671065706020442e-08,1.670291690179490e-10,1.224718104708700e-10,2.159111384052325e-05,false
7,1.000000000000000e+09,1.410142662217232e+06,0,8,CONTINUE,6.570721876693608e-06,8.328960095351422e-07,0.000000000000000e+00,6.570721876693608e-07,2.220446056177456e-14,2.191290639365295e+01,9.900000000000000e-01,1.334831021085362e-06,2.062465104404610e-07,1,0,0,REACHED_FORCE,1,0,0,REACHED_FORCE,1,5,5,REACHED_FORCE,3.075834160733822e-13,1.722727863140427e-13,6.894342597926747e-08,6.806298364088720e-14,4.515138263272434e-14,7.721913616464805e-08,5.307209038232243e-11,3.928857239543504e-11,9.104312626159214e-05,false
7,3.162000000000000e+09,1.410142662217232e+06,1,11,CONTINUE,6.570721876693608e-06,8.788005495754664e-07,5.331018588983174e-14,6.570721876693608e-07,2.220446056177456e-14,2.191290639365295e+01,9.900000000000000e-01,1.334831021085362e-06,2.062465104404610e-07,1,3,3,REFINE_STALLED,1,3,3,REFINE_STALLED,1,2,2,REFINE_STALLED,8.855652802924615e-14,4.777775397535322e-14,1.021520994957964e-06,2.237540716548790e-14,1.303297747501375e-14,1.216150122848651e-06,1.377350623012356e-11,1.043032327174842e-11,1.551002626360972e-03,false
7,1.000000000000000e+10,1.410142662217232e+06,1,7,CONTINUE,6.570721876693608e-06,9.394830544420482e-07,5.331018588983174e-14,6.570721876693608e-07,2.220446056177456e-14,2.191290639365295e+01,9.900000000000000e-01,1.334831021085362e-06,2.062465104404610e-07,1,1,1,REFINE_STALLED,1,1,1,REFINE_STALLED,1,2,2,REFINE_STALLED,2.827073834860945e-14,1.545573564964986e-14,2.568969889365070e-06,6.452556689018950e-15,4.231641079210924e-15,3.020167320727355e-06,2.981616086094765e-12,2.547295707699959e-12,5.390048701188485e-03,false
7,3.162000000000000e+10,1.410142662217232e+06,1,7,CONTINUE,6.570721876693608e-06,1.012984483881400e-06,5.331018588983174e-14,6.570721876693608e-07,2.220446056177456e-14,2.191290639365295e+01,9.900000000000000e-01,1.334831021085362e-06,2.062465104404610e-07,1,1,1,REFINE_STALLED,1,1,1,REFINE_STALLED,1,2,2,REFINE_STALLED,8.516058261572141e-15,4.845950030141211e-15,6.042762687384515e-06,1.336526666700081e-15,8.513155458356181e-16,6.745009998531476e-06,2.021147464430482e-12,1.675104499554436e-12,1.745326465912071e-02,false
7,1.000000000000000e+11,1.410142662217232e+06,1,8,CONTINUE,6.570721876693608e-06,1.188281505989574e-06,5.331018588983174e-14,6.570721876693608e-07,2.220446056177456e-14,2.191290639365295e+01,9.900000000000000e-01,1.334831021085362e-06,2.062465104404610e-07,1,1,1,REFINE_STALLED,1,1,1,REFINE_STALLED,1,3,3,REFINE_STALLED,2.178018151850251e-15,1.286297457436802e-15,1.201693159134957e-05,5.815982261559862e-16,3.833738881908744e-16,1.345412273214008e-05,2.019174357213628e-12,1.596500709410975e-12,4.830403071759574e-02,false
7,3.162000000000000e+11,1.410142662217232e+06,1,10,CONTINUE,6.570721876693608e-06,1.672088586213029e-06,5.331018588983174e-14,6.570721876693608e-07,2.220446056177456e-14,2.191290639365295e+01,9.900000000000000e-01,1.334831021085362e-06,2.062465104404610e-07,1,1,1,REFINE_STALLED,1,1,1,REFINE_STALLED,1,5,5,REFINE_STALLED,4.473096587149204e-16,2.628106066104863e-16,2.681723748167140e-05,2.540010324653945e-16,1.494030593685025e-16,3.179965515105222e-05,1.147408837681062e-12,8.898437542370630e-13,1.050077046763575e-01,false
7,1.000000000000000e+12,1.410142662217232e+06,1,11,CONTINUE,6.570721876693608e-06,5.312902532155707e-06,5.331018588983174e-14,6.570721876693608e-07,2.220446056177456e-14,2.191290639365295e+01,2.118801884276653e-01,1.334831021085362e-06,2.062465104404610e-07,1,3,3,REFINE_STALLED,1,4,4,REFINE_STALLED,1,1,1,REFINE_STALLED,1.053601026913177e-16,6.288372600415926e-17,5.575517785746010e-05,1.464905819068436e-16,9.519295074422729e-17,6.499328777332456e-05,3.884791781993676e-13,3.008704396734174e-13,1.658660389121456e-01,false
7,3.162000000000000e+12,1.410142662217232e+06,1,11,CONTINUE,6.570721876693608e-06,5.809905342557226e-06,5.331018588983174e-14,6.570721876693608e-07,2.220446056177456e-14,2.191290639365295e+01,1.264917564804706e-01,1.334831021085362e-06,2.062465104404610e-07,1,3,3,REFINE_STALLED,1,4,4,REFINE_STALLED,1,1,1,REFINE_STALLED,3.600836170829320e-17,2.000353008235756e-17,8.776413805745659e-05,2.928716500500476e-17,1.154675313697062e-17,6.909130461597903e-05,9.122658474641173e-14,6.891709425360659e-14,2.041652278087037e-01,false
7,1.000000000000000e+13,1.410142662217232e+06,1,10,CONTINUE,6.570721876693608e-06,5.883051161589577e-06,5.331018588983174e-14,6.570721876693608e-07,2.220446056177456e-14,2.191290639365295e+01,1.131513690899440e-01,1.334831021085362e-06,2.062465104404610e-07,1,3,3,REFINE_STALLED,1,3,3,REFINE_STALLED,1,1,1,REFINE_STALLED,1.397130539689916e-17,7.535205098774256e-18,1.092156348389229e-04,1.164647247549710e-17,3.435565634063442e-18,7.300490514413179e-05,1.673840426018105e-14,1.072752997544058e-14,2.197614611780009e-01,false
7,3.162000000000000e+13,1.410142662217232e+06,1,8,CONTINUE,6.570721876693608e-06,5.857933950173785e-06,5.331018588983174e-14,6.570721876693608e-07,2.220446056177456e-14,2.191290639365295e+01,1.169045062955830e-01,1.334831021085362e-06,2.062465104404610e-07,1,2,2,REFINE_STALLED,1,2,2,REFINE_STALLED,1,1,1,REFINE_STALLED,5.312202835248090e-18,3.076423664427619e-18,1.189636352363654e-04,4.732255133423661e-18,1.897353801849633e-18,7.463930302385311e-05,3.895528115914948e-15,2.053912595556540e-15,2.256911596399356e-01,false
7,1.000000000000000e+14,1.410142662217232e+06,1,8,CONTINUE,6.570721876693608e-06,5.808101151371975e-06,5.331018588983174e-14,6.570721876693608e-07,2.220446056177456e-14,2.191290639365295e+01,1.249639508264948e-01,1.334831021085362e-06,2.062465104404610e-07,1,2,2,REFINE_STALLED,1,2,2,REFINE_STALLED,1,1,1,REFINE_STALLED,1.868294669361855e-18,1.074037777118453e-18,1.218678333176360e-04,1.735862896073186e-18,8.385626177817573e-19,7.662092394347848e-05,1.406176362111095e-15,6.904199434387692e-16,2.292597270720326e-01,false
7,3.162000000000000e+14,1.410142662217232e+06,1,6,CONTINUE,6.570721876693608e-06,5.793072013731078e-06,5.331018588983174e-14,6.570721876693608e-07,2.220446056177456e-14,2.191290639365295e+01,1.273901527797249e-01,1.334831021085362e-06,2.062465104404610e-07,1,1,1,REFINE_STALLED,1,1,1,REFINE_STALLED,1,1,1,REFINE_STALLED,6.093341792489511e-19,3.595654861094505e-19,1.238513133540916e-04,6.123197316191410e-19,3.138257069577183e-19,7.652484469858765e-05,4.980255978387043e-16,2.584737979205443e-16,2.283518015900735e-01,false
7,1.000000000000000e+15,1.410142662217232e+06,1,6,CONTINUE,6.570721876693608e-06,5.794009795851042e-06,5.331018588983174e-14,6.570721876693608e-07,2.220446056177456e-14,2.191290639365295e+01,1.272263688611767e-01,1.334831021085362e-06,2.062465104404610e-07,1,1,1,REFINE_STALLED,1,1,1,REFINE_STALLED,1,1,1,REFINE_STALLED,1.945440151953377e-19,1.130788984584491e-19,1.240788043662647e-04,1.998312998414118e-19,1.037615360386518e-19,7.623787405783840e-05,1.678232196590176e-16,8.825405684032006e-17,2.286814828969767e-01,false
7,3.162000000000000e+15,1.410142662217232e+06,1,6,CONTINUE,6.570721876693608e-06,5.792892400361720e-06,5.331018588983174e-14,6.570721876693608e-07,2.220446056177456e-14,2.191290639365295e+01,1.274062081706392e-01,1.334831021085362e-06,2.062465104404610e-07,1,1,1,REFINE_STALLED,1,1,1,REFINE_STALLED,1,1,1,REFINE_STALLED,6.184801081096256e-20,3.639594695233322e-20,1.244229045513139e-04,6.348576255965990e-20,3.351074097574826e-20,7.624481469608740e-05,5.318283804821917e-17,2.737610485525899e-17,2.281229512298433e-01,false
7,1.000000000000000e+16,1.410142662217232e+06,1,6,CONTINUE,6.570721876693608e-06,5.791895290319789e-06,5.331018588983174e-14,6.570721876693608e-07,2.220446056177456e-14,2.191290639365295e+01,1.275685874586206e-01,1.334831021085362e-06,2.062465104404610e-07,1,1,1,REFINE_STALLED,1,1,1,REFINE_STALLED,1,1,1,REFINE_STALLED,1.941423369530084e-20,1.132906566952627e-20,1.238795484493761e-04,2.014195331297765e-20,1.064085139988215e-20,7.628845137658560e-05,1.667631307544466e-17,8.443224418230866e-18,2.289636270514750e-01,false
7,3.162000000000000e+16,1.410142662217232e+06,1,6,CONTINUE,6.570721876693608e-06,5.796435066115799e-06,5.331018588983174e-14,6.570721876693608e-07,2.220446056177456e-14,2.191290639365295e+01,1.268246905808686e-01,1.334831021085362e-06,2.062465104404610e-07,1,1,1,REFINE_STALLED,1,1,1,REFINE_STALLED,1,1,1,REFINE_STALLED,6.273707771861961e-21,3.719004034038412e-21,1.233856981885646e-04,6.387622740197796e-21,3.348427119614656e-21,7.613956890402928e-05,5.449551680174246e-18,2.812149384884277e-18,2.290311651852741e-01,false
7,1.000000000000000e+17,1.410142662217232e+06,1,6,CONTINUE,6.570721876693608e-06,5.797098530764448e-06,5.331018588983174e-14,6.570721876693608e-07,2.220446056177456e-14,2.191290639365295e+01,1.267159580582039e-01,1.334831021085362e-06,2.062465104404610e-07,1,1,1,REFINE_STALLED,1,1,1,REFINE_STALLED,1,1,1,REFINE_STALLED,1.979736179965322e-21,1.181213914725724e-21,1.245894137868235e-04,1.999538353864468e-21,1.043901933041921e-21,7.633601982551094e-05,1.723146711346063e-18,8.724439356719293e-19,2.298881179633853e-01,false
7,3.162000000000000e+17,1.410142662217232e+06,1,6,CONTINUE,6.570721876693608e-06,5.786098066155452e-06,5.331018588983174e-14,6.570721876693608e-07,2.220446056177456e-14,2.191290639365295e+01,1.285175735831499e-01,1.334831021085362e-06,2.062465104404610e-07,1,1,1,REFINE_STALLED,1,1,1,REFINE_STALLED,1,1,1,REFINE_STALLED,6.368690529232287e-22,3.656138307484382e-22,1.246851776399841e-04,6.177147946499190e-22,3.267363419584459e-22,7.684986203440258e-05,5.439117386063792e-19,2.731681254895119e-19,2.293038104724486e-01,false
7,1.000000000000000e+18,1.410142662217232e+06,1,6,CONTINUE,6.570721876693608e-06,5.801197968856075e-06,5.331018588983174e-14,6.570721876693608e-07,2.220446056177456e-14,2.191290639365295e+01,1.260445122897440e-01,1.334831021085362e-06,2.062465104404610e-07,1,1,1,REFINE_STALLED,1,1,1,REFINE_STALLED,1,1,1,REFINE_STALLED,2.159166222933357e-22,1.265586337206132e-22,1.242343430156771e-04,1.849385830675906e-22,9.512577044359818e-23,7.669834132307219e-05,1.734714247718552e-19,8.459741560702325e-20,2.290190545049169e-01,false
8,1.000000000000000e+00,1.381279764249455e+06,0,13,CONTINUE,8.334094683527841e-07,9.050136631858818e-08,0.000000000000000e+00,8.334094683527841e-08,2.220446050233145e-14,2.191290639365295e+01,9.900000000000000e-01,2.168447889935059e-07,2.391999833034403e-09,4,0,0,REACHED_FORCE,3,0,0,REACHED_FORCE,6,0,0,REACHED_FORCE,8.602905876461351e-05,5.525149076972269e-09,1.773417312813236e-17,1.429736587492685e-05,3.739814977837819e-08,4.950424718978707e-17,2.657744772890140e-02,3.676733417723455e-09,1.349209386887361e-13,false
8,3.162000000000000e+00,1.381279764249455e+06,0,9,CONTINUE,8.334094683527841e-07,9.050136297743789e-08,0.000000000000000e+00,8.334094683527841e-08,2.220446050233145e-14,2.191290639365295e+01,9.900000000000000e-01,2.168447889935059e-07,2.391999833034403e-09,3,0,0,REACHED_FORCE,2,0,0,REACHED_FORCE,4,0,0,REACHED_FORCE,2.874206051932005e-05,6.195618820065141e-09,7.381072603489736e-17,4.796638043304037e-06,6.372312112007394e-08,9.034020003128935e-17,8.820936429411333e-03,3.010799121128116e-08,2.348252533155909e-13,false
8,1.000000000000000e+01,1.381279764249455e+06,0,7,CONTINUE,8.334094683527841e-07,9.050137090032300e-08,0.000000000000000e+00,8.334094683527841e-08,2.220446050233145e-14,2.191290639365295e+01,9.900000000000000e-01,2.168447889935059e-07,2.391999833034403e-09,2,0,0,REACHED_FORCE,2,0,0,REACHED_FORCE,3,0,0,REACHED_FORCE,9.256622687426274e-06,3.231789851747616e-08,1.774904762201007e-16,1.547665771316442e-06,7.412265039599686e-09,3.875842968049340e-16,2.834164448155607e-03,6.305894117986099e-08,9.873914573424805e-13,false
8,3.162000000000000e+01,1.381279764249455e+06,0,7,CONTINUE,8.334094683527841e-07,9.050136892175354e-08,0.000000000000000e+00,8.334094683527841e-08,2.220446050233145e-14,2.191290639365295e+01,9.900000000000000e-01,2.168447889935059e-07,2.391999833034403e-09,2,0,0,REACHED_FORCE,2,0,0,REACHED_FORCE,3,0,0,REACHED_FORCE,2.944859088122621e-06,3.397945134899633e-09,7.342417705199838e-16,4.925800377197062e-07,7.759330088175087e-10,9.421327161331132e-16,9.009443641299975e-04,2.008441413181572e-09,2.074852960460182e-12,false
8,1.000000000000000e+02,1.381279764249455e+06,0,7,CONTINUE,8.334094683527841e-07,9.050136884146206e-08,0.000000000000000e+00,8.334094683527841e-08,2.220446050233145e-14,2.191290639365295e+01,9.900000000000000e-01,2.168447889935059e-07,2.391999833034403e-09,2,0,0,REACHED_FORCE,2,0,0,REACHED_FORCE,3,0,0,REACHED_FORCE,9.329237875533143e-07,3.452337842685393e-10,2.034395389695206e-15,1.560752145518036e-07,7.878698908558857e-11,4.208600087546450e-15,2.853452911626248e-04,6.357225856845616e-11,1.320754769265636e-11,false
8,3.162000000000000e+02,1.381279764249455e+06,0,5,CONTINUE,8.334094683527841e-07,9.050138926381603e-08,0.000000000000000e+00,8.334094683527841e-08,2.220446050233145e-14,2.191290639365295e+01,9.900000000000000e-01,2.168447889935059e-07,2.391999833034403e-09,2,0,0,REACHED_FORCE,1,0,0,REACHED_FORCE,2,0,0,REACHED_FORCE,2.952188496593434e-07,3.470608522793128e-11,4.941915574007922e-15,4.939210233170456e-08,4.650799313027365e-08,1.238604105107412e-14,9.028882969611060e-05,8.358355785276217e-09,3.066985907037817e-11,false
8,1.000000000000000e+03,1.381279764249455e+06,0,5,CONTINUE,8.334094683527841e-07,9.050137692910143e-08,0.000000000000000e+00,8.334094683527841e-08,2.220446050233145e-14,2.191290639365295e+01,9.900000000000000e-01,2.168447889935059e-07,2.391999833034403e-09,2,0,0,REACHED_FORCE,1,0,0,REACHED_FORCE,2,0,0,REACHED_FORCE,9.336587480810923e-08,3.475613026548974e-12,1.819461347146634e-14,1.562103819542027e-08,1.470854546492539e-08,3.794644322230561e-14,2.855401099285829e-05,8.370175663685586e-10,8.696814300849223e-11,false
8,3.162000000000000e+03,1.381279764249455e+06,0,4,CONTINUE,8.334094683527841e-07,9.050137599351955e-08,0.000000000000000e+00,8.334094683527841e-08,2.220446050233145e-14,2.191290639365295e+01,9.900000000000000e-01,2.168447889935059e-07,2.391999833034403e-09,1,0,0,REACHED_FORCE,1,0,0,REACHED_FORCE,2,0,0,REACHED_FORCE,2.952924249895740e-08,2.216172196971289e-08,5.599483035169627e-14,4.941375870470960e-09,4.652555410378234e-09,1.379793766295301e-13,9.030833421428348e-06,8.376499494033851e-11,3.143799169089471e-10,false
8,1.000000000000000e+04,1.381279764249455e+06,0,4,CONTINUE,8.334094683527841e-07,9.050137457975677e-08,0.000000000000000e+00,8.334094683527841e-08,2.220446050233145e-14,2.191290639365295e+01,9.900000000000000e-01,2.168447889935059e-07,2.391999833034403e-09,1,0,0,REACHED_FORCE,1,0,0,REACHED_FORCE,2,0,0,REACHED_FORCE,9.337322667908385e-09,7.007664458696244e-09,1.974947217366510e-13,1.562319815507164e-09,1.471029555111247e-09,3.298132641226556e-13,2.855596335285639e-06,8.363976178316079e-12,8.583206324704666e-10,false
8,3.162000000000000e+04,1.381279764249455e+06,0,4,CONTINUE,8.334094683527841e-07,9.050141873376281e-08,0.000000000000000e+00,8.334094683527841e-08,2.220446050233145e-14,2.191290639365295e+01,9.900000000000000e-01,2.168447889935059e-07,2.391999833034403e-09,1,0,0,REACHED_FORCE,1,0,0,REACHED_FORCE,2,0,0,REACHED_FORCE,2.952997851421664e-09,2.216225921097131e-09,6.922859935263211e-13,4.940772684355606e-10,4.652098810342675e-10,1.098719352704375e-12,9.031023257857262e-07,8.402167850363185e-13,2.903177382048229e-09,false
8,1.000000000000000e+05,1.381279764249455e+06,0,4,CONTINUE,8.334094683527841e-07,9.050146617021468e-08,0.000000000000000e+00,8.334094683527841e-08,2.220446050233145e-14,2.191290639365295e+01,9.900000000000000e-01,2.168447889935059e-07,2.391999833034403e-09,1,0,0,REACHED_FORCE,1,0,0,REACHED_FORCE,2,0,0,REACHED_FORCE,9.337393455703375e-10,7.007716195522873e-10,1.684822077423000e-12,1.562259450202141e-10,1.470983994333874e-10,3.085835719012211e-12,2.855596764306060e-07,7.105427357601002e-14,9.603456529735196e-09,false
8,3.162000000000000e+05,1.381279764249455e+06,0,4,CONTINUE,8.334094683527841e-07,9.050172966505956e-08,0.000000000000000e+00,8.334094683527841e-08,2.220446050233145e-14,2.191290639365295e+01,9.900000000000000e-01,2.168447889935059e-07,2.391999833034403e-09,1,0,0,REACHED_FORCE,1,0,0,REACHED_FORCE,2,0,0,REACHED_FORCE,2.952997571904804e-10,2.216221854471623e-10,4.663862921675665e-12,4.940711171499483e-11,4.652044374719999e-11,1.028251940420880e-11,9.030876964595708e-08,5.684341886080801e-14,2.399851595457430e-08,false
8,1.000000000000000e+06,1.381279764249455e+06,0,3,CONTINUE,8.334094683527841e-07,9.050317169617392e-08,0.000000000000000e+00,8.334094683527841e-08,2.220446050233145e-14,2.191290639365295e+01,9.900000000000000e-01,2.168447889935059e-07,2.391999833034403e-09,1,0,0,REACHED_FORCE,1,0,0,REACHED_FORCE,1,0,0,REACHED_FORCE,9.337313894227033e-11,7.007644377970967e-11,1.734548183276542e-11,1.562157184923935e-11,1.365766180705386e-11,4.106655351100767e-11,2.855605091022773e-08,1.845869901373476e-08,6.480708276043033e-08,true
8,3.162000000000000e+06,1.381279764249455e+06,0,4,CONTINUE,8.334094683527841e-07,9.050245120388458e-08,0.000000000000000e+00,8.334094683527841e-08,2.220446050233145e-14,2.191290639365295e+01,9.900000000000000e-01,2.168447889935059e-07,2.391999833034403e-09,1,0,0,REACHED_FORCE,1,0,0,REACHED_FORCE,1,1,1,REACHED_FORCE,2.952968351568352e-11,2.216179757069670e-11,5.593027011675574e-11,4.940268409614753e-12,4.651806717603790e-12,7.721110137655237e-11,9.031098677298243e-09,5.837813343845255e-09,2.214381220843400e-07,false
8,1.000000000000000e+07,1.381279764249455e+06,0,4,CONTINUE,8.334094683527841e-07,9.051325016533896e-08,0.000000000000000e+00,8.334094683527841e-08,2.220446050233145e-14,2.191290639365295e+01,9.900000000000000e-01,2.168447889935059e-07,2.391999833034403e-09,1,0,0,REACHED_FORCE,1,0,0,REACHED_FORCE,1,1,1,REACHED_FORCE,9.336837170396311e-12,7.007141394899108e-12,1.924117905051920e-10,1.561141275734904e-12,1.470275290404999e-12,1.955885942918675e-10,2.855302526599998e-09,1.846391484150445e-09,7.954072141030712e-07,false
8,3.162000000000000e+07,1.381279764249455e+06,0,5,CONTINUE,8.334094683527841e-07,9.050479219597702e-08,0.000000000000000e+00,8.334094683527841e-08,2.220446050233145e-14,2.191290639365295e+01,9.900000000000000e-01,2.168447889935059e-07,2.391999833034403e-09,1,0,0,REACHED_FORCE,1,0,0,REACHED_FORCE,1,2,2,REACHED_FORCE,2.952500727564670e-12,2.215724131948704e-12,5.802858912268242e-10,4.938967177473788e-13,4.649995666294870e-13,5.589942390510022e-10,9.023414163270330e-10,5.843339145883419e-10,2.849889661447481e-06,false
8,1.000000000000000e+08,1.381279764249455e+06,1,5,CONTINUE,8.334094683527841e-07,9.040113533331426e-08,0.000000000000000e+00,8.334094683527841e-08,2.220446050233145e-14,2.191290639365295e+01,9.900000000000000e-01,2.168447889935059e-07,2.391999833034403e-09,1,0,0,REACHED_FORCE,1,1,1,REACHED_FORCE,1,1,1,REFINE_STALLED,9.329620972103399e-13,6.999587541522967e-13,3.716679159786468e-09,1.559784518678839e-13,1.470941424219774e-13,3.312579258145890e-09,2.867361392271738e-10,1.855986475618465e-10,1.373682372512676e-05,false
8,3.162000000000000e+08,1.381279764249455e+06,1,5,CONTINUE,8.334094683527841e-07,9.988043563234188e-08,0.000000000000000e+00,8.334094683527841e-08,2.220446050233145e-14,2.191290639365295e+01,9.742102975372714e-01,2.168447889935059e-07,2.391999833034403e-09,1,0,0,REACHED_FORCE,1,1,1,REACHED_FORCE,1,1,1,REFINE_STALLED,2.949472749544626e-13,2.212264117555651e-13,8.376320887236404e-09,4.938823950542273e-14,4.647671136837062e-14,2.226202941491571e-08,8.963608744056576e-11,5.935429925330027e-11,2.115259289571733e-05,false
8,1.000000000000000e+09,1.381279764249455e+06,1,11,CONTINUE,8.334094683527841e-07,9.354127868805813e-08,5.331018588983174e-14,8.334094683527841e-08,2.220446050233145e-14,2.191290639365295e+01,9.900000000000000e-01,2.168447889935059e-07,2.391999833034403e-09,1,3,3,REFINE_STALLED,1,3,3,REFINE_STALLED,1,2,2,REFINE_STALLED,8.614465061971557e-14,6.258687144933273e-14,1.434886236836630e-07,1.419341906939203e-14,1.261751120251731e-14,1.714456708573969e-07,2.356637728839607e-11,1.538946747814407e-11,5.282395418133451e-04,false
8,3.162000000000000e+09,1.381279764249455e+06,1,9,CONTINUE,8.334094683527841e-07,9.595399416043487e-08,5.331018588983174e-14,8.334094683527841e-08,2.220446050233145e-14,2.191290639365295e+01,9.900000000000000e-01,2.168447889935059e-07,2.391999833034403e-09,1,1,1,REFINE_STALLED,1,3,3,REFINE_STALLED,1,2,2,REFINE_STALLED,2.721405485110800e-14,1.979143303236508e-14,3.810906806758050e-07,4.894283988980084e-15,4.515864678727999e-15,4.490308435010987e-07,6.371542710331259e-12,4.394540287222526e-12,1.862971100545787e-03,false
8,1.000000000000000e+10,1.381279764249455e+06,1,7,CONTINUE,8.334094683527841e-07,9.991000253332496e-08,5.331018588983174e-14,8.334094683527841e-08,2.220446050233145e-14,2.191290639365295e+01,9.900000000000000e-01,2.168447889935059e-07,2.391999833034403e-09,1,1,1,REFINE_STALLED,1,1,1,REFINE_STALLED,1,2,2,REFINE_STALLED,8.503146806457606e-15,6.243703470909523e-15,9.426293689942024e-07,1.400020890151305e-15,1.286189037219554e-15,1.104500777330232e-06,2.733823620227514e-12,2.006839139312433e-12,6.106786558722070e-03,false
8,3.162000000000000e+10,1.381279764249455e+06,1,8,CONTINUE,8.334094683527841e-07,1.046651473775935e-07,5.331018588983174e-14,8.334094683527841e-08,2.220446050233145e-14,2.191290639365295e+01,9.900000000000000e-01,2.168447889935059e-07,2.391999833034403e-09,1,1,1,REFINE_STALLED,1,1,1,REFINE_STALLED,1,3,3,REFINE_STALLED,2.508197067323394e-15,1.870465587971992e-15,2.111167478473544e-06,3.711875775784104e-16,1.955900719163850e-16,2.407313500616630e-06,2.930328868826015e-12,2.235767126990140e-12,1.865566077864203e-02,false
8,1.000000000000000e+11,1.381279764249455e+06,1,9,CONTINUE,8.334094683527841e-07,1.232187447789561e-07,5.331018588983174e-14,8.334094683527841e-08,2.220446050233145e-14,2.191290639365295e+01,9.900000000000000e-01,2.168447889935059e-07,2.391999833034403e-09,1,1,1,REFINE_STALLED,1,1,1,REFINE_STALLED,1,4,4,REFINE_STALLED,6.299208425042955e-16,4.740131898106625e-16,4.281476861851771e-06,1.971083038566963e-16,1.140580685454751e-16,4.788005619000667e-06,2.390196927424835e-12,1.785904757412027e-12,5.092891639550679e-02,false
8,3.162000000000000e+11,1.381279764249455e+06,1,12,CONTINUE,8.334094683527841e-07,2.016475443761505e-07,5.331018588983174e-14,8.334094683527841e-08,2.220446050233145e-14,2.191290639365295e+01,9.679829217040791e-01,2.168447889935059e-07,2.391999833034403e-09,1,1,1,REFINE_STALLED,1,1,1,REFINE_STALLED,1,7,7,REFINE_STALLED,1.312696250637641e-16,7.415942859800850e-17,9.416015980600895e-06,7.930522538580221e-17,6.852157730108388e-17,1.101634259660883e-05,1.293130374367831e-12,9.685585666829866e-13,1.074162452950340e-01,false
8,1.000000000000000e+12,1.381279764249455e+06,1,7,CONTINUE,8.334094683527841e-07,7.296723684362150e-07,5.331018588983174e-14,8.334094683527841e-08,2.220446050233145e-14,2.191290639365295e+01,1.076755712947098e-01,2.168447889935059e-07,2.391999833034403e-09,1,1,1,REFINE_STALLED,1,2,2,REFINE_STALLED,1,1,1,REFINE_STALLED,3.499539502569411e-17,2.512638534735157e-17,1.920722985334402e-05,2.505570157643618e-17,1.761828530288945e-17,1.784939371020220e-05,4.334688447258327e-13,3.287370375915089e-13,1.684875217412142e-01,false
8,3.162000000000000e+12,1.381279764249455e+06,1,12,CONTINUE,8.334094683527841e-07,7.392583972149465e-07,5.331018588983174e-14,8.334094683527841e-08,2.220446050233145e-14,2.191290639365295e+01,1.143762363053206e-01,2.168447889935059e-07,2.391999833034403e-09,1,4,4,REFINE_STALLED,1,4,4,REFINE_STALLED,1,1,1,REFINE_STALLED,1.228304884196583e-17,8.822695178600792e-18,3.200260541788409e-05,7.536640498305331e-18,4.187730891225261e-18,2.748322827189671e-05,1.035782580492899e-13,7.679967772844520e-14,2.036606007923638e-01,false
8,1.000000000000000e+13,1.381279764249455e+06,1,8,CONTINUE,8.334094683527841e-07,7.480615364305477e-07,5.331018588983174e-14,8.334094683527841e-08,2.220446050233145e-14,2.191290639365295e+01,1.037833306587330e-01,2.168447889935059e-07,2.391999833034403e-09,1,2,2,REFINE_STALLED,1,2,2,REFINE_STALLED,1,1,1,REFINE_STALLED,4.213837637079655e-18,2.544486973551918e-18,4.045655669884546e-05,3.039569323634656e-18,1.399298428864104e-18,2.804279465990428e-05,2.027815556610840e-14,1.343716804491635e-14,2.205575183597206e-01,false
8,3.162000000000000e+13,1.381279764249455e+06,1,8,CONTINUE,8.334094683527841e-07,7.447494245097035e-07,5.331018588983174e-14,8.334094683527841e-08,2.220446050233145e-14,2.191290639365295e+01,1.078418073484187e-01,2.168447889935059e-07,2.391999833034403e-09,1,2,2,REFINE_STALLED,1,2,2,REFINE_STALLED,1,1,1,REFINE_STALLED,1.456793027554879e-18,8.910786605115240e-19,4.436207849677547e-05,1.100273595321200e-18,4.624799892008480e-19,2.971461726719921e-05,4.186093709425549e-15,2.081668171172169e-15,2.250631059625473e-01,false
8,1.000000000000000e+14,1.381279764249455e+06,1,6,CONTINUE,8.334094683527841e-07,7.398720016524395e-07,5.331018588983174e-14,8.334094683527841e-08,2.220446050233145e-14,2.191290639365295e+01,1.137657491285419e-01,2.168447889935059e-07,2.391999833034403e-09,1,1,1,REFINE_STALLED,1,1,1,REFINE_STALLED,1,1,1,REFINE_STALLED,5.139499063036754e-19,3.261076846929056e-19,4.569417788795221e-05,4.177414648264579e-19,2.333575769685597e-19,3.094380895604900e-05,1.272824093326282e-15,6.522560269672795e-16,2.291571029373591e-01,false
8,3.162000000000000e+14,1.381279764249455e+06,1,6,CONTINUE,8.334094683527841e-07,7.371151421085120e-07,5.331018588983174e-14,8.334094683527841e-08,2.220446050233145e-14,2.191290639365295e+01,1.171081398386207e-01,2.168447889935059e-07,2.391999833034403e-09,1,1,1,REFINE_STALLED,1,1,1,REFINE_STALLED,1,1,1,REFINE_STALLED,1.676388177874976e-19,1.086319754853640e-19,4.631679295962786e-05,1.416656217482996e-19,8.279747059410786e-20,3.087805524621800e-05,4.309902742372919e-16,1.994931997373328e-16,2.292940071759627e-01,false
8,1.000000000000000e+15,1.381279764249455e+06,1,6,CONTINUE,8.334094683527841e-07,7.373372070939061e-07,5.331018588983174e-14,8.334094683527841e-08,2.220446050233145e-14,2.191290639365295e+01,1.168358130521204e-01,2.168447889935059e-07,2.391999833034403e-09,1,1,1,REFINE_STALLED,1,1,1,REFINE_STALLED,1,1,1,REFINE_STALLED,5.343481051071909e-20,3.515186731105346e-20,4.648952489651457e-05,4.662252578690443e-20,2.742269166735797e-20,3.098578904221927e-05,1.370406670904304e-16,5.551115123125783e-17,2.282761861307319e-01,false
8,3.162000000000000e+15,1.381279764249455e+06,1,6,CONTINUE,8.334094683527841e-07,7.376810167549404e-07,5.331018588983174e-14,8.334094683527841e-08,2.220446050233145e-14,2.191290639365295e+01,1.164170922872241e-01,2.168447889935059e-07,2.391999833034403e-09,1,1,1,REFINE_STALLED,1,1,1,REFINE_STALLED,1,1,1,REFINE_STALLED,1.714713515388633e-20,1.106436787350930e-20,4.638573604876327e-05,1.498771840335317e-20,8.999725064576941e-21,3.063356073234463e-05,4.637820533649241e-17,2.059984127722458e-17,2.293162724470195e-01,false
8,1.000000000000000e+16,1.381279764249455e+06,1,6,CONTINUE,8.334094683527841e-07,7.369553889919269e-07,5.331018588983174e-14,8.334094683527841e-08,2.220446050233145e-14,2.191290639365295e+01,1.172993483722749e-01,2.168447889935059e-07,2.391999833034403e-09,1,1,1,REFINE_STALLED,1,1,1,REFINE_STALLED,1,1,1,REFINE_STALLED,5.416766899087941e-21,3.487393462523565e-21,4.652221042919524e-05,4.756236441265977e-21,2.908367033736445e-21,3.084881187240084e-05,1.470960450026244e-17,6.125742274543100e-18,2.291917563519477e-01,false
8,3.162000000000000e+16,1.381279764249455e+06,1,6,CONTINUE,8.334094683527841e-07,7.380221236248094e-07,5.331018588983174e-14,8.334094683527841e-08,2.220446050233145e-14,2.191290639365295e+01,1.160020437530317e-01,2.168447889935059e-07,2.391999833034403e-09,1,1,1,REFINE_STALLED,1,1,1,REFINE_STALLED,1,1,1,REFINE_STALLED,1.710639387048352e-21,1.111730743271269e-21,4.654542542660440e-05,1.505023557050612e-21,8.983181452325881e-22,3.094383598305605e-05,4.630051617148913e-18,1.951563910473908e-18,2.294592140220723e-01,false
8,1.000000000000000e+17,1.381279764249455e+06,1,6,CONTINUE,8.334094683527841e-07,7.376095860895871e-07,5.331018588983174e-14,8.334094683527841e-08,2.220446050233145e-14,2.191290639365295e+01,1.165037111944609e-01,2.168447889935059e-07,2.391999833034403e-09,1,1,1,REFINE_STALLED,1,1,1,REFINE_STALLED,1,1,1,REFINE_STALLED,5.404004435771716e-22,3.432799542095065e-22,4.615801973529615e-05,4.694377244702746e-22,2.795870470429234e-22,3.074827547465846e-05,1.482542630211843e-18,6.572975670693371e-19,2.293262700387088e-01,false
8,3.162000000000000e+17,1.381279764249455e+06,1,6,CONTINUE,8.334094683527841e-07,7.375748206962918e-07,5.331018588983174e-14,8.334094683527841e-08,2.220446050233145e-14,2.191290639365295e+01,1.165459760968454e-01,2.168447889935059e-07,2.391999833034403e-09,1,1,1,REFINE_STALLED,1,1,1,REFINE_STALLED,1,1,1,REFINE_STALLED,1.715629829482989e-22,1.111523948118131e-22,4.645230851532992e-05,1.470322031414236e-22,8.664716916492965e-23,3.095110136447959e-05,4.626248715825082e-19,1.965116437629977e-19,2.291850802409950e-01,false
8,1.000000000000000e+18,1.381279764249455e+06,1,6,CONTINUE,8.334094683527841e-07,7.375398047385166e-07,5.331018588983174e-14,8.334094683527841e-08,2.220446050233145e-14,2.191290639365295e+01,1.165885564371710e-01,2.168447889935059e-07,2.391999833034403e-09,1,1,1,REFINE_STALLED,1,1,1,REFINE_STALLED,1,1,1,REFINE_STALLED,5.535681676005834e-23,3.680953725860973e-23,4.648301469599736e-05,4.440674681798021e-23,2.657317717826601e-23,3.095989882332723e-05,1.442398986575967e-19,5.759824041329242e-20,2.299733471776784e-01,false
9,1.000000000000000e+00,1.463921520423181e+06,0,13,CONTINUE,9.050317169617392e-08,8.346358190832997e-09,0.000000000000000e+00,9.050317169617392e-09,2.220446049290164e-14,2.191290639365295e+01,9.900000000000000e-01,8.277717015739990e-09,2.657863064465084e-11,4,0,0,REACHED_FORCE,3,0,0,REACHED_FORCE,6,0,0,REACHED_FORCE,1.395115376236431e-05,1.734175830334864e-09,1.651581516002477e-17,1.253956572300206e-06,2.963707938785642e-09,3.499222276295454e-17,1.622094786151900e-02,7.810709856670428e-10,8.515739920606794e-14,false
9,3.162000000000000e+00,1.463921520423181e+06,0,11,CONTINUE,9.050317169617392e-08,8.346357897052913e-09,0.000000000000000e+00,9.050317169617392e-09,2.220446049290164e-14,2.191290639365295e+01,9.900000000000000e-01,8.277717015739990e-09,2.657863064465084e-11,3,0,0,REACHED_FORCE,3,0,0,REACHED_FORCE,5,0,0,REACHED_FORCE,4.671707750310726e-06,1.213179397219211e-09,5.456813734064517e-17,4.426752993533680e-07,1.500556220078442e-10,1.284836739461193e-16,5.385613505615348e-03,5.410973891173398e-10,3.111326091989197e-13,false
9,1.000000000000000e+01,1.463921520423181e+06,0,9,CONTINUE,9.050317169617392e-08,8.346358526367448e-09,0.000000000000000e+00,9.050317169617392e-09,2.220446049290164e-14,2.191290639365295e+01,9.900000000000000e-01,8.277717015739990e-09,2.657863064465084e-11,3,0,0,REACHED_FORCE,2,0,0,REACHED_FORCE,4,0,0,REACHED_FORCE,1.506728470072356e-06,3.867010401129023e-11,1.460956122298851e-16,1.460315669108559e-07,1.191686879384313e-09,4.966776245763287e-16,1.730346188020115e-03,1.190638698744806e-10,9.480595098555290e-13,false
9,3.162000000000000e+01,1.463921520423181e+06,0,7,CONTINUE,9.050317169617392e-08,8.346357974587429e-09,0.000000000000000e+00,9.050317169617392e-09,2.220446049290164e-14,2.191290639365295e+01,9.900000000000000e-01,8.277717015739990e-09,2.657863064465084e-11,2,0,0,REACHED_FORCE,2,0,0,REACHED_FORCE,3,0,0,REACHED_FORCE,4.796128919776951e-07,9.979459613274760e-10,5.851935646321781e-16,4.686133725326980e-08,1.247363254353040e-10,9.189812504079722e-16,5.500377369346926e-04,7.814549007889582e-10,2.269449739695756e-12,false
9,1.000000000000000e+02,1.463921520423181e+06,0,7,CONTINUE,9.050317169617392e-08,8.346357884555923e-09,0.000000000000000e+00,9.050317169617392e-09,2.220446049290164e-14,2.191290639365295e+01,9.900000000000000e-01,8.277717015739990e-09,2.657863064465084e-11,2,0,0,REACHED_FORCE,2,0,0,REACHED_FORCE,3,0,0,REACHED_FORCE,1.519689900730933e-07,1.012970430192689e-10,1.411196412420332e-15,1.488495102247967e-08,1.265388661908506e-11,3.212973937178634e-15,1.742047030328276e-04,2.474109805916669e-11,6.861313934620219e-12,false
9,3.162000000000000e+02,1.463921520423181e+06,0,5,CONTINUE,9.050317169617392e-08,8.346356626800113e-09,0.000000000000000e+00,9.050317169617392e-09,2.220446049290164e-14,2.191290639365295e+01,9.900000000000000e-01,8.277717015739990e-09,2.657863064465084e-11,2,0,0,REACHED_FORCE,1,0,0,REACHED_FORCE,2,0,0,REACHED_FORCE,4.809274093425116e-08,1.018023816287683e-11,3.039260055455750e-15,4.714399983374977e-09,2.824715168367464e-09,7.662979895266455e-15,5.512154334518069e-05,2.653769370919434e-09,1.847810757550232e-11,false
9,1.000000000000000e+03,1.463921520423181e+06,0,5,CONTINUE,9.050317169617392e-08,8.346358747029757e-09,0.000000000000000e+00,9.050317169617392e-09,2.220446049290164e-14,2.191290639365295e+01,9.900000000000000e-01,8.277717015739990e-09,2.657863064465084e-11,2,0,0,REACHED_FORCE,1,0,0,REACHED_FORCE,2,0,0,REACHED_FORCE,1.521010109023650e-08,1.019392252901707e-12,9.071649823361152e-15,1.491395404579934e-09,8.933279168482633e-10,3.222128116406836e-14,1.743226838308374e-05,2.657751241308404e-10,9.204719660342167e-11,false
9,3.162000000000000e+03,1.463921520423181e+06,0,4,CONTINUE,9.050317169617392e-08,8.346361697237252e-09,0.000000000000000e+00,9.050317169617392e-09,2.220446049290164e-14,2.191290639365295e+01,9.900000000000000e-01,8.277717015739990e-09,2.657863064465084e-11,1,0,0,REACHED_FORCE,1,0,0,REACHED_FORCE,2,0,0,REACHED_FORCE,4.810596276545714e-09,4.310081499385790e-09,3.675505186518397e-14,4.717577895575587e-10,2.825189544114481e-10,1.229151592567757e-13,5.513334617439871e-06,2.659081288491905e-11,2.718209333935991e-10,true
9,1.000000000000000e+04,1.463921520423181e+06,0,4,CONTINUE,9.050317169617392e-08,8.346364579634522e-09,0.000000000000000e+00,9.050317169617392e-09,2.220446049290164e-14,2.191290639365295e+01,9.900000000000000e-01,8.277717015739990e-09,2.657863064465084e-11,1,0,0,REACHED_FORCE,1,0,0,REACHED_FORCE,2,0,0,REACHED_FORCE,1.521142049963820e-09,1.362870339803243e-09,1.498252044824977e-13,1.491715418503505e-10,8.933776288189144e-11,4.741188121056089e-13,1.743344381922603e-06,2.662925435714669e-12,1.081084042257230e-09,false
9,3.162000000000000e+04,1.463921520423181e+06,0,4,CONTINUE,9.050317169617392e-08,8.346424241820712e-09,0.000000000000000e+00,9.050317169617392e-09,2.220446049290164e-14,2.191290639365295e+01,9.900000000000000e-01,8.277717015739990e-09,2.657863064465084e-11,1,0,0,REACHED_FORCE,1,0,0,REACHED_FORCE,2,0,0,REACHED_FORCE,4.810726601009516e-10,4.310173888806557e-10,3.166913656687478e-13,4.717765593170948e-11,2.825483423618547e-11,1.321227280104504e-12,5.513454045011498e-07,2.579880753472708e-13,3.236891283221029e-09,false
9,1.000000000000000e+05,1.463921520423181e+06,0,5,CONTINUE,9.050317169617392e-08,8.346437087818939e-09,0.000000000000000e+00,9.050317169617392e-09,2.220446049290164e-14,2.191290639365295e+01,9.900000000000000e-01,8.277717015739990e-09,2.657863064465084e-11,1,0,0,REACHED_FORCE,1,0,0,REACHED_FORCE,2,1,1,REACHED_FORCE,1.521153732698700e-10,1.362878796363348e-10,1.102994933750550e-12,1.491764351032816e-11,8.934131212612328e-12,2.012407594127584e-12,1.743349039304997e-07,8.526512829121202e-14,1.022027634978062e-08,false
9,3.162000000000000e+05,1.463921520423181e+06,0,5,CONTINUE,9.050317169617392e-08,8.346564237795257e-09,0.000000000000000e+00,9.050317169617392e-09,2.220446049290164e-14,2.191290639365295e+01,9.900000000000000e-01,8.277717015739990e-09,2.657863064465084e-11,1,0,0,REACHED_FORCE,1,0,0,REACHED_FORCE,2,1,1,REACHED_FORCE,4.810730207635267e-11,4.310180185852774e-11,3.827364769805505e-12,4.717772580142844e-12,2.825515862947547e-12,5.070393183292209e-12,5.513432465267438e-08,4.973799150320701e-14,2.845562190828919e-08,false
9,1.000000000000000e+06,1.463921520423181e+06,0,5,CONTINUE,9.050317169617392e-08,8.347182503040253e-09,0.000000000000000e+00,9.050317169617392e-09,2.220446049290164e-14,2.191290639365295e+01,9.900000000000000e-01,8.277717015739990e-09,2.657863064465084e-11,1,0,0,REACHED_FORCE,1,0,0,REACHED_FORCE,2,1,1,REACHED_FORCE,1.521126174028750e-11,1.362853406516873e-11,1.050155530628708e-11,1.492190576388580e-12,8.934710610253305e-13,2.272419042280157e-11,1.743276617812422e-08,9.947598300641403e-14,8.867690230205104e-08,false
9,3.162000000000000e+06,1.463921520423181e+06,0,5,CONTINUE,9.050317169617392e-08,8.348178119038182e-09,0.000000000000000e+00,9.050317169617392e-09,2.220446049290164e-14,2.191290639365295e+01,9.900000000000000e-01,8.277717015739990e-09,2.657863064465084e-11,1,0,0,REACHED_FORCE,1,0,0,REACHED_FORCE,1,2,2,REACHED_FORCE,4.810315592712231e-12,4.309755460493725e-12,2.940601134561230e-11,4.720517480462099e-13,2.827512529668397e-13,6.112604651110581e-11,5.512135253033501e-09,3.418016092382459e-09,2.649727529162164e-07,false
9,1.000000000000000e+07,1.463921520423181e+06,0,7,CONTINUE,9.050317169617392e-08,8.347257855607165e-09,0.000000000000000e+00,9.050317169617392e-09,2.220446049290164e-14,2.191290639365295e+01,9.900000000000000e-01,8.277717015739990e-09,2.657863064465084e-11,1,0,0,REACHED_FORCE,1,0,0,REACHED_FORCE,1,4,4,REACHED_FORCE,1.520889264436673e-12,1.362650227029749e-12,1.221716083574306e-10,1.492342815153054e-13,8.939030071708487e-14,1.940166036907225e-10,1.742835410898837e-09,1.080593392543960e-09,9.136952733538023e-07,false
9,3.162000000000000e+07,1.463921520423181e+06,1,7,CONTINUE,9.050317169617392e-08,5.811118399575780e-08,0.000000000000000e+00,9.050317169617392e-09,2.220446049290164e-14,2.191290639365295e+01,3.499156112129200e-01,8.277717015739990e-09,2.657863064465084e-11,1,0,0,REACHED_FORCE,1,3,3,REFINE_STALLED,1,1,1,REFINE_STALLED,4.807203708175302e-13,4.307459337132835e-13,7.862928434228264e-10,4.781306588743060e-14,2.982336599899327e-14,1.802979447750209e-09,5.522311788557526e-10,3.425952854740899e-10,4.747890676454564e-06,false
9,1.000000000000000e+08,1.463921520423181e+06,1,10,CONTINUE,9.050317169617392e-08,8.514511547125410e-09,5.331018588983174e-14,9.050317169617392e-09,2.220446049290164e-14,2.191290639365295e+01,9.900000000000000e-01,8.277717015739990e-09,2.657863064465084e-11,1,3,3,REFINE_STALLED,1,2,2,REFINE_STALLED,1,2,2,REFINE_STALLED,1.453010504194397e-13,1.288700320501573e-13,1.016220738551415e-08,1.820047008854490e-14,1.045875625688142e-14,1.208681038959398e-08,1.580931209681581e-10,1.008330086094134e-10,5.234496715529975e-05,false
9,3.162000000000000e+08,1.463921520423181e+06,1,10,CONTINUE,9.050317169617392e-08,8.598244415223636e-09,5.331018588983174e-14,9.050317169617392e-09,2.220446049290164e-14,2.191290639365295e+01,9.900000000000000e-01,8.277717015739990e-09,2.657863064465084e-11,1,3,3,REFINE_STALLED,1,2,2,REFINE_STALLED,1,2,2,REFINE_STALLED,4.557024721738078e-14,4.034164495514414e-14,2.084410013555296e-08,5.562273935146919e-15,3.972110184172206e-15,2.454770997013140e-08,4.906871009102562e-11,3.195221864871201e-11,1.881194066926441e-04,false
9,1.000000000000000e+09,1.463921520423181e+06,1,11,CONTINUE,9.050317169617392e-08,8.697878316992585e-09,5.331018588983174e-14,9.050317169617392e-09,2.220446049290164e-14,2.191290639365295e+01,9.900000000000000e-01,8.277717015739990e-09,2.657863064465084e-11,1,3,3,REFINE_STALLED,1,3,3,REFINE_STALLED,1,2,2,REFINE_STALLED,1.440738301302634e-14,1.275886406075510e-14,5.144182676065862e-08,1.900977783291104e-15,1.512851665773016e-15,6.300895176956274e-08,1.511276881505576e-11,1.006461580743689e-11,6.217699816834241e-04,false
9,3.162000000000000e+09,1.463921520423181e+06,1,11,CONTINUE,9.050317169617392e-08,8.813026087434353e-09,5.331018588983174e-14,9.050317169617392e-09,2.220446049290164e-14,2.191290639365295e+01,9.900000000000000e-01,8.277717015739990e-09,2.657863064465084e-11,1,3,3,REFINE_STALLED,1,3,3,REFINE_STALLED,1,2,2,REFINE_STALLED,4.560352486458005e-15,4.035725746642793e-15,1.306611093052976e-07,6.821074889186903e-16,5.465530914135208e-16,1.588336874259479e-07,5.321290236932227e-12,3.048450381015755e-12,2.018293415992578e-03,false
9,1.000000000000000e+10,1.463921520423181e+06,1,7,CONTINUE,9.050317169617392e-08,9.230493899529745e-09,5.331018588983174e-14,9.050317169617392e-09,2.220446049290164e-14,2.191290639365295e+01,9.871755526465396e-01,8.277717015739990e-09,2.657863064465084e-11,1,1,1,REFINE_STALLED,1,1,1,REFINE_STALLED,1,2,2,REFINE_STALLED,1.422357744067911e-15,1.249543003789544e-15,3.315928805534614e-07,2.378406277784019e-16,1.718731493932646e-16,3.851485038416132e-07,3.741820135214833e-12,2.618794070485819e-12,6.385324110185345e-03,false
9,3.162000000000000e+10,1.463921520423181e+06,1,8,CONTINUE,9.050317169617392e-08,1.035092371160945e-08,5.331018588983174e-14,9.050317169617392e-09,2.220446049290164e-14,2.191290639365295e+01,9.769645468524748e-01,8.277717015739990e-09,2.657863064465084e-11,1,1,1,REFINE_STALLED,1,1,1,REFINE_STALLED,1,3,3,REFINE_STALLED,4.146198550843982e-16,3.514983443198005e-16,7.139928489400242e-07,1.181950248728951e-16,8.131516293641283e-17,7.954622292624392e-07,3.411477663309793e-12,2.424282996571492e-12,1.897812362470969e-02,false
9,1.000000000000000e+11,1.463921520423181e+06,1,9,CONTINUE,9.050317169617392e-08,1.808156728040967e-08,5.331018588983174e-14,9.050317169617392e-09,2.220446049290164e-14,2.191290639365295e+01,9.447384286057610e-01,8.277717015739990e-09,2.657863064465084e-11,1,1,1,REFINE_STALLED,1,1,1,REFINE_STALLED,1,4,4,REFINE_STALLED,1.013984123807584e-16,7.264154555652880e-17,1.401761881327269e-06,6.925446936948555e-17,6.331740687315346e-17,1.518982049489549e-06,2.580926088031969e-12,1.856736986383112e-12,5.116075417095697e-02,false
9,3.162000000000000e+11,1.463921520423181e+06,1,8,CONTINUE,9.050317169617392e-08,2.440016880582074e-07,5.331018588983174e-14,9.050317169617392e-09,2.220446049290164e-14,2.191290639365295e+01,2.024340030096412e-02,8.277717015739990e-09,2.657863064465084e-11,1,1,1,REFINE_STALLED,1,1,1,REFINE_STALLED,1,3,3,REFINE_STALLED,2.666875029379618e-17,6.917209860457518e-17,4.366022740003301e-06,6.410325246363732e-17,6.132247487578013e-16,4.583129542200324e-05,1.363609504157711e-12,1.004085703470992e-12,1.081662290712685e-01,false
9,1.000000000000000e+12,1.463921520423181e+06,1,6,CONTINUE,9.050317169617392e-08,7.835441255056395e-08,5.331018588983174e-14,9.050317169617392e-09,2.220446049290164e-14,2.191290639365295e+01,1.933180306526672e-01,8.277717015739990e-09,2.657863064465084e-11,1,1,1,REFINE_STALLED,1,1,1,REFINE_STALLED,1,1,1,REFINE_STALLED,1.050403930902375e-17,8.724439356719293e-18,6.130694367099762e-06,3.618960279974300e-18,2.480112469560591e-18,5.934059858505193e-06,4.424607789820941e-13,3.266831249959523e-13,1.668140260177979e-01,false
9,3.162000000000000e+12,1.463921520423181e+06,1,11,CONTINUE,9.050317169617392e-08,8.083993207444028e-08,5.331018588983174e-14,9.050317169617392e-09,2.220446049290164e-14,2.191290639365295e+01,1.064103871723095e-01,8.277717015739990e-09,2.657863064465084e-11,1,3,3,REFINE_STALLED,1,4,4,REFINE_STALLED,1,1,1,REFINE_STALLED,3.723848119983421e-18,3.137410036629928e-18,1.074670342647534e-05,1.505060574639074e-18,8.381391013081302e-19,9.602361941885003e-06,1.092567359869706e-13,7.864542350688453e-14,2.046858742588038e-01,false
9,1.000000000000000e+13,1.463921520423181e+06,1,8,CONTINUE,9.050317169617392e-08,8.168122994244204e-08,5.331018588983174e-14,9.050317169617392e-09,2.220446049290164e-14,2.191290639365295e+01,9.757935002366992e-02,8.277717015739990e-09,2.657863064465084e-11,1,2,2,REFINE_STALLED,1,2,2,REFINE_STALLED,1,1,1,REFINE_STALLED,1.166575352503414e-18,9.893344823930228e-19,1.464568359158300e-05,6.679892560830034e-19,4.053052652611827e-19,1.134231682876444e-05,2.149445731975847e-14,1.399227955722893e-14,2.212586440528358e-01,false
9,3.162000000000000e+13,1.463921520423181e+06,1,6,CONTINUE,9.050317169617392e-08,8.126447794754901e-08,5.331018588983174e-14,9.050317169617392e-09,2.220446049290164e-14,2.191290639365295e+01,1.023215382369333e-01,8.277717015739990e-09,2.657863064465084e-11,1,1,1,REFINE_STALLED,1,1,1,REFINE_STALLED,1,1,1,REFINE_STALLED,4.056688948460375e-19,3.066259269060567e-19,1.676798119658723e-05,2.239126933512256e-19,1.342547221398066e-19,1.237287278976778e-05,4.396309879715029e-15,2.303712776097200e-15,2.258749921011763e-01,false
9,1.000000000000000e+14,1.463921520423181e+06,1,6,CONTINUE,9.050317169617392e-08,8.105762028074506e-08,5.331018588983174e-14,9.050317169617392e-09,2.220446049290164e-14,2.191290639365295e+01,1.045646691812919e-01,8.277717015739990e-09,2.657863064465084e-11,1,1,1,REFINE_STALLED,1,1,1,REFINE_STALLED,1,1,1,REFINE_STALLED,1.391714309966123e-19,1.020674701441432e-19,1.738487826585650e-05,8.180115823879570e-20,4.415159237563041e-20,1.287905398051813e-05,1.192783865787866e-15,6.383782391594650e-16,2.284589191756293e-01,false
9,3.162000000000000e+14,1.463921520423181e+06,1,6,CONTINUE,9.050317169617392e-08,8.099491569954402e-08,5.331018588983174e-14,9.050317169617392e-09,2.220446049290164e-14,2.191290639365295e+01,1.052532055905956e-01,8.277717015739990e-09,2.657863064465084e-11,1,1,1,REFINE_STALLED,1,1,1,REFINE_STALLED,1,1,1,REFINE_STALLED,4.345028620254707e-20,3.017554874593445e-20,1.768524455872253e-05,2.715451050586007e-20,1.694065894508601e-20,1.301545216767198e-05,3.902945309314960e-16,1.873501354054952e-16,2.281973222401695e-01,false
9,1.000000000000000e+15,1.463921520423181e+06,1,6,CONTINUE,9.050317169617392e-08,8.079466015625486e-08,5.331018588983174e-14,9.050317169617392e-09,2.220446049290164e-14,2.191290639365295e+01,1.074692197693585e-01,8.277717015739990e-09,2.657863064465084e-11,1,1,1,REFINE_STALLED,1,1,1,REFINE_STALLED,1,1,1,REFINE_STALLED,1.444213424422081e-20,9.926167350636332e-21,1.782183907288097e-05,9.059590991052450e-21,5.611593275559740e-21,1.310546485026551e-05,1.271665622676801e-16,6.028164079019405e-17,2.282434542890306e-01,false
9,3.162000000000000e+15,1.463921520423181e+06,1,6,CONTINUE,9.050317169617392e-08,8.079941246419567e-08,5.331018588983174e-14,9.050317169617392e-09,2.220446049290164e-14,2.191290639365295e+01,1.074164979380411e-01,8.277717015739990e-09,2.657863064465084e-11,1,1,1,REFINE_STALLED,1,1,1,REFINE_STALLED,1,1,1,REFINE_STALLED,4.332559233673515e-21,2.997702539892172e-21,1.781881018462710e-05,2.845517282612931e-21,1.786710123114540e-21,1.306384979300755e-05,4.219030348422987e-17,2.038300084272748e-17,2.286100031505241e-01,false
9,1.000000000000000e+16,1.463921520423181e+06,1,6,CONTINUE,9.050317169617392e-08,8.094181070471308e-08,5.331018588983174e-14,9.050317169617392e-09,2.220446049290164e-14,2.191290639365295e+01,1.058401878807020e-01,8.277717015739990e-09,2.657863064465084e-11,1,1,1,REFINE_STALLED,1,1,1,REFINE_STALLED,1,1,1,REFINE_STALLED,1.407693493941009e-21,9.628382330117242e-22,1.777046149033865e-05,8.976419492225309e-22,5.649643583737179e-22,1.309221957584065e-05,1.358210376623986e-17,6.288372600415926e-18,2.298448822413768e-01,false
9,3.162000000000000e+16,1.463921520423181e+06,1,6,CONTINUE,9.050317169617392e-08,8.082779846374198e-08,5.331018588983174e-14,9.050317169617392e-09,2.220446049290164e-14,2.191290639365295e+01,1.071022467759381e-01,8.277717015739990e-09,2.657863064465084e-11,1,1,1,REFINE_STALLED,1,1,1,REFINE_STALLED,1,1,1,REFINE_STALLED,4.525043519710987e-22,3.085383684822793e-22,1.778083559937518e-05,2.856722821798178e-22,1.786710123114540e-22,1.301382738028391e-05,4.227412371745840e-18,1.978668964786046e-18,2.296900392920351e-01,false
9,1.000000000000000e+17,1.463921520423181e+06,1,6,CONTINUE,9.050317169617392e-08,8.086186273907826e-08,5.331018588983174e-14,9.050317169617392e-09,2.220446049290164e-14,2.191290639365295e+01,1.067251678217385e-01,8.277717015739990e-09,2.657863064465084e-11,1,1,1,REFINE_STALLED,1,1,1,REFINE_STALLED,1,1,1,REFINE_STALLED,1.398491192621506e-22,9.574615590301295e-23,1.781156840929338e-05,9.166591658650645e-23,5.573129377076024e-23,1.304349463271647e-05,1.339273535960524e-18,6.505213034913027e-19,2.299427987555760e-01,false
9,3.162000000000000e+17,1.463921520423181e+06,1,6,CONTINUE,9.050317169617392e-08,8.081810429977005e-08,5.331018588983174e-14,9.050317169617392e-09,2.220446049290164e-14,2.191290639365295e+01,1.072095510257709e-01,8.277717015739990e-09,2.657863064465084e-11,1,1,1,REFINE_STALLED,1,1,1,REFINE_STALLED,1,1,1,REFINE_STALLED,4.458661633298922e-23,3.008869478161638e-23,1.773019399689115e-05,2.900624461086700e-23,1.837891923516258e-23,1.309348371512000e-05,4.192665497236949e-19,1.931235119739805e-19,2.288004758969847e-01,false
9,1.000000000000000e+18,1.463921520423181e+06,1,6,CONTINUE,9.050317169617392e-08,8.076032708728869e-08,5.331018588983174e-14,9.050317169617392e-09,2.220446049290164e-14,2.191290639365295e+01,1.078491188956610e-01,8.277717015739990e-09,2.657863064465084e-11,1,1,1,REFINE_STALLED,1,1,1,REFINE_STALLED,1,1,1,REFINE_STALLED,1.425519153633366e-23,9.719372197498075e-24,1.784813465747196e-05,9.229622375152566e-24,5.816113682013476e-24,1.310071728157572e-05,1.364323004382403e-19,6.691560283308973e-20,2.293988575596458e-01,false
10,1.000000000000000e+00,7.217766048365656e+05,0,16,CONTINUE,8.346361697237252e-09,6.123672102178798e-10,0.000000000000000e+00,8.346361697237252e-10,2.220446049871142e-14,2.191290639365295e+01,9.900000000000000e-01,1.592032899211529e-07,2.877252428515510e-13,4,1,1,REACHED_FORCE,4,0,0,REACHED_FORCE,7,0,0,REACHED_FORCE,2.748488052448516e-06,9.361496924875645e-10,4.524637514859593e-17,1.407540122766803e-06,1.593989107373517e-10,7.635967183826182e-17,6.175366967505297e-03,2.783284713814282e-11,5.716619744301173e-14,false
10,3.162000000000000e+00,7.217766048365656e+05,0,11,CONTINUE,8.346361697237252e-09,6.123672019377342e-10,0.000000000000000e+00,8.346361697237252e-10,2.220446049871142e-14,2.191290639365295e+01,9.900000000000000e-01,1.592032899211529e-07,2.877252428515510e-13,3,0,0,REACHED_FORCE,3,0,0,REACHED_FORCE,5,0,0,REACHED_FORCE,1.002893815011994e-06,3.971645753161196e-10,2.466916467880590e-16,5.110442585854079e-07,1.685560069883234e-10,2.728312373594640e-16,2.071530701274807e-03,1.440834118682233e-10,1.480531592068723e-13,false
10,1.000000000000000e+01,7.217766048365656e+05,0,10,CONTINUE,8.346361697237252e-09,6.123672115177161e-10,0.000000000000000e+00,8.346361697237252e-10,2.220446049871142e-14,2.191290639365295e+01,9.900000000000000e-01,1.592032899211529e-07,2.877252428515510e-13,3,0,0,REACHED_FORCE,3,0,0,REACHED_FORCE,4,0,0,REACHED_FORCE,3.350015091407868e-07,1.568693829348544e-11,6.878299768719008e-16,1.703681224604397e-07,6.661367041738836e-12,1.147034562612802e-15,6.687568849742861e-04,2.406039811830851e-10,5.666679424926915e-13,false
10,3.162000000000000e+01,7.217766048365656e+05,0,7,CONTINUE,8.346361697237252e-09,6.123672519944842e-10,0.000000000000000e+00,8.346361697237252e-10,2.220446049871142e-14,2.191290639365295e+01,9.900000000000000e-01,1.592032899211529e-07,2.877252428515510e-13,2,0,0,REACHED_FORCE,2,0,0,REACHED_FORCE,3,0,0,REACHED_FORCE,1.079337795426948e-07,3.764712500076151e-10,1.997151924566878e-15,5.485538414653110e-08,2.014919958312489e-10,3.061610572074030e-15,2.129522300832382e-04,3.807093529317740e-10,1.627991275925256e-12,false
10,1.000000000000000e+02,7.217766048365656e+05,0,7,CONTINUE,8.346361697237252e-09,6.123671920172438e-10,0.000000000000000e+00,8.346361697237252e-10,2.220446049871142e-14,2.191290639365295e+01,9.900000000000000e-01,1.592032899211529e-07,2.877252428515510e-13,2,0,0,REACHED_FORCE,2,0,0,REACHED_FORCE,3,0,0,REACHED_FORCE,3.433453344056134e-08,3.802168649369442e-11,5.939422877604356e-15,1.744544638282617e-08,2.035534197794564e-11,9.154710592160269e-15,6.748376481507107e-05,1.234212732015294e-11,5.337715722555714e-12,false
10,3.162000000000000e+02,7.217766048365656e+05,0,7,CONTINUE,8.346361697237252e-09,6.123674426079091e-10,0.000000000000000e+00,8.346361697237252e-10,2.220446049871142e-14,2.191290639365295e+01,9.900000000000000e-01,1.592032899211529e-07,2.877252428515510e-13,2,0,0,REACHED_FORCE,2,0,0,REACHED_FORCE,3,0,0,REACHED_FORCE,1.087930481319536e-08,3.814957898196081e-12,1.637296898745035e-14,5.527388077815385e-09,2.042562299853223e-12,2.582827122589285e-14,2.135703130439237e-05,3.902433931557425e-13,1.384287055255557e-11,false
10,1.000000000000000e+03,7.217766048365656e+05,0,6,CONTINUE,8.346361697237252e-09,6.123680144416459e-10,0.000000000000000e+00,8.346361697237252e-10,2.220446049871142e-14,2.191290639365295e+01,9.900000000000000e-01,1.592032899211529e-07,2.877252428515510e-13,2,0,0,REACHED_FORCE,2,0,0,REACHED_FORCE,2,0,0,REACHED_FORCE,3.442125455327654e-09,3.818061318494603e-13,5.506760335479920e-14,1.748782644953570e-09,1.749538014461649e-13,8.534611056839617e-14,6.754588570167551e-06,5.551088477773192e-10,6.116069061911581e-11,false
10,3.162000000000000e+03,7.217766048365656e+05,0,5,CONTINUE,8.346361697237252e-09,6.123691115928119e-10,0.000000000000000e+00,8.346361697237252e-10,2.220446049871142e-14,2.191290639365295e+01,9.900000000000000e-01,1.592032899211529e-07,2.877252428515510e-13,2,0,0,REACHED_FORCE,1,0,0,REACHED_FORCE,2,0,0,REACHED_FORCE,1.088800459802287e-09,3.818733523841544e-14,1.510747731295373e-13,5.531653212222491e-10,4.298519569803649e-10,2.730287243480413e-13,2.136324886617110e-06,5.554756654646553e-11,1.752003411614495e-10,false
10,1.000000000000000e+04,7.217766048365656e+05,0,4,CONTINUE,8.346361697237252e-09,6.123731850000532e-10,0.000000000000000e+00,8.346361697237252e-10,2.220446049871142e-14,2.191290639365295e+01,9.900000000000000e-01,1.592032899211529e-07,2.877252428515510e-13,1,0,0,REACHED_FORCE,1,0,0,REACHED_FORCE,2,0,0,REACHED_FORCE,3.442989696490878e-10,2.578733108125897e-10,4.792853419067345e-13,1.749299903237084e-10,1.359421251782844e-10,9.630543448056795e-13,6.755206242324349e-07,5.539568803669681e-12,6.584713690959615e-10,true
10,3.162000000000000e+04,7.217766048365656e+05,0,5,CONTINUE,8.346361697237252e-09,6.123962057564052e-10,0.000000000000000e+00,8.346361697237252e-10,2.220446049871142e-14,2.191290639365295e+01,9.900000000000000e-01,1.592032899211529e-07,2.877252428515510e-13,1,0,0,REACHED_FORCE,1,0,0,REACHED_FORCE,2,1,1,REACHED_FORCE,1.088888494936892e-10,8.155628147647753e-11,1.871737763972173e-12,5.532273548140841e-11,4.299245291369824e-11,2.478696809413495e-12,2.136373067052705e-07,5.400124791776761e-13,2.186875928096740e-09,false
10,1.000000000000000e+05,7.217766048365656e+05,0,5,CONTINUE,8.346361697237252e-09,6.123952680770025e-10,0.000000000000000e+00,8.346361697237252e-10,2.220446049871142e-14,2.191290639365295e+01,9.900000000000000e-01,1.592032899211529e-07,2.877252428515510e-13,1,0,0,REACHED_FORCE,1,0,0,REACHED_FORCE,2,1,1,REACHED_FORCE,3.443058073465303e-11,2.578814549056285e-11,6.600085066541274e-12,1.749323860703269e-11,1.359445282039795e-11,1.044603280930896e-11,6.755238263128213e-08,5.950795411990839e-14,6.335749354626199e-09,false
10,3.162000000000000e+05,7.217766048365656e+05,0,6,CONTINUE,8.346361697237252e-09,6.123753829310250e-10,0.000000000000000e+00,8.346361697237252e-10,2.220446049871142e-14,2.191290639365295e+01,9.900000000000000e-01,1.592032899211529e-07,2.877252428515510e-13,1,0,0,REACHED_FORCE,1,0,0,REACHED_FORCE,2,2,2,REACHED_FORCE,1.088919286998406e-11,8.155683810587289e-12,3.097145132021779e-11,5.531731188687135e-12,4.298795260732069e-12,2.791073662036365e-11,2.136224302312562e-08,4.263256414560601e-14,1.305161435512055e-08,false
10,1.000000000000000e+06,7.217766048365656e+05,1,6,CONTINUE,8.346361697237252e-09,6.124386101318606e-10,0.000000000000000e+00,8.346361697237252e-10,2.220446049871142e-14,2.191290639365295e+01,9.900000000000000e-01,1.592032899211529e-07,2.877252428515510e-13,1,0,0,REACHED_FORCE,1,0,0,REACHED_FORCE,2,2,2,REFINE_STALLED,3.443118457886793e-12,2.578682276391242e-12,5.733667064036617e-11,1.748465334737103e-12,1.358644100002415e-12,1.230132792323877e-10,6.755074364559369e-09,7.105427357601002e-14,4.809194124795969e-08,false
10,3.162000000000000e+06,7.217766048365656e+05,1,7,CONTINUE,8.346361697237252e-09,8.375619463189244e-10,0.000000000000000e+00,8.346361697237252e-10,2.220446049871142e-14,2.191290639365295e+01,9.748034210926391e-01,1.592032899211529e-07,2.877252428515510e-13,1,1,1,REFINE_STALLED,1,1,1,REFINE_STALLED,2,1,1,REFINE_STALLED,1.090133685194630e-12,8.158959619031236e-13,3.479093465724409e-10,5.902960176458949e-13,4.259794557023855e-13,5.278748613840438e-10,2.135010593040414e-09,5.684341886080801e-14,2.455257901885743e-07,false
10,1.000000000000000e+07,7.217766048365656e+05,1,10,CONTINUE,8.346361697237252e-09,6.296648794017820e-10,5.331018588983174e-14,8.346361697237252e-10,2.220446049871142e-14,2.191290639365295e+01,9.900000000000000e-01,1.592032899211529e-07,2.877252428515510e-13,1,2,2,REACHED_FORCE,1,3,3,REACHED_FORCE,1,2,2,REFINE_STALLED,3.457907558871464e-13,2.591437535479774e-13,8.799133037447833e-10,1.766006210233874e-13,1.378248643685298e-13,1.170787810703546e-09,6.497878172801278e-10,5.910526512664660e-10,5.304571719223233e-06,false
10,3.162000000000000e+07,7.217766048365656e+05,1,11,CONTINUE,8.346361697237252e-09,6.349155246714483e-10,5.331018588983174e-14,8.346361697237252e-10,2.220446049871142e-14,2.191290639365295e+01,9.900000000000000e-01,1.592032899211529e-07,2.877252428515510e-13,1,4,4,REACHED_FORCE,1,2,2,REFINE_STALLED,1,2,2,REFINE_STALLED,1.096091514121917e-13,8.242848948975673e-14,1.982562278444907e-09,5.573662641746697e-14,4.393845855731049e-14,2.526389179047590e-09,2.028229771305684e-10,1.843760699671293e-10,1.873079741599642e-05,false
10,1.000000000000000e+08,7.217766048365656e+05,1,10,CONTINUE,8.346361697237252e-09,6.414635028886890e-10,5.331018588983174e-14,8.346361697237252e-10,2.220446049871142e-14,2.191290639365295e+01,9.897795308305443e-01,1.592032899211529e-07,2.877252428515510e-13,1,3,3,REFINE_STALLED,1,2,2,REFINE_STALLED,1,2,2,REFINE_STALLED,3.473701481474461e-14,2.633582642328630e-14,3.576754831067931e-09,1.756505951231017e-14,1.413512319345389e-14,4.271185088848506e-09,6.346324840499189e-11,5.767741839690643e-11,6.426219163551223e-05,false
10,3.162000000000000e+08,7.217766048365656e+05,1,10,CONTINUE,8.346361697237252e-09,7.079107047108767e-10,5.331018588983174e-14,8.346361697237252e-10,2.220446049871142e-14,2.191290639365295e+01,9.807865029178215e-01,1.592032899211529e-07,2.877252428515510e-13,1,3,3,REFINE_STALLED,1,2,2,REFINE_STALLED,1,2,2,REFINE_STALLED,1.100319016737554e-14,8.445419927630149e-15,7.264036647571838e-09,5.530734793243549e-15,4.519584847432340e-15,8.925566320893815e-09,1.994937003436036e-11,1.795114057401292e-11,2.068102069619080e-04,false
10,1.000000000000000e+09,7.217766048365656e+05,1,11,CONTINUE,8.346361697237252e-09,7.873045785179920e-10,5.331018588983174e-14,8.346361697237252e-10,2.220446049871142e-14,2.191290639365295e+01,9.699892766013827e-01,1.592032899211529e-07,2.877252428515510e-13,1,3,3,REFINE_STALLED,1,3,3,REFINE_STALLED,1,2,2,REFINE_STALLED,3.481953520337915e-15,2.715831574386096e-15,1.895681395271659e-08,1.720248147610592e-15,1.410899392109699e-15,2.301539401894965e-08,7.087832719478789e-12,5.516365142455015e-12,6.504341007332801e-04,false
10,3.162000000000000e+09,7.217766048365656e+05,1,9,CONTINUE,8.346361697237252e-09,9.020563853297962e-10,5.331018588983174e-14,8.346361697237252e-10,2.220446049871142e-14,2.191290639365295e+01,9.543068650798977e-01,1.592032899211529e-07,2.877252428515510e-13,1,3,3,REFINE_STALLED,1,1,1,REFINE_STALLED,1,2,2,REFINE_STALLED,1.108472722177173e-15,8.847767353839520e-16,4.581377538280953e-08,5.434360003178767e-16,4.548228113576691e-16,5.463994557355216e-08,4.330066579220263e-12,2.790212505487943e-12,2.072708083715711e-03,false
10,1.000000000000000e+10,7.217766048365656e+05,1,8,CONTINUE,8.346361697237252e-09,9.361041341214494e-10,5.331018588983174e-14,8.346361697237252e-10,2.220446049871142e-14,2.191290639365295e+01,9.504643952287998e-01,1.592032899211529e-07,2.877252428515510e-13,1,1,1,REFINE_STALLED,1,1,1,REFINE_STALLED,1,3,3,REFINE_STALLED,3.574510620043117e-16,2.928565593154908e-16,9.790420849572655e-08,1.682415209904057e-16,1.349492891565551e-16,1.083359112447535e-07,3.891249317975796e-12,2.685851541173179e-12,6.382522511156775e-03,false
10,3.162000000000000e+10,7.217766048365656e+05,1,8,CONTINUE,8.346361697237252e-09,1.520552814117512e-09,5.331018588983174e-14,8.346361697237252e-10,2.220446049871142e-14,2.191290639365295e+01,8.900702026920286e-01,1.592032899211529e-07,2.877252428515510e-13,1,1,1,REFINE_STALLED,1,1,1,REFINE_STALLED,1,3,3,REFINE_STALLED,1.154842326210052e-16,9.381059297430827e-17,1.993869231580543e-07,5.229486631829632e-17,4.000706016471511e-17,2.049723482994512e-07,3.561176232975201e-12,2.517985819849855e-12,1.903665703093371e-02,false
10,1.000000000000000e+11,7.217766048365656e+05,1,10,CONTINUE,8.346361697237252e-09,3.055581940334088e-09,5.331018588983174e-14,8.346361697237252e-10,2.220446049871142e-14,2.191290639365295e+01,8.104122886043705e-01,1.592032899211529e-07,2.877252428515510e-13,1,1,1,REFINE_STALLED,1,1,1,REFINE_STALLED,1,5,5,REFINE_STALLED,3.843904510253001e-17,2.748452507250754e-17,3.815487545259188e-07,1.781155447798861e-17,1.536856579498203e-17,4.301465233631366e-07,2.644846893322458e-12,1.876721000826365e-12,5.113819940337833e-02,false
10,3.162000000000000e+11,7.217766048365656e+05,1,9,CONTINUE,8.346361697237252e-09,2.018752148450447e-08,5.331018588983174e-14,8.346361697237252e-10,2.220446049871142e-14,2.191290639365295e+01,4.157126852871053e-04,1.592032899211529e-07,2.877252428515510e-13,1,1,1,REFINE_STALLED,1,1,1,REFINE_STALLED,1,4,4,REFINE_STALLED,1.341180289214486e-17,1.772670552013800e-17,9.063740518009231e-07,7.035754589207624e-17,1.106753577673203e-15,5.663164244331376e-05,1.376153187175242e-12,1.011080108526130e-12,1.080749934344831e-01,false
10,1.000000000000000e+12,7.217766048365656e+05,1,6,CONTINUE,8.346361697237252e-09,6.702266549113641e-09,5.331018588983174e-14,8.346361697237252e-10,2.220446049871142e-14,2.191290639365295e+01,2.825382379218390e-01,1.592032899211529e-07,2.877252428515510e-13,1,1,1,REFINE_STALLED,1,1,1,REFINE_STALLED,1,1,1,REFINE_STALLED,3.736662390228900e-18,2.547875105340935e-18,1.815312181479116e-06,1.032821095091921e-18,6.268043809681823e-19,1.791838349387365e-06,4.518717301223123e-13,3.319011732116905e-13,1.669703381483466e-01,false
10,3.162000000000000e+12,7.217766048365656e+05,1,10,CONTINUE,8.346361697237252e-09,7.095625946247118e-09,5.331018588983174e-14,8.346361697237252e-10,2.220446049871142e-14,2.191290639365295e+01,1.496857420405479e-01,1.592032899211529e-07,2.877252428515510e-13,1,3,3,REFINE_STALLED,1,3,3,REFINE_STALLED,1,1,1,REFINE_STALLED,9.727953659834578e-19,8.114575634696197e-19,3.053275327868936e-06,7.885418072940579e-19,7.233661369551725e-19,2.871993922592778e-06,1.107492855890577e-13,8.011646901451286e-14,2.048895215594662e-01,false
10,1.000000000000000e+13,7.217766048365656e+05,1,6,CONTINUE,8.346361697237252e-09,7.291154985524945e-09,5.331018588983174e-14,8.346361697237252e-10,2.220446049871142e-14,2.191290639365295e+01,1.271035987146648e-01,1.592032899211529e-07,2.877252428515510e-13,1,1,1,REFINE_STALLED,1,1,1,REFINE_STALLED,1,1,1,REFINE_STALLED,3.596631292593872e-19,3.451659260061274e-19,4.861124927828171e-06,1.169250997282850e-19,7.919758056827708e-20,3.994899586973904e-06,2.170580760916209e-14,1.447800213050243e-14,2.202012165477674e-01,false
10,3.162000000000000e+13,7.217766048365656e+05,1,6,CONTINUE,8.346361697237252e-09,7.365241999955551e-09,5.331018588983174e-14,8.346361697237252e-10,2.220446049871142e-14,2.191290639365295e+01,1.176485905215315e-01,1.592032899211529e-07,2.877252428515510e-13,1,1,1,REFINE_STALLED,1,1,1,REFINE_STALLED,1,1,1,REFINE_STALLED,1.451909379406042e-19,1.329841727189252e-19,7.100549832728956e-06,3.634607138735254e-20,3.102258169318875e-20,5.566407733837360e-06,4.093333221021195e-15,2.137179322403426e-15,2.264233501536568e-01,false
10,1.000000000000000e+14,7.217766048365656e+05,1,6,CONTINUE,8.346361697237252e-09,7.409919446791566e-09,5.331018588983174e-14,8.346361697237252e-10,2.220446049871142e-14,2.191290639365295e+01,1.122284254455747e-01,1.592032899211529e-07,2.877252428515510e-13,1,1,1,REFINE_STALLED,1,1,1,REFINE_STALLED,1,1,1,REFINE_STALLED,4.600662276366800e-20,3.938703204732497e-20,8.309864658435632e-06,1.529176237938862e-20,1.217609861678057e-20,6.402071906672008e-06,1.115255867835116e-15,6.245004513516506e-16,2.280029671182935e-01,false
10,3.162000000000000e+14,7.217766048365656e+05,1,6,CONTINUE,8.346361697237252e-09,7.437099081218612e-09,5.331018588983174e-14,8.346361697237252e-10,2.220446049871142e-14,2.191290639365295e+01,1.089637461621594e-01,1.592032899211529e-07,2.877252428515510e-13,1,1,1,REFINE_STALLED,1,1,1,REFINE_STALLED,1,1,1,REFINE_STALLED,1.545985573557959e-20,1.336723869885693e-20,8.847191769869312e-06,6.521154315089390e-21,4.711620769102046e-21,6.749307788340895e-06,3.648048224644468e-16,2.099015405931937e-16,2.281877639676426e-01,false
10,1.000000000000000e+15,7.217766048365656e+05,1,6,CONTINUE,8.346361697237252e-09,7.450268527219548e-09,5.331018588983174e-14,8.346361697237252e-10,2.220446049871142e-14,2.191290639365295e+01,1.073847448476754e-01,1.592032899211529e-07,2.877252428515510e-13,1,1,1,REFINE_STALLED,1,1,1,REFINE_STALLED,1,1,1,REFINE_STALLED,4.873690033179496e-21,4.102815838263017e-21,8.982251390319458e-06,2.016883408963301e-21,1.508777437296722e-21,6.964086195940477e-06,1.199678522457731e-16,6.418476861114186e-17,2.293447311033111e-01,false
10,3.162000000000000e+15,7.217766048365656e+05,1,6,CONTINUE,8.346361697237252e-09,7.454214539619345e-09,5.331018588983174e-14,8.346361697237252e-10,2.220446049871142e-14,2.191290639365295e+01,1.069117822880507e-01,1.592032899211529e-07,2.877252428515510e-13,1,1,1,REFINE_STALLED,1,1,1,REFINE_STALLED,1,1,1,REFINE_STALLED,1.613971328785455e-21,1.333415147435481e-21,9.071174273473958e-06,6.693899552008893e-22,4.946540063067105e-22,6.951232376049760e-06,3.894231365273376e-17,1.908195823574488e-17,2.303674217914299e-01,false
10,1.000000000000000e+16,7.217766048365656e+05,1,6,CONTINUE,8.346361697237252e-09,7.454549578386677e-09,5.331018588983174e-14,8.346361697237252e-10,2.220446049871142e-14,2.191290639365295e+01,1.068716243050257e-01,1.592032899211529e-07,2.877252428515510e-13,1,1,1,REFINE_STALLED,1,1,1,REFINE_STALLED,1,1,1,REFINE_STALLED,5.005832526345349e-22,4.202077511769381e-22,9.092341080197889e-06,2.090631910984324e-22,1.513740520972041e-22,6.937835316430094e-06,1.293539376103813e-17,6.776263578034403e-18,2.294945164540333e-01,false
10,3.162000000000000e+16,7.217766048365656e+05,1,6,CONTINUE,8.346361697237252e-09,7.455310025467512e-09,5.331018588983174e-14,8.346361697237252e-10,2.220446049871142e-14,2.191290639365295e+01,1.067804943332057e-01,1.592032899211529e-07,2.877252428515510e-13,1,1,1,REFINE_STALLED,1,1,1,REFINE_STALLED,1,1,1,REFINE_STALLED,1.584426668491575e-22,1.393799332151852e-22,9.023670789809376e-06,6.458095767155800e-23,4.508134338414001e-23,6.913143767639116e-06,3.907043384309606e-18,1.938011383317839e-18,2.294029184880086e-01,false
10,1.000000000000000e+17,7.217766048365656e+05,1,6,CONTINUE,8.346361697237252e-09,7.456584395938747e-09,5.331018588983174e-14,8.346361697237252e-10,2.220446049871142e-14,2.191290639365295e+01,1.066277780552865e-01,1.592032899211529e-07,2.877252428515510e-13,1,1,1,REFINE_STALLED,1,1,1,REFINE_STALLED,1,1,1,REFINE_STALLED,4.754801984012497e-23,4.001486213225271e-23,9.084180029013633e-06,2.015468268971863e-23,1.199411888201890e-23,6.965566648901008e-06,1.261847699452336e-18,6.166399856011306e-19,2.292817522480017e-01,false
10,3.162000000000000e+17,7.217766048365656e+05,1,6,CONTINUE,8.346361697237252e-09,7.460153508927232e-09,5.331018588983174e-14,8.346361697237252e-10,2.220446049871142e-14,2.191290639365295e+01,1.062000685277115e-01,1.592032899211529e-07,2.877252428515510e-13,1,1,1,REFINE_STALLED,1,1,1,REFINE_STALLED,1,1,1,REFINE_STALLED,1.861241987076457e-23,1.628511830963773e-23,9.027431760630759e-06,7.354045561122107e-24,4.601192157326216e-24,6.908431967601319e-06,3.932453085482813e-19,1.914294460794719e-19,2.301541700747005e-01,false
10,1.000000000000000e+18,7.217766048365656e+05,1,6,CONTINUE,8.346361697237252e-09,7.460552960838621e-09,5.331018588983174e-14,8.346361697237252e-10,2.220446049871142e-14,2.191290639365295e+01,1.061521995239628e-01,1.592032899211529e-07,2.877252428515510e-13,1,1,1,REFINE_STALLED,1,1,1,REFINE_STALLED,1,1,1,REFINE_STALLED,7.620405633511786e-24,6.746691871135632e-24,8.926509290017767e-06,4.216871364641348e-24,2.920981538077879e-24,6.765515268283800e-06,1.266980804892493e-19,6.437450399132683e-20,2.299346719710800e-01,false
11,1.000000000000000e+00,1.691105834802798e+05,0,16,CONTINUE,6.123731850000532e-10,4.371763150697465e-11,0.000000000000000e+00,6.123731850000532e-11,2.220446049553696e-14,2.191290639365295e+01,9.728531820024281e-01,6.366841415484452e-08,1.099859620387581e-14,5,0,0,REACHED_FORCE,4,0,0,REACHED_FORCE,7,0,0,REACHED_FORCE,1.921027903443668e-06,1.045774231100971e-11,7.927628383173099e-17,4.571994223777943e-07,1.642051078443174e-11,1.286940439599961e-16,9.997734734710135e-04,1.422462148070736e-11,2.819639270865210e-14,false
11,3.162000000000000e+00,1.691105834802798e+05,0,12,CONTINUE,6.123731850000532e-10,4.371763018776550e-11,0.000000000000000e+00,6.123731850000532e-11,2.220446049553696e-14,2.191290639365295e+01,9.728531712899924e-01,6.366841415484452e-08,1.099859620387581e-14,4,0,0,REACHED_FORCE,3,0,0,REACHED_FORCE,5,0,0,REACHED_FORCE,7.093899995063771e-07,1.266181604009375e-12,1.676065800563850e-16,1.697077249800380e-07,5.499074199472043e-11,2.576013156923927e-16,3.701941308166115e-04,4.989075819139543e-11,1.203239704974231e-13,false
11,1.000000000000000e+01,1.691105834802798e+05,0,10,CONTINUE,6.123731850000532e-10,4.371762335570789e-11,0.000000000000000e+00,6.123731850000532e-11,2.220446049553696e-14,2.191290639365295e+01,9.728531822446340e-01,6.366841415484452e-08,1.099859620387581e-14,3,0,0,REACHED_FORCE,3,0,0,REACHED_FORCE,4,0,0,REACHED_FORCE,2.378964591315973e-07,9.526618426417000e-12,5.480800449148843e-16,5.700703011503495e-08,2.180478887725545e-12,8.024427013321736e-16,1.242436974513618e-04,3.205968823749572e-11,3.379715848828606e-13,false
11,3.162000000000000e+01,1.691105834802798e+05,0,10,CONTINUE,6.123731850000532e-10,4.371779037475940e-11,0.000000000000000e+00,6.123731850000532e-11,2.220446049553696e-14,2.191290639365295e+01,9.728528919938610e-01,6.366841415484452e-08,1.099859620387581e-14,3,0,0,REACHED_FORCE,3,0,0,REACHED_FORCE,4,0,0,REACHED_FORCE,7.674316409082210e-08,3.247447883519827e-13,3.186462177937474e-15,1.839956806112554e-08,7.436412596817377e-14,2.732617022874476e-15,4.008917147969490e-05,3.339550858072471e-13,1.391327196058748e-12,false
11,1.000000000000000e+02,1.691105834802798e+05,0,7,CONTINUE,6.123731850000532e-10,4.371769662918981e-11,0.000000000000000e+00,6.123731850000532e-11,2.220446049553696e-14,2.191290639365295e+01,9.728528257932197e-01,6.366841415484452e-08,1.099859620387581e-14,2,0,0,REACHED_FORCE,2,0,0,REACHED_FORCE,3,0,0,REACHED_FORCE,2.442217240233886e-08,2.788371443462889e-11,8.404130351030633e-15,5.856351523904302e-09,6.487239564978431e-12,1.218329406948636e-14,1.275859011745809e-05,4.960698518630124e-12,3.844255522522561e-12,false
11,3.162000000000000e+02,1.691105834802798e+05,0,7,CONTINUE,6.123731850000532e-10,4.371934638311380e-11,0.000000000000000e+00,6.123731850000532e-11,2.220446049553696e-14,2.191290639365295e+01,9.728496950721038e-01,6.366841415484452e-08,1.099859620387581e-14,2,0,0,REACHED_FORCE,2,0,0,REACHED_FORCE,3,0,0,REACHED_FORCE,7.739417391554625e-09,2.796219852885251e-12,2.021515149477808e-14,1.855967602487138e-09,6.504206895296960e-13,2.203095166718668e-14,4.043303642939020e-06,1.614264277804978e-13,8.554502068621745e-12,false
11,1.000000000000000e+03,1.691105834802798e+05,0,7,CONTINUE,6.123731850000532e-10,4.371944915914421e-11,0.000000000000000e+00,6.123731850000532e-11,2.220446049553696e-14,2.191290639365295e+01,9.728504369167623e-01,6.366841415484452e-08,1.099859620387581e-14,2,0,0,REACHED_FORCE,2,0,0,REACHED_FORCE,3,0,0,REACHED_FORCE,2.448786597532238e-09,2.798056925046311e-13,5.169930511542446e-14,5.872447799754594e-10,6.507468175431796e-14,8.579683901107464e-14,1.279327973599393e-06,2.842170943040401e-14,5.167290121032956e-11,false
11,3.162000000000000e+03,1.691105834802798e+05,0,7,CONTINUE,6.123731850000532e-10,4.371753839184331e-11,0.000000000000000e+00,6.123731850000532e-11,2.220446049553696e-14,2.191290639365295e+01,9.728590518876700e-01,6.366841415484452e-08,1.099859620387581e-14,2,0,0,REACHED_FORCE,2,0,0,REACHED_FORCE,2,1,1,REACHED_FORCE,7.746009650675351e-10,2.803833554221313e-14,2.044485905548305e-13,1.857585451858409e-10,6.572867250476122e-15,2.417598052456124e-13,4.046778561970816e-07,1.363531509923632e-11,1.260630286608211e-10,false
11,1.000000000000000e+04,1.691105834802798e+05,0,6,CONTINUE,6.123731850000532e-10,4.371035463173172e-11,0.000000000000000e+00,6.123731850000532e-11,2.220446049553696e-14,2.191290639365295e+01,9.728744566213929e-01,6.366841415484452e-08,1.099859620387581e-14,2,0,0,REACHED_FORCE,1,0,0,REACHED_FORCE,2,1,1,REACHED_FORCE,2.449446072442276e-10,2.815456201510358e-15,6.816509021721146e-13,5.874071291434109e-11,4.871225384867062e-11,1.083360263124589e-12,1.279671872495987e-07,1.366018409498793e-12,3.322298055718456e-10,true
11,3.162000000000000e+04,1.691105834802798e+05,0,6,CONTINUE,6.123731850000532e-10,4.385096568465857e-11,0.000000000000000e+00,6.123731850000532e-11,2.220446049553696e-14,2.191290639365295e+01,9.725315098327399e-01,6.366841415484452e-08,1.099859620387581e-14,2,0,0,REACHED_FORCE,1,0,0,REACHED_FORCE,2,1,1,REACHED_FORCE,7.746686062025188e-11,2.758210326803123e-16,1.849801253003314e-12,1.857700993104920e-11,1.540543300565522e-11,2.465790121745125e-12,4.047111841422110e-08,1.563194018672220e-13,7.520948249838408e-10,false
11,1.000000000000000e+05,1.691105834802798e+05,0,6,CONTINUE,6.123731850000532e-10,4.480012964411529e-11,0.000000000000000e+00,6.123731850000532e-11,2.220446049553696e-14,2.191290639365295e+01,9.707378890759298e-01,6.366841415484452e-08,1.099859620387581e-14,1,0,0,REACHED_FORCE,1,0,0,REACHED_FORCE,2,2,2,REACHED_FORCE,2.449557000494880e-11,2.033534538675719e-11,5.849250991669444e-12,5.874304593887109e-12,4.871339442935607e-12,5.993581709844727e-12,1.279673624676223e-08,4.263256414560601e-14,4.375055784673850e-09,false
11,3.162000000000000e+05,1.691105834802798e+05,0,7,CONTINUE,6.123731850000532e-10,5.001787714592587e-11,0.000000000000000e+00,6.123731850000532e-11,2.220446049553696e-14,2.191290639365295e+01,9.610888748401537e-01,6.366841415484452e-08,1.099859620387581e-14,1,0,0,REACHED_FORCE,1,0,0,REACHED_FORCE,2,3,3,REACHED_FORCE,7.747064949016057e-12,6.431186746341799e-12,2.454381490692469e-11,1.857810857855335e-12,1.540496896712540e-12,3.622883920208052e-11,4.046795870143966e-09,2.842170943040401e-14,9.369676733757767e-09,false
11,1.000000000000000e+06,1.691105834802798e+05,1,9,CONTINUE,6.123731850000532e-10,4.613550559774911e-11,0.000000000000000e+00,6.123731850000532e-11,2.220446049553696e-14,2.191290639365295e+01,9.675627940696809e-01,6.366841415484452e-08,1.099859620387581e-14,1,1,1,REACHED_FORCE,1,1,1,REACHED_FORCE,2,3,3,REFINE_STALLED,2.449321722245588e-12,2.033226885467254e-12,7.175399984576595e-11,5.871228501338729e-13,4.866558545035815e-13,8.665024594875835e-11,1.279510748838989e-09,1.820765760385257e-14,3.672724123002430e-08,false
11,3.162000000000000e+06,1.691105834802798e+05,1,12,CONTINUE,6.123731850000532e-10,6.632511010603747e-11,5.331018588983174e-14,6.123731850000532e-11,2.220446049553696e-14,2.191290639365295e+01,9.357215322864837e-01,6.366841415484452e-08,1.099859620387581e-14,1,3,3,REFINE_STALLED,1,3,3,REFINE_STALLED,2,2,2,REFINE_STALLED,7.750810531554956e-13,6.431541768343180e-13,1.469895067618365e-10,1.846756016844788e-13,1.530302035264441e-13,1.564334263617884e-10,3.988716478951856e-10,4.263256414560601e-14,1.949201008284001e-06,false
11,1.000000000000000e+07,1.691105834802798e+05,1,12,CONTINUE,6.123731850000532e-10,6.628275968629303e-11,5.331018588983174e-14,6.123731850000532e-11,2.220446049553696e-14,2.191290639365295e+01,9.360898444679908e-01,6.366841415484452e-08,1.099859620387581e-14,1,3,3,REACHED_FORCE,1,3,3,REFINE_STALLED,2,2,2,REFINE_STALLED,2.450132238591221e-13,2.033250954755483e-13,3.541832115727490e-10,5.834398412337528e-14,4.837804961320413e-14,3.702799437012599e-10,1.258036109564102e-10,2.842170943040401e-14,6.515756867035929e-06,false
11,3.162000000000000e+07,1.691105834802798e+05,1,12,CONTINUE,6.123731850000532e-10,6.391929683339268e-11,5.331018588983174e-14,6.123731850000532e-11,2.220446049553696e-14,2.191290639365295e+01,9.403027344107086e-01,6.366841415484452e-08,1.099859620387581e-14,1,4,4,REFINE_STALLED,1,3,3,REFINE_STALLED,1,2,2,REFINE_STALLED,7.742298035515636e-14,6.427204688602695e-14,7.079849708593176e-10,1.840610832518426e-14,1.528231751216080e-14,7.231382302192998e-10,3.984758475502892e-11,3.204703169501499e-11,2.098070728530843e-05,false
11,1.000000000000000e+08,1.691105834802798e+05,1,11,CONTINUE,6.123731850000532e-10,6.751029851928050e-11,5.331018588983174e-14,6.123731850000532e-11,2.220446049553696e-14,2.191290639365295e+01,9.347547780437885e-01,6.366841415484452e-08,1.099859620387581e-14,1,3,3,REFINE_STALLED,1,3,3,REFINE_STALLED,1,2,2,REFINE_STALLED,2.443904057933326e-14,2.030493828630853e-14,1.162572001745095e-09,5.776707558593928e-15,4.807379537855039e-15,1.153697743931409e-09,1.305419417110053e-11,1.025890483674630e-11,6.608994045973745e-05,false
11,3.162000000000000e+08,1.691105834802798e+05,1,9,CONTINUE,6.123731850000532e-10,1.330539543570249e-10,5.331018588983174e-14,6.123731850000532e-11,2.220446049553696e-14,2.191290639365295e+01,8.238748512283457e-01,6.366841415484452e-08,1.099859620387581e-14,1,2,2,REFINE_STALLED,1,2,2,REFINE_STALLED,1,2,2,REFINE_STALLED,7.703114179213366e-15,6.410236924603296e-15,1.646732099665563e-09,1.797740560214256e-15,1.499153448950019e-15,1.597671987905652e-09,5.650021790328566e-12,3.401307013817245e-12,2.091148810998705e-04,false
11,1.000000000000000e+09,1.691105834802798e+05,1,9,CONTINUE,6.123731850000532e-10,1.617011359950874e-10,5.331018588983174e-14,6.123731850000532e-11,2.220446049553696e-14,2.191290639365295e+01,7.770741783076466e-01,6.366841415484452e-08,1.099859620387581e-14,1,2,2,REFINE_STALLED,1,2,2,REFINE_STALLED,1,2,2,REFINE_STALLED,2.420817093204090e-15,2.021134114563693e-15,3.432138644868398e-09,5.528817332559410e-16,4.647873069491687e-16,3.536152962777272e-09,4.302858081873348e-12,2.868816295631405e-12,6.591023263523200e-04,false
11,3.162000000000000e+09,1.691105834802798e+05,1,10,CONTINUE,6.123731850000532e-10,1.823030058769528e-10,5.331018588983174e-14,6.123731850000532e-11,2.220446049553696e-14,2.191290639365295e+01,7.446398352722595e-01,6.366841415484452e-08,1.099859620387581e-14,1,2,2,REFINE_STALLED,1,2,2,REFINE_STALLED,1,3,3,REFINE_STALLED,7.570396172043217e-16,6.345360977107195e-16,7.788901853120761e-09,1.650830466840397e-16,1.393064266372313e-16,7.625053075654848e-09,4.124321041976049e-12,2.821298750177448e-12,2.073336036299256e-03,false
11,1.000000000000000e+10,1.691105834802798e+05,1,12,CONTINUE,6.123731850000532e-10,1.916808074383667e-10,5.331018588983174e-14,6.123731850000532e-11,2.220446049553696e-14,2.191290639365295e+01,7.285522392007175e-01,6.366841415484452e-08,1.099859620387581e-14,1,3,3,REFINE_STALLED,1,3,3,REFINE_STALLED,1,3,3,REFINE_STALLED,2.327418120994274e-16,1.959102503704471e-16,1.701788782193417e-08,4.387900297374704e-17,3.684932133735108e-17,1.932391623588994e-08,3.959138813844546e-12,2.729372283738485e-12,6.433353703761528e-03,false
11,3.162000000000000e+10,1.691105834802798e+05,1,12,CONTINUE,6.123731850000532e-10,2.942216868978528e-10,5.331018588983174e-14,6.123731850000532e-11,2.220446049553696e-14,2.191290639365295e+01,5.552541025105412e-01,6.366841415484452e-08,1.099859620387581e-14,1,1,1,REFINE_STALLED,1,4,4,REFINE_STALLED,1,4,4,REFINE_STALLED,6.908592147512970e-17,5.736276525395573e-17,4.016056158142584e-08,1.072858034277561e-17,1.011018525842733e-17,4.684355459094722e-08,3.583229300306467e-12,2.527755782466556e-12,1.904863268412743e-02,false
11,1.000000000000000e+11,1.691105834802798e+05,1,10,CONTINUE,6.123731850000532e-10,1.370126395629596e-09,5.331018588983174e-14,6.123731850000532e-11,2.220446049553696e-14,2.191290639365295e+01,4.617672349987627e-02,6.366841415484452e-08,1.099859620387581e-14,1,1,1,REFINE_STALLED,1,1,1,REFINE_STALLED,1,5,5,REFINE_STALLED,1.974905307892604e-17,1.538381238803260e-17,1.125431044967101e-07,4.392008035981437e-18,4.315124646492308e-17,1.877033517856667e-07,2.655490064037133e-12,1.898481372109018e-12,5.099580114614612e-02,false
11,3.162000000000000e+11,1.691105834802798e+05,1,11,CONTINUE,6.123731850000532e-10,1.800058751359348e-09,5.331018588983174e-14,6.123731850000532e-11,2.220446049553696e-14,2.191290639365295e+01,4.152001559787521e-06,6.366841415484452e-08,1.099859620387581e-14,1,1,1,REFINE_STALLED,1,1,1,REFINE_STALLED,1,6,6,REFINE_STALLED,5.154243269603518e-18,4.743384504624082e-18,2.705079142961081e-07,3.296934499793988e-16,4.145989107584569e-15,1.689724726029961e-04,1.379443842411313e-12,1.008082506359642e-12,1.078543500744782e-01,false
11,1.000000000000000e+12,1.691105834802798e+05,1,7,CONTINUE,6.123731850000532e-10,5.456738197898165e-10,5.331018588983174e-14,6.123731850000532e-11,2.220446049553696e-14,2.191290639365295e+01,8.748075589224276e-02,6.366841415484452e-08,1.099859620387581e-14,1,1,1,REFINE_STALLED,1,2,2,REFINE_STALLED,1,1,1,REFINE_STALLED,1.082211583389536e-18,7.555533889508359e-19,4.722521239660810e-07,6.451153312816741e-19,5.454892180317694e-19,4.399462506186772e-07,4.510576767772748e-13,3.336775300510908e-13,1.673438912286148e-01,false
11,3.162000000000000e+12,1.691105834802798e+05,1,7,CONTINUE,6.123731850000532e-10,5.476780385582280e-10,5.331018588983174e-14,6.123731850000532e-11,2.220446049553696e-14,2.191290639365295e+01,1.041910557437167e-01,6.366841415484452e-08,1.099859620387581e-14,1,1,1,REFINE_STALLED,1,2,2,REFINE_STALLED,1,1,1,REFINE_STALLED,1.850448426834690e-19,1.235609311807211e-19,6.776710933566006e-07,1.680400679352938e-19,1.341488430213998e-19,5.745467324835194e-07,1.103882432818962e-13,8.082423619271140e-14,2.044329745346919e-01,false
11,1.000000000000000e+13,1.691105834802798e+05,1,8,CONTINUE,6.123731850000532e-10,5.479229727672129e-10,5.331018588983174e-14,6.123731850000532e-11,2.220446049553696e-14,2.191290639365295e+01,1.052431118988399e-01,6.366841415484452e-08,1.099859620387581e-14,1,2,2,REFINE_STALLED,1,2,2,REFINE_STALLED,1,1,1,REFINE_STALLED,3.950079738886312e-20,3.112846081159554e-20,1.532407983492211e-06,3.952601557609575e-20,2.624478647508246e-20,1.306632904507207e-06,2.155202518396732e-14,1.399921845113283e-14,2.201968961346424e-01,false
11,3.162000000000000e+13,1.691105834802798e+05,1,6,CONTINUE,6.123731850000532e-10,5.539038450973340e-10,5.331018588983174e-14,6.123731850000532e-11,2.220446049553696e-14,2.191290639365295e+01,9.555181307396614e-02,6.366841415484452e-08,1.099859620387581e-14,1,1,1,REFINE_STALLED,1,1,1,REFINE_STALLED,1,1,1,REFINE_STALLED,2.073172658186756e-20,1.810532924756067e-20,2.467086826885290e-06,4.896076664229258e-21,2.845501307182415e-21,2.007227708545276e-06,4.133816924837530e-15,2.192690473634684e-15,2.267118897712601e-01,false
11,1.000000000000000e+14,1.691105834802798e+05,1,6,CONTINUE,6.123731850000532e-10,5.549363130746823e-10,5.331018588983174e-14,6.123731850000532e-11,2.220446049553696e-14,2.191290639365295e+01,9.380637907278121e-02,6.366841415484452e-08,1.099859620387581e-14,1,1,1,REFINE_STALLED,1,1,1,REFINE_STALLED,1,1,1,REFINE_STALLED,1.436727817629891e-20,1.228197773518735e-20,3.035317663066127e-06,1.110903799718735e-21,3.838118042246048e-22,2.403821941997209e-06,1.125306257354590e-15,6.800116025829084e-16,2.262194174797332e-01,false
11,3.162000000000000e+14,1.691105834802798e+05,1,6,CONTINUE,6.123731850000532e-10,5.602789065286638e-10,5.331018588983174e-14,6.123731850000532e-11,2.220446049553696e-14,2.191290639365295e+01,8.507224420015155e-02,6.366841415484452e-08,1.099859620387581e-14,1,1,1,REFINE_STALLED,1,1,1,REFINE_STALLED,1,1,1,REFINE_STALLED,8.270884187307427e-21,7.345363839470886e-21,4.908313347707696e-06,2.589578020363919e-21,2.289635935546781e-21,2.470655194643874e-06,3.531909351433774e-16,1.804112415015879e-16,2.292440059939390e-01,false
11,1.000000000000000e+15,1.691105834802798e+05,1,6,CONTINUE,6.123731850000532e-10,5.767669556927373e-10,5.331018588983174e-14,6.123731850000532e-11,2.220446049553696e-14,2.191290639365295e+01,5.814571714456619e-02,6.366841415484452e-08,1.099859620387581e-14,1,1,1,REFINE_STALLED,1,1,1,REFINE_STALLED,1,1,1,REFINE_STALLED,3.209257759816237e-21,2.825648972481143e-21,6.440324388861044e-06,1.754269038760911e-21,1.512086159746935e-21,2.588439729917085e-06,1.200844823828805e-16,6.201636426617085e-17,2.296220927493343e-01,false
11,3.162000000000000e+15,1.691105834802798e+05,1,6,CONTINUE,6.123731850000532e-10,5.845084714922978e-10,5.331018588983174e-14,6.123731850000532e-11,2.220446049553696e-14,2.191290639365295e+01,4.550358756724163e-02,6.366841415484452e-08,1.099859620387581e-14,1,1,1,REFINE_STALLED,1,1,1,REFINE_STALLED,1,1,1,REFINE_STALLED,1.142414499430608e-21,1.015777792215118e-21,7.166969302997565e-06,7.211808646160284e-22,6.294844461528541e-22,2.784662755307600e-06,3.870274317422605e-17,1.951563910473908e-17,2.292643720269064e-01,false
11,1.000000000000000e+16,1.691105834802798e+05,1,6,CONTINUE,6.123731850000532e-10,5.878340384421452e-10,5.331018588983174e-14,6.123731850000532e-11,2.220446049553696e-14,2.191290639365295e+01,4.007286883188134e-02,6.366841415484452e-08,1.099859620387581e-14,1,1,1,REFINE_STALLED,1,1,1,REFINE_STALLED,1,1,1,REFINE_STALLED,3.951776242305509e-22,3.490702184973777e-22,7.403712745559033e-06,2.635871326999172e-22,2.338853181993686e-22,2.818037667843175e-06,1.209254945691212e-17,6.179952383167375e-18,2.287872023964421e-01,false
11,3.162000000000000e+16,1.691105834802798e+05,1,6,CONTINUE,6.123731850000532e-10,5.848153809952434e-10,5.331018588983174e-14,6.123731850000532e-11,2.220446049553696e-14,2.191290639365295e+01,4.500239014115824e-02,6.366841415484452e-08,1.099859620387581e-14,1,1,1,REFINE_STALLED,1,1,1,REFINE_STALLED,1,1,1,REFINE_STALLED,1.248760264852994e-22,1.087742505507231e-22,7.505988051763674e-06,8.355517222150446e-23,7.072394237328387e-23,2.877006977446643e-06,3.887859083181957e-18,1.978668964786046e-18,2.299502037556229e-01,false
11,1.000000000000000e+17,1.691105834802798e+05,1,6,CONTINUE,6.123731850000532e-10,5.850664706094575e-10,5.331018588983174e-14,6.123731850000532e-11,2.220446049553696e-14,2.191290639365295e+01,4.459235634072308e-02,6.366841415484452e-08,1.099859620387581e-14,1,1,1,REFINE_STALLED,1,1,1,REFINE_STALLED,1,1,1,REFINE_STALLED,3.994250068471039e-23,3.474158572722716e-23,7.508211277979614e-06,2.721625671883964e-23,2.248897290378544e-23,2.811172020473105e-06,1.239390406159851e-18,6.234162491791650e-19,2.294932823980106e-01,false
11,3.162000000000000e+17,1.691105834802798e+05,1,6,CONTINUE,6.123731850000532e-10,5.850073137397042e-10,5.331018588983174e-14,6.123731850000532e-11,2.220446049553696e-14,2.191290639365295e+01,4.468896048159349e-02,6.366841415484452e-08,1.099859620387581e-14,1,1,1,REFINE_STALLED,1,1,1,REFINE_STALLED,1,1,1,REFINE_STALLED,1.339596204536613e-23,1.199411888201890e-23,7.529704494322310e-06,7.647564831142931e-24,5.712716105444347e-24,2.857509237135232e-06,3.761303784627929e-19,1.965116437629977e-19,2.287829171110541e-01,false
11,1.000000000000000e+18,1.691105834802798e+05,1,6,CONTINUE,6.123731850000532e-10,5.819609239512996e-10,5.331018588983174e-14,6.123731850000532e-11,2.220446049553696e-14,2.191290639365295e+01,4.966376994420114e-02,6.366841415484452e-08,1.099859620387581e-14,1,1,1,REFINE_STALLED,1,1,1,REFINE_STALLED,1,1,1,REFINE_STALLED,5.139970276162907e-24,4.859686098749038e-24,7.605357317103853e-06,2.074424752530955e-24,1.770683498746325e-24,2.730944126944761e-06,1.266505461522290e-19,7.030373462210693e-20,2.299256341233321e-01,false
12,1.000000000000000e+00,1.130977985419346e+04,0,16,CONTINUE,4.371035463173172e-11,3.974421929430666e-12,0.000000000000000e+00,4.371035463173173e-12,2.220446049363771e-14,2.191290639365295e+01,9.688039164504911e-01,2.315106180527025e-08,8.305174626665819e-15,5,0,0,REACHED_FORCE,4,0,0,REACHED_FORCE,7,0,0,REACHED_FORCE,4.755404511409121e-07,2.397021654516190e-12,5.870461419689905e-17,4.268006230225032e-08,2.176425706323926e-12,6.909703360651473e-17,2.243456456892859e-04,3.174571716613173e-12,2.807569505387490e-14,false
12,3.162000000000000e+00,1.130977985419346e+04,0,14,CONTINUE,4.371035463173172e-11,3.974374519551950e-12,0.000000000000000e+00,4.371035463173173e-12,2.220446049363771e-14,2.191290639365295e+01,9.688052442828621e-01,2.315106180527025e-08,8.305174626665819e-15,4,0,0,REACHED_FORCE,4,0,0,REACHED_FORCE,6,0,0,REACHED_FORCE,1.763750701462936e-07,2.559341627517142e-13,2.197780605067509e-16,1.586946175252323e-08,2.280120536823915e-14,2.308550558013523e-16,8.206008245523773e-05,9.925393840148899e-14,9.842220464289689e-14,false
12,1.000000000000000e+01,1.130977985419346e+04,0,10,CONTINUE,4.371035463173172e-11,3.974309265418499e-12,0.000000000000000e+00,4.371035463173173e-12,2.220446049363771e-14,2.191290639365295e+01,9.688067471682578e-01,2.315106180527025e-08,8.305174626665819e-15,3,0,0,REACHED_FORCE,3,0,0,REACHED_FORCE,4,0,0,REACHED_FORCE,5.923101663896036e-08,2.296173667870605e-12,4.355895737269451e-16,5.333604980771784e-09,2.020276307357349e-13,6.896969169948484e-16,2.743355725505115e-05,4.204636638860393e-12,1.181737074968686e-13,false
12,3.162000000000000e+01,1.130977985419346e+04,0,10,CONTINUE,4.371035463173172e-11,3.974386806815539e-12,0.000000000000000e+00,4.371035463173173e-12,2.220446049363771e-14,2.191290639365295e+01,9.688048881683047e-01,2.315106180527025e-08,8.305174626665819e-15,3,0,0,REACHED_FORCE,3,0,0,REACHED_FORCE,4,0,0,REACHED_FORCE,1.911575378725216e-08,7.829327464126123e-14,1.444353038932376e-15,1.721750974633364e-09,6.892056370055855e-15,1.730828135098750e-15,8.841127731827294e-06,4.263256414560601e-14,6.682027359410889e-13,false
12,1.000000000000000e+02,1.130977985419346e+04,0,8,CONTINUE,4.371035463173172e-11,3.975579063960428e-12,0.000000000000000e+00,4.371035463173173e-12,2.220446049363771e-14,2.191290639365295e+01,9.687740044454288e-01,2.315106180527025e-08,8.305174626665819e-15,3,0,0,REACHED_FORCE,2,0,0,REACHED_FORCE,3,0,0,REACHED_FORCE,6.084094230202660e-09,2.536165721878092e-15,5.040243905112730e-15,5.480387416112660e-10,5.987987883315782e-13,5.853142647061153e-15,2.812664237520424e-06,1.342259636771814e-12,2.133013544793389e-12,false
12,3.162000000000000e+02,1.130977985419346e+04,0,8,CONTINUE,4.371035463173172e-11,3.964077565047469e-12,0.000000000000000e+00,4.371035463173173e-12,2.220446049363771e-14,2.191290639365295e+01,9.690846001261304e-01,2.315106180527025e-08,8.305174626665819e-15,2,0,0,REACHED_FORCE,2,0,0,REACHED_FORCE,3,1,1,REACHED_FORCE,1.928141165805864e-09,6.791182199927803e-13,1.056962285620960e-14,1.736750384941477e-10,6.003184060965339e-14,1.231724397754323e-14,8.912495925442236e-07,4.374278717023117e-14,6.463855718918238e-12,false
12,1.000000000000000e+03,1.130977985419346e+04,0,8,CONTINUE,4.371035463173172e-11,3.959949574283082e-12,0.000000000000000e+00,4.371035463173173e-12,2.220446049363771e-14,2.191290639365295e+01,9.691779996526990e-01,2.315106180527025e-08,8.305174626665819e-15,2,0,0,REACHED_FORCE,2,0,0,REACHED_FORCE,3,1,1,REACHED_FORCE,6.100813429927418e-10,6.795085327748751e-14,4.796845303300618e-14,5.495987524632890e-11,6.002143226879753e-15,6.760551867993851e-14,2.819865760687276e-07,2.131628207280301e-14,2.165413510781356e-11,false
12,3.162000000000000e+03,1.130977985419346e+04,0,7,CONTINUE,4.371035463173172e-11,3.957794105576826e-12,0.000000000000000e+00,4.371035463173173e-12,2.220446049363771e-14,2.191290639365295e+01,9.692253638609204e-01,2.315106180527025e-08,8.305174626665819e-15,2,0,0,REACHED_FORCE,2,0,0,REACHED_FORCE,2,1,1,REACHED_FORCE,1.929820002153353e-10,6.786238238021269e-15,1.263074344474098e-13,1.737654710646107e-11,5.863365348801608e-16,1.516104103401888e-13,8.919735140933013e-08,3.334221787554270e-12,7.656962147963810e-11,true
12,1.000000000000000e+04,1.130977985419346e+04,0,7,CONTINUE,4.371035463173172e-11,3.951536428008971e-12,0.000000000000000e+00,4.371035463173173e-12,2.220446049363771e-14,2.191290639365295e+01,9.692677848125923e-01,2.315106180527025e-08,8.305174626665819e-15,2,0,0,REACHED_FORCE,2,0,0,REACHED_FORCE,2,1,1,REACHED_FORCE,6.102446750302364e-11,6.626643678231403e-16,6.936415967574941e-13,5.494992558576323e-12,6.245004513516506e-17,1.099389127992945e-12,2.820617961780801e-08,3.366196210663475e-13,1.491937746352506e-10,false
12,3.162000000000000e+04,1.130977985419346e+04,0,7,CONTINUE,4.371035463173172e-11,3.873508810016871e-12,0.000000000000000e+00,4.371035463173173e-12,2.220446049363771e-14,2.191290639365295e+01,9.723310106363198e-01,2.315106180527025e-08,8.305174626665819e-15,2,0,0,REACHED_FORCE,1,0,0,REACHED_FORCE,2,2,2,REACHED_FORCE,1.929956046721425e-11,6.418476861114186e-17,1.984602162217796e-12,1.751537900163431e-12,1.448660635894328e-12,2.317140807225993e-12,8.920483210749899e-09,2.309263891220326e-14,6.912016167435272e-10,false
12,1.000000000000000e+05,1.130977985419346e+04,0,9,CONTINUE,4.371035463173172e-11,4.269654319831690e-12,0.000000000000000e+00,4.371035463173173e-12,2.220446049363771e-14,2.191290639365295e+01,9.612306560794894e-01,2.315106180527025e-08,8.305174626665819e-15,2,1,1,REACHED_FORCE,1,0,0,REACHED_FORCE,2,3,3,REACHED_FORCE,6.103171114884455e-12,8.326672684688674e-17,4.614477553110076e-12,5.488475256470548e-13,4.537906508894629e-13,3.623003592764187e-12,2.820674076546886e-09,4.263256414560601e-14,1.382903088742099e-09,false
12,3.162000000000000e+05,1.130977985419346e+04,1,8,CONTINUE,4.371035463173172e-11,5.291266609164927e-12,0.000000000000000e+00,4.371035463173173e-12,2.220446049363771e-14,2.191290639365295e+01,9.327157616698498e-01,2.315106180527025e-08,8.305174626665819e-15,1,1,1,REFINE_STALLED,1,1,1,REFINE_STALLED,2,2,2,REFINE_STALLED,1.929727079595310e-12,1.610046297673140e-12,1.505489411052287e-11,1.679492592798558e-13,1.388325218676378e-13,1.743153528349649e-11,8.920373658199946e-10,4.263256414560601e-14,1.024688400424124e-08,false
12,1.000000000000000e+06,1.130977985419346e+04,1,12,CONTINUE,4.371035463173172e-11,1.347715330192763e-11,5.331018588983174e-14,4.371035463173173e-12,2.220446049363771e-14,2.191290639365295e+01,7.831136227626601e-01,2.315106180527025e-08,8.305174626665819e-15,1,3,3,REFINE_STALLED,1,3,3,REFINE_STALLED,2,2,2,REFINE_STALLED,6.110967958854928e-13,5.096155702294380e-13,2.692584063033389e-11,8.481340786370735e-15,5.901312424838601e-15,2.903594325825261e-11,2.830116529531679e-10,1.421085471520200e-14,6.657513859054973e-07,false
12,3.162000000000000e+06,1.130977985419346e+04,1,12,CONTINUE,4.371035463173172e-11,1.404906915906822e-11,5.331018588983174e-14,4.371035463173173e-12,2.220446049363771e-14,2.191290639365295e+01,7.740275264687072e-01,2.315106180527025e-08,8.305174626665819e-15,1,3,3,REFINE_STALLED,1,3,3,REFINE_STALLED,2,2,2,REFINE_STALLED,1.932618504729542e-13,1.611586840540025e-13,2.804684310304246e-11,3.995055211421865e-15,3.204251100563660e-15,4.880618316648102e-11,8.952099668099542e-11,4.263256414560601e-14,2.081717300290433e-06,false
12,1.000000000000000e+07,1.130977985419346e+04,1,12,CONTINUE,4.371035463173172e-11,1.422497523697075e-11,5.331018588983174e-14,4.371035463173173e-12,2.220446049363771e-14,2.191290639365295e+01,7.655602723238545e-01,2.315106180527025e-08,8.305174626665819e-15,1,3,3,REFINE_STALLED,1,3,3,REFINE_STALLED,2,2,2,REFINE_STALLED,6.109838819224515e-14,5.094763586704909e-14,3.591270613777759e-11,1.151519411799348e-15,8.949004731695354e-16,8.544199815444352e-11,2.851014349028281e-11,2.131628207280301e-14,6.539226794199024e-06,false
12,3.162000000000000e+07,1.130977985419346e+04,1,10,CONTINUE,4.371035463173172e-11,1.942450170659677e-11,5.331018588983174e-14,4.371035463173173e-12,2.220446049363771e-14,2.191290639365295e+01,6.476320430871120e-01,2.315106180527025e-08,8.305174626665819e-15,1,2,2,REFINE_STALLED,1,2,2,REFINE_STALLED,2,2,2,REFINE_STALLED,1.931300399285677e-14,1.610945534954999e-14,6.624579805829519e-11,2.890883315647076e-16,1.883801274693564e-16,1.539173611461509e-10,9.786800967055672e-12,1.421085471520200e-14,2.091659995217331e-05,false
12,1.000000000000000e+08,1.130977985419346e+04,1,10,CONTINUE,4.371035463173172e-11,2.160595858155851e-11,5.331018588983174e-14,4.371035463173173e-12,2.220446049363771e-14,2.191290639365295e+01,5.929635872208783e-01,2.315106180527025e-08,8.305174626665819e-15,1,2,2,REFINE_STALLED,1,2,2,REFINE_STALLED,2,2,2,REFINE_STALLED,6.099912277773075e-15,5.092484051637258e-15,1.272622207910005e-10,7.565746513515087e-17,4.461491939777851e-17,3.390429950407237e-10,5.017075739356330e-12,4.263256414560601e-14,6.562223222703228e-05,false
12,3.162000000000000e+08,1.130977985419346e+04,1,9,CONTINUE,4.371035463173172e-11,2.904548882192199e-11,5.331018588983174e-14,4.371035463173173e-12,2.220446049363771e-14,2.191290639365295e+01,4.010102613970935e-01,2.315106180527025e-08,8.305174626665819e-15,1,2,2,REFINE_STALLED,1,2,2,REFINE_STALLED,1,2,2,REFINE_STALLED,1.924846253322060e-15,1.608680738260631e-15,3.649698128296069e-10,1.960672707616125e-17,2.775557561562891e-17,9.527425301325866e-10,4.279336438806125e-12,2.919442465554312e-12,2.123228983985891e-04,false
12,1.000000000000000e+09,1.130977985419346e+04,1,9,CONTINUE,4.371035463173172e-11,3.847091113520011e-11,5.331018588983174e-14,4.371035463173173e-12,2.220446049363771e-14,2.191290639365295e+01,1.532564031697138e-01,2.315106180527025e-08,8.305174626665819e-15,1,2,2,REFINE_STALLED,1,2,2,REFINE_STALLED,1,2,2,REFINE_STALLED,6.055218526467096e-16,5.072274692548718e-16,8.503294969538414e-10,7.816712699890360e-18,2.775557561562891e-17,2.069958048291447e-09,4.136063579162415e-12,2.856381797755603e-12,6.534897263841045e-04,false
12,3.162000000000000e+09,1.130977985419346e+04,1,10,CONTINUE,4.371035463173172e-11,3.996266545346363e-11,5.331018588983174e-14,4.371035463173173e-12,2.220446049363771e-14,2.191290639365295e+01,1.074860403800828e-01,2.315106180527025e-08,8.305174626665819e-15,1,2,2,REFINE_STALLED,1,2,2,REFINE_STALLED,1,3,3,REFINE_STALLED,1.889672379287132e-16,1.586340244276799e-16,1.595532052786698e-09,3.506932041383212e-18,1.387778780781446e-17,3.177595073029454e-09,4.079523777017913e-12,2.809308341511496e-12,2.090218268265380e-03,false
12,1.000000000000000e+10,1.130977985419346e+04,1,10,CONTINUE,4.371035463173172e-11,4.010234704496482e-11,5.331018588983174e-14,4.371035463173173e-12,2.220446049363771e-14,2.191290639365295e+01,9.018313392453232e-02,2.315106180527025e-08,8.305174626665819e-15,1,2,2,REFINE_STALLED,1,2,2,REFINE_STALLED,1,3,3,REFINE_STALLED,5.792642213375138e-17,4.800305118679571e-17,3.683577852443204e-09,2.627262540506945e-18,1.387778780781446e-17,1.012612591353195e-08,3.967322450482557e-12,2.754463324095013e-12,6.322956927724523e-03,false
12,3.162000000000000e+10,1.130977985419346e+04,1,9,CONTINUE,4.371035463173172e-11,4.053819463197496e-11,5.331018588983174e-14,4.371035463173173e-12,2.220446049363771e-14,2.191290639365295e+01,1.982219752658020e-01,2.315106180527025e-08,8.305174626665819e-15,1,1,1,REFINE_STALLED,1,1,1,REFINE_STALLED,1,4,4,REFINE_STALLED,1.723241591095096e-17,1.448511043099579e-17,8.878944878673530e-09,6.650231209282391e-19,5.204170427930421e-18,1.170333210423513e-08,3.568852417047125e-12,2.501110429875553e-12,1.899415865189324e-02,false
12,1.000000000000000e+11,1.130977985419346e+04,1,10,CONTINUE,4.371035463173172e-11,1.957508843362444e-10,5.331018588983174e-14,4.371035463173173e-12,2.220446049363771e-14,2.191290639365295e+01,1.731129098769151e-04,2.315106180527025e-08,8.305174626665819e-15,1,1,1,REFINE_STALLED,1,1,1,REFINE_STALLED,1,5,5,REFINE_STALLED,4.771147727102609e-18,4.141144079126274e-18,2.624417085166604e-08,8.006137178915990e-17,1.110223024625157e-15,3.467632690067137e-06,2.674434265416195e-12,1.908251334725719e-12,5.067135848322674e-02,false
12,3.162000000000000e+11,1.130977985419346e+04,1,10,CONTINUE,4.371035463173172e-11,3.533784616122008e-10,5.331018588983174e-14,4.371035463173173e-12,2.220446049363771e-14,2.191290639365295e+01,2.654590508918653e-04,2.315106180527025e-08,8.305174626665819e-15,1,1,1,REFINE_STALLED,1,1,1,REFINE_STALLED,1,5,5,REFINE_STALLED,1.102647640543619e-18,8.595266832263013e-19,5.661967061451286e-08,6.690689538908365e-18,2.276824562219559e-17,2.824901593281160e-06,1.373394889960859e-12,1.006417171822704e-12,1.077530579602569e-01,false
12,1.000000000000000e+12,1.130977985419346e+04,1,7,CONTINUE,4.371035463173172e-11,4.274097342318725e-11,5.331018588983174e-14,4.371035463173173e-12,2.220446049363771e-14,2.191290639365295e+01,1.738808435598217e-02,2.315106180527025e-08,8.305174626665819e-15,1,1,1,REFINE_STALLED,1,2,2,REFINE_STALLED,1,1,1,REFINE_STALLED,1.767836130812632e-19,1.252549970752297e-19,9.198322211302687e-08,1.633767759117959e-19,1.467219883322058e-19,8.274383043162079e-08,4.553162596075113e-13,3.355649091929536e-13,1.675390690786338e-01,false
12,3.162000000000000e+12,1.130977985419346e+04,1,6,CONTINUE,4.371035463173172e-11,4.285466441035663e-11,5.331018588983174e-14,4.371035463173173e-12,2.220446049363771e-14,2.191290639365295e+01,2.023943246873914e-02,2.315106180527025e-08,8.305174626665819e-15,1,1,1,REFINE_STALLED,1,1,1,REFINE_STALLED,1,1,1,REFINE_STALLED,2.124701316057830e-20,1.610686088763255e-20,1.539636819843976e-07,3.500377481895069e-20,3.132036671370784e-20,1.015057756347937e-07,1.107641799909808e-13,8.061606937559418e-14,2.031304424669807e-01,false
12,1.000000000000000e+13,1.130977985419346e+04,1,6,CONTINUE,4.371035463173172e-11,4.294690381365639e-11,5.331018588983174e-14,4.371035463173173e-12,2.220446049363771e-14,2.191290639365295e+01,1.754809331847427e-02,2.315106180527025e-08,8.305174626665819e-15,1,1,1,REFINE_STALLED,1,1,1,REFINE_STALLED,1,1,1,REFINE_STALLED,3.980788108125175e-21,3.421219013519322e-21,3.119511501807783e-07,5.652512026373852e-21,5.307190810140226e-21,1.539203240384631e-07,2.165750314691062e-14,1.430452978290475e-14,2.201842453054171e-01,false
12,3.162000000000000e+13,1.130977985419346e+04,1,7,CONTINUE,4.371035463173172e-11,4.298468114627766e-11,5.331018588983174e-14,4.371035463173173e-12,2.220446049363771e-14,2.191290639365295e+01,1.660277345222398e-02,2.315106180527025e-08,8.305174626665819e-15,1,1,1,REFINE_STALLED,1,2,2,REFINE_STALLED,1,1,1,REFINE_STALLED,1.403730181555684e-21,9.529120656610879e-22,5.010778886776546e-07,1.380274201188499e-21,1.273858143331663e-21,3.393189267554523e-07,4.078451473217482e-15,2.109423746787797e-15,2.264263090043802e-01,false
12,1.000000000000000e+14,1.130977985419346e+04,1,8,CONTINUE,4.371035463173172e-11,4.303834359354863e-11,5.331018588983174e-14,4.371035463173173e-12,2.220446049363771e-14,2.191290639365295e+01,1.537466194800152e-02,2.315106180527025e-08,8.305174626665819e-15,1,2,2,REFINE_STALLED,1,2,2,REFINE_STALLED,1,1,1,REFINE_STALLED,1.129187570828753e-21,8.900463391070578e-22,1.189032757618649e-06,2.987386049317351e-22,1.474449441875772e-22,8.134108735416124e-07,1.066604924905729e-15,5.828670879282072e-16,2.284520161176641e-01,false
12,3.162000000000000e+14,1.130977985419346e+04,1,6,CONTINUE,4.371035463173172e-11,4.306345106207831e-11,5.331018588983174e-14,4.371035463173173e-12,2.220446049363771e-14,2.191290639365295e+01,1.479999129396204e-02,2.315106180527025e-08,8.305174626665819e-15,1,1,1,REFINE_STALLED,1,1,1,REFINE_STALLED,1,1,1,REFINE_STALLED,1.209085475018070e-21,1.058791184067875e-21,2.100334765434777e-06,1.391031464909461e-22,9.760731228125727e-23,1.409690278661111e-06,3.562070626543221e-16,1.873501354054952e-16,2.274876854384225e-01,false
12,1.000000000000000e+15,1.130977985419346e+04,1,6,CONTINUE,4.371035463173172e-11,4.311010050502234e-11,5.331018588983174e-14,4.371035463173173e-12,2.220446049363771e-14,2.191290639365295e+01,1.373257582957674e-02,2.315106180527025e-08,8.305174626665819e-15,1,1,1,REFINE_STALLED,1,1,1,REFINE_STALLED,1,1,1,REFINE_STALLED,1.012547185697925e-21,8.983181452325881e-22,2.775210081561888e-06,1.358174148002630e-22,8.271806125530277e-23,1.854969344611431e-06,1.200378904416451e-16,6.591949208711867e-17,2.290636677204872e-01,false
12,3.162000000000000e+15,1.130977985419346e+04,1,6,CONTINUE,4.371035463173172e-11,4.312046705405990e-11,5.331018588983174e-14,4.371035463173173e-12,2.220446049363771e-14,2.191290639365295e+01,1.349539411853031e-02,2.315106180527025e-08,8.305174626665819e-15,1,1,1,REFINE_STALLED,1,1,1,REFINE_STALLED,1,1,1,REFINE_STALLED,6.649967092021096e-22,5.707546226615891e-22,4.064615815922827e-06,2.137751222064677e-22,1.786710123114540e-22,2.057524359038206e-06,3.931949465378402e-17,2.125036258071589e-17,2.290445279690697e-01,false
12,1.000000000000000e+16,1.130977985419346e+04,1,6,CONTINUE,4.371035463173172e-11,4.357120528292938e-11,5.331018588983174e-14,4.371035463173173e-12,2.220446049363771e-14,2.191290639365295e+01,3.183445381610275e-03,2.315106180527025e-08,8.305174626665819e-15,1,1,1,REFINE_STALLED,1,1,1,REFINE_STALLED,1,1,1,REFINE_STALLED,2.993498321650694e-22,2.605618929542037e-22,5.925675863873560e-06,1.822190478256889e-22,1.528216181691719e-22,2.128718421510060e-06,1.228641982415482e-17,6.396792817664476e-18,2.298375863468769e-01,false
12,3.162000000000000e+16,1.130977985419346e+04,1,6,CONTINUE,4.371035463173172e-11,4.338091878918842e-11,5.331018588983174e-14,4.371035463173173e-12,2.220446049363771e-14,2.191290639365295e+01,7.536801379089610e-03,2.315106180527025e-08,8.305174626665819e-15,1,1,1,REFINE_STALLED,1,1,1,REFINE_STALLED,1,1,1,REFINE_STALLED,1.155076914661268e-22,1.021568056502989e-22,6.918744404887989e-06,8.246063343918236e-23,7.248170117495905e-23,2.155400597232475e-06,3.830284111366507e-18,1.978668964786046e-18,2.291264451925141e-01,false
12,1.000000000000000e+17,1.130977985419346e+04,1,6,CONTINUE,4.371035463173172e-11,4.337518472887114e-11,5.331018588983174e-14,4.371035463173173e-12,2.220446049363771e-14,2.191290639365295e+01,7.667984637280824e-03,2.315106180527025e-08,8.305174626665819e-15,1,1,1,REFINE_STALLED,1,1,1,REFINE_STALLED,1,1,1,REFINE_STALLED,3.989223698148083e-23,3.536197118664193e-23,7.323815164312124e-06,3.122995430984822e-23,2.690921930211568e-23,2.161313140222185e-06,1.172347149354091e-18,5.624298769768554e-19,2.292642437364279e-01,false
12,3.162000000000000e+17,1.130977985419346e+04,1,6,CONTINUE,4.371035463173172e-11,4.335178715843184e-11,5.331018588983174e-14,4.371035463173173e-12,2.220446049363771e-14,2.191290639365295e+01,8.203271987751472e-03,2.315106180527025e-08,8.305174626665819e-15,1,1,1,REFINE_STALLED,1,1,1,REFINE_STALLED,1,1,1,REFINE_STALLED,1.307718798886730e-23,1.163222736402695e-23,7.443767855303623e-06,1.008038890729002e-23,8.491525975739675e-24,2.165100876781137e-06,3.775511592315169e-19,1.931235119739805e-19,2.291334767366904e-01,false
12,1.000000000000000e+18,1.130977985419346e+04,1,6,CONTINUE,4.371035463173172e-11,4.335040358059446e-11,5.331018588983174e-14,4.371035463173173e-12,2.220446049363771e-14,2.191290639365295e+01,8.234925347182735e-03,2.315106180527025e-08,8.305174626665819e-15,1,1,1,REFINE_STALLED,1,1,1,REFINE_STALLED,1,1,1,REFINE_STALLED,4.280285030282389e-24,3.954957303769164e-24,7.537039466109198e-06,2.841602992557150e-24,2.145499713809416e-24,2.163260481735247e-06,1.198224327827992e-19,6.098637220230962e-20,2.296577015836251e-01,false
13,1.000000000000000e+00,1.377581436275864e+03,0,17,CONTINUE,3.957794105576826e-12,6.049909181084153e-13,0.000000000000000e+00,3.957794105576827e-13,2.220446049253805e-14,2.191290639365295e+01,9.900000000000000e-01,7.229835939342861e-10,5.726005624638629e-15,5,0,0,REACHED_FORCE,4,0,0,REACHED_FORCE,8,0,0,REACHED_FORCE,3.447370996694768e-08,2.030233213533642e-13,2.554374483342682e-16,2.198284559685189e-10,2.330080572932047e-14,2.170412159515058e-16,1.444767324204955e-04,3.552713678800501e-14,7.425868952945484e-14,false
13,3.162000000000000e+00,1.377581436275864e+03,0,13,CONTINUE,3.957794105576826e-12,6.049922533396090e-13,0.000000000000000e+00,3.957794105576827e-13,2.220446049253805e-14,2.191290639365295e+01,9.900000000000000e-01,7.229835939342861e-10,5.726005624638629e-15,4,0,0,REACHED_FORCE,3,0,0,REACHED_FORCE,6,0,0,REACHED_FORCE,1.279900837667136e-08,2.963254641663582e-14,2.823733841387151e-16,8.486178930523948e-11,2.522027725548881e-14,4.056675244016052e-16,5.354351983271864e-05,2.939315457695102e-14,8.560994142436260e-14,false
13,1.000000000000000e+01,1.377581436275864e+03,0,10,CONTINUE,3.957794105576826e-12,6.049918395279880e-13,0.000000000000000e+00,3.957794105576827e-13,2.220446049253805e-14,2.191290639365295e+01,9.900000000000000e-01,7.229835939342861e-10,5.726005624638629e-15,3,0,0,REACHED_FORCE,2,0,0,REACHED_FORCE,5,0,0,REACHED_FORCE,4.299719456781035e-09,1.672672417241117e-13,5.361345617898740e-16,2.886679917123157e-11,9.568214276445275e-14,5.625510463573481e-16,1.797614379604047e-05,2.842170943040401e-14,1.776558990888007e-13,false
13,3.162000000000000e+01,1.377581436275864e+03,0,10,CONTINUE,3.957794105576826e-12,6.049902368882155e-13,0.000000000000000e+00,3.957794105576827e-13,2.220446049253805e-14,2.191290639365295e+01,9.900000000000000e-01,7.229835939342861e-10,5.726005624638629e-15,3,0,0,REACHED_FORCE,2,0,0,REACHED_FORCE,4,1,1,REACHED_FORCE,1.387815093193842e-09,5.697699256845823e-15,5.184966400510308e-16,9.351385844132660e-12,9.678022272474607e-15,6.852012952686635e-16,5.800940338266963e-06,2.842170943040401e-14,5.676402318964380e-13,false
13,1.000000000000000e+02,1.377581436275864e+03,0,10,CONTINUE,3.957794105576826e-12,6.049870325582100e-13,0.000000000000000e+00,3.957794105576827e-13,2.220446049253805e-14,2.191290639365295e+01,9.900000000000000e-01,7.229835939342861e-10,5.726005624638629e-15,3,0,0,REACHED_FORCE,2,0,0,REACHED_FORCE,4,1,1,REACHED_FORCE,4.417246204346108e-10,1.882174971434836e-16,1.690559804200020e-15,2.978734530975505e-12,9.679756995950584e-16,2.108833844319741e-15,1.846247575737347e-06,2.842170943040401e-14,1.340420900848300e-12,false
13,3.162000000000000e+02,1.377581436275864e+03,0,8,CONTINUE,3.957794105576826e-12,6.050427517672140e-13,0.000000000000000e+00,3.957794105576827e-13,2.220446049253805e-14,2.191290639365295e+01,9.900000000000000e-01,7.229835939342861e-10,5.726005624638629e-15,2,0,0,REACHED_FORCE,2,0,0,REACHED_FORCE,3,1,1,REACHED_FORCE,1.399908969048062e-10,4.908400075276376e-14,8.569259761194456e-15,9.454099763448584e-13,8.847089727481716e-17,9.269871292899356e-15,5.850980380358593e-07,3.108624468950438e-14,4.822561756150811e-12,false
13,1.000000000000000e+03,1.377581436275864e+03,0,7,CONTINUE,3.957794105576826e-12,6.051336510062251e-13,0.000000000000000e+00,3.957794105576827e-13,2.220446049253805e-14,2.191290639365295e+01,9.900000000000000e-01,7.229835939342861e-10,5.726005624638629e-15,2,0,0,REACHED_FORCE,1,0,0,REACHED_FORCE,3,1,1,REACHED_FORCE,4.429457985949048e-11,4.904063266586434e-15,2.267877103298455e-14,2.989250070213634e-13,2.228208936805309e-13,2.481578582741635e-14,1.851296402329319e-07,1.421085471520200e-14,3.020903493119138e-11,true
13,3.162000000000000e+03,1.377581436275864e+03,0,7,CONTINUE,3.957794105576826e-12,6.051741468988647e-13,0.000000000000000e+00,3.957794105576827e-13,2.220446049253805e-14,2.191290639365295e+01,9.900000000000000e-01,7.229835939342861e-10,5.726005624638629e-15,2,0,0,REACHED_FORCE,1,0,0,REACHED_FORCE,3,1,1,REACHED_FORCE,1.401134579895358e-11,4.891920202254596e-16,5.179140240016023e-14,9.544267074613660e-14,7.130580848002666e-14,6.149056653604359e-14,5.856041778972817e-08,2.842170943040401e-14,4.095716710671932e-11,false
13,1.000000000000000e+04,1.377581436275864e+03,0,7,CONTINUE,3.957794105576826e-12,6.069994074145768e-13,0.000000000000000e+00,3.957794105576827e-13,2.220446049253805e-14,2.191290639365295e+01,9.900000000000000e-01,7.229835939342861e-10,5.726005624638629e-15,2,0,0,REACHED_FORCE,1,0,0,REACHED_FORCE,2,2,2,REACHED_FORCE,4.430824681270614e-12,3.816391647148976e-17,1.896602849587979e-13,3.029116189907617e-14,2.270666293879842e-14,2.928356360669144e-13,1.851798718930677e-08,2.057243264630415e-13,1.392792922334897e-10,false
13,3.162000000000000e+04,1.377581436275864e+03,0,10,CONTINUE,3.957794105576826e-12,6.049701990833773e-13,0.000000000000000e+00,3.957794105576827e-13,2.220446049253805e-14,2.191290639365295e+01,9.900000000000000e-01,7.229835939342861e-10,5.726005624638629e-15,2,1,1,REACHED_FORCE,1,1,1,REACHED_FORCE,2,3,3,REACHED_FORCE,1.401149265930508e-12,2.428612866367530e-17,5.759950196300621e-13,9.611790166041208e-15,7.350890729451720e-15,9.069997819140602e-13,5.856522475762753e-09,1.842970220877760e-14,8.757807909216515e-10,false
13,1.000000000000000e+05,1.377581436275864e+03,0,13,CONTINUE,3.957794105576826e-12,6.025925594677564e-13,0.000000000000000e+00,3.957794105576827e-13,2.220446049253805e-14,2.191290639365295e+01,9.900000000000000e-01,7.229835939342861e-10,5.726005624638629e-15,2,1,1,REACHED_FORCE,1,1,1,REACHED_FORCE,2,6,6,REACHED_FORCE,4.432467199794584e-13,1.994931997373328e-17,1.616903286527256e-12,3.292077064453796e-15,2.386112141206098e-15,1.946060331998291e-12,1.851868970469504e-09,2.842170943040401e-14,2.591076639351407e-09,false
13,3.162000000000000e+05,1.377581436275864e+03,1,8,CONTINUE,3.957794105576826e-12,3.116079834762643e-12,0.000000000000000e+00,3.957794105576827e-13,2.220446049253805e-14,2.191290639365295e+01,2.636847506250921e-01,7.229835939342861e-10,5.726005624638629e-15,1,1,1,REFINE_STALLED,1,2,2,REFINE_STALLED,2,1,1,REFINE_STALLED,1.403566340794447e-13,1.183792647241333e-13,7.591451421093194e-12,7.527470079952206e-15,6.480926906249351e-15,7.388469997090640e-12,5.855522971028995e-10,2.842170943040401e-14,5.915336020615300e-09,false
13,1.000000000000000e+06,1.377581436275864e+03,1,11,CONTINUE,3.957794105576826e-12,3.854847287562219e-12,5.331018588983174e-14,3.957794105576827e-13,2.220446049253805e-14,2.191290639365295e+01,4.246758143886379e-01,7.229835939342861e-10,5.726005624638629e-15,1,2,2,REFINE_STALLED,1,2,2,REFINE_STALLED,2,3,2,REFINE_STALLED,4.464491522512422e-14,3.770725051643886e-14,1.403120631246684e-11,2.472142532579226e-14,2.114064132086035e-14,3.495825570836502e-11,1.851789335966267e-10,1.421085471520200e-14,6.676546510250374e-07,false
13,3.162000000000000e+06,1.377581436275864e+03,1,11,CONTINUE,3.957794105576826e-12,3.841881211710091e-12,5.331018588983174e-14,3.957794105576827e-13,2.220446049253805e-14,2.191290639365295e+01,4.090164543059864e-01,7.229835939342861e-10,5.726005624638629e-15,1,2,2,REFINE_STALLED,1,2,2,REFINE_STALLED,2,3,2,REFINE_STALLED,1.411790913528563e-14,1.193890906275863e-14,1.503202486540118e-11,7.972080237758817e-15,6.789924525407720e-15,4.694955720927532e-11,5.866037268970872e-11,9.325873406851315e-15,2.101750840946545e-06,false
13,1.000000000000000e+07,1.377581436275864e+03,1,11,CONTINUE,3.957794105576826e-12,3.875973638734864e-12,5.331018588983174e-14,3.957794105576827e-13,2.220446049253805e-14,2.191290639365295e+01,3.254176516960550e-01,7.229835939342861e-10,5.726005624638629e-15,1,2,2,REFINE_STALLED,1,2,2,REFINE_STALLED,2,3,2,REFINE_STALLED,4.462705433111404e-15,3.781697177629439e-15,2.866759340898498e-11,2.457658329880341e-15,2.065079877933140e-15,8.736558317189476e-11,1.894871379185715e-11,2.842170943040401e-14,6.549939851425752e-06,false
13,3.162000000000000e+07,1.377581436275864e+03,1,12,CONTINUE,3.957794105576826e-12,3.807091527751144e-12,5.331018588983174e-14,3.957794105576827e-13,2.220446049253805e-14,2.191290639365295e+01,3.435685715843657e-01,7.229835939342861e-10,5.726005624638629e-15,1,2,2,REFINE_STALLED,1,2,2,REFINE_STALLED,2,4,3,REFINE_STALLED,1.410874163213766e-15,1.196362887229130e-15,4.104250259293290e-11,7.537526863078273e-16,6.364808853576154e-16,1.347856693142237e-10,7.144704480983957e-12,2.842170943040401e-14,2.075705084308417e-05,false
13,1.000000000000000e+08,1.377581436275864e+03,1,12,CONTINUE,3.957794105576826e-12,3.936244578418205e-12,5.331018588983174e-14,3.957794105576827e-13,2.220446049253805e-14,2.191290639365295e+01,6.744443992529983e-02,7.229835939342861e-10,5.726005624638629e-15,1,2,2,REFINE_STALLED,1,2,2,REFINE_STALLED,2,4,3,REFINE_STALLED,4.458577140525227e-16,3.759775964954498e-16,1.384862523468387e-10,2.146459187276578e-16,1.809397900606746e-16,4.719322557001152e-10,4.527836091921980e-12,2.842170943040401e-14,6.657367525832788e-05,false
13,3.162000000000000e+08,1.377581436275864e+03,1,11,CONTINUE,3.957794105576826e-12,3.934860579893571e-12,5.331018588983174e-14,3.957794105576827e-13,2.220446049253805e-14,2.191290639365295e+01,7.804080342938520e-03,7.229835939342861e-10,5.726005624638629e-15,1,2,2,REFINE_STALLED,1,2,2,REFINE_STALLED,2,3,2,REFINE_STALLED,1.407711243606722e-16,1.199720525832046e-16,4.550821270274639e-10,4.488421558201406e-17,4.163336342344337e-17,1.495818305146088e-09,4.189922288652514e-12,2.842170943040401e-14,2.103564469635173e-04,false
13,1.000000000000000e+09,1.377581436275864e+03,1,12,CONTINUE,3.957794105576826e-12,3.934251576229703e-12,5.331018588983174e-14,3.957794105576827e-13,2.220446049253805e-14,2.191290639365295e+01,7.139695269888612e-03,7.229835939342861e-10,5.726005624638629e-15,1,2,2,REFINE_STALLED,1,2,2,REFINE_STALLED,2,4,3,REFINE_STALLED,4.431629383710109e-17,3.766416703260972e-17,4.335776846866519e-10,1.015695033953975e-17,3.469446951953614e-17,1.308239530803114e-09,4.189959500091721e-12,1.421085471520200e-14,6.564299435111663e-04,false
13,3.162000000000000e+09,1.377581436275864e+03,1,12,CONTINUE,3.957794105576826e-12,3.929363263263692e-12,5.331018588983174e-14,3.957794105576827e-13,2.220446049253805e-14,2.191290639365295e+01,7.058659103196845e-03,7.229835939342861e-10,5.726005624638629e-15,1,2,2,REFINE_STALLED,1,2,2,REFINE_STALLED,2,4,3,REFINE_STALLED,1.387459906064203e-17,1.173648851715559e-17,5.099113230334599e-10,2.799207780095928e-18,1.387778780781446e-17,1.478963954251655e-09,4.096789948311583e-12,1.421085471520200e-14,2.085399946811788e-03,false
13,1.000000000000000e+10,1.377581436275864e+03,1,10,CONTINUE,3.957794105576826e-12,3.975813171621368e-12,5.331018588983174e-14,3.957794105576827e-13,2.220446049253805e-14,2.191290639365295e+01,1.965879521453603e-02,7.229835939342861e-10,5.726005624638629e-15,1,1,1,REFINE_STALLED,1,1,1,REFINE_STALLED,2,4,3,REFINE_STALLED,4.266715446201436e-18,3.607513322356065e-18,1.280241754134840e-09,8.280413439882136e-19,5.204170427930421e-18,3.146596530994834e-09,3.956936476512517e-12,2.842170943040401e-14,6.387911383677961e-03,false
13,3.162000000000000e+10,1.377581436275864e+03,1,12,CONTINUE,3.957794105576826e-12,4.268752290741014e-12,5.331018588983174e-14,3.957794105576827e-13,2.220446049253805e-14,2.191290639365295e+01,2.627570329950826e-02,7.229835939342861e-10,5.726005624638629e-15,1,1,1,REFINE_STALLED,1,1,1,REFINE_STALLED,2,6,4,REFINE_STALLED,1.245668349607800e-18,9.571472303973594e-19,1.321075887914661e-09,4.012942661251204e-19,2.602085213965211e-18,3.659146831502968e-09,3.564264184097206e-12,2.842170943040401e-14,1.926377157389551e-02,false
13,1.000000000000000e+11,1.377581436275864e+03,1,13,CONTINUE,3.957794105576826e-12,1.581980424853375e-11,5.331018588983174e-14,3.957794105576827e-13,2.220446049253805e-14,2.191290639365295e+01,2.318199314256478e-05,7.229835939342861e-10,5.726005624638629e-15,1,1,1,REFINE_STALLED,1,1,1,REFINE_STALLED,2,7,5,REFINE_STALLED,3.177150491780956e-19,4.336808689942018e-19,3.114420228290257e-09,3.270687745745320e-17,3.061786935099065e-16,1.180664632066171e-06,2.662000189273570e-12,1.421085471520200e-14,5.065204655108330e-02,false
13,3.162000000000000e+11,1.377581436275864e+03,1,10,CONTINUE,3.957794105576826e-12,9.331073783375992e-11,5.331018588983174e-14,3.957794105576827e-13,2.220446049253805e-14,2.191290639365295e+01,3.586345029079156e-02,7.229835939342861e-10,5.726005624638629e-15,1,1,1,REFINE_STALLED,1,1,1,REFINE_STALLED,2,4,4,REFINE_STALLED,6.450379991786139e-20,4.497215554328301e-20,5.636052824981384e-09,8.266739326215590e-20,8.004461351553138e-20,1.762003649072501e-08,1.380533099361181e-12,2.131628207280301e-14,1.070817221254610e-01,false
13,1.000000000000000e+12,1.377581436275864e+03,1,8,CONTINUE,3.957794105576826e-12,3.870770828949052e-12,5.331018588983174e-14,3.957794105576827e-13,2.220446049253805e-14,2.191290639365295e+01,1.717457529558910e-02,7.229835939342861e-10,5.726005624638629e-15,1,1,1,REFINE_STALLED,1,2,2,REFINE_STALLED,2,1,1,REFINE_STALLED,8.802168256345253e-21,8.066665333617126e-21,8.420795693642580e-09,1.940065708624580e-20,1.886447425473121e-20,1.383866152310660e-08,4.569896534652141e-13,7.105427357601002e-15,1.675640852813055e-01,false
13,3.162000000000000e+12,1.377581436275864e+03,1,6,CONTINUE,3.957794105576826e-12,3.886323114282892e-12,5.331018588983174e-14,3.957794105576827e-13,2.220446049253805e-14,2.191290639365295e+01,1.862159958134827e-02,7.229835939342861e-10,5.726005624638629e-15,1,1,1,REFINE_STALLED,1,1,1,REFINE_STALLED,1,1,1,REFINE_STALLED,2.321388966168909e-21,1.943047258887062e-21,1.409032176541034e-08,3.489339795805167e-21,3.411292846168686e-21,1.716943468021117e-08,1.109094249541531e-13,8.051892486093948e-14,2.044552815355340e-01,false
13,1.000000000000000e+13,1.377581436275864e+03,1,7,CONTINUE,3.957794105576826e-12,3.890171641712669e-12,5.331018588983174e-14,3.957794105576827e-13,2.220446049253805e-14,2.191290639365295e+01,1.715309121378010e-02,7.229835939342861e-10,5.726005624638629e-15,1,2,2,REFINE_STALLED,1,1,1,REFINE_STALLED,1,1,1,REFINE_STALLED,9.733483899824421e-22,8.610950176677018e-22,4.286809778957525e-08,8.069385407034671e-22,7.709323308994218e-22,1.940407037129273e-08,2.145755697704623e-14,1.420044637434614e-14,2.191236771953254e-01,false
13,3.162000000000000e+13,1.377581436275864e+03,1,9,CONTINUE,3.957794105576826e-12,3.892774623188012e-12,5.331018588983174e-14,3.957794105576827e-13,2.220446049253805e-14,2.191290639365295e+01,1.642499271187102e-02,7.229835939342861e-10,5.726005624638629e-15,1,3,3,REFINE_STALLED,1,2,2,REFINE_STALLED,1,1,1,REFINE_STALLED,4.356812337580772e-22,3.060568266446202e-22,1.182474480153390e-07,2.792126097881585e-22,2.539444480537795e-22,4.097275194819537e-08,4.068238345589744e-15,2.109423746787797e-15,2.275546641065578e-01,false
13,1.000000000000000e+14,1.377581436275864e+03,1,10,CONTINUE,3.957794105576826e-12,3.896599129494465e-12,5.331018588983174e-14,3.957794105576827e-13,2.220446049253805e-14,2.191290639365295e+01,1.546173545684561e-02,7.229835939342861e-10,5.726005624638629e-15,1,4,4,REFINE_STALLED,1,2,2,REFINE_STALLED,1,1,1,REFINE_STALLED,1.870137144648320e-22,1.307720849658052e-22,2.588953718175235e-07,1.126457590522802e-22,8.892191584945048e-23,9.057817883207980e-08,1.052638170540785e-15,5.828670879282072e-16,2.286623574809567e-01,false
13,3.162000000000000e+14,1.377581436275864e+03,1,6,CONTINUE,3.957794105576826e-12,3.907075178202160e-12,5.331018588983174e-14,3.957794105576827e-13,2.220446049253805e-14,2.191290639365295e+01,1.281523289448788e-02,7.229835939342861e-10,5.726005624638629e-15,1,1,1,REFINE_STALLED,1,1,1,REFINE_STALLED,1,1,1,REFINE_STALLED,8.408197653405795e-23,6.782881022934827e-23,4.213624250967782e-07,3.958038508165625e-23,2.936491174563248e-23,1.585366906824764e-07,3.535353037786292e-16,1.977584762613560e-16,2.278296101117595e-01,false
13,1.000000000000000e+15,1.377581436275864e+03,1,7,CONTINUE,3.957794105576826e-12,3.894012940262461e-12,5.331018588983174e-14,3.957794105576827e-13,2.220446049253805e-14,2.191290639365295e+01,1.611536572543057e-02,7.229835939342861e-10,5.726005624638629e-15,1,1,1,REFINE_STALLED,1,2,2,REFINE_STALLED,1,1,1,REFINE_STALLED,1.092381155201185e-22,7.982292911136717e-23,8.186608212235300e-07,1.744932417656576e-23,1.178732372888064e-23,4.001067339609372e-07,1.209732189095487e-16,6.418476861114186e-17,2.293518072111906e-01,false
13,3.162000000000000e+15,1.377581436275864e+03,1,6,CONTINUE,3.957794105576826e-12,3.940854891045562e-12,5.331018588983174e-14,3.957794105576827e-13,2.220446049253805e-14,2.191290639365295e+01,4.279966737165760e-03,7.229835939342861e-10,5.726005624638629e-15,1,1,1,REFINE_STALLED,1,1,1,REFINE_STALLED,1,1,1,REFINE_STALLED,9.688947449265876e-23,7.692779696743157e-23,1.668605937175419e-06,1.512806920514901e-23,9.615974620928947e-24,8.016824947728177e-07,3.844140822615022e-17,1.908195823574488e-17,2.281641135160564e-01,false
13,1.000000000000000e+16,1.377581436275864e+03,1,6,CONTINUE,3.957794105576826e-12,3.951820308108282e-12,5.331018588983174e-14,3.957794105576827e-13,2.220446049253805e-14,2.191290639365295e+01,1.509375785000147e-03,7.229835939342861e-10,5.726005624638629e-15,1,1,1,REFINE_STALLED,1,1,1,REFINE_STALLED,1,1,1,REFINE_STALLED,8.696834631163469e-23,7.320548421094295e-23,2.485994724473603e-06,2.092454529744504e-23,1.624634421842431e-23,1.185222162088267e-06,1.236777260995185e-17,6.179952383167375e-18,2.291428662691768e-01,false
13,3.162000000000000e+16,1.377581436275864e+03,1,6,CONTINUE,3.957794105576826e-12,3.952973780935170e-12,5.331018588983174e-14,3.957794105576827e-13,2.220446049253805e-14,2.191290639365295e+01,1.217932289292372e-03,7.229835939342861e-10,5.726005624638629e-15,1,1,1,REFINE_STALLED,1,1,1,REFINE_STALLED,1,1,1,REFINE_STALLED,5.678880237419840e-23,4.942404160004340e-23,3.492783237180166e-06,2.706395589950574e-23,2.160686232868006e-23,1.399449281677147e-06,3.921415667710741e-18,2.100641709190665e-18,2.288572285089279e-01,false
13,1.000000000000000e+17,1.377581436275864e+03,1,6,CONTINUE,3.957794105576826e-12,3.954023107727398e-12,5.331018588983174e-14,3.957794105576827e-13,2.220446049253805e-14,2.191290639365295e+01,9.528030541143061e-04,7.229835939342861e-10,5.726005624638629e-15,1,1,1,REFINE_STALLED,1,1,1,REFINE_STALLED,1,1,1,REFINE_STALLED,2.894071490226212e-23,2.471202080002170e-23,5.460359458273341e-06,2.080245665199795e-23,1.729809144258841e-23,1.485346893010452e-06,1.222286739579505e-18,6.708500942254059e-19,2.286411391774814e-01,false
13,3.162000000000000e+17,1.377581436275864e+03,1,6,CONTINUE,3.957794105576826e-12,3.955977657110343e-12,5.331018588983174e-14,3.957794105576827e-13,2.220446049253805e-14,2.191290639365295e+01,4.589548242697520e-04,7.229835939342861e-10,5.726005624638629e-15,1,1,1,REFINE_STALLED,1,1,1,REFINE_STALLED,1,1,1,REFINE_STALLED,1.103242369430596e-23,9.486727650217536e-24,6.649636146319654e-06,9.687643904697488e-24,8.264535983427760e-24,1.515013684389188e-06,3.841398309007817e-19,1.982057096575063e-19,2.291270027108090e-01,false
13,1.000000000000000e+18,1.377581436275864e+03,1,6,CONTINUE,3.957794105576826e-12,3.950624511805082e-12,5.331018588983174e-14,3.957794105576827e-13,2.220446049253805e-14,2.191290639365295e+01,1.811512786868433e-03,7.229835939342861e-10,5.726005624638629e-15,1,1,1,REFINE_STALLED,1,1,1,REFINE_STALLED,1,1,1,REFINE_STALLED,3.758187585519141e-24,3.302260101676540e-24,7.170780829869653e-06,3.642706763058381e-24,3.170387801872554e-24,1.524303234461631e-06,1.216690322591884e-19,6.098637220230962e-20,2.280347159528562e-01,false
14,1.000000000000000e+00,2.197018333538915e+02,1,19,CONTINUE,6.051336510062251e-13,8.606657731981792e-14,0.000000000000000e+00,6.051336510062251e-14,2.220446049250768e-14,2.191290639365295e+01,9.900000000000000e-01,1.067098061698677e-10,3.146162111013963e-15,4,0,0,REACHED_FORCE,4,0,0,REACHED_FORCE,8,3,1,REFINE_STALLED,1.058292884918310e-09,4.733366476550316e-14,1.664335635845620e-15,1.521852628474235e-10,4.072783776898348e-14,1.812188104990018e-15,1.260399083260429e-05,4.263256414560601e-14,4.308757314811175e-13,false
14,3.162000000000000e+00,2.197018333538915e+02,1,15,CONTINUE,6.051336510062251e-13,8.606682805741875e-14,0.000000000000000e+00,6.051336510062251e-14,2.220446049250768e-14,2.191290639365295e+01,9.900000000000000e-01,1.067098061698677e-10,3.146162111013963e-15,4,0,0,REACHED_FORCE,3,0,0,REACHED_FORCE,6,2,1,REFINE_STALLED,4.064910649063408e-10,6.010816844259637e-16,7.546408768533756e-16,5.493036024506953e-11,1.518669088054758e-14,9.594063965103683e-16,4.667741805129118e-06,2.842170943040401e-14,3.099277890674104e-13,false
14,1.000000000000000e+01,2.197018333538915e+02,1,13,CONTINUE,6.051336510062251e-13,8.606702797958846e-14,0.000000000000000e+00,6.051336510062251e-14,2.220446049250768e-14,2.191290639365295e+01,9.900000000000000e-01,1.067098061698677e-10,3.146162111013963e-15,3,0,0,REACHED_FORCE,3,0,0,REACHED_FORCE,5,2,1,REFINE_STALLED,1.380350111491353e-10,5.156682372775556e-15,1.566915407938292e-15,1.828068494026522e-11,5.974496071481372e-16,2.445971021639955e-15,1.566772450080219e-06,3.552713678800501e-14,5.963196125231851e-13,false
14,3.162000000000000e+01,2.197018333538915e+02,1,12,CONTINUE,6.051336510062251e-13,8.606931740307274e-14,0.000000000000000e+00,6.051336510062251e-14,2.220446049250768e-14,2.191290639365295e+01,9.900000000000000e-01,1.067098061698677e-10,3.146162111013963e-15,3,0,0,REACHED_FORCE,2,0,0,REACHED_FORCE,4,3,2,REFINE_STALLED,4.470420703603419e-11,1.719544645562010e-16,1.127929017250625e-15,5.883505241785009e-12,2.233673315754636e-14,2.006929140612434e-15,5.055695024104609e-07,1.421085471520200e-14,6.409660055010698e-13,false
14,1.000000000000000e+02,2.197018333538915e+02,1,11,CONTINUE,6.051336510062251e-13,8.606886543107698e-14,0.000000000000000e+00,6.051336510062251e-14,2.220446049250768e-14,2.191290639365295e+01,9.900000000000000e-01,1.067098061698677e-10,3.146162111013963e-15,2,0,0,REACHED_FORCE,2,0,0,REACHED_FORCE,4,3,2,REFINE_STALLED,1.424397862858237e-11,7.755514980223310e-15,1.410901234640272e-15,1.870784343467324e-12,2.252104752686890e-15,1.730510948918954e-15,1.609029659600759e-07,1.421085471520200e-14,1.892302468122975e-12,false
14,3.162000000000000e+02,2.197018333538915e+02,1,11,CONTINUE,6.051336510062251e-13,8.606145106293963e-14,0.000000000000000e+00,6.051336510062251e-14,2.220446049250768e-14,2.191290639365295e+01,9.900000000000000e-01,1.067098061698677e-10,3.146162111013963e-15,2,0,0,REACHED_FORCE,2,0,0,REACHED_FORCE,3,4,3,REFINE_STALLED,4.515740933213041e-12,7.810592450585574e-16,3.050090905558859e-15,5.928335710972190e-13,2.250803710079907e-16,4.143800428476332e-15,5.099177981323171e-08,4.263256414560601e-14,8.861496134287186e-12,false
14,1.000000000000000e+03,2.197018333538915e+02,1,10,CONTINUE,6.051336510062251e-13,8.611165239759518e-14,0.000000000000000e+00,6.051336510062251e-14,2.220446049250768e-14,2.191290639365295e+01,9.900000000000000e-01,1.067098061698677e-10,3.146162111013963e-15,2,0,0,REACHED_FORCE,2,0,0,REACHED_FORCE,3,3,2,REFINE_STALLED,1.428956673645244e-12,7.762887554996212e-17,9.576442225451291e-15,1.876161494725262e-13,2.471980953266950e-17,1.125160038514190e-14,1.613410749275331e-08,4.263256414560601e-14,1.995617687622389e-11,false
14,3.162000000000000e+03,2.197018333538915e+02,1,9,CONTINUE,6.051336510062251e-13,8.606645541375851e-14,0.000000000000000e+00,6.051336510062251e-14,2.220446049250768e-14,2.191290639365295e+01,9.900000000000000e-01,1.067098061698677e-10,3.146162111013963e-15,2,0,0,REACHED_FORCE,1,0,0,REACHED_FORCE,3,3,2,REFINE_STALLED,4.520854148986132e-13,1.474514954580286e-17,2.197645953578818e-14,5.926506349432306e-14,4.234806949554581e-14,2.559092293575822e-14,5.103530500038077e-09,2.131628207280301e-14,5.282050575799330e-11,false
14,1.000000000000000e+04,2.197018333538915e+02,1,12,CONTINUE,6.051336510062251e-13,8.606784647032200e-14,0.000000000000000e+00,6.051336510062251e-14,2.220446049250768e-14,2.191290639365295e+01,9.900000000000000e-01,1.067098061698677e-10,3.146162111013963e-15,2,1,1,REACHED_FORCE,1,1,1,REACHED_FORCE,2,5,4,REFINE_STALLED,1.429304270389285e-13,8.673617379884035e-18,8.067139218339750e-14,1.873287530463281e-14,1.335411815850396e-14,1.051569027380888e-13,1.613872020096916e-09,2.842170943040401e-14,2.298240696845151e-10,false
14,3.162000000000000e+04,2.197018333538915e+02,1,11,CONTINUE,6.051336510062251e-13,8.612580784943620e-14,0.000000000000000e+00,6.051336510062251e-14,2.220446049250768e-14,2.191290639365295e+01,9.900000000000000e-01,1.067098061698677e-10,3.146162111013963e-15,1,1,1,REACHED_FORCE,1,1,1,REACHED_FORCE,2,5,4,REFINE_STALLED,4.523105527158508e-14,3.819340677058136e-14,2.841763033213398e-13,6.016690128376735e-15,4.316100428447545e-15,3.510246346840053e-13,5.103687686445418e-10,2.842170943040401e-14,7.460336188115482e-10,false
14,1.000000000000000e+05,2.197018333538915e+02,1,16,CONTINUE,6.051336510062251e-13,8.611377717467115e-14,0.000000000000000e+00,6.051336510062251e-14,2.220446049250768e-14,2.191290639365295e+01,9.900000000000000e-01,1.067098061698677e-10,3.146162111013963e-15,1,3,3,REACHED_FORCE,1,4,4,REACHED_FORCE,2,5,4,REFINE_STALLED,1.428870608233928e-14,1.213178862924380e-14,1.129963931254696e-12,1.685509573678665e-15,1.166601537594403e-15,1.222606396823691e-12,1.614297383075366e-10,1.421085471520200e-14,1.792568531430208e-09,false
14,3.162000000000000e+05,2.197018333538915e+02,1,8,CONTINUE,6.051336510062251e-13,5.949203717556145e-13,0.000000000000000e+00,6.051336510062251e-14,2.220446049250768e-14,2.191290639365295e+01,3.339916579060841e-02,1.067098061698677e-10,3.146162111013963e-15,1,1,1,REFINE_STALLED,1,1,1,REFINE_STALLED,2,2,1,REFINE_STALLED,4.556269382363357e-15,3.901393097471839e-15,2.419939949841779e-12,2.141039348704643e-15,1.732121390762842e-15,9.431544237455224e-12,5.101897425847250e-11,4.263256414560601e-14,7.168255223596059e-09,false
14,1.000000000000000e+06,2.197018333538915e+02,1,11,CONTINUE,6.051336510062251e-13,5.704646365107251e-13,5.331018588983174e-14,6.051336510062251e-14,2.220446049250768e-14,2.191290639365295e+01,3.426164048262282e-01,1.067098061698677e-10,3.146162111013963e-15,1,2,2,REFINE_STALLED,1,2,2,REFINE_STALLED,2,3,2,REFINE_STALLED,1.457994853819761e-15,1.325897941786836e-15,5.185668773441484e-12,1.388940459263177e-15,1.169745723894611e-15,6.988650222462923e-12,1.662929185540993e-11,3.552713678800501e-14,6.598450239345634e-07,false
14,3.162000000000000e+06,2.197018333538915e+02,1,11,CONTINUE,6.051336510062251e-13,5.789850692394822e-13,5.331018588983174e-14,6.051336510062251e-14,2.220446049250768e-14,2.191290639365295e+01,2.997268347500932e-01,1.067098061698677e-10,3.146162111013963e-15,1,2,2,REFINE_STALLED,1,2,2,REFINE_STALLED,2,3,2,REFINE_STALLED,4.622253086121552e-16,4.236248938443987e-16,6.992366869908869e-12,4.395104081275642e-16,3.633703581085168e-16,1.574602087578282e-11,6.542649777722847e-12,7.105427357601002e-15,2.101427820849299e-06,false
14,1.000000000000000e+07,2.197018333538915e+02,1,11,CONTINUE,6.051336510062251e-13,5.693056401869859e-13,5.331018588983174e-14,6.051336510062251e-14,2.220446049250768e-14,2.191290639365295e+01,3.229041824101421e-01,1.067098061698677e-10,3.146162111013963e-15,1,2,2,REFINE_STALLED,1,2,2,REFINE_STALLED,2,3,2,REFINE_STALLED,1.464798044672892e-16,1.358928838597964e-16,1.659410592718779e-11,1.315220874690837e-16,1.001463994197704e-16,2.871079744267593e-11,4.471633388489596e-12,1.421085471520200e-14,6.571017106925889e-06,false
14,3.162000000000000e+07,2.197018333538915e+02,1,12,CONTINUE,6.051336510062251e-13,5.862539252398824e-13,5.331018588983174e-14,6.051336510062251e-14,2.220446049250768e-14,2.191290639365295e+01,2.263294507362373e-01,1.067098061698677e-10,3.146162111013963e-15,1,2,2,REFINE_STALLED,1,2,2,REFINE_STALLED,2,4,3,REFINE_STALLED,4.629088194195378e-17,4.309703635629880e-17,2.588577624414780e-11,4.109413687648001e-17,3.323079658668071e-17,3.643092268805243e-11,4.205746383372954e-12,2.842170943040401e-14,2.070612642364161e-05,false
14,1.000000000000000e+08,2.197018333538915e+02,1,14,CONTINUE,6.051336510062251e-13,6.040333524455365e-13,5.331018588983174e-14,6.051336510062251e-14,2.220446049250768e-14,2.191290639365295e+01,2.186471164516768e-02,1.067098061698677e-10,3.146162111013963e-15,1,2,2,REFINE_STALLED,1,2,2,REFINE_STALLED,2,6,5,REFINE_STALLED,1.459758715249028e-17,1.387778780781446e-17,3.914288690298475e-11,1.679648774585149e-17,1.110223024625157e-16,1.195992670943941e-10,4.203199138911658e-12,1.421085471520200e-14,6.566389240895205e-05,false
14,3.162000000000000e+08,2.197018333538915e+02,1,9,CONTINUE,6.051336510062251e-13,6.030429882516752e-13,5.331018588983174e-14,6.051336510062251e-14,2.220446049250768e-14,2.191290639365295e+01,7.865015110928108e-03,1.067098061698677e-10,3.146162111013963e-15,1,1,1,REFINE_STALLED,1,1,1,REFINE_STALLED,2,3,2,REFINE_STALLED,4.598000924368065e-18,4.172484298174683e-18,1.366075137651610e-10,3.661821358123643e-18,6.938893903907228e-18,3.209048598885751e-10,4.188283255191013e-12,2.842170943040401e-14,2.080799843587035e-04,false
14,1.000000000000000e+09,2.197018333538915e+02,1,12,CONTINUE,6.051336510062251e-13,6.026973485424528e-13,5.331018588983174e-14,6.051336510062251e-14,2.220446049250768e-14,2.191290639365295e+01,3.795268674652913e-03,1.067098061698677e-10,3.146162111013963e-15,1,2,2,REFINE_STALLED,1,2,2,REFINE_STALLED,2,4,3,REFINE_STALLED,1.432253963411922e-18,1.734723475976807e-18,1.010585128950524e-10,1.220725520729395e-18,1.734723475976807e-18,2.640559210625778e-10,4.187403587951440e-12,2.842170943040401e-14,6.629454975033762e-04,false
14,3.162000000000000e+09,2.197018333538915e+02,1,16,CONTINUE,6.051336510062251e-13,6.026741616771051e-13,5.331018588983174e-14,6.051336510062251e-14,2.220446049250768e-14,2.191290639365295e+01,4.121440113724714e-03,1.067098061698677e-10,3.146162111013963e-15,1,2,2,REFINE_STALLED,1,4,4,REFINE_STALLED,2,6,4,REFINE_STALLED,4.328332834873404e-19,8.673617379884035e-19,8.497902659937647e-11,4.429615301669512e-19,1.734723475976807e-18,2.375542940172238e-10,4.109186354922954e-12,4.263256414560601e-14,2.091342273956668e-03,false
14,1.000000000000000e+10,2.197018333538915e+02,1,11,CONTINUE,6.051336510062251e-13,6.529037971288868e-13,5.331018588983174e-14,6.051336510062251e-14,2.220446049250768e-14,2.191290639365295e+01,1.878507342841745e-02,1.067098061698677e-10,3.146162111013963e-15,1,1,1,REFINE_STALLED,1,1,1,REFINE_STALLED,2,5,3,REFINE_STALLED,1.206361762208689e-19,2.168404344971009e-19,2.788450904291028e-10,1.952226914785140e-19,1.734723475976807e-18,8.813993005879868e-10,3.945621175586073e-12,1.421085471520200e-14,6.397411980682209e-03,false
14,3.162000000000000e+10,2.197018333538915e+02,1,13,CONTINUE,6.051336510062251e-13,6.542111093215100e-13,5.331018588983174e-14,6.051336510062251e-14,2.220446049250768e-14,2.191290639365295e+01,1.310212595054176e-02,1.067098061698677e-10,3.146162111013963e-15,1,1,1,REFINE_STALLED,1,1,1,REFINE_STALLED,2,7,4,REFINE_STALLED,2.877543898926754e-20,5.421010862427522e-20,3.595148358595320e-10,9.550185266889255e-20,4.336808689942018e-19,1.134365460438867e-09,3.561557687787538e-12,2.842170943040401e-14,1.905259001640689e-02,false
14,1.000000000000000e+11,2.197018333538915e+02,1,15,CONTINUE,6.051336510062251e-13,2.175393325987164e-12,5.331018588983174e-14,6.051336510062251e-14,2.220446049250768e-14,2.191290639365295e+01,3.706219242082061e-05,1.067098061698677e-10,3.146162111013963e-15,1,1,1,REFINE_STALLED,1,1,1,REFINE_STALLED,2,9,5,REFINE_STALLED,8.749088732879966e-21,5.421010862427522e-20,8.001902300475446e-10,2.315576366537318e-18,5.551115123125783e-17,1.084626487360605e-07,2.673451021653355e-12,1.421085471520200e-14,5.068510781547497e-02,false
14,3.162000000000000e+11,2.197018333538915e+02,1,16,CONTINUE,6.051336510062251e-13,2.919062350921790e-11,5.331018588983174e-14,6.051336510062251e-14,2.220446049250768e-14,2.191290639365295e+01,2.310676465689258e-03,1.067098061698677e-10,3.146162111013963e-15,1,1,1,REFINE_STALLED,1,1,1,REFINE_STALLED,2,10,5,REFINE_STALLED,4.330292984719528e-21,2.957997870489627e-21,1.388629556309231e-09,7.866836261888449e-20,8.131516293641283e-20,3.822389072336474e-08,1.374524049949340e-12,2.131628207280301e-14,1.069698750995677e-01,false
14,1.000000000000000e+12,2.197018333538915e+02,1,8,CONTINUE,6.051336510062251e-13,6.006380645733529e-13,5.331018588983174e-14,6.051336510062251e-14,2.220446049250768e-14,2.191290639365295e+01,1.088510598351229e-02,1.067098061698677e-10,3.146162111013963e-15,1,1,1,REFINE_STALLED,1,1,1,REFINE_STALLED,2,2,1,REFINE_STALLED,2.076443166246045e-21,1.900861047646858e-21,1.987797129821693e-09,4.112553970978537e-21,3.944824341265389e-21,5.504347862080241e-09,4.563056586654377e-13,3.552713678800501e-15,1.669992924508659e-01,false
14,3.162000000000000e+12,2.197018333538915e+02,1,7,CONTINUE,6.051336510062251e-13,5.982689655663883e-13,5.331018588983174e-14,6.051336510062251e-14,2.220446049250768e-14,2.191290639365295e+01,1.175924773165789e-02,1.067098061698677e-10,3.146162111013963e-15,1,1,1,REFINE_STALLED,1,1,1,REFINE_STALLED,2,1,1,REFINE_STALLED,8.814631056060019e-22,8.685396431806791e-22,2.677836127799774e-09,6.406768482525819e-22,6.179039175771117e-22,6.697810280043997e-09,1.100333225241580e-13,1.776356839400250e-15,2.048935266072366e-01,false
14,1.000000000000000e+13,2.197018333538915e+02,1,6,CONTINUE,6.051336510062251e-13,5.968015075867301e-13,5.331018588983174e-14,6.051336510062251e-14,2.220446049250768e-14,2.191290639365295e+01,1.382842033102039e-02,1.067098061698677e-10,3.146162111013963e-15,1,1,1,REFINE_STALLED,1,1,1,REFINE_STALLED,1,1,1,REFINE_STALLED,3.130183445542506e-22,3.052296460320672e-22,3.648298335205599e-09,1.607543039936989e-22,1.435158362779503e-22,7.036129916721948e-09,2.132310016232180e-14,1.402350457979651e-14,2.216158327502478e-01,true
14,3.162000000000000e+13,2.197018333538915e+02,1,7,CONTINUE,6.051336510062251e-13,5.941139017931679e-13,5.331018588983174e-14,6.051336510062251e-14,2.220446049250768e-14,2.191290639365295e+01,1.821593530371275e-02,1.067098061698677e-10,3.146162111013963e-15,1,2,2,REFINE_STALLED,1,1,1,REFINE_STALLED,1,1,1,REFINE_STALLED,9.686003266683739e-23,8.912871100258873e-23,1.163517800254615e-08,7.009204606733401e-23,6.121136532892405e-23,7.026721008371267e-09,3.976500838538795e-15,1.984523656517467e-15,2.255852927451253e-01,false
14,1.000000000000000e+14,2.197018333538915e+02,1,7,CONTINUE,6.051336510062251e-13,6.011609945195265e-13,5.331018588983174e-14,6.051336510062251e-14,2.220446049250768e-14,2.191290639365295e+01,6.564969656330815e-03,1.067098061698677e-10,3.146162111013963e-15,1,2,2,REFINE_STALLED,1,1,1,REFINE_STALLED,1,1,1,REFINE_STALLED,3.191825034815450e-23,2.098970804353308e-23,3.530994761216358e-08,3.577926985909545e-23,3.184645358329157e-23,7.023252567901110e-09,1.081361136452403e-15,6.522560269672795e-16,2.277813216265424e-01,false
14,3.162000000000000e+14,2.197018333538915e+02,1,8,CONTINUE,6.051336510062251e-13,5.957051420332590e-13,5.331018588983174e-14,6.051336510062251e-14,2.220446049250768e-14,2.191290639365295e+01,1.558082088636940e-02,1.067098061698677e-10,3.146162111013963e-15,1,3,3,REFINE_STALLED,1,1,1,REFINE_STALLED,1,1,1,REFINE_STALLED,1.311322151746216e-23,2.367804503433042e-23,9.931506083032181e-08,1.283235514406609e-23,1.132203463431957e-23,1.110261122480818e-08,3.640648220652268e-16,1.977584762613560e-16,2.302967039462125e-01,false
14,1.000000000000000e+15,2.197018333538915e+02,1,10,CONTINUE,6.051336510062251e-13,5.953151564837033e-13,5.331018588983174e-14,6.051336510062251e-14,2.220446049250768e-14,2.191290639365295e+01,1.622531210318807e-02,1.067098061698677e-10,3.146162111013963e-15,1,4,4,REFINE_STALLED,1,2,2,REFINE_STALLED,1,1,1,REFINE_STALLED,2.184463399005448e-23,1.716399771047532e-23,2.330781789451906e-07,7.538750230257183e-24,6.203854594147708e-24,3.763103104732378e-08,1.146750238593413e-16,6.028164079019405e-17,2.293464921515702e-01,false
14,3.162000000000000e+15,2.197018333538915e+02,1,6,CONTINUE,6.051336510062251e-13,6.032149468897305e-13,5.331018588983174e-14,6.051336510062251e-14,2.220446049250768e-14,2.191290639365295e+01,3.170709234240393e-03,1.067098061698677e-10,3.146162111013963e-15,1,1,1,REFINE_STALLED,1,1,1,REFINE_STALLED,1,1,1,REFINE_STALLED,1.390483952996868e-23,9.667673409213511e-24,3.972326922305427e-07,8.116602891610257e-24,5.383136330130250e-24,1.045458910462830e-07,3.768202127880000e-17,1.994931997373328e-17,2.286090472637902e-01,false
14,1.000000000000000e+16,2.197018333538915e+02,1,6,CONTINUE,6.051336510062251e-13,6.015918278830977e-13,5.331018588983174e-14,6.051336510062251e-14,2.220446049250768e-14,2.191290639365295e+01,5.852959312475009e-03,1.067098061698677e-10,3.146162111013963e-15,1,1,1,REFINE_STALLED,1,1,1,REFINE_STALLED,1,1,1,REFINE_STALLED,1.264986064366424e-23,9.848619168209486e-24,5.898194254244159e-07,5.970812241663778e-24,4.084204274480574e-24,1.357821548000791e-07,1.178966072133719e-17,5.800481622797449e-18,2.294797101902419e-01,false
14,3.162000000000000e+16,2.197018333538915e+02,1,7,CONTINUE,6.051336510062251e-13,6.045759539670508e-13,5.331018588983174e-14,6.051336510062251e-14,2.220446049250768e-14,2.191290639365295e+01,9.216096731749447e-04,1.067098061698677e-10,3.146162111013963e-15,1,2,2,REFINE_STALLED,1,1,1,REFINE_STALLED,1,1,1,REFINE_STALLED,1.193163266975261e-23,1.010711310963231e-23,1.334204639981020e-06,4.532140723684872e-24,3.715850407953054e-24,2.796064721185933e-07,3.991017910274328e-18,2.087089182034596e-18,2.291327090580835e-01,false
14,1.000000000000000e+17,2.197018333538915e+02,1,6,CONTINUE,6.051336510062251e-13,6.048067364077577e-13,5.331018588983174e-14,6.051336510062251e-14,2.220446049250768e-14,2.191290639365295e+01,5.402353758846994e-04,1.067098061698677e-10,3.146162111013963e-15,1,1,1,REFINE_STALLED,1,1,1,REFINE_STALLED,1,1,1,REFINE_STALLED,9.513850884805752e-24,8.297655519672559e-24,2.246950969541612e-06,5.253575631452731e-24,4.536568671970511e-24,5.959224558138008e-07,1.196161082350695e-18,6.301925127571995e-19,2.286241472200004e-01,false
14,3.162000000000000e+17,2.197018333538915e+02,1,6,CONTINUE,6.051336510062251e-13,6.046754717454662e-13,5.331018588983174e-14,6.051336510062251e-14,2.220446049250768e-14,2.191290639365295e+01,7.571538426635703e-04,1.067098061698677e-10,3.146162111013963e-15,1,1,1,REFINE_STALLED,1,1,1,REFINE_STALLED,1,1,1,REFINE_STALLED,6.396276199665704e-24,5.376673981594680e-24,3.763583506243423e-06,4.961638991428469e-24,4.236069465066482e-24,1.129478172207705e-06,3.821323921415650e-19,1.965116437629977e-19,2.284449133407910e-01,false
14,1.000000000000000e+18,2.197018333538915e+02,1,6,CONTINUE,6.051336510062251e-13,6.050658825841768e-13,5.331018588983174e-14,6.051336510062251e-14,2.220446049250768e-14,2.191290639365295e+01,1.119891883956501e-04,1.067098061698677e-10,3.146162111013963e-15,1,1,1,REFINE_STALLED,1,1,1,REFINE_STALLED,1,1,1,REFINE_STALLED,2.826781402518229e-24,2.475079489123512e-24,5.709253375964228e-06,3.010817801921874e-24,2.615635569772171e-24,1.661139457677974e-06,1.240132875441810e-19,6.183340514956392e-20,2.293917646488849e-01,false
15,1.000000000000000e+00,1.000000000000000e+11,1,23,CONTINUE,5.968015075867301e-13,9.225742142307743e-14,0.000000000000000e+00,5.968015075867302e-14,2.220446049250762e-14,2.191290639365295e+01,9.900000000000000e-01,1.052385383380619e-10,3.376965155185209e-15,4,1,1,REACHED_FORCE,4,0,0,REACHED_FORCE,11,3,1,REFINE_STALLED,1.087174777797990e-09,6.153064169289735e-14,1.784157776371771e-15,1.378650514414261e-10,3.451926244846248e-14,1.310807451330780e-15,2.935892123931482e-01,1.909583602355269e-14,3.792220677111335e-13,false
15,3.162000000000000e+00,1.000000000000000e+11,1,17,CONTINUE,5.968015075867301e-13,9.225239150703164e-14,0.000000000000000e+00,5.968015075867302e-14,2.220446049250762e-14,2.191290639365295e+01,9.900000000000000e-01,1.052385383380619e-10,3.376965155185209e-15,4,0,0,REACHED_FORCE,3,0,0,REACHED_FORCE,8,2,1,REFINE_STALLED,4.176151524664473e-10,6.297046217795810e-16,1.204410890252797e-15,4.922119965663413e-11,1.141946780192082e-14,2.632924142203604e-15,9.931569379022359e-02,4.396483177515620e-14,3.966988119042901e-13,false
15,1.000000000000000e+01,1.000000000000000e+11,1,15,CONTINUE,5.968015075867301e-13,9.225707564999547e-14,0.000000000000000e+00,5.968015075867302e-14,2.220446049250762e-14,2.191290639365295e+01,9.900000000000000e-01,1.052385383380619e-10,3.376965155185209e-15,3,0,0,REACHED_FORCE,3,0,0,REACHED_FORCE,7,2,1,REFINE_STALLED,1.418196728460191e-10,5.372004924231177e-15,8.296584214427161e-16,1.631587908911583e-11,4.544975507059235e-16,1.134102317559455e-15,3.219093566482364e-02,2.842170943040401e-14,5.411832270496833e-13,false
15,3.162000000000000e+01,1.000000000000000e+11,1,15,CONTINUE,5.968015075867301e-13,9.224827195159814e-14,0.000000000000000e+00,5.968015075867302e-14,2.220446049250762e-14,2.191290639365295e+01,9.900000000000000e-01,1.052385383380619e-10,3.376965155185209e-15,3,0,0,REACHED_FORCE,2,0,0,REACHED_FORCE,6,4,2,REFINE_STALLED,4.593093315134029e-11,1.773754754186285e-16,1.793334491325234e-15,5.244354926884896e-12,1.929402818068304e-14,1.854895628499821e-15,1.026556408736735e-02,2.842170943040401e-14,6.135146137641197e-13,false
15,1.000000000000000e+02,1.000000000000000e+11,1,13,CONTINUE,5.968015075867301e-13,9.209492581043397e-14,0.000000000000000e+00,5.968015075867302e-14,2.220446049250762e-14,2.191290639365295e+01,9.900000000000000e-01,1.052385383380619e-10,3.376965155185209e-15,2,0,0,REACHED_FORCE,2,0,0,REACHED_FORCE,5,4,2,REFINE_STALLED,1.463493343344571e-11,7.921181072179095e-15,9.408818713888895e-16,1.668619601283785e-12,1.961538570460775e-15,1.658069851637032e-15,3.254697596439237e-03,4.263256414560601e-14,1.743684244619769e-12,false
15,3.162000000000000e+02,1.000000000000000e+11,1,11,CONTINUE,5.968015075867301e-13,9.204200130497189e-14,0.000000000000000e+00,5.968015075867302e-14,2.220446049250762e-14,2.191290639365295e+01,9.900000000000000e-01,1.052385383380619e-10,3.376965155185209e-15,2,0,0,REACHED_FORCE,2,0,0,REACHED_FORCE,4,3,2,REFINE_STALLED,4.639638189403269e-12,7.897328624384414e-16,2.273764924478102e-15,5.286594106379114e-13,1.938553484404082e-16,3.010593368054204e-15,1.030196111314009e-03,1.776356839400250e-14,6.412311753384553e-12,false
15,1.000000000000000e+03,1.000000000000000e+11,1,11,CONTINUE,5.968015075867301e-13,9.249593778787206e-14,0.000000000000000e+00,5.968015075867302e-14,2.220446049250762e-14,2.191290639365295e+01,9.900000000000000e-01,1.052385383380619e-10,3.376965155185209e-15,2,0,0,REACHED_FORCE,2,0,0,REACHED_FORCE,4,3,2,REFINE_STALLED,1.468179329319700e-12,8.109832250191573e-17,1.247982515654324e-14,1.670220324651453e-13,2.038300084272748e-17,1.398790064321891e-14,3.258362540873981e-04,1.421085471520200e-14,1.597595236279816e-11,false
15,3.162000000000000e+03,1.000000000000000e+11,1,10,CONTINUE,5.968015075867301e-13,8.681250554120432e-14,0.000000000000000e+00,5.968015075867302e-14,2.220446049250762e-14,2.191290639365295e+01,9.900000000000000e-01,1.052385383380619e-10,3.376965155185209e-15,2,0,0,REACHED_FORCE,1,0,0,REACHED_FORCE,3,4,3,REFINE_STALLED,4.644516753422786e-13,1.084202172485504e-17,3.035456134902728e-14,5.557185249888429e-14,3.887428573490226e-14,3.762892130145285e-14,1.030563498683112e-04,5.684341886080801e-14,7.155776002743188e-11,false
15,1.000000000000000e+04,1.000000000000000e+11,1,12,CONTINUE,5.968015075867301e-13,9.235583367189557e-14,0.000000000000000e+00,5.968015075867302e-14,2.220446049250762e-14,2.191290639365295e+01,9.900000000000000e-01,1.052385383380619e-10,3.376965155185209e-15,2,1,1,REACHED_FORCE,1,1,1,REACHED_FORCE,3,4,3,REFINE_STALLED,1.468101437326206e-13,6.938893903907228e-18,6.862776729661318e-14,1.688348167802607e-14,1.160920318210579e-14,9.235367114142477e-14,3.258730123628267e-05,2.842170943040401e-14,1.587199442212147e-10,false
15,3.162000000000000e+04,1.000000000000000e+11,1,12,CONTINUE,5.968015075867301e-13,9.286127678838604e-14,0.000000000000000e+00,5.968015075867302e-14,2.220446049250762e-14,2.191290639365295e+01,9.900000000000000e-01,1.052385383380619e-10,3.376965155185209e-15,1,1,1,REACHED_FORCE,1,1,1,REACHED_FORCE,3,5,4,REFINE_STALLED,4.646665353586389e-14,3.996586048216066e-14,1.929000798085880e-13,5.019610588531806e-15,3.528861231005820e-15,3.147893578896570e-13,1.030600269694605e-05,1.421085471520200e-14,7.678719269985611e-10,false
15,1.000000000000000e+05,1.000000000000000e+11,1,19,CONTINUE,5.968015075867301e-13,9.199591879561917e-14,0.000000000000000e+00,5.968015075867302e-14,2.220446049250762e-14,2.191290639365295e+01,9.900000000000000e-01,1.052385383380619e-10,3.376965155185209e-15,1,2,2,REACHED_FORCE,1,3,3,REACHED_FORCE,3,9,8,REFINE_STALLED,1.466819507870501e-14,1.258671986081872e-14,1.007007602744398e-12,1.689820967454622e-15,1.174841474105293e-15,8.838802174904985e-13,3.258766843615306e-06,1.421085471520200e-14,1.516140927539268e-09,false
15,3.162000000000000e+05,1.000000000000000e+11,1,9,CONTINUE,5.968015075867301e-13,5.872659304840647e-13,0.000000000000000e+00,5.968015075867302e-14,2.220446049250762e-14,2.191290639365295e+01,4.518734632097658e-02,1.052385383380619e-10,3.376965155185209e-15,1,1,1,REFINE_STALLED,1,1,1,REFINE_STALLED,3,2,1,REFINE_STALLED,4.653644649028829e-15,3.947363269585225e-15,3.608562480758238e-12,2.582531163088605e-15,1.956334400032844e-15,1.051298280953835e-11,1.030603982316019e-06,2.842170943040401e-14,1.127664009494357e-08,false
15,1.000000000000000e+06,1.000000000000000e+11,1,11,CONTINUE,5.968015075867301e-13,6.247837853767124e-13,5.331018588983174e-14,5.968015075867302e-14,2.220446049250762e-14,2.191290639365295e+01,3.015338949949242e-01,1.052385383380619e-10,3.376965155185209e-15,1,2,2,REFINE_STALLED,1,2,2,REFINE_STALLED,2,3,2,REFINE_STALLED,1.517502078115408e-15,1.395449511151781e-15,5.142515199724116e-12,1.908609450861196e-15,1.596596119202154e-15,1.106795211933518e-11,3.258731343954648e-07,2.842170943040401e-14,6.651677887124492e-07,false
15,3.162000000000000e+06,1.000000000000000e+11,1,11,CONTINUE,5.968015075867301e-13,6.177903718345614e-13,5.331018588983174e-14,5.968015075867302e-14,2.220446049250762e-14,2.191290639365295e+01,2.943029470538031e-01,1.052385383380619e-10,3.376965155185209e-15,1,2,2,REFINE_STALLED,1,2,2,REFINE_STALLED,2,3,2,REFINE_STALLED,4.813031886282089e-16,4.521258584536114e-16,7.625966055064453e-12,6.153648444447303e-16,4.844215306665234e-16,2.355583270521489e-11,1.030564269108158e-07,2.842170943040401e-14,2.104204883642937e-06,false
15,1.000000000000000e+07,1.000000000000000e+11,1,11,CONTINUE,5.968015075867301e-13,6.114830361967580e-13,5.331018588983174e-14,5.968015075867302e-14,2.220446049250762e-14,2.191290639365295e+01,2.324749946427036e-01,1.052385383380619e-10,3.376965155185209e-15,1,2,2,REFINE_STALLED,1,2,2,REFINE_STALLED,2,3,2,REFINE_STALLED,1.524695314014807e-16,1.459370005483379e-16,1.808096087483720e-11,1.939701075186435e-16,1.326927933850697e-16,3.867734050646987e-11,3.258367953673523e-08,1.421085471520200e-14,6.522053615274009e-06,false
15,3.162000000000000e+07,1.000000000000000e+11,1,12,CONTINUE,5.968015075867301e-13,5.975099951295835e-13,5.331018588983174e-14,5.968015075867302e-14,2.220446049250762e-14,2.191290639365295e+01,6.008703397262501e-03,1.052385383380619e-10,3.376965155185209e-15,1,2,2,REFINE_STALLED,1,2,2,REFINE_STALLED,2,4,3,REFINE_STALLED,4.816585943018498e-17,4.263625043299246e-17,3.040173104817729e-11,6.081536742721171e-17,5.551115123125783e-17,5.706401705999308e-11,1.030205607662628e-08,2.131628207280301e-14,2.076560238959504e-05,false
15,1.000000000000000e+08,1.000000000000000e+11,1,14,CONTINUE,5.968015075867301e-13,5.968034575655765e-13,5.331018588983174e-14,5.968015075867302e-14,2.220446049250762e-14,2.191290639365295e+01,2.830989037986639e-04,1.052385383380619e-10,3.376965155185209e-15,1,2,2,REFINE_STALLED,1,2,2,REFINE_STALLED,2,6,5,REFINE_STALLED,1.520025399267905e-17,1.498231877103406e-17,3.561821130827767e-11,1.916546795959888e-17,5.551115123125783e-17,1.154010093983197e-10,3.254749644476861e-09,1.421085471520200e-14,6.570340560239675e-05,false
15,3.162000000000000e+08,1.000000000000000e+11,1,9,CONTINUE,5.968015075867301e-13,5.967825417182996e-13,5.331018588983174e-14,5.968015075867302e-14,2.220446049250762e-14,2.191290639365295e+01,1.016616420548344e-04,1.052385383380619e-10,3.376965155185209e-15,1,1,1,REFINE_STALLED,1,1,1,REFINE_STALLED,2,3,2,REFINE_STALLED,4.782749559334501e-18,5.204170427930421e-18,1.419794965464332e-10,3.786223201761576e-18,1.387778780781446e-17,3.391590597004948e-10,1.026602712968325e-09,4.263256414560601e-14,2.096729788108996e-04,false
15,1.000000000000000e+09,1.000000000000000e+11,1,12,CONTINUE,5.968015075867301e-13,5.967770529064658e-13,5.331018588983174e-14,5.968015075867302e-14,2.220446049250762e-14,2.191290639365295e+01,3.746843876605014e-05,1.052385383380619e-10,3.376965155185209e-15,1,2,2,REFINE_STALLED,1,2,2,REFINE_STALLED,2,4,3,REFINE_STALLED,1.490940628455623e-18,1.361393704474474e-18,1.024521610998742e-10,1.230633413827389e-18,6.938893903907228e-18,2.701413161895297e-10,3.218903624141782e-10,2.842170943040401e-14,6.523897884639893e-04,false
15,3.162000000000000e+09,1.000000000000000e+11,1,14,CONTINUE,5.968015075867301e-13,5.967763762923321e-13,5.331018588983174e-14,5.968015075867302e-14,2.220446049250762e-14,2.191290639365295e+01,4.078710092139535e-05,1.052385383380619e-10,3.376965155185209e-15,1,2,2,REFINE_STALLED,1,2,2,REFINE_STALLED,2,6,4,REFINE_STALLED,4.529031825334583e-19,4.336808689942018e-19,8.354447894320719e-11,4.395933012738227e-19,1.734723475976807e-18,2.301282751118526e-10,9.915485413367631e-11,5.684341886080801e-14,2.099563183823915e-03,false
15,1.000000000000000e+10,1.000000000000000e+11,1,11,CONTINUE,5.968015075867301e-13,5.969583499204104e-13,5.331018588983174e-14,5.968015075867302e-14,2.220446049250762e-14,2.191290639365295e+01,1.374479686284931e-04,1.052385383380619e-10,3.376965155185209e-15,1,1,1,REFINE_STALLED,1,1,1,REFINE_STALLED,2,5,3,REFINE_STALLED,1.252924217155797e-19,2.168404344971009e-19,2.553772087327255e-10,1.908174740809562e-19,8.673617379884035e-19,6.786169405969789e-10,2.881078251704258e-11,2.842170943040401e-14,6.389374249720492e-03,false
15,3.162000000000000e+10,1.000000000000000e+11,1,13,CONTINUE,5.968015075867301e-13,5.976463394339980e-13,5.331018588983174e-14,5.968015075867302e-14,2.220446049250762e-14,2.191290639365295e+01,1.902522069263585e-04,1.052385383380619e-10,3.376965155185209e-15,1,1,1,REFINE_STALLED,1,1,1,REFINE_STALLED,2,7,4,REFINE_STALLED,2.895626065482837e-20,1.084202172485504e-19,3.699299373813274e-10,9.837826054669041e-20,8.673617379884035e-19,1.202503981415687e-09,6.946541237043850e-12,4.263256414560601e-14,1.908976040413478e-02,false
15,1.000000000000000e+11,1.000000000000000e+11,1,15,CONTINUE,5.968015075867301e-13,2.321254721129880e-12,5.331018588983174e-14,5.968015075867302e-14,2.220446049250762e-14,2.191290639365295e+01,4.656213493892226e-05,1.052385383380619e-10,3.376965155185209e-15,1,1,1,REFINE_STALLED,1,1,1,REFINE_STALLED,2,9,5,REFINE_STALLED,8.398010243291057e-21,5.421010862427522e-20,7.958450033249468e-10,1.611995829762864e-18,6.938893903907228e-17,9.278990391071366e-08,9.431343279108897e-13,2.842170943040401e-14,5.066247056333410e-02,false
15,3.162000000000000e+11,1.000000000000000e+11,1,16,CONTINUE,5.968015075867301e-13,3.058960922602340e-11,5.331018588983174e-14,5.968015075867302e-14,2.220446049250762e-14,2.191290639365295e+01,2.082364730567124e-03,1.052385383380619e-10,3.376965155185209e-15,1,1,1,REFINE_STALLED,1,1,1,REFINE_STALLED,2,10,5,REFINE_STALLED,4.046477399374203e-21,2.819031527580718e-21,1.367167417053628e-09,9.937777888678614e-20,6.659796547786936e-20,4.392585646240595e-08,4.189543341764756e-13,1.065814103640150e-14,1.069022067544389e-01,false
15,1.000000000000000e+12,1.000000000000000e+11,1,8,CONTINUE,5.968015075867301e-13,5.967559814719665e-13,5.331018588983174e-14,5.968015075867302e-14,2.220446049250762e-14,2.191290639365295e+01,1.113876477221238e-04,1.052385383380619e-10,3.376965155185209e-15,1,1,1,REFINE_STALLED,1,1,1,REFINE_STALLED,2,2,1,REFINE_STALLED,1.984389751943354e-21,1.807596433581504e-21,1.974910377319283e-09,4.430947351996970e-21,4.228547291371077e-21,6.083411067693257e-09,1.338863842063189e-13,3.552713678800501e-15,1.682033763571207e-01,false
15,3.162000000000000e+12,1.000000000000000e+11,1,6,CONTINUE,5.968015075867301e-13,5.967337495226034e-13,5.331018588983174e-14,5.968015075867302e-14,2.220446049250762e-14,2.191290639365295e+01,1.181512134890570e-04,1.052385383380619e-10,3.376965155185209e-15,1,1,1,REFINE_STALLED,1,1,1,REFINE_STALLED,1,1,1,REFINE_STALLED,8.729566921257203e-22,8.486873084794064e-22,2.611572360500095e-09,8.411008662947796e-22,7.618333441613385e-22,7.174030196603916e-09,9.020668826661640e-15,6.661338147750939e-15,2.047387782733172e-01,true
15,1.000000000000000e+13,1.000000000000000e+11,1,6,CONTINUE,5.968015075867301e-13,5.967216550891327e-13,5.331018588983174e-14,5.968015075867302e-14,2.220446049250762e-14,2.191290639365295e+01,1.343285687406422e-04,1.052385383380619e-10,3.376965155185209e-15,1,1,1,REFINE_STALLED,1,1,1,REFINE_STALLED,1,1,1,REFINE_STALLED,3.104979173987340e-22,3.039888751132377e-22,3.636748692996702e-09,2.033442741703221e-22,1.811525541491131e-22,7.302068240698783e-09,1.198009728434171e-14,9.287709490379825e-15,2.198362530461352e-01,false
15,3.162000000000000e+13,1.000000000000000e+11,1,7,CONTINUE,5.968015075867301e-13,5.967010278135823e-13,5.331018588983174e-14,5.968015075867302e-14,2.220446049250762e-14,2.191290639365295e+01,1.684153204841960e-04,1.052385383380619e-10,3.376965155185209e-15,1,2,2,REFINE_STALLED,1,1,1,REFINE_STALLED,1,1,1,REFINE_STALLED,9.168933668869681e-23,8.437242248040882e-23,1.156243406007688e-08,8.099524397933100e-23,7.485984543604900e-23,7.412481033291966e-09,7.609949551399286e-15,5.766220834146907e-15,2.268609815108220e-01,false
15,1.000000000000000e+14,1.000000000000000e+11,1,7,CONTINUE,5.968015075867301e-13,5.965609826010065e-13,5.331018588983174e-14,5.968015075867302e-14,2.220446049250762e-14,2.191290639365295e+01,4.030252802460752e-04,1.052385383380619e-10,3.376965155185209e-15,1,2,2,REFINE_STALLED,1,1,1,REFINE_STALLED,1,1,1,REFINE_STALLED,2.550918906361478e-23,1.902515408871964e-23,3.530041973397582e-08,3.670765268676867e-23,3.184645358329157e-23,6.942293605913208e-09,3.080019362411689e-15,2.352285033424550e-15,2.284946505915623e-01,false
15,3.162000000000000e+14,1.000000000000000e+11,1,8,CONTINUE,5.968015075867301e-13,5.811056356330228e-13,5.331018588983174e-14,5.968015075867302e-14,2.220446049250762e-14,2.191290639365295e+01,2.629991973618538e-02,1.052385383380619e-10,3.376965155185209e-15,1,3,3,REFINE_STALLED,1,1,1,REFINE_STALLED,1,1,1,REFINE_STALLED,2.361754247250784e-23,1.881835893558138e-23,1.003370975981428e-07,1.315949287006936e-23,1.163222736402695e-23,1.339294248498381e-08,1.056434401750422e-15,8.005748841632965e-16,2.285494183901270e-01,false
15,1.000000000000000e+15,1.000000000000000e+11,1,11,CONTINUE,5.968015075867301e-13,5.803902480942856e-13,5.331018588983174e-14,5.968015075867302e-14,2.220446049250762e-14,2.191290639365295e+01,2.749866655979245e-02,1.052385383380619e-10,3.376965155185209e-15,1,4,4,REFINE_STALLED,1,3,3,REFINE_STALLED,1,1,1,REFINE_STALLED,1.467938028104607e-23,8.039161578249738e-24,2.315789163936866e-07,6.729460359245657e-24,5.635167923017501e-24,3.915188508454420e-08,3.431122868005404e-16,2.586906383550414e-16,2.289466776972156e-01,false
15,3.162000000000000e+15,1.000000000000000e+11,1,6,CONTINUE,5.968015075867301e-13,5.952170134534253e-13,5.331018588983174e-14,5.968015075867302e-14,2.220446049250762e-14,2.191290639365295e+01,2.654975304905840e-03,1.052385383380619e-10,3.376965155185209e-15,1,1,1,REFINE_STALLED,1,1,1,REFINE_STALLED,1,1,1,REFINE_STALLED,1.299555875534991e-23,9.590125226786665e-24,3.938071707645645e-07,6.459766852201974e-24,4.497794580757088e-24,9.493055974753248e-08,1.105697892850182e-16,8.521829075736065e-17,2.288796703233095e-01,false
15,1.000000000000000e+16,1.000000000000000e+11,1,6,CONTINUE,5.968015075867301e-13,5.956860639111540e-13,5.331018588983174e-14,5.968015075867302e-14,2.220446049250762e-14,2.191290639365295e+01,1.869036074186840e-03,1.052385383380619e-10,3.376965155185209e-15,1,1,1,REFINE_STALLED,1,1,1,REFINE_STALLED,1,1,1,REFINE_STALLED,1.231293039904465e-23,9.486727650217536e-24,5.904726487804327e-07,5.629283182368046e-24,3.722312756488625e-24,1.286595108723164e-07,3.526903219952726e-17,2.683400376901623e-17,2.281178241334006e-01,false
15,3.162000000000000e+16,1.000000000000000e+11,1,7,CONTINUE,5.968015075867301e-13,5.962947860850364e-13,5.331018588983174e-14,5.968015075867302e-14,2.220446049250762e-14,2.191290639365295e+01,8.490620101897830e-04,1.052385383380619e-10,3.376965155185209e-15,1,2,2,REFINE_STALLED,1,1,1,REFINE_STALLED,1,1,1,REFINE_STALLED,1.139110815686313e-23,9.202384314652433e-24,1.335182243789804e-06,3.911055134064808e-24,3.050228508789290e-24,2.533487693230346e-07,1.107153910804078e-17,8.524539581167279e-18,2.284608157512059e-01,false
15,1.000000000000000e+17,1.000000000000000e+11,1,6,CONTINUE,5.968015075867301e-13,5.966706762516172e-13,5.331018588983174e-14,5.968015075867302e-14,2.220446049250762e-14,2.191290639365295e+01,2.192208555485281e-04,1.052385383380619e-10,3.376965155185209e-15,1,1,1,REFINE_STALLED,1,1,1,REFINE_STALLED,1,1,1,REFINE_STALLED,1.012816239140647e-23,8.556149461095380e-24,2.268966337162666e-06,5.890043617354473e-24,4.614116854397357e-24,5.559784571886492e-07,3.531878247951986e-18,2.681706311007115e-18,2.295561532986370e-01,false
15,3.162000000000000e+17,1.000000000000000e+11,1,6,CONTINUE,5.968015075867301e-13,5.962588946817133e-13,5.331018588983174e-14,5.968015075867302e-14,2.220446049250762e-14,2.191290639365295e+01,9.092016448740887e-04,1.052385383380619e-10,3.376965155185209e-15,1,1,1,REFINE_STALLED,1,1,1,REFINE_STALLED,1,1,1,REFINE_STALLED,6.188662303062959e-24,5.312050496238975e-24,3.761192463018830e-06,4.661047346895169e-24,4.071279577409433e-24,1.054824776238511e-06,1.123021352611247e-18,8.538092108323347e-19,2.305279331156015e-01,false
15,1.000000000000000e+18,1.000000000000000e+11,1,6,CONTINUE,5.968015075867301e-13,5.967076859470630e-13,5.331018588983174e-14,5.968015075867302e-14,2.220446049250762e-14,2.191290639365295e+01,1.572074529221751e-04,1.052385383380619e-10,3.376965155185209e-15,1,1,1,REFINE_STALLED,1,1,1,REFINE_STALLED,1,1,1,REFINE_STALLED,2.931036374693999e-24,2.500928883265795e-24,5.647835146429804e-06,3.049033205370192e-24,2.591401762763782e-24,1.555299995531736e-06,3.532638856119400e-19,2.704152684109354e-19,2.281962203891763e-01,false
16,1.000000000000000e+00,3.162000000000000e+10,1,23,CONTINUE,5.967337495226034e-13,9.526702278217996e-14,0.000000000000000e+00,5.967337495226034e-14,2.220446049250762e-14,2.191290639365295e+01,9.900000000000000e-01,1.052271209240117e-10,3.166723100584597e-15,4,1,1,REACHED_FORCE,4,0,0,REACHED_FORCE,11,3,1,REFINE_STALLED,1.087375847016983e-09,6.165033761273975e-14,1.660351121164390e-15,1.367597627013952e-10,3.316270869024862e-14,1.305058806261671e-15,4.236048715609766e-01,2.331468351712829e-14,3.979261595723820e-13,false
16,3.162000000000000e+00,3.162000000000000e+10,1,19,CONTINUE,5.967337495226034e-13,9.473858841049810e-14,0.000000000000000e+00,5.967337495226034e-14,2.220446049250762e-14,2.191290639365295e+01,9.900000000000000e-01,1.052271209240117e-10,3.166723100584597e-15,4,0,0,REACHED_FORCE,3,0,0,REACHED_FORCE,8,4,2,REFINE_STALLED,4.176921991976289e-10,6.271025365656158e-16,1.366952885475385e-15,4.877220535621002e-11,1.025628150116975e-14,1.944639692727255e-15,1.425342086650933e-01,5.906386491005833e-14,5.120082313697279e-13,false
16,1.000000000000000e+01,3.162000000000000e+10,1,17,CONTINUE,5.967337495226034e-13,9.479966906663037e-14,0.000000000000000e+00,5.967337495226034e-14,2.220446049250762e-14,2.191290639365295e+01,9.900000000000000e-01,1.052271209240117e-10,3.166723100584597e-15,3,0,0,REACHED_FORCE,3,0,0,REACHED_FORCE,7,4,2,REFINE_STALLED,1.418460096415627e-10,5.369836519886206e-15,7.397817969589624e-16,1.615256683258600e-11,4.045700406629660e-16,1.078964187223045e-15,4.608276128676924e-02,1.421085471520200e-14,5.677886007340228e-13,false
16,3.162000000000000e+01,3.162000000000000e+10,1,13,CONTINUE,5.967337495226034e-13,9.324188225540930e-14,0.000000000000000e+00,5.967337495226034e-14,2.220446049250762e-14,2.191290639365295e+01,9.900000000000000e-01,1.052271209240117e-10,3.166723100584597e-15,3,0,0,REACHED_FORCE,2,0,0,REACHED_FORCE,6,2,1,REFINE_STALLED,4.593938544820546e-11,1.823628054120618e-16,7.769657195557336e-16,5.218869635115669e-12,1.913703570610714e-14,1.045060745620598e-15,1.468214545372323e-02,2.131628207280301e-14,6.402588859347086e-13,false
16,1.000000000000000e+02,3.162000000000000e+10,1,12,CONTINUE,5.967337495226034e-13,9.261646363364972e-14,0.000000000000000e+00,5.967337495226034e-14,2.220446049250762e-14,2.191290639365295e+01,9.900000000000000e-01,1.052271209240117e-10,3.166723100584597e-15,2,0,0,REACHED_FORCE,2,0,0,REACHED_FORCE,5,3,2,REFINE_STALLED,1.463755691119863e-11,7.923783157393061e-15,8.269571257186586e-16,1.663724633327705e-12,1.938987165273076e-15,1.129314734348662e-15,4.653562770650307e-03,1.421085471520200e-14,2.440395894863572e-12,false
16,3.162000000000000e+02,3.162000000000000e+10,1,11,CONTINUE,5.967337495226034e-13,8.558931288214618e-14,0.000000000000000e+00,5.967337495226034e-14,2.220446049250762e-14,2.191290639365295e+01,9.900000000000000e-01,1.052271209240117e-10,3.166723100584597e-15,2,0,0,REACHED_FORCE,2,0,0,REACHED_FORCE,4,3,2,REFINE_STALLED,4.640523724714026e-12,7.966717563423487e-16,3.021402296878123e-15,5.648655743859793e-13,2.190088388420719e-16,3.889314329863208e-15,1.472829824789756e-03,2.842170943040401e-14,7.004925301751899e-12,false
16,1.000000000000000e+03,3.162000000000000e+10,1,11,CONTINUE,5.967337495226034e-13,8.558973386019007e-14,0.000000000000000e+00,5.967337495226034e-14,2.220446049250762e-14,2.191290639365295e+01,9.900000000000000e-01,1.052271209240117e-10,3.166723100584597e-15,2,0,0,REACHED_FORCE,2,0,0,REACHED_FORCE,4,3,2,REFINE_STALLED,1.468429433987628e-12,8.283304597789254e-17,1.042832003872373e-14,1.785159877099264e-13,1.778091562876227e-17,9.477830298509896e-15,4.658205433990350e-04,1.421085471520200e-14,2.150637237271430e-11,false
16,3.162000000000000e+03,3.162000000000000e+10,1,9,CONTINUE,5.967337495226034e-13,8.562299393326270e-14,0.000000000000000e+00,5.967337495226034e-14,2.220446049250762e-14,2.191290639365295e+01,9.900000000000000e-01,1.052271209240117e-10,3.166723100584597e-15,2,0,0,REACHED_FORCE,1,0,0,REACHED_FORCE,3,3,2,REFINE_STALLED,4.644914930144481e-13,1.170938346284345e-17,3.240136358040014e-14,5.635609621376889e-14,4.071352630030667e-14,3.372005966483198e-14,1.473295075158981e-04,4.973799150320701e-14,8.267882516818843e-11,false
16,1.000000000000000e+04,3.162000000000000e+10,1,12,CONTINUE,5.967337495226034e-13,1.031789897132784e-13,0.000000000000000e+00,5.967337495226034e-14,2.220446049250762e-14,2.191290639365295e+01,9.900000000000000e-01,1.052271209240117e-10,3.166723100584597e-15,2,1,1,REACHED_FORCE,1,1,1,REACHED_FORCE,3,4,3,REFINE_STALLED,1.469175248586045e-13,1.214306433183765e-17,8.688222102057110e-14,1.663629081707942e-14,1.138021968327685e-14,1.052060019854107e-13,4.658670887186077e-05,4.263256414560601e-14,2.181998431989278e-10,false
16,3.162000000000000e+04,3.162000000000000e+10,1,12,CONTINUE,5.967337495226034e-13,8.561643184037936e-14,0.000000000000000e+00,5.967337495226034e-14,2.220446049250762e-14,2.191290639365295e+01,9.900000000000000e-01,1.052271209240117e-10,3.166723100584597e-15,1,1,1,REACHED_FORCE,1,1,1,REACHED_FORCE,3,5,4,REFINE_STALLED,4.647731397943404e-14,3.986741492489898e-14,2.240018049851989e-13,5.772960289578626e-15,4.185345646445793e-15,2.458188505611254e-13,1.473341636138095e-05,2.842170943040401e-14,5.785076431470328e-10,false
16,1.000000000000000e+05,3.162000000000000e+10,1,18,CONTINUE,5.967337495226034e-13,2.549796154537115e-13,0.000000000000000e+00,5.967337495226034e-14,2.220446049250762e-14,2.191290639365295e+01,9.694127020734329e-01,1.052271209240117e-10,3.166723100584597e-15,1,2,2,REACHED_FORCE,1,2,2,REACHED_FORCE,3,9,8,REFINE_STALLED,1.466855577736974e-14,1.260233237210251e-14,7.987244349357383e-13,7.084488250431893e-15,5.267487834803575e-15,8.040332241125921e-13,4.658717468846251e-06,2.842170943040401e-14,1.148154358380858e-09,false
16,3.162000000000000e+05,3.162000000000000e+10,1,9,NEAR_OPTIMAL,5.967337495226034e-13,5.651228436077673e-13,0.000000000000000e+00,5.967337495226034e-14,2.220446049250716e-14,2.191290639365295e+01,1.016728929050386e-01,1.052271209240117e-10,3.166723100584597e-15,1,1,1,REFINE_STALLED,1,1,1,REFINE_STALLED,3,2,1,REFINE_STALLED,4.591370078672914e-15,3.864963904476326e-15,3.326096705359936e-12,2.026730350578198e-15,1.681380729090520e-15,5.235810784424587e-12,1.473346291139829e-06,2.842170943040401e-14,4.741142089955448e-09,false
16,1.000000000000000e+06,3.162000000000000e+10,1,11,NEAR_OPTIMAL,5.967337495226034e-13,6.278944112137855e-13,5.331018588983174e-14,5.967337495226034e-14,2.220446049250620e-14,2.191290639365295e+01,3.151237591771470e-01,1.052271209240117e-10,3.166723100584597e-15,1,2,2,REFINE_STALLED,1,2,2,REFINE_STALLED,2,3,2,REFINE_STALLED,1.517795135049862e-15,1.395313985880220e-15,5.090337427101416e-12,1.945555630836365e-15,1.636277918715123e-15,1.099756941165692e-11,4.658681719788584e-07,3.441691376337985e-14,6.567919238859759e-07,false
16,3.162000000000000e+06,3.162000000000000e+10,1,11,NEAR_OPTIMAL,5.967337495226034e-13,6.204123797625277e-13,5.331018588983174e-14,5.967337495226034e-14,2.220446049250630e-14,2.191290639365295e+01,2.943663178198070e-01,1.052271209240117e-10,3.166723100584597e-15,1,2,2,REFINE_STALLED,1,2,2,REFINE_STALLED,2,3,2,REFINE_STALLED,4.813396442657676e-16,4.496864035655190e-16,8.285275127427046e-12,6.246745134355384e-16,4.836625891457835e-16,2.304275577608130e-11,1.473306740000711e-07,2.842170943040401e-14,2.076371007725250e-06,false
16,1.000000000000000e+07,3.162000000000000e+10,1,11,NEAR_OPTIMAL,5.967337495226034e-13,6.122588681674477e-13,5.331018588983174e-14,5.967337495226034e-14,2.220446049250664e-14,2.191290639365295e+01,2.182278991420219e-01,1.052271209240117e-10,3.166723100584597e-15,1,2,2,REFINE_STALLED,1,2,2,REFINE_STALLED,2,3,2,REFINE_STALLED,1.524533338525659e-16,1.446562867320894e-16,1.892078626011934e-11,1.962015264594049e-16,1.331400267812199e-16,4.102389134767157e-11,4.658314862867525e-08,1.421085471520200e-14,6.548018478817679e-06,false
16,3.162000000000000e+07,3.162000000000000e+10,1,12,NEAR_OPTIMAL,5.967337495226034e-13,5.967411917063121e-13,5.331018588983174e-14,5.967337495226034e-14,2.220446049250762e-14,2.191290639365295e+01,6.551205108018023e-05,1.052271209240117e-10,3.166723100584597e-15,1,2,2,REFINE_STALLED,1,2,2,REFINE_STALLED,2,4,3,REFINE_STALLED,4.818366711955966e-17,4.313261174008348e-17,2.835434740418255e-11,6.070007557457521e-17,5.074066167232161e-17,5.292558974835660e-11,1.472940131688568e-08,5.684341886080801e-14,2.078157276493107e-05,false
16,1.000000000000000e+08,3.162000000000000e+10,1,14,NEAR_OPTIMAL,5.967337495226034e-13,5.967337704724198e-13,5.331018588983174e-14,5.967337495226034e-14,2.220446049250762e-14,2.191290639365295e+01,2.858930848347981e-06,1.052271209240117e-10,3.166723100584597e-15,1,2,2,REFINE_STALLED,1,2,2,REFINE_STALLED,2,6,5,REFINE_STALLED,1.521359085512863e-17,1.582765765239386e-17,3.547376755744885e-11,2.007767502402865e-17,5.551115123125783e-17,1.167056936265719e-10,4.654609332709427e-09,2.842170943040401e-14,6.605500747218687e-05,false
16,3.162000000000000e+08,3.162000000000000e+10,1,9,NEAR_OPTIMAL,5.967337495226034e-13,5.967335633719357e-13,5.331018588983174e-14,5.967337495226034e-14,2.220446049250762e-14,2.191290639365295e+01,1.007147502437862e-06,1.052271209240117e-10,3.166723100584597e-15,1,1,1,REFINE_STALLED,1,1,1,REFINE_STALLED,2,3,2,REFINE_STALLED,4.782637506499726e-18,4.289374844895777e-18,1.417837760795711e-10,3.789742809693155e-18,6.938893903907228e-18,3.399242628614784e-10,1.469280345456894e-09,2.842170943040401e-14,2.089196201604258e-04,false
16,1.000000000000000e+09,3.162000000000000e+10,1,11,NEAR_OPTIMAL,5.967337495226034e-13,5.967334944099794e-13,5.331018588983174e-14,5.967337495226034e-14,2.220446049250762e-14,2.191290639365295e+01,3.926844472986361e-07,1.052271209240117e-10,3.166723100584597e-15,1,2,2,REFINE_STALLED,1,2,2,REFINE_STALLED,2,3,2,REFINE_STALLED,1.490736413330395e-18,1.342229584042846e-18,9.587387344530742e-11,1.233570820022255e-18,3.469446951953614e-18,2.464194592304235e-10,4.618046453106857e-10,3.552713678800501e-14,6.538664790757618e-04,false
16,3.162000000000000e+09,3.162000000000000e+10,1,14,NEAR_OPTIMAL,5.967337495226034e-13,5.967334956347256e-13,5.331018588983174e-14,5.967337495226034e-14,2.220446049250762e-14,2.191290639365295e+01,4.107078358637759e-07,1.052271209240117e-10,3.166723100584597e-15,1,2,2,REFINE_STALLED,1,2,2,REFINE_STALLED,2,6,4,REFINE_STALLED,4.519274749172421e-19,8.673617379884035e-19,8.406743846704332e-11,4.425134209983943e-19,2.602085213965211e-18,2.334704216776327e-10,1.433816711726303e-10,2.131628207280301e-14,2.071167022905040e-03,false
16,1.000000000000000e+10,3.162000000000000e+10,1,11,NEAR_OPTIMAL,5.967337495226034e-13,5.967357065896234e-13,5.331018588983174e-14,5.967337495226034e-14,2.220446049250762e-14,2.191290639365295e+01,1.473250546632748e-06,1.052271209240117e-10,3.166723100584597e-15,1,1,1,REFINE_STALLED,1,1,1,REFINE_STALLED,2,5,3,REFINE_STALLED,1.272574148763201e-19,2.168404344971009e-19,2.518359694411258e-10,1.884315811560969e-19,1.734723475976807e-18,6.843371113424258e-10,4.275529560121460e-11,2.842170943040401e-14,6.439784343294701e-03,false
16,3.162000000000000e+10,3.162000000000000e+10,1,13,NEAR_OPTIMAL,5.967337495226034e-13,5.967419224335526e-13,5.331018588983174e-14,5.967337495226034e-14,2.220446049250762e-14,2.191290639365295e+01,1.889139723077418e-06,1.052271209240117e-10,3.166723100584597e-15,1,1,1,REFINE_STALLED,1,1,1,REFINE_STALLED,2,7,4,REFINE_STALLED,2.903729660670032e-20,2.168404344971009e-19,3.717415258596317e-10,9.767239455081712e-20,1.301042606982605e-18,1.203327385754543e-09,1.127689225903890e-11,1.421085471520200e-14,1.906444582370003e-02,false
16,1.000000000000000e+11,3.162000000000000e+10,1,15,NEAR_OPTIMAL,5.967337495226034e-13,2.290335525414604e-12,5.331018588983174e-14,5.967337495226034e-14,2.220446049250762e-14,2.191290639365295e+01,3.933193010625336e-05,1.052271209240117e-10,3.166723100584597e-15,1,1,1,REFINE_STALLED,1,1,1,REFINE_STALLED,2,9,5,REFINE_STALLED,8.130907374589656e-21,3.853999910007067e-20,8.107114588712508e-10,1.886638500033185e-18,2.992397996059992e-17,1.122371417815162e-07,2.088233921793737e-12,1.421085471520200e-14,5.069928169238376e-02,false
16,3.162000000000000e+11,3.162000000000000e+10,1,16,NEAR_OPTIMAL,5.967337495226034e-13,2.827936693736111e-11,5.331018588983174e-14,5.967337495226034e-14,2.220446049250761e-14,2.191290639365295e+01,2.002704270807333e-03,1.052271209240117e-10,3.166723100584597e-15,1,1,1,REFINE_STALLED,1,1,1,REFINE_STALLED,2,10,5,REFINE_STALLED,4.166148717996216e-21,2.885205976584961e-21,1.374365230433682e-09,7.855233479932993e-20,4.775148240146118e-20,4.074199326798568e-08,1.880169007261616e-13,7.105427357601002e-15,1.076292825707069e-01,false
16,1.000000000000000e+12,3.162000000000000e+10,1,7,NEAR_OPTIMAL,5.967337495226034e-13,5.967332935697900e-13,5.331018588983174e-14,5.967337495226034e-14,2.220446049250762e-14,2.191290639365295e+01,1.124971552252597e-06,1.052271209240117e-10,3.166723100584597e-15,1,1,1,REFINE_STALLED,1,1,1,REFINE_STALLED,1,2,1,REFINE_STALLED,2.039763472192243e-21,1.803253735365600e-21,1.974132440180058e-09,4.411043408657953e-21,4.149965133178540e-21,5.880283938443685e-09,2.300068646585990e-14,1.176836406102666e-14,1.685314558596903e-01,false
16,3.162000000000000e+12,3.162000000000000e+10,1,6,NEAR_OPTIMAL,5.967337495226034e-13,5.967330681051917e-13,5.331018588983174e-14,5.967337495226034e-14,2.220446049250762e-14,2.191290639365295e+01,1.187079572152778e-06,1.052271209240117e-10,3.166723100584597e-15,1,1,1,REFINE_STALLED,1,1,1,REFINE_STALLED,1,1,1,REFINE_STALLED,8.702266649439386e-22,8.433106344978117e-22,2.624782426577125e-09,8.386867988437033e-22,7.709323308994218e-22,7.022239764686512e-09,3.785828719053155e-14,2.932376563791195e-14,2.046944902978412e-01,true
16,1.000000000000000e+13,3.162000000000000e+10,1,6,NEAR_OPTIMAL,5.967337495226034e-13,5.967329458264237e-13,5.331018588983174e-14,5.967337495226034e-14,2.220446049250762e-14,2.191290639365295e+01,1.351290561610643e-06,1.052271209240117e-10,3.166723100584597e-15,1,1,1,REFINE_STALLED,1,1,1,REFINE_STALLED,1,1,1,REFINE_STALLED,3.143797931119537e-22,3.072975975634498e-22,3.630587592724629e-09,2.136589237009508e-22,1.778438316989010e-22,7.381000543349629e-09,2.651732350497996e-14,2.037606194882358e-14,2.221515440726737e-01,false
16,3.162000000000000e+13,3.162000000000000e+10,1,7,NEAR_OPTIMAL,5.967337495226034e-13,5.967327310927095e-13,5.331018588983174e-14,5.967337495226034e-14,2.220446049250762e-14,2.191290639365295e+01,1.707117100761149e-06,1.052271209240117e-10,3.166723100584597e-15,1,2,2,REFINE_STALLED,1,1,1,REFINE_STALLED,1,1,1,REFINE_STALLED,9.750062850406921e-23,8.871512069631222e-23,1.165535639236102e-08,8.328713097236483e-23,7.237830359838992e-23,7.564818740279029e-09,1.208188412523091e-14,9.346690088563037e-15,2.262405653922698e-01,false
16,1.000000000000000e+14,3.162000000000000e+10,1,7,NEAR_OPTIMAL,5.967337495226034e-13,5.967310284878545e-13,5.331018588983174e-14,5.967337495226034e-14,2.220446049250762e-14,2.191290639365295e+01,4.559898994764529e-06,1.052271209240117e-10,3.166723100584597e-15,1,2,2,REFINE_STALLED,1,1,1,REFINE_STALLED,1,1,1,REFINE_STALLED,3.157806061581246e-23,2.543580383600560e-23,3.551923852945829e-08,3.437539623407870e-23,3.039888751132377e-23,6.931913506561927e-09,4.535112054970599e-15,3.504141421473150e-15,2.280370940555966e-01,false
16,3.162000000000000e+14,3.162000000000000e+10,1,8,NEAR_OPTIMAL,5.967337495226034e-13,5.810540173184761e-13,5.331018588983174e-14,5.967337495226034e-14,2.220446049250750e-14,2.191290639365295e+01,2.627577893462011e-02,1.052271209240117e-10,3.166723100584597e-15,1,3,3,REFINE_STALLED,1,1,1,REFINE_STALLED,1,1,1,REFINE_STALLED,1.555479732276020e-23,1.509604617909276e-23,9.971324625178107e-08,1.336962712760927e-23,1.209751645858803e-23,1.372803553104525e-08,1.512193233401783e-15,1.160530005428484e-15,2.294064852143507e-01,false
16,1.000000000000000e+15,3.162000000000000e+10,1,10,NEAR_OPTIMAL,5.967337495226034e-13,5.867531304803822e-13,5.331018588983174e-14,5.967337495226034e-14,2.220446049250754e-14,2.191290639365295e+01,1.672539646787791e-02,1.052271209240117e-10,3.166723100584597e-15,1,4,4,REFINE_STALLED,1,2,2,REFINE_STALLED,1,1,1,REFINE_STALLED,1.735142246031976e-23,1.072749856904708e-23,2.306699329715690e-07,6.963085613563492e-24,5.480071558163808e-24,3.129531845528103e-08,4.905919497650357e-16,3.768686751559613e-16,2.297139934683733e-01,false
16,3.162000000000000e+15,3.162000000000000e+10,1,6,NEAR_OPTIMAL,5.967337495226034e-13,5.915624045231954e-13,5.331018588983174e-14,5.967337495226034e-14,2.220446049250758e-14,2.191290639365295e+01,8.666079718682187e-03,1.052271209240117e-10,3.166723100584597e-15,1,1,1,REFINE_STALLED,1,1,1,REFINE_STALLED,1,1,1,REFINE_STALLED,1.328529537493935e-23,9.254083102936997e-24,3.965973408209103e-07,1.001835162405689e-23,6.779003613813485e-24,1.003294825728761e-07,1.553487284341775e-16,1.199669703855211e-16,2.297431405148649e-01,false
16,1.000000000000000e+16,3.162000000000000e+10,1,6,NEAR_OPTIMAL,5.967337495226034e-13,5.956251924222560e-13,5.331018588983174e-14,5.967337495226034e-14,2.220446049250761e-14,2.191290639365295e+01,1.857707876022477e-03,1.052271209240117e-10,3.166723100584597e-15,1,1,1,REFINE_STALLED,1,1,1,REFINE_STALLED,1,1,1,REFINE_STALLED,1.205402318595980e-23,9.615974620928947e-24,5.904782280097025e-07,5.232464442121548e-24,3.722312756488625e-24,1.283069460784542e-07,4.968739153543690e-17,3.821812658011403e-17,2.293009653936698e-01,false
16,3.162000000000000e+16,3.162000000000000e+10,1,7,NEAR_OPTIMAL,5.967337495226034e-13,5.967035430721268e-13,5.331018588983174e-14,5.967337495226034e-14,2.220446049250762e-14,2.191290639365295e+01,5.061964485861127e-05,1.052271209240117e-10,3.166723100584597e-15,1,2,2,REFINE_STALLED,1,1,1,REFINE_STALLED,1,1,1,REFINE_STALLED,1.160487354724308e-23,9.719372197498075e-24,1.335211835892655e-06,4.020173943771624e-24,3.341034192889963e-24,2.551893599396775e-07,1.563763341029302e-17,1.208885422321337e-17,2.289409077508638e-01,false
16,1.000000000000000e+17,3.162000000000000e+10,1,6,NEAR_OPTIMAL,5.967337495226034e-13,5.966872954583332e-13,5.331018588983174e-14,5.967337495226034e-14,2.220446049250762e-14,2.191290639365295e+01,7.784722190550102e-05,1.052271209240117e-10,3.166723100584597e-15,1,1,1,REFINE_STALLED,1,1,1,REFINE_STALLED,1,1,1,REFINE_STALLED,9.636205438842102e-24,8.271806125530277e-24,2.289936873342811e-06,5.168242604480450e-24,4.316848821761113e-24,5.534764197171655e-07,4.953010293419815e-18,3.825200789800420e-18,2.295203407493603e-01,false
16,3.162000000000000e+17,3.162000000000000e+10,1,6,NEAR_OPTIMAL,5.967337495226034e-13,5.966665061696865e-13,5.331018588983174e-14,5.967337495226034e-14,2.220446049250762e-14,2.191290639365295e+01,1.126856860994888e-04,1.052271209240117e-10,3.166723100584597e-15,1,1,1,REFINE_STALLED,1,1,1,REFINE_STALLED,1,1,1,REFINE_STALLED,6.313653429332741e-24,5.454222164021526e-24,3.781856001842205e-06,4.886902262041022e-24,4.164983631175206e-24,1.052386568575880e-06,1.562410203722954e-18,1.198551620364835e-18,2.289479023818571e-01,false
16,1.000000000000000e+18,3.162000000000000e+10,1,6,NEAR_OPTIMAL,5.967337495226034e-13,5.966693742872555e-13,5.331018588983174e-14,5.967337495226034e-14,2.220446049250762e-14,2.191290639365295e+01,1.078793261852762e-04,1.052271209240117e-10,3.166723100584597e-15,1,1,1,REFINE_STALLED,1,1,1,REFINE_STALLED,1,1,1,REFINE_STALLED,3.009613652140398e-24,2.636638202512776e-24,5.676392119127845e-06,3.095884562453614e-24,2.694799339332910e-24,1.540802550173563e-06,4.932663620198105e-19,3.824353756853166e-19,2.300079732344109e-01,false
