iter,alpha,state,ncraig,ipm_status,mu,mu_next,rho,force_tol,floor_tol,sigma2min,step,tau,kappa,norm_dp,norm_dy,norm_y,hdiag_min,hdiag_max,pstat,cstat,wstat,pbase,prefn,ppass,cbase,crefn,cpass,wbase,wrefn,wpass,pres0,pres1,cres0,cres1,wres0,wres1,r0_p,r0_c,r0_w,craig_p,craig_c,craig_w,chosen
1,1.000000e+00,0,9,CONTINUE,1.000000e+00,4.429608e-01,1.000000e-09,1.000000e-01,5.360631e-14,1.020330e+00,6.047218e-01,4.675689e-01,1.010407e+00,3.525892e+00,5.322210e+00,3.218456e+00,2.510000e-01,1.000000e+00,REACHED_FORCE,REACHED_FORCE,REACHED_FORCE,3,0,0,3,0,0,3,0,0,7.483612e-04,NaN,5.648993e-04,NaN,6.450757e-04,NaN,2.745159e+00,1.647258e+00,2.348814e+00,solution good enough for the tolerances given,solution good enough for the tolerances given,solution good enough for the tolerances given,false
1,3.162000e+00,0,6,CONTINUE,1.000000e+00,4.455365e-01,1.000000e-09,1.000000e-01,5.360631e-14,1.016718e+00,6.027626e-01,4.692503e-01,1.008951e+00,3.537035e+00,5.378795e+00,3.242136e+00,2.510000e-01,1.000000e+00,REACHED_FORCE,REACHED_FORCE,REACHED_FORCE,2,0,0,2,0,0,2,0,0,3.007870e-03,NaN,1.710249e-03,NaN,6.962996e-04,NaN,1.255755e+00,7.927207e-01,1.105869e+00,solution good enough for the tolerances given,solution good enough for the tolerances given,solution good enough for the tolerances given,false
1,1.000000e+01,0,6,CONTINUE,1.000000e+00,4.423881e-01,1.000000e-09,1.000000e-01,5.360631e-14,1.014988e+00,6.053857e-01,4.670540e-01,1.010368e+00,3.530347e+00,5.335425e+00,3.229990e+00,2.510000e-01,1.000000e+00,REACHED_FORCE,REACHED_FORCE,REACHED_FORCE,2,0,0,2,0,0,2,0,0,3.849029e-04,NaN,2.171369e-04,NaN,8.738050e-05,NaN,4.644645e-01,2.932289e-01,4.140927e-01,solution good enough for the tolerances given,solution good enough for the tolerances given,solution good enough for the tolerances given,false
1,3.162000e+01,0,5,CONTINUE,1.000000e+00,4.214278e-01,1.000000e-09,1.000000e-01,5.360631e-14,1.014418e+00,6.353350e-01,4.397510e-01,1.012004e+00,3.477107e+00,5.243242e+00,3.331215e+00,2.510000e-01,1.000000e+00,REACHED_FORCE,REACHED_FORCE,REACHED_FORCE,2,0,0,1,0,0,2,0,0,4.184467e-05,NaN,1.575728e-02,NaN,9.458737e-06,NaN,1.553319e-01,9.843307e-02,1.390835e-01,solution good enough for the tolerances given,solution good enough for the tolerances given,solution good enough for the tolerances given,false
1,1.000000e+02,0,3,CONTINUE,1.000000e+00,4.388464e-01,1.000000e-09,1.000000e-01,5.360631e-14,1.014235e+00,6.105840e-01,4.526097e-01,1.023534e+00,3.499390e+00,5.251088e+00,3.206230e+00,2.510000e-01,1.000000e+00,REACHED_FORCE,REACHED_FORCE,REACHED_FORCE,1,0,0,1,0,0,1,0,0,3.158758e-02,NaN,3.004161e-02,NaN,1.598186e-03,NaN,5.002963e-02,3.141969e-02,4.485931e-02,solution good enough for the tolerances given,solution good enough for the tolerances given,solution good enough for the tolerances given,true
1,3.162000e+02,0,3,CONTINUE,1.000000e+00,4.409408e-01,1.000000e-09,1.000000e-01,5.360631e-14,1.014177e+00,6.073172e-01,4.622546e-01,1.014639e+00,3.519739e+00,5.304140e+00,3.221295e+00,2.510000e-01,1.000000e+00,REACHED_FORCE,REACHED_FORCE,REACHED_FORCE,1,0,0,1,0,0,1,0,0,1.005981e-02,NaN,9.503696e-03,NaN,5.087643e-04,NaN,1.591590e-02,1.007494e-02,1.427748e-02,solution good enough for the tolerances given,solution good enough for the tolerances given,solution good enough for the tolerances given,false
1,1.000000e+03,0,3,CONTINUE,1.000000e+00,4.416200e-01,1.000000e-09,1.000000e-01,5.360631e-14,1.014158e+00,6.062576e-01,4.653123e-01,1.011851e+00,3.526297e+00,5.321157e+00,3.225992e+00,2.510000e-01,1.000000e+00,REACHED_FORCE,REACHED_FORCE,REACHED_FORCE,1,0,0,1,0,0,1,0,0,3.187978e-03,NaN,3.005316e-03,NaN,1.612071e-04,NaN,5.042062e-03,3.199772e-03,4.523664e-03,solution good enough for the tolerances given,solution good enough for the tolerances given,solution good enough for the tolerances given,false
1,3.162000e+03,0,3,CONTINUE,1.000000e+00,4.418364e-01,1.000000e-09,1.000000e-01,5.360631e-14,1.014152e+00,6.059199e-01,4.662797e-01,1.010973e+00,3.528382e+00,5.326562e+00,3.227470e+00,2.510000e-01,1.000000e+00,REACHED_FORCE,REACHED_FORCE,REACHED_FORCE,1,0,0,1,0,0,1,0,0,1.008924e-03,NaN,9.504714e-04,NaN,5.101630e-05,NaN,1.595528e-03,1.013361e-03,1.431549e-03,solution good enough for the tolerances given,solution good enough for the tolerances given,solution good enough for the tolerances given,false
1,1.000000e+04,0,3,CONTINUE,1.000000e+00,4.419050e-01,1.000000e-09,1.000000e-01,5.360631e-14,1.014151e+00,6.058129e-01,4.665858e-01,1.010695e+00,3.529043e+00,5.328274e+00,3.227937e+00,2.510000e-01,1.000000e+00,REACHED_FORCE,REACHED_FORCE,REACHED_FORCE,1,0,0,1,0,0,1,0,0,3.190926e-04,NaN,3.005414e-04,NaN,1.613473e-05,NaN,5.046008e-04,3.205665e-04,4.527473e-04,solution good enough for the tolerances given,solution good enough for the tolerances given,solution good enough for the tolerances given,false
1,3.162000e+04,0,3,CONTINUE,1.000000e+00,4.419268e-01,1.000000e-09,1.000000e-01,5.360631e-14,1.014150e+00,6.057790e-01,4.666826e-01,1.010607e+00,3.529252e+00,5.328815e+00,3.228084e+00,2.510000e-01,1.000000e+00,REACHED_FORCE,REACHED_FORCE,REACHED_FORCE,1,0,0,1,0,0,1,0,0,1.009219e-04,NaN,9.504809e-05,NaN,5.103033e-06,NaN,1.595923e-04,1.013951e-04,1.431930e-04,solution good enough for the tolerances given,solution good enough for the tolerances given,solution good enough for the tolerances given,false
1,1.000000e+05,0,3,CONTINUE,1.000000e+00,4.419336e-01,1.000000e-09,1.000000e-01,5.360631e-14,1.014150e+00,6.057683e-01,4.667132e-01,1.010579e+00,3.529318e+00,5.328986e+00,3.228131e+00,2.510000e-01,1.000000e+00,REACHED_FORCE,REACHED_FORCE,REACHED_FORCE,1,0,0,1,0,0,1,0,0,3.191219e-05,NaN,3.005421e-05,NaN,1.613613e-06,NaN,5.046403e-05,3.206255e-05,4.527854e-05,solution good enough for the tolerances given,solution good enough for the tolerances given,solution good enough for the tolerances given,false
1,3.162000e+05,0,3,CONTINUE,1.000000e+00,4.419358e-01,1.000000e-09,1.000000e-01,5.360631e-14,1.014150e+00,6.057649e-01,4.667229e-01,1.010571e+00,3.529339e+00,5.329040e+00,3.228146e+00,2.510000e-01,1.000000e+00,REACHED_FORCE,REACHED_FORCE,REACHED_FORCE,1,0,0,1,0,0,1,0,0,1.009270e-05,NaN,9.505022e-06,NaN,5.103174e-07,NaN,1.595962e-05,1.014010e-05,1.431968e-05,solution good enough for the tolerances given,solution good enough for the tolerances given,solution good enough for the tolerances given,false
1,1.000000e+06,0,3,CONTINUE,1.000000e+00,4.419365e-01,1.000000e-09,1.000000e-01,5.360631e-14,1.014150e+00,6.057638e-01,4.667259e-01,1.010568e+00,3.529346e+00,5.329058e+00,3.228150e+00,2.510000e-01,1.000000e+00,REACHED_FORCE,REACHED_FORCE,REACHED_FORCE,1,0,0,1,0,0,1,0,0,3.191561e-06,NaN,3.005716e-06,NaN,1.613627e-07,NaN,5.046442e-06,3.206314e-06,4.527893e-06,solution good enough for the tolerances given,solution good enough for the tolerances given,solution good enough for the tolerances given,false
1,3.162000e+06,0,3,CONTINUE,1.000000e+00,4.419367e-01,1.000000e-09,1.000000e-01,5.360631e-14,1.014150e+00,6.057635e-01,4.667269e-01,1.010567e+00,3.529348e+00,5.329063e+00,3.228152e+00,2.510000e-01,1.000000e+00,REACHED_FORCE,REACHED_FORCE,REACHED_FORCE,1,0,0,1,0,0,1,0,0,1.008029e-06,NaN,9.493304e-07,NaN,5.103188e-08,NaN,1.595966e-06,1.014016e-06,1.431972e-06,solution good enough for the tolerances given,solution good enough for the tolerances given,solution good enough for the tolerances given,false
1,1.000000e+07,0,3,CONTINUE,1.000000e+00,4.419368e-01,1.000000e-09,1.000000e-01,5.360631e-14,1.014150e+00,6.057634e-01,4.667272e-01,1.010567e+00,3.529349e+00,5.329065e+00,3.228152e+00,2.510000e-01,1.000000e+00,REACHED_FORCE,REACHED_FORCE,REACHED_FORCE,1,0,0,1,0,0,1,0,0,3.227704e-07,NaN,3.039752e-07,NaN,1.613628e-08,NaN,5.046446e-07,3.206320e-07,4.527896e-07,solution good enough for the tolerances given,solution good enough for the tolerances given,solution good enough for the tolerances given,false
1,3.162000e+07,0,3,CONTINUE,1.000000e+00,4.419368e-01,1.000000e-09,1.000000e-01,5.360631e-14,1.014150e+00,6.057633e-01,4.667273e-01,1.010567e+00,3.529349e+00,5.329065e+00,3.228152e+00,2.510000e-01,1.000000e+00,REACHED_FORCE,REACHED_FORCE,REACHED_FORCE,1,0,0,1,0,0,1,0,0,1.104209e-07,NaN,1.039910e-07,NaN,8.887395e-09,NaN,1.595967e-07,1.014017e-07,1.431972e-07,solution good enough for the tolerances given,solution good enough for the tolerances given,solution good enough for the tolerances given,false
1,1.000000e+08,0,3,CONTINUE,1.000000e+00,4.419368e-01,1.000000e-09,1.000000e-01,5.360631e-14,1.014150e+00,6.057633e-01,4.667273e-01,1.010567e+00,3.529349e+00,5.329065e+00,3.228152e+00,2.510000e-01,1.000000e+00,REACHED_FORCE,REACHED_FORCE,REACHED_FORCE,1,0,0,1,0,0,1,0,0,1.613075e-08,NaN,2.651615e-08,NaN,2.962986e-08,NaN,5.046447e-08,3.206321e-08,4.527897e-08,solution good enough for the tolerances given,solution good enough for the tolerances given,solution good enough for the tolerances given,false
1,3.162000e+08,0,3,CONTINUE,1.000000e+00,4.419367e-01,1.000000e-09,1.000000e-01,5.360631e-14,1.014150e+00,6.057634e-01,4.667273e-01,1.010567e+00,3.529349e+00,5.329065e+00,3.228152e+00,2.510000e-01,1.000000e+00,REACHED_FORCE,REACHED_FORCE,REACHED_FORCE,1,0,0,1,0,0,1,0,0,2.199302e-07,NaN,2.071235e-07,NaN,8.219332e-08,NaN,1.595967e-08,1.014017e-08,1.431972e-08,solution good enough for the tolerances given,solution good enough for the tolerances given,solution good enough for the tolerances given,false
1,1.000000e+09,0,3,CONTINUE,1.000000e+00,4.419367e-01,1.000000e-09,1.000000e-01,5.360631e-14,1.014150e+00,6.057634e-01,4.667272e-01,1.010567e+00,3.529349e+00,5.329066e+00,3.228153e+00,2.510000e-01,1.000000e+00,REACHED_FORCE,REACHED_FORCE,REACHED_FORCE,1,0,0,1,0,0,1,0,0,3.340877e-07,NaN,3.146335e-07,NaN,2.102128e-07,NaN,5.046447e-09,3.206321e-09,4.527897e-09,solution good enough for the tolerances given,solution good enough for the tolerances given,solution good enough for the tolerances given,false
1,3.162000e+09,0,3,CONTINUE,1.000000e+00,4.419370e-01,1.000000e-09,1.000000e-01,5.360631e-14,1.014150e+00,6.057631e-01,4.667276e-01,1.010566e+00,3.529348e+00,5.329065e+00,3.228151e+00,2.510000e-01,1.000000e+00,REACHED_FORCE,REACHED_FORCE,REACHED_FORCE,1,0,0,1,0,0,1,0,0,6.059213e-07,NaN,1.330768e-06,NaN,6.025339e-07,NaN,1.595966e-09,1.014017e-09,1.431972e-09,solution good enough for the tolerances given,solution good enough for the tolerances given,solution good enough for the tolerances given,false
1,1.000000e+10,0,3,CONTINUE,1.000000e+00,4.419382e-01,1.000000e-09,1.000000e-01,5.360631e-14,1.014148e+00,6.057622e-01,4.667284e-01,1.010567e+00,3.529346e+00,5.329067e+00,3.228147e+00,2.510000e-01,1.000000e+00,REACHED_FORCE,REACHED_FORCE,REACHED_FORCE,1,0,0,1,0,0,1,0,0,1.051717e-06,NaN,3.830894e-06,NaN,2.742217e-06,NaN,5.046447e-10,3.206324e-10,4.527897e-10,solution good enough for the tolerances given,solution good enough for the tolerances given,solution good enough for the tolerances given,false
2,1.000000e+00,0,11,CONTINUE,4.388464e-01,1.495727e-02,1.000000e-09,4.388464e-02,3.447433e-14,2.044347e-01,9.717756e-01,1.560948e-02,9.941006e-01,2.325954e+00,2.912484e+00,6.028504e+00,2.510000e-01,1.761576e+02,REACHED_FORCE,REACHED_FORCE,REACHED_FORCE,4,0,0,3,0,0,4,0,0,3.804544e-03,NaN,1.981127e-03,NaN,1.885433e-03,NaN,1.284510e+00,1.241361e-01,1.070949e+00,solution good enough for the tolerances given,solution good enough for the tolerances given,solution good enough for the tolerances given,false
2,3.162000e+00,0,8,CONTINUE,4.388464e-01,1.592197e-02,1.000000e-09,4.388464e-02,3.447433e-14,2.044249e-01,9.720910e-01,1.672256e-02,9.888496e-01,2.320148e+00,2.931936e+00,6.048886e+00,2.510000e-01,1.761576e+02,REACHED_FORCE,REACHED_FORCE,REACHED_FORCE,3,0,0,2,0,0,3,0,0,1.524554e-03,NaN,2.628242e-03,NaN,1.330227e-03,NaN,7.365695e-01,7.679635e-02,6.028397e-01,solution good enough for the tolerances given,solution good enough for the tolerances given,solution good enough for the tolerances given,false
2,1.000000e+01,0,5,CONTINUE,4.388464e-01,1.520158e-02,1.000000e-09,4.388464e-02,3.447433e-14,2.044249e-01,9.835789e-01,2.003958e-02,9.696127e-01,2.294411e+00,2.773699e+00,5.926918e+00,2.510000e-01,1.761576e+02,REACHED_FORCE,REACHED_FORCE,REACHED_FORCE,2,0,0,1,0,0,2,0,0,4.610269e-03,NaN,2.036275e-03,NaN,2.881538e-03,NaN,3.317821e-01,3.552321e-02,2.576022e-01,solution good enough for the tolerances given,solution good enough for the tolerances given,solution good enough for the tolerances given,false
2,3.162000e+01,0,5,CONTINUE,4.388464e-01,1.593690e-02,1.000000e-09,4.388464e-02,3.447433e-14,2.044249e-01,9.743196e-01,2.019292e-02,9.765317e-01,2.316012e+00,2.937923e+00,6.062312e+00,2.510000e-01,1.761576e+02,REACHED_FORCE,REACHED_FORCE,REACHED_FORCE,2,0,0,1,0,0,2,0,0,6.226146e-04,NaN,1.116390e-03,NaN,4.520536e-04,NaN,1.243812e-01,1.399830e-02,9.249903e-02,solution good enough for the tolerances given,solution good enough for the tolerances given,solution good enough for the tolerances given,false
2,1.000000e+02,0,3,CONTINUE,4.388464e-01,2.029046e-02,1.000000e-09,4.388464e-02,3.447433e-14,2.044249e-01,9.561542e-01,2.516858e-02,9.776863e-01,2.333134e+00,2.870230e+00,5.944036e+00,2.510000e-01,1.761576e+02,REACHED_FORCE,REACHED_FORCE,REACHED_FORCE,1,0,0,1,0,0,1,0,0,1.375952e-02,NaN,1.503448e-02,NaN,2.111590e-03,NaN,4.200421e-02,5.012590e-03,3.062719e-02,solution good enough for the tolerances given,solution good enough for the tolerances given,solution good enough for the tolerances given,true
2,3.162000e+02,0,3,CONTINUE,4.388464e-01,1.808201e-02,1.000000e-09,4.388464e-02,3.447433e-14,2.044249e-01,9.621467e-01,2.324379e-02,9.798690e-01,2.333523e+00,2.958848e+00,6.046854e+00,2.510000e-01,1.761576e+02,REACHED_FORCE,REACHED_FORCE,REACHED_FORCE,1,0,0,1,0,0,1,0,0,4.458764e-03,NaN,4.845833e-03,NaN,6.791459e-04,NaN,1.358559e-02,1.575772e-03,9.835949e-03,solution good enough for the tolerances given,solution good enough for the tolerances given,solution good enough for the tolerances given,false
2,1.000000e+03,0,3,CONTINUE,4.388464e-01,1.731138e-02,1.000000e-09,4.388464e-02,3.447433e-14,2.044249e-01,9.642061e-01,2.255346e-02,9.806089e-01,2.333646e+00,2.988540e+00,6.081688e+00,2.510000e-01,1.761576e+02,REACHED_FORCE,REACHED_FORCE,REACHED_FORCE,1,0,0,1,0,0,1,0,0,1.420934e-03,NaN,1.541701e-03,NaN,2.159109e-04,NaN,4.327161e-03,4.978635e-04,3.125552e-03,solution good enough for the tolerances given,solution good enough for the tolerances given,solution good enough for the tolerances given,false
2,3.162000e+03,0,3,CONTINUE,4.388464e-01,1.706034e-02,1.000000e-09,4.388464e-02,3.447433e-14,2.044249e-01,9.648736e-01,2.232693e-02,9.808483e-01,2.333685e+00,2.998107e+00,6.092948e+00,2.510000e-01,1.761576e+02,REACHED_FORCE,REACHED_FORCE,REACHED_FORCE,1,0,0,1,0,0,1,0,0,4.504970e-04,NaN,4.885277e-04,NaN,6.840050e-05,NaN,1.371669e-03,1.574325e-04,9.900295e-04,solution good enough for the tolerances given,solution good enough for the tolerances given,solution good enough for the tolerances given,false
2,1.000000e+04,0,3,CONTINUE,4.388464e-01,1.698020e-02,1.000000e-09,4.388464e-02,3.447433e-14,2.044249e-01,9.650863e-01,2.225446e-02,9.809246e-01,2.333698e+00,3.001151e+00,6.096535e+00,2.510000e-01,1.761576e+02,REACHED_FORCE,REACHED_FORCE,REACHED_FORCE,1,0,0,1,0,0,1,0,0,1.425594e-04,NaN,1.545684e-04,NaN,2.164002e-05,NaN,4.340413e-04,4.977887e-05,3.132034e-04,solution good enough for the tolerances given,solution good enough for the tolerances given,solution good enough for the tolerances given,false
2,3.162000e+04,0,3,CONTINUE,4.388464e-01,1.695478e-02,1.000000e-09,4.388464e-02,3.447433e-14,2.044249e-01,9.651537e-01,2.223146e-02,9.809488e-01,2.333702e+00,3.002116e+00,6.097672e+00,2.510000e-01,1.761576e+02,REACHED_FORCE,REACHED_FORCE,REACHED_FORCE,1,0,0,1,0,0,1,0,0,4.509643e-05,NaN,4.889273e-05,NaN,6.844955e-06,NaN,1.372999e-04,1.574273e-05,9.906794e-05,solution good enough for the tolerances given,solution good enough for the tolerances given,solution good enough for the tolerances given,false
2,1.000000e+05,0,3,CONTINUE,4.388464e-01,1.694674e-02,1.000000e-09,4.388464e-02,3.447433e-14,2.044249e-01,9.651751e-01,2.222418e-02,9.809564e-01,2.333703e+00,3.002421e+00,6.098031e+00,2.510000e-01,1.761576e+02,REACHED_FORCE,REACHED_FORCE,REACHED_FORCE,1,0,0,1,0,0,1,0,0,1.426064e-05,NaN,1.546086e-05,NaN,2.164493e-06,NaN,4.341744e-05,4.977842e-06,3.132685e-05,solution good enough for the tolerances given,solution good enough for the tolerances given,solution good enough for the tolerances given,false
2,3.162000e+05,0,3,CONTINUE,4.388464e-01,1.694420e-02,1.000000e-09,4.388464e-02,3.447433e-14,2.044249e-01,9.651818e-01,2.222188e-02,9.809588e-01,2.333704e+00,3.002517e+00,6.098145e+00,2.510000e-01,1.761576e+02,REACHED_FORCE,REACHED_FORCE,REACHED_FORCE,1,0,0,1,0,0,1,0,0,4.510199e-06,NaN,4.889769e-06,NaN,6.845446e-07,NaN,1.373133e-05,1.574269e-06,9.907445e-06,solution good enough for the tolerances given,solution good enough for the tolerances given,solution good enough for the tolerances given,false
2,1.000000e+06,0,3,CONTINUE,4.388464e-01,1.694339e-02,1.000000e-09,4.388464e-02,3.447433e-14,2.044249e-01,9.651840e-01,2.222115e-02,9.809596e-01,2.333704e+00,3.002548e+00,6.098181e+00,2.510000e-01,1.761576e+02,REACHED_FORCE,REACHED_FORCE,REACHED_FORCE,1,0,0,1,0,0,1,0,0,1.426211e-06,NaN,1.546235e-06,NaN,2.164542e-07,NaN,4.341877e-06,4.977838e-07,3.132750e-06,solution good enough for the tolerances given,solution good enough for the tolerances given,solution good enough for the tolerances given,false
2,3.162000e+06,0,3,CONTINUE,4.388464e-01,1.694314e-02,1.000000e-09,4.388464e-02,3.447433e-14,2.044249e-01,9.651846e-01,2.222092e-02,9.809598e-01,2.333704e+00,3.002558e+00,6.098192e+00,2.510000e-01,1.761576e+02,REACHED_FORCE,REACHED_FORCE,REACHED_FORCE,1,0,0,1,0,0,1,0,0,4.509364e-07,NaN,4.888853e-07,NaN,6.845495e-08,NaN,1.373146e-06,1.574269e-07,9.907510e-07,solution good enough for the tolerances given,solution good enough for the tolerances given,solution good enough for the tolerances given,false
2,1.000000e+07,0,3,CONTINUE,4.388464e-01,1.694306e-02,1.000000e-09,4.388464e-02,3.447433e-14,2.044249e-01,9.651848e-01,2.222085e-02,9.809599e-01,2.333704e+00,3.002561e+00,6.098196e+00,2.510000e-01,1.761576e+02,REACHED_FORCE,REACHED_FORCE,REACHED_FORCE,1,0,0,1,0,0,1,0,0,1.437070e-07,NaN,1.558007e-07,NaN,2.164547e-08,NaN,4.341890e-07,4.977838e-08,3.132756e-07,solution good enough for the tolerances given,solution good enough for the tolerances given,solution good enough for the tolerances given,false
2,3.162000e+07,0,3,CONTINUE,4.388464e-01,1.694303e-02,1.000000e-09,4.388464e-02,3.447433e-14,2.044249e-01,9.651849e-01,2.222082e-02,9.809599e-01,2.333704e+00,3.002562e+00,6.098197e+00,2.510000e-01,1.761576e+02,REACHED_FORCE,REACHED_FORCE,REACHED_FORCE,1,0,0,1,0,0,1,0,0,5.092974e-08,NaN,5.521576e-08,NaN,1.850017e-08,NaN,1.373147e-07,1.574269e-08,9.907516e-08,solution good enough for the tolerances given,solution good enough for the tolerances given,solution good enough for the tolerances given,false
2,1.000000e+08,0,3,CONTINUE,4.388464e-01,1.694302e-02,1.000000e-09,4.388464e-02,3.447433e-14,2.044249e-01,9.651849e-01,2.222081e-02,9.809599e-01,2.333704e+00,3.002562e+00,6.098197e+00,2.510000e-01,1.761576e+02,REACHED_FORCE,REACHED_FORCE,REACHED_FORCE,1,0,0,1,0,0,1,0,0,3.464161e-08,NaN,2.732426e-08,NaN,4.664488e-08,NaN,4.341892e-08,4.977837e-09,3.132757e-08,solution good enough for the tolerances given,solution good enough for the tolerances given,solution good enough for the tolerances given,false
2,3.162000e+08,0,3,CONTINUE,4.388464e-01,1.694302e-02,1.000000e-09,4.388464e-02,3.447433e-14,2.044249e-01,9.651849e-01,2.222082e-02,9.809599e-01,2.333704e+00,3.002562e+00,6.098197e+00,2.510000e-01,1.761576e+02,REACHED_FORCE,REACHED_FORCE,REACHED_FORCE,1,0,0,1,0,0,1,0,0,1.048959e-07,NaN,9.644526e-08,NaN,1.558798e-07,NaN,1.373147e-08,1.574269e-09,9.907517e-09,solution good enough for the tolerances given,solution good enough for the tolerances given,solution good enough for the tolerances given,false
2,1.000000e+09,0,3,CONTINUE,4.388464e-01,1.694300e-02,1.000000e-09,4.388464e-02,3.447433e-14,2.044250e-01,9.651850e-01,2.222079e-02,9.809599e-01,2.333704e+00,3.002561e+00,6.098197e+00,2.510000e-01,1.761576e+02,REACHED_FORCE,REACHED_FORCE,REACHED_FORCE,1,0,0,1,0,0,1,0,0,2.492416e-07,NaN,3.195273e-07,NaN,4.600988e-07,NaN,4.341891e-09,4.977834e-10,3.132757e-09,solution good enough for the tolerances given,solution good enough for the tolerances given,solution good enough for the tolerances given,false
2,3.162000e+09,0,3,CONTINUE,4.388464e-01,1.694300e-02,1.000000e-09,4.388464e-02,3.447433e-14,2.044250e-01,9.651850e-01,2.222078e-02,9.809599e-01,2.333704e+00,3.002562e+00,6.098197e+00,2.510000e-01,1.761576e+02,REACHED_FORCE,REACHED_FORCE,REACHED_FORCE,1,0,0,1,0,0,1,0,0,1.267932e-06,NaN,1.240144e-06,NaN,2.226581e-06,NaN,1.373147e-09,1.574269e-10,9.907514e-10,solution good enough for the tolerances given,solution good enough for the tolerances given,solution good enough for the tolerances given,false
2,1.000000e+10,0,3,CONTINUE,4.388464e-01,1.694310e-02,1.000000e-09,4.388464e-02,3.447433e-14,2.044249e-01,9.651847e-01,2.222096e-02,9.809595e-01,2.333704e+00,3.002559e+00,6.098194e+00,2.510000e-01,1.761576e+02,REACHED_FORCE,REACHED_FORCE,REACHED_FORCE,1,0,0,1,0,0,1,0,0,2.441472e-06,NaN,2.384749e-06,NaN,6.624322e-06,NaN,4.341890e-10,4.977823e-11,3.132754e-10,solution good enough for the tolerances given,solution good enough for the tolerances given,solution good enough for the tolerances given,false
3,1.000000e+00,0,43,CONTINUE,2.029046e-02,1.165078e-03,1.000000e-09,2.029046e-03,2.276906e-14,3.046824e-02,9.783633e-01,4.633673e-03,6.599495e-01,1.264971e-01,6.046008e-01,5.584091e+00,2.510000e-01,3.267321e+02,REACHED_FORCE,REACHED_FORCE,REACHED_FORCE,10,0,0,5,0,0,28,0,0,9.485051e-04,NaN,5.101126e-04,NaN,1.000333e-03,NaN,8.608292e-02,1.071205e-02,3.915250e+00,solution good enough for the tolerances given,solution good enough for the tolerances given,solution good enough for the tolerances given,false
3,3.162000e+00,0,29,CONTINUE,2.029046e-02,1.368595e-03,1.000000e-09,2.029046e-03,2.276906e-14,1.775925e-02,9.625342e-01,4.766420e-03,6.857787e-01,1.279347e-01,5.557630e-01,5.736500e+00,2.510000e-01,3.267321e+02,REACHED_FORCE,REACHED_FORCE,REACHED_FORCE,8,0,0,3,0,0,18,0,0,4.553537e-04,NaN,3.695727e-04,NaN,3.052030e-04,NaN,7.722589e-02,6.774644e-03,3.450830e+00,solution good enough for the tolerances given,solution good enough for the tolerances given,solution good enough for the tolerances given,false
3,1.000000e+01,0,20,CONTINUE,2.029046e-02,1.172315e-03,1.000000e-09,2.029046e-03,2.276906e-14,8.372590e-03,9.698008e-01,4.144388e-03,7.082222e-01,1.298216e-01,5.786116e-01,5.918077e+00,2.510000e-01,3.267321e+02,REACHED_FORCE,REACHED_FORCE,REACHED_FORCE,6,0,0,3,0,0,11,0,0,1.799875e-04,NaN,1.308115e-04,NaN,2.037540e-04,NaN,6.041519e-02,5.077247e-03,2.638283e+00,solution good enough for the tolerances given,solution good enough for the tolerances given,solution good enough for the tolerances given,false
3,3.162000e+01,0,13,CONTINUE,2.029046e-02,1.239920e-03,1.000000e-09,2.029046e-03,2.276906e-14,8.139329e-03,9.665708e-01,4.246833e-03,7.073954e-01,1.322481e-01,5.764632e-01,5.971830e+00,2.510000e-01,3.267321e+02,REACHED_FORCE,REACHED_FORCE,REACHED_FORCE,4,0,0,2,0,0,7,0,0,1.646776e-04,NaN,1.333255e-04,NaN,1.651494e-04,NaN,3.900686e-02,3.674913e-03,1.667453e+00,solution good enough for the tolerances given,solution good enough for the tolerances given,solution good enough for the tolerances given,false
3,1.000000e+02,0,10,CONTINUE,2.029046e-02,1.157268e-03,1.000000e-09,2.029046e-03,2.276906e-14,8.137863e-03,9.668415e-01,4.159190e-03,7.103131e-01,1.330386e-01,6.006518e-01,6.058735e+00,2.510000e-01,3.267321e+02,REACHED_FORCE,REACHED_FORCE,REACHED_FORCE,3,0,0,2,0,0,5,0,0,1.169299e-04,NaN,4.768099e-05,NaN,9.568940e-05,NaN,2.040224e-02,2.058835e-03,8.605616e-01,solution good enough for the tolerances given,solution good enough for the tolerances given,solution good enough for the tolerances given,false
3,3.162000e+02,0,7,CONTINUE,2.029046e-02,1.103328e-03,1.000000e-09,2.029046e-03,2.276906e-14,8.137861e-03,9.710509e-01,4.343243e-03,6.958047e-01,1.302087e-01,5.567381e-01,6.047526e+00,2.510000e-01,3.267321e+02,REACHED_FORCE,REACHED_FORCE,REACHED_FORCE,2,0,0,1,0,0,4,0,0,7.832366e-05,NaN,8.009911e-05,NaN,1.653845e-05,NaN,8.598393e-03,9.039696e-04,3.605616e-01,solution good enough for the tolerances given,solution good enough for the tolerances given,solution good enough for the tolerances given,false
3,1.000000e+03,0,6,CONTINUE,2.029046e-02,1.149362e-03,1.000000e-09,2.029046e-03,2.276906e-14,8.137861e-03,9.667021e-01,4.256510e-03,7.062784e-01,1.324821e-01,6.083004e-01,6.126238e+00,2.510000e-01,3.267321e+02,REACHED_FORCE,REACHED_FORCE,REACHED_FORCE,2,0,0,1,0,0,3,0,0,1.128510e-05,NaN,3.086417e-05,NaN,1.566081e-05,NaN,3.084857e-03,3.355201e-04,1.290906e-01,solution good enough for the tolerances given,solution good enough for the tolerances given,solution good enough for the tolerances given,false
3,3.162000e+03,0,4,CONTINUE,2.029046e-02,1.185423e-03,1.000000e-09,2.029046e-03,2.276906e-14,8.137861e-03,9.627741e-01,4.327142e-03,6.991533e-01,1.320490e-01,5.862059e-01,6.091668e+00,2.510000e-01,3.267321e+02,REACHED_FORCE,REACHED_FORCE,REACHED_FORCE,1,0,0,1,0,0,2,0,0,8.227254e-05,NaN,1.041809e-05,NaN,5.512041e-05,NaN,1.021588e-03,1.214954e-04,4.272087e-02,solution good enough for the tolerances given,solution good enough for the tolerances given,solution good enough for the tolerances given,false
3,1.000000e+04,0,4,CONTINUE,2.029046e-02,1.179556e-03,1.000000e-09,2.029046e-03,2.276906e-14,8.137861e-03,9.632142e-01,4.263564e-03,7.072108e-01,1.330499e-01,6.140200e-01,6.130001e+00,2.510000e-01,3.267321e+02,REACHED_FORCE,REACHED_FORCE,REACHED_FORCE,1,0,0,1,0,0,2,0,0,2.671642e-05,NaN,3.344773e-06,NaN,5.762486e-06,NaN,3.280190e-04,3.702477e-05,1.371415e-02,solution good enough for the tolerances given,solution good enough for the tolerances given,solution good enough for the tolerances given,false
3,3.162000e+04,0,4,CONTINUE,2.029046e-02,1.177825e-03,1.000000e-09,2.029046e-03,2.276906e-14,8.137861e-03,9.633233e-01,4.244066e-03,7.098606e-01,1.333846e-01,6.238095e-01,6.143215e+00,2.510000e-01,3.267321e+02,REACHED_FORCE,REACHED_FORCE,REACHED_FORCE,1,0,0,1,0,0,2,0,0,8.521256e-06,NaN,1.063626e-06,NaN,5.846151e-07,NaN,1.042509e-04,1.158059e-05,4.358326e-03,solution good enough for the tolerances given,solution good enough for the tolerances given,solution good enough for the tolerances given,false
3,1.000000e+05,0,3,CONTINUE,2.029046e-02,1.177941e-03,1.000000e-09,2.029046e-03,2.276906e-14,8.137861e-03,9.631618e-01,4.227042e-03,7.117072e-01,1.335821e-01,6.273632e-01,6.148659e+00,2.510000e-01,3.267321e+02,REACHED_FORCE,REACHED_FORCE,REACHED_FORCE,1,0,0,1,0,0,1,0,0,6.559015e-04,NaN,7.185616e-04,NaN,1.133607e-04,NaN,3.301589e-05,3.649676e-06,1.380236e-03,solution good enough for the tolerances given,solution good enough for the tolerances given,solution good enough for the tolerances given,true
3,3.162000e+05,0,3,CONTINUE,2.029046e-02,1.177330e-03,1.000000e-09,2.029046e-03,2.276906e-14,8.137861e-03,9.633029e-01,4.232592e-03,7.112945e-01,1.335551e-01,6.281497e-01,6.149245e+00,2.510000e-01,3.267321e+02,REACHED_FORCE,REACHED_FORCE,REACHED_FORCE,1,0,0,1,0,0,1,0,0,2.075726e-04,NaN,2.273729e-04,NaN,3.587550e-05,NaN,1.044665e-05,1.152923e-06,4.367213e-04,solution good enough for the tolerances given,solution good enough for the tolerances given,solution good enough for the tolerances given,false
3,1.000000e+06,0,3,CONTINUE,2.029046e-02,1.177137e-03,1.000000e-09,2.029046e-03,2.276906e-14,8.137861e-03,9.633475e-01,4.234348e-03,7.111639e-01,1.335466e-01,6.283991e-01,6.149431e+00,2.510000e-01,3.267321e+02,REACHED_FORCE,REACHED_FORCE,REACHED_FORCE,1,0,0,1,0,0,1,0,0,6.564847e-05,NaN,7.190770e-05,NaN,1.134629e-05,NaN,3.303749e-06,3.644236e-07,1.381127e-04,solution good enough for the tolerances given,solution good enough for the tolerances given,solution good enough for the tolerances given,false
3,3.162000e+06,0,3,CONTINUE,2.029046e-02,1.177077e-03,1.000000e-09,2.029046e-03,2.276906e-14,8.137861e-03,9.633616e-01,4.234904e-03,7.111227e-01,1.335439e-01,6.284780e-01,6.149490e+00,2.510000e-01,3.267321e+02,REACHED_FORCE,REACHED_FORCE,REACHED_FORCE,1,0,0,1,0,0,1,0,0,2.076339e-05,NaN,2.274277e-05,NaN,3.588573e-06,NaN,1.044881e-06,1.152379e-07,4.368105e-05,solution good enough for the tolerances given,solution good enough for the tolerances given,solution good enough for the tolerances given,false
3,1.000000e+07,0,3,CONTINUE,2.029046e-02,1.177057e-03,1.000000e-09,2.029046e-03,2.276906e-14,8.137861e-03,9.633661e-01,4.235079e-03,7.111096e-01,1.335430e-01,6.285030e-01,6.149509e+00,2.510000e-01,3.267321e+02,REACHED_FORCE,REACHED_FORCE,REACHED_FORCE,1,0,0,1,0,0,1,0,0,6.565812e-06,NaN,7.191705e-06,NaN,1.134731e-06,NaN,3.303965e-07,3.643693e-08,1.381216e-05,solution good enough for the tolerances given,solution good enough for the tolerances given,solution good enough for the tolerances given,false
3,3.162000e+07,0,3,CONTINUE,2.029046e-02,1.177051e-03,1.000000e-09,2.029046e-03,2.276906e-14,8.137861e-03,9.633675e-01,4.235135e-03,7.111055e-01,1.335427e-01,6.285108e-01,6.149514e+00,2.510000e-01,3.267321e+02,REACHED_FORCE,REACHED_FORCE,REACHED_FORCE,1,0,0,1,0,0,1,0,0,2.077776e-06,NaN,2.275839e-06,NaN,3.588675e-07,NaN,1.044903e-07,1.152325e-08,4.368194e-06,solution good enough for the tolerances given,solution good enough for the tolerances given,solution good enough for the tolerances given,false
3,1.000000e+08,0,3,CONTINUE,2.029046e-02,1.177049e-03,1.000000e-09,2.029046e-03,2.276906e-14,8.137861e-03,9.633680e-01,4.235153e-03,7.111042e-01,1.335427e-01,6.285133e-01,6.149516e+00,2.510000e-01,3.267321e+02,REACHED_FORCE,REACHED_FORCE,REACHED_FORCE,1,0,0,1,0,0,1,0,0,6.628976e-07,NaN,7.260877e-07,NaN,1.565047e-07,NaN,3.303987e-08,3.643638e-09,1.381225e-06,solution good enough for the tolerances given,solution good enough for the tolerances given,solution good enough for the tolerances given,false
3,3.162000e+08,0,3,CONTINUE,2.029046e-02,1.177049e-03,1.000000e-09,2.029046e-03,2.276906e-14,8.137861e-03,9.633681e-01,4.235158e-03,7.111038e-01,1.335426e-01,6.285141e-01,6.149517e+00,2.510000e-01,3.267321e+02,REACHED_FORCE,REACHED_FORCE,REACHED_FORCE,1,0,0,1,0,0,1,0,0,2.217476e-07,NaN,2.428854e-07,NaN,5.245484e-07,NaN,1.044905e-08,1.152319e-09,4.368203e-07,solution good enough for the tolerances given,solution good enough for the tolerances given,solution good enough for the tolerances given,false
3,1.000000e+09,0,3,CONTINUE,2.029046e-02,1.177048e-03,1.000000e-09,2.029046e-03,2.276906e-14,8.137861e-03,9.633681e-01,4.235159e-03,7.111036e-01,1.335426e-01,6.285143e-01,6.149517e+00,2.510000e-01,3.267321e+02,REACHED_FORCE,REACHED_FORCE,REACHED_FORCE,1,0,0,1,0,0,1,0,0,1.132976e-07,NaN,1.240975e-07,NaN,1.778422e-06,NaN,3.303989e-09,3.643632e-10,1.381226e-07,solution good enough for the tolerances given,solution good enough for the tolerances given,solution good enough for the tolerances given,false
3,3.162000e+09,0,3,CONTINUE,2.029046e-02,1.177049e-03,1.000000e-09,2.029046e-03,2.276906e-14,8.137861e-03,9.633681e-01,4.235159e-03,7.111037e-01,1.335426e-01,6.285141e-01,6.149517e+00,2.510000e-01,3.267321e+02,REACHED_FORCE,REACHED_FORCE,REACHED_FORCE,1,0,0,1,0,0,1,0,0,1.392963e-07,NaN,1.525746e-07,NaN,6.870262e-06,NaN,1.044905e-09,1.152318e-10,4.368204e-08,solution good enough for the tolerances given,solution good enough for the tolerances given,solution good enough for the tolerances given,false
3,1.000000e+10,0,3,CONTINUE,2.029046e-02,1.177048e-03,1.000000e-09,2.029046e-03,2.276906e-14,8.137861e-03,9.633682e-01,4.235158e-03,7.111037e-01,1.335426e-01,6.285140e-01,6.149517e+00,2.510000e-01,3.267321e+02,REACHED_FORCE,REACHED_FORCE,REACHED_FORCE,1,0,0,1,0,0,1,0,0,3.188605e-07,NaN,2.982313e-07,NaN,1.715343e-05,NaN,3.303990e-10,3.643629e-11,1.381226e-08,solution good enough for the tolerances given,solution good enough for the tolerances given,solution good enough for the tolerances given,false
4,1.000000e+00,0,150,CONTINUE,1.177941e-03,4.328573e-04,1.000000e-09,1.177941e-04,2.222527e-14,1.153456e-02,6.847204e-01,7.674557e-03,2.619717e-01,1.695166e-01,4.028075e+00,4.192136e+00,2.510000e-01,9.676405e+03,REACHED_FORCE,REACHED_FORCE,REACHED_FORCE,17,0,0,17,12,1,84,20,1,1.091832e-04,NaN,1.179973e-04,5.509882e-05,1.828309e-04,7.026026e-05,3.063772e-03,3.184802e-03,1.644439e+00,solution good enough for the tolerances given,solution good enough for the tolerances given,solution good enough for the tolerances given,false
4,3.162000e+00,0,89,CONTINUE,1.177941e-03,5.045270e-04,1.000000e-09,1.177941e-04,2.222527e-14,5.334270e-03,6.006368e-01,6.999375e-03,2.443364e-01,1.587105e-01,3.924027e+00,4.342223e+00,2.510000e-01,9.676405e+03,REACHED_FORCE,REACHED_FORCE,REACHED_FORCE,15,0,0,9,0,0,54,11,1,1.098382e-04,NaN,5.255594e-05,NaN,1.214295e-04,4.091134e-05,2.990848e-03,2.828308e-03,1.572797e+00,solution good enough for the tolerances given,solution good enough for the tolerances given,solution good enough for the tolerances given,false
4,1.000000e+01,0,53,CONTINUE,1.177941e-03,4.044061e-04,1.000000e-09,1.177941e-04,2.222527e-14,2.623659e-03,6.761377e-01,6.764497e-03,2.041247e-01,1.295227e-01,3.980841e+00,3.974741e+00,2.510000e-01,9.676405e+03,REACHED_FORCE,REACHED_FORCE,REACHED_FORCE,12,0,0,6,0,0,35,0,0,4.864777e-05,NaN,3.924997e-05,NaN,4.162237e-05,NaN,2.822235e-03,1.466860e-03,1.408921e+00,solution good enough for the tolerances given,solution good enough for the tolerances given,solution good enough for the tolerances given,false
4,3.162000e+01,0,34,CONTINUE,1.177941e-03,3.382934e-04,1.000000e-09,1.177941e-04,2.222527e-14,6.467749e-04,7.370746e-01,6.803610e-03,1.720761e-01,1.201646e-01,4.045329e+00,3.730242e+00,2.510000e-01,9.676405e+03,REACHED_FORCE,REACHED_FORCE,REACHED_FORCE,8,0,0,5,0,0,21,0,0,2.760374e-05,NaN,3.659980e-05,NaN,2.114168e-05,NaN,2.459549e-03,9.571918e-04,1.112231e+00,solution good enough for the tolerances given,solution good enough for the tolerances given,solution good enough for the tolerances given,false
4,1.000000e+02,0,22,CONTINUE,1.177941e-03,3.102849e-04,1.000000e-09,1.177941e-04,2.222527e-14,5.497459e-04,7.641190e-01,6.795400e-03,1.662818e-01,1.161294e-01,4.117391e+00,3.597720e+00,2.510000e-01,9.676405e+03,REACHED_FORCE,REACHED_FORCE,REACHED_FORCE,5,0,0,4,0,0,13,0,0,2.561363e-05,NaN,1.836080e-05,NaN,1.163333e-05,NaN,1.881301e-03,7.840966e-04,7.246833e-01,solution good enough for the tolerances given,solution good enough for the tolerances given,solution good enough for the tolerances given,false
4,3.162000e+02,0,15,CONTINUE,1.177941e-03,2.913897e-04,1.000000e-09,1.177941e-04,2.222527e-14,5.491337e-04,7.763493e-01,6.766833e-03,1.599008e-01,1.140219e-01,4.161102e+00,3.529644e+00,2.510000e-01,9.676405e+03,REACHED_FORCE,REACHED_FORCE,REACHED_FORCE,4,0,0,3,0,0,8,0,0,7.565032e-06,NaN,1.336636e-05,NaN,1.619054e-05,NaN,1.290664e-03,5.024138e-04,3.968622e-01,solution good enough for the tolerances given,solution good enough for the tolerances given,solution good enough for the tolerances given,false
4,1.000000e+03,0,10,CONTINUE,1.177941e-03,3.065585e-04,1.000000e-09,1.177941e-04,2.222527e-14,5.491332e-04,7.635717e-01,6.714658e-03,1.643838e-01,1.133913e-01,4.123249e+00,3.579770e+00,2.510000e-01,9.676405e+03,REACHED_FORCE,REACHED_FORCE,REACHED_FORCE,3,0,0,2,0,0,5,0,0,4.612896e-06,NaN,1.561840e-05,NaN,1.683897e-05,NaN,8.285625e-04,2.970463e-04,2.088026e-01,solution good enough for the tolerances given,solution good enough for the tolerances given,solution good enough for the tolerances given,false
4,3.162000e+03,0,8,CONTINUE,1.177941e-03,3.111305e-04,1.000000e-09,1.177941e-04,2.222527e-14,5.491332e-04,7.624151e-01,6.675526e-03,1.793746e-01,1.117962e-01,4.179019e+00,3.536653e+00,2.510000e-01,9.676405e+03,REACHED_FORCE,REACHED_FORCE,REACHED_FORCE,2,0,0,2,0,0,4,0,0,3.583542e-06,NaN,3.553056e-06,NaN,2.915757e-06,NaN,4.429326e-04,1.433222e-04,1.020690e-01,solution good enough for the tolerances given,solution good enough for the tolerances given,solution good enough for the tolerances given,false
4,1.000000e+04,0,6,CONTINUE,1.177941e-03,3.082322e-04,1.000000e-09,1.177941e-04,2.222527e-14,5.491332e-04,7.625818e-01,6.670875e-03,1.730489e-01,1.114975e-01,4.136686e+00,3.560970e+00,2.510000e-01,9.676405e+03,REACHED_FORCE,REACHED_FORCE,REACHED_FORCE,2,0,0,1,0,0,3,0,0,4.514744e-07,NaN,4.187102e-06,NaN,5.030790e-06,NaN,1.837341e-04,5.500099e-05,4.118181e-02,solution good enough for the tolerances given,solution good enough for the tolerances given,solution good enough for the tolerances given,false
4,3.162000e+04,0,5,CONTINUE,1.177941e-03,3.184533e-04,1.000000e-09,1.177941e-04,2.222527e-14,5.491332e-04,7.570432e-01,6.693179e-03,1.936565e-01,1.132013e-01,4.199077e+00,3.547043e+00,2.510000e-01,9.676405e+03,REACHED_FORCE,REACHED_FORCE,REACHED_FORCE,1,0,0,1,0,0,3,0,0,9.507971e-06,NaN,2.000853e-06,NaN,1.723445e-07,NaN,6.464679e-05,2.141547e-05,1.437084e-02,solution good enough for the tolerances given,solution good enough for the tolerances given,solution good enough for the tolerances given,false
4,1.000000e+05,0,4,CONTINUE,1.177941e-03,3.107102e-04,1.000000e-09,1.177941e-04,2.222527e-14,5.491332e-04,7.626789e-01,6.650480e-03,1.836718e-01,1.106938e-01,4.190878e+00,3.521727e+00,2.510000e-01,9.676405e+03,REACHED_FORCE,REACHED_FORCE,REACHED_FORCE,1,0,0,1,0,0,2,0,0,3.114798e-06,NaN,1.601683e-06,NaN,1.420675e-06,NaN,2.120189e-05,6.427412e-06,4.701219e-03,solution good enough for the tolerances given,solution good enough for the tolerances given,solution good enough for the tolerances given,false
4,3.162000e+05,0,4,CONTINUE,1.177941e-03,3.081017e-04,1.000000e-09,1.177941e-04,2.222527e-14,5.491332e-04,7.645811e-01,6.636982e-03,1.802167e-01,1.098925e-01,4.187606e+00,3.513780e+00,2.510000e-01,9.676405e+03,REACHED_FORCE,REACHED_FORCE,REACHED_FORCE,1,0,0,1,0,0,2,0,0,9.961771e-07,NaN,1.699399e-07,NaN,1.434406e-07,NaN,6.785226e-06,1.994173e-06,1.503337e-03,solution good enough for the tolerances given,solution good enough for the tolerances given,solution good enough for the tolerances given,false
4,1.000000e+06,0,4,CONTINUE,1.177941e-03,3.072585e-04,1.000000e-09,1.177941e-04,2.222527e-14,5.491332e-04,7.651962e-01,6.632735e-03,1.790903e-01,1.096393e-01,4.186490e+00,3.511285e+00,2.510000e-01,9.676405e+03,REACHED_FORCE,REACHED_FORCE,REACHED_FORCE,1,0,0,1,0,0,2,0,0,3.161209e-07,NaN,5.288349e-08,NaN,1.438432e-08,NaN,2.153623e-06,6.265665e-07,4.770384e-04,solution good enough for the tolerances given,solution good enough for the tolerances given,solution good enough for the tolerances given,false
4,3.162000e+06,0,4,CONTINUE,1.177941e-03,3.069901e-04,1.000000e-09,1.177941e-04,2.222527e-14,5.491332e-04,7.653920e-01,6.631395e-03,1.787307e-01,1.095592e-01,4.186129e+00,3.510498e+00,2.510000e-01,9.676405e+03,REACHED_FORCE,REACHED_FORCE,REACHED_FORCE,1,0,0,1,0,0,2,0,0,1.000886e-07,NaN,1.663860e-08,NaN,9.691095e-09,NaN,6.819128e-07,1.977517e-07,1.510352e-04,solution good enough for the tolerances given,solution good enough for the tolerances given,solution good enough for the tolerances given,false
4,1.000000e+07,0,3,CONTINUE,1.177941e-03,3.069315e-04,1.000000e-09,1.177941e-04,2.222527e-14,5.491332e-04,7.654197e-01,6.631373e-03,1.786222e-01,1.095537e-01,4.186023e+00,3.510454e+00,2.510000e-01,9.676405e+03,REACHED_FORCE,REACHED_FORCE,REACHED_FORCE,1,0,0,1,0,0,1,0,0,8.183811e-06,NaN,1.218457e-05,NaN,6.682248e-06,NaN,2.157027e-07,6.248269e-08,4.777429e-05,solution good enough for the tolerances given,solution good enough for the tolerances given,solution good enough for the tolerances given,true
4,3.162000e+07,0,3,CONTINUE,1.177941e-03,3.068865e-04,1.000000e-09,1.177941e-04,2.222527e-14,5.491332e-04,7.654629e-01,6.630964e-03,1.785823e-01,1.095322e-01,4.185980e+00,3.510236e+00,2.510000e-01,9.676405e+03,REACHED_FORCE,REACHED_FORCE,REACHED_FORCE,1,0,0,1,0,0,1,0,0,2.588567e-06,NaN,3.853855e-06,NaN,2.113544e-06,NaN,6.822537e-08,1.975772e-08,1.511058e-05,solution good enough for the tolerances given,solution good enough for the tolerances given,solution good enough for the tolerances given,false
4,1.000000e+08,0,3,CONTINUE,1.177941e-03,3.068722e-04,1.000000e-09,1.177941e-04,2.222527e-14,5.491332e-04,7.654765e-01,6.630835e-03,1.785697e-01,1.095253e-01,4.185966e+00,3.510167e+00,2.510000e-01,9.676405e+03,REACHED_FORCE,REACHED_FORCE,REACHED_FORCE,1,0,0,1,0,0,1,0,0,8.201797e-07,NaN,1.221066e-06,NaN,6.683271e-07,NaN,2.157368e-08,6.247113e-09,4.778135e-06,solution good enough for the tolerances given,solution good enough for the tolerances given,solution good enough for the tolerances given,false
4,3.162000e+08,0,3,CONTINUE,1.177941e-03,3.068677e-04,1.000000e-09,1.177941e-04,2.222527e-14,5.491332e-04,7.654808e-01,6.630794e-03,1.785657e-01,1.095232e-01,4.185962e+00,3.510145e+00,2.510000e-01,9.676405e+03,REACHED_FORCE,REACHED_FORCE,REACHED_FORCE,1,0,0,1,0,0,1,0,0,2.652873e-07,NaN,3.949523e-07,NaN,1.327502e-06,NaN,6.822878e-09,1.975656e-09,1.511129e-06,solution good enough for the tolerances given,solution good enough for the tolerances given,solution good enough for the tolerances given,false
4,1.000000e+09,0,3,CONTINUE,1.177941e-03,3.068663e-04,1.000000e-09,1.177941e-04,2.222527e-14,5.491332e-04,7.654822e-01,6.630781e-03,1.785644e-01,1.095225e-01,4.185961e+00,3.510138e+00,2.510000e-01,9.676405e+03,REACHED_FORCE,REACHED_FORCE,REACHED_FORCE,1,0,0,1,0,0,1,0,0,1.005892e-07,NaN,1.497542e-07,NaN,2.810785e-06,NaN,2.157402e-09,6.246997e-10,4.778206e-07,solution good enough for the tolerances given,solution good enough for the tolerances given,solution good enough for the tolerances given,false
4,3.162000e+09,0,3,CONTINUE,1.177941e-03,3.068658e-04,1.000000e-09,1.177941e-04,2.222527e-14,5.491332e-04,7.654827e-01,6.630777e-03,1.785640e-01,1.095223e-01,4.185960e+00,3.510136e+00,2.510000e-01,9.676405e+03,REACHED_FORCE,REACHED_FORCE,REACHED_FORCE,1,0,0,1,0,0,1,0,0,6.793340e-08,NaN,1.011371e-07,NaN,8.865610e-06,NaN,6.822912e-10,1.975645e-10,1.511136e-07,solution good enough for the tolerances given,solution good enough for the tolerances given,solution good enough for the tolerances given,false
4,1.000000e+10,0,3,CONTINUE,1.177941e-03,3.068656e-04,1.000000e-09,1.177941e-04,2.222527e-14,5.491332e-04,7.654829e-01,6.630775e-03,1.785638e-01,1.095222e-01,4.185959e+00,3.510135e+00,2.510000e-01,9.676405e+03,REACHED_FORCE,REACHED_FORCE,REACHED_FORCE,1,0,0,1,0,0,1,0,0,1.154981e-07,NaN,1.719500e-07,NaN,3.388791e-05,NaN,2.157406e-10,6.246987e-11,4.778213e-08,solution good enough for the tolerances given,solution good enough for the tolerances given,solution good enough for the tolerances given,false
5,1.000000e+00,0,158,CONTINUE,3.069315e-04,9.481773e-05,1.000000e-09,3.069315e-05,2.220934e-14,1.564356e-02,7.291267e-01,7.703813e-03,4.643900e-02,3.690441e-02,8.682321e-01,3.436039e+00,2.510000e-01,9.913140e+03,REACHED_FORCE,REACHED_FORCE,REACHED_FORCE,26,11,1,29,0,0,92,0,0,3.293006e-05,1.031157e-05,1.222019e-05,NaN,1.247344e-05,NaN,2.978705e-03,6.064716e-03,2.958183e+01,solution good enough for the tolerances given,solution good enough for the tolerances given,solution good enough for the tolerances given,false
5,3.162000e+00,0,93,CONTINUE,3.069315e-04,9.496033e-05,1.000000e-09,3.069315e-05,2.220934e-14,6.059277e-03,7.190648e-01,7.771963e-03,4.412501e-02,4.039008e-02,8.625562e-01,3.472811e+00,2.510000e-01,9.913140e+03,REACHED_FORCE,REACHED_FORCE,REACHED_FORCE,18,0,0,20,0,0,55,0,0,1.696433e-05,NaN,8.178632e-06,NaN,9.844934e-06,NaN,2.766279e-03,4.975845e-03,1.998413e+01,solution good enough for the tolerances given,solution good enough for the tolerances given,solution good enough for the tolerances given,false
5,1.000000e+01,0,56,CONTINUE,3.069315e-04,9.321552e-05,1.000000e-09,3.069315e-05,2.220934e-14,1.553401e-03,7.211132e-01,7.732828e-03,4.298289e-02,3.875377e-02,8.551308e-01,3.455365e+00,2.510000e-01,9.913140e+03,REACHED_FORCE,REACHED_FORCE,REACHED_FORCE,11,0,0,13,0,0,32,0,0,1.391490e-05,NaN,4.411536e-06,NaN,8.177715e-06,NaN,2.386835e-03,3.426470e-03,1.069079e+01,solution good enough for the tolerances given,solution good enough for the tolerances given,solution good enough for the tolerances given,false
5,3.162000e+01,0,34,CONTINUE,3.069315e-04,9.181920e-05,1.000000e-09,3.069315e-05,2.220934e-14,1.356993e-03,7.254011e-01,7.689847e-03,4.232244e-02,3.678001e-02,8.498993e-01,3.437076e+00,2.510000e-01,9.913140e+03,REACHED_FORCE,REACHED_FORCE,REACHED_FORCE,7,0,0,8,0,0,19,0,0,8.750770e-06,NaN,3.346011e-06,NaN,5.586097e-06,NaN,1.860237e-03,1.995585e-03,5.051293e+00,solution good enough for the tolerances given,solution good enough for the tolerances given,solution good enough for the tolerances given,false
5,1.000000e+02,0,22,CONTINUE,3.069315e-04,9.163028e-05,1.000000e-09,3.069315e-05,2.220934e-14,1.353544e-03,7.216335e-01,7.620981e-03,4.283121e-02,3.436619e-02,8.514544e-01,3.406804e+00,2.510000e-01,9.913140e+03,REACHED_FORCE,REACHED_FORCE,REACHED_FORCE,5,0,0,5,0,0,12,0,0,5.843897e-06,NaN,3.373811e-06,NaN,2.236056e-06,NaN,1.381592e-03,9.374617e-04,2.156697e+00,solution good enough for the tolerances given,solution good enough for the tolerances given,solution good enough for the tolerances given,false
5,3.162000e+02,0,15,CONTINUE,3.069315e-04,9.101020e-05,1.000000e-09,3.069315e-05,2.220934e-14,1.353542e-03,7.242861e-01,7.610515e-03,4.180120e-02,3.373259e-02,8.398707e-01,3.406905e+00,2.510000e-01,9.913140e+03,REACHED_FORCE,REACHED_FORCE,REACHED_FORCE,4,0,0,4,0,0,7,0,0,1.496048e-06,NaN,1.566393e-06,NaN,4.933357e-06,NaN,9.705130e-04,4.207357e-04,8.950814e-01,solution good enough for the tolerances given,solution good enough for the tolerances given,solution good enough for the tolerances given,false
5,1.000000e+03,0,11,CONTINUE,3.069315e-04,9.071780e-05,1.000000e-09,3.069315e-05,2.220934e-14,1.353542e-03,7.254717e-01,7.605788e-03,4.174309e-02,3.347052e-02,8.398827e-01,3.404301e+00,2.510000e-01,9.913140e+03,REACHED_FORCE,REACHED_FORCE,REACHED_FORCE,3,0,0,3,0,0,5,0,0,7.110587e-07,NaN,4.853269e-07,NaN,3.529975e-06,NaN,5.580367e-04,1.819788e-04,3.858095e-01,solution good enough for the tolerances given,solution good enough for the tolerances given,solution good enough for the tolerances given,false
5,3.162000e+03,0,8,CONTINUE,3.069315e-04,9.122505e-05,1.000000e-09,3.069315e-05,2.220934e-14,1.353542e-03,7.254132e-01,7.608933e-03,4.207340e-02,3.354557e-02,8.382582e-01,3.406664e+00,2.510000e-01,9.913140e+03,REACHED_FORCE,REACHED_FORCE,REACHED_FORCE,2,0,0,2,0,0,4,0,0,1.007790e-06,NaN,4.103967e-07,NaN,5.890148e-07,NaN,2.441833e-04,7.112843e-05,1.527111e-01,solution good enough for the tolerances given,solution good enough for the tolerances given,solution good enough for the tolerances given,false
5,1.000000e+04,0,6,CONTINUE,3.069315e-04,8.954315e-05,1.000000e-09,3.069315e-05,2.220934e-14,1.353542e-03,7.343538e-01,7.555358e-03,4.160096e-02,3.091264e-02,8.356074e-01,3.378147e+00,2.510000e-01,9.913140e+03,REACHED_FORCE,REACHED_FORCE,REACHED_FORCE,2,0,0,1,0,0,3,0,0,2.831157e-07,NaN,3.409709e-06,NaN,1.132781e-06,NaN,8.818332e-05,2.423727e-05,5.348625e-02,solution good enough for the tolerances given,solution good enough for the tolerances given,solution good enough for the tolerances given,false
5,3.162000e+04,0,5,CONTINUE,3.069315e-04,9.153713e-05,1.000000e-09,3.069315e-05,2.220934e-14,1.353542e-03,7.266142e-01,7.644946e-03,4.274155e-02,3.490049e-02,8.434448e-01,3.418560e+00,2.510000e-01,9.913140e+03,REACHED_FORCE,REACHED_FORCE,REACHED_FORCE,1,0,0,1,0,0,3,0,0,3.291843e-06,NaN,1.084076e-06,NaN,3.728172e-08,NaN,2.921190e-05,7.741708e-06,1.755178e-02,solution good enough for the tolerances given,solution good enough for the tolerances given,solution good enough for the tolerances given,false
5,1.000000e+05,0,4,CONTINUE,3.069315e-04,9.096932e-05,1.000000e-09,3.069315e-05,2.220934e-14,1.353542e-03,7.258360e-01,7.614752e-03,4.201275e-02,3.378168e-02,8.395991e-01,3.407839e+00,2.510000e-01,9.913140e+03,REACHED_FORCE,REACHED_FORCE,REACHED_FORCE,1,0,0,1,0,0,2,0,0,1.057041e-06,NaN,3.509002e-07,NaN,9.966973e-07,NaN,9.377927e-06,2.506757e-06,5.618067e-03,solution good enough for the tolerances given,solution good enough for the tolerances given,solution good enough for the tolerances given,false
5,3.162000e+05,0,4,CONTINUE,3.069315e-04,9.078775e-05,1.000000e-09,3.069315e-05,2.220934e-14,1.353542e-03,7.255734e-01,7.605305e-03,4.177708e-02,3.343283e-02,8.384178e-01,3.404508e+00,2.510000e-01,9.913140e+03,REACHED_FORCE,REACHED_FORCE,REACHED_FORCE,1,0,0,1,0,0,2,0,0,3.358031e-07,NaN,1.120755e-07,NaN,1.000026e-07,NaN,2.980230e-06,7.991452e-07,1.783718e-03,solution good enough for the tolerances given,solution good enough for the tolerances given,solution good enough for the tolerances given,false
5,1.000000e+06,0,4,CONTINUE,3.069315e-04,9.073004e-05,1.000000e-09,3.069315e-05,2.220934e-14,1.353542e-03,7.254891e-01,7.602318e-03,4.170207e-02,3.332262e-02,8.380482e-01,3.403456e+00,2.510000e-01,9.913140e+03,REACHED_FORCE,REACHED_FORCE,REACHED_FORCE,1,0,0,1,0,0,2,0,0,1.063331e-07,NaN,3.554961e-08,NaN,1.000847e-08,NaN,9.437993e-07,2.533418e-07,5.647139e-04,solution good enough for the tolerances given,solution good enough for the tolerances given,solution good enough for the tolerances given,false
5,3.162000e+06,0,4,CONTINUE,3.069315e-04,9.071177e-05,1.000000e-09,3.069315e-05,2.220934e-14,1.353542e-03,7.254623e-01,7.601374e-03,4.167830e-02,3.328778e-02,8.379318e-01,3.403123e+00,2.510000e-01,9.913140e+03,REACHED_FORCE,REACHED_FORCE,REACHED_FORCE,1,0,0,1,0,0,2,0,0,3.364367e-08,NaN,1.125393e-08,NaN,1.042594e-08,NaN,2.986271e-07,8.018641e-08,1.786643e-04,solution good enough for the tolerances given,solution good enough for the tolerances given,solution good enough for the tolerances given,false
5,1.000000e+07,0,4,CONTINUE,3.069315e-04,9.070599e-05,1.000000e-09,3.069315e-05,2.220934e-14,1.353542e-03,7.254538e-01,7.601075e-03,4.167078e-02,3.327677e-02,8.378950e-01,3.403018e+00,2.510000e-01,9.913140e+03,REACHED_FORCE,REACHED_FORCE,REACHED_FORCE,1,0,0,1,0,0,2,0,0,1.063966e-08,NaN,3.559612e-09,NaN,3.777853e-08,NaN,9.444043e-08,2.536153e-08,5.650069e-05,solution good enough for the tolerances given,solution good enough for the tolerances given,solution good enough for the tolerances given,false
5,3.162000e+07,0,3,CONTINUE,3.069315e-04,9.070351e-05,1.000000e-09,3.069315e-05,2.220934e-14,1.353542e-03,7.254559e-01,7.600934e-03,4.166824e-02,3.327100e-02,8.378820e-01,3.402960e+00,2.510000e-01,9.913140e+03,REACHED_FORCE,REACHED_FORCE,REACHED_FORCE,1,0,0,1,0,0,1,0,0,3.126261e-07,NaN,5.738094e-07,NaN,2.615700e-06,NaN,2.986876e-08,8.021391e-09,1.786936e-05,solution good enough for the tolerances given,solution good enough for the tolerances given,solution good enough for the tolerances given,true
5,1.000000e+08,0,3,CONTINUE,3.069315e-04,9.070337e-05,1.000000e-09,3.069315e-05,2.220934e-14,1.353542e-03,7.254518e-01,7.600936e-03,4.166760e-02,3.327146e-02,8.378793e-01,3.402967e+00,2.510000e-01,9.913140e+03,REACHED_FORCE,REACHED_FORCE,REACHED_FORCE,1,0,0,1,0,0,1,0,0,9.935626e-08,NaN,1.823771e-07,NaN,8.270932e-07,NaN,9.444649e-09,2.536428e-09,5.650362e-06,solution good enough for the tolerances given,solution good enough for the tolerances given,solution good enough for the tolerances given,false
5,3.162000e+08,0,3,CONTINUE,3.069315e-04,9.070333e-05,1.000000e-09,3.069315e-05,2.220934e-14,1.353542e-03,7.254505e-01,7.600937e-03,4.166740e-02,3.327161e-02,8.378784e-01,3.402969e+00,2.510000e-01,9.913140e+03,REACHED_FORCE,REACHED_FORCE,REACHED_FORCE,1,0,0,1,0,0,1,0,0,3.281941e-08,NaN,6.024431e-08,NaN,1.150941e-06,NaN,2.986937e-09,8.021658e-10,1.786965e-06,solution good enough for the tolerances given,solution good enough for the tolerances given,solution good enough for the tolerances given,false
5,1.000000e+09,0,3,CONTINUE,3.069315e-04,9.070332e-05,1.000000e-09,3.069315e-05,2.220934e-14,1.353542e-03,7.254501e-01,7.600937e-03,4.166733e-02,3.327166e-02,8.378781e-01,3.402969e+00,2.510000e-01,9.913140e+03,REACHED_FORCE,REACHED_FORCE,REACHED_FORCE,1,0,0,1,0,0,1,0,0,1.583654e-08,NaN,2.907026e-08,NaN,3.096133e-06,NaN,9.444709e-10,2.536455e-10,5.650391e-07,solution good enough for the tolerances given,solution good enough for the tolerances given,solution good enough for the tolerances given,false
5,3.162000e+09,0,3,CONTINUE,3.069315e-04,9.070332e-05,1.000000e-09,3.069315e-05,2.220934e-14,1.353542e-03,7.254500e-01,7.600937e-03,4.166731e-02,3.327167e-02,8.378781e-01,3.402969e+00,2.510000e-01,9.913140e+03,REACHED_FORCE,REACHED_FORCE,REACHED_FORCE,1,0,0,1,0,0,1,0,0,2.085074e-08,NaN,3.827464e-08,NaN,8.682447e-06,NaN,2.986943e-10,8.021685e-11,1.786968e-07,solution good enough for the tolerances given,solution good enough for the tolerances given,solution good enough for the tolerances given,false
5,1.000000e+10,0,4,CONTINUE,3.069315e-04,9.070333e-05,1.000000e-09,3.069315e-05,2.220934e-14,1.353542e-03,7.254499e-01,7.600938e-03,4.166730e-02,3.327171e-02,8.378781e-01,3.402970e+00,2.510000e-01,9.913140e+03,REACHED_FORCE,REACHED_FORCE,REACHED_FORCE,1,0,0,1,0,0,1,1,1,3.086811e-09,NaN,3.925054e-09,NaN,3.125137e-05,1.243272e-11,9.444716e-11,2.536458e-11,5.650395e-08,solution good enough for the tolerances given,solution good enough for the tolerances given,solution good enough for the tolerances given,false
6,1.000000e+00,0,171,CONTINUE,9.070351e-05,4.028796e-05,1.000000e-09,9.070351e-06,2.220580e-14,1.413506e-02,6.098375e-01,8.745329e-03,1.392520e-02,5.357863e-02,8.460320e-01,3.702441e+00,2.510000e-01,5.353461e+05,REACHED_FORCE,REACHED_FORCE,REACHED_FORCE,37,0,0,28,0,0,106,0,0,5.606622e-06,NaN,3.395971e-06,NaN,4.270895e-06,NaN,3.552135e-03,2.246020e-03,4.651709e+00,solution good enough for the tolerances given,solution good enough for the tolerances given,solution good enough for the tolerances given,false
6,3.162000e+00,0,106,CONTINUE,9.070351e-05,3.920908e-05,1.000000e-09,9.070351e-06,2.220580e-14,5.330346e-03,6.059182e-01,8.582553e-03,1.390078e-02,4.628557e-02,7.788397e-01,3.634791e+00,2.510000e-01,5.353461e+05,REACHED_FORCE,REACHED_FORCE,REACHED_FORCE,24,0,0,18,0,0,64,0,0,3.139402e-06,NaN,1.802666e-06,NaN,2.369034e-06,NaN,3.063191e-03,1.650631e-03,3.670477e+00,solution good enough for the tolerances given,solution good enough for the tolerances given,solution good enough for the tolerances given,false
6,1.000000e+01,0,65,CONTINUE,9.070351e-05,3.874731e-05,1.000000e-09,9.070351e-06,2.220580e-14,1.802701e-03,6.069377e-01,8.529116e-03,1.382676e-02,4.368756e-02,7.557978e-01,3.612523e+00,2.510000e-01,5.353461e+05,REACHED_FORCE,REACHED_FORCE,REACHED_FORCE,15,0,0,12,0,0,38,0,0,1.859176e-06,NaN,1.303839e-06,NaN,1.561705e-06,NaN,2.238367e-03,1.108413e-03,2.361751e+00,solution good enough for the tolerances given,solution good enough for the tolerances given,solution good enough for the tolerances given,false
6,3.162000e+01,0,39,CONTINUE,9.070351e-05,3.869807e-05,1.000000e-09,9.070351e-06,2.220580e-14,1.548645e-03,6.084192e-01,8.540559e-03,1.375266e-02,4.411094e-02,7.579823e-01,3.617258e+00,2.510000e-01,5.353461e+05,REACHED_FORCE,REACHED_FORCE,REACHED_FORCE,9,0,0,8,0,0,22,0,0,1.887363e-06,NaN,9.394872e-07,NaN,1.081839e-06,NaN,1.425815e-03,6.311227e-04,1.219038e+00,solution good enough for the tolerances given,solution good enough for the tolerances given,solution good enough for the tolerances given,false
6,1.000000e+02,0,24,CONTINUE,9.070351e-05,3.860502e-05,1.000000e-09,9.070351e-06,2.220580e-14,1.521535e-03,6.079579e-01,8.522690e-03,1.375581e-02,4.330823e-02,7.513365e-01,3.609812e+00,2.510000e-01,5.353461e+05,REACHED_FORCE,REACHED_FORCE,REACHED_FORCE,6,0,0,5,0,0,13,0,0,9.252160e-07,NaN,9.797404e-07,NaN,1.458080e-06,NaN,9.558846e-04,3.092586e-04,5.440124e-01,solution good enough for the tolerances given,solution good enough for the tolerances given,solution good enough for the tolerances given,false
6,3.162000e+02,0,16,CONTINUE,9.070351e-05,3.885775e-05,1.000000e-09,9.070351e-06,2.220580e-14,1.519017e-03,6.081930e-01,8.592852e-03,1.365163e-02,4.660282e-02,7.778735e-01,3.638945e+00,2.510000e-01,5.353461e+05,REACHED_FORCE,REACHED_FORCE,REACHED_FORCE,4,0,0,4,0,0,8,0,0,1.453897e-06,NaN,3.656230e-07,NaN,1.152485e-06,NaN,6.573916e-04,1.596506e-04,2.278644e-01,solution good enough for the tolerances given,solution good enough for the tolerances given,solution good enough for the tolerances given,false
6,1.000000e+03,0,12,CONTINUE,9.070351e-05,3.879238e-05,1.000000e-09,9.070351e-06,2.220580e-14,1.518938e-03,6.077487e-01,8.578236e-03,1.365536e-02,4.595105e-02,7.719135e-01,3.632889e+00,2.510000e-01,5.353461e+05,REACHED_FORCE,REACHED_FORCE,REACHED_FORCE,3,0,0,3,0,0,6,0,0,5.128360e-07,NaN,1.221219e-07,NaN,1.960206e-07,NaN,3.691082e-04,7.266954e-05,8.890500e-02,solution good enough for the tolerances given,solution good enough for the tolerances given,solution good enough for the tolerances given,false
6,3.162000e+03,0,8,CONTINUE,9.070351e-05,3.875602e-05,1.000000e-09,9.070351e-06,2.220580e-14,1.518934e-03,6.088091e-01,8.578537e-03,1.364015e-02,4.587641e-02,7.710940e-01,3.632897e+00,2.510000e-01,5.353461e+05,REACHED_FORCE,REACHED_FORCE,REACHED_FORCE,2,0,0,2,0,0,4,0,0,3.744321e-07,NaN,1.468103e-07,NaN,3.898776e-07,NaN,1.574865e-04,2.856375e-05,3.154859e-02,solution good enough for the tolerances given,solution good enough for the tolerances given,solution good enough for the tolerances given,false
6,1.000000e+04,0,7,CONTINUE,9.070351e-05,3.858985e-05,1.000000e-09,9.070351e-06,2.220580e-14,1.518934e-03,6.089546e-01,8.555343e-03,1.362510e-02,4.477699e-02,7.613474e-01,3.623125e+00,2.510000e-01,5.353461e+05,REACHED_FORCE,REACHED_FORCE,REACHED_FORCE,2,0,0,2,0,0,3,0,0,4.830002e-08,NaN,1.734920e-07,NaN,2.554158e-07,NaN,5.611198e-05,9.517139e-06,1.045764e-02,solution good enough for the tolerances given,solution good enough for the tolerances given,solution good enough for the tolerances given,false
6,3.162000e+04,0,6,CONTINUE,9.070351e-05,3.843077e-05,1.000000e-09,9.070351e-06,2.220580e-14,1.518934e-03,6.119550e-01,8.536011e-03,1.360338e-02,4.362930e-02,7.509110e-01,3.614635e+00,2.510000e-01,5.353461e+05,REACHED_FORCE,REACHED_FORCE,REACHED_FORCE,2,0,0,1,0,0,3,0,0,4.319347e-09,NaN,3.391260e-07,NaN,8.807751e-09,NaN,1.849195e-05,3.090523e-06,3.362178e-03,solution good enough for the tolerances given,solution good enough for the tolerances given,solution good enough for the tolerances given,false
6,1.000000e+05,0,4,CONTINUE,9.070351e-05,3.878224e-05,1.000000e-09,9.070351e-06,2.220580e-14,1.518934e-03,6.084300e-01,8.571740e-03,1.372924e-02,4.558547e-02,7.689785e-01,3.629953e+00,2.510000e-01,5.353461e+05,REACHED_FORCE,REACHED_FORCE,REACHED_FORCE,1,0,0,1,0,0,2,0,0,4.426136e-07,NaN,1.082018e-07,NaN,1.667230e-07,NaN,5.926137e-06,9.848262e-07,1.068859e-03,solution good enough for the tolerances given,solution good enough for the tolerances given,solution good enough for the tolerances given,false
6,3.162000e+05,0,4,CONTINUE,9.070351e-05,3.863600e-05,1.000000e-09,9.070351e-06,2.220580e-14,1.518934e-03,6.088121e-01,8.558512e-03,1.365671e-02,4.493603e-02,7.628975e-01,3.624433e+00,2.510000e-01,5.353461e+05,REACHED_FORCE,REACHED_FORCE,REACHED_FORCE,1,0,0,1,0,0,2,0,0,1.405622e-07,NaN,3.429758e-08,NaN,1.671270e-08,NaN,1.882218e-06,3.128173e-07,3.386148e-04,solution good enough for the tolerances given,solution good enough for the tolerances given,solution good enough for the tolerances given,false
6,1.000000e+06,0,4,CONTINUE,9.070351e-05,3.858966e-05,1.000000e-09,9.070351e-06,2.220580e-14,1.518934e-03,6.089327e-01,8.554315e-03,1.363375e-02,4.473018e-02,7.609837e-01,3.622681e+00,2.510000e-01,5.353461e+05,REACHED_FORCE,REACHED_FORCE,REACHED_FORCE,1,0,0,1,0,0,2,0,0,4.450446e-08,NaN,1.085292e-08,NaN,2.966217e-09,NaN,5.959665e-07,9.905541e-08,1.071285e-04,solution good enough for the tolerances given,solution good enough for the tolerances given,solution good enough for the tolerances given,false
6,3.162000e+06,0,4,CONTINUE,9.070351e-05,3.857500e-05,1.000000e-09,9.070351e-06,2.220580e-14,1.518934e-03,6.089707e-01,8.552987e-03,1.362649e-02,4.466506e-02,7.603796e-01,3.622127e+00,2.510000e-01,5.353461e+05,REACHED_FORCE,REACHED_FORCE,REACHED_FORCE,1,0,0,1,0,0,2,0,0,1.408066e-08,NaN,3.433107e-09,NaN,1.107632e-08,NaN,1.885588e-07,3.134129e-08,3.388583e-05,solution good enough for the tolerances given,solution good enough for the tolerances given,solution good enough for the tolerances given,false
6,1.000000e+07,0,4,CONTINUE,9.070351e-05,3.857036e-05,1.000000e-09,9.070351e-06,2.220580e-14,1.518934e-03,6.089828e-01,8.552567e-03,1.362419e-02,4.464446e-02,7.601887e-01,3.621952e+00,2.510000e-01,5.353461e+05,REACHED_FORCE,REACHED_FORCE,REACHED_FORCE,1,0,0,1,0,0,2,0,0,4.452893e-09,NaN,1.085630e-09,NaN,3.395571e-08,NaN,5.963039e-08,9.911569e-09,1.071529e-05,solution good enough for the tolerances given,solution good enough for the tolerances given,solution good enough for the tolerances given,false
6,3.162000e+07,0,3,CONTINUE,9.070351e-05,3.856884e-05,1.000000e-09,9.070351e-06,2.220580e-14,1.518934e-03,6.089874e-01,8.552426e-03,1.362346e-02,4.463746e-02,7.601238e-01,3.621892e+00,2.510000e-01,5.353461e+05,REACHED_FORCE,REACHED_FORCE,REACHED_FORCE,1,0,0,1,0,0,1,0,0,6.520555e-08,NaN,2.356528e-07,NaN,4.593723e-07,NaN,1.885925e-08,3.134731e-09,3.388827e-06,solution good enough for the tolerances given,solution good enough for the tolerances given,solution good enough for the tolerances given,true
6,1.000000e+08,0,3,CONTINUE,9.070351e-05,3.856841e-05,1.000000e-09,9.070351e-06,2.220580e-14,1.518934e-03,6.089881e-01,8.552389e-03,1.362323e-02,4.463573e-02,7.601078e-01,3.621877e+00,2.510000e-01,5.353461e+05,REACHED_FORCE,REACHED_FORCE,REACHED_FORCE,1,0,0,1,0,0,1,0,0,2.105344e-08,NaN,7.610235e-08,NaN,2.745651e-07,NaN,5.963377e-09,9.912172e-10,1.071553e-06,solution good enough for the tolerances given,solution good enough for the tolerances given,solution good enough for the tolerances given,false
6,3.162000e+08,0,3,CONTINUE,9.070351e-05,3.856828e-05,1.000000e-09,9.070351e-06,2.220580e-14,1.518934e-03,6.089883e-01,8.552378e-03,1.362316e-02,4.463518e-02,7.601027e-01,3.621873e+00,2.510000e-01,5.353461e+05,REACHED_FORCE,REACHED_FORCE,REACHED_FORCE,1,0,0,1,0,0,1,0,0,7.858058e-09,NaN,2.840650e-08,NaN,1.263860e-06,NaN,1.885959e-09,3.134795e-10,3.388852e-07,solution good enough for the tolerances given,solution good enough for the tolerances given,solution good enough for the tolerances given,false
6,1.000000e+09,0,3,CONTINUE,9.070351e-05,3.856824e-05,1.000000e-09,9.070351e-06,2.220580e-14,1.518934e-03,6.089883e-01,8.552374e-03,1.362314e-02,4.463501e-02,7.601011e-01,3.621871e+00,2.510000e-01,5.353461e+05,REACHED_FORCE,REACHED_FORCE,REACHED_FORCE,1,0,0,1,0,0,1,0,0,6.933045e-09,NaN,2.506312e-08,NaN,3.325032e-06,NaN,5.963411e-10,9.912236e-11,1.071556e-07,solution good enough for the tolerances given,solution good enough for the tolerances given,solution good enough for the tolerances given,false
6,3.162000e+09,0,3,CONTINUE,9.070351e-05,3.856822e-05,1.000000e-09,9.070351e-06,2.220580e-14,1.518934e-03,6.089884e-01,8.552373e-03,1.362313e-02,4.463495e-02,7.601006e-01,3.621871e+00,2.510000e-01,5.353461e+05,REACHED_FORCE,REACHED_FORCE,REACHED_FORCE,1,0,0,1,0,0,1,0,0,1.737287e-08,NaN,6.280373e-08,NaN,8.263600e-06,NaN,1.885962e-10,3.134801e-11,3.388857e-08,solution good enough for the tolerances given,solution good enough for the tolerances given,solution good enough for the tolerances given,false
6,1.000000e+10,0,4,CONTINUE,9.070351e-05,3.856822e-05,1.000000e-09,9.070351e-06,2.220580e-14,1.518934e-03,6.089883e-01,8.552373e-03,1.362313e-02,4.463495e-02,7.601005e-01,3.621871e+00,2.510000e-01,5.353461e+05,REACHED_FORCE,REACHED_FORCE,REACHED_FORCE,1,0,0,1,0,0,1,1,1,1.089027e-09,NaN,1.980605e-09,NaN,2.584989e-05,3.672085e-11,5.963414e-11,9.912244e-12,1.071558e-08,solution good enough for the tolerances given,solution good enough for the tolerances given,solution good enough for the tolerances given,false
7,1.000000e+00,0,153,CONTINUE,3.856884e-05,2.563802e-05,1.000000e-09,3.856884e-06,2.220498e-14,1.549831e-02,4.548643e-01,1.039405e-02,5.552028e-03,1.145708e-01,1.644062e+00,4.369427e+00,2.510000e-01,1.070040e+05,REACHED_FORCE,REACHED_FORCE,REACHED_FORCE,35,0,0,40,0,0,78,0,0,1.179844e-06,NaN,5.462055e-07,NaN,7.358824e-07,NaN,2.958052e-03,1.320535e-02,1.137635e+01,solution good enough for the tolerances given,solution good enough for the tolerances given,solution good enough for the tolerances given,false
7,3.162000e+00,0,89,CONTINUE,3.856884e-05,2.560482e-05,1.000000e-09,3.856884e-06,2.220498e-14,8.982909e-03,4.552231e-01,1.039043e-02,5.546426e-03,1.142540e-01,1.639284e+00,4.367841e+00,2.510000e-01,1.070040e+05,REACHED_FORCE,REACHED_FORCE,REACHED_FORCE,21,0,0,23,0,0,45,0,0,8.425649e-07,NaN,5.686653e-07,NaN,7.676891e-07,NaN,2.139166e-03,5.353056e-03,4.245889e+00,solution good enough for the tolerances given,solution good enough for the tolerances given,solution good enough for the tolerances given,false
7,1.000000e+01,0,52,CONTINUE,3.856884e-05,2.552554e-05,1.000000e-09,3.856884e-06,2.220498e-14,4.479379e-03,4.564576e-01,1.037901e-02,5.532937e-03,1.132265e-01,1.624132e+00,4.362946e+00,2.510000e-01,1.070040e+05,REACHED_FORCE,REACHED_FORCE,REACHED_FORCE,13,0,0,13,0,0,26,0,0,5.903235e-07,NaN,7.016345e-07,NaN,6.914538e-07,NaN,1.350637e-03,2.362474e-03,1.590332e+00,solution good enough for the tolerances given,solution good enough for the tolerances given,solution good enough for the tolerances given,false
7,3.162000e+01,0,32,CONTINUE,3.856884e-05,2.553438e-05,1.000000e-09,3.856884e-06,2.220498e-14,2.747145e-03,4.555291e-01,1.038383e-02,5.535090e-03,1.137655e-01,1.631879e+00,4.364969e+00,2.510000e-01,1.070040e+05,REACHED_FORCE,REACHED_FORCE,REACHED_FORCE,8,0,0,9,0,0,15,0,0,7.386751e-07,NaN,2.250160e-07,NaN,5.179058e-07,NaN,8.102371e-04,1.303808e-03,7.172289e-01,solution good enough for the tolerances given,solution good enough for the tolerances given,solution good enough for the tolerances given,false
7,1.000000e+02,0,22,CONTINUE,3.856884e-05,2.546636e-05,1.000000e-09,3.856884e-06,2.220498e-14,2.720570e-03,4.562757e-01,1.037711e-02,5.523079e-03,1.131586e-01,1.622781e+00,4.362033e+00,2.510000e-01,1.070040e+05,REACHED_FORCE,REACHED_FORCE,REACHED_FORCE,6,0,0,6,0,0,10,0,0,1.120140e-07,NaN,1.813201e-07,NaN,2.080184e-07,NaN,4.753887e-04,7.854653e-04,3.910109e-01,solution good enough for the tolerances given,solution good enough for the tolerances given,solution good enough for the tolerances given,false
7,3.162000e+02,0,14,CONTINUE,3.856884e-05,2.549535e-05,1.000000e-09,3.856884e-06,2.220498e-14,2.720552e-03,4.562057e-01,1.037977e-02,5.527411e-03,1.133409e-01,1.625593e+00,4.363202e+00,2.510000e-01,1.070040e+05,REACHED_FORCE,REACHED_FORCE,REACHED_FORCE,4,0,0,4,0,0,6,0,0,1.206688e-07,NaN,1.752959e-07,NaN,5.500583e-07,NaN,2.397408e-04,3.992042e-04,1.893795e-01,solution good enough for the tolerances given,solution good enough for the tolerances given,solution good enough for the tolerances given,false
7,1.000000e+03,0,11,CONTINUE,3.856884e-05,2.548818e-05,1.000000e-09,3.856884e-06,2.220498e-14,2.720552e-03,4.565980e-01,1.037860e-02,5.524520e-03,1.131682e-01,1.623116e+00,4.362709e+00,2.510000e-01,1.070040e+05,REACHED_FORCE,REACHED_FORCE,REACHED_FORCE,3,0,0,3,0,0,5,0,0,4.486272e-08,NaN,1.348569e-07,NaN,2.384177e-08,NaN,9.923722e-05,1.614771e-04,7.468044e-02,solution good enough for the tolerances given,solution good enough for the tolerances given,solution good enough for the tolerances given,false
7,3.162000e+03,0,8,CONTINUE,3.856884e-05,2.560254e-05,1.000000e-09,3.856884e-06,2.220498e-14,2.720552e-03,4.572448e-01,1.038391e-02,5.541175e-03,1.133263e-01,1.626133e+00,4.365140e+00,2.510000e-01,1.070040e+05,REACHED_FORCE,REACHED_FORCE,REACHED_FORCE,2,0,0,2,0,0,4,0,0,1.077461e-07,NaN,1.649230e-07,NaN,2.853508e-08,NaN,3.546100e-05,5.726516e-05,2.587070e-02,solution good enough for the tolerances given,solution good enough for the tolerances given,solution good enough for the tolerances given,false
7,1.000000e+04,0,7,CONTINUE,3.856884e-05,2.548386e-05,1.000000e-09,3.856884e-06,2.220498e-14,2.720552e-03,4.564583e-01,1.037838e-02,5.524802e-03,1.131900e-01,1.623395e+00,4.362610e+00,2.510000e-01,1.070040e+05,REACHED_FORCE,REACHED_FORCE,REACHED_FORCE,2,0,0,2,0,0,3,0,0,1.189020e-08,NaN,4.678985e-08,NaN,9.420567e-08,NaN,1.173403e-05,1.858027e-05,8.450710e-03,solution good enough for the tolerances given,solution good enough for the tolerances given,solution good enough for the tolerances given,false
7,3.162000e+04,0,6,CONTINUE,3.856884e-05,2.580721e-05,1.000000e-09,3.856884e-06,2.220498e-14,2.720552e-03,4.518783e-01,1.042833e-02,5.582953e-03,1.175117e-01,1.686791e+00,4.383827e+00,2.510000e-01,1.070040e+05,REACHED_FORCE,REACHED_FORCE,REACHED_FORCE,1,0,0,2,0,0,3,0,0,3.142270e-07,NaN,1.935990e-09,NaN,2.994059e-09,NaN,3.767956e-06,6.078849e-06,2.701489e-03,solution good enough for the tolerances given,solution good enough for the tolerances given,solution good enough for the tolerances given,false
7,1.000000e+05,0,4,CONTINUE,3.856884e-05,2.557760e-05,1.000000e-09,3.856884e-06,2.220498e-14,2.720552e-03,4.562592e-01,1.038255e-02,5.544999e-03,1.134958e-01,1.628190e+00,4.364475e+00,2.510000e-01,1.070040e+05,REACHED_FORCE,REACHED_FORCE,REACHED_FORCE,1,0,0,1,0,0,2,0,0,9.999364e-08,NaN,2.016602e-07,NaN,8.719982e-08,NaN,1.197301e-06,1.900062e-06,8.571668e-04,solution good enough for the tolerances given,solution good enough for the tolerances given,solution good enough for the tolerances given,false
7,3.162000e+05,0,4,CONTINUE,3.856884e-05,2.550376e-05,1.000000e-09,3.856884e-06,2.220498e-14,2.720552e-03,4.563228e-01,1.037927e-02,5.529866e-03,1.132796e-01,1.624744e+00,4.363006e+00,2.510000e-01,1.070040e+05,REACHED_FORCE,REACHED_FORCE,REACHED_FORCE,1,0,0,1,0,0,2,0,0,3.168908e-08,NaN,4.828426e-08,NaN,8.755350e-09,NaN,3.792460e-07,5.986587e-07,2.713814e-04,solution good enough for the tolerances given,solution good enough for the tolerances given,solution good enough for the tolerances given,false
7,1.000000e+06,0,4,CONTINUE,3.856884e-05,2.548038e-05,1.000000e-09,3.856884e-06,2.220498e-14,2.720552e-03,4.563436e-01,1.037822e-02,5.525093e-03,1.132099e-01,1.623635e+00,4.362533e+00,2.510000e-01,1.070040e+05,REACHED_FORCE,REACHED_FORCE,REACHED_FORCE,1,0,0,1,0,0,2,0,0,1.002664e-08,NaN,1.524688e-08,NaN,2.953593e-09,NaN,1.199771e-07,1.890699e-07,8.584065e-05,solution good enough for the tolerances given,solution good enough for the tolerances given,solution good enough for the tolerances given,false
7,3.162000e+06,0,4,CONTINUE,3.856884e-05,2.547298e-05,1.000000e-09,3.856884e-06,2.220498e-14,2.720552e-03,4.563502e-01,1.037788e-02,5.523585e-03,1.131878e-01,1.623283e+00,4.362383e+00,2.510000e-01,1.070040e+05,REACHED_FORCE,REACHED_FORCE,REACHED_FORCE,1,0,0,1,0,0,2,0,0,3.171636e-09,NaN,4.819847e-09,NaN,8.168591e-09,NaN,3.794936e-08,5.977178e-08,2.715057e-05,solution good enough for the tolerances given,solution good enough for the tolerances given,solution good enough for the tolerances given,false
7,1.000000e+07,0,4,CONTINUE,3.856884e-05,2.547064e-05,1.000000e-09,3.856884e-06,2.220498e-14,2.720552e-03,4.563523e-01,1.037778e-02,5.523109e-03,1.131807e-01,1.623171e+00,4.362336e+00,2.510000e-01,1.070040e+05,REACHED_FORCE,REACHED_FORCE,REACHED_FORCE,1,0,0,1,0,0,2,0,0,1.002937e-09,NaN,1.523829e-09,NaN,2.946452e-08,NaN,1.200018e-08,1.889757e-08,8.585308e-06,solution good enough for the tolerances given,solution good enough for the tolerances given,solution good enough for the tolerances given,false
7,3.162000e+07,0,3,CONTINUE,3.856884e-05,2.546997e-05,1.000000e-09,3.856884e-06,2.220498e-14,2.720552e-03,4.563522e-01,1.037773e-02,5.522993e-03,1.131776e-01,1.623123e+00,4.362313e+00,2.510000e-01,1.070040e+05,REACHED_FORCE,REACHED_FORCE,REACHED_FORCE,1,0,0,1,0,0,1,0,0,5.619268e-09,NaN,2.400749e-07,NaN,2.053263e-07,NaN,3.795184e-09,5.976237e-09,2.715181e-06,solution good enough for the tolerances given,solution good enough for the tolerances given,solution good enough for the tolerances given,true
7,1.000000e+08,0,3,CONTINUE,3.856884e-05,2.546969e-05,1.000000e-09,3.856884e-06,2.220498e-14,2.720552e-03,4.563529e-01,1.037773e-02,5.522921e-03,1.131775e-01,1.623121e+00,4.362314e+00,2.510000e-01,1.070040e+05,REACHED_FORCE,REACHED_FORCE,REACHED_FORCE,1,0,0,1,0,0,1,0,0,1.843468e-09,NaN,7.881908e-08,NaN,3.233789e-07,NaN,1.200043e-09,1.889663e-09,8.585432e-07,solution good enough for the tolerances given,solution good enough for the tolerances given,solution good enough for the tolerances given,false
7,3.162000e+08,0,3,CONTINUE,3.856884e-05,2.546960e-05,1.000000e-09,3.856884e-06,2.220498e-14,2.720552e-03,4.563532e-01,1.037773e-02,5.522899e-03,1.131775e-01,1.623120e+00,4.362314e+00,2.510000e-01,1.070040e+05,REACHED_FORCE,REACHED_FORCE,REACHED_FORCE,1,0,0,1,0,0,1,0,0,8.304867e-10,NaN,3.551668e-08,NaN,1.161665e-06,NaN,3.795209e-10,5.976142e-10,2.715194e-07,solution good enough for the tolerances given,solution good enough for the tolerances given,solution good enough for the tolerances given,false
7,1.000000e+09,0,3,CONTINUE,3.856884e-05,2.546957e-05,1.000000e-09,3.856884e-06,2.220498e-14,2.720551e-03,4.563533e-01,1.037773e-02,5.522892e-03,1.131775e-01,1.623120e+00,4.362314e+00,2.510000e-01,1.070040e+05,REACHED_FORCE,REACHED_FORCE,REACHED_FORCE,1,0,0,1,0,0,1,0,0,1.730114e-09,NaN,7.399562e-08,NaN,3.537947e-06,NaN,1.200046e-10,1.889654e-10,8.585447e-08,solution good enough for the tolerances given,solution good enough for the tolerances given,solution good enough for the tolerances given,false
7,3.162000e+09,0,4,CONTINUE,3.856884e-05,2.546957e-05,1.000000e-09,3.856884e-06,2.220498e-14,2.720551e-03,4.563533e-01,1.037773e-02,5.522889e-03,1.131775e-01,1.623120e+00,4.362314e+00,2.510000e-01,1.070040e+05,REACHED_FORCE,REACHED_FORCE,REACHED_FORCE,1,0,0,1,0,0,1,1,1,8.166255e-10,NaN,8.078840e-10,NaN,8.368174e-06,2.023626e-11,3.795211e-11,5.976133e-11,2.715196e-08,solution good enough for the tolerances given,solution good enough for the tolerances given,solution good enough for the tolerances given,false
7,1.000000e+10,0,4,CONTINUE,3.856884e-05,2.546957e-05,1.000000e-09,3.856884e-06,2.220498e-14,2.720550e-03,4.563532e-01,1.037773e-02,5.522890e-03,1.131776e-01,1.623121e+00,4.362314e+00,2.510000e-01,1.070040e+05,REACHED_FORCE,REACHED_FORCE,REACHED_FORCE,1,0,0,1,0,0,1,1,1,1.444262e-09,NaN,2.436821e-09,NaN,3.608317e-05,1.173017e-11,1.200046e-11,1.889654e-11,8.585459e-09,solution good enough for the tolerances given,solution good enough for the tolerances given,solution good enough for the tolerances given,false
8,1.000000e+00,0,189,CONTINUE,2.546997e-05,6.210922e-06,1.000000e-09,2.546997e-06,2.220475e-14,1.335221e-02,7.745876e-01,1.224688e-02,6.130190e-04,6.923717e-02,1.000564e+00,5.075993e+00,2.510000e-01,2.657748e+06,REACHED_FORCE,REACHED_FORCE,REACHED_FORCE,52,0,0,36,0,0,101,0,0,1.580782e-06,NaN,1.060398e-06,NaN,2.099630e-06,NaN,4.117476e-03,1.108506e-03,2.994819e-01,solution good enough for the tolerances given,solution good enough for the tolerances given,solution good enough for the tolerances given,false
8,3.162000e+00,0,124,CONTINUE,2.546997e-05,6.580074e-06,1.000000e-09,2.546997e-06,2.220475e-14,5.089254e-03,7.715022e-01,1.261362e-02,6.086247e-04,8.315547e-02,1.191301e+00,5.227784e+00,2.510000e-01,2.657748e+06,REACHED_FORCE,REACHED_FORCE,REACHED_FORCE,37,0,0,27,0,0,60,0,0,5.742265e-07,NaN,4.692925e-07,NaN,1.894524e-06,NaN,2.880204e-03,9.636003e-04,1.842855e-01,solution good enough for the tolerances given,solution good enough for the tolerances given,solution good enough for the tolerances given,false
8,1.000000e+01,0,72,CONTINUE,2.546997e-05,6.572072e-06,1.000000e-09,2.546997e-06,2.220475e-14,1.682470e-03,7.735274e-01,1.260331e-02,6.061889e-04,8.255176e-02,1.182938e+00,5.223523e+00,2.510000e-01,2.657748e+06,REACHED_FORCE,REACHED_FORCE,REACHED_FORCE,21,0,0,16,0,0,35,0,0,6.553591e-07,NaN,4.712921e-07,NaN,1.720711e-06,NaN,1.600324e-03,5.382903e-04,1.086671e-01,solution good enough for the tolerances given,solution good enough for the tolerances given,solution good enough for the tolerances given,false
8,3.162000e+01,0,41,CONTINUE,2.546997e-05,6.251726e-06,1.000000e-09,2.546997e-06,2.220475e-14,1.307153e-03,7.773113e-01,1.230571e-02,6.045753e-04,7.116231e-02,1.026464e+00,5.100161e+00,2.510000e-01,2.657748e+06,REACHED_FORCE,REACHED_FORCE,REACHED_FORCE,11,0,0,9,0,0,21,0,0,1.285521e-06,NaN,4.846464e-07,NaN,1.376302e-06,NaN,8.314370e-04,2.251195e-04,7.255423e-02,solution good enough for the tolerances given,solution good enough for the tolerances given,solution good enough for the tolerances given,false
8,1.000000e+02,0,26,CONTINUE,2.546997e-05,6.370707e-06,1.000000e-09,2.546997e-06,2.220475e-14,1.229490e-03,7.788871e-01,1.240558e-02,6.024227e-04,7.469300e-02,1.074641e+00,5.141500e+00,2.510000e-01,2.657748e+06,REACHED_FORCE,REACHED_FORCE,REACHED_FORCE,7,0,0,6,0,0,13,0,0,9.224001e-07,NaN,3.634296e-07,NaN,8.624561e-07,NaN,5.162728e-04,1.257427e-04,5.598568e-02,solution good enough for the tolerances given,solution good enough for the tolerances given,solution good enough for the tolerances given,false
8,3.162000e+02,0,17,CONTINUE,2.546997e-05,6.427791e-06,1.000000e-09,2.546997e-06,2.220475e-14,1.214312e-03,7.838670e-01,1.245551e-02,5.946508e-04,7.603705e-02,1.093029e+00,5.162147e+00,2.510000e-01,2.657748e+06,REACHED_FORCE,REACHED_FORCE,REACHED_FORCE,5,0,0,4,0,0,8,0,0,3.645758e-07,NaN,3.057124e-07,NaN,5.062339e-07,NaN,3.372032e-04,7.047001e-05,4.009254e-02,solution good enough for the tolerances given,solution good enough for the tolerances given,solution good enough for the tolerances given,false
8,1.000000e+03,0,13,CONTINUE,2.546997e-05,6.473190e-06,1.000000e-09,2.546997e-06,2.220475e-14,1.203455e-03,7.850682e-01,1.250759e-02,5.898348e-04,7.782242e-02,1.117389e+00,5.183638e+00,2.510000e-01,2.657748e+06,REACHED_FORCE,REACHED_FORCE,REACHED_FORCE,4,0,0,3,0,0,6,0,0,8.081727e-08,NaN,7.578777e-08,NaN,7.730482e-08,NaN,1.856109e-04,3.345088e-05,2.286521e-02,solution good enough for the tolerances given,solution good enough for the tolerances given,solution good enough for the tolerances given,false
8,3.162000e+03,0,9,CONTINUE,2.546997e-05,6.469356e-06,1.000000e-09,2.546997e-06,2.220475e-14,1.203324e-03,7.866159e-01,1.250113e-02,5.882077e-04,7.743138e-02,1.111970e+00,5.180920e+00,2.510000e-01,2.657748e+06,REACHED_FORCE,REACHED_FORCE,REACHED_FORCE,3,0,0,2,0,0,4,0,0,2.569850e-08,NaN,8.497626e-08,NaN,1.357619e-07,NaN,7.993164e-05,1.285660e-05,9.970881e-03,solution good enough for the tolerances given,solution good enough for the tolerances given,solution good enough for the tolerances given,false
8,1.000000e+04,0,7,CONTINUE,2.546997e-05,6.470387e-06,1.000000e-09,2.546997e-06,2.220475e-14,1.203324e-03,7.861270e-01,1.250645e-02,5.877056e-04,7.767433e-02,1.115286e+00,5.183149e+00,2.510000e-01,2.657748e+06,REACHED_FORCE,REACHED_FORCE,REACHED_FORCE,2,0,0,2,0,0,3,0,0,5.174377e-08,NaN,9.104898e-09,NaN,1.192355e-07,NaN,2.875826e-05,4.396362e-06,3.602427e-03,solution good enough for the tolerances given,solution good enough for the tolerances given,solution good enough for the tolerances given,false
8,3.162000e+04,0,6,CONTINUE,2.546997e-05,6.443567e-06,1.000000e-09,2.546997e-06,2.220475e-14,1.203324e-03,7.907739e-01,1.247315e-02,5.846897e-04,7.600247e-02,1.092275e+00,5.169236e+00,2.510000e-01,2.657748e+06,REACHED_FORCE,REACHED_FORCE,REACHED_FORCE,2,0,0,1,0,0,3,0,0,5.515683e-09,NaN,1.357765e-07,NaN,4.195908e-09,NaN,9.518727e-06,1.427301e-06,1.193990e-03,solution good enough for the tolerances given,solution good enough for the tolerances given,solution good enough for the tolerances given,false
8,1.000000e+05,0,5,CONTINUE,2.546997e-05,6.461737e-06,1.000000e-09,2.546997e-06,2.220475e-14,1.203324e-03,7.876464e-01,1.250008e-02,5.856793e-04,7.729029e-02,1.109974e+00,5.180460e+00,2.510000e-01,2.657748e+06,REACHED_FORCE,REACHED_FORCE,REACHED_FORCE,2,0,0,1,0,0,2,0,0,4.382331e-09,NaN,5.843808e-08,NaN,6.283638e-08,NaN,3.055167e-06,4.552604e-07,3.833935e-04,solution good enough for the tolerances given,solution good enough for the tolerances given,solution good enough for the tolerances given,false
8,3.162000e+05,0,4,CONTINUE,2.546997e-05,6.492649e-06,1.000000e-09,2.546997e-06,2.220475e-14,1.203324e-03,7.861177e-01,1.252611e-02,5.911215e-04,7.839256e-02,1.125213e+00,5.191277e+00,2.510000e-01,2.657748e+06,REACHED_FORCE,REACHED_FORCE,REACHED_FORCE,1,0,0,1,0,0,2,0,0,8.966332e-08,NaN,1.379196e-08,NaN,6.318711e-09,NaN,9.708486e-07,1.444484e-07,1.218487e-04,solution good enough for the tolerances given,solution good enough for the tolerances given,solution good enough for the tolerances given,false
8,1.000000e+06,0,4,CONTINUE,2.546997e-05,6.477291e-06,1.000000e-09,2.546997e-06,2.220475e-14,1.203324e-03,7.861643e-01,1.251677e-02,5.877421e-04,7.804739e-02,1.120413e+00,5.187407e+00,2.510000e-01,2.657748e+06,REACHED_FORCE,REACHED_FORCE,REACHED_FORCE,1,0,0,1,0,0,2,0,0,2.840326e-08,NaN,4.343375e-09,NaN,3.060993e-09,NaN,3.074492e-07,4.569946e-08,3.858883e-05,solution good enough for the tolerances given,solution good enough for the tolerances given,solution good enough for the tolerances given,false
8,3.162000e+06,0,4,CONTINUE,2.546997e-05,6.472431e-06,1.000000e-09,2.546997e-06,2.220475e-14,1.203324e-03,7.861793e-01,1.251382e-02,5.866721e-04,7.793823e-02,1.118895e+00,5.186183e+00,2.510000e-01,2.657748e+06,REACHED_FORCE,REACHED_FORCE,REACHED_FORCE,1,0,0,1,0,0,2,0,0,8.987874e-09,NaN,1.371850e-09,NaN,1.126293e-08,NaN,9.727929e-08,1.445549e-08,1.220997e-05,solution good enough for the tolerances given,solution good enough for the tolerances given,solution good enough for the tolerances given,false
8,1.000000e+07,0,4,CONTINUE,2.546997e-05,6.470894e-06,1.000000e-09,2.546997e-06,2.220475e-14,1.203324e-03,7.861840e-01,1.251288e-02,5.863335e-04,7.790371e-02,1.118415e+00,5.185796e+00,2.510000e-01,2.657748e+06,REACHED_FORCE,REACHED_FORCE,REACHED_FORCE,1,0,0,1,0,0,2,0,0,2.842485e-09,NaN,4.336024e-10,NaN,2.911434e-08,NaN,3.076439e-08,4.571113e-09,3.861398e-06,solution good enough for the tolerances given,solution good enough for the tolerances given,solution good enough for the tolerances given,false
8,3.162000e+07,0,3,CONTINUE,2.546997e-05,6.470386e-06,1.000000e-09,2.546997e-06,2.220475e-14,1.203324e-03,7.861850e-01,1.251262e-02,5.862123e-04,7.789406e-02,1.118280e+00,5.185688e+00,2.510000e-01,2.657748e+06,REACHED_FORCE,REACHED_FORCE,REACHED_FORCE,1,0,0,1,0,0,1,0,0,2.365147e-09,NaN,3.173849e-08,NaN,1.215659e-07,NaN,9.729878e-09,1.445669e-09,1.221249e-06,solution good enough for the tolerances given,solution good enough for the tolerances given,solution good enough for the tolerances given,true
8,1.000000e+08,0,3,CONTINUE,2.546997e-05,6.470247e-06,1.000000e-09,2.546997e-06,2.220475e-14,1.203324e-03,7.861859e-01,1.251251e-02,5.861881e-04,7.788974e-02,1.118220e+00,5.185640e+00,2.510000e-01,2.657748e+06,REACHED_FORCE,REACHED_FORCE,REACHED_FORCE,1,0,0,1,0,0,1,0,0,8.102543e-10,NaN,1.088175e-08,NaN,4.453841e-07,NaN,3.076634e-09,4.571234e-10,3.861649e-07,solution good enough for the tolerances given,solution good enough for the tolerances given,solution good enough for the tolerances given,false
8,3.162000e+08,0,3,CONTINUE,2.546997e-05,6.470203e-06,1.000000e-09,2.546997e-06,2.220475e-14,1.203324e-03,7.861861e-01,1.251247e-02,5.861805e-04,7.788837e-02,1.118202e+00,5.185625e+00,2.510000e-01,2.657748e+06,REACHED_FORCE,REACHED_FORCE,REACHED_FORCE,1,0,0,1,0,0,1,0,0,4.747799e-10,NaN,6.377936e-09,NaN,1.068041e-06,NaN,9.730072e-10,1.445681e-10,1.221274e-07,solution good enough for the tolerances given,solution good enough for the tolerances given,solution good enough for the tolerances given,false
8,1.000000e+09,0,4,CONTINUE,2.546997e-05,6.470190e-06,1.000000e-09,2.546997e-06,2.220475e-14,1.203324e-03,7.861862e-01,1.251246e-02,5.861785e-04,7.788791e-02,1.118195e+00,5.185619e+00,2.510000e-01,2.657748e+06,REACHED_FORCE,REACHED_FORCE,REACHED_FORCE,1,0,0,1,0,0,1,1,1,8.824526e-11,NaN,8.145994e-11,NaN,2.655419e-06,8.655832e-11,3.076654e-10,4.571247e-11,3.861674e-08,solution good enough for the tolerances given,solution good enough for the tolerances given,solution good enough for the tolerances given,false
8,3.162000e+09,0,4,CONTINUE,2.546997e-05,6.470186e-06,1.000000e-09,2.546997e-06,2.220475e-14,1.203324e-03,7.861862e-01,1.251245e-02,5.861775e-04,7.788784e-02,1.118194e+00,5.185618e+00,2.510000e-01,2.657748e+06,REACHED_FORCE,REACHED_FORCE,REACHED_FORCE,1,0,0,1,0,0,1,1,1,1.651746e-10,NaN,2.149834e-10,NaN,1.413018e-05,2.121112e-10,9.730092e-11,1.445683e-11,1.221277e-08,solution good enough for the tolerances given,solution good enough for the tolerances given,solution good enough for the tolerances given,false
8,1.000000e+10,0,4,CONTINUE,2.546997e-05,6.470186e-06,1.000000e-09,2.546997e-06,2.220475e-14,1.203324e-03,7.861861e-01,1.251245e-02,5.861772e-04,7.788789e-02,1.118195e+00,5.185619e+00,2.510000e-01,2.657748e+06,REACHED_FORCE,REACHED_FORCE,REACHED_FORCE,1,0,0,1,0,0,1,1,1,6.273513e-10,NaN,7.407350e-10,NaN,2.352316e-05,9.950440e-11,3.076656e-11,4.571254e-12,3.861677e-09,solution good enough for the tolerances given,solution good enough for the tolerances given,solution good enough for the tolerances given,false
9,1.000000e+00,0,151,CONTINUE,6.470386e-06,9.235830e-07,1.000000e-09,6.470386e-07,2.220452e-14,1.673724e-02,8.725287e-01,1.351119e-02,7.155540e-05,3.270384e-02,4.621223e-01,5.588581e+00,2.510000e-01,1.046467e+06,REACHED_FORCE,REACHED_FORCE,REACHED_FORCE,39,0,0,32,0,0,80,0,0,9.161460e-08,NaN,1.238962e-07,NaN,2.710217e-07,NaN,2.170648e-03,6.012883e-04,2.743211e+00,solution good enough for the tolerances given,solution good enough for the tolerances given,solution good enough for the tolerances given,false
9,3.162000e+00,0,89,CONTINUE,6.470386e-06,9.233100e-07,1.000000e-09,6.470386e-07,2.220452e-14,9.799107e-03,8.725423e-01,1.350960e-02,7.154851e-05,3.265127e-02,4.613682e-01,5.587929e+00,2.510000e-01,1.046467e+06,REACHED_FORCE,REACHED_FORCE,REACHED_FORCE,23,0,0,19,0,0,47,0,0,7.882554e-08,NaN,7.909333e-08,NaN,1.057051e-07,NaN,1.204484e-03,2.838732e-04,1.439358e+00,solution good enough for the tolerances given,solution good enough for the tolerances given,solution good enough for the tolerances given,false
9,1.000000e+01,0,53,CONTINUE,6.470386e-06,9.249989e-07,1.000000e-09,6.470386e-07,2.220452e-14,5.938271e-03,8.699687e-01,1.353096e-02,7.159146e-05,3.345292e-02,4.729044e-01,5.596783e+00,2.510000e-01,1.046467e+06,REACHED_FORCE,REACHED_FORCE,REACHED_FORCE,14,0,0,12,0,0,27,0,0,1.013668e-07,NaN,6.027663e-08,NaN,1.096821e-07,NaN,6.075560e-04,1.505056e-04,8.550510e-01,solution good enough for the tolerances given,solution good enough for the tolerances given,solution good enough for the tolerances given,false
9,3.162000e+01,0,33,CONTINUE,6.470386e-06,9.239142e-07,1.000000e-09,6.470386e-07,2.220452e-14,3.018789e-03,8.738566e-01,1.350487e-02,7.160528e-05,3.244635e-02,4.584571e-01,5.585990e+00,2.510000e-01,1.046467e+06,REACHED_FORCE,REACHED_FORCE,REACHED_FORCE,9,0,0,7,0,0,17,0,0,3.672991e-08,NaN,8.785260e-08,NaN,4.538497e-08,NaN,2.963746e-04,7.575543e-05,4.608452e-01,solution good enough for the tolerances given,solution good enough for the tolerances given,solution good enough for the tolerances given,false
9,1.000000e+02,0,21,CONTINUE,6.470386e-06,9.327942e-07,1.000000e-09,6.470386e-07,2.220452e-14,2.853390e-03,8.692523e-01,1.357571e-02,7.195509e-05,3.495797e-02,4.946048e-01,5.615320e+00,2.510000e-01,1.046467e+06,REACHED_FORCE,REACHED_FORCE,REACHED_FORCE,6,0,0,5,0,0,10,0,0,2.378030e-08,NaN,3.178254e-08,NaN,6.525526e-08,NaN,1.348422e-04,3.321050e-05,2.111160e-01,solution good enough for the tolerances given,solution good enough for the tolerances given,solution good enough for the tolerances given,false
9,3.162000e+02,0,14,CONTINUE,6.470386e-06,9.273868e-07,1.000000e-09,6.470386e-07,2.220452e-14,2.853272e-03,8.784199e-01,1.349610e-02,7.187222e-05,3.198967e-02,4.519315e-01,5.582348e+00,2.510000e-01,1.046467e+06,REACHED_FORCE,REACHED_FORCE,REACHED_FORCE,4,0,0,3,0,0,7,0,0,2.010644e-08,NaN,4.212605e-08,NaN,2.381503e-08,NaN,5.457960e-05,1.293154e-05,8.289927e-02,solution good enough for the tolerances given,solution good enough for the tolerances given,solution good enough for the tolerances given,false
9,1.000000e+03,0,10,CONTINUE,6.470386e-06,9.299334e-07,1.000000e-09,6.470386e-07,2.220452e-14,2.853272e-03,8.778484e-01,1.350460e-02,7.204437e-05,3.228848e-02,4.562391e-01,5.585873e+00,2.510000e-01,1.046467e+06,REACHED_FORCE,REACHED_FORCE,REACHED_FORCE,3,0,0,2,0,0,5,0,0,1.543669e-08,NaN,2.759902e-08,NaN,9.051617e-09,NaN,1.989558e-05,4.556380e-06,2.893083e-02,solution good enough for the tolerances given,solution good enough for the tolerances given,solution good enough for the tolerances given,false
9,3.162000e+03,0,8,CONTINUE,6.470386e-06,9.556317e-07,1.000000e-09,6.470386e-07,2.220452e-14,2.853272e-03,8.673209e-01,1.370445e-02,7.296351e-05,3.929544e-02,5.570868e-01,5.668588e+00,2.510000e-01,1.046467e+06,REACHED_FORCE,REACHED_FORCE,REACHED_FORCE,2,0,0,2,0,0,4,0,0,2.033532e-08,NaN,4.044870e-09,NaN,5.231390e-09,NaN,6.730404e-06,1.574170e-06,9.499365e-03,solution good enough for the tolerances given,solution good enough for the tolerances given,solution good enough for the tolerances given,false
9,1.000000e+04,0,6,CONTINUE,6.470386e-06,9.330086e-07,1.000000e-09,6.470386e-07,2.220452e-14,2.853272e-03,8.742416e-01,1.353596e-02,7.216918e-05,3.345189e-02,4.729696e-01,5.598863e+00,2.510000e-01,1.046467e+06,REACHED_FORCE,REACHED_FORCE,REACHED_FORCE,2,0,0,1,0,0,3,0,0,2.252304e-09,NaN,4.811626e-08,NaN,2.052153e-08,NaN,2.183719e-06,4.841933e-07,3.042618e-03,solution good enough for the tolerances given,solution good enough for the tolerances given,solution good enough for the tolerances given,false
9,3.162000e+04,0,6,CONTINUE,6.470386e-06,9.344946e-07,1.000000e-09,6.470386e-07,2.220452e-14,2.853272e-03,8.697706e-01,1.357692e-02,7.208197e-05,3.497679e-02,4.948852e-01,5.615821e+00,2.510000e-01,1.046467e+06,REACHED_FORCE,REACHED_FORCE,REACHED_FORCE,2,0,0,1,0,0,3,0,0,2.327736e-10,NaN,1.517539e-08,NaN,6.764414e-10,NaN,6.966793e-07,1.532554e-07,9.662905e-04,solution good enough for the tolerances given,solution good enough for the tolerances given,solution good enough for the tolerances given,false
9,1.000000e+05,0,4,CONTINUE,6.470386e-06,9.475606e-07,1.000000e-09,6.470386e-07,2.220452e-14,2.853272e-03,8.672839e-01,1.366246e-02,7.262563e-05,3.790793e-02,5.370913e-01,5.651216e+00,2.510000e-01,1.046467e+06,REACHED_FORCE,REACHED_FORCE,REACHED_FORCE,1,0,0,1,0,0,2,0,0,1.799199e-08,NaN,1.343458e-08,NaN,1.446759e-08,NaN,2.209147e-07,4.988993e-08,3.059509e-04,solution good enough for the tolerances given,solution good enough for the tolerances given,solution good enough for the tolerances given,false
9,3.162000e+05,0,4,CONTINUE,6.470386e-06,9.396177e-07,1.000000e-09,6.470386e-07,2.220452e-14,2.853272e-03,8.674964e-01,1.362010e-02,7.224903e-05,3.649762e-02,5.167709e-01,5.633692e+00,2.510000e-01,1.046467e+06,REACHED_FORCE,REACHED_FORCE,REACHED_FORCE,1,0,0,1,0,0,2,0,0,5.693947e-09,NaN,1.525622e-09,NaN,1.453419e-09,NaN,6.992856e-08,1.549209e-08,9.679983e-05,solution good enough for the tolerances given,solution good enough for the tolerances given,solution good enough for the tolerances given,false
9,1.000000e+06,0,4,CONTINUE,6.470386e-06,9.371121e-07,1.000000e-09,6.470386e-07,2.220452e-14,2.853272e-03,8.675670e-01,1.360666e-02,7.213028e-05,3.605010e-02,5.103231e-01,5.628131e+00,2.510000e-01,1.046467e+06,REACHED_FORCE,REACHED_FORCE,REACHED_FORCE,1,0,0,1,0,0,2,0,0,1.800805e-09,NaN,4.806869e-10,NaN,4.305226e-09,NaN,2.211773e-08,4.869992e-09,3.061223e-05,solution good enough for the tolerances given,solution good enough for the tolerances given,solution good enough for the tolerances given,false
9,3.162000e+06,0,4,CONTINUE,6.470386e-06,9.363206e-07,1.000000e-09,6.470386e-07,2.220452e-14,2.853272e-03,8.675896e-01,1.360241e-02,7.209277e-05,3.590846e-02,5.082824e-01,5.626371e+00,2.510000e-01,1.046467e+06,REACHED_FORCE,REACHED_FORCE,REACHED_FORCE,1,0,0,1,0,0,2,0,0,5.695520e-10,NaN,1.518478e-10,NaN,1.364332e-08,NaN,6.995489e-09,1.537301e-09,9.681699e-06,solution good enough for the tolerances given,solution good enough for the tolerances given,solution good enough for the tolerances given,false
9,1.000000e+07,0,4,CONTINUE,6.470386e-06,9.360703e-07,1.000000e-09,6.470386e-07,2.220452e-14,2.853272e-03,8.675968e-01,1.360106e-02,7.208091e-05,3.586365e-02,5.076367e-01,5.625815e+00,2.510000e-01,1.046467e+06,REACHED_FORCE,REACHED_FORCE,REACHED_FORCE,1,0,0,1,0,0,2,0,0,1.800961e-10,NaN,4.799703e-11,NaN,2.844732e-08,NaN,2.212037e-09,4.858085e-10,3.061394e-06,solution good enough for the tolerances given,solution good enough for the tolerances given,solution good enough for the tolerances given,false
9,3.162000e+07,0,4,CONTINUE,6.470386e-06,9.359912e-07,1.000000e-09,6.470386e-07,2.220452e-14,2.853272e-03,8.675991e-01,1.360064e-02,7.207716e-05,3.584948e-02,5.074326e-01,5.625639e+00,2.510000e-01,1.046467e+06,REACHED_FORCE,REACHED_FORCE,REACHED_FORCE,1,0,0,1,0,0,2,0,0,5.695676e-11,NaN,1.082092e-10,NaN,8.665597e-08,NaN,6.995753e-10,1.536110e-10,9.681870e-07,solution good enough for the tolerances given,solution good enough for the tolerances given,solution good enough for the tolerances given,false
9,1.000000e+08,0,3,CONTINUE,6.470386e-06,9.359671e-07,1.000000e-09,6.470386e-07,2.220452e-14,2.853272e-03,8.675997e-01,1.360050e-02,7.207609e-05,3.584496e-02,5.073674e-01,5.625582e+00,2.510000e-01,1.046467e+06,REACHED_FORCE,REACHED_FORCE,REACHED_FORCE,1,0,0,1,0,0,1,0,0,7.264222e-11,NaN,5.511372e-09,NaN,2.456413e-07,NaN,2.212063e-10,4.856894e-11,3.061412e-07,solution good enough for the tolerances given,solution good enough for the tolerances given,solution good enough for the tolerances given,true
9,3.162000e+08,0,4,CONTINUE,6.470386e-06,9.359583e-07,1.000000e-09,6.470386e-07,2.220452e-14,2.853272e-03,8.676000e-01,1.360046e-02,7.207560e-05,3.584359e-02,5.073477e-01,5.625565e+00,2.510000e-01,1.046467e+06,REACHED_FORCE,REACHED_FORCE,REACHED_FORCE,1,0,0,1,0,0,1,1,1,1.267338e-11,NaN,1.913063e-11,NaN,1.085797e-06,7.698020e-11,6.995779e-11,1.535991e-11,9.681888e-08,solution good enough for the tolerances given,solution good enough for the tolerances given,solution good enough for the tolerances given,false
9,1.000000e+09,0,4,CONTINUE,6.470386e-06,9.359559e-07,1.000000e-09,6.470386e-07,2.220452e-14,2.853272e-03,8.676001e-01,1.360045e-02,7.207549e-05,3.584317e-02,5.073417e-01,5.625560e+00,2.510000e-01,1.046467e+06,REACHED_FORCE,REACHED_FORCE,REACHED_FORCE,1,0,0,1,0,0,1,1,1,4.028353e-11,NaN,4.461145e-11,NaN,4.399382e-06,1.011955e-10,2.212066e-11,4.856777e-12,3.061414e-08,solution good enough for the tolerances given,solution good enough for the tolerances given,solution good enough for the tolerances given,false
9,3.162000e+09,0,4,CONTINUE,6.470386e-06,9.359550e-07,1.000000e-09,6.470386e-07,2.220452e-14,2.853272e-03,8.676001e-01,1.360044e-02,7.207545e-05,3.584303e-02,5.073397e-01,5.625558e+00,2.510000e-01,1.046467e+06,REACHED_FORCE,REACHED_FORCE,REACHED_FORCE,1,0,0,1,0,0,1,1,1,9.100110e-11,NaN,1.531721e-10,NaN,8.433762e-06,6.630785e-11,6.995782e-12,1.535979e-12,9.681896e-09,solution good enough for the tolerances given,solution good enough for the tolerances given,solution good enough for the tolerances given,false
9,1.000000e+10,0,4,CONTINUE,6.470386e-06,9.359551e-07,1.000000e-09,6.470386e-07,2.220452e-14,2.853271e-03,8.676000e-01,1.360044e-02,7.207545e-05,3.584309e-02,5.073405e-01,5.625559e+00,2.510000e-01,1.046467e+06,REACHED_FORCE,REACHED_FORCE,REACHED_FORCE,1,0,0,1,0,0,1,1,1,6.831465e-10,NaN,5.394760e-10,NaN,4.113452e-05,9.315215e-11,2.212066e-12,4.856766e-13,3.061426e-09,solution good enough for the tolerances given,solution good enough for the tolerances given,solution good enough for the tolerances given,false
10,1.000000e+00,0,163,CONTINUE,9.359671e-07,9.813787e-08,1.000000e-09,9.359671e-08,2.220447e-14,1.593396e-02,9.103293e-01,1.460307e-02,7.015099e-06,3.158613e-02,4.544851e-01,6.038671e+00,2.510000e-01,2.633161e+07,REACHED_FORCE,REACHED_FORCE,REACHED_FORCE,43,0,0,31,0,0,89,0,0,2.524889e-08,NaN,1.993802e-08,NaN,1.890200e-08,NaN,9.285604e-04,9.902693e-05,3.619743e-01,solution good enough for the tolerances given,solution good enough for the tolerances given,solution good enough for the tolerances given,false
10,3.162000e+00,0,95,CONTINUE,9.359671e-07,9.792893e-08,1.000000e-09,9.359671e-08,2.220447e-14,8.336184e-03,9.118311e-01,1.458382e-02,7.009551e-06,3.092828e-02,4.450215e-01,6.030713e+00,2.510000e-01,2.633161e+07,REACHED_FORCE,REACHED_FORCE,REACHED_FORCE,25,0,0,18,0,0,52,0,0,2.591531e-08,NaN,3.787819e-08,NaN,1.109377e-08,NaN,4.348988e-04,4.659032e-05,1.566123e-01,solution good enough for the tolerances given,solution good enough for the tolerances given,solution good enough for the tolerances given,false
10,1.000000e+01,0,56,CONTINUE,9.359671e-07,9.671870e-08,1.000000e-09,9.359671e-08,2.220447e-14,4.050244e-03,9.111270e-01,1.449835e-02,6.963328e-06,2.826022e-02,4.066367e-01,5.995368e+00,2.510000e-01,2.633161e+07,REACHED_FORCE,REACHED_FORCE,REACHED_FORCE,15,0,0,11,0,0,30,0,0,2.683009e-08,NaN,1.667903e-08,NaN,1.211855e-08,NaN,2.179298e-04,2.217722e-05,6.125587e-02,solution good enough for the tolerances given,solution good enough for the tolerances given,solution good enough for the tolerances given,false
10,3.162000e+01,0,34,CONTINUE,9.359671e-07,9.482335e-08,1.000000e-09,9.359671e-08,2.220447e-14,3.003748e-03,9.103602e-01,1.436022e-02,6.892285e-06,2.392944e-02,3.443629e-01,5.938242e+00,2.510000e-01,2.633161e+07,REACHED_FORCE,REACHED_FORCE,REACHED_FORCE,9,0,0,7,0,0,18,0,0,2.384523e-08,NaN,6.956577e-09,NaN,5.619052e-09,NaN,1.257258e-04,1.163384e-05,2.356914e-02,solution good enough for the tolerances given,solution good enough for the tolerances given,solution good enough for the tolerances given,false
10,1.000000e+02,0,22,CONTINUE,9.359671e-07,9.123546e-08,1.000000e-09,9.359671e-08,2.220447e-14,2.924154e-03,9.086671e-01,1.409144e-02,6.757490e-06,1.548551e-02,2.231591e-01,5.827090e+00,2.510000e-01,2.633161e+07,REACHED_FORCE,REACHED_FORCE,REACHED_FORCE,6,0,0,5,0,0,11,0,0,1.047710e-08,NaN,1.734369e-09,NaN,3.906955e-09,NaN,7.802031e-05,5.169502e-06,9.999329e-03,solution good enough for the tolerances given,solution good enough for the tolerances given,solution good enough for the tolerances given,false
10,3.162000e+02,0,14,CONTINUE,9.359671e-07,8.836201e-08,1.000000e-09,9.359671e-08,2.220447e-14,2.781855e-03,9.138255e-01,1.382386e-02,6.673702e-06,6.995035e-03,1.024066e-01,5.716435e+00,2.510000e-01,2.633161e+07,REACHED_FORCE,REACHED_FORCE,REACHED_FORCE,4,0,0,3,0,0,7,0,0,7.046148e-09,NaN,8.564673e-09,NaN,3.943114e-09,NaN,4.351538e-05,1.948501e-06,4.739897e-03,solution good enough for the tolerances given,solution good enough for the tolerances given,solution good enough for the tolerances given,false
10,1.000000e+03,0,10,CONTINUE,9.359671e-07,8.628058e-08,1.000000e-09,9.359671e-08,2.220447e-14,2.781700e-03,9.153942e-01,1.366849e-02,6.589108e-06,2.112781e-03,3.792447e-02,5.652179e+00,2.510000e-01,2.633161e+07,REACHED_FORCE,REACHED_FORCE,REACHED_FORCE,3,0,0,2,0,0,5,0,0,1.070241e-08,NaN,2.615561e-09,NaN,3.065349e-09,NaN,1.941935e-05,5.998885e-07,2.048783e-03,solution good enough for the tolerances given,solution good enough for the tolerances given,solution good enough for the tolerances given,false
10,3.162000e+03,0,9,CONTINUE,9.359671e-07,8.620686e-08,1.000000e-09,9.359671e-08,2.220447e-14,2.781700e-03,9.095999e-01,1.369685e-02,6.568637e-06,3.020864e-03,4.877163e-02,5.663906e+00,2.510000e-01,2.633161e+07,REACHED_FORCE,REACHED_FORCE,REACHED_FORCE,3,0,0,2,0,0,4,0,0,3.917601e-10,NaN,3.173562e-10,NaN,2.631708e-09,NaN,7.165604e-06,1.835025e-07,7.529043e-04,solution good enough for the tolerances given,solution good enough for the tolerances given,solution good enough for the tolerances given,false
10,1.000000e+04,0,6,CONTINUE,9.359671e-07,8.577973e-08,1.000000e-09,9.359671e-08,2.220447e-14,2.781700e-03,9.134608e-01,1.364702e-02,6.562603e-06,1.443512e-03,3.118228e-02,5.643300e+00,2.510000e-01,2.633161e+07,REACHED_FORCE,REACHED_FORCE,REACHED_FORCE,2,0,0,1,0,0,3,0,0,2.780701e-09,NaN,9.243755e-09,NaN,2.144568e-09,NaN,2.396975e-06,6.024112e-08,2.517389e-04,solution good enough for the tolerances given,solution good enough for the tolerances given,solution good enough for the tolerances given,false
10,3.162000e+04,0,6,CONTINUE,9.359671e-07,8.609673e-08,1.000000e-09,9.359671e-08,2.220447e-14,2.781700e-03,9.101944e-01,1.368682e-02,6.565820e-06,2.702732e-03,4.485693e-02,5.659758e+00,2.510000e-01,2.633161e+07,REACHED_FORCE,REACHED_FORCE,REACHED_FORCE,2,0,0,1,0,0,3,0,0,2.861360e-10,NaN,2.907336e-09,NaN,3.696101e-09,NaN,7.723791e-07,1.901146e-08,8.111366e-05,solution good enough for the tolerances given,solution good enough for the tolerances given,solution good enough for the tolerances given,false
10,1.000000e+05,0,5,CONTINUE,9.359671e-07,8.623544e-08,1.000000e-09,9.359671e-08,2.220447e-14,2.781700e-03,9.090999e-01,1.370055e-02,6.569231e-06,3.139502e-03,5.026402e-02,5.665439e+00,2.510000e-01,2.633161e+07,REACHED_FORCE,REACHED_FORCE,REACHED_FORCE,2,0,0,1,0,0,2,0,0,2.889042e-11,NaN,9.206537e-10,NaN,2.492613e-09,NaN,2.457006e-07,6.023000e-09,2.580277e-05,solution good enough for the tolerances given,solution good enough for the tolerances given,solution good enough for the tolerances given,false
10,3.162000e+05,0,4,CONTINUE,9.359671e-07,8.728222e-08,1.000000e-09,9.359671e-08,2.220447e-14,2.781700e-03,9.078400e-01,1.372724e-02,6.643255e-06,3.987277e-03,6.123536e-02,5.676476e+00,2.510000e-01,2.633161e+07,REACHED_FORCE,REACHED_FORCE,REACHED_FORCE,1,0,0,1,0,0,2,0,0,1.133015e-08,NaN,2.997471e-10,NaN,1.502713e-09,NaN,7.785296e-08,1.956792e-09,8.175883e-06,solution good enough for the tolerances given,solution good enough for the tolerances given,solution good enough for the tolerances given,true
10,1.000000e+06,0,4,CONTINUE,9.359671e-07,8.661444e-08,1.000000e-09,9.359671e-08,2.220447e-14,2.781700e-03,9.083479e-01,1.371348e-02,6.593981e-06,3.550373e-03,5.551790e-02,5.670784e+00,2.510000e-01,2.633161e+07,REACHED_FORCE,REACHED_FORCE,REACHED_FORCE,1,0,0,1,0,0,2,0,0,3.585153e-09,NaN,9.297656e-11,NaN,4.173870e-09,NaN,2.463203e-08,6.080367e-10,2.586780e-06,solution good enough for the tolerances given,solution good enough for the tolerances given,solution good enough for the tolerances given,false
10,3.162000e+06,0,4,CONTINUE,9.359671e-07,8.640359e-08,1.000000e-09,9.359671e-08,2.220447e-14,2.781700e-03,9.085087e-01,1.370912e-02,6.578409e-06,3.412149e-03,5.373599e-02,5.668982e+00,2.510000e-01,2.633161e+07,REACHED_FORCE,REACHED_FORCE,REACHED_FORCE,1,0,0,1,0,0,2,0,0,1.134081e-09,NaN,2.922411e-11,NaN,9.166775e-09,NaN,7.791510e-09,1.912285e-10,8.182404e-07,solution good enough for the tolerances given,solution good enough for the tolerances given,solution good enough for the tolerances given,false
10,1.000000e+07,0,4,CONTINUE,9.359671e-07,8.633692e-08,1.000000e-09,9.359671e-08,2.220447e-14,2.781700e-03,9.085597e-01,1.370774e-02,6.573485e-06,3.368423e-03,5.317540e-02,5.668412e+00,2.510000e-01,2.633161e+07,REACHED_FORCE,REACHED_FORCE,REACHED_FORCE,1,0,0,1,0,0,2,0,0,3.586220e-10,NaN,9.222642e-12,NaN,2.990484e-08,NaN,2.463825e-09,6.035991e-11,2.587433e-07,solution good enough for the tolerances given,solution good enough for the tolerances given,solution good enough for the tolerances given,false
10,3.162000e+07,0,4,CONTINUE,9.359671e-07,8.631585e-08,1.000000e-09,9.359671e-08,2.220447e-14,2.781700e-03,9.085758e-01,1.370730e-02,6.571928e-06,3.354599e-03,5.299849e-02,5.668232e+00,2.510000e-01,2.633161e+07,REACHED_FORCE,REACHED_FORCE,REACHED_FORCE,1,0,0,1,0,0,1,1,1,1.134187e-10,NaN,2.914905e-12,NaN,9.765021e-08,1.411877e-09,7.792132e-10,1.907851e-11,8.183057e-08,solution good enough for the tolerances given,solution good enough for the tolerances given,solution good enough for the tolerances given,false
10,1.000000e+08,0,4,CONTINUE,9.359671e-07,8.630918e-08,1.000000e-09,9.359671e-08,2.220447e-14,2.781700e-03,9.085809e-01,1.370717e-02,6.571436e-06,3.350224e-03,5.294254e-02,5.668175e+00,2.510000e-01,2.633161e+07,REACHED_FORCE,REACHED_FORCE,REACHED_FORCE,1,0,0,1,0,0,1,1,1,3.586326e-11,NaN,1.207014e-12,NaN,3.254116e-07,1.528264e-09,2.463887e-10,6.031559e-12,2.587499e-08,solution good enough for the tolerances given,solution good enough for the tolerances given,solution good enough for the tolerances given,false
10,3.162000e+08,0,4,CONTINUE,9.359671e-07,8.630708e-08,1.000000e-09,9.359671e-08,2.220447e-14,2.781700e-03,9.085825e-01,1.370712e-02,6.571280e-06,3.348842e-03,5.292487e-02,5.668157e+00,2.510000e-01,2.633161e+07,REACHED_FORCE,REACHED_FORCE,REACHED_FORCE,1,0,0,1,0,0,1,1,1,1.134198e-11,NaN,4.085059e-12,NaN,1.262205e-06,2.072795e-09,7.792194e-11,1.907407e-12,8.183126e-09,solution good enough for the tolerances given,solution good enough for the tolerances given,solution good enough for the tolerances given,false
10,1.000000e+09,0,4,CONTINUE,9.359671e-07,8.630642e-08,1.000000e-09,9.359671e-08,2.220447e-14,2.781700e-03,9.085829e-01,1.370711e-02,6.571231e-06,3.348428e-03,5.291958e-02,5.668152e+00,2.510000e-01,2.633161e+07,REACHED_FORCE,REACHED_FORCE,REACHED_FORCE,1,0,0,1,0,0,1,1,1,6.287156e-12,NaN,8.778371e-12,NaN,2.730725e-06,2.376794e-09,2.463893e-11,6.031120e-13,2.587514e-09,solution good enough for the tolerances given,solution good enough for the tolerances given,solution good enough for the tolerances given,false
10,3.162000e+09,0,4,CONTINUE,9.359671e-07,8.630617e-08,1.000000e-09,9.359671e-08,2.220447e-14,2.781700e-03,9.085832e-01,1.370710e-02,6.571214e-06,3.348197e-03,5.291662e-02,5.668149e+00,2.510000e-01,2.633161e+07,REACHED_FORCE,REACHED_FORCE,REACHED_FORCE,1,0,0,1,0,0,1,1,1,1.637580e-11,NaN,3.577489e-11,NaN,8.723521e-06,1.763880e-09,7.792200e-12,1.907360e-13,8.183149e-10,solution good enough for the tolerances given,solution good enough for the tolerances given,solution good enough for the tolerances given,false
10,1.000000e+10,0,4,CONTINUE,9.359671e-07,8.630610e-08,1.000000e-09,9.359671e-08,2.220447e-14,2.781699e-03,9.085834e-01,1.370710e-02,6.571209e-06,3.348128e-03,5.291574e-02,5.668148e+00,2.510000e-01,2.633161e+07,REACHED_FORCE,REACHED_FORCE,REACHED_FORCE,1,0,0,1,0,0,1,1,1,5.999503e-11,NaN,7.718589e-11,NaN,3.026985e-05,2.912884e-09,2.463894e-12,6.031059e-14,2.587569e-10,solution good enough for the tolerances given,solution good enough for the tolerances given,solution good enough for the tolerances given,false
11,1.000000e+00,0,165,CONTINUE,8.728222e-08,3.815806e-09,1.000000e-09,8.728222e-09,2.220446e-14,1.706302e-02,9.671735e-01,1.384797e-02,2.867464e-07,3.577429e-03,5.162373e-02,5.726401e+00,2.510000e-01,1.350735e+08,REACHED_FORCE,REACHED_FORCE,REACHED_FORCE,37,0,0,36,0,0,86,6,1,1.110574e-09,NaN,1.706822e-09,NaN,9.706895e-09,4.116373e-09,2.014724e-04,6.168922e-06,4.025370e-01,solution good enough for the tolerances given,solution good enough for the tolerances given,solution good enough for the tolerances given,false
11,3.162000e+00,0,94,CONTINUE,8.728222e-08,3.824023e-09,1.000000e-09,8.728222e-09,2.220446e-14,9.772721e-03,9.662005e-01,1.384259e-02,2.874877e-07,3.421515e-03,4.937694e-02,5.724179e+00,2.510000e-01,1.350735e+08,REACHED_FORCE,REACHED_FORCE,REACHED_FORCE,22,0,0,21,0,0,51,0,0,7.826293e-10,NaN,1.049022e-09,NaN,7.251913e-09,NaN,9.453774e-05,3.185340e-06,2.591998e-01,solution good enough for the tolerances given,solution good enough for the tolerances given,solution good enough for the tolerances given,false
11,1.000000e+01,0,58,CONTINUE,8.728222e-08,3.800521e-09,1.000000e-09,8.728222e-09,2.220446e-14,6.350443e-03,9.683772e-01,1.379900e-02,2.866321e-07,2.122034e-03,3.065444e-02,5.706154e+00,2.510000e-01,1.350735e+08,REACHED_FORCE,REACHED_FORCE,REACHED_FORCE,13,0,0,12,0,0,30,3,1,1.010239e-09,NaN,1.143549e-09,NaN,1.695554e-08,4.801961e-09,4.324629e-05,1.623054e-06,1.323490e-01,solution good enough for the tolerances given,solution good enough for the tolerances given,solution good enough for the tolerances given,false
11,3.162000e+01,1,35,CONTINUE,8.728222e-08,3.891440e-09,1.000000e-09,8.728222e-09,2.220446e-14,3.035537e-03,9.590349e-01,1.387447e-02,2.919085e-07,4.400989e-03,6.348816e-02,5.737360e+00,2.510000e-01,1.350735e+08,REACHED_FORCE,REACHED_FORCE,REFINE_STALLED,8,0,0,8,0,0,18,1,1,4.745492e-10,NaN,5.407585e-10,NaN,1.643480e-08,1.538419e-08,1.728041e-05,7.907842e-07,5.290933e-02,solution good enough for the tolerances given,solution good enough for the tolerances given,solution good enough for the tolerances given,false
11,1.000000e+02,0,21,CONTINUE,8.728222e-08,3.878335e-09,1.000000e-09,8.728222e-09,2.220446e-14,2.791499e-03,9.599339e-01,1.381942e-02,2.921019e-07,2.750948e-03,3.971367e-02,5.714593e+00,2.510000e-01,1.350735e+08,REACHED_FORCE,REACHED_FORCE,REACHED_FORCE,5,0,0,5,0,0,11,0,0,4.502215e-10,NaN,2.942683e-10,NaN,6.290961e-09,NaN,6.119872e-06,3.997534e-07,1.833010e-02,solution good enough for the tolerances given,solution good enough for the tolerances given,solution good enough for the tolerances given,false
11,3.162000e+02,1,14,CONTINUE,8.728222e-08,3.773529e-09,1.000000e-09,8.728222e-09,2.220446e-14,2.791242e-03,9.698565e-01,1.364152e-02,2.879173e-07,2.541528e-03,3.655281e-02,5.641031e+00,2.510000e-01,1.350735e+08,REACHED_FORCE,REACHED_FORCE,REFINE_STALLED,3,0,0,3,0,0,7,1,1,4.669657e-10,NaN,6.577630e-10,NaN,1.138503e-08,1.612062e-08,2.036562e-06,1.894516e-07,5.985691e-03,solution good enough for the tolerances given,solution good enough for the tolerances given,solution good enough for the tolerances given,false
11,1.000000e+03,1,12,CONTINUE,8.728222e-08,3.906307e-09,1.000000e-09,8.728222e-09,2.220446e-14,2.791242e-03,9.559147e-01,1.373295e-02,2.961023e-07,1.690128e-04,2.560853e-03,5.678835e+00,2.510000e-01,1.350735e+08,REACHED_FORCE,REACHED_FORCE,REFINE_STALLED,3,0,0,3,0,0,5,1,1,2.798879e-11,NaN,3.244664e-11,NaN,9.242740e-09,9.655139e-09,6.578220e-07,7.752384e-08,1.913906e-03,solution good enough for the tolerances given,solution good enough for the tolerances given,solution good enough for the tolerances given,false
11,3.162000e+03,0,8,CONTINUE,8.728222e-08,3.880759e-09,1.000000e-09,8.728222e-09,2.220446e-14,2.791242e-03,9.585691e-01,1.371349e-02,2.945730e-07,4.176701e-04,5.972656e-03,5.670788e+00,2.510000e-01,1.350735e+08,REACHED_FORCE,REACHED_FORCE,REACHED_FORCE,2,0,0,2,0,0,4,0,0,1.071112e-10,NaN,8.162658e-11,NaN,6.712895e-09,NaN,2.096780e-07,2.812959e-08,6.076752e-04,solution good enough for the tolerances given,solution good enough for the tolerances given,solution good enough for the tolerances given,false
11,1.000000e+04,0,7,CONTINUE,8.728222e-08,3.906727e-09,1.000000e-09,8.728222e-09,2.220446e-14,2.791242e-03,9.558042e-01,1.372696e-02,2.962649e-07,3.214994e-05,6.945646e-04,5.676357e+00,2.510000e-01,1.350735e+08,REACHED_FORCE,REACHED_FORCE,REACHED_FORCE,2,0,0,2,0,0,3,0,0,1.129827e-11,NaN,8.866683e-12,NaN,4.683272e-09,NaN,6.647527e-08,9.300262e-09,1.924055e-04,solution good enough for the tolerances given,solution good enough for the tolerances given,solution good enough for the tolerances given,false
11,3.162000e+04,1,7,CONTINUE,8.728222e-08,3.843219e-09,1.000000e-09,8.728222e-09,2.220446e-14,2.791242e-03,9.620818e-01,1.364488e-02,2.931931e-07,2.461994e-03,3.540928e-02,5.642416e+00,2.510000e-01,1.350735e+08,REACHED_FORCE,REACHED_FORCE,REFINE_STALLED,2,0,0,1,0,0,3,1,1,1.149774e-12,NaN,2.657733e-10,NaN,1.467734e-08,1.405633e-08,2.104109e-08,2.989598e-09,6.087603e-05,solution good enough for the tolerances given,solution good enough for the tolerances given,solution good enough for the tolerances given,false
11,1.000000e+05,1,5,CONTINUE,8.728222e-08,3.890068e-09,1.000000e-09,8.728222e-09,2.220446e-14,2.791242e-03,9.576710e-01,1.372966e-02,2.949489e-07,7.373979e-05,1.248171e-03,5.677477e+00,2.510000e-01,1.350735e+08,REACHED_FORCE,REACHED_FORCE,REFINE_STALLED,1,0,0,1,0,0,2,1,1,8.166476e-10,NaN,8.518747e-11,NaN,9.546795e-09,9.729234e-09,6.654997e-09,9.580467e-10,1.925171e-05,solution good enough for the tolerances given,solution good enough for the tolerances given,solution good enough for the tolerances given,false
11,3.162000e+05,1,5,CONTINUE,8.728222e-08,3.903583e-09,1.000000e-09,8.728222e-09,2.220446e-14,2.791242e-03,9.561683e-01,1.372888e-02,2.959877e-07,5.303282e-05,9.832135e-04,5.677152e+00,2.510000e-01,1.350735e+08,REACHED_FORCE,REACHED_FORCE,REFINE_STALLED,1,0,0,1,0,0,2,1,1,2.582816e-10,NaN,2.686723e-11,NaN,1.239198e-08,1.069952e-08,2.104861e-09,3.018551e-10,6.088730e-06,solution good enough for the tolerances given,solution good enough for the tolerances given,solution good enough for the tolerances given,false
11,1.000000e+06,1,5,CONTINUE,8.728222e-08,3.907822e-09,1.000000e-09,8.728222e-09,2.220446e-14,2.791242e-03,9.556966e-01,1.372860e-02,2.963142e-07,4.638044e-05,9.018095e-04,5.677038e+00,2.510000e-01,1.350735e+08,REACHED_FORCE,REACHED_FORCE,REFINE_STALLED,1,0,0,1,0,0,2,1,1,8.166988e-11,NaN,8.488024e-12,NaN,1.750760e-08,1.101080e-08,6.655750e-10,9.533499e-11,1.925284e-06,solution good enough for the tolerances given,solution good enough for the tolerances given,solution good enough for the tolerances given,false
11,3.162000e+06,1,5,CONTINUE,8.728222e-08,3.909159e-09,1.000000e-09,8.728222e-09,2.220446e-14,2.791242e-03,9.555479e-01,1.372851e-02,2.964173e-07,4.432612e-05,8.771078e-04,5.677001e+00,2.510000e-01,1.350735e+08,REACHED_FORCE,REACHED_FORCE,REFINE_STALLED,1,0,0,1,0,0,2,1,1,2.582867e-11,NaN,2.683645e-12,NaN,1.564837e-08,1.005168e-08,2.104936e-10,3.013911e-11,6.088843e-07,solution good enough for the tolerances given,solution good enough for the tolerances given,solution good enough for the tolerances given,false
11,1.000000e+07,0,5,CONTINUE,8.728222e-08,3.909581e-09,1.000000e-09,8.728222e-09,2.220446e-14,2.791242e-03,9.555008e-01,1.372848e-02,2.964498e-07,4.368357e-05,8.694237e-04,5.676989e+00,2.510000e-01,1.350735e+08,REACHED_FORCE,REACHED_FORCE,REACHED_FORCE,1,0,0,1,0,0,2,1,1,8.167039e-12,NaN,8.484945e-13,NaN,5.425501e-08,6.720683e-09,6.655826e-11,9.528878e-12,1.925295e-07,solution good enough for the tolerances given,solution good enough for the tolerances given,solution good enough for the tolerances given,true
11,3.162000e+07,0,6,CONTINUE,8.728222e-08,3.909715e-09,1.000000e-09,8.728222e-09,2.220446e-14,2.791242e-03,9.554860e-01,1.372848e-02,2.964601e-07,4.348407e-05,8.670421e-04,5.676986e+00,2.510000e-01,1.350735e+08,REACHED_FORCE,REACHED_FORCE,REACHED_FORCE,1,0,0,1,0,0,2,2,2,2.582872e-12,NaN,2.683337e-13,NaN,1.018789e-07,1.253474e-08,2.104944e-11,3.013450e-12,6.088855e-08,solution good enough for the tolerances given,solution good enough for the tolerances given,solution good enough for the tolerances given,false
11,1.000000e+08,0,6,CONTINUE,8.728222e-08,3.909757e-09,1.000000e-09,8.728222e-09,2.220446e-14,2.791242e-03,9.554813e-01,1.372847e-02,2.964634e-07,4.341715e-05,8.662434e-04,5.676984e+00,2.510000e-01,1.350735e+08,REACHED_FORCE,REACHED_FORCE,REACHED_FORCE,1,0,0,1,0,0,2,2,2,8.167044e-13,NaN,2.943509e-13,NaN,2.762156e-07,1.577985e-08,6.655833e-12,9.528417e-13,1.925296e-08,solution good enough for the tolerances given,solution good enough for the tolerances given,solution good enough for the tolerances given,false
11,3.162000e+08,0,5,CONTINUE,8.728222e-08,3.909770e-09,1.000000e-09,8.728222e-09,2.220446e-14,2.791242e-03,9.554798e-01,1.372847e-02,2.964644e-07,4.338894e-05,8.659067e-04,5.676984e+00,2.510000e-01,1.350735e+08,REACHED_FORCE,REACHED_FORCE,REACHED_FORCE,1,0,0,1,0,0,1,2,2,7.347508e-13,NaN,1.136424e-12,NaN,1.285880e-06,9.322918e-09,2.104944e-12,3.013403e-13,6.088855e-09,solution good enough for the tolerances given,solution good enough for the tolerances given,solution good enough for the tolerances given,false
11,1.000000e+09,0,5,CONTINUE,8.728222e-08,3.909776e-09,1.000000e-09,8.728222e-09,2.220446e-14,2.791242e-03,9.554792e-01,1.372847e-02,2.964648e-07,4.345683e-05,8.667190e-04,5.676985e+00,2.510000e-01,1.350735e+08,REACHED_FORCE,REACHED_FORCE,REACHED_FORCE,1,0,0,1,0,0,1,2,2,2.212961e-12,NaN,3.482782e-12,NaN,3.206231e-06,1.226627e-08,6.655834e-13,9.528374e-14,1.925300e-09,solution good enough for the tolerances given,solution good enough for the tolerances given,solution good enough for the tolerances given,false
11,3.162000e+09,1,6,CONTINUE,8.728222e-08,3.909774e-09,1.000000e-09,8.728222e-09,2.220446e-14,2.791241e-03,9.554795e-01,1.372846e-02,2.964649e-07,4.322787e-05,8.639810e-04,5.676981e+00,2.510000e-01,1.350735e+08,REACHED_FORCE,REACHED_FORCE,REFINE_STALLED,1,0,0,1,0,0,1,3,3,9.615935e-12,NaN,1.086957e-11,NaN,8.309318e-06,2.171927e-08,2.104944e-13,3.013397e-14,6.088870e-10,solution good enough for the tolerances given,solution good enough for the tolerances given,solution good enough for the tolerances given,false
11,1.000000e+10,0,5,CONTINUE,8.728222e-08,3.909765e-09,1.000000e-09,8.728222e-09,2.220446e-14,2.791241e-03,9.554803e-01,1.372845e-02,2.964645e-07,4.280874e-05,8.589748e-04,5.676973e+00,2.510000e-01,1.350735e+08,REACHED_FORCE,REACHED_FORCE,REACHED_FORCE,1,0,0,1,0,0,1,2,2,2.438973e-11,NaN,3.186541e-11,NaN,3.078206e-05,1.223913e-08,6.655834e-14,9.528337e-15,1.925289e-10,solution good enough for the tolerances given,solution good enough for the tolerances given,solution good enough for the tolerances given,false
12,1.000000e+00,1,203,CONTINUE,3.909581e-09,9.261740e-11,1.000000e-09,3.909581e-10,2.220446e-14,1.717358e-02,9.899186e-01,1.377099e-02,6.402715e-09,1.230465e-03,1.784085e-02,5.694650e+00,2.510000e-01,2.084339e+09,REACHED_FORCE,REACHED_FORCE,REFINE_STALLED,57,0,0,46,0,0,89,11,1,5.218898e-11,NaN,2.122516e-10,NaN,1.554227e-07,1.074885e-07,1.452373e-05,1.362273e-06,3.309100e-02,solution good enough for the tolerances given,solution good enough for the tolerances given,solution good enough for the tolerances given,false
12,3.162000e+00,1,122,CONTINUE,3.909581e-09,1.077788e-10,1.000000e-09,3.909581e-10,2.220446e-14,9.794258e-03,9.831869e-01,1.378015e-02,7.552626e-09,1.506056e-03,2.181196e-02,5.698434e+00,2.510000e-01,2.084339e+09,REACHED_FORCE,REACHED_FORCE,REFINE_STALLED,32,0,0,27,0,0,52,11,1,4.854296e-11,NaN,1.172753e-10,NaN,1.444348e-07,1.262044e-07,5.393122e-06,7.260076e-07,1.186396e-02,solution good enough for the tolerances given,solution good enough for the tolerances given,solution good enough for the tolerances given,false
12,1.000000e+01,1,71,CONTINUE,3.909581e-09,1.102690e-10,1.000000e-09,3.909581e-10,2.220446e-14,6.279474e-03,9.797298e-01,1.384241e-02,7.701097e-09,3.335191e-03,4.816914e-02,5.724182e+00,2.510000e-01,2.084339e+09,REACHED_FORCE,REACHED_FORCE,REFINE_STALLED,19,0,0,16,0,0,30,6,1,3.692092e-11,NaN,5.342820e-11,NaN,3.449169e-07,3.311190e-07,2.166721e-06,5.194537e-07,4.114662e-03,solution good enough for the tolerances given,solution good enough for the tolerances given,solution good enough for the tolerances given,false
12,3.162000e+01,1,41,CONTINUE,3.909581e-09,1.176191e-10,1.000000e-09,3.909581e-10,2.220446e-14,3.054357e-03,9.749179e-01,1.388824e-02,8.227494e-09,4.700772e-03,6.784631e-02,5.743134e+00,2.510000e-01,2.084339e+09,REACHED_FORCE,REACHED_FORCE,REFINE_STALLED,11,0,0,10,0,0,17,3,1,2.517214e-11,NaN,2.936959e-11,NaN,1.357923e-07,1.373153e-07,9.884858e-07,3.575530e-07,1.374690e-03,solution good enough for the tolerances given,solution good enough for the tolerances given,solution good enough for the tolerances given,false
12,1.000000e+02,1,26,CONTINUE,3.909581e-09,1.083812e-10,1.000000e-09,3.909581e-10,2.220446e-14,2.826130e-03,9.778765e-01,1.391141e-02,7.513903e-09,5.366370e-03,7.743731e-02,5.752713e+00,2.510000e-01,2.084339e+09,REACHED_FORCE,REACHED_FORCE,REFINE_STALLED,7,0,0,6,0,0,11,2,1,1.596613e-11,NaN,5.196265e-11,NaN,1.101126e-07,2.332610e-07,4.708448e-07,2.082884e-07,4.480705e-04,solution good enough for the tolerances given,solution good enough for the tolerances given,solution good enough for the tolerances given,false
12,3.162000e+02,1,17,CONTINUE,3.909581e-09,1.048538e-10,1.000000e-09,3.909581e-10,2.220446e-14,2.825927e-03,9.795292e-01,1.390574e-02,7.251111e-09,5.191212e-03,7.491343e-02,5.750369e+00,2.510000e-01,2.084339e+09,REACHED_FORCE,REACHED_FORCE,REFINE_STALLED,5,0,0,4,0,0,7,1,1,5.042854e-12,NaN,1.880724e-11,NaN,7.588752e-08,1.143170e-07,2.079456e-07,1.011923e-07,1.451767e-04,solution good enough for the tolerances given,solution good enough for the tolerances given,solution good enough for the tolerances given,false
12,1.000000e+03,1,13,CONTINUE,3.909581e-09,1.028415e-10,1.000000e-09,3.909581e-10,2.220446e-14,2.825927e-03,9.799585e-01,1.391698e-02,7.092727e-09,5.518058e-03,7.962312e-02,5.755017e+00,2.510000e-01,2.084339e+09,REACHED_FORCE,REACHED_FORCE,REFINE_STALLED,4,0,0,3,0,0,5,1,1,1.558884e-12,NaN,1.675937e-11,NaN,8.247551e-08,8.047181e-08,8.181924e-08,4.181886e-08,4.714202e-05,solution good enough for the tolerances given,solution good enough for the tolerances given,solution good enough for the tolerances given,false
12,3.162000e+03,1,11,CONTINUE,3.909581e-09,1.143111e-10,1.000000e-09,3.909581e-10,2.220446e-14,2.825927e-03,9.735815e-01,1.395896e-02,7.929882e-09,6.791703e-03,9.797543e-02,5.772376e+00,2.510000e-01,2.084339e+09,REACHED_FORCE,REACHED_FORCE,REFINE_STALLED,3,0,0,3,0,0,4,1,1,1.446000e-12,NaN,2.052336e-11,NaN,1.282494e-07,1.831944e-07,2.880163e-08,1.500115e-08,1.519234e-05,solution good enough for the tolerances given,solution good enough for the tolerances given,solution good enough for the tolerances given,false
12,1.000000e+04,1,8,CONTINUE,3.909581e-09,1.320494e-10,1.000000e-09,3.909581e-10,2.220446e-14,2.825927e-03,9.721797e-01,1.380175e-02,9.385131e-09,2.160739e-03,3.124549e-02,5.707365e+00,2.510000e-01,2.084339e+09,REACHED_FORCE,REACHED_FORCE,REFINE_STALLED,2,0,0,2,0,0,3,1,1,2.079270e-11,NaN,1.686162e-11,NaN,1.805217e-07,1.206650e-07,9.487949e-09,4.895865e-09,4.844513e-06,solution good enough for the tolerances given,solution good enough for the tolerances given,solution good enough for the tolerances given,false
12,3.162000e+04,1,8,CONTINUE,3.909581e-09,1.149511e-10,1.000000e-09,3.909581e-10,2.220446e-14,2.825927e-03,9.736660e-01,1.394965e-02,7.984026e-09,6.516820e-03,9.401451e-02,5.768528e+00,2.510000e-01,2.084339e+09,REACHED_FORCE,REACHED_FORCE,REFINE_STALLED,2,0,0,2,0,0,3,1,1,3.246736e-12,NaN,4.830847e-11,NaN,6.328486e-08,8.906761e-08,3.042503e-09,1.597818e-09,1.536738e-06,solution good enough for the tolerances given,solution good enough for the tolerances given,solution good enough for the tolerances given,false
12,1.000000e+05,1,8,CONTINUE,3.909581e-09,1.132094e-10,1.000000e-09,3.909581e-10,2.220446e-14,2.825927e-03,9.738127e-01,1.396483e-02,7.843869e-09,6.963175e-03,1.004462e-01,5.774805e+00,2.510000e-01,2.084339e+09,REACHED_FORCE,REACHED_FORCE,REFINE_STALLED,2,0,0,2,0,0,3,1,1,4.227729e-13,NaN,3.993916e-11,NaN,2.438563e-07,2.071090e-07,9.663624e-10,5.086633e-10,4.863997e-07,solution good enough for the tolerances given,solution good enough for the tolerances given,solution good enough for the tolerances given,false
12,3.162000e+05,1,6,CONTINUE,3.909581e-09,1.379462e-10,1.000000e-09,3.909581e-10,2.220446e-14,2.825927e-03,9.738823e-01,1.369062e-02,9.924132e-09,1.117845e-03,1.599485e-02,5.661413e+00,2.510000e-01,2.084339e+09,REACHED_FORCE,REACHED_FORCE,REFINE_STALLED,1,0,0,1,0,0,2,2,2,2.599881e-11,NaN,1.404678e-11,NaN,3.837488e-07,1.375032e-07,3.060541e-10,1.570370e-10,1.538754e-07,solution good enough for the tolerances given,solution good enough for the tolerances given,solution good enough for the tolerances given,false
12,1.000000e+06,1,5,CONTINUE,3.909581e-09,1.207997e-10,1.000000e-09,3.909581e-10,2.220446e-14,2.825927e-03,9.739421e-01,1.387821e-02,8.474426e-09,4.409884e-03,6.365473e-02,5.738985e+00,2.510000e-01,2.084339e+09,REACHED_FORCE,REACHED_FORCE,REFINE_STALLED,1,0,0,1,0,0,2,1,1,9.296564e-12,NaN,2.616529e-11,NaN,1.107882e-07,1.466103e-07,9.681813e-11,5.056967e-11,4.866036e-08,solution good enough for the tolerances given,solution good enough for the tolerances given,solution good enough for the tolerances given,true
12,3.162000e+06,1,5,CONTINUE,3.909581e-09,1.154719e-10,1.000000e-09,3.909581e-10,2.220446e-14,2.825927e-03,9.738697e-01,1.393855e-02,8.030893e-09,6.188427e-03,8.928257e-02,5.763939e+00,2.510000e-01,2.084339e+09,REACHED_FORCE,REACHED_FORCE,REFINE_STALLED,1,0,0,1,0,0,2,1,1,2.601973e-12,NaN,2.518075e-11,NaN,9.701323e-08,2.168837e-07,3.062365e-11,1.608550e-11,1.538961e-08,solution good enough for the tolerances given,solution good enough for the tolerances given,solution good enough for the tolerances given,false
12,1.000000e+07,1,5,CONTINUE,3.909581e-09,1.135898e-10,1.000000e-09,3.909581e-10,2.220446e-14,2.825927e-03,9.738969e-01,1.395767e-02,7.876636e-09,6.751443e-03,9.739530e-02,5.771842e+00,2.510000e-01,2.084339e+09,REACHED_FORCE,REACHED_FORCE,REFINE_STALLED,1,0,0,1,0,0,2,1,1,8.227943e-13,NaN,4.979617e-11,NaN,2.654052e-07,1.945918e-07,9.683638e-12,5.095553e-12,4.866245e-09,solution good enough for the tolerances given,solution good enough for the tolerances given,solution good enough for the tolerances given,false
12,3.162000e+07,1,6,CONTINUE,3.909581e-09,1.132024e-10,1.000000e-09,3.909581e-10,2.220446e-14,2.825927e-03,9.738431e-01,1.396382e-02,7.843646e-09,6.933173e-03,1.000139e-01,5.774387e+00,2.510000e-01,2.084339e+09,REACHED_FORCE,REACHED_FORCE,REFINE_STALLED,1,0,0,1,0,0,2,2,2,8.584244e-13,NaN,2.800649e-11,NaN,3.510051e-07,1.192168e-07,3.062548e-12,1.612428e-12,1.538990e-09,solution good enough for the tolerances given,solution good enough for the tolerances given,solution good enough for the tolerances given,false
12,1.000000e+08,1,6,CONTINUE,3.909581e-09,1.129554e-10,1.000000e-09,3.909581e-10,2.220446e-14,2.825927e-03,9.738657e-01,1.396566e-02,7.823981e-09,6.987264e-03,1.007934e-01,5.775148e+00,2.510000e-01,2.084339e+09,REACHED_FORCE,REACHED_FORCE,REFINE_STALLED,1,0,0,1,0,0,2,2,2,1.891820e-13,NaN,4.040279e-11,NaN,4.114103e-07,1.488344e-07,9.683820e-13,5.099432e-13,4.866276e-10,solution good enough for the tolerances given,solution good enough for the tolerances given,solution good enough for the tolerances given,false
12,3.162000e+08,1,5,CONTINUE,3.909581e-09,1.130417e-10,1.000000e-09,3.909581e-10,2.220446e-14,2.825927e-03,9.738262e-01,1.396630e-02,7.829973e-09,7.006456e-03,1.010699e-01,5.775414e+00,2.510000e-01,2.084339e+09,REACHED_FORCE,REACHED_FORCE,REFINE_STALLED,1,0,0,1,0,0,1,2,2,3.619876e-13,NaN,2.216616e-11,NaN,1.014990e-06,1.262079e-07,3.062566e-13,1.612816e-13,1.539026e-10,solution good enough for the tolerances given,solution good enough for the tolerances given,solution good enough for the tolerances given,false
12,1.000000e+09,1,5,CONTINUE,3.909581e-09,1.129981e-10,1.000000e-09,3.909581e-10,2.220446e-14,2.825927e-03,9.738460e-01,1.396634e-02,7.826305e-09,7.007342e-03,1.010827e-01,5.775428e+00,2.510000e-01,2.084339e+09,REACHED_FORCE,REACHED_FORCE,REFINE_STALLED,1,0,0,1,0,0,1,2,2,1.005958e-12,NaN,4.390976e-11,NaN,3.009419e-06,1.165255e-07,9.683838e-14,5.099826e-14,4.866959e-11,solution good enough for the tolerances given,solution good enough for the tolerances given,solution good enough for the tolerances given,false
12,3.162000e+09,1,5,CONTINUE,3.909581e-09,1.129359e-10,1.000000e-09,3.909581e-10,2.220446e-14,2.825927e-03,9.738554e-01,1.396644e-02,7.821694e-09,7.010316e-03,1.011255e-01,5.775471e+00,2.510000e-01,2.084339e+09,REACHED_FORCE,REACHED_FORCE,REFINE_STALLED,1,0,0,1,0,0,1,2,2,4.555537e-12,NaN,2.706713e-11,NaN,9.596278e-06,8.682944e-08,3.062568e-14,1.612851e-14,1.539769e-11,solution good enough for the tolerances given,solution good enough for the tolerances given,solution good enough for the tolerances given,false
12,1.000000e+10,1,5,CONTINUE,3.909581e-09,1.129302e-10,1.000000e-09,3.909581e-10,2.220446e-14,2.825926e-03,9.738595e-01,1.396630e-02,7.821811e-09,7.006067e-03,1.010643e-01,5.775412e+00,2.510000e-01,2.084339e+09,REACHED_FORCE,REACHED_FORCE,REFINE_STALLED,1,0,0,1,0,0,1,2,2,1.102979e-11,NaN,5.974110e-11,NaN,4.114615e-05,8.642829e-08,9.683840e-15,5.099772e-15,4.874788e-12,solution good enough for the tolerances given,solution good enough for the tolerances given,solution good enough for the tolerances given,false
13,1.000000e+00,1,282,CONTINUE,1.207997e-10,1.188264e-11,1.000000e-09,1.207997e-11,2.220446e-14,1.710173e-02,8.894376e-01,1.400972e-02,8.592997e-10,4.243111e-03,6.114914e-02,5.793374e+00,2.510000e-01,7.217022e+10,REFINE_STALLED,REFINE_STALLED,REFINE_STALLED,61,7,1,45,15,1,99,55,1,1.576264e-10,2.059424e-10,9.601897e-10,1.829512e-09,3.289956e-06,5.594764e-06,1.247789e-06,4.247815e-08,1.043851e-03,solution good enough for the tolerances given,solution good enough for the tolerances given,solution good enough for the tolerances given,false
13,3.162000e+00,1,165,CONTINUE,1.207997e-10,1.846046e-12,1.000000e-09,1.207997e-11,2.220446e-14,9.814885e-03,9.900000e-01,1.380664e-02,1.177600e-10,2.074804e-03,2.988697e-02,5.709397e+00,2.510000e-01,7.217022e+10,REFINE_STALLED,REFINE_STALLED,REFINE_STALLED,35,7,2,27,6,1,57,33,1,1.058700e-10,5.204770e-11,3.916850e-10,3.924772e-10,4.124248e-06,3.996198e-06,4.589471e-07,3.847006e-08,3.616709e-04,solution good enough for the tolerances given,solution good enough for the tolerances given,solution good enough for the tolerances given,false
13,1.000000e+01,1,112,CONTINUE,1.207997e-10,1.705344e-12,1.000000e-09,1.207997e-11,2.220446e-14,6.149819e-03,9.900000e-01,1.381911e-02,1.066020e-10,1.713489e-03,2.468072e-02,5.714551e+00,2.510000e-01,7.217022e+10,REFINE_STALLED,REFINE_STALLED,REFINE_STALLED,20,3,1,17,3,1,33,36,2,1.140350e-10,1.981695e-10,4.921223e-10,2.617302e-10,9.109916e-06,2.714492e-06,1.837693e-07,3.158128e-08,1.291165e-04,solution good enough for the tolerances given,solution good enough for the tolerances given,solution good enough for the tolerances given,false
13,3.162000e+01,1,57,CONTINUE,1.207997e-10,1.901050e-12,1.000000e-09,1.207997e-11,2.220446e-14,3.083219e-03,9.860123e-01,1.383833e-02,1.316863e-10,1.160959e-03,1.671919e-02,5.722500e+00,2.510000e-01,7.217022e+10,REFINE_STALLED,REFINE_STALLED,REFINE_STALLED,12,2,1,10,2,1,19,12,1,1.001019e-10,7.794737e-11,1.527973e-10,1.607341e-10,6.673055e-06,7.038143e-06,8.698586e-08,2.257554e-08,4.773896e-05,solution good enough for the tolerances given,solution good enough for the tolerances given,solution good enough for the tolerances given,false
13,1.000000e+02,1,36,CONTINUE,1.207997e-10,1.521573e-12,1.000000e-09,1.207997e-11,2.220446e-14,2.874928e-03,9.876719e-01,1.387169e-02,1.054877e-10,1.896536e-04,2.723407e-03,5.736295e+00,2.510000e-01,7.217022e+10,REFINE_STALLED,REFINE_STALLED,REFINE_STALLED,8,1,1,7,1,1,12,7,1,2.310652e-11,3.062040e-11,7.876411e-11,4.354961e-11,4.924387e-06,4.044315e-06,4.330716e-08,1.329894e-08,1.814074e-05,solution good enough for the tolerances given,solution good enough for the tolerances given,solution good enough for the tolerances given,false
13,3.162000e+02,1,25,CONTINUE,1.207997e-10,1.596739e-12,1.000000e-09,1.207997e-11,2.220446e-14,2.874780e-03,9.873617e-01,1.386866e-02,1.094080e-10,2.777689e-04,3.993085e-03,5.735043e+00,2.510000e-01,7.217022e+10,REFINE_STALLED,REFINE_STALLED,REFINE_STALLED,5,1,1,5,1,1,8,5,1,4.710188e-11,4.034151e-11,3.225464e-11,2.256328e-11,7.144675e-06,3.713241e-06,1.963589e-08,6.455146e-09,6.724309e-06,solution good enough for the tolerances given,solution good enough for the tolerances given,solution good enough for the tolerances given,false
13,1.000000e+03,1,18,CONTINUE,1.207997e-10,1.499406e-12,1.000000e-09,1.207997e-11,2.220446e-14,2.874780e-03,9.900000e-01,1.385746e-02,9.755585e-11,6.015886e-04,8.659090e-03,5.730413e+00,2.510000e-01,7.217022e+10,REACHED_FORCE,REFINE_STALLED,REFINE_STALLED,4,0,0,3,1,1,6,4,1,3.197886e-12,NaN,2.248621e-10,2.868448e-10,6.704144e-06,4.335993e-06,7.831570e-09,2.639476e-09,2.360606e-06,solution good enough for the tolerances given,solution good enough for the tolerances given,solution good enough for the tolerances given,false
13,3.162000e+03,1,15,CONTINUE,1.207997e-10,1.309633e-12,1.000000e-09,1.207997e-11,2.220446e-14,2.874780e-03,9.897188e-01,1.388332e-02,9.005425e-11,1.480775e-04,2.142951e-03,5.741106e+00,2.510000e-01,7.217022e+10,REFINE_STALLED,REFINE_STALLED,REFINE_STALLED,3,1,1,3,1,1,4,3,1,6.231526e-11,7.720180e-11,1.905542e-11,1.858558e-11,4.713323e-06,6.170983e-06,2.772000e-09,9.480206e-10,7.867770e-07,solution good enough for the tolerances given,solution good enough for the tolerances given,solution good enough for the tolerances given,false
13,1.000000e+04,1,12,CONTINUE,1.207997e-10,1.618828e-12,1.000000e-09,1.207997e-11,2.220446e-14,2.874780e-03,9.890418e-01,1.385200e-02,1.092950e-10,7.606868e-04,1.095157e-02,5.728154e+00,2.510000e-01,7.217022e+10,REACHED_FORCE,REFINE_STALLED,REFINE_STALLED,3,0,0,2,1,1,4,2,1,2.453815e-12,NaN,2.067939e-10,2.654567e-10,9.113791e-06,6.890716e-06,9.148539e-10,3.120753e-10,2.536710e-07,solution good enough for the tolerances given,solution good enough for the tolerances given,solution good enough for the tolerances given,false
13,3.162000e+04,1,11,CONTINUE,1.207997e-10,5.568479e-12,1.000000e-09,1.207997e-11,2.220446e-14,2.874780e-03,9.594761e-01,1.387551e-02,3.946645e-10,8.089574e-05,1.156264e-03,5.737876e+00,2.510000e-01,7.217022e+10,REFINE_STALLED,REFINE_STALLED,REFINE_STALLED,2,1,1,2,1,1,3,2,1,2.709729e-10,4.184814e-10,3.829885e-10,3.870662e-10,3.291880e-06,2.379380e-06,2.935402e-10,9.907966e-11,8.082109e-08,solution good enough for the tolerances given,solution good enough for the tolerances given,solution good enough for the tolerances given,false
13,1.000000e+05,1,12,CONTINUE,1.207997e-10,3.882772e-11,1.000000e-09,1.207997e-11,2.220446e-14,2.874780e-03,8.504615e-04,2.184044e-03,1.561264e-08,3.946180e+02,5.686134e+03,9.031473e-01,2.510000e-01,7.217022e+10,REFINE_STALLED,REFINE_STALLED,REFINE_STALLED,2,1,1,2,2,1,3,2,1,8.181620e-10,2.119401e-08,1.386897e-06,9.821978e-05,4.987213e-06,6.673280e-06,9.325200e-11,5.310444e-11,2.560715e-08,solution good enough for the tolerances given,solution good enough for the tolerances given,solution good enough for the tolerances given,false
13,3.162000e+05,1,8,CONTINUE,1.207997e-10,1.653010e-12,1.000000e-09,1.207997e-11,2.220446e-14,2.874780e-03,9.887211e-01,1.387014e-02,1.009105e-10,2.345208e-04,3.369912e-03,5.735653e+00,2.510000e-01,7.217022e+10,REACHED_FORCE,REFINE_STALLED,REFINE_STALLED,2,0,0,1,1,1,2,2,1,1.101452e-12,NaN,5.067955e-10,4.743512e-10,4.681052e-06,3.273243e-06,2.953535e-11,1.008842e-11,8.111119e-09,solution good enough for the tolerances given,solution good enough for the tolerances given,solution good enough for the tolerances given,false
13,1.000000e+06,1,7,CONTINUE,1.207997e-10,2.263929e-12,1.000000e-09,1.207997e-11,2.220446e-14,2.874780e-03,9.813694e-01,1.389038e-02,1.569506e-10,3.557116e-04,5.134725e-03,5.744024e+00,2.510000e-01,7.217022e+10,REFINE_STALLED,REFINE_STALLED,REFINE_STALLED,1,1,1,1,1,1,2,1,1,6.360683e-10,5.687042e-10,2.312111e-10,3.368621e-10,2.303967e-06,5.920675e-06,9.343482e-12,3.085589e-12,2.563646e-09,solution good enough for the tolerances given,solution good enough for the tolerances given,solution good enough for the tolerances given,false
13,3.162000e+06,1,8,CONTINUE,1.207997e-10,1.810227e-12,1.000000e-09,1.207997e-11,2.220446e-14,2.874780e-03,9.848029e-01,1.390998e-02,1.270547e-10,9.257187e-04,1.334817e-02,5.752131e+00,2.510000e-01,7.217022e+10,REFINE_STALLED,REFINE_STALLED,REFINE_STALLED,1,1,1,1,1,1,2,2,2,3.191052e-10,3.601368e-10,1.964562e-11,1.955573e-10,7.814242e-06,3.278705e-06,2.955369e-12,1.006446e-12,8.111652e-10,solution good enough for the tolerances given,solution good enough for the tolerances given,solution good enough for the tolerances given,false
13,1.000000e+07,1,7,CONTINUE,1.207997e-10,1.314574e-12,1.000000e-09,1.207997e-11,2.220446e-14,2.874780e-03,9.896589e-01,1.387372e-02,8.975369e-11,1.303913e-04,1.869458e-03,5.737135e+00,2.510000e-01,7.217022e+10,REFINE_STALLED,REFINE_STALLED,REFINE_STALLED,1,1,1,1,1,1,2,1,1,5.031886e-11,7.910561e-11,5.526157e-11,5.961565e-11,3.395549e-06,3.940435e-06,9.345317e-13,3.195640e-13,2.562669e-10,solution good enough for the tolerances given,solution good enough for the tolerances given,solution good enough for the tolerances given,false
13,3.162000e+07,1,7,CONTINUE,1.207997e-10,1.571706e-12,1.000000e-09,1.207997e-11,2.220446e-14,2.874780e-03,9.874045e-01,1.387512e-02,1.090342e-10,8.994719e-05,1.286663e-03,5.737715e+00,2.510000e-01,7.217022e+10,REFINE_STALLED,REFINE_STALLED,REFINE_STALLED,1,1,1,1,1,1,2,1,1,9.119150e-11,9.805090e-11,6.452616e-11,4.424949e-11,6.365431e-06,1.034048e-05,2.955552e-13,1.010477e-13,8.110756e-11,solution good enough for the tolerances given,solution good enough for the tolerances given,solution good enough for the tolerances given,false
13,1.000000e+08,1,6,CONTINUE,1.207997e-10,1.306532e-12,1.000000e-09,1.207997e-11,2.220446e-14,2.874780e-03,9.896517e-01,1.387456e-02,8.951651e-11,1.061240e-04,1.519775e-03,5.737481e+00,2.510000e-01,7.217022e+10,REACHED_FORCE,REFINE_STALLED,REFINE_STALLED,1,0,0,1,1,1,2,1,1,8.284484e-12,NaN,1.844680e-11,2.208500e-11,9.038492e-06,7.033291e-06,9.345500e-14,3.191237e-14,2.562835e-11,solution good enough for the tolerances given,solution good enough for the tolerances given,solution good enough for the tolerances given,false
13,3.162000e+08,1,5,CONTINUE,1.207997e-10,1.424584e-12,1.000000e-09,1.207997e-11,2.220446e-14,2.874780e-03,9.886680e-01,1.387558e-02,9.782259e-11,7.652433e-05,1.093237e-03,5.737904e+00,2.510000e-01,7.217022e+10,REACHED_FORCE,REFINE_STALLED,REFINE_STALLED,1,0,0,1,1,1,1,1,1,1.987077e-12,NaN,4.111533e-11,2.598877e-11,3.554645e-06,3.356404e-06,2.955571e-14,1.009503e-14,8.111361e-12,solution good enough for the tolerances given,solution good enough for the tolerances given,solution good enough for the tolerances given,true
13,1.000000e+09,1,6,CONTINUE,1.207997e-10,1.311914e-12,1.000000e-09,1.207997e-11,2.220446e-14,2.874780e-03,9.894567e-01,1.387761e-02,9.010410e-11,1.765119e-05,2.445736e-04,5.738743e+00,2.510000e-01,7.217022e+10,REACHED_FORCE,REFINE_STALLED,REFINE_STALLED,1,0,0,1,1,1,1,2,2,8.295586e-13,NaN,1.360489e-11,1.485323e-11,1.317356e-05,4.380639e-06,9.345519e-15,3.192114e-15,2.553958e-12,solution good enough for the tolerances given,solution good enough for the tolerances given,solution good enough for the tolerances given,false
13,3.162000e+09,1,5,CONTINUE,1.207997e-10,1.940136e-12,1.000000e-09,1.207997e-11,2.220446e-14,2.874780e-03,9.841709e-01,1.387806e-02,1.346853e-10,4.594495e-06,5.522770e-05,5.738932e+00,2.510000e-01,7.217022e+10,REACHED_FORCE,REFINE_STALLED,REFINE_STALLED,1,0,0,1,1,1,1,1,1,1.601830e-12,NaN,2.271450e-11,1.825118e-11,8.492054e-06,6.102677e-06,2.955572e-15,1.009518e-15,8.069267e-13,solution good enough for the tolerances given,solution good enough for the tolerances given,solution good enough for the tolerances given,false
13,1.000000e+10,1,5,CONTINUE,1.207997e-10,1.486310e-12,1.000000e-09,1.207997e-11,2.220446e-14,2.874779e-03,9.880773e-01,1.387635e-02,1.025893e-10,5.404575e-05,7.692944e-04,5.738225e+00,2.510000e-01,7.217022e+10,REACHED_FORCE,REACHED_FORCE,REFINE_STALLED,1,0,0,1,0,0,1,2,2,1.416645e-12,NaN,9.884094e-12,NaN,4.008972e-05,3.763802e-06,9.345518e-16,3.192318e-16,2.546467e-13,solution good enough for the tolerances given,solution good enough for the tolerances given,solution good enough for the tolerances given,false
14,1.000000e+00,1,364,CONTINUE,1.424584e-12,1.892289e-14,1.000000e-09,1.424584e-13,2.220446e-14,1.709701e-02,9.877039e-01,1.387560e-02,1.202953e-12,6.427225e-07,1.018077e-05,5.737914e+00,2.510000e-01,6.239269e+12,REFINE_STALLED,REFINE_STALLED,REFINE_STALLED,66,9,1,58,19,2,107,105,1,7.402523e-12,4.125589e-12,5.859868e-12,1.806555e-12,3.079032e-04,4.527160e-04,2.113130e-08,5.744353e-09,1.926614e-04,solution good enough for the tolerances given,solution good enough for the tolerances given,solution good enough for the tolerances given,false
14,3.162000e+00,1,216,CONTINUE,1.424584e-12,2.846567e-14,1.000000e-09,1.424584e-13,2.220446e-14,9.810769e-03,9.819863e-01,1.387561e-02,1.776276e-12,7.718882e-07,1.207280e-05,5.737916e+00,2.510000e-01,6.239269e+12,REFINE_STALLED,REFINE_STALLED,REFINE_STALLED,39,12,2,35,8,1,62,60,1,1.993539e-11,6.515011e-12,2.091816e-11,1.064304e-11,3.217925e-04,4.825453e-04,1.472033e-08,5.267903e-09,1.218358e-04,solution good enough for the tolerances given,solution good enough for the tolerances given,solution good enough for the tolerances given,false
14,1.000000e+01,1,127,CONTINUE,1.424584e-12,8.072246e-14,1.000000e-09,1.424584e-13,2.220446e-14,6.109089e-03,9.448024e-01,1.387541e-02,5.401113e-12,5.215763e-06,7.408358e-05,5.737834e+00,2.510000e-01,6.239269e+12,REFINE_STALLED,REFINE_STALLED,REFINE_STALLED,23,5,1,21,5,1,37,36,1,5.413181e-11,4.065770e-11,5.401302e-11,6.560019e-11,3.245825e-04,5.051445e-04,1.150156e-08,4.000633e-09,1.310433e-05,solution good enough for the tolerances given,solution good enough for the tolerances given,solution good enough for the tolerances given,false
14,3.162000e+01,1,77,CONTINUE,1.424584e-12,9.250052e-14,1.000000e-09,1.424584e-13,2.220446e-14,3.098310e-03,9.350276e-01,1.387560e-02,6.391825e-12,7.785164e-07,1.217115e-05,5.737916e+00,2.510000e-01,6.239269e+12,REFINE_STALLED,REFINE_STALLED,REFINE_STALLED,14,4,2,13,4,2,22,20,1,1.164002e-11,1.743161e-12,1.681277e-11,4.472422e-12,2.549818e-04,4.467786e-04,8.133473e-09,3.120001e-09,8.289494e-06,solution good enough for the tolerances given,solution good enough for the tolerances given,solution good enough for the tolerances given,false
14,1.000000e+02,1,45,CONTINUE,1.424584e-12,2.386443e-14,1.000000e-09,1.424584e-13,2.220446e-14,2.883993e-03,9.849582e-01,1.387560e-02,1.471485e-12,4.990615e-07,8.058595e-06,5.737912e+00,2.510000e-01,6.239269e+12,REFINE_STALLED,REFINE_STALLED,REFINE_STALLED,9,1,1,8,2,1,13,12,1,4.879208e-12,5.395351e-12,6.777245e-12,7.269740e-12,4.253640e-04,3.586499e-04,4.761377e-09,1.762254e-09,2.334150e-06,solution good enough for the tolerances given,solution good enough for the tolerances given,solution good enough for the tolerances given,false
14,3.162000e+02,1,30,CONTINUE,1.424584e-12,1.985414e-14,1.000000e-09,1.424584e-13,2.220446e-14,2.883835e-03,9.872622e-01,1.387557e-02,1.246097e-12,2.417151e-07,2.128131e-06,5.737903e+00,2.510000e-01,6.239269e+12,REFINE_STALLED,REFINE_STALLED,REFINE_STALLED,6,1,1,6,1,1,8,8,1,5.866196e-12,9.770962e-12,5.192513e-12,1.532907e-11,1.487053e-04,2.616165e-04,2.294367e-09,8.547718e-10,8.972659e-07,solution good enough for the tolerances given,solution good enough for the tolerances given,solution good enough for the tolerances given,false
14,1.000000e+03,1,22,CONTINUE,1.424584e-12,2.547575e-14,1.000000e-09,1.424584e-13,2.220446e-14,2.883837e-03,9.829425e-01,1.387558e-02,1.684596e-12,1.431649e-07,1.529528e-06,5.737905e+00,2.510000e-01,6.239269e+12,REFINE_STALLED,REFINE_STALLED,REFINE_STALLED,4,1,1,4,1,1,6,6,1,4.101830e-12,4.691803e-12,4.335310e-12,9.485968e-12,1.919001e-04,3.381591e-04,9.352122e-10,3.541342e-10,3.755970e-07,solution good enough for the tolerances given,solution good enough for the tolerances given,solution good enough for the tolerances given,false
14,3.162000e+03,1,19,CONTINUE,1.424584e-12,4.966552e-14,1.000000e-09,1.424584e-13,2.220446e-14,2.883845e-03,9.674560e-01,1.387557e-02,3.452138e-12,2.193072e-07,1.788842e-06,5.737903e+00,2.510000e-01,6.239269e+12,REFINE_STALLED,REFINE_STALLED,REFINE_STALLED,3,2,2,3,1,1,5,5,1,8.316903e-12,3.401723e-12,4.419354e-12,1.329781e-11,3.527842e-04,6.139100e-04,3.333358e-10,1.304344e-10,1.134545e-07,solution good enough for the tolerances given,solution good enough for the tolerances given,solution good enough for the tolerances given,false
14,1.000000e+04,1,20,CONTINUE,1.424584e-12,2.042906e-14,1.000000e-09,1.424584e-13,2.220446e-14,2.883828e-03,9.866049e-01,1.387559e-02,1.310758e-12,2.652388e-07,4.471324e-06,5.737909e+00,2.510000e-01,6.239269e+12,REFINE_STALLED,REFINE_STALLED,REFINE_STALLED,3,1,1,3,1,1,4,8,2,1.132516e-11,9.682033e-12,5.489387e-12,6.822543e-12,8.311191e-04,2.031809e-04,1.102512e-10,4.099374e-11,8.341218e-08,solution good enough for the tolerances given,solution good enough for the tolerances given,solution good enough for the tolerances given,false
14,3.162000e+04,1,16,CONTINUE,1.424584e-12,2.131127e-14,1.000000e-09,1.424584e-13,2.220446e-14,2.883833e-03,9.877715e-01,1.387563e-02,1.195850e-12,1.577682e-06,2.374551e-05,5.737928e+00,2.510000e-01,6.239269e+12,REFINE_STALLED,REFINE_STALLED,REFINE_STALLED,3,1,1,2,1,1,3,6,2,3.619993e-12,7.546075e-12,2.536660e-11,1.711431e-11,8.973742e-04,2.452444e-04,3.539904e-11,1.308335e-11,1.631387e-08,solution good enough for the tolerances given,solution good enough for the tolerances given,solution good enough for the tolerances given,false
14,1.000000e+05,1,12,CONTINUE,1.424584e-12,2.260584e-14,1.000000e-09,1.424584e-13,2.220446e-14,2.883839e-03,9.854217e-01,1.387558e-02,1.431179e-12,1.529705e-07,2.243660e-06,5.737906e+00,2.510000e-01,6.239269e+12,REFINE_STALLED,REFINE_STALLED,REFINE_STALLED,2,1,1,2,1,1,3,3,1,5.145218e-12,6.547207e-12,7.620571e-12,7.250200e-12,2.116857e-04,2.791119e-04,1.124794e-11,4.224748e-12,3.254273e-09,solution good enough for the tolerances given,solution good enough for the tolerances given,solution good enough for the tolerances given,false
14,3.162000e+05,1,13,CONTINUE,1.424584e-12,2.126492e-14,1.000000e-09,1.424584e-13,2.220446e-14,2.883838e-03,9.851647e-01,1.387558e-02,1.451265e-12,1.904174e-07,3.149760e-06,5.737907e+00,2.510000e-01,6.239269e+12,REFINE_STALLED,REFINE_STALLED,REFINE_STALLED,2,2,2,2,1,1,3,3,1,1.857403e-11,4.874212e-12,1.015010e-11,5.520029e-12,1.949212e-04,3.060585e-04,3.562757e-12,1.307661e-12,1.508449e-09,solution good enough for the tolerances given,solution good enough for the tolerances given,solution good enough for the tolerances given,false
14,1.000000e+06,1,10,CONTINUE,1.424584e-12,1.944158e-14,1.000000e-09,1.424584e-13,2.220446e-14,2.883841e-03,9.869484e-01,1.387558e-02,1.276600e-12,1.577784e-07,2.397491e-06,5.737906e+00,2.510000e-01,6.239269e+12,REFINE_STALLED,REFINE_STALLED,REFINE_STALLED,2,1,1,2,1,1,2,2,1,1.017453e-11,1.284994e-11,3.806733e-12,7.346790e-12,2.242404e-04,2.534370e-04,1.127099e-12,4.183792e-13,2.819224e-10,solution good enough for the tolerances given,solution good enough for the tolerances given,solution good enough for the tolerances given,false
14,3.162000e+06,1,9,CONTINUE,1.424584e-12,3.369999e-14,1.000000e-09,1.424584e-13,2.220446e-14,2.883842e-03,9.878066e-01,1.387555e-02,1.194728e-12,8.023523e-07,1.037221e-05,5.737894e+00,2.510000e-01,6.239269e+12,REFINE_STALLED,REFINE_STALLED,REFINE_STALLED,2,1,1,1,1,1,2,2,1,8.991474e-12,1.297940e-11,7.471890e-11,5.840217e-11,2.651900e-04,5.265517e-04,3.565065e-13,1.334774e-13,1.030128e-10,solution good enough for the tolerances given,solution good enough for the tolerances given,solution good enough for the tolerances given,false
14,1.000000e+07,1,9,CONTINUE,1.424584e-12,1.811282e-13,1.000000e-09,1.424584e-13,2.220446e-14,2.883829e-03,8.724324e-01,1.387564e-02,1.250317e-11,1.861981e-06,2.783384e-05,5.737929e+00,2.510000e-01,6.239269e+12,REFINE_STALLED,REFINE_STALLED,REFINE_STALLED,1,1,1,1,2,2,2,2,1,4.237666e-11,5.924528e-11,1.948197e-11,9.302559e-12,4.758123e-04,5.728689e-04,1.127338e-13,3.928117e-14,7.726835e-11,solution good enough for the tolerances given,solution good enough for the tolerances given,solution good enough for the tolerances given,false
14,3.162000e+07,1,12,CONTINUE,1.424584e-12,2.044452e-14,1.000000e-09,1.424584e-13,2.220446e-14,2.883838e-03,9.875056e-01,1.387558e-02,1.224043e-12,1.517483e-07,2.204788e-06,5.737906e+00,2.510000e-01,6.239269e+12,REFINE_STALLED,REFINE_STALLED,REFINE_STALLED,1,3,3,1,1,1,2,4,2,9.292567e-12,4.548362e-12,1.009193e-11,5.752621e-12,7.376589e-04,2.431848e-04,3.565305e-14,1.335243e-14,1.097650e-11,solution good enough for the tolerances given,solution good enough for the tolerances given,solution good enough for the tolerances given,false
14,1.000000e+08,1,8,CONTINUE,1.424584e-12,2.468097e-14,1.000000e-09,1.424584e-13,2.220446e-14,2.883829e-03,9.832685e-01,1.387559e-02,1.640468e-12,3.972745e-07,6.537420e-06,5.737911e+00,2.510000e-01,6.239269e+12,REFINE_STALLED,REFINE_STALLED,REFINE_STALLED,1,1,1,1,1,1,2,2,1,4.094503e-12,3.565814e-12,6.473044e-12,3.724576e-12,4.308555e-04,3.095357e-04,1.127360e-14,4.231769e-15,8.919405e-12,solution good enough for the tolerances given,solution good enough for the tolerances given,solution good enough for the tolerances given,true
14,3.162000e+08,1,8,CONTINUE,1.424584e-12,3.354961e-14,1.000000e-09,1.424584e-13,2.220446e-14,2.883833e-03,9.761772e-01,1.387558e-02,2.332184e-12,1.427476e-07,1.535601e-06,5.737905e+00,2.510000e-01,6.239269e+12,REFINE_STALLED,REFINE_STALLED,REFINE_STALLED,1,1,1,1,1,1,2,2,1,4.426015e-12,9.015677e-12,6.128875e-12,1.390998e-11,2.388032e-04,3.677948e-04,3.565337e-15,1.335462e-15,1.798628e-12,solution good enough for the tolerances given,solution good enough for the tolerances given,solution good enough for the tolerances given,false
14,1.000000e+09,1,8,CONTINUE,1.424584e-12,2.345981e-14,1.000000e-09,1.424584e-13,2.220446e-14,2.883840e-03,9.849213e-01,1.387558e-02,1.475298e-12,1.427620e-07,1.752426e-06,5.737906e+00,2.510000e-01,6.239269e+12,REFINE_STALLED,REFINE_STALLED,REFINE_STALLED,1,1,1,1,1,1,2,2,1,7.778000e-12,5.687006e-12,8.290479e-12,1.248601e-11,4.358678e-04,4.917730e-04,1.127356e-15,4.210557e-16,2.755820e-13,solution good enough for the tolerances given,solution good enough for the tolerances given,solution good enough for the tolerances given,false
14,3.162000e+09,1,8,CONTINUE,1.424584e-12,1.364850e-12,1.000000e-09,1.424584e-13,2.220446e-14,2.883829e-03,5.171486e-04,1.387217e-02,9.782791e-11,1.893450e-01,2.728309e+00,5.736493e+00,2.510000e-01,6.239269e+12,REFINE_STALLED,REFINE_STALLED,REFINE_STALLED,1,1,1,1,1,1,2,2,1,3.518998e-10,1.900914e-09,1.600492e-07,4.310815e-06,2.998937e-04,3.479415e-04,3.565345e-16,5.837418e-16,2.589406e-13,solution good enough for the tolerances given,solution good enough for the tolerances given,solution good enough for the tolerances given,false
14,1.000000e+10,1,8,CONTINUE,1.424584e-12,1.926087e-14,1.000000e-09,1.424584e-13,2.220446e-14,2.883850e-03,9.876339e-01,1.387558e-02,1.213508e-12,1.696168e-07,2.698145e-06,5.737907e+00,2.510000e-01,6.239269e+12,REFINE_STALLED,REFINE_STALLED,REFINE_STALLED,1,2,2,1,2,2,1,1,1,1.178702e-11,2.173373e-12,1.029044e-11,4.892975e-12,6.451053e-04,3.240672e-04,1.127350e-16,4.232615e-17,8.587391e-14,solution good enough for the tolerances given,solution good enough for the tolerances given,solution good enough for the tolerances given,false
