iter,alpha,state,ncraig,ipm_status,mu,mu_next,rho,force_tol,floor_tol,sigma2min,step,tau,kappa,norm_dp,norm_dy,norm_y,hdiag_min,hdiag_max,pstat,cstat,wstat,pbase,prefn,ppass,cbase,crefn,cpass,wbase,wrefn,wpass,pres0,pres1,cres0,cres1,wres0,wres1,r0_p,r0_c,r0_w,craig_p,craig_c,craig_w,chosen
1,1.000000e+00,0,6,CONTINUE,1.000000e+00,2.834865e-01,1.000000e-09,1.000000e-01,5.360631e-14,3.104434e-01,7.730775e-01,,,1.001505e+01,1.051400e+01,8.128136e+00,1.448483e-02,1.000000e+00,REACHED_FORCE,REACHED_FORCE,,3,0,0,3,0,0,,,,2.839710e-03,NaN,5.038780e-04,NaN,,,4.424488e+00,2.015880e+00,,solution good enough for the tolerances given,solution good enough for the tolerances given,,false
1,3.162000e+00,0,5,CONTINUE,1.000000e+00,2.865952e-01,1.000000e-09,1.000000e-01,5.360631e-14,2.931184e-01,7.693586e-01,,,1.001201e+01,1.049502e+01,8.074437e+00,1.448483e-02,1.000000e+00,REACHED_FORCE,REACHED_FORCE,,3,0,0,2,0,0,,,,5.556800e-04,NaN,9.173672e-04,NaN,,,1.927573e+00,9.608415e-01,,solution good enough for the tolerances given,solution good enough for the tolerances given,,false
1,1.000000e+01,0,4,CONTINUE,1.000000e+00,2.865775e-01,1.000000e-09,1.000000e-01,5.360631e-14,2.845584e-01,7.694408e-01,,,1.000674e+01,1.049073e+01,8.071997e+00,1.448483e-02,1.000000e+00,REACHED_FORCE,REACHED_FORCE,,2,0,0,2,0,0,,,,5.009055e-04,NaN,1.109924e-04,NaN,,,6.990153e-01,3.638960e-01,,solution good enough for the tolerances given,solution good enough for the tolerances given,,false
1,3.162000e+01,0,4,CONTINUE,1.000000e+00,2.859042e-01,1.000000e-09,1.000000e-01,5.360631e-14,2.821537e-01,7.701870e-01,,,1.000799e+01,1.049177e+01,8.080622e+00,1.448483e-02,1.000000e+00,REACHED_FORCE,REACHED_FORCE,,2,0,0,2,0,0,,,,6.715570e-05,NaN,1.200745e-05,NaN,,,2.323828e-01,1.221866e-01,,solution good enough for the tolerances given,solution good enough for the tolerances given,,false
1,1.000000e+02,0,2,CONTINUE,1.000000e+00,2.850845e-01,1.000000e-09,1.000000e-01,5.360631e-14,2.814678e-01,7.706311e-01,,,9.978151e+00,1.036401e+01,7.986826e+00,1.448483e-02,1.000000e+00,REACHED_FORCE,REACHED_FORCE,,1,0,0,1,0,0,,,,1.769490e-03,NaN,1.453462e-03,NaN,,,7.471583e-02,3.908124e-02,,solution good enough for the tolerances given,solution good enough for the tolerances given,,true
1,3.162000e+02,0,2,CONTINUE,1.000000e+00,2.855865e-01,1.000000e-09,1.000000e-01,5.360631e-14,2.812530e-01,7.703956e-01,,,9.998483e+00,1.045093e+01,8.051350e+00,1.448483e-02,1.000000e+00,REACHED_FORCE,REACHED_FORCE,,1,0,0,1,0,0,,,,5.634252e-04,NaN,4.659914e-04,NaN,,,2.375671e-02,1.251785e-02,,solution good enough for the tolerances given,solution good enough for the tolerances given,,false
1,1.000000e+03,0,2,CONTINUE,1.000000e+00,2.857508e-01,1.000000e-09,1.000000e-01,5.360631e-14,2.811852e-01,7.703115e-01,,,1.000505e+01,1.047878e+01,8.071924e+00,1.448483e-02,1.000000e+00,REACHED_FORCE,REACHED_FORCE,,1,0,0,1,0,0,,,,1.785399e-04,NaN,1.479900e-04,NaN,,,7.524741e-03,3.974245e-03,,solution good enough for the tolerances given,solution good enough for the tolerances given,,false
1,3.162000e+03,0,2,CONTINUE,1.000000e+00,2.858033e-01,1.000000e-09,1.000000e-01,5.360631e-14,2.811638e-01,7.702839e-01,,,1.000713e+01,1.048762e+01,8.078446e+00,1.448483e-02,1.000000e+00,REACHED_FORCE,REACHED_FORCE,,1,0,0,1,0,0,,,,5.650284e-05,NaN,4.686733e-05,NaN,,,2.381032e-03,1.258496e-03,,solution good enough for the tolerances given,solution good enough for the tolerances given,,false
1,1.000000e+04,0,2,CONTINUE,1.000000e+00,2.858199e-01,1.000000e-09,1.000000e-01,5.360631e-14,2.811570e-01,7.702751e-01,,,1.000780e+01,1.049042e+01,8.080511e+00,1.448483e-02,1.000000e+00,REACHED_FORCE,REACHED_FORCE,,1,0,0,1,0,0,,,,1.787006e-05,NaN,1.482593e-05,NaN,,,7.530115e-04,3.980987e-04,,solution good enough for the tolerances given,solution good enough for the tolerances given,,false
1,3.162000e+04,0,2,CONTINUE,1.000000e+00,2.858252e-01,1.000000e-09,1.000000e-01,5.360631e-14,2.811549e-01,7.702723e-01,,,1.000801e+01,1.049131e+01,8.081163e+00,1.448483e-02,1.000000e+00,REACHED_FORCE,REACHED_FORCE,,1,0,0,1,0,0,,,,5.651892e-06,NaN,4.689431e-06,NaN,,,2.381570e-04,1.259171e-04,,solution good enough for the tolerances given,solution good enough for the tolerances given,,false
1,1.000000e+05,0,2,CONTINUE,1.000000e+00,2.858269e-01,1.000000e-09,1.000000e-01,5.360631e-14,2.811542e-01,7.702714e-01,,,1.000807e+01,1.049159e+01,8.081370e+00,1.448483e-02,1.000000e+00,REACHED_FORCE,REACHED_FORCE,,1,0,0,1,0,0,,,,1.787167e-06,NaN,1.482863e-06,NaN,,,7.530653e-05,3.981662e-05,,solution good enough for the tolerances given,solution good enough for the tolerances given,,false
1,3.162000e+05,0,2,CONTINUE,1.000000e+00,2.858274e-01,1.000000e-09,1.000000e-01,5.360631e-14,2.811540e-01,7.702711e-01,,,1.000809e+01,1.049168e+01,8.081435e+00,1.448483e-02,1.000000e+00,REACHED_FORCE,REACHED_FORCE,,1,0,0,1,0,0,,,,5.652053e-07,NaN,4.689701e-07,NaN,,,2.381624e-05,1.259239e-05,,solution good enough for the tolerances given,solution good enough for the tolerances given,,false
1,1.000000e+06,0,2,CONTINUE,1.000000e+00,2.858276e-01,1.000000e-09,1.000000e-01,5.360631e-14,2.811539e-01,7.702710e-01,,,1.000810e+01,1.049170e+01,8.081456e+00,1.448483e-02,1.000000e+00,REACHED_FORCE,REACHED_FORCE,,1,0,0,1,0,0,,,,1.787183e-07,NaN,1.482890e-07,NaN,,,7.530707e-06,3.981730e-06,,solution good enough for the tolerances given,solution good enough for the tolerances given,,false
1,3.162000e+06,0,2,CONTINUE,1.000000e+00,2.858276e-01,1.000000e-09,1.000000e-01,5.360631e-14,2.811539e-01,7.702710e-01,,,1.000810e+01,1.049171e+01,8.081462e+00,1.448483e-02,1.000000e+00,REACHED_FORCE,REACHED_FORCE,,1,0,0,1,0,0,,,,5.652069e-08,NaN,4.689728e-08,NaN,,,2.381629e-06,1.259246e-06,,solution good enough for the tolerances given,solution good enough for the tolerances given,,false
1,1.000000e+07,0,2,CONTINUE,1.000000e+00,2.858277e-01,1.000000e-09,1.000000e-01,5.360631e-14,2.811539e-01,7.702710e-01,,,1.000810e+01,1.049172e+01,8.081464e+00,1.448483e-02,1.000000e+00,REACHED_FORCE,REACHED_FORCE,,1,0,0,1,0,0,,,,4.877834e-08,NaN,5.306550e-08,NaN,,,7.530712e-07,3.981737e-07,,solution good enough for the tolerances given,solution good enough for the tolerances given,,false
1,3.162000e+07,0,2,CONTINUE,1.000000e+00,2.858277e-01,1.000000e-09,1.000000e-01,5.360631e-14,2.811539e-01,7.702710e-01,,,1.000810e+01,1.049172e+01,8.081465e+00,1.448483e-02,1.000000e+00,REACHED_FORCE,REACHED_FORCE,,1,0,0,1,0,0,,,,1.914496e-07,NaN,1.777161e-07,NaN,,,2.381630e-07,1.259246e-07,,solution good enough for the tolerances given,solution good enough for the tolerances given,,false
1,1.000000e+08,0,2,CONTINUE,1.000000e+00,2.858277e-01,1.000000e-09,1.000000e-01,5.360631e-14,2.811539e-01,7.702710e-01,,,1.000810e+01,1.049172e+01,8.081465e+00,1.448483e-02,1.000000e+00,REACHED_FORCE,REACHED_FORCE,,1,0,0,1,0,0,,,,4.896426e-07,NaN,5.604352e-07,NaN,,,7.530713e-08,3.981737e-08,,solution good enough for the tolerances given,solution good enough for the tolerances given,,false
1,3.162000e+08,0,2,CONTINUE,1.000000e+00,2.858276e-01,1.000000e-09,1.000000e-01,5.360631e-14,2.811539e-01,7.702710e-01,,,1.000810e+01,1.049172e+01,8.081465e+00,1.448483e-02,1.000000e+00,REACHED_FORCE,REACHED_FORCE,,1,0,0,1,0,0,,,,1.443811e-06,NaN,1.486584e-06,NaN,,,2.381629e-08,1.259246e-08,,solution good enough for the tolerances given,solution good enough for the tolerances given,,false
1,1.000000e+09,0,2,CONTINUE,1.000000e+00,2.858276e-01,1.000000e-09,1.000000e-01,5.360631e-14,2.811539e-01,7.702710e-01,,,1.000810e+01,1.049172e+01,8.081467e+00,1.448483e-02,1.000000e+00,REACHED_FORCE,REACHED_FORCE,,1,0,0,1,0,0,,,,5.180952e-06,NaN,5.899494e-06,NaN,,,7.530713e-09,3.981738e-09,,solution good enough for the tolerances given,solution good enough for the tolerances given,,false
1,3.162000e+09,0,2,CONTINUE,1.000000e+00,2.858278e-01,1.000000e-09,1.000000e-01,5.360631e-14,2.811546e-01,7.702707e-01,,,1.000810e+01,1.049171e+01,8.081458e+00,1.448483e-02,1.000000e+00,REACHED_FORCE,REACHED_FORCE,,1,0,0,1,0,0,,,,1.496039e-05,NaN,1.300360e-05,NaN,,,2.381629e-09,1.259246e-09,,solution good enough for the tolerances given,solution good enough for the tolerances given,,false
1,1.000000e+10,0,2,CONTINUE,1.000000e+00,2.858285e-01,1.000000e-09,1.000000e-01,5.360631e-14,2.811567e-01,7.702701e-01,,,1.000810e+01,1.049172e+01,8.081456e+00,1.448483e-02,1.000000e+00,REACHED_FORCE,REACHED_FORCE,,1,0,0,1,0,0,,,,5.634941e-05,NaN,5.461724e-05,NaN,,,7.530711e-10,3.981742e-10,,solution good enough for the tolerances given,solution good enough for the tolerances given,,false
2,1.000000e+00,0,8,CONTINUE,2.850845e-01,5.743406e-02,1.000000e-09,2.850845e-02,2.943803e-14,1.567504e-01,8.388401e-01,,,3.826612e+00,2.863161e+00,8.443802e+00,1.448483e-02,1.171077e+02,REACHED_FORCE,REACHED_FORCE,,4,0,0,4,0,0,,,,1.512529e-03,NaN,6.338996e-04,NaN,,,6.311407e-01,5.062489e-01,,solution good enough for the tolerances given,solution good enough for the tolerances given,,false
2,3.162000e+00,0,6,CONTINUE,2.850845e-01,5.824147e-02,1.000000e-09,2.850845e-02,2.943803e-14,1.526584e-01,8.356522e-01,,,3.821831e+00,2.849755e+00,8.423692e+00,1.448483e-02,1.171077e+02,REACHED_FORCE,REACHED_FORCE,,3,0,0,3,0,0,,,,6.627288e-04,NaN,3.025839e-04,NaN,,,3.457565e-01,2.879451e-01,,solution good enough for the tolerances given,solution good enough for the tolerances given,,false
2,1.000000e+01,0,4,CONTINUE,2.850845e-01,5.832072e-02,1.000000e-09,2.850845e-02,2.943803e-14,1.496784e-01,8.346677e-01,,,3.821947e+00,2.825994e+00,8.401269e+00,1.448483e-02,1.171077e+02,REACHED_FORCE,REACHED_FORCE,,2,0,0,2,0,0,,,,8.348644e-04,NaN,2.533027e-04,NaN,,,1.552627e-01,1.250628e-01,,solution good enough for the tolerances given,solution good enough for the tolerances given,,false
2,3.162000e+01,0,4,CONTINUE,2.850845e-01,5.865806e-02,1.000000e-09,2.850845e-02,2.943803e-14,1.494886e-01,8.341239e-01,,,3.817708e+00,2.842499e+00,8.415232e+00,1.448483e-02,1.171077e+02,REACHED_FORCE,REACHED_FORCE,,2,0,0,2,0,0,,,,1.150993e-04,NaN,4.231066e-05,NaN,,,5.836973e-02,4.583336e-02,,solution good enough for the tolerances given,solution good enough for the tolerances given,,false
2,1.000000e+02,0,2,CONTINUE,2.850845e-01,5.807556e-02,1.000000e-09,2.850845e-02,2.943803e-14,1.494013e-01,8.357449e-01,,,3.832961e+00,2.783997e+00,8.368300e+00,1.448483e-02,1.171077e+02,REACHED_FORCE,REACHED_FORCE,,1,0,0,1,0,0,,,,5.583557e-04,NaN,4.727569e-04,NaN,,,1.973580e-02,1.537408e-02,,solution good enough for the tolerances given,solution good enough for the tolerances given,,true
2,3.162000e+02,0,2,CONTINUE,2.850845e-01,5.850421e-02,1.000000e-09,2.850845e-02,2.943803e-14,1.493651e-01,8.345906e-01,,,3.822017e+00,2.824357e+00,8.400186e+00,1.448483e-02,1.171077e+02,REACHED_FORCE,REACHED_FORCE,,1,0,0,1,0,0,,,,1.834583e-04,NaN,1.508186e-04,NaN,,,6.385752e-03,4.914327e-03,,solution good enough for the tolerances given,solution good enough for the tolerances given,,false
2,1.000000e+03,0,2,CONTINUE,2.850845e-01,5.865071e-02,1.000000e-09,2.850845e-02,2.943803e-14,1.493528e-01,8.341883e-01,,,3.818540e+00,2.837692e+00,8.410839e+00,1.448483e-02,1.171077e+02,REACHED_FORCE,REACHED_FORCE,,1,0,0,1,0,0,,,,5.872907e-05,NaN,4.781826e-05,NaN,,,2.034186e-03,1.559309e-03,,solution good enough for the tolerances given,solution good enough for the tolerances given,,false
2,3.162000e+03,0,2,CONTINUE,2.850845e-01,5.869821e-02,1.000000e-09,2.850845e-02,2.943803e-14,1.493488e-01,8.340571e-01,,,3.817439e+00,2.841969e+00,8.414267e+00,1.448483e-02,1.171077e+02,REACHED_FORCE,REACHED_FORCE,,1,0,0,1,0,0,,,,1.864641e-05,NaN,1.513569e-05,NaN,,,6.448433e-04,4.936861e-04,,solution good enough for the tolerances given,solution good enough for the tolerances given,,false
2,1.000000e+04,0,2,CONTINUE,2.850845e-01,5.871335e-02,1.000000e-09,2.850845e-02,2.943803e-14,1.493476e-01,8.340152e-01,,,3.817091e+00,2.843328e+00,8.415358e+00,1.448483e-02,1.171077e+02,REACHED_FORCE,REACHED_FORCE,,1,0,0,1,0,0,,,,5.903329e-06,NaN,4.787192e-06,NaN,,,2.040522e-04,1.561583e-04,,solution good enough for the tolerances given,solution good enough for the tolerances given,,false
2,3.162000e+04,0,2,CONTINUE,2.850845e-01,5.871815e-02,1.000000e-09,2.850845e-02,2.943803e-14,1.493472e-01,8.340019e-01,,,3.816980e+00,2.843758e+00,8.415703e+00,1.448483e-02,1.171077e+02,REACHED_FORCE,REACHED_FORCE,,1,0,0,1,0,0,,,,1.867695e-06,NaN,1.514105e-06,NaN,,,6.454791e-05,4.939142e-05,,solution good enough for the tolerances given,solution good enough for the tolerances given,,false
2,1.000000e+05,0,2,CONTINUE,2.850845e-01,5.871967e-02,1.000000e-09,2.850845e-02,2.943803e-14,1.493470e-01,8.339977e-01,,,3.816946e+00,2.843894e+00,8.415812e+00,1.448483e-02,1.171077e+02,REACHED_FORCE,REACHED_FORCE,,1,0,0,1,0,0,,,,5.906387e-07,NaN,4.787728e-07,NaN,,,2.041158e-05,1.561812e-05,,solution good enough for the tolerances given,solution good enough for the tolerances given,,false
2,3.162000e+05,0,2,CONTINUE,2.850845e-01,5.872015e-02,1.000000e-09,2.850845e-02,2.943803e-14,1.493470e-01,8.339963e-01,,,3.816935e+00,2.843937e+00,8.415847e+00,1.448483e-02,1.171077e+02,REACHED_FORCE,REACHED_FORCE,,1,0,0,1,0,0,,,,1.868001e-07,NaN,1.514158e-07,NaN,,,6.455428e-06,4.939371e-06,,solution good enough for the tolerances given,solution good enough for the tolerances given,,false
2,1.000000e+06,0,2,CONTINUE,2.850845e-01,5.872030e-02,1.000000e-09,2.850845e-02,2.943803e-14,1.493470e-01,8.339959e-01,,,3.816931e+00,2.843951e+00,8.415858e+00,1.448483e-02,1.171077e+02,REACHED_FORCE,REACHED_FORCE,,1,0,0,1,0,0,,,,5.906693e-08,NaN,4.787782e-08,NaN,,,2.041222e-06,1.561834e-06,,solution good enough for the tolerances given,solution good enough for the tolerances given,,false
2,3.162000e+06,0,2,CONTINUE,2.850845e-01,5.872035e-02,1.000000e-09,2.850845e-02,2.943803e-14,1.493470e-01,8.339958e-01,,,3.816930e+00,2.843955e+00,8.415861e+00,1.448483e-02,1.171077e+02,REACHED_FORCE,REACHED_FORCE,,1,0,0,1,0,0,,,,1.868032e-08,NaN,1.514164e-08,NaN,,,6.455492e-07,4.939393e-07,,solution good enough for the tolerances given,solution good enough for the tolerances given,,false
2,1.000000e+07,0,2,CONTINUE,2.850845e-01,5.872037e-02,1.000000e-09,2.850845e-02,2.943803e-14,1.493470e-01,8.339957e-01,,,3.816930e+00,2.843956e+00,8.415862e+00,1.448483e-02,1.171077e+02,REACHED_FORCE,REACHED_FORCE,,1,0,0,1,0,0,,,,1.382932e-08,NaN,1.212298e-08,NaN,,,2.041228e-07,1.561837e-07,,solution good enough for the tolerances given,solution good enough for the tolerances given,,false
2,3.162000e+07,0,2,CONTINUE,2.850845e-01,5.872037e-02,1.000000e-09,2.850845e-02,2.943803e-14,1.493470e-01,8.339957e-01,,,3.816930e+00,2.843957e+00,8.415863e+00,1.448483e-02,1.171077e+02,REACHED_FORCE,REACHED_FORCE,,1,0,0,1,0,0,,,,3.254971e-08,NaN,3.486972e-08,NaN,,,6.455498e-08,4.939396e-08,,solution good enough for the tolerances given,solution good enough for the tolerances given,,false
2,1.000000e+08,0,2,CONTINUE,2.850845e-01,5.872037e-02,1.000000e-09,2.850845e-02,2.943803e-14,1.493470e-01,8.339957e-01,,,3.816930e+00,2.843957e+00,8.415863e+00,1.448483e-02,1.171077e+02,REACHED_FORCE,REACHED_FORCE,,1,0,0,1,0,0,,,,1.298575e-07,NaN,1.281332e-07,NaN,,,2.041229e-08,1.561837e-08,,solution good enough for the tolerances given,solution good enough for the tolerances given,,false
2,3.162000e+08,0,2,CONTINUE,2.850845e-01,5.872037e-02,1.000000e-09,2.850845e-02,2.943803e-14,1.493470e-01,8.339957e-01,,,3.816930e+00,2.843957e+00,8.415863e+00,1.448483e-02,1.171077e+02,REACHED_FORCE,REACHED_FORCE,,1,0,0,1,0,0,,,,3.575919e-07,NaN,4.167205e-07,NaN,,,6.455498e-09,4.939396e-09,,solution good enough for the tolerances given,solution good enough for the tolerances given,,false
2,1.000000e+09,0,2,CONTINUE,2.850845e-01,5.872038e-02,1.000000e-09,2.850845e-02,2.943803e-14,1.493470e-01,8.339957e-01,,,3.816930e+00,2.843957e+00,8.415862e+00,1.448483e-02,1.171077e+02,REACHED_FORCE,REACHED_FORCE,,1,0,0,1,0,0,,,,1.355898e-06,NaN,1.330991e-06,NaN,,,2.041228e-09,1.561837e-09,,solution good enough for the tolerances given,solution good enough for the tolerances given,,false
2,3.162000e+09,0,2,CONTINUE,2.850845e-01,5.872039e-02,1.000000e-09,2.850845e-02,2.943803e-14,1.493474e-01,8.339955e-01,,,3.816930e+00,2.843957e+00,8.415861e+00,1.448483e-02,1.171077e+02,REACHED_FORCE,REACHED_FORCE,,1,0,0,1,0,0,,,,3.412207e-06,NaN,3.638953e-06,NaN,,,6.455496e-10,4.939397e-10,,solution good enough for the tolerances given,solution good enough for the tolerances given,,false
2,1.000000e+10,0,2,CONTINUE,2.850845e-01,5.872031e-02,1.000000e-09,2.850845e-02,2.943803e-14,1.493473e-01,8.339955e-01,,,3.816930e+00,2.843958e+00,8.415854e+00,1.448483e-02,1.171077e+02,REACHED_FORCE,REACHED_FORCE,,1,0,0,1,0,0,,,,9.775899e-06,NaN,1.291669e-05,NaN,,,2.041226e-10,1.561840e-10,,solution good enough for the tolerances given,solution good enough for the tolerances given,,false
3,1.000000e+00,0,20,CONTINUE,5.807556e-02,2.921698e-02,1.000000e-09,5.807556e-03,2.341731e-14,3.343427e-02,5.847589e-01,,,1.038973e+00,8.937448e+00,1.081789e+01,1.448483e-02,2.341274e+02,REACHED_FORCE,REACHED_FORCE,,12,0,0,8,0,0,,,,5.708647e-04,NaN,1.412438e-03,NaN,,,7.322978e-01,2.613408e-01,,solution good enough for the tolerances given,solution good enough for the tolerances given,,false
3,3.162000e+00,0,13,CONTINUE,5.807556e-02,2.945320e-02,1.000000e-09,5.807556e-03,2.341731e-14,2.307675e-02,5.791316e-01,,,1.045311e+00,9.006115e+00,1.082882e+01,1.448483e-02,2.341274e+02,REACHED_FORCE,REACHED_FORCE,,7,0,0,6,0,0,,,,4.359651e-04,NaN,5.883274e-04,NaN,,,4.133707e-01,1.671564e-01,,solution good enough for the tolerances given,solution good enough for the tolerances given,,false
3,1.000000e+01,0,9,CONTINUE,5.807556e-02,3.028483e-02,1.000000e-09,5.807556e-03,2.341731e-14,2.174272e-02,5.676939e-01,,,1.058770e+00,9.277319e+00,1.093338e+01,1.448483e-02,2.341274e+02,REACHED_FORCE,REACHED_FORCE,,5,0,0,4,0,0,,,,1.601443e-04,NaN,3.368289e-04,NaN,,,2.038455e-01,1.249393e-01,,solution good enough for the tolerances given,solution good enough for the tolerances given,,false
3,3.162000e+01,0,6,CONTINUE,5.807556e-02,3.000317e-02,1.000000e-09,5.807556e-03,2.341731e-14,2.047079e-02,5.705612e-01,,,1.054759e+00,9.092885e+00,1.084075e+01,1.448483e-02,2.341274e+02,REACHED_FORCE,REACHED_FORCE,,3,0,0,3,0,0,,,,2.289849e-04,NaN,1.439376e-04,NaN,,,8.862573e-02,8.261538e-02,,solution good enough for the tolerances given,solution good enough for the tolerances given,,false
3,1.000000e+02,0,4,CONTINUE,5.807556e-02,3.006486e-02,1.000000e-09,5.807556e-03,2.341731e-14,2.008182e-02,5.695992e-01,,,1.056515e+00,8.993355e+00,1.077880e+01,1.448483e-02,2.341274e+02,REACHED_FORCE,REACHED_FORCE,,2,0,0,2,0,0,,,,2.277710e-04,NaN,8.555565e-05,NaN,,,3.442542e-02,4.235576e-02,,solution good enough for the tolerances given,solution good enough for the tolerances given,,false
3,3.162000e+02,0,4,CONTINUE,5.807556e-02,3.108205e-02,1.000000e-09,5.807556e-03,2.341731e-14,1.988533e-02,5.551679e-01,,,1.068941e+00,9.405360e+00,1.093821e+01,1.448483e-02,2.341274e+02,REACHED_FORCE,REACHED_FORCE,,2,0,0,2,0,0,,,,3.480187e-05,NaN,1.325088e-05,NaN,,,1.212863e-02,1.770125e-02,,solution good enough for the tolerances given,solution good enough for the tolerances given,,false
3,1.000000e+03,0,3,CONTINUE,5.807556e-02,3.064420e-02,1.000000e-09,5.807556e-03,2.341731e-14,1.986801e-02,5.597395e-01,,,1.061358e+00,9.161993e+00,1.082083e+01,1.448483e-02,2.341274e+02,REACHED_FORCE,REACHED_FORCE,,1,0,0,2,0,0,,,,1.414475e-04,NaN,1.488727e-06,NaN,,,4.006345e-03,5.931609e-03,,solution good enough for the tolerances given,solution good enough for the tolerances given,,false
3,3.162000e+03,0,2,CONTINUE,5.807556e-02,3.097376e-02,1.000000e-09,5.807556e-03,2.341731e-14,1.986446e-02,5.578437e-01,,,1.066106e+00,9.286691e+00,1.089296e+01,1.448483e-02,2.341274e+02,REACHED_FORCE,REACHED_FORCE,,1,0,0,1,0,0,,,,4.608847e-05,NaN,8.713354e-05,NaN,,,1.286375e-03,1.980955e-03,,solution good enough for the tolerances given,solution good enough for the tolerances given,,true
3,1.000000e+04,0,2,CONTINUE,5.807556e-02,3.116645e-02,1.000000e-09,5.807556e-03,2.341731e-14,1.986346e-02,5.543271e-01,,,1.069415e+00,9.413083e+00,1.093990e+01,1.448483e-02,2.341274e+02,REACHED_FORCE,REACHED_FORCE,,1,0,0,1,0,0,,,,1.471460e-05,NaN,2.809992e-05,NaN,,,4.087678e-04,6.375904e-04,,solution good enough for the tolerances given,solution good enough for the tolerances given,,false
3,3.162000e+04,0,2,CONTINUE,5.807556e-02,3.122811e-02,1.000000e-09,5.807556e-03,2.341731e-14,1.986316e-02,5.531980e-01,,,1.070486e+00,9.453899e+00,1.095486e+01,1.448483e-02,2.341274e+02,REACHED_FORCE,REACHED_FORCE,,1,0,0,1,0,0,,,,4.667913e-06,NaN,8.942870e-06,NaN,,,1.294793e-04,2.027865e-04,,solution good enough for the tolerances given,solution good enough for the tolerances given,,false
3,1.000000e+05,0,2,CONTINUE,5.807556e-02,3.124768e-02,1.000000e-09,5.807556e-03,2.341731e-14,1.986306e-02,5.528392e-01,,,1.070828e+00,9.466896e+00,1.095961e+01,1.448483e-02,2.341274e+02,REACHED_FORCE,REACHED_FORCE,,1,0,0,1,0,0,,,,1.477435e-06,NaN,2.833389e-06,NaN,,,4.096188e-05,6.423635e-05,,solution good enough for the tolerances given,solution good enough for the tolerances given,,false
3,3.162000e+05,0,2,CONTINUE,5.807556e-02,3.125388e-02,1.000000e-09,5.807556e-03,2.341731e-14,1.986303e-02,5.527255e-01,,,1.070936e+00,9.471014e+00,1.096111e+01,1.448483e-02,2.341274e+02,REACHED_FORCE,REACHED_FORCE,,1,0,0,1,0,0,,,,4.673911e-07,NaN,8.966415e-07,NaN,,,1.295648e-05,2.032665e-05,,solution good enough for the tolerances given,solution good enough for the tolerances given,,false
3,1.000000e+06,0,2,CONTINUE,5.807556e-02,3.125584e-02,1.000000e-09,5.807556e-03,2.341731e-14,1.986302e-02,5.526896e-01,,,1.070970e+00,9.472317e+00,1.096159e+01,1.448483e-02,2.341274e+02,REACHED_FORCE,REACHED_FORCE,,1,0,0,1,0,0,,,,1.478035e-07,NaN,2.835748e-07,NaN,,,4.097043e-06,6.428444e-06,,solution good enough for the tolerances given,solution good enough for the tolerances given,,false
3,3.162000e+06,0,2,CONTINUE,5.807556e-02,3.125646e-02,1.000000e-09,5.807556e-03,2.341731e-14,1.986302e-02,5.526782e-01,,,1.070981e+00,9.472729e+00,1.096174e+01,1.448483e-02,2.341274e+02,REACHED_FORCE,REACHED_FORCE,,1,0,0,1,0,0,,,,4.674511e-08,NaN,8.968776e-08,NaN,,,1.295733e-06,2.033146e-06,,solution good enough for the tolerances given,solution good enough for the tolerances given,,false
3,1.000000e+07,0,2,CONTINUE,5.807556e-02,3.125666e-02,1.000000e-09,5.807556e-03,2.341731e-14,1.986302e-02,5.526746e-01,,,1.070985e+00,9.472860e+00,1.096179e+01,1.448483e-02,2.341274e+02,REACHED_FORCE,REACHED_FORCE,,1,0,0,1,0,0,,,,1.478095e-08,NaN,2.835984e-08,NaN,,,4.097129e-07,6.428925e-07,,solution good enough for the tolerances given,solution good enough for the tolerances given,,false
3,3.162000e+07,0,2,CONTINUE,5.807556e-02,3.125672e-02,1.000000e-09,5.807556e-03,2.341731e-14,1.986302e-02,5.526735e-01,,,1.070986e+00,9.472901e+00,1.096180e+01,1.448483e-02,2.341274e+02,REACHED_FORCE,REACHED_FORCE,,1,0,0,1,0,0,,,,4.674571e-09,NaN,8.969012e-09,NaN,,,1.295742e-07,2.033195e-07,,solution good enough for the tolerances given,solution good enough for the tolerances given,,false
3,1.000000e+08,0,2,CONTINUE,5.807556e-02,3.125674e-02,1.000000e-09,5.807556e-03,2.341731e-14,1.986302e-02,5.526731e-01,,,1.070986e+00,9.472914e+00,1.096181e+01,1.448483e-02,2.341274e+02,REACHED_FORCE,REACHED_FORCE,,1,0,0,1,0,0,,,,1.387059e-08,NaN,2.126433e-08,NaN,,,4.097138e-08,6.428973e-08,,solution good enough for the tolerances given,solution good enough for the tolerances given,,false
3,3.162000e+08,0,2,CONTINUE,5.807556e-02,3.125674e-02,1.000000e-09,5.807556e-03,2.341731e-14,1.986302e-02,5.526730e-01,,,1.070986e+00,9.472918e+00,1.096181e+01,1.448483e-02,2.341274e+02,REACHED_FORCE,REACHED_FORCE,,1,0,0,1,0,0,,,,3.180938e-08,NaN,4.673375e-08,NaN,,,1.295743e-08,2.033199e-08,,solution good enough for the tolerances given,solution good enough for the tolerances given,,false
3,1.000000e+09,0,2,CONTINUE,5.807556e-02,3.125674e-02,1.000000e-09,5.807556e-03,2.341731e-14,1.986302e-02,5.526729e-01,,,1.070986e+00,9.472919e+00,1.096181e+01,1.448483e-02,2.341274e+02,REACHED_FORCE,REACHED_FORCE,,1,0,0,1,0,0,,,,1.270547e-07,NaN,1.851743e-07,NaN,,,4.097138e-09,6.428978e-09,,solution good enough for the tolerances given,solution good enough for the tolerances given,,false
3,3.162000e+09,0,2,CONTINUE,5.807556e-02,3.125674e-02,1.000000e-09,5.807556e-03,2.341731e-14,1.986302e-02,5.526729e-01,,,1.070986e+00,9.472919e+00,1.096181e+01,1.448483e-02,2.341274e+02,REACHED_FORCE,REACHED_FORCE,,1,0,0,1,0,0,,,,2.659401e-07,NaN,5.696987e-07,NaN,,,1.295743e-09,2.033200e-09,,solution good enough for the tolerances given,solution good enough for the tolerances given,,false
3,1.000000e+10,0,2,CONTINUE,5.807556e-02,3.125674e-02,1.000000e-09,5.807556e-03,2.341731e-14,1.986303e-02,5.526728e-01,,,1.070986e+00,9.472920e+00,1.096181e+01,1.448483e-02,2.341274e+02,REACHED_FORCE,REACHED_FORCE,,1,0,0,1,0,0,,,,1.121042e-06,NaN,1.765035e-06,NaN,,,4.097139e-10,6.428978e-10,,solution good enough for the tolerances given,solution good enough for the tolerances given,,false
4,1.000000e+00,0,32,CONTINUE,3.097376e-02,1.386676e-02,1.000000e-09,3.097376e-03,2.274028e-14,2.840882e-02,7.666706e-01,,,6.345665e-01,4.527644e+00,1.282683e+01,1.448483e-02,1.076349e+03,REACHED_FORCE,REACHED_FORCE,,17,0,0,15,0,0,,,,2.993957e-04,NaN,4.476661e-04,NaN,,,5.847766e-01,2.971074e-01,,solution good enough for the tolerances given,solution good enough for the tolerances given,,false
4,3.162000e+00,0,19,CONTINUE,3.097376e-02,1.370527e-02,1.000000e-09,3.097376e-03,2.274028e-14,6.930069e-03,7.752720e-01,,,6.354481e-01,4.543596e+00,1.287047e+01,1.448483e-02,1.076349e+03,REACHED_FORCE,REACHED_FORCE,,10,0,0,9,0,0,,,,2.240673e-04,NaN,2.495199e-04,NaN,,,3.055010e-01,1.563900e-01,,solution good enough for the tolerances given,solution good enough for the tolerances given,,false
4,1.000000e+01,0,12,CONTINUE,3.097376e-02,1.406834e-02,1.000000e-09,3.097376e-03,2.274028e-14,6.540747e-03,7.688835e-01,,,6.355940e-01,4.619366e+00,1.294788e+01,1.448483e-02,1.076349e+03,REACHED_FORCE,REACHED_FORCE,,6,0,0,6,0,0,,,,1.809642e-04,NaN,1.653253e-04,NaN,,,1.523417e-01,8.400561e-02,,solution good enough for the tolerances given,solution good enough for the tolerances given,,false
4,3.162000e+01,0,8,CONTINUE,3.097376e-02,1.400484e-02,1.000000e-09,3.097376e-03,2.274028e-14,6.424159e-03,7.646122e-01,,,6.341983e-01,4.628609e+00,1.291625e+01,1.448483e-02,1.076349e+03,REACHED_FORCE,REACHED_FORCE,,4,0,0,4,0,0,,,,1.157320e-04,NaN,9.390199e-05,NaN,,,7.015568e-02,3.857369e-02,,solution good enough for the tolerances given,solution good enough for the tolerances given,,false
4,1.000000e+02,0,6,CONTINUE,3.097376e-02,1.393813e-02,1.000000e-09,3.097376e-03,2.274028e-14,6.388173e-03,7.690312e-01,,,6.353091e-01,4.715769e+00,1.300391e+01,1.448483e-02,1.076349e+03,REACHED_FORCE,REACHED_FORCE,,3,0,0,3,0,0,,,,3.452542e-05,NaN,4.052191e-05,NaN,,,2.786299e-02,1.786150e-02,,solution good enough for the tolerances given,solution good enough for the tolerances given,,false
4,3.162000e+02,0,4,CONTINUE,3.097376e-02,1.389481e-02,1.000000e-09,3.097376e-03,2.274028e-14,6.378672e-03,7.731666e-01,,,6.335185e-01,4.638210e+00,1.296049e+01,1.448483e-02,1.076349e+03,REACHED_FORCE,REACHED_FORCE,,2,0,0,2,0,0,,,,5.305468e-05,NaN,5.071163e-05,NaN,,,9.951388e-03,7.662263e-03,,solution good enough for the tolerances given,solution good enough for the tolerances given,,false
4,1.000000e+03,0,3,CONTINUE,3.097376e-02,1.416274e-02,1.000000e-09,3.097376e-03,2.274028e-14,6.374929e-03,7.655070e-01,,,6.289952e-01,4.533920e+00,1.284743e+01,1.448483e-02,1.076349e+03,REACHED_FORCE,REACHED_FORCE,,2,0,0,1,0,0,,,,8.144561e-06,NaN,1.281659e-04,NaN,,,3.345059e-03,2.857102e-03,,solution good enough for the tolerances given,solution good enough for the tolerances given,,false
4,3.162000e+03,0,2,CONTINUE,3.097376e-02,1.399720e-02,1.000000e-09,3.097376e-03,2.274028e-14,6.373893e-03,7.683236e-01,,,6.332348e-01,4.684131e+00,1.297113e+01,1.448483e-02,1.076349e+03,REACHED_FORCE,REACHED_FORCE,,1,0,0,1,0,0,,,,2.820246e-05,NaN,4.363487e-05,NaN,,,1.084830e-03,9.620023e-04,,solution good enough for the tolerances given,solution good enough for the tolerances given,,true
4,1.000000e+04,0,2,CONTINUE,3.097376e-02,1.397325e-02,1.000000e-09,3.097376e-03,2.274028e-14,6.373483e-03,7.690165e-01,,,6.363964e-01,4.789730e+00,1.305807e+01,1.448483e-02,1.076349e+03,REACHED_FORCE,REACHED_FORCE,,1,0,0,1,0,0,,,,9.185850e-06,NaN,1.417827e-05,NaN,,,3.460656e-04,3.117115e-04,,solution good enough for the tolerances given,solution good enough for the tolerances given,,false
4,3.162000e+04,0,2,CONTINUE,3.097376e-02,1.396533e-02,1.000000e-09,3.097376e-03,2.274028e-14,6.373341e-03,7.692363e-01,,,6.374381e-01,4.824761e+00,1.308675e+01,1.448483e-02,1.076349e+03,REACHED_FORCE,REACHED_FORCE,,1,0,0,1,0,0,,,,2.933061e-06,NaN,4.523856e-06,NaN,,,1.097623e-04,9.936421e-05,,solution good enough for the tolerances given,solution good enough for the tolerances given,,false
4,1.000000e+05,0,2,CONTINUE,3.097376e-02,1.396279e-02,1.000000e-09,3.097376e-03,2.274028e-14,6.373295e-03,7.693059e-01,,,6.377719e-01,4.836014e+00,1.309595e+01,1.448483e-02,1.076349e+03,REACHED_FORCE,REACHED_FORCE,,1,0,0,1,0,0,,,,9.302710e-07,NaN,1.434494e-06,NaN,,,3.473899e-05,3.149838e-05,,solution good enough for the tolerances given,solution good enough for the tolerances given,,false
4,3.162000e+05,0,2,CONTINUE,3.097376e-02,1.396199e-02,1.000000e-09,3.097376e-03,2.274028e-14,6.373280e-03,7.693279e-01,,,6.378779e-01,4.839589e+00,1.309887e+01,1.448483e-02,1.076349e+03,REACHED_FORCE,REACHED_FORCE,,1,0,0,1,0,0,,,,2.944883e-07,NaN,4.540738e-07,NaN,,,1.098963e-05,9.969510e-06,,solution good enough for the tolerances given,solution good enough for the tolerances given,,false
4,1.000000e+06,0,2,CONTINUE,3.097376e-02,1.396173e-02,1.000000e-09,3.097376e-03,2.274028e-14,6.373275e-03,7.693348e-01,,,6.379115e-01,4.840722e+00,1.309979e+01,1.448483e-02,1.076349e+03,REACHED_FORCE,REACHED_FORCE,,1,0,0,1,0,0,,,,9.314573e-08,NaN,1.436189e-07,NaN,,,3.475244e-06,3.153157e-06,,solution good enough for the tolerances given,solution good enough for the tolerances given,,false
4,3.162000e+06,0,2,CONTINUE,3.097376e-02,1.396165e-02,1.000000e-09,3.097376e-03,2.274028e-14,6.373273e-03,7.693370e-01,,,6.379221e-01,4.841080e+00,1.310008e+01,1.448483e-02,1.076349e+03,REACHED_FORCE,REACHED_FORCE,,1,0,0,1,0,0,,,,2.946071e-08,NaN,4.542436e-08,NaN,,,1.099097e-06,9.972834e-07,,solution good enough for the tolerances given,solution good enough for the tolerances given,,false
4,1.000000e+07,0,2,CONTINUE,3.097376e-02,1.396163e-02,1.000000e-09,3.097376e-03,2.274028e-14,6.373273e-03,7.693377e-01,,,6.379255e-01,4.841193e+00,1.310018e+01,1.448483e-02,1.076349e+03,REACHED_FORCE,REACHED_FORCE,,1,0,0,1,0,0,,,,9.315761e-09,NaN,1.436359e-08,NaN,,,3.475378e-07,3.153490e-07,,solution good enough for the tolerances given,solution good enough for the tolerances given,,false
4,3.162000e+07,0,2,CONTINUE,3.097376e-02,1.396162e-02,1.000000e-09,3.097376e-03,2.274028e-14,6.373273e-03,7.693379e-01,,,6.379266e-01,4.841229e+00,1.310021e+01,1.448483e-02,1.076349e+03,REACHED_FORCE,REACHED_FORCE,,1,0,0,1,0,0,,,,2.946190e-09,NaN,4.542605e-09,NaN,,,1.099111e-07,9.973166e-08,,solution good enough for the tolerances given,solution good enough for the tolerances given,,false
4,1.000000e+08,0,2,CONTINUE,3.097376e-02,1.396161e-02,1.000000e-09,3.097376e-03,2.274028e-14,6.373273e-03,7.693380e-01,,,6.379269e-01,4.841240e+00,1.310021e+01,1.448483e-02,1.076349e+03,REACHED_FORCE,REACHED_FORCE,,1,0,0,1,0,0,,,,7.859747e-09,NaN,9.934720e-09,NaN,,,3.475392e-08,3.153523e-08,,solution good enough for the tolerances given,solution good enough for the tolerances given,,false
4,3.162000e+08,0,2,CONTINUE,3.097376e-02,1.396161e-02,1.000000e-09,3.097376e-03,2.274028e-14,6.373273e-03,7.693380e-01,,,6.379270e-01,4.841244e+00,1.310022e+01,1.448483e-02,1.076349e+03,REACHED_FORCE,REACHED_FORCE,,1,0,0,1,0,0,,,,2.107622e-08,NaN,3.469749e-08,NaN,,,1.099112e-08,9.973199e-09,,solution good enough for the tolerances given,solution good enough for the tolerances given,,false
4,1.000000e+09,0,2,CONTINUE,3.097376e-02,1.396161e-02,1.000000e-09,3.097376e-03,2.274028e-14,6.373273e-03,7.693381e-01,,,6.379270e-01,4.841245e+00,1.310022e+01,1.448483e-02,1.076349e+03,REACHED_FORCE,REACHED_FORCE,,1,0,0,1,0,0,,,,6.604885e-08,NaN,9.136677e-08,NaN,,,3.475393e-09,3.153526e-09,,solution good enough for the tolerances given,solution good enough for the tolerances given,,false
4,3.162000e+09,0,2,CONTINUE,3.097376e-02,1.396161e-02,1.000000e-09,3.097376e-03,2.274028e-14,6.373273e-03,7.693380e-01,,,6.379271e-01,4.841245e+00,1.310022e+01,1.448483e-02,1.076349e+03,REACHED_FORCE,REACHED_FORCE,,1,0,0,1,0,0,,,,2.554075e-07,NaN,2.980332e-07,NaN,,,1.099112e-09,9.973199e-10,,solution good enough for the tolerances given,solution good enough for the tolerances given,,false
4,1.000000e+10,0,2,CONTINUE,3.097376e-02,1.396156e-02,1.000000e-09,3.097376e-03,2.274028e-14,6.373274e-03,7.693389e-01,,,6.379267e-01,4.841233e+00,1.310021e+01,1.448483e-02,1.076349e+03,REACHED_FORCE,REACHED_FORCE,,1,0,0,1,0,0,,,,7.480623e-07,NaN,1.031117e-06,NaN,,,3.475393e-10,3.153505e-10,,solution good enough for the tolerances given,solution good enough for the tolerances given,,false
5,1.000000e+00,0,39,CONTINUE,1.399720e-02,1.948651e-03,1.000000e-09,1.399720e-03,2.233187e-14,1.907814e-02,8.982054e-01,,,2.998500e-01,7.415485e+00,6.708156e+00,1.448483e-02,8.743564e+03,REACHED_FORCE,REACHED_FORCE,,25,0,0,14,0,0,,,,2.551456e-04,NaN,5.269785e-04,NaN,,,4.305554e-01,2.807792e-02,,solution good enough for the tolerances given,solution good enough for the tolerances given,,false
5,3.162000e+00,0,24,CONTINUE,1.399720e-02,2.040942e-03,1.000000e-09,1.399720e-03,2.233187e-14,8.431784e-03,8.899008e-01,,,2.948643e-01,7.632411e+00,6.544302e+00,1.448483e-02,8.743564e+03,REACHED_FORCE,REACHED_FORCE,,15,0,0,9,0,0,,,,1.380842e-04,NaN,3.833278e-04,NaN,,,2.254459e-01,2.048646e-02,,solution good enough for the tolerances given,solution good enough for the tolerances given,,false
5,1.000000e+01,0,15,CONTINUE,1.399720e-02,1.676008e-03,1.000000e-09,1.399720e-03,2.233187e-14,2.349255e-03,9.209027e-01,,,2.894791e-01,7.836563e+00,6.107670e+00,1.448483e-02,8.743564e+03,REACHED_FORCE,REACHED_FORCE,,9,0,0,6,0,0,,,,1.802077e-04,NaN,1.818346e-04,NaN,,,1.244886e-01,1.546121e-02,,solution good enough for the tolerances given,solution good enough for the tolerances given,,false
5,3.162000e+01,0,10,CONTINUE,1.399720e-02,1.985015e-03,1.000000e-09,1.399720e-03,2.233187e-14,2.088672e-03,8.945366e-01,,,2.839947e-01,7.936395e+00,6.189521e+00,1.448483e-02,8.743564e+03,REACHED_FORCE,REACHED_FORCE,,6,0,0,4,0,0,,,,1.012627e-04,NaN,1.340735e-04,NaN,,,6.217817e-02,1.085388e-02,,solution good enough for the tolerances given,solution good enough for the tolerances given,,false
5,1.000000e+02,0,7,CONTINUE,1.399720e-02,1.515668e-03,1.000000e-09,1.399720e-03,2.233187e-14,1.995254e-03,9.321742e-01,,,2.800362e-01,8.077393e+00,5.750121e+00,1.448483e-02,8.743564e+03,REACHED_FORCE,REACHED_FORCE,,4,0,0,3,0,0,,,,7.795209e-05,NaN,6.014752e-05,NaN,,,2.616125e-02,7.448563e-03,,solution good enough for the tolerances given,solution good enough for the tolerances given,,false
5,3.162000e+02,0,5,CONTINUE,1.399720e-02,1.595812e-03,1.000000e-09,1.399720e-03,2.233187e-14,1.967897e-03,9.227049e-01,,,2.804626e-01,8.038174e+00,5.851158e+00,1.448483e-02,8.743564e+03,REACHED_FORCE,REACHED_FORCE,,3,0,0,2,0,0,,,,2.803054e-05,NaN,6.097219e-05,NaN,,,1.041464e-02,4.812924e-03,,solution good enough for the tolerances given,solution good enough for the tolerances given,,false
5,1.000000e+03,0,4,CONTINUE,1.399720e-02,1.440508e-03,1.000000e-09,1.399720e-03,2.233187e-14,1.962481e-03,9.388081e-01,,,2.791762e-01,8.163056e+00,5.573694e+00,1.448483e-02,8.743564e+03,REACHED_FORCE,REACHED_FORCE,,2,0,0,2,0,0,,,,2.237635e-05,NaN,9.327950e-06,NaN,,,4.086488e-03,2.547299e-03,,solution good enough for the tolerances given,solution good enough for the tolerances given,,false
5,3.162000e+03,0,3,CONTINUE,1.399720e-02,1.654593e-03,1.000000e-09,1.399720e-03,2.233187e-14,1.959729e-03,9.186568e-01,,,2.862297e-01,7.843441e+00,6.044789e+00,1.448483e-02,8.743564e+03,REACHED_FORCE,REACHED_FORCE,,2,0,0,1,0,0,,,,2.917625e-06,NaN,3.782887e-05,NaN,,,1.472838e-03,9.726716e-04,,solution good enough for the tolerances given,solution good enough for the tolerances given,,false
5,1.000000e+04,0,2,CONTINUE,1.399720e-02,1.512232e-03,1.000000e-09,1.399720e-03,2.233187e-14,1.959627e-03,9.314485e-01,,,2.814609e-01,8.065246e+00,5.725571e+00,1.448483e-02,8.743564e+03,REACHED_FORCE,REACHED_FORCE,,1,0,0,1,0,0,,,,1.624090e-05,NaN,1.361182e-05,NaN,,,4.916724e-04,3.461026e-04,,solution good enough for the tolerances given,solution good enough for the tolerances given,,true
5,3.162000e+04,0,2,CONTINUE,1.399720e-02,1.484046e-03,1.000000e-09,1.399720e-03,2.233187e-14,1.959616e-03,9.333304e-01,,,2.773232e-01,8.180001e+00,5.591301e+00,1.448483e-02,8.743564e+03,REACHED_FORCE,REACHED_FORCE,,1,0,0,1,0,0,,,,5.287388e-06,NaN,4.321862e-06,NaN,,,1.584578e-04,1.098477e-04,,solution good enough for the tolerances given,solution good enough for the tolerances given,,false
5,1.000000e+05,0,2,CONTINUE,1.399720e-02,1.475454e-03,1.000000e-09,1.399720e-03,2.233187e-14,1.959614e-03,9.338863e-01,,,2.759945e-01,8.216508e+00,5.548870e+00,1.448483e-02,8.743564e+03,REACHED_FORCE,REACHED_FORCE,,1,0,0,1,0,0,,,,1.687641e-06,NaN,1.367642e-06,NaN,,,5.041413e-05,3.476021e-05,,solution good enough for the tolerances given,solution good enough for the tolerances given,,false
5,3.162000e+05,0,2,CONTINUE,1.399720e-02,1.472776e-03,1.000000e-09,1.399720e-03,2.233187e-14,1.959613e-03,9.340576e-01,,,2.755725e-01,8.228065e+00,5.535470e+00,1.448483e-02,8.743564e+03,REACHED_FORCE,REACHED_FORCE,,1,0,0,1,0,0,,,,5.353245e-07,NaN,4.326087e-07,NaN,,,1.597516e-05,1.099530e-05,,solution good enough for the tolerances given,solution good enough for the tolerances given,,false
5,1.000000e+06,0,2,CONTINUE,1.399720e-02,1.471933e-03,1.000000e-09,1.399720e-03,2.233187e-14,1.959613e-03,9.341113e-01,,,2.754389e-01,8.231722e+00,5.531233e+00,1.448483e-02,8.743564e+03,REACHED_FORCE,REACHED_FORCE,,1,0,0,1,0,0,,,,1.694302e-07,NaN,1.367986e-07,NaN,,,5.054503e-06,3.476917e-06,,solution good enough for the tolerances given,solution good enough for the tolerances given,,false
5,3.162000e+06,0,2,CONTINUE,1.399720e-02,1.471667e-03,1.000000e-09,1.399720e-03,2.233187e-14,1.959613e-03,9.341282e-01,,,2.753966e-01,8.232878e+00,5.529894e+00,1.448483e-02,8.743564e+03,REACHED_FORCE,REACHED_FORCE,,1,0,0,1,0,0,,,,5.359931e-08,NaN,4.326406e-08,NaN,,,1.598830e-06,1.099614e-06,,solution good enough for the tolerances given,solution good enough for the tolerances given,,false
5,1.000000e+07,0,2,CONTINUE,1.399720e-02,1.471583e-03,1.000000e-09,1.399720e-03,2.233187e-14,1.959613e-03,9.341335e-01,,,2.753832e-01,8.233244e+00,5.529471e+00,1.448483e-02,8.743564e+03,REACHED_FORCE,REACHED_FORCE,,1,0,0,1,0,0,,,,1.694971e-08,NaN,1.368017e-08,NaN,,,5.055818e-07,3.477000e-07,,solution good enough for the tolerances given,solution good enough for the tolerances given,,false
5,3.162000e+07,0,2,CONTINUE,1.399720e-02,1.471556e-03,1.000000e-09,1.399720e-03,2.233187e-14,1.959613e-03,9.341352e-01,,,2.753790e-01,8.233359e+00,5.529337e+00,1.448483e-02,8.743564e+03,REACHED_FORCE,REACHED_FORCE,,1,0,0,1,0,0,,,,5.360600e-09,NaN,4.326437e-09,NaN,,,1.598962e-07,1.099622e-07,,solution good enough for the tolerances given,solution good enough for the tolerances given,,false
5,1.000000e+08,0,2,CONTINUE,1.399720e-02,1.471548e-03,1.000000e-09,1.399720e-03,2.233187e-14,1.959613e-03,9.341358e-01,,,2.753777e-01,8.233396e+00,5.529294e+00,1.448483e-02,8.743564e+03,REACHED_FORCE,REACHED_FORCE,,1,0,0,1,0,0,,,,4.492664e-09,NaN,5.807496e-09,NaN,,,5.055950e-08,3.477008e-08,,solution good enough for the tolerances given,solution good enough for the tolerances given,,false
5,3.162000e+08,0,2,CONTINUE,1.399720e-02,1.471545e-03,1.000000e-09,1.399720e-03,2.233187e-14,1.959613e-03,9.341359e-01,,,2.753772e-01,8.233407e+00,5.529281e+00,1.448483e-02,8.743564e+03,REACHED_FORCE,REACHED_FORCE,,1,0,0,1,0,0,,,,1.318461e-08,NaN,1.945632e-08,NaN,,,1.598975e-08,1.099623e-08,,solution good enough for the tolerances given,solution good enough for the tolerances given,,false
5,1.000000e+09,0,2,CONTINUE,1.399720e-02,1.471545e-03,1.000000e-09,1.399720e-03,2.233187e-14,1.959613e-03,9.341359e-01,,,2.753771e-01,8.233411e+00,5.529277e+00,1.448483e-02,8.743564e+03,REACHED_FORCE,REACHED_FORCE,,1,0,0,1,0,0,,,,4.918292e-08,NaN,6.707083e-08,NaN,,,5.055963e-09,3.477009e-09,,solution good enough for the tolerances given,solution good enough for the tolerances given,,false
5,3.162000e+09,0,2,CONTINUE,1.399720e-02,1.471540e-03,1.000000e-09,1.399720e-03,2.233187e-14,1.959613e-03,9.341363e-01,,,2.753771e-01,8.233413e+00,5.529273e+00,1.448483e-02,8.743564e+03,REACHED_FORCE,REACHED_FORCE,,1,0,0,1,0,0,,,,1.525279e-07,NaN,2.001260e-07,NaN,,,1.598977e-09,1.099624e-09,,solution good enough for the tolerances given,solution good enough for the tolerances given,,false
5,1.000000e+10,0,2,CONTINUE,1.399720e-02,1.471547e-03,1.000000e-09,1.399720e-03,2.233187e-14,1.959613e-03,9.341358e-01,,,2.753771e-01,8.233413e+00,5.529277e+00,1.448483e-02,8.743564e+03,REACHED_FORCE,REACHED_FORCE,,1,0,0,1,0,0,,,,4.547415e-07,NaN,6.234924e-07,NaN,,,5.055965e-10,3.477009e-10,,solution good enough for the tolerances given,solution good enough for the tolerances given,,false
6,1.000000e+00,0,46,CONTINUE,1.512232e-03,2.112156e-04,1.000000e-09,1.512232e-04,2.221288e-14,1.038337e-02,8.633044e-01,,,7.488991e-02,5.954063e+00,5.996078e-01,1.448483e-02,2.224197e+03,REACHED_FORCE,REACHED_FORCE,,35,0,0,11,0,0,,,,2.614269e-05,NaN,4.884157e-05,NaN,,,1.068869e-01,2.406303e-03,,solution good enough for the tolerances given,solution good enough for the tolerances given,,false
6,3.162000e+00,0,27,CONTINUE,1.512232e-03,2.149384e-04,1.000000e-09,1.512232e-04,2.221288e-14,3.288875e-03,8.606439e-01,,,7.327284e-02,5.964735e+00,6.055820e-01,1.448483e-02,2.224197e+03,REACHED_FORCE,REACHED_FORCE,,20,0,0,7,0,0,,,,4.585254e-05,NaN,2.273450e-05,NaN,,,6.029100e-02,1.851034e-03,,solution good enough for the tolerances given,solution good enough for the tolerances given,,false
6,1.000000e+01,0,17,CONTINUE,1.512232e-03,2.126362e-04,1.000000e-09,1.512232e-04,2.221288e-14,2.960197e-03,8.604927e-01,,,7.291733e-02,5.981698e+00,5.914574e-01,1.448483e-02,2.224197e+03,REACHED_FORCE,REACHED_FORCE,,12,0,0,5,0,0,,,,2.647231e-05,NaN,2.494937e-05,NaN,,,3.216859e-02,1.305522e-03,,solution good enough for the tolerances given,solution good enough for the tolerances given,,false
6,3.162000e+01,0,11,CONTINUE,1.512232e-03,2.053842e-04,1.000000e-09,1.512232e-04,2.221288e-14,2.799658e-03,8.661380e-01,,,7.272668e-02,5.979518e+00,5.599490e-01,1.448483e-02,2.224197e+03,REACHED_FORCE,REACHED_FORCE,,8,0,0,3,0,0,,,,1.381251e-05,NaN,1.788111e-05,NaN,,,2.007897e-02,8.658747e-04,,solution good enough for the tolerances given,solution good enough for the tolerances given,,false
6,1.000000e+02,0,8,CONTINUE,1.512232e-03,1.962518e-04,1.000000e-09,1.512232e-04,2.221288e-14,2.790504e-03,8.717116e-01,,,7.311833e-02,5.998236e+00,5.091484e-01,1.448483e-02,2.224197e+03,REACHED_FORCE,REACHED_FORCE,,5,0,0,3,0,0,,,,1.422740e-05,NaN,4.413069e-06,NaN,,,1.445981e-02,7.549651e-04,,solution good enough for the tolerances given,solution good enough for the tolerances given,,false
6,3.162000e+02,0,6,CONTINUE,1.512232e-03,1.887125e-04,1.000000e-09,1.512232e-04,2.221288e-14,2.789688e-03,8.766082e-01,,,7.332086e-02,5.994005e+00,4.837227e-01,1.448483e-02,2.224197e+03,REACHED_FORCE,REACHED_FORCE,,4,0,0,2,0,0,,,,3.028453e-06,NaN,3.149303e-06,NaN,,,9.097543e-03,4.511615e-04,,solution good enough for the tolerances given,solution good enough for the tolerances given,,false
6,1.000000e+03,0,5,CONTINUE,1.512232e-03,1.815557e-04,1.000000e-09,1.512232e-04,2.221288e-14,2.789653e-03,8.814581e-01,,,7.350630e-02,5.995837e+00,4.533467e-01,1.448483e-02,2.224197e+03,REACHED_FORCE,REACHED_FORCE,,3,0,0,2,0,0,,,,1.065683e-06,NaN,3.801410e-07,NaN,,,4.330524e-03,2.175562e-04,,solution good enough for the tolerances given,solution good enough for the tolerances given,,false
6,3.162000e+03,0,3,CONTINUE,1.512232e-03,1.801295e-04,1.000000e-09,1.512232e-04,2.221288e-14,2.789651e-03,8.839874e-01,,,7.542503e-02,5.969948e+00,4.609832e-01,1.448483e-02,2.224197e+03,REACHED_FORCE,REACHED_FORCE,,2,0,0,1,0,0,,,,1.602928e-06,NaN,3.700369e-06,NaN,,,1.639232e-03,8.380706e-05,,solution good enough for the tolerances given,solution good enough for the tolerances given,,false
6,1.000000e+04,0,3,CONTINUE,1.512232e-03,1.811585e-04,1.000000e-09,1.512232e-04,2.221288e-14,2.789651e-03,8.822595e-01,,,7.416309e-02,5.986852e+00,4.566089e-01,1.448483e-02,2.224197e+03,REACHED_FORCE,REACHED_FORCE,,2,0,0,1,0,0,,,,1.696887e-07,NaN,1.194203e-06,NaN,,,5.531673e-04,2.798875e-05,,solution good enough for the tolerances given,solution good enough for the tolerances given,,false
6,3.162000e+04,0,3,CONTINUE,1.512232e-03,1.811227e-04,1.000000e-09,1.512232e-04,2.221288e-14,2.789651e-03,8.819380e-01,,,7.374153e-02,5.992889e+00,4.532545e-01,1.448483e-02,2.224197e+03,REACHED_FORCE,REACHED_FORCE,,2,0,0,1,0,0,,,,1.728640e-08,NaN,3.849113e-07,NaN,,,1.787564e-04,9.038612e-06,,solution good enough for the tolerances given,solution good enough for the tolerances given,,false
6,1.000000e+05,0,2,CONTINUE,1.512232e-03,1.808374e-04,1.000000e-09,1.512232e-04,2.221288e-14,2.789651e-03,8.811280e-01,,,7.359953e-02,6.010711e+00,4.425281e-01,1.448483e-02,2.224197e+03,REACHED_FORCE,REACHED_FORCE,,1,0,0,1,0,0,,,,2.335947e-06,NaN,1.392313e-07,NaN,,,5.691574e-05,3.222646e-06,,solution good enough for the tolerances given,solution good enough for the tolerances given,,true
6,3.162000e+05,0,2,CONTINUE,1.512232e-03,1.809700e-04,1.000000e-09,1.512232e-04,2.221288e-14,2.789651e-03,8.816086e-01,,,7.355836e-02,6.000576e+00,4.484986e-01,1.448483e-02,2.224197e+03,REACHED_FORCE,REACHED_FORCE,,1,0,0,1,0,0,,,,7.406810e-07,NaN,4.055159e-08,NaN,,,1.803959e-05,9.469008e-07,,solution good enough for the tolerances given,solution good enough for the tolerances given,,false
6,1.000000e+06,0,2,CONTINUE,1.512232e-03,1.810149e-04,1.000000e-09,1.512232e-04,2.221288e-14,2.789651e-03,8.817617e-01,,,7.354709e-02,5.997327e+00,4.504226e-01,1.448483e-02,2.224197e+03,REACHED_FORCE,REACHED_FORCE,,1,0,0,1,0,0,,,,2.343965e-07,NaN,1.247125e-08,NaN,,,5.708098e-06,2.921304e-07,,solution good enough for the tolerances given,solution good enough for the tolerances given,,false
6,3.162000e+06,0,2,CONTINUE,1.512232e-03,1.810294e-04,1.000000e-09,1.512232e-04,2.221288e-14,2.789651e-03,8.818102e-01,,,7.354370e-02,5.996296e+00,4.510345e-01,1.448483e-02,2.224197e+03,REACHED_FORCE,REACHED_FORCE,,1,0,0,1,0,0,,,,7.414851e-08,NaN,3.908890e-09,NaN,,,1.805616e-06,9.165834e-08,,solution good enough for the tolerances given,solution good enough for the tolerances given,,false
6,1.000000e+07,0,2,CONTINUE,1.512232e-03,1.810340e-04,1.000000e-09,1.512232e-04,2.221288e-14,2.789651e-03,8.818256e-01,,,7.354265e-02,5.995969e+00,4.512284e-01,1.448483e-02,2.224197e+03,REACHED_FORCE,REACHED_FORCE,,1,0,0,1,0,0,,,,2.344769e-08,NaN,1.232467e-09,NaN,,,5.709756e-07,2.890936e-08,,solution good enough for the tolerances given,solution good enough for the tolerances given,,false
6,3.162000e+07,0,2,CONTINUE,1.512232e-03,1.810355e-04,1.000000e-09,1.512232e-04,2.221288e-14,2.789651e-03,8.818304e-01,,,7.354232e-02,5.995865e+00,4.512897e-01,1.448483e-02,2.224197e+03,REACHED_FORCE,REACHED_FORCE,,1,0,0,1,0,0,,,,7.415657e-09,NaN,4.251285e-10,NaN,,,1.805782e-07,9.135443e-09,,solution good enough for the tolerances given,solution good enough for the tolerances given,,false
6,1.000000e+08,0,2,CONTINUE,1.512232e-03,1.810360e-04,1.000000e-09,1.512232e-04,2.221288e-14,2.789651e-03,8.818320e-01,,,7.354221e-02,5.995833e+00,4.513091e-01,1.448483e-02,2.224197e+03,REACHED_FORCE,REACHED_FORCE,,1,0,0,1,0,0,,,,2.344850e-09,NaN,1.801536e-09,NaN,,,5.709921e-08,2.887897e-09,,solution good enough for the tolerances given,solution good enough for the tolerances given,,false
6,3.162000e+08,0,2,CONTINUE,1.512232e-03,1.810361e-04,1.000000e-09,1.512232e-04,2.221288e-14,2.789651e-03,8.818325e-01,,,7.354219e-02,5.995822e+00,4.513153e-01,1.448483e-02,2.224197e+03,REACHED_FORCE,REACHED_FORCE,,1,0,0,1,0,0,,,,3.170919e-09,NaN,4.617320e-09,NaN,,,1.805798e-08,9.132403e-10,,solution good enough for the tolerances given,solution good enough for the tolerances given,,false
6,1.000000e+09,0,2,CONTINUE,1.512232e-03,1.810362e-04,1.000000e-09,1.512232e-04,2.221288e-14,2.789651e-03,8.818326e-01,,,7.354221e-02,5.995819e+00,4.513172e-01,1.448483e-02,2.224197e+03,REACHED_FORCE,REACHED_FORCE,,1,0,0,1,0,0,,,,1.087631e-08,NaN,1.389179e-08,NaN,,,5.709938e-09,2.887593e-10,,solution good enough for the tolerances given,solution good enough for the tolerances given,,false
6,3.162000e+09,0,2,CONTINUE,1.512232e-03,1.810363e-04,1.000000e-09,1.512232e-04,2.221288e-14,2.789651e-03,8.818326e-01,,,7.354229e-02,5.995818e+00,4.513182e-01,1.448483e-02,2.224197e+03,REACHED_FORCE,REACHED_FORCE,,1,0,0,1,0,0,,,,3.319141e-08,NaN,4.655802e-08,NaN,,,1.805800e-09,9.132099e-11,,solution good enough for the tolerances given,solution good enough for the tolerances given,,false
6,1.000000e+10,0,2,CONTINUE,1.512232e-03,1.810362e-04,1.000000e-09,1.512232e-04,2.221288e-14,2.789650e-03,8.818326e-01,,,7.354221e-02,5.995818e+00,4.513186e-01,1.448483e-02,2.224197e+03,REACHED_FORCE,REACHED_FORCE,,1,0,0,1,0,0,,,,8.807058e-08,NaN,1.719944e-07,NaN,,,5.709939e-10,2.887563e-11,,solution good enough for the tolerances given,solution good enough for the tolerances given,,false
7,1.000000e+00,0,29,CONTINUE,1.808374e-04,5.705558e-05,1.000000e-09,1.808374e-05,2.220546e-14,2.579465e-02,8.770641e-01,,,4.504968e-01,4.257574e-01,1.130752e-01,7.799299e-03,1.192105e+02,REACHED_FORCE,REACHED_FORCE,,16,0,0,13,0,0,,,,2.933649e-06,NaN,2.304289e-06,NaN,,,3.721060e-02,1.683121e-02,,solution good enough for the tolerances given,solution good enough for the tolerances given,,false
7,3.162000e+00,0,17,CONTINUE,1.808374e-04,5.717551e-05,1.000000e-09,1.808374e-05,2.220546e-14,2.359414e-02,8.749018e-01,,,4.502301e-01,4.262308e-01,1.131333e-01,7.799299e-03,1.192105e+02,REACHED_FORCE,REACHED_FORCE,,9,0,0,8,0,0,,,,3.727956e-06,NaN,1.872865e-06,NaN,,,2.071914e-02,9.289864e-03,,solution good enough for the tolerances given,solution good enough for the tolerances given,,false
7,1.000000e+01,0,12,CONTINUE,1.808374e-04,5.680855e-05,1.000000e-09,1.808374e-05,2.220546e-14,2.348868e-02,8.781347e-01,,,4.502946e-01,4.259693e-01,1.126006e-01,7.799299e-03,1.192105e+02,REACHED_FORCE,REACHED_FORCE,,6,0,0,6,0,0,,,,2.447098e-06,NaN,7.812901e-07,NaN,,,1.406329e-02,5.392046e-03,,solution good enough for the tolerances given,solution good enough for the tolerances given,,false
7,3.162000e+01,0,10,CONTINUE,1.808374e-04,5.673970e-05,1.000000e-09,1.808374e-05,2.220546e-14,2.348775e-02,8.790544e-01,,,4.504021e-01,4.258072e-01,1.125922e-01,7.799299e-03,1.192105e+02,REACHED_FORCE,REACHED_FORCE,,5,0,0,5,0,0,,,,3.969338e-07,NaN,1.324156e-07,NaN,,,9.052482e-03,3.106751e-03,,solution good enough for the tolerances given,solution good enough for the tolerances given,,false
7,1.000000e+02,0,7,CONTINUE,1.808374e-04,5.664907e-05,1.000000e-09,1.808374e-05,2.220546e-14,2.348773e-02,8.797639e-01,,,4.504176e-01,4.259409e-01,1.124877e-01,7.799299e-03,1.192105e+02,REACHED_FORCE,REACHED_FORCE,,4,0,0,3,0,0,,,,5.554704e-08,NaN,7.856181e-07,NaN,,,4.463926e-03,1.463014e-03,,solution good enough for the tolerances given,solution good enough for the tolerances given,,false
7,3.162000e+02,0,5,CONTINUE,1.808374e-04,5.670308e-05,1.000000e-09,1.808374e-05,2.220546e-14,2.348773e-02,8.793499e-01,,,4.503852e-01,4.260109e-01,1.125406e-01,7.799299e-03,1.192105e+02,REACHED_FORCE,REACHED_FORCE,,3,0,0,2,0,0,,,,6.637164e-08,NaN,7.922407e-07,NaN,,,1.726272e-03,5.555702e-04,,solution good enough for the tolerances given,solution good enough for the tolerances given,,false
7,1.000000e+03,0,4,CONTINUE,1.808374e-04,5.671007e-05,1.000000e-09,1.808374e-05,2.220546e-14,2.348773e-02,8.794001e-01,,,4.504367e-01,4.258196e-01,1.125792e-01,7.799299e-03,1.192105e+02,REACHED_FORCE,REACHED_FORCE,,2,0,0,2,0,0,,,,2.086992e-07,NaN,8.164273e-08,NaN,,,5.877549e-04,1.879106e-04,,solution good enough for the tolerances given,solution good enough for the tolerances given,,false
7,3.162000e+03,0,4,CONTINUE,1.808374e-04,5.671836e-05,1.000000e-09,1.808374e-05,2.220546e-14,2.348773e-02,8.793075e-01,,,4.504243e-01,4.257820e-01,1.125818e-01,7.799299e-03,1.192105e+02,REACHED_FORCE,REACHED_FORCE,,2,0,0,2,0,0,,,,2.177026e-08,NaN,8.243549e-09,NaN,,,1.905258e-04,6.077104e-05,,solution good enough for the tolerances given,solution good enough for the tolerances given,,false
7,1.000000e+04,0,4,CONTINUE,1.808374e-04,5.671924e-05,1.000000e-09,1.808374e-05,2.220546e-14,2.348773e-02,8.792976e-01,,,4.504229e-01,4.257782e-01,1.125821e-01,7.799299e-03,1.192105e+02,REACHED_FORCE,REACHED_FORCE,,2,0,0,2,0,0,,,,2.206320e-09,NaN,8.266883e-10,NaN,,,6.072490e-05,1.935507e-05,,solution good enough for the tolerances given,solution good enough for the tolerances given,,false
7,3.162000e+04,0,3,CONTINUE,1.808374e-04,5.674042e-05,1.000000e-09,1.808374e-05,2.220546e-14,2.348773e-02,8.790503e-01,,,4.503327e-01,4.259862e-01,1.125375e-01,7.799299e-03,1.192105e+02,REACHED_FORCE,REACHED_FORCE,,2,0,0,1,0,0,,,,2.216231e-10,NaN,2.609487e-07,NaN,,,1.925318e-05,6.135238e-06,,solution good enough for the tolerances given,solution good enough for the tolerances given,,false
7,1.000000e+05,0,2,CONTINUE,1.808374e-04,5.672799e-05,1.000000e-09,1.808374e-05,2.220546e-14,2.348773e-02,8.790024e-01,,,4.503129e-01,4.261570e-01,1.124757e-01,7.799299e-03,1.192105e+02,REACHED_FORCE,REACHED_FORCE,,1,0,0,1,0,0,,,,2.690626e-07,NaN,8.241797e-08,NaN,,,6.092731e-06,1.936278e-06,,solution good enough for the tolerances given,solution good enough for the tolerances given,,true
7,3.162000e+05,0,2,CONTINUE,1.808374e-04,5.672208e-05,1.000000e-09,1.808374e-05,2.220546e-14,2.348773e-02,8.792034e-01,,,4.503880e-01,4.258978e-01,1.125484e-01,7.799299e-03,1.192105e+02,REACHED_FORCE,REACHED_FORCE,,1,0,0,1,0,0,,,,8.511857e-08,NaN,2.610218e-08,NaN,,,1.927348e-06,6.136023e-07,,solution good enough for the tolerances given,solution good enough for the tolerances given,,false
7,1.000000e+06,0,2,CONTINUE,1.808374e-04,5.672021e-05,1.000000e-09,1.808374e-05,2.220546e-14,2.348773e-02,8.792670e-01,,,4.504117e-01,4.258158e-01,1.125714e-01,7.799299e-03,1.192105e+02,REACHED_FORCE,REACHED_FORCE,,1,0,0,1,0,0,,,,2.691710e-08,NaN,8.257215e-09,NaN,,,6.094763e-07,1.941455e-07,,solution good enough for the tolerances given,solution good enough for the tolerances given,,false
7,3.162000e+06,0,2,CONTINUE,1.808374e-04,5.671962e-05,1.000000e-09,1.808374e-05,2.220546e-14,2.348773e-02,8.792871e-01,,,4.504193e-01,4.257898e-01,1.125787e-01,7.799299e-03,1.192105e+02,REACHED_FORCE,REACHED_FORCE,,1,0,0,1,0,0,,,,8.512942e-09,NaN,2.611761e-09,NaN,,,1.927551e-07,6.141205e-08,,solution good enough for the tolerances given,solution good enough for the tolerances given,,false
7,1.000000e+07,0,2,CONTINUE,1.808374e-04,5.671943e-05,1.000000e-09,1.808374e-05,2.220546e-14,2.348773e-02,8.792935e-01,,,4.504217e-01,4.257816e-01,1.125810e-01,7.799299e-03,1.192105e+02,REACHED_FORCE,REACHED_FORCE,,1,0,0,1,0,0,,,,2.691818e-09,NaN,1.132832e-09,NaN,,,6.094966e-08,1.941974e-08,,solution good enough for the tolerances given,solution good enough for the tolerances given,,false
7,3.162000e+07,0,2,CONTINUE,1.808374e-04,5.671937e-05,1.000000e-09,1.808374e-05,2.220546e-14,2.348773e-02,8.792955e-01,,,4.504224e-01,4.257790e-01,1.125818e-01,7.799299e-03,1.192105e+02,REACHED_FORCE,REACHED_FORCE,,1,0,0,1,0,0,,,,2.128872e-09,NaN,3.772064e-09,NaN,,,1.927572e-08,6.141723e-09,,solution good enough for the tolerances given,solution good enough for the tolerances given,,false
7,1.000000e+08,0,2,CONTINUE,1.808374e-04,5.671933e-05,1.000000e-09,1.808374e-05,2.220546e-14,2.348773e-02,8.792961e-01,,,4.504227e-01,4.257782e-01,1.125820e-01,7.799299e-03,1.192105e+02,REACHED_FORCE,REACHED_FORCE,,1,0,0,1,0,0,,,,6.682480e-09,NaN,8.612576e-09,NaN,,,6.094986e-09,1.942025e-09,,solution good enough for the tolerances given,solution good enough for the tolerances given,,false
7,3.162000e+08,0,2,CONTINUE,1.808374e-04,5.671938e-05,1.000000e-09,1.808374e-05,2.220546e-14,2.348773e-02,8.792962e-01,,,4.504230e-01,4.257779e-01,1.125821e-01,7.799299e-03,1.192105e+02,REACHED_FORCE,REACHED_FORCE,,1,0,0,1,0,0,,,,1.209154e-08,NaN,2.991468e-08,NaN,,,1.927574e-09,6.141776e-10,,solution good enough for the tolerances given,solution good enough for the tolerances given,,false
7,1.000000e+09,0,2,CONTINUE,1.808374e-04,5.671940e-05,1.000000e-09,1.808374e-05,2.220546e-14,2.348772e-02,8.792960e-01,,,4.504241e-01,4.257781e-01,1.125820e-01,7.799299e-03,1.192105e+02,REACHED_FORCE,REACHED_FORCE,,1,0,0,1,0,0,,,,4.245593e-08,NaN,9.941632e-08,NaN,,,6.094989e-10,1.942029e-10,,solution good enough for the tolerances given,solution good enough for the tolerances given,,false
7,3.162000e+09,0,2,CONTINUE,1.808374e-04,5.671927e-05,1.000000e-09,1.808374e-05,2.220546e-14,2.348769e-02,8.792977e-01,,,4.504248e-01,4.257782e-01,1.125814e-01,7.799299e-03,1.192105e+02,REACHED_FORCE,REACHED_FORCE,,1,0,0,1,0,0,,,,1.826636e-07,NaN,2.921192e-07,NaN,,,1.927574e-10,6.141768e-11,,solution good enough for the tolerances given,solution good enough for the tolerances given,,false
7,1.000000e+10,0,2,CONTINUE,1.808374e-04,5.671892e-05,1.000000e-09,1.808374e-05,2.220546e-14,2.348777e-02,8.792927e-01,,,4.504338e-01,4.257814e-01,1.125808e-01,7.799299e-03,1.192105e+02,REACHED_FORCE,REACHED_FORCE,,1,0,0,1,0,0,,,,4.827039e-07,NaN,8.378884e-07,NaN,,,6.095003e-11,1.942007e-11,,solution good enough for the tolerances given,solution good enough for the tolerances given,,false
8,1.000000e+00,0,17,CONTINUE,5.672799e-05,1.047959e-05,1.000000e-09,5.672799e-06,2.220458e-14,1.875444e-01,8.748140e-01,,,4.552684e-01,5.805401e-02,8.144762e-02,4.116657e-03,1.257047e+01,REACHED_FORCE,REACHED_FORCE,,10,0,0,7,0,0,,,,1.777797e-07,NaN,9.641045e-07,NaN,,,2.250663e-02,5.414785e-03,,solution good enough for the tolerances given,solution good enough for the tolerances given,,false
8,3.162000e+00,0,11,CONTINUE,5.672799e-05,1.047972e-05,1.000000e-09,5.672799e-06,2.220458e-14,1.862390e-01,8.748011e-01,,,4.552746e-01,5.805347e-02,8.144761e-02,4.116657e-03,1.257047e+01,REACHED_FORCE,REACHED_FORCE,,6,0,0,5,0,0,,,,5.076334e-07,NaN,2.882979e-07,NaN,,,1.219072e-02,3.368950e-03,,solution good enough for the tolerances given,solution good enough for the tolerances given,,false
8,1.000000e+01,0,8,CONTINUE,5.672799e-05,1.047999e-05,1.000000e-09,5.672799e-06,2.220458e-14,1.862386e-01,8.750234e-01,,,4.552446e-01,5.803167e-02,8.145026e-02,4.116657e-03,1.257047e+01,REACHED_FORCE,REACHED_FORCE,,4,0,0,4,0,0,,,,3.713415e-07,NaN,9.297085e-08,NaN,,,5.678352e-03,1.618451e-03,,solution good enough for the tolerances given,solution good enough for the tolerances given,,false
8,3.162000e+01,0,6,CONTINUE,5.672799e-05,1.048401e-05,1.000000e-09,5.672799e-06,2.220458e-14,1.862386e-01,8.749100e-01,,,4.552481e-01,5.803511e-02,8.145278e-02,4.116657e-03,1.257047e+01,REACHED_FORCE,REACHED_FORCE,,3,0,0,3,0,0,,,,1.665941e-07,NaN,3.013759e-08,NaN,,,2.178804e-03,6.200484e-04,,solution good enough for the tolerances given,solution good enough for the tolerances given,,false
8,1.000000e+02,0,5,CONTINUE,5.672799e-05,1.048110e-05,1.000000e-09,5.672799e-06,2.220458e-14,1.862386e-01,8.748868e-01,,,4.552562e-01,5.804600e-02,8.144950e-02,4.116657e-03,1.257047e+01,REACHED_FORCE,REACHED_FORCE,,3,0,0,2,0,0,,,,5.638909e-09,NaN,1.425108e-07,NaN,,,7.425723e-04,2.105952e-04,,solution good enough for the tolerances given,solution good enough for the tolerances given,,false
8,3.162000e+02,0,4,CONTINUE,5.672799e-05,1.048110e-05,1.000000e-09,5.672799e-06,2.220458e-14,1.862386e-01,8.748950e-01,,,4.552563e-01,5.804325e-02,8.144981e-02,4.116657e-03,1.257047e+01,REACHED_FORCE,REACHED_FORCE,,2,0,0,2,0,0,,,,6.355115e-08,NaN,1.502485e-08,NaN,,,2.409232e-04,6.823524e-05,,solution good enough for the tolerances given,solution good enough for the tolerances given,,false
8,1.000000e+03,0,4,CONTINUE,5.672799e-05,1.048065e-05,1.000000e-09,5.672799e-06,2.220458e-14,1.862386e-01,8.748974e-01,,,4.552576e-01,5.804084e-02,8.144984e-02,4.116657e-03,1.257047e+01,REACHED_FORCE,REACHED_FORCE,,2,0,0,2,0,0,,,,6.429842e-09,NaN,1.528134e-09,NaN,,,7.681425e-05,2.174852e-05,,solution good enough for the tolerances given,solution good enough for the tolerances given,,false
8,3.162000e+03,0,4,CONTINUE,5.672799e-05,1.048061e-05,1.000000e-09,5.672799e-06,2.220458e-14,1.862386e-01,8.748976e-01,,,4.552578e-01,5.804060e-02,8.144984e-02,4.116657e-03,1.257047e+01,REACHED_FORCE,REACHED_FORCE,,2,0,0,2,0,0,,,,6.455234e-10,NaN,1.536684e-10,NaN,,,2.435723e-05,6.895419e-06,,solution good enough for the tolerances given,solution good enough for the tolerances given,,false
8,1.000000e+04,0,3,CONTINUE,5.672799e-05,1.047972e-05,1.000000e-09,5.672799e-06,2.220458e-14,1.862386e-01,8.749048e-01,,,4.552532e-01,5.804802e-02,8.144790e-02,4.116657e-03,1.257047e+01,REACHED_FORCE,REACHED_FORCE,,2,0,0,1,0,0,,,,6.461801e-11,NaN,9.136331e-08,NaN,,,7.708215e-06,2.182067e-06,,solution good enough for the tolerances given,solution good enough for the tolerances given,,false
8,3.162000e+04,0,2,CONTINUE,5.672799e-05,1.047786e-05,1.000000e-09,5.672799e-06,2.220458e-14,1.862386e-01,8.748965e-01,,,4.552523e-01,5.805922e-02,8.144525e-02,4.116657e-03,1.257047e+01,REACHED_FORCE,REACHED_FORCE,,1,0,0,1,0,0,,,,1.261915e-07,NaN,2.884955e-08,NaN,,,2.438412e-06,6.894611e-07,,solution good enough for the tolerances given,solution good enough for the tolerances given,,true
8,1.000000e+05,0,2,CONTINUE,5.672799e-05,1.047974e-05,1.000000e-09,5.672799e-06,2.220458e-14,1.862386e-01,8.748973e-01,,,4.552560e-01,5.804647e-02,8.144839e-02,4.116657e-03,1.257047e+01,REACHED_FORCE,REACHED_FORCE,,1,0,0,1,0,0,,,,3.990632e-08,NaN,9.135214e-09,NaN,,,7.710907e-07,2.181986e-07,,solution good enough for the tolerances given,solution good enough for the tolerances given,,false
8,3.162000e+05,0,2,CONTINUE,5.672799e-05,1.048033e-05,1.000000e-09,5.672799e-06,2.220458e-14,1.862386e-01,8.748975e-01,,,4.552572e-01,5.804244e-02,8.144938e-02,4.116657e-03,1.257047e+01,REACHED_FORCE,REACHED_FORCE,,1,0,0,1,0,0,,,,1.262105e-08,NaN,2.890361e-09,NaN,,,2.438682e-07,6.902562e-08,,solution good enough for the tolerances given,solution good enough for the tolerances given,,false
8,1.000000e+06,0,2,CONTINUE,5.672799e-05,1.048052e-05,1.000000e-09,5.672799e-06,2.220458e-14,1.862386e-01,8.748976e-01,,,4.552576e-01,5.804116e-02,8.144969e-02,4.116657e-03,1.257047e+01,REACHED_FORCE,REACHED_FORCE,,1,0,0,1,0,0,,,,3.990822e-09,NaN,9.140621e-10,NaN,,,7.711176e-08,2.182781e-08,,solution good enough for the tolerances given,solution good enough for the tolerances given,,false
8,3.162000e+06,0,2,CONTINUE,5.672799e-05,1.048058e-05,1.000000e-09,5.672799e-06,2.220458e-14,1.862386e-01,8.748976e-01,,,4.552577e-01,5.804076e-02,8.144979e-02,4.116657e-03,1.257047e+01,REACHED_FORCE,REACHED_FORCE,,1,0,0,1,0,0,,,,1.262124e-09,NaN,3.414216e-10,NaN,,,2.438709e-08,6.903357e-09,,solution good enough for the tolerances given,solution good enough for the tolerances given,,false
8,1.000000e+07,0,2,CONTINUE,5.672799e-05,1.048059e-05,1.000000e-09,5.672799e-06,2.220458e-14,1.862386e-01,8.748977e-01,,,4.552578e-01,5.804063e-02,8.144982e-02,4.116657e-03,1.257047e+01,REACHED_FORCE,REACHED_FORCE,,1,0,0,1,0,0,,,,6.797541e-10,NaN,1.119744e-09,NaN,,,7.711203e-09,2.182861e-09,,solution good enough for the tolerances given,solution good enough for the tolerances given,,false
8,3.162000e+07,0,2,CONTINUE,5.672799e-05,1.048059e-05,1.000000e-09,5.672799e-06,2.220458e-14,1.862386e-01,8.748978e-01,,,4.552579e-01,5.804059e-02,8.144983e-02,4.116657e-03,1.257047e+01,REACHED_FORCE,REACHED_FORCE,,1,0,0,1,0,0,,,,2.674983e-09,NaN,4.250393e-09,NaN,,,2.438711e-09,6.903436e-10,,solution good enough for the tolerances given,solution good enough for the tolerances given,,false
8,1.000000e+08,0,2,CONTINUE,5.672799e-05,1.048055e-05,1.000000e-09,5.672799e-06,2.220458e-14,1.862386e-01,8.748984e-01,,,4.552581e-01,5.804058e-02,8.144982e-02,4.116657e-03,1.257047e+01,REACHED_FORCE,REACHED_FORCE,,1,0,0,1,0,0,,,,6.696449e-09,NaN,9.681007e-09,NaN,,,7.711206e-10,2.182869e-10,,solution good enough for the tolerances given,solution good enough for the tolerances given,,false
8,3.162000e+08,0,2,CONTINUE,5.672799e-05,1.048049e-05,1.000000e-09,5.672799e-06,2.220458e-14,1.862386e-01,8.748998e-01,,,4.552588e-01,5.804058e-02,8.144978e-02,4.116657e-03,1.257047e+01,REACHED_FORCE,REACHED_FORCE,,1,0,0,1,0,0,,,,2.287968e-08,NaN,3.784653e-08,NaN,,,2.438712e-10,6.903447e-11,,solution good enough for the tolerances given,solution good enough for the tolerances given,,false
8,1.000000e+09,0,2,CONTINUE,5.672799e-05,1.048057e-05,1.000000e-09,5.672799e-06,2.220458e-14,1.862386e-01,8.749008e-01,,,4.552588e-01,5.804050e-02,8.144978e-02,4.116657e-03,1.257047e+01,REACHED_FORCE,REACHED_FORCE,,1,0,0,1,0,0,,,,6.836544e-08,NaN,1.128076e-07,NaN,,,7.711207e-11,2.182879e-11,,solution good enough for the tolerances given,solution good enough for the tolerances given,,false
8,3.162000e+09,0,2,CONTINUE,5.672799e-05,1.047896e-05,1.000000e-09,5.672799e-06,2.220458e-14,1.862390e-01,8.749326e-01,,,4.552741e-01,5.804046e-02,8.144907e-02,4.116657e-03,1.257047e+01,REACHED_FORCE,REACHED_FORCE,,1,0,0,1,0,0,,,,2.706747e-07,NaN,3.169665e-07,NaN,,,2.438717e-11,6.903542e-12,,solution good enough for the tolerances given,solution good enough for the tolerances given,,false
8,1.000000e+10,0,2,CONTINUE,5.672799e-05,1.048098e-05,1.000000e-09,5.672799e-06,2.220458e-14,1.862386e-01,8.749275e-01,,,4.552819e-01,5.804002e-02,8.144925e-02,4.116657e-03,1.257047e+01,REACHED_FORCE,REACHED_FORCE,,1,0,0,1,0,0,,,,8.999685e-07,NaN,1.295717e-06,NaN,,,7.711214e-12,2.182942e-12,,solution good enough for the tolerances given,solution good enough for the tolerances given,,false
9,1.000000e+00,0,11,CONTINUE,1.047786e-05,1.855646e-06,1.000000e-09,1.047786e-06,2.220448e-14,1.242187e+00,8.579122e-01,,,2.837110e-01,1.347424e-02,7.721137e-02,2.064028e-03,6.524687e+01,REACHED_FORCE,REACHED_FORCE,,6,0,0,5,0,0,,,,3.219259e-08,NaN,1.335586e-08,NaN,,,9.221157e-03,8.010641e-04,,solution good enough for the tolerances given,solution good enough for the tolerances given,,false
9,3.162000e+00,0,7,CONTINUE,1.047786e-05,1.855873e-06,1.000000e-09,1.047786e-06,2.220448e-14,1.240872e+00,8.578865e-01,,,2.837115e-01,1.347427e-02,7.721149e-02,2.064028e-03,6.524687e+01,REACHED_FORCE,REACHED_FORCE,,4,0,0,3,0,0,,,,2.832759e-08,NaN,5.125778e-08,NaN,,,3.852710e-03,3.369130e-04,,solution good enough for the tolerances given,solution good enough for the tolerances given,,false
9,1.000000e+01,0,6,CONTINUE,1.047786e-05,1.855760e-06,1.000000e-09,1.047786e-06,2.220448e-14,1.240481e+00,8.578987e-01,,,2.837110e-01,1.347426e-02,7.721143e-02,2.064028e-03,6.524687e+01,REACHED_FORCE,REACHED_FORCE,,3,0,0,3,0,0,,,,2.191357e-08,NaN,2.079986e-09,NaN,,,1.367428e-03,1.200443e-04,,solution good enough for the tolerances given,solution good enough for the tolerances given,,false
9,3.162000e+01,0,5,CONTINUE,1.047786e-05,1.855754e-06,1.000000e-09,1.047786e-06,2.220448e-14,1.240371e+00,8.578991e-01,,,2.837113e-01,1.347431e-02,7.721142e-02,2.064028e-03,6.524687e+01,REACHED_FORCE,REACHED_FORCE,,3,0,0,2,0,0,,,,7.551096e-10,NaN,7.746896e-09,NaN,,,4.503693e-04,3.959626e-05,,solution good enough for the tolerances given,solution good enough for the tolerances given,,false
9,1.000000e+02,0,4,CONTINUE,1.047786e-05,1.855724e-06,1.000000e-09,1.047786e-06,2.220448e-14,1.240338e+00,8.579034e-01,,,2.837112e-01,1.347433e-02,7.721141e-02,2.064028e-03,6.524687e+01,REACHED_FORCE,REACHED_FORCE,,2,0,0,2,0,0,,,,1.074317e-08,NaN,7.877016e-10,NaN,,,1.443145e-04,1.269263e-05,,solution good enough for the tolerances given,solution good enough for the tolerances given,,false
9,3.162000e+02,0,4,CONTINUE,1.047786e-05,1.855743e-06,1.000000e-09,1.047786e-06,2.220448e-14,1.240327e+00,8.579008e-01,,,2.837111e-01,1.347426e-02,7.721142e-02,2.064028e-03,6.524687e+01,REACHED_FORCE,REACHED_FORCE,,2,0,0,2,0,0,,,,1.080790e-09,NaN,7.920789e-11,NaN,,,4.583495e-05,4.032372e-06,,solution good enough for the tolerances given,solution good enough for the tolerances given,,false
9,1.000000e+03,0,4,CONTINUE,1.047786e-05,1.855745e-06,1.000000e-09,1.047786e-06,2.220448e-14,1.240324e+00,8.579006e-01,,,2.837111e-01,1.347426e-02,7.721142e-02,2.064028e-03,6.524687e+01,REACHED_FORCE,REACHED_FORCE,,2,0,0,2,0,0,,,,1.082601e-10,NaN,7.932932e-12,NaN,,,1.451261e-05,1.276841e-06,,solution good enough for the tolerances given,solution good enough for the tolerances given,,false
9,3.162000e+03,0,3,CONTINUE,1.047786e-05,1.855717e-06,1.000000e-09,1.047786e-06,2.220448e-14,1.240323e+00,8.579012e-01,,,2.837109e-01,1.347450e-02,7.721139e-02,2.064028e-03,6.524687e+01,REACHED_FORCE,REACHED_FORCE,,2,0,0,1,0,0,,,,1.083425e-11,NaN,1.692581e-08,NaN,,,4.591658e-06,4.039876e-07,,solution good enough for the tolerances given,solution good enough for the tolerances given,,false
9,1.000000e+04,0,3,CONTINUE,1.047786e-05,1.855736e-06,1.000000e-09,1.047786e-06,2.220448e-14,1.240323e+00,8.579008e-01,,,2.837111e-01,1.347433e-02,7.721141e-02,2.064028e-03,6.524687e+01,REACHED_FORCE,REACHED_FORCE,,2,0,0,1,0,0,,,,1.083435e-12,NaN,5.352847e-09,NaN,,,1.452079e-06,1.277588e-07,,solution good enough for the tolerances given,solution good enough for the tolerances given,,false
9,3.162000e+04,0,2,CONTINUE,1.047786e-05,1.855728e-06,1.000000e-09,1.047786e-06,2.220448e-14,1.240323e+00,8.578984e-01,,,2.837108e-01,1.347459e-02,7.721139e-02,2.064028e-03,6.524687e+01,REACHED_FORCE,REACHED_FORCE,,1,0,0,1,0,0,,,,1.766884e-08,NaN,1.692039e-09,NaN,,,4.592476e-07,4.038710e-08,,solution good enough for the tolerances given,solution good enough for the tolerances given,,true
9,1.000000e+05,0,2,CONTINUE,1.047786e-05,1.855740e-06,1.000000e-09,1.047786e-06,2.220448e-14,1.240323e+00,8.578998e-01,,,2.837110e-01,1.347436e-02,7.721141e-02,2.064028e-03,6.524687e+01,REACHED_FORCE,REACHED_FORCE,,1,0,0,1,0,0,,,,5.586980e-09,NaN,5.352305e-10,NaN,,,1.452160e-07,1.277472e-08,,solution good enough for the tolerances given,solution good enough for the tolerances given,,false
9,3.162000e+05,0,2,CONTINUE,1.047786e-05,1.855743e-06,1.000000e-09,1.047786e-06,2.220448e-14,1.240323e+00,8.579003e-01,,,2.837111e-01,1.347429e-02,7.721142e-02,2.064028e-03,6.524687e+01,REACHED_FORCE,REACHED_FORCE,,1,0,0,1,0,0,,,,1.766922e-09,NaN,1.692904e-10,NaN,,,4.592558e-08,4.040507e-09,,solution good enough for the tolerances given,solution good enough for the tolerances given,,false
9,1.000000e+06,0,2,CONTINUE,1.047786e-05,1.855745e-06,1.000000e-09,1.047786e-06,2.220448e-14,1.240323e+00,8.579004e-01,,,2.837111e-01,1.347427e-02,7.721142e-02,2.064028e-03,6.524687e+01,REACHED_FORCE,REACHED_FORCE,,1,0,0,1,0,0,,,,5.587018e-10,NaN,5.353169e-11,NaN,,,1.452169e-08,1.277652e-09,,solution good enough for the tolerances given,solution good enough for the tolerances given,,false
9,3.162000e+06,0,2,CONTINUE,1.047786e-05,1.855745e-06,1.000000e-09,1.047786e-06,2.220448e-14,1.240323e+00,8.579005e-01,,,2.837111e-01,1.347426e-02,7.721142e-02,2.064028e-03,6.524687e+01,REACHED_FORCE,REACHED_FORCE,,1,0,0,1,0,0,,,,1.766926e-10,NaN,1.831533e-10,NaN,,,4.592566e-09,4.040687e-10,,solution good enough for the tolerances given,solution good enough for the tolerances given,,false
9,1.000000e+07,0,2,CONTINUE,1.047786e-05,1.855746e-06,1.000000e-09,1.047786e-06,2.220448e-14,1.240323e+00,8.579004e-01,,,2.837111e-01,1.347426e-02,7.721142e-02,2.064028e-03,6.524687e+01,REACHED_FORCE,REACHED_FORCE,,1,0,0,1,0,0,,,,4.584046e-10,NaN,5.165654e-10,NaN,,,1.452169e-09,1.277669e-10,,solution good enough for the tolerances given,solution good enough for the tolerances given,,false
9,3.162000e+07,0,2,CONTINUE,1.047786e-05,1.855756e-06,1.000000e-09,1.047786e-06,2.220448e-14,1.240323e+00,8.578993e-01,,,2.837110e-01,1.347425e-02,7.721143e-02,2.064028e-03,6.524687e+01,REACHED_FORCE,REACHED_FORCE,,1,0,0,1,0,0,,,,1.369528e-09,NaN,2.226926e-09,NaN,,,4.592567e-10,4.040705e-11,,solution good enough for the tolerances given,solution good enough for the tolerances given,,false
9,1.000000e+08,0,2,CONTINUE,1.047786e-05,1.855702e-06,1.000000e-09,1.047786e-06,2.220448e-14,1.240323e+00,8.579053e-01,,,2.837113e-01,1.347425e-02,7.721140e-02,2.064028e-03,6.524687e+01,REACHED_FORCE,REACHED_FORCE,,1,0,0,1,0,0,,,,4.193307e-09,NaN,4.434984e-09,NaN,,,1.452170e-10,1.277672e-11,,solution good enough for the tolerances given,solution good enough for the tolerances given,,false
9,3.162000e+08,0,2,CONTINUE,1.047786e-05,1.855847e-06,1.000000e-09,1.047786e-06,2.220448e-14,1.240324e+00,8.578897e-01,,,2.837107e-01,1.347426e-02,7.721147e-02,2.064028e-03,6.524687e+01,REACHED_FORCE,REACHED_FORCE,,1,0,0,1,0,0,,,,1.402834e-08,NaN,1.918466e-08,NaN,,,4.592567e-11,4.040682e-12,,solution good enough for the tolerances given,solution good enough for the tolerances given,,false
9,1.000000e+09,0,2,CONTINUE,1.047786e-05,1.855611e-06,1.000000e-09,1.047786e-06,2.220448e-14,1.240326e+00,8.579098e-01,,,2.837175e-01,1.347428e-02,7.721137e-02,2.064028e-03,6.524687e+01,REACHED_FORCE,REACHED_FORCE,,1,0,0,1,0,0,,,,5.241859e-08,NaN,5.786050e-08,NaN,,,1.452170e-11,1.277649e-12,,solution good enough for the tolerances given,solution good enough for the tolerances given,,false
9,3.162000e+09,0,2,CONTINUE,1.047786e-05,1.856019e-06,1.000000e-09,1.047786e-06,2.220448e-14,1.240328e+00,8.578488e-01,,,2.837348e-01,1.347431e-02,7.721159e-02,2.064028e-03,6.524687e+01,REACHED_FORCE,REACHED_FORCE,,1,0,0,1,0,0,,,,1.452775e-07,NaN,1.661572e-07,NaN,,,4.592577e-12,4.040551e-13,,solution good enough for the tolerances given,solution good enough for the tolerances given,,false
9,1.000000e+10,0,2,CONTINUE,1.047786e-05,1.852125e-06,1.000000e-09,1.047786e-06,2.220448e-14,1.240326e+00,8.582738e-01,,,2.837409e-01,1.347431e-02,7.720988e-02,2.064028e-03,6.524687e+01,REACHED_FORCE,REACHED_FORCE,,1,0,0,1,0,0,,,,5.289041e-07,NaN,5.900833e-07,NaN,,,1.452173e-12,1.277795e-13,,solution good enough for the tolerances given,solution good enough for the tolerances given,,false
10,1.000000e+00,0,9,CONTINUE,1.855728e-06,4.746090e-07,1.000000e-09,1.855728e-07,2.220446e-14,3.433050e+00,8.226853e-01,,,8.502225e-02,2.235018e-03,7.665851e-02,1.558115e-03,3.198832e+02,REACHED_FORCE,REACHED_FORCE,,5,0,0,4,0,0,,,,1.033724e-09,NaN,1.312598e-09,NaN,,,2.184992e-03,2.278453e-04,,solution good enough for the tolerances given,solution good enough for the tolerances given,,false
10,3.162000e+00,0,6,CONTINUE,1.855728e-06,4.746106e-07,1.000000e-09,1.855728e-07,2.220446e-14,3.433050e+00,8.226840e-01,,,8.502229e-02,2.235015e-03,7.665851e-02,1.558115e-03,3.198832e+02,REACHED_FORCE,REACHED_FORCE,,3,0,0,3,0,0,,,,7.396267e-09,NaN,9.286020e-10,NaN,,,7.445319e-04,7.695837e-05,,solution good enough for the tolerances given,solution good enough for the tolerances given,,false
10,1.000000e+01,0,5,CONTINUE,1.855728e-06,4.746104e-07,1.000000e-09,1.855728e-07,2.220446e-14,3.433050e+00,8.226843e-01,,,8.502230e-02,2.235024e-03,7.665850e-02,1.558115e-03,3.198832e+02,REACHED_FORCE,REACHED_FORCE,,3,0,0,2,0,0,,,,2.676244e-10,NaN,2.613830e-09,NaN,,,2.414243e-04,2.488082e-05,,solution good enough for the tolerances given,solution good enough for the tolerances given,,false
10,3.162000e+01,0,4,CONTINUE,1.855728e-06,4.746098e-07,1.000000e-09,1.855728e-07,2.220446e-14,3.433050e+00,8.226849e-01,,,8.502225e-02,2.235019e-03,7.665851e-02,1.558115e-03,3.198832e+02,REACHED_FORCE,REACHED_FORCE,,2,0,0,2,0,0,,,,3.421557e-09,NaN,2.625830e-10,NaN,,,7.697567e-05,7.925360e-06,,solution good enough for the tolerances given,solution good enough for the tolerances given,,false
10,1.000000e+02,0,4,CONTINUE,1.855728e-06,4.746093e-07,1.000000e-09,1.855728e-07,2.220446e-14,3.433050e+00,8.226851e-01,,,8.502226e-02,2.235018e-03,7.665851e-02,1.558115e-03,3.198832e+02,REACHED_FORCE,REACHED_FORCE,,2,0,0,2,0,0,,,,3.431384e-10,NaN,2.629166e-11,NaN,,,2.440288e-05,2.511766e-06,,solution good enough for the tolerances given,solution good enough for the tolerances given,,false
10,3.162000e+02,0,4,CONTINUE,1.855728e-06,4.746092e-07,1.000000e-09,1.855728e-07,2.220446e-14,3.433050e+00,8.226852e-01,,,8.502226e-02,2.235018e-03,7.665851e-02,1.558115e-03,3.198832e+02,REACHED_FORCE,REACHED_FORCE,,2,0,0,2,0,0,,,,3.435293e-11,NaN,2.630814e-12,NaN,,,7.723889e-06,7.949372e-07,,solution good enough for the tolerances given,solution good enough for the tolerances given,,false
10,1.000000e+03,0,4,CONTINUE,1.855728e-06,4.746092e-07,1.000000e-09,1.855728e-07,2.220446e-14,3.433050e+00,8.226852e-01,,,8.502226e-02,2.235018e-03,7.665851e-02,1.558115e-03,3.198832e+02,REACHED_FORCE,REACHED_FORCE,,2,0,0,2,0,0,,,,3.435737e-12,NaN,2.630721e-13,NaN,,,2.442929e-06,2.514169e-07,,solution good enough for the tolerances given,solution good enough for the tolerances given,,false
10,3.162000e+03,0,3,CONTINUE,1.855728e-06,4.746081e-07,1.000000e-09,1.855728e-07,2.220446e-14,3.433050e+00,8.226855e-01,,,8.502228e-02,2.235026e-03,7.665851e-02,1.558115e-03,3.198832e+02,REACHED_FORCE,REACHED_FORCE,,2,0,0,1,0,0,,,,3.436671e-13,NaN,2.870273e-09,NaN,,,7.726532e-07,7.951776e-08,,solution good enough for the tolerances given,solution good enough for the tolerances given,,false
10,1.000000e+04,0,3,CONTINUE,1.855728e-06,4.746088e-07,1.000000e-09,1.855728e-07,2.220446e-14,3.433050e+00,8.226853e-01,,,8.502227e-02,2.235020e-03,7.665851e-02,1.558115e-03,3.198832e+02,REACHED_FORCE,REACHED_FORCE,,2,0,0,1,0,0,,,,1.268851e-13,NaN,9.076051e-10,NaN,,,2.443193e-07,2.514409e-08,,solution good enough for the tolerances given,solution good enough for the tolerances given,,false
10,3.162000e+04,0,2,CONTINUE,1.855728e-06,4.746086e-07,1.000000e-09,1.855728e-07,2.220446e-14,3.433050e+00,8.226850e-01,,,8.502224e-02,2.235026e-03,7.665851e-02,1.558115e-03,3.198832e+02,REACHED_FORCE,REACHED_FORCE,,1,0,0,1,0,0,,,,2.837900e-09,NaN,2.870146e-10,NaN,,,7.726797e-08,7.951542e-09,,solution good enough for the tolerances given,solution good enough for the tolerances given,,true
10,1.000000e+05,0,2,CONTINUE,1.855728e-06,4.746090e-07,1.000000e-09,1.855728e-07,2.220446e-14,3.433050e+00,8.226851e-01,,,8.502225e-02,2.235020e-03,7.665851e-02,1.558115e-03,3.198832e+02,REACHED_FORCE,REACHED_FORCE,,1,0,0,1,0,0,,,,8.973463e-10,NaN,9.075924e-11,NaN,,,2.443220e-08,2.514386e-09,,solution good enough for the tolerances given,solution good enough for the tolerances given,,false
10,3.162000e+05,0,2,CONTINUE,1.855728e-06,4.746091e-07,1.000000e-09,1.855728e-07,2.220446e-14,3.433050e+00,8.226852e-01,,,8.502226e-02,2.235019e-03,7.665851e-02,1.558115e-03,3.198832e+02,REACHED_FORCE,REACHED_FORCE,,1,0,0,1,0,0,,,,2.837910e-10,NaN,2.870363e-11,NaN,,,7.726823e-09,7.951993e-10,,solution good enough for the tolerances given,solution good enough for the tolerances given,,false
10,1.000000e+06,0,2,CONTINUE,1.855728e-06,4.746092e-07,1.000000e-09,1.855728e-07,2.220446e-14,3.433050e+00,8.226852e-01,,,8.502226e-02,2.235018e-03,7.665851e-02,1.558115e-03,3.198832e+02,REACHED_FORCE,REACHED_FORCE,,1,0,0,1,0,0,,,,8.973473e-11,NaN,1.626425e-11,NaN,,,2.443222e-09,2.514431e-10,,solution good enough for the tolerances given,solution good enough for the tolerances given,,false
10,3.162000e+06,0,2,CONTINUE,1.855728e-06,4.746090e-07,1.000000e-09,1.855728e-07,2.220446e-14,3.433050e+00,8.226853e-01,,,8.502225e-02,2.235018e-03,7.665851e-02,1.558115e-03,3.198832e+02,REACHED_FORCE,REACHED_FORCE,,1,0,0,1,0,0,,,,4.092430e-11,NaN,4.221978e-11,NaN,,,7.726826e-10,7.952038e-11,,solution good enough for the tolerances given,solution good enough for the tolerances given,,false
10,1.000000e+07,0,2,CONTINUE,1.855728e-06,4.746096e-07,1.000000e-09,1.855728e-07,2.220446e-14,3.433050e+00,8.226848e-01,,,8.502226e-02,2.235018e-03,7.665851e-02,1.558115e-03,3.198832e+02,REACHED_FORCE,REACHED_FORCE,,1,0,0,1,0,0,,,,1.354854e-10,NaN,1.629743e-10,NaN,,,2.443223e-10,2.514436e-11,,solution good enough for the tolerances given,solution good enough for the tolerances given,,false
10,3.162000e+07,0,2,CONTINUE,1.855728e-06,4.746083e-07,1.000000e-09,1.855728e-07,2.220446e-14,3.433049e+00,8.226857e-01,,,8.502232e-02,2.235018e-03,7.665851e-02,1.558115e-03,3.198832e+02,REACHED_FORCE,REACHED_FORCE,,1,0,0,1,0,0,,,,3.471056e-10,NaN,3.531174e-10,NaN,,,7.726827e-11,7.952041e-12,,solution good enough for the tolerances given,solution good enough for the tolerances given,,false
10,1.000000e+08,0,2,CONTINUE,1.855728e-06,4.746160e-07,1.000000e-09,1.855728e-07,2.220446e-14,3.433052e+00,8.226815e-01,,,8.502230e-02,2.235017e-03,7.665852e-02,1.558115e-03,3.198832e+02,REACHED_FORCE,REACHED_FORCE,,1,0,0,1,0,0,,,,1.468698e-09,NaN,1.336458e-09,NaN,,,2.443223e-11,2.514454e-12,,solution good enough for the tolerances given,solution good enough for the tolerances given,,false
10,3.162000e+08,0,2,CONTINUE,1.855728e-06,4.745310e-07,1.000000e-09,1.855728e-07,2.220446e-14,3.433075e+00,8.227326e-01,,,8.502272e-02,2.235020e-03,7.665848e-02,1.558115e-03,3.198832e+02,REACHED_FORCE,REACHED_FORCE,,1,0,0,1,0,0,,,,3.815272e-09,NaN,3.733070e-09,NaN,,,7.726828e-12,7.952016e-13,,solution good enough for the tolerances given,solution good enough for the tolerances given,,false
10,1.000000e+09,0,2,CONTINUE,1.855728e-06,4.746807e-07,1.000000e-09,1.855728e-07,2.220446e-14,3.433059e+00,8.226412e-01,,,8.502683e-02,2.235012e-03,7.665854e-02,1.558115e-03,3.198832e+02,REACHED_FORCE,REACHED_FORCE,,1,0,0,1,0,0,,,,1.238114e-08,NaN,1.563643e-08,NaN,,,2.443224e-12,2.514572e-13,,solution good enough for the tolerances given,solution good enough for the tolerances given,,false
10,3.162000e+09,0,2,CONTINUE,1.855728e-06,4.746514e-07,1.000000e-09,1.855728e-07,2.220446e-14,3.433046e+00,8.226747e-01,,,8.501835e-02,2.235027e-03,7.665850e-02,1.558115e-03,3.198832e+02,REACHED_FORCE,REACHED_FORCE,,1,0,0,1,0,0,,,,5.042969e-08,NaN,4.490178e-08,NaN,,,7.726823e-13,7.951372e-14,,solution good enough for the tolerances given,solution good enough for the tolerances given,,false
10,1.000000e+10,0,2,CONTINUE,1.855728e-06,4.743836e-07,1.000000e-09,1.855728e-07,2.220446e-14,3.433171e+00,8.229285e-01,,,8.505688e-02,2.234966e-03,7.665834e-02,1.558115e-03,3.198832e+02,REACHED_FORCE,REACHED_FORCE,,1,0,0,1,0,0,,,,1.179560e-07,NaN,1.323800e-07,NaN,,,2.443226e-13,2.515101e-14,,solution good enough for the tolerances given,solution good enough for the tolerances given,,false
11,1.000000e+00,0,9,CONTINUE,4.746086e-07,1.018599e-07,1.000000e-09,4.746086e-08,2.220446e-14,3.477416e+00,8.484789e-01,,,3.298878e-02,5.819168e-04,7.651835e-02,3.949622e-04,1.084529e+03,REACHED_FORCE,REACHED_FORCE,,5,0,0,4,0,0,,,,2.047169e-10,NaN,2.746677e-10,NaN,,,5.881528e-04,4.460103e-05,,solution good enough for the tolerances given,solution good enough for the tolerances given,,false
11,3.162000e+00,0,6,CONTINUE,4.746086e-07,1.018598e-07,1.000000e-09,4.746086e-08,2.220446e-14,3.477416e+00,8.484791e-01,,,3.298879e-02,5.819168e-04,7.651835e-02,3.949622e-04,1.084529e+03,REACHED_FORCE,REACHED_FORCE,,3,0,0,3,0,0,,,,1.847031e-09,NaN,1.492690e-10,NaN,,,1.919661e-04,1.442143e-05,,solution good enough for the tolerances given,solution good enough for the tolerances given,,false
11,1.000000e+01,0,5,CONTINUE,4.746086e-07,1.018599e-07,1.000000e-09,4.746086e-08,2.220446e-14,3.477416e+00,8.484789e-01,,,3.298879e-02,5.819174e-04,7.651835e-02,3.949622e-04,1.084529e+03,REACHED_FORCE,REACHED_FORCE,,3,0,0,2,0,0,,,,6.789919e-11,NaN,7.886026e-10,NaN,,,6.136083e-05,4.594377e-06,,solution good enough for the tolerances given,solution good enough for the tolerances given,,false
11,3.162000e+01,0,4,CONTINUE,4.746086e-07,1.018599e-07,1.000000e-09,4.746086e-08,2.220446e-14,3.477416e+00,8.484789e-01,,,3.298879e-02,5.819167e-04,7.651835e-02,3.949622e-04,1.084529e+03,REACHED_FORCE,REACHED_FORCE,,2,0,0,2,0,0,,,,8.654533e-10,NaN,8.089485e-11,NaN,,,1.947425e-05,1.456509e-06,,solution good enough for the tolerances given,solution good enough for the tolerances given,,false
11,1.000000e+02,0,4,CONTINUE,4.746086e-07,1.018598e-07,1.000000e-09,4.746086e-08,2.220446e-14,3.477416e+00,8.484790e-01,,,3.298879e-02,5.819168e-04,7.651835e-02,3.949622e-04,1.084529e+03,REACHED_FORCE,REACHED_FORCE,,2,0,0,2,0,0,,,,8.710148e-11,NaN,8.156019e-12,NaN,,,6.164693e-06,4.609072e-07,,solution good enough for the tolerances given,solution good enough for the tolerances given,,false
11,3.162000e+02,0,4,CONTINUE,4.746086e-07,1.018598e-07,1.000000e-09,4.746086e-08,2.220446e-14,3.477416e+00,8.484790e-01,,,3.298879e-02,5.819168e-04,7.651835e-02,3.949622e-04,1.084529e+03,REACHED_FORCE,REACHED_FORCE,,2,0,0,2,0,0,,,,8.729846e-12,NaN,8.178743e-13,NaN,,,1.950314e-06,1.458002e-07,,solution good enough for the tolerances given,solution good enough for the tolerances given,,false
11,1.000000e+03,0,3,CONTINUE,4.746086e-07,1.018596e-07,1.000000e-09,4.746086e-08,2.220446e-14,3.477416e+00,8.484793e-01,,,3.298880e-02,5.819182e-04,7.651835e-02,3.949622e-04,1.084529e+03,REACHED_FORCE,REACHED_FORCE,,2,0,0,1,0,0,,,,8.734068e-13,NaN,1.600180e-09,NaN,,,6.167591e-07,4.610561e-08,,solution good enough for the tolerances given,solution good enough for the tolerances given,,false
11,3.162000e+03,0,3,CONTINUE,4.746086e-07,1.018598e-07,1.000000e-09,4.746086e-08,2.220446e-14,3.477416e+00,8.484791e-01,,,3.298879e-02,5.819172e-04,7.651835e-02,3.949622e-04,1.084529e+03,REACHED_FORCE,REACHED_FORCE,,2,0,0,1,0,0,,,,8.737423e-14,NaN,5.060767e-10,NaN,,,1.950605e-07,1.458151e-08,,solution good enough for the tolerances given,solution good enough for the tolerances given,,false
11,1.000000e+04,0,3,CONTINUE,4.746086e-07,1.018598e-07,1.000000e-09,4.746086e-08,2.220446e-14,3.477416e+00,8.484790e-01,,,3.298879e-02,5.819169e-04,7.651835e-02,3.949622e-04,1.084529e+03,REACHED_FORCE,REACHED_FORCE,,2,0,0,1,0,0,,,,3.830993e-14,NaN,1.600225e-10,NaN,,,6.167882e-08,4.610709e-09,,solution good enough for the tolerances given,solution good enough for the tolerances given,,false
11,3.162000e+04,0,2,CONTINUE,4.746086e-07,1.018598e-07,1.000000e-09,4.746086e-08,2.220446e-14,3.477416e+00,8.484789e-01,,,3.298879e-02,5.819173e-04,7.651835e-02,3.949622e-04,1.084529e+03,REACHED_FORCE,REACHED_FORCE,,1,0,0,1,0,0,,,,6.952668e-10,NaN,5.060667e-11,NaN,,,1.950634e-08,1.458133e-09,,solution good enough for the tolerances given,solution good enough for the tolerances given,,true
11,1.000000e+05,0,2,CONTINUE,4.746086e-07,1.018598e-07,1.000000e-09,4.746086e-08,2.220446e-14,3.477416e+00,8.484790e-01,,,3.298879e-02,5.819170e-04,7.651835e-02,3.949622e-04,1.084529e+03,REACHED_FORCE,REACHED_FORCE,,1,0,0,1,0,0,,,,2.198435e-10,NaN,1.600215e-11,NaN,,,6.167911e-09,4.610691e-10,,solution good enough for the tolerances given,solution good enough for the tolerances given,,false
11,3.162000e+05,0,2,CONTINUE,4.746086e-07,1.018598e-07,1.000000e-09,4.746086e-08,2.220446e-14,3.477416e+00,8.484788e-01,,,3.298879e-02,5.819170e-04,7.651835e-02,3.949622e-04,1.084529e+03,REACHED_FORCE,REACHED_FORCE,,1,0,0,1,0,0,,,,6.952674e-11,NaN,5.060790e-12,NaN,,,1.950637e-09,1.458161e-10,,solution good enough for the tolerances given,solution good enough for the tolerances given,,false
11,1.000000e+06,0,2,CONTINUE,4.746086e-07,1.018599e-07,1.000000e-09,4.746086e-08,2.220446e-14,3.477416e+00,8.484792e-01,,,3.298878e-02,5.819166e-04,7.651835e-02,3.949622e-04,1.084529e+03,REACHED_FORCE,REACHED_FORCE,,1,0,0,1,0,0,,,,2.198436e-11,NaN,3.900695e-12,NaN,,,6.167914e-10,4.610743e-11,,solution good enough for the tolerances given,solution good enough for the tolerances given,,false
11,3.162000e+06,0,2,CONTINUE,4.746086e-07,1.018599e-07,1.000000e-09,4.746086e-08,2.220446e-14,3.477416e+00,8.484791e-01,,,3.298878e-02,5.819167e-04,7.651835e-02,3.949622e-04,1.084529e+03,REACHED_FORCE,REACHED_FORCE,,1,0,0,1,0,0,,,,1.108603e-11,NaN,1.328870e-11,NaN,,,1.950637e-10,1.458172e-11,,solution good enough for the tolerances given,solution good enough for the tolerances given,,false
11,1.000000e+07,0,2,CONTINUE,4.746086e-07,1.018590e-07,1.000000e-09,4.746086e-08,2.220446e-14,3.477416e+00,8.484747e-01,,,3.298888e-02,5.819206e-04,7.651835e-02,3.949622e-04,1.084529e+03,REACHED_FORCE,REACHED_FORCE,,1,0,0,1,0,0,,,,3.136961e-11,NaN,3.737388e-11,NaN,,,6.167914e-11,4.610395e-12,,solution good enough for the tolerances given,solution good enough for the tolerances given,,false
11,3.162000e+07,0,2,CONTINUE,4.746086e-07,1.018555e-07,1.000000e-09,4.746086e-08,2.220446e-14,3.477415e+00,8.484531e-01,,,3.298934e-02,5.819383e-04,7.651835e-02,3.949622e-04,1.084529e+03,REACHED_FORCE,REACHED_FORCE,,1,0,0,1,0,0,,,,1.142324e-10,NaN,1.402541e-10,NaN,,,1.950637e-11,1.457569e-12,,solution good enough for the tolerances given,solution good enough for the tolerances given,,false
11,1.000000e+08,0,2,CONTINUE,4.746086e-07,1.018428e-07,1.000000e-09,4.746086e-08,2.220446e-14,3.477417e+00,8.483017e-01,,,3.299207e-02,5.820456e-04,7.651835e-02,3.949622e-04,1.084529e+03,REACHED_FORCE,REACHED_FORCE,,1,0,0,1,0,0,,,,3.489923e-10,NaN,4.935665e-10,NaN,,,6.167914e-12,4.599311e-13,,solution good enough for the tolerances given,solution good enough for the tolerances given,,false
11,3.162000e+08,0,2,CONTINUE,4.746086e-07,1.018259e-07,1.000000e-09,4.746086e-08,2.220446e-14,3.477454e+00,8.480855e-01,,,3.299614e-02,5.821993e-04,7.651835e-02,3.949622e-04,1.084529e+03,REACHED_FORCE,REACHED_FORCE,,1,0,0,1,0,0,,,,1.109683e-09,NaN,1.382569e-09,NaN,,,1.950637e-12,1.450242e-13,,solution good enough for the tolerances given,solution good enough for the tolerances given,,false
11,1.000000e+09,0,2,CONTINUE,4.746086e-07,1.018969e-07,1.000000e-09,4.746086e-08,2.220446e-14,3.477425e+00,8.488869e-01,,,3.298164e-02,5.816214e-04,7.651836e-02,3.949622e-04,1.084529e+03,REACHED_FORCE,REACHED_FORCE,,1,0,0,1,0,0,,,,3.972537e-09,NaN,4.544718e-09,NaN,,,6.167908e-13,4.636817e-14,,solution good enough for the tolerances given,solution good enough for the tolerances given,,false
11,3.162000e+09,0,2,CONTINUE,4.746086e-07,1.019958e-07,1.000000e-09,4.746086e-08,2.220446e-14,3.477411e+00,8.494133e-01,,,3.297002e-02,5.811713e-04,7.651838e-02,3.949622e-04,1.084529e+03,REACHED_FORCE,REACHED_FORCE,,1,0,0,1,0,0,,,,1.265248e-08,NaN,1.125955e-08,NaN,,,1.950635e-13,1.479102e-14,,solution good enough for the tolerances given,solution good enough for the tolerances given,,false
11,1.000000e+10,0,2,CONTINUE,4.746086e-07,1.014913e-07,1.000000e-09,4.746086e-08,2.220446e-14,3.477253e+00,8.506674e-01,,,3.296027e-02,5.810934e-04,7.651820e-02,3.949622e-04,1.084529e+03,REACHED_FORCE,REACHED_FORCE,,1,0,0,1,0,0,,,,3.386937e-08,NaN,3.474149e-08,NaN,,,6.167807e-14,4.685451e-15,,solution good enough for the tolerances given,solution good enough for the tolerances given,,false
12,1.000000e+00,0,9,CONTINUE,1.018598e-07,7.827589e-09,1.000000e-09,1.018598e-08,2.220446e-14,3.497050e+00,9.851177e-01,,,1.315465e-02,1.249693e-04,7.648374e-02,8.391926e-05,4.653725e+03,REACHED_FORCE,REACHED_FORCE,,5,0,0,4,0,0,,,,2.577460e-11,NaN,4.892452e-11,NaN,,,1.268768e-04,9.694444e-06,,solution good enough for the tolerances given,solution good enough for the tolerances given,,false
12,3.162000e+00,0,6,CONTINUE,1.018598e-07,7.827600e-09,1.000000e-09,1.018598e-08,2.220446e-14,3.497050e+00,9.851176e-01,,,1.315465e-02,1.249694e-04,7.648374e-02,8.391926e-05,4.653725e+03,REACHED_FORCE,REACHED_FORCE,,3,0,0,3,0,0,,,,4.074869e-10,NaN,3.484968e-11,NaN,,,4.091164e-05,3.107145e-06,,solution good enough for the tolerances given,solution good enough for the tolerances given,,false
12,1.000000e+01,0,5,CONTINUE,1.018598e-07,7.827588e-09,1.000000e-09,1.018598e-08,2.220446e-14,3.497050e+00,9.851177e-01,,,1.315465e-02,1.249695e-04,7.648374e-02,8.391926e-05,4.653725e+03,REACHED_FORCE,REACHED_FORCE,,3,0,0,2,0,0,,,,1.504548e-11,NaN,2.109315e-10,NaN,,,1.302727e-05,9.871593e-07,,solution good enough for the tolerances given,solution good enough for the tolerances given,,false
12,3.162000e+01,0,4,CONTINUE,1.018598e-07,7.827586e-09,1.000000e-09,1.018598e-08,2.220446e-14,3.497050e+00,9.851178e-01,,,1.315465e-02,1.249693e-04,7.648374e-02,8.391926e-05,4.653725e+03,REACHED_FORCE,REACHED_FORCE,,2,0,0,2,0,0,,,,2.058689e-10,NaN,2.159329e-11,NaN,,,4.129514e-06,3.126765e-07,,solution good enough for the tolerances given,solution good enough for the tolerances given,,false
12,1.000000e+02,0,4,CONTINUE,1.018598e-07,7.827590e-09,1.000000e-09,1.018598e-08,2.220446e-14,3.497050e+00,9.851177e-01,,,1.315465e-02,1.249694e-04,7.648374e-02,8.391926e-05,4.653725e+03,REACHED_FORCE,REACHED_FORCE,,2,0,0,2,0,0,,,,2.071266e-11,NaN,2.175533e-12,NaN,,,1.306725e-06,9.891903e-08,,solution good enough for the tolerances given,solution good enough for the tolerances given,,false
12,3.162000e+02,0,4,CONTINUE,1.018598e-07,7.827591e-09,1.000000e-09,1.018598e-08,2.220446e-14,3.497050e+00,9.851177e-01,,,1.315465e-02,1.249694e-04,7.648374e-02,8.391926e-05,4.653725e+03,REACHED_FORCE,REACHED_FORCE,,2,0,0,2,0,0,,,,2.075742e-12,NaN,2.181117e-13,NaN,,,4.133568e-07,3.128869e-08,,solution good enough for the tolerances given,solution good enough for the tolerances given,,false
12,1.000000e+03,0,3,CONTINUE,1.018598e-07,7.827599e-09,1.000000e-09,1.018598e-08,2.220446e-14,3.497050e+00,9.851176e-01,,,1.315466e-02,1.249695e-04,7.648374e-02,8.391926e-05,4.653725e+03,REACHED_FORCE,REACHED_FORCE,,2,0,0,1,0,0,,,,2.076681e-13,NaN,3.599804e-10,NaN,,,1.307132e-07,9.893982e-09,,solution good enough for the tolerances given,solution good enough for the tolerances given,,false
12,3.162000e+03,0,3,CONTINUE,1.018598e-07,7.827593e-09,1.000000e-09,1.018598e-08,2.220446e-14,3.497050e+00,9.851177e-01,,,1.315465e-02,1.249694e-04,7.648374e-02,8.391926e-05,4.653725e+03,REACHED_FORCE,REACHED_FORCE,,2,0,0,1,0,0,,,,2.077457e-14,NaN,1.138461e-10,NaN,,,4.133975e-08,3.129076e-09,,solution good enough for the tolerances given,solution good enough for the tolerances given,,false
12,1.000000e+04,0,3,CONTINUE,1.018598e-07,7.827592e-09,1.000000e-09,1.018598e-08,2.220446e-14,3.497050e+00,9.851177e-01,,,1.315465e-02,1.249694e-04,7.648374e-02,8.391926e-05,4.653725e+03,REACHED_FORCE,REACHED_FORCE,,2,0,0,1,0,0,,,,2.129522e-14,NaN,3.599818e-11,NaN,,,1.307173e-08,9.894188e-10,,solution good enough for the tolerances given,solution good enough for the tolerances given,,false
12,3.162000e+04,0,2,CONTINUE,1.018598e-07,7.827586e-09,1.000000e-09,1.018598e-08,2.220446e-14,3.497050e+00,9.851176e-01,,,1.315465e-02,1.249694e-04,7.648374e-02,8.391926e-05,4.653725e+03,REACHED_FORCE,REACHED_FORCE,,1,0,0,1,0,0,,,,1.453235e-10,NaN,1.138463e-11,NaN,,,4.134016e-09,3.129074e-10,,solution good enough for the tolerances given,solution good enough for the tolerances given,,true
12,1.000000e+05,0,2,CONTINUE,1.018598e-07,7.827589e-09,1.000000e-09,1.018598e-08,2.220446e-14,3.497050e+00,9.851176e-01,,,1.315465e-02,1.249694e-04,7.648374e-02,8.391926e-05,4.653725e+03,REACHED_FORCE,REACHED_FORCE,,1,0,0,1,0,0,,,,4.595129e-11,NaN,3.599820e-12,NaN,,,1.307177e-09,9.894182e-11,,solution good enough for the tolerances given,solution good enough for the tolerances given,,false
12,3.162000e+05,0,2,CONTINUE,1.018598e-07,7.827591e-09,1.000000e-09,1.018598e-08,2.220446e-14,3.497050e+00,9.851176e-01,,,1.315465e-02,1.249694e-04,7.648374e-02,8.391926e-05,4.653725e+03,REACHED_FORCE,REACHED_FORCE,,1,0,0,1,0,0,,,,1.453235e-11,NaN,1.138463e-12,NaN,,,4.134020e-10,3.129094e-11,,solution good enough for the tolerances given,solution good enough for the tolerances given,,false
12,1.000000e+06,0,2,CONTINUE,1.018598e-07,7.827590e-09,1.000000e-09,1.018598e-08,2.220446e-14,3.497050e+00,9.851182e-01,,,1.315465e-02,1.249693e-04,7.648374e-02,8.391926e-05,4.653725e+03,REACHED_FORCE,REACHED_FORCE,,1,0,0,1,0,0,,,,4.595129e-12,NaN,1.122669e-12,NaN,,,1.307177e-10,9.894248e-12,,solution good enough for the tolerances given,solution good enough for the tolerances given,,false
12,3.162000e+06,0,2,CONTINUE,1.018598e-07,7.827598e-09,1.000000e-09,1.018598e-08,2.220446e-14,3.497050e+00,9.851165e-01,,,1.315466e-02,1.249695e-04,7.648374e-02,8.391926e-05,4.653725e+03,REACHED_FORCE,REACHED_FORCE,,1,0,0,1,0,0,,,,6.778552e-12,NaN,5.260656e-12,NaN,,,4.134021e-11,3.129070e-12,,solution good enough for the tolerances given,solution good enough for the tolerances given,,false
12,1.000000e+07,0,2,CONTINUE,1.018598e-07,7.827642e-09,1.000000e-09,1.018598e-08,2.220446e-14,3.497050e+00,9.851132e-01,,,1.315465e-02,1.249698e-04,7.648374e-02,8.391926e-05,4.653725e+03,REACHED_FORCE,REACHED_FORCE,,1,0,0,1,0,0,,,,1.699378e-11,NaN,1.739439e-11,NaN,,,1.307177e-11,9.893836e-13,,solution good enough for the tolerances given,solution good enough for the tolerances given,,false
12,3.162000e+07,0,2,CONTINUE,1.018598e-07,7.827287e-09,1.000000e-09,1.018598e-08,2.220446e-14,3.497049e+00,9.851498e-01,,,1.315462e-02,1.249662e-04,7.648374e-02,8.391926e-05,4.653725e+03,REACHED_FORCE,REACHED_FORCE,,1,0,0,1,0,0,,,,4.480716e-11,NaN,7.391326e-11,NaN,,,4.134021e-12,3.129915e-13,,solution good enough for the tolerances given,solution good enough for the tolerances given,,false
12,1.000000e+08,0,2,CONTINUE,1.018598e-07,7.828862e-09,1.000000e-09,1.018598e-08,2.220446e-14,3.497050e+00,9.849473e-01,,,1.315478e-02,1.249866e-04,7.648374e-02,8.391926e-05,4.653725e+03,REACHED_FORCE,REACHED_FORCE,,1,0,0,1,0,0,,,,1.051816e-10,NaN,1.161038e-10,NaN,,,1.307178e-12,9.880222e-14,,solution good enough for the tolerances given,solution good enough for the tolerances given,,false
12,3.162000e+08,0,2,CONTINUE,1.018598e-07,7.825931e-09,1.000000e-09,1.018598e-08,2.220446e-14,3.497094e+00,9.852189e-01,,,1.315436e-02,1.249598e-04,7.648374e-02,8.391926e-05,4.653725e+03,REACHED_FORCE,REACHED_FORCE,,1,0,0,1,0,0,,,,3.132833e-10,NaN,3.691936e-10,NaN,,,4.134022e-13,3.131435e-14,,solution good enough for the tolerances given,solution good enough for the tolerances given,,false
12,1.000000e+09,0,2,CONTINUE,1.018598e-07,7.821285e-09,1.000000e-09,1.018598e-08,2.220446e-14,3.497070e+00,9.858428e-01,,,1.315406e-02,1.248962e-04,7.648374e-02,8.391926e-05,4.653725e+03,REACHED_FORCE,REACHED_FORCE,,1,0,0,1,0,0,,,,2.367034e-09,NaN,2.113073e-09,NaN,,,1.307181e-13,9.953128e-15,,solution good enough for the tolerances given,solution good enough for the tolerances given,,false
12,3.162000e+09,0,2,CONTINUE,1.018598e-07,7.829406e-09,1.000000e-09,1.018598e-08,2.220446e-14,3.497065e+00,9.843238e-01,,,1.315571e-02,1.250541e-04,7.648375e-02,8.391926e-05,4.653725e+03,REACHED_FORCE,REACHED_FORCE,,1,0,0,1,0,0,,,,3.557773e-09,NaN,2.888098e-09,NaN,,,4.134030e-14,3.107776e-15,,solution good enough for the tolerances given,solution good enough for the tolerances given,,false
12,1.000000e+10,0,4,CONTINUE,1.018598e-07,7.827596e-09,1.000000e-09,1.018598e-08,2.220446e-14,3.496991e+00,9.851173e-01,,,1.315465e-02,1.249694e-04,7.648374e-02,8.391926e-05,4.653725e+03,REACHED_FORCE,REACHED_FORCE,,1,1,1,1,1,1,,,,1.361998e-08,4.724204e-11,1.578505e-08,4.829690e-11,,,1.307182e-14,9.897295e-16,,solution good enough for the tolerances given,solution good enough for the tolerances given,,false
13,1.000000e+00,0,9,CONTINUE,7.827586e-09,1.564486e-10,1.000000e-09,7.827586e-10,2.220446e-14,3.525542e+00,9.888827e-01,,,5.409454e-04,1.244140e-05,7.648081e-02,6.236098e-06,5.272665e+04,REACHED_FORCE,REACHED_FORCE,,5,0,0,4,0,0,,,,4.982967e-12,NaN,6.515353e-12,NaN,,,1.114626e-05,1.654958e-06,,solution good enough for the tolerances given,solution good enough for the tolerances given,,false
13,3.162000e+00,0,6,CONTINUE,7.827586e-09,1.564485e-10,1.000000e-09,7.827586e-10,2.220446e-14,3.525542e+00,9.888828e-01,,,5.409454e-04,1.244139e-05,7.648081e-02,6.236098e-06,5.272665e+04,REACHED_FORCE,REACHED_FORCE,,3,0,0,3,0,0,,,,2.749828e-11,NaN,2.347553e-12,NaN,,,3.588373e-06,5.343566e-07,,solution good enough for the tolerances given,solution good enough for the tolerances given,,false
13,1.000000e+01,0,5,CONTINUE,7.827586e-09,1.564489e-10,1.000000e-09,7.827586e-10,2.220446e-14,3.525542e+00,9.888827e-01,,,5.409452e-04,1.244136e-05,7.648081e-02,6.236098e-06,5.272665e+04,REACHED_FORCE,REACHED_FORCE,,3,0,0,2,0,0,,,,1.019183e-12,NaN,2.585031e-11,NaN,,,1.142037e-06,1.701772e-07,,solution good enough for the tolerances given,solution good enough for the tolerances given,,false
13,3.162000e+01,0,4,CONTINUE,7.827586e-09,1.564485e-10,1.000000e-09,7.827586e-10,2.220446e-14,3.525542e+00,9.888827e-01,,,5.409453e-04,1.244139e-05,7.648081e-02,6.236098e-06,5.272665e+04,REACHED_FORCE,REACHED_FORCE,,2,0,0,2,0,0,,,,1.902476e-11,NaN,2.636554e-12,NaN,,,3.619551e-07,5.394559e-08,,solution good enough for the tolerances given,solution good enough for the tolerances given,,false
13,1.000000e+02,0,4,CONTINUE,7.827586e-09,1.564486e-10,1.000000e-09,7.827586e-10,2.220446e-14,3.525542e+00,9.888827e-01,,,5.409453e-04,1.244139e-05,7.648081e-02,6.236098e-06,5.272665e+04,REACHED_FORCE,REACHED_FORCE,,2,0,0,2,0,0,,,,1.914577e-12,NaN,2.652945e-13,NaN,,,1.145295e-07,1.707009e-08,,solution good enough for the tolerances given,solution good enough for the tolerances given,,false
13,3.162000e+02,0,4,CONTINUE,7.827586e-09,1.564486e-10,1.000000e-09,7.827586e-10,2.220446e-14,3.525542e+00,9.888827e-01,,,5.409453e-04,1.244139e-05,7.648081e-02,6.236098e-06,5.272665e+04,REACHED_FORCE,REACHED_FORCE,,2,0,0,2,0,0,,,,1.918868e-13,NaN,2.658712e-14,NaN,,,3.622857e-08,5.399777e-09,,solution good enough for the tolerances given,solution good enough for the tolerances given,,false
13,1.000000e+03,0,4,CONTINUE,7.827586e-09,1.564486e-10,1.000000e-09,7.827586e-10,2.220446e-14,3.525542e+00,9.888827e-01,,,5.409453e-04,1.244139e-05,7.648081e-02,6.236098e-06,5.272665e+04,REACHED_FORCE,REACHED_FORCE,,2,0,0,2,0,0,,,,1.919783e-14,NaN,2.659919e-15,NaN,,,1.145627e-08,1.707537e-09,,solution good enough for the tolerances given,solution good enough for the tolerances given,,false
13,3.162000e+03,0,3,CONTINUE,7.827586e-09,1.564483e-10,1.000000e-09,7.827586e-10,2.220446e-14,3.525542e+00,9.888828e-01,,,5.409450e-04,1.244138e-05,7.648081e-02,6.236098e-06,5.272665e+04,REACHED_FORCE,REACHED_FORCE,,2,0,0,1,0,0,,,,1.920517e-15,NaN,2.998067e-11,NaN,,,3.623189e-09,5.400307e-10,,solution good enough for the tolerances given,solution good enough for the tolerances given,,false
13,1.000000e+04,0,3,CONTINUE,7.827586e-09,1.564485e-10,1.000000e-09,7.827586e-10,2.220446e-14,3.525542e+00,9.888827e-01,,,5.409452e-04,1.244139e-05,7.648081e-02,6.236098e-06,5.272665e+04,REACHED_FORCE,REACHED_FORCE,,2,0,0,1,0,0,,,,1.305245e-15,NaN,9.479917e-12,NaN,,,1.145660e-09,1.707590e-10,,solution good enough for the tolerances given,solution good enough for the tolerances given,,false
13,3.162000e+04,0,2,CONTINUE,7.827586e-09,1.564486e-10,1.000000e-09,7.827586e-10,2.220446e-14,3.525542e+00,9.888827e-01,,,5.409452e-04,1.244139e-05,7.648081e-02,6.236098e-06,5.272665e+04,REACHED_FORCE,REACHED_FORCE,,1,0,0,1,0,0,,,,1.615866e-11,NaN,2.998088e-12,NaN,,,3.623223e-10,5.400389e-11,,solution good enough for the tolerances given,solution good enough for the tolerances given,,true
13,1.000000e+05,0,2,CONTINUE,7.827586e-09,1.564486e-10,1.000000e-09,7.827586e-10,2.220446e-14,3.525542e+00,9.888827e-01,,,5.409453e-04,1.244139e-05,7.648081e-02,6.236098e-06,5.272665e+04,REACHED_FORCE,REACHED_FORCE,,1,0,0,1,0,0,,,,5.109371e-12,NaN,9.479938e-13,NaN,,,1.145664e-10,1.707598e-11,,solution good enough for the tolerances given,solution good enough for the tolerances given,,false
13,3.162000e+05,0,2,CONTINUE,7.827586e-09,1.564486e-10,1.000000e-09,7.827586e-10,2.220446e-14,3.525542e+00,9.888827e-01,,,5.409453e-04,1.244139e-05,7.648081e-02,6.236098e-06,5.272665e+04,REACHED_FORCE,REACHED_FORCE,,1,0,0,1,0,0,,,,1.615867e-12,NaN,2.998081e-13,NaN,,,3.623226e-11,5.400368e-12,,solution good enough for the tolerances given,solution good enough for the tolerances given,,false
13,1.000000e+06,0,2,CONTINUE,7.827586e-09,1.564486e-10,1.000000e-09,7.827586e-10,2.220446e-14,3.525542e+00,9.888827e-01,,,5.409454e-04,1.244139e-05,7.648081e-02,6.236098e-06,5.272665e+04,REACHED_FORCE,REACHED_FORCE,,1,0,0,1,0,0,,,,5.109371e-13,NaN,1.661867e-13,NaN,,,1.145664e-11,1.707596e-12,,solution good enough for the tolerances given,solution good enough for the tolerances given,,false
13,3.162000e+06,0,2,CONTINUE,7.827586e-09,1.564484e-10,1.000000e-09,7.827586e-10,2.220446e-14,3.525542e+00,9.888827e-01,,,5.409455e-04,1.244139e-05,7.648081e-02,6.236098e-06,5.272665e+04,REACHED_FORCE,REACHED_FORCE,,1,0,0,1,0,0,,,,3.770141e-13,NaN,5.617425e-13,NaN,,,3.623226e-12,5.400367e-13,,solution good enough for the tolerances given,solution good enough for the tolerances given,,false
13,1.000000e+07,0,2,CONTINUE,7.827586e-09,1.564479e-10,1.000000e-09,7.827586e-10,2.220446e-14,3.525542e+00,9.888827e-01,,,5.409455e-04,1.244139e-05,7.648081e-02,6.236098e-06,5.272665e+04,REACHED_FORCE,REACHED_FORCE,,1,0,0,1,0,0,,,,1.093524e-12,NaN,1.606868e-12,NaN,,,1.145664e-12,1.707597e-13,,solution good enough for the tolerances given,solution good enough for the tolerances given,,false
13,3.162000e+07,0,2,CONTINUE,7.827586e-09,1.564498e-10,1.000000e-09,7.827586e-10,2.220446e-14,3.525541e+00,9.888827e-01,,,5.409457e-04,1.244140e-05,7.648081e-02,6.236098e-06,5.272665e+04,REACHED_FORCE,REACHED_FORCE,,1,0,0,1,0,0,,,,3.219178e-12,NaN,4.414194e-12,NaN,,,3.623227e-13,5.400380e-14,,solution good enough for the tolerances given,solution good enough for the tolerances given,,false
13,1.000000e+08,0,2,CONTINUE,7.827586e-09,1.564453e-10,1.000000e-09,7.827586e-10,2.220446e-14,3.525545e+00,9.888827e-01,,,5.409476e-04,1.244140e-05,7.648081e-02,6.236098e-06,5.272665e+04,REACHED_FORCE,REACHED_FORCE,,1,0,0,1,0,0,,,,1.114007e-11,NaN,1.878711e-11,NaN,,,1.145664e-13,1.707600e-14,,solution good enough for the tolerances given,solution good enough for the tolerances given,,false
13,3.162000e+08,0,2,CONTINUE,7.827586e-09,1.564713e-10,1.000000e-09,7.827586e-10,2.220446e-14,3.525586e+00,9.888832e-01,,,5.409665e-04,1.244140e-05,7.648081e-02,6.236098e-06,5.272665e+04,REACHED_FORCE,REACHED_FORCE,,1,0,0,1,0,0,,,,3.813475e-11,NaN,6.644539e-11,NaN,,,3.623228e-14,5.400397e-15,,solution good enough for the tolerances given,solution good enough for the tolerances given,,false
13,1.000000e+09,0,2,CONTINUE,7.827586e-09,1.564484e-10,1.000000e-09,7.827586e-10,2.220446e-14,3.525552e+00,9.888826e-01,,,5.410979e-04,1.244139e-05,7.648081e-02,6.236098e-06,5.272665e+04,REACHED_FORCE,REACHED_FORCE,,1,0,0,1,0,0,,,,8.687151e-11,NaN,1.446704e-10,NaN,,,1.145664e-14,1.707611e-15,,solution good enough for the tolerances given,solution good enough for the tolerances given,,false
13,3.162000e+09,0,2,CONTINUE,7.827586e-09,1.560686e-10,1.000000e-09,7.827586e-10,2.220446e-14,3.525545e+00,9.888759e-01,,,5.411429e-04,1.244168e-05,7.648081e-02,6.236098e-06,5.272665e+04,REACHED_FORCE,REACHED_FORCE,,1,0,0,1,0,0,,,,3.389689e-10,NaN,5.364308e-10,NaN,,,3.623233e-15,5.401339e-16,,solution good enough for the tolerances given,solution good enough for the tolerances given,,false
13,1.000000e+10,0,4,CONTINUE,7.827586e-09,1.564457e-10,1.000000e-09,7.827586e-10,2.220446e-14,3.525516e+00,9.888827e-01,,,5.409022e-04,1.244140e-05,7.648081e-02,6.236098e-06,5.272665e+04,REACHED_FORCE,REACHED_FORCE,,1,1,1,1,1,1,,,,9.918415e-10,7.081092e-12,1.385310e-09,9.590099e-12,,,1.145651e-15,1.707561e-16,,solution good enough for the tolerances given,solution good enough for the tolerances given,,false
14,1.000000e+00,0,10,CONTINUE,1.564486e-10,2.094992e-11,1.000000e-09,1.564486e-11,2.220446e-14,3.528326e+00,9.900000e-01,,,2.539955e-03,1.126034e-06,7.648064e-02,1.239460e-07,2.610313e+06,REACHED_FORCE,REACHED_FORCE,,5,0,0,5,0,0,,,,1.114249e-13,NaN,8.964806e-14,NaN,,,6.999628e-07,3.847000e-07,,solution good enough for the tolerances given,solution good enough for the tolerances given,,false
14,3.162000e+00,0,8,CONTINUE,1.564486e-10,2.094992e-11,1.000000e-09,1.564486e-11,2.220446e-14,3.528326e+00,9.900000e-01,,,2.539955e-03,1.126034e-06,7.648064e-02,1.239460e-07,2.610313e+06,REACHED_FORCE,REACHED_FORCE,,4,0,0,4,0,0,,,,2.366738e-14,NaN,3.163575e-14,NaN,,,2.287491e-07,1.256586e-07,,solution good enough for the tolerances given,solution good enough for the tolerances given,,false
14,1.000000e+01,0,6,CONTINUE,1.564486e-10,2.094992e-11,1.000000e-09,1.564486e-11,2.220446e-14,3.528326e+00,9.900000e-01,,,2.539955e-03,1.126034e-06,7.648064e-02,1.239460e-07,2.610313e+06,REACHED_FORCE,REACHED_FORCE,,3,0,0,3,0,0,,,,4.957899e-14,NaN,2.640304e-14,NaN,,,7.316209e-08,4.018020e-08,,solution good enough for the tolerances given,solution good enough for the tolerances given,,false
14,3.162000e+01,0,6,CONTINUE,1.564486e-10,2.094992e-11,1.000000e-09,1.564486e-11,2.220446e-14,3.528326e+00,9.900000e-01,,,2.539955e-03,1.126034e-06,7.648064e-02,1.239460e-07,2.610313e+06,REACHED_FORCE,REACHED_FORCE,,3,0,0,3,0,0,,,,1.604991e-15,NaN,8.820623e-16,NaN,,,2.322450e-08,1.275364e-08,,solution good enough for the tolerances given,solution good enough for the tolerances given,,false
14,1.000000e+02,0,4,CONTINUE,1.564486e-10,2.094992e-11,1.000000e-09,1.564486e-11,2.220446e-14,3.528326e+00,9.900000e-01,,,2.539955e-03,1.126034e-06,7.648064e-02,1.239460e-07,2.610313e+06,REACHED_FORCE,REACHED_FORCE,,2,0,0,2,0,0,,,,1.276339e-13,NaN,7.049198e-14,NaN,,,7.352359e-09,4.037404e-09,,solution good enough for the tolerances given,solution good enough for the tolerances given,,false
14,3.162000e+02,0,4,CONTINUE,1.564486e-10,2.094992e-11,1.000000e-09,1.564486e-11,2.220446e-14,3.528326e+00,9.900000e-01,,,2.539955e-03,1.126034e-06,7.648064e-02,1.239460e-07,2.610313e+06,REACHED_FORCE,REACHED_FORCE,,2,0,0,2,0,0,,,,1.278909e-14,NaN,7.062748e-15,NaN,,,2.326105e-09,1.277323e-09,,solution good enough for the tolerances given,solution good enough for the tolerances given,,false
14,1.000000e+03,0,4,CONTINUE,1.564486e-10,2.094992e-11,1.000000e-09,1.564486e-11,2.220446e-14,3.528326e+00,9.900000e-01,,,2.539955e-03,1.126034e-06,7.648064e-02,1.239460e-07,2.610313e+06,REACHED_FORCE,REACHED_FORCE,,2,0,0,2,0,0,,,,1.279428e-15,NaN,7.065410e-16,NaN,,,7.356027e-10,4.039366e-10,,solution good enough for the tolerances given,solution good enough for the tolerances given,,false
14,3.162000e+03,0,4,CONTINUE,1.564486e-10,2.094992e-11,1.000000e-09,1.564486e-11,2.220446e-14,3.528326e+00,9.900000e-01,,,2.539955e-03,1.126034e-06,7.648064e-02,1.239460e-07,2.610313e+06,REACHED_FORCE,REACHED_FORCE,,2,0,0,2,0,0,,,,1.353084e-16,NaN,7.788542e-16,NaN,,,2.326472e-10,1.277519e-10,,solution good enough for the tolerances given,solution good enough for the tolerances given,,false
14,1.000000e+04,0,4,CONTINUE,1.564486e-10,2.094992e-11,1.000000e-09,1.564486e-11,2.220446e-14,3.528326e+00,9.900000e-01,,,2.539957e-03,1.126034e-06,7.648064e-02,1.239460e-07,2.610313e+06,REACHED_FORCE,REACHED_FORCE,,2,0,0,2,0,0,,,,3.393704e-16,NaN,2.542049e-15,NaN,,,7.356394e-11,4.039563e-11,,solution good enough for the tolerances given,solution good enough for the tolerances given,,false
14,3.162000e+04,0,3,CONTINUE,1.564486e-10,2.094992e-11,1.000000e-09,1.564486e-11,2.220446e-14,3.528326e+00,9.900000e-01,,,2.539958e-03,1.126033e-06,7.648064e-02,1.239460e-07,2.610313e+06,REACHED_FORCE,REACHED_FORCE,,2,0,0,1,0,0,,,,7.940547e-16,NaN,3.866958e-13,NaN,,,2.326509e-11,1.277539e-11,,solution good enough for the tolerances given,solution good enough for the tolerances given,,false
14,1.000000e+05,0,2,CONTINUE,1.564486e-10,2.094993e-11,1.000000e-09,1.564486e-11,2.220446e-14,3.528326e+00,9.900000e-01,,,2.539984e-03,1.126034e-06,7.648064e-02,1.239460e-07,2.610313e+06,REACHED_FORCE,REACHED_FORCE,,1,0,0,1,0,0,,,,2.775420e-13,NaN,1.222733e-13,NaN,,,7.356431e-12,4.039587e-12,,solution good enough for the tolerances given,solution good enough for the tolerances given,,true
14,3.162000e+05,0,2,CONTINUE,1.564486e-10,2.094994e-11,1.000000e-09,1.564486e-11,2.220446e-14,3.528326e+00,9.900000e-01,,,2.539989e-03,1.126034e-06,7.648064e-02,1.239460e-07,2.610313e+06,REACHED_FORCE,REACHED_FORCE,,1,0,0,1,0,0,,,,8.777418e-14,NaN,7.752619e-14,NaN,,,2.326513e-12,1.277541e-12,,solution good enough for the tolerances given,solution good enough for the tolerances given,,false
14,1.000000e+06,0,2,CONTINUE,1.564486e-10,2.095003e-11,1.000000e-09,1.564486e-11,2.220446e-14,3.528326e+00,9.900000e-01,,,2.540140e-03,1.126034e-06,7.648064e-02,1.239460e-07,2.610313e+06,REACHED_FORCE,REACHED_FORCE,,1,0,0,1,0,0,,,,2.775420e-14,NaN,1.331412e-13,NaN,,,7.356435e-13,4.039584e-13,,solution good enough for the tolerances given,solution good enough for the tolerances given,,false
14,3.162000e+06,0,2,CONTINUE,1.564486e-10,2.094988e-11,1.000000e-09,1.564486e-11,2.220446e-14,3.528326e+00,9.900000e-01,,,2.540125e-03,1.126034e-06,7.648064e-02,1.239460e-07,2.610313e+06,REACHED_FORCE,REACHED_FORCE,,1,0,0,1,0,0,,,,8.591994e-14,NaN,5.999339e-13,NaN,,,2.326513e-13,1.277541e-13,,solution good enough for the tolerances given,solution good enough for the tolerances given,,false
14,1.000000e+07,0,2,CONTINUE,1.564486e-10,2.095060e-11,1.000000e-09,1.564486e-11,2.220446e-14,3.528326e+00,9.900000e-01,,,2.540798e-03,1.126034e-06,7.648064e-02,1.239460e-07,2.610313e+06,REACHED_FORCE,REACHED_FORCE,,1,0,0,1,0,0,,,,2.072685e-13,NaN,1.511451e-12,NaN,,,7.356434e-14,4.039587e-14,,solution good enough for the tolerances given,solution good enough for the tolerances given,,false
14,3.162000e+07,0,2,CONTINUE,1.564486e-10,2.094809e-11,1.000000e-09,1.564486e-11,2.220446e-14,3.528325e+00,9.900000e-01,,,2.542059e-03,1.126032e-06,7.648064e-02,1.239460e-07,2.610313e+06,REACHED_FORCE,REACHED_FORCE,,1,0,0,1,0,0,,,,8.391752e-13,NaN,4.424709e-12,NaN,,,2.326514e-14,1.277538e-14,,solution good enough for the tolerances given,solution good enough for the tolerances given,,false
14,1.000000e+08,0,3,CONTINUE,1.564486e-10,2.095030e-11,1.000000e-09,1.564486e-11,2.220446e-14,3.528328e+00,9.900000e-01,,,2.539701e-03,1.126037e-06,7.648064e-02,1.239460e-07,2.610313e+06,REACHED_FORCE,REACHED_FORCE,,1,0,0,1,1,1,,,,1.948026e-12,NaN,2.097552e-11,3.341865e-13,,,7.356437e-15,4.039614e-15,,solution good enough for the tolerances given,solution good enough for the tolerances given,,false
14,3.162000e+08,0,3,CONTINUE,1.564486e-10,2.094774e-11,1.000000e-09,1.564486e-11,2.220446e-14,3.528372e+00,9.900000e-01,,,2.537552e-03,1.126033e-06,7.648064e-02,1.239460e-07,2.610313e+06,REACHED_FORCE,REACHED_FORCE,,1,0,0,1,1,1,,,,8.445469e-12,NaN,8.646523e-11,4.550836e-12,,,2.326515e-15,1.277536e-15,,solution good enough for the tolerances given,solution good enough for the tolerances given,,false
14,1.000000e+09,1,5,CONTINUE,1.564486e-10,2.095048e-11,1.000000e-09,1.564486e-11,2.220446e-14,3.528352e+00,9.900000e-01,,,2.574101e-03,1.126030e-06,7.648064e-02,1.239460e-07,2.610313e+06,REACHED_FORCE,REFINE_STALLED,,1,1,1,1,2,2,,,,2.318450e-11,1.055258e-14,2.065803e-10,6.730585e-11,,,7.356432e-16,4.039622e-16,,solution good enough for the tolerances given,solution good enough for the tolerances given,,false
14,3.162000e+09,1,4,CONTINUE,1.564486e-10,1.562729e-10,1.000000e-09,1.564486e-11,2.220446e-14,3.528339e+00,1.595830e-05,,,2.051642e+03,5.277277e-04,7.648081e-02,1.239460e-07,2.610313e+06,REFINE_STALLED,REFINE_STALLED,,1,1,1,1,1,1,,,,9.621522e-11,4.370998e-09,1.594303e-06,5.716902e-04,,,2.326493e-16,4.853349e-16,,solution good enough for the tolerances given,solution good enough for the tolerances given,,false
14,1.000000e+10,1,4,CONTINUE,1.564486e-10,1.555326e-10,1.000000e-09,1.564486e-11,2.220446e-14,3.884356e-03,8.409369e-04,,,2.426252e-06,2.406025e-05,7.648081e-02,1.239460e-07,2.610313e+06,REFINE_STALLED,REFINE_STALLED,,1,1,1,1,1,1,,,,1.763199e-05,1.020249e-05,9.673333e-06,5.496498e-06,,,1.167567e-14,2.720768e-15,,solution good enough for the tolerances given,solution good enough for the tolerances given,,false
