iter,alpha,state,ncraig,ipm_status,mu,mu_next,rho,force_tol,floor_tol,sigma2min,sigma2max,step,tau,kappa,norm_dp,norm_dy,norm_y,hdiag_min,hdiag_max,pstat,cstat,wstat,pbase,prefn,ppass,cbase,crefn,cpass,wbase,wrefn,wpass,pres0,pres1,cres0,cres1,wres0,wres1,r0_p,r0_c,r0_w,craig_p,craig_c,craig_w,r1_p,r1_c,r1_w,p_res0_dual,p_res0_prim,c_res0_dual,c_res0_prim,w_res0_dual,w_res0_prim,p_res_exit,c_res_exit,w_res_exit,Ldiag_min,Ldiag_max,ipm_pres,ipm_dres,bar_hdiag_med,bar_hdiag_frac_mid,ritz_beta,omm,ritz_t1,ritz_t2,ritz_t3,ritz_t4,ritz_t5,ritz_t6,ritz_t7,ritz_t8,ritz_t9,ritz_t10,ritz_w1,ritz_w2,ritz_w3,ritz_w4,ritz_w5,ritz_w6,ritz_w7,ritz_w8,ritz_w9,ritz_w10,chosen
1,1.000000000000000e+00,0,3,CONTINUE,4.254884477354012e+01,4.543809395951494e-01,1.000000000000000e-09,3.000000000000000e-01,1.214865496232212e-11,2.858828531299669e-01,1.193593311356154e+02,9.900000000000000e-01,,,3.229782288837453e+03,1.544744940809636e+01,1.529297491401538e+01,1.807364518047344e-05,1.999557267481211e-01,REACHED_FORCE,REACHED_FORCE,,2,0,0,1,0,0,,,,1.446631367242440e-14,NaN,1.664054236402158e-06,NaN,,,1.511010802837939e+01,1.758517710188871e-02,,solution good enough for the tolerances given,solution good enough for the tolerances given,,2.161235138860409e-12,1.758517710188871e-02,,1.446631367242440e-14,3.158305320196259e-16,1.430389547753503e-14,1.664054236402158e-06,,,1.446631367242440e-14,1.664054236402158e-06,,1.623307058547632e-02,1.422504850534828e+00,1.411337186069097e+00,7.369778458660936e-01,2.350240071904072e-02,0.000000000000000e+00,2.474859211129271e-01,8.308454280734123e-03,9.916915457192659e-01,9.770497405056841e-01,9.359696240245755e-01,8.827581186386089e-01,8.277311072471639e-01,7.665274961152515e-01,7.449302814212274e-01,5.955904846934681e-01,3.183104547122448e-01,2.223241817356064e-01,3.419140058259840e-25,1.000000000000000e+00,3.230791253827139e-26,7.937461996119941e-27,3.457064122226756e-25,2.460670125300177e-25,1.392146118423520e-27,4.557314954512757e-28,3.043297969076233e-28,4.934997218842629e-28,false
1,3.162000000000000e+00,0,3,CONTINUE,4.254884477354012e+01,4.546400039450666e-01,1.000000000000000e-09,3.000000000000000e-01,1.214865496232212e-11,2.858803110188215e-01,4.257249207782360e+01,9.900000000000000e-01,,,3.229779776014224e+03,1.544716906026138e+01,1.529269736965876e+01,1.807364518047344e-05,1.999557267481211e-01,REACHED_FORCE,REACHED_FORCE,,2,0,0,1,0,0,,,,4.308871330688206e-14,NaN,5.346562481422773e-07,NaN,,,4.854837955813005e+00,5.650071137468432e-03,,solution good enough for the tolerances given,solution good enough for the tolerances given,,4.071116674631873e-13,5.650071137468432e-03,,4.308871330688206e-14,1.390929637404733e-16,4.308733512958134e-14,5.346562481422773e-07,,,4.308871330688206e-14,5.346562481422773e-07,,1.000812956500336e-02,1.416845232683106e+00,1.411337186069097e+00,7.369778458660936e-01,2.350240071904072e-02,0.000000000000000e+00,1.332509001438473e-01,7.373857994892541e-03,9.926261420051075e-01,9.902301185238153e-01,9.682719906206606e-01,9.374885544728843e-01,9.164568265235904e-01,8.945531763364573e-01,8.232274381103303e-01,5.961996663977170e-01,4.852994443501381e-01,4.747771008149504e-01,1.000000000000000e+00,6.261456375092492e-27,5.364578990976572e-26,3.943555436952882e-25,4.262443035957125e-25,3.260284716937058e-27,1.509333115690968e-26,2.288538052646715e-27,7.938210219773208e-33,1.632224159415593e-28,false
1,1.000000000000000e+01,0,3,CONTINUE,4.254884477354012e+01,4.547236673146031e-01,1.000000000000000e-09,3.000000000000000e-01,1.214865496232212e-11,2.843991175861678e-01,4.257249207781732e+01,9.900000000000000e-01,,,3.229778964496604e+03,1.544707852140349e+01,1.529260773618947e+01,1.807364518047344e-05,1.999557267481211e-01,REACHED_FORCE,REACHED_FORCE,,2,0,0,1,0,0,,,,1.334522156538406e-13,NaN,1.699150588710084e-07,NaN,,,1.542879335851448e+00,1.795606379381872e-03,,solution good enough for the tolerances given,solution good enough for the tolerances given,,3.519035641847047e-13,1.795606379381872e-03,,1.334522156538406e-13,1.302518486005830e-16,1.315610118529332e-13,1.699150588710084e-07,,,1.334522156538406e-13,1.699150588710084e-07,,5.916295594419585e-03,1.415050489964219e+00,1.411337186069097e+00,7.369778458660936e-01,2.350240071904072e-02,0.000000000000000e+00,4.739211226537153e-02,2.343430044292716e-03,9.976565699557073e-01,9.945209280542918e-01,9.825202628893260e-01,9.779467054257244e-01,9.705447445271438e-01,9.364237446348519e-01,8.343778623923039e-01,8.236158445160746e-01,7.408541997087302e-01,7.398537212365380e-01,1.000000000000000e+00,3.421479154866767e-25,6.860929241088597e-24,1.792247839183706e-23,1.696576590085268e-23,1.018105739665867e-25,1.910041917655564e-31,1.000129472367983e-25,1.140644101389185e-25,1.281179830863500e-29,false
1,3.162000000000000e+01,0,3,CONTINUE,4.254884477354012e+01,4.547502960102067e-01,1.000000000000000e-09,3.000000000000000e-01,1.214865496232212e-11,2.843470552946047e-01,4.257249207772384e+01,9.900000000000000e-01,,,3.229778706184124e+03,1.544704970407499e+01,1.529257920703425e+01,1.807364518047344e-05,1.999557267481211e-01,REACHED_FORCE,REACHED_FORCE,,2,0,0,1,0,0,,,,1.226803129625802e-13,NaN,5.382281852243384e-08,NaN,,,4.887272201891477e-01,5.687818191626548e-04,,solution good enough for the tolerances given,solution good enough for the tolerances given,,3.589028403608948e-13,5.687818191626548e-04,,1.226803129625802e-13,1.457035725403727e-16,9.419366379224308e-14,5.382281852243384e-08,,,1.226803129625802e-13,5.382281852243384e-08,,3.394383989884431e-03,1.414482564581886e+00,1.411337186069097e+00,7.369778458660936e-01,2.350240071904072e-02,0.000000000000000e+00,3.622764693055105e-03,7.423121333240967e-04,9.992576878666759e-01,9.982383595601647e-01,9.940820099781490e-01,9.931998677004491e-01,9.904329483627982e-01,9.789793645284711e-01,9.365675612297443e-01,9.362991937291729e-01,9.003946888501987e-01,8.999104587795791e-01,1.000000000000000e+00,2.183181893427535e-23,2.204924108974779e-22,6.749882872356437e-22,9.759005136101824e-22,1.342853351665927e-24,1.039584520546617e-23,4.929782929479501e-27,1.432542651624488e-23,4.215745432482768e-27,false
1,1.000000000000000e+02,0,2,CONTINUE,4.254884477354012e+01,4.547171675776219e-01,1.000000000000000e-09,3.000000000000000e-01,1.214865496232212e-11,2.844073738122632e-01,4.257249207775099e+01,9.900000000000000e-01,,,3.229778660922730e+03,1.544342230551059e+01,1.528898808245548e+01,1.807364518047344e-05,1.999557267481211e-01,REACHED_FORCE,REACHED_FORCE,,1,0,0,1,0,0,,,,1.463085227155518e-05,NaN,1.701462685988229e-08,NaN,,,1.546140280278903e-01,1.798049727844640e-04,,solution good enough for the tolerances given,solution good enough for the tolerances given,,1.546140280278903e-01,1.798049727844640e-04,,7.285301897106411e-13,1.463085227155518e-05,9.367384632340231e-13,1.701462685988229e-08,,,1.463085227155518e-05,1.701462685988229e-08,,1.921917537658987e-03,1.414302892977054e+00,1.411337186069097e+00,7.369778458660936e-01,2.350240071904072e-02,0.000000000000000e+00,1.394193824113218e-03,2.348382988421882e-04,9.997651617011578e-01,9.994228295200056e-01,9.990042820538622e-01,9.979082344042297e-01,9.973110663989212e-01,9.932561753364331e-01,9.790332266259864e-01,9.789435877536939e-01,9.662028746275710e-01,9.660334594527623e-01,1.000000000000000e+00,3.493286671147070e-21,5.986782466160268e-22,8.602640917310855e-22,7.773230631652099e-22,9.363732974739621e-23,2.222247566137270e-23,8.700541107695660e-27,2.534177422381920e-23,6.923047479714916e-30,true
1,3.162000000000000e+02,0,2,CONTINUE,4.254884477354012e+01,4.547482600508985e-01,1.000000000000000e-09,3.000000000000000e-01,1.214865496232212e-11,2.843470014658293e-01,4.257249207731593e+01,9.900000000000000e-01,,,3.229778609950974e+03,1.544589301702937e+01,1.529143408685908e+01,1.807364518047344e-05,1.999557267481211e-01,REACHED_FORCE,REACHED_FORCE,,1,0,0,1,0,0,,,,4.627831092939314e-06,NaN,5.384655443834045e-09,NaN,,,4.890539478025313e-02,5.690326529618659e-05,,solution good enough for the tolerances given,solution good enough for the tolerances given,,4.890539478025313e-02,5.690326529618659e-05,,1.748993819778400e-12,4.627831092939314e-06,1.985646983699907e-12,5.384655443834045e-09,,,4.627831092939314e-06,5.384655443834045e-09,,1.083245939747079e-03,1.414246080680120e+00,1.411337186069097e+00,7.369778458660936e-01,2.350240071904072e-02,0.000000000000000e+00,3.791634030264818e-04,7.428083894434057e-05,9.999257191610557e-01,9.998202082766899e-01,9.995365795637248e-01,9.993432893267081e-01,9.990376151301726e-01,9.978574391920270e-01,9.932726996380009e-01,9.932397685475686e-01,9.890586323922814e-01,9.890001731427576e-01,1.000000000000000e+00,5.846706304346108e-22,2.087287453390236e-21,2.153161022728218e-20,1.502776147768430e-20,2.786002553725676e-23,1.763417981018725e-22,1.330401664736044e-25,9.150463224200158e-22,1.234799927753796e-25,false
1,1.000000000000000e+03,0,2,CONTINUE,4.254884477354012e+01,4.547580941403676e-01,1.000000000000000e-09,3.000000000000000e-01,1.214865496232212e-11,2.843469923110291e-01,4.257249208095516e+01,9.900000000000000e-01,,,3.229778596362236e+03,1.544667478750793e+01,1.529220803963285e+01,1.807364518047344e-05,1.999557267481211e-01,REACHED_FORCE,REACHED_FORCE,,1,0,0,1,0,0,,,,1.463394522150165e-06,NaN,1.702981051626862e-09,NaN,,,1.546467133039292e-02,1.799654288500614e-05,,solution good enough for the tolerances given,solution good enough for the tolerances given,,1.546467133039292e-02,1.799654288500614e-05,,6.857562934445616e-12,1.463394522150165e-06,6.672606165798072e-12,1.702981051626862e-09,,,1.463394522150165e-06,1.702981051626862e-09,,6.095630255281257e-04,1.414228111542403e+00,1.411337186069097e+00,7.369778458660936e-01,2.350240071904072e-02,0.000000000000000e+00,1.128214328445553e-04,2.348879434410645e-05,9.999765112056559e-01,9.999429039800428e-01,9.998644490620812e-01,9.997910328519460e-01,9.996946777052461e-01,9.993215361844221e-01,9.978629966818445e-01,9.978520291674862e-01,9.965142602792452e-01,9.964954948643370e-01,1.000000000000000e+00,1.896080564501920e-19,4.453113020930179e-20,9.742312763307888e-19,6.784604440750979e-19,4.176455125434154e-22,1.442574204424974e-20,5.491163358791094e-24,2.598845605818180e-20,4.194442297872121e-24,false
1,3.162000000000000e+03,0,2,CONTINUE,4.254884477354012e+01,4.547612034623387e-01,1.000000000000000e-09,3.000000000000000e-01,1.214865496232212e-11,2.843469911017555e-01,4.257249208371913e+01,9.900000000000000e-01,,,3.229778588733223e+03,1.544692199524681e+01,1.529245277529435e+01,1.807364518047344e-05,1.999557267481211e-01,REACHED_FORCE,REACHED_FORCE,,1,0,0,1,0,0,,,,4.628140496791316e-07,NaN,5.386120110982619e-10,NaN,,,4.890866445851461e-03,5.691874299654617e-06,,solution good enough for the tolerances given,solution good enough for the tolerances given,,4.890866445851461e-03,5.691874299654617e-06,,2.517864464986133e-11,4.628140496791316e-07,2.693465235846740e-11,5.386120110982619e-10,,,4.628140496791316e-07,5.386120110982619e-10,,3.428752786161807e-04,1.414222430114999e+00,1.411337186069097e+00,7.369778458660936e-01,2.350240071904072e-02,0.000000000000000e+00,3.599219365715585e-05,7.428580514390326e-06,9.999925714194856e-01,9.999809321550258e-01,9.999467256443582e-01,9.999323464043187e-01,9.999036031473323e-01,9.997853926233046e-01,9.993231719565183e-01,9.993197895042727e-01,9.988949818700906e-01,9.988890187328047e-01,1.000000000000001e+00,6.483252745150867e-19,4.648102959397547e-19,2.048951627327269e-18,2.256132271991477e-18,4.061200283101367e-22,4.181194723291294e-20,1.706347654054428e-23,5.478503339958825e-20,2.410996461185504e-23,false
1,1.000000000000000e+04,0,2,CONTINUE,4.254884477354012e+01,4.547621869121888e-01,1.000000000000000e-09,3.000000000000000e-01,1.214865496232212e-11,2.843469839004529e-01,4.257249208907897e+01,9.900000000000000e-01,,,3.229778621551667e+03,1.544700018413385e+01,1.529253018229251e+01,1.807364518047344e-05,1.999557267481211e-01,REACHED_FORCE,REACHED_FORCE,,1,0,0,1,0,0,,,,1.463425458801095e-07,NaN,1.703125964218753e-10,NaN,,,1.546499825866196e-03,1.799807452810316e-06,,solution good enough for the tolerances given,solution good enough for the tolerances given,,1.546499825866196e-03,1.799807452810316e-06,,6.722828104305092e-11,1.463425458801095e-07,6.356701274524996e-11,1.703125964218753e-10,,,1.463425458801095e-07,1.703125964218753e-10,,1.928183156587552e-04,1.414220633181451e+00,1.411337186069097e+00,7.369778458660936e-01,2.350240071904072e-02,0.000000000000000e+00,1.107196883902251e-05,2.348929090123519e-06,9.999976510709099e-01,9.999953551523131e-01,9.999804150652823e-01,9.999790052152914e-01,9.999694222243996e-01,9.999321089505491e-01,9.997858878556179e-01,9.997847586640822e-01,9.996503290542550e-01,9.996484406386429e-01,9.999999999999993e-01,1.035461043000460e-17,6.265279387418716e-17,4.822633350668628e-16,5.362144847361522e-16,4.275826487374972e-19,8.040861691687371e-18,2.820418133812951e-21,6.869471792928637e-18,2.678333447265562e-21,false
1,3.162000000000000e+04,0,2,CONTINUE,4.254884477354012e+01,4.547624979610244e-01,1.000000000000000e-09,3.000000000000000e-01,1.214865496232212e-11,2.843470248210584e-01,4.257249212977977e+01,9.900000000000000e-01,,,3.229778571160550e+03,1.544702490914766e+01,1.529255466005617e+01,1.807364518047344e-05,1.999557267481211e-01,REACHED_FORCE,REACHED_FORCE,,1,0,0,1,0,0,,,,4.628171439254583e-08,NaN,1.242100594464742e-10,NaN,,,4.890899145319434e-04,5.692026676919677e-07,,solution good enough for the tolerances given,solution good enough for the tolerances given,,4.890899145319434e-04,5.692026676919677e-07,,9.323884932780503e-11,4.628171439254583e-08,1.242100594464742e-10,5.386264169431861e-11,,,4.628171439254583e-08,1.242100594464742e-10,,1.084369302427175e-04,1.414220065036734e+00,1.411337186069097e+00,7.369778458660936e-01,2.350240071904072e-02,0.000000000000000e+00,4.832899861390841e-06,7.428630172112705e-07,9.999992571369828e-01,9.999979471147524e-01,9.999944148508629e-01,9.999929264759434e-01,9.999904576346753e-01,9.999785280714787e-01,9.999322761113079e-01,9.999320978761337e-01,9.998893881816816e-01,9.998887906901396e-01,1.000000000000000e+00,1.122703929540266e-17,8.247079958346726e-17,1.567018945058705e-16,1.247446830148512e-16,1.451798353627336e-18,5.445193020570636e-19,1.054007364816547e-21,2.624391620217463e-18,8.232977005009295e-22,false
1,1.000000000000000e+05,0,2,CONTINUE,4.254884477354012e+01,4.547625963715397e-01,1.000000000000000e-09,3.000000000000000e-01,1.214865496232212e-11,2.843470231945509e-01,4.257249228493288e+01,9.900000000000000e-01,,,3.229778640721065e+03,1.544703271227761e+01,1.529256238515483e+01,1.807364518047344e-05,1.999557267481211e-01,REACHED_FORCE,REACHED_FORCE,,1,0,0,1,0,0,,,,1.463428550068339e-08,NaN,1.163046515723310e-09,NaN,,,1.546503092969915e-04,1.799821742168611e-07,,solution good enough for the tolerances given,solution good enough for the tolerances given,,1.546503092969915e-04,1.799821742168611e-07,,1.162689727705446e-09,1.463428550068339e-08,1.163046515723310e-09,1.703139609668392e-11,,,1.463428550068339e-08,1.163046515723310e-09,,6.097632609911536e-05,1.414219885343181e+00,1.411337186069097e+00,7.369778458660936e-01,2.350240071904072e-02,0.000000000000000e+00,1.389186170026814e-06,2.348934045048878e-07,9.999997651065955e-01,9.999994735941939e-01,9.999989977955324e-01,9.999979247028994e-01,9.999970147938845e-01,9.999932105768554e-01,9.999785846668885e-01,9.999785136265159e-01,9.999650218974285e-01,9.999648329417447e-01,1.000000000000000e+00,3.782591518301333e-17,4.111018933681670e-17,1.353995199053954e-16,9.186347219169989e-17,1.159917300410052e-18,6.562751677313645e-18,2.021294897557083e-21,1.924168812141936e-17,2.165177790718806e-21,false
1,3.162000000000000e+05,0,2,CONTINUE,4.254884477354012e+01,4.547626284130797e-01,1.000000000000000e-09,3.000000000000000e-01,1.214865496232212e-11,2.843470209578311e-01,4.257249243853349e+01,9.900000000000000e-01,,,3.229778738382883e+03,1.544703510804274e+01,1.529256475696233e+01,1.807364518047344e-05,1.999557267481211e-01,REACHED_FORCE,REACHED_FORCE,,1,0,0,1,0,0,,,,4.628174517293032e-09,NaN,2.102978877529377e-09,NaN,,,4.890902401357164e-05,5.692057257721191e-08,,solution good enough for the tolerances given,solution good enough for the tolerances given,,4.890902401357164e-05,5.692057257721191e-08,,2.162590878162767e-09,4.628174517293032e-09,2.102978877529377e-09,5.386296460190548e-12,,,4.628174517293032e-09,2.102978877529377e-09,,3.429109437176116e-05,1.414219828528689e+00,1.411337186069097e+00,7.369778458660936e-01,2.350240071904072e-02,0.000000000000000e+00,3.910874532885600e-07,7.428635084849589e-08,9.999999257136492e-01,9.999997993346800e-01,9.999994090794186e-01,9.999992932018110e-01,9.999990366151785e-01,9.999978531940696e-01,9.999932271828592e-01,9.999931988056090e-01,9.999889377172909e-01,9.999888779556755e-01,9.999999999999312e-01,3.690698543877147e-15,1.279502902672346e-14,2.203138475363927e-14,2.921929914681121e-14,8.195334781368958e-18,2.430462322305232e-16,8.248563875903170e-20,6.715271431939451e-16,1.094095598578610e-19,false
1,1.000000000000000e+06,0,2,CONTINUE,4.254884477354012e+01,4.547626342844364e-01,1.000000000000000e-09,3.000000000000000e-01,1.214865496232212e-11,2.843471064321435e-01,4.257249379959432e+01,9.900000000000000e-01,,,3.229777862278903e+03,1.544703596745712e+01,1.529256560778256e+01,1.807364518047344e-05,1.999557267481211e-01,REACHED_FORCE,REACHED_FORCE,,1,0,0,1,0,0,,,,4.381140937611519e-09,NaN,4.752567137608045e-09,NaN,,,1.546503420655004e-05,1.799823909844179e-08,,solution good enough for the tolerances given,solution good enough for the tolerances given,,1.546503420655004e-05,1.799823909844179e-08,,4.381140937611519e-09,1.463428860476277e-09,4.752567137608045e-09,1.703139609668392e-12,,,4.381140937611519e-09,4.752567137608045e-09,,1.928246959137547e-05,1.414219810559332e+00,1.411337186069097e+00,7.369778458660936e-01,2.350240071904072e-02,0.000000000000000e+00,1.794611246545439e-07,2.348934458051843e-08,9.999999765106554e-01,9.999999457525933e-01,9.999998354659910e-01,9.999997631234918e-01,9.999997110562131e-01,9.999993210553026e-01,9.999978584419368e-01,9.999978576617393e-01,9.999965020795107e-01,9.999964831838954e-01,9.999999999998088e-01,5.117078121572852e-15,3.159858120011271e-14,9.547487901638833e-14,5.498566295733589e-14,5.988835694475428e-16,9.810329271187518e-16,2.414241608799891e-17,2.738456333460163e-15,3.398197722144273e-19,false
1,3.162000000000000e+06,0,2,CONTINUE,4.254884477354012e+01,4.547626438744073e-01,1.000000000000000e-09,3.000000000000000e-01,1.214865496232212e-11,2.843472266027490e-01,4.257247899674507e+01,9.900000000000000e-01,,,3.229785266389326e+03,1.544703627522411e+01,1.529256591247188e+01,1.807364518047344e-05,1.999557267481211e-01,REACHED_FORCE,REACHED_FORCE,,1,0,0,1,0,0,,,,4.750013608850034e-08,NaN,5.886290563791204e-08,NaN,,,4.890902798691762e-06,5.692085484112472e-09,,solution good enough for the tolerances given,solution good enough for the tolerances given,,4.890902798691762e-06,5.692085484112472e-09,,4.750013608850034e-08,4.628174861033366e-10,5.886290563791204e-08,5.386306876564318e-13,,,4.750013608850034e-08,5.886290563791204e-08,,1.084380544301514e-05,1.414219804877883e+00,1.411337186069097e+00,7.369778458660936e-01,2.350240071904072e-02,0.000000000000000e+00,2.927720123014145e-08,7.428637927020532e-09,9.999999925713621e-01,9.999999834652716e-01,9.999999701072035e-01,9.999999343418968e-01,9.999999033045880e-01,9.999997852752638e-01,9.999993227142389e-01,9.999993191768450e-01,9.999988937610724e-01,9.999988877852388e-01,9.999999999891767e-01,1.330658028232431e-12,4.095448604135646e-13,5.673251717852200e-12,3.253600335708565e-12,6.303752821771036e-14,6.868363036043231e-14,2.708094522870514e-17,2.539498273001877e-14,6.491751922419871e-18,false
1,1.000000000000000e+07,0,2,CONTINUE,4.254884477354012e+01,4.547626840286646e-01,1.000000000000000e-09,3.000000000000000e-01,1.214865496232212e-11,2.843473695093054e-01,4.257250013250108e+01,9.900000000000000e-01,,,3.229810638128031e+03,1.544703489182687e+01,1.529256454290860e+01,1.807364518047344e-05,1.999557267481211e-01,REACHED_FORCE,REACHED_FORCE,,1,0,0,1,0,0,,,,6.238008524954197e-08,NaN,1.077057902953374e-07,NaN,,,1.546503344738250e-06,1.799855785891136e-09,,solution good enough for the tolerances given,solution good enough for the tolerances given,,1.546503344738250e-06,1.799855785891136e-09,,6.238008524954197e-08,1.463428745896166e-10,1.077057902953374e-07,1.703181275163473e-13,,,6.238008524954197e-08,1.077057902953374e-07,,6.097651276166831e-06,1.414219803080947e+00,1.411337186069097e+00,7.369778458660936e-01,2.350240071904072e-02,0.000000000000000e+00,1.272907205660527e-08,2.348934158291627e-09,9.999999976510658e-01,9.999999948369174e-01,9.999999839602264e-01,9.999999791412314e-01,9.999999694270676e-01,9.999999321043325e-01,9.999997858428630e-01,9.999997847120663e-01,9.999996502083683e-01,9.999996483176018e-01,9.999999994250686e-01,7.804479794132101e-12,2.987821477261845e-12,2.951726267302915e-10,2.584376099700266e-10,4.530961773389626e-13,5.448448216577143e-12,1.907678527356029e-15,4.624019376021058e-12,1.939862199040441e-15,false
1,3.162000000000000e+07,0,2,CONTINUE,4.254884477354012e+01,4.547626913449289e-01,1.000000000000000e-09,3.000000000000000e-01,1.214865496232212e-11,2.843470499394118e-01,4.257258235464349e+01,9.900000000000000e-01,,,3.229827969816706e+03,1.544702309046593e+01,1.529255285956127e+01,1.807364518047344e-05,1.999557267481211e-01,REACHED_FORCE,REACHED_FORCE,,1,0,0,1,0,0,,,,7.413567408655301e-08,NaN,9.307705348746476e-08,NaN,,,4.890899853522192e-07,5.693311795928331e-10,,solution good enough for the tolerances given,solution good enough for the tolerances given,,4.890899853522192e-07,5.693311795928331e-10,,7.413567408655301e-08,4.628171944448711e-11,9.307705348746476e-08,5.387348513941337e-14,,,7.413567408655301e-08,9.307705348746476e-08,,3.429098575732658e-06,1.414219802512802e+00,1.411337186069097e+00,7.369778458660936e-01,2.350240071904072e-02,0.000000000000000e+00,3.481177081834062e-09,7.428619941407533e-10,9.999999992571380e-01,9.999999984888686e-01,9.999999941428830e-01,9.999999933393977e-01,9.999999903364321e-01,9.999999785296566e-01,9.999999322717716e-01,9.999999319176367e-01,9.999998893766715e-01,9.999998887783434e-01,9.999999988419002e-01,1.963759272841360e-11,5.614298879562295e-11,5.509673499830928e-10,5.153591096200669e-10,8.511066669209706e-14,1.178909402859673e-11,3.248662688667114e-15,4.111778872460656e-12,3.353464402101709e-15,false
1,1.000000000000000e+08,0,2,CONTINUE,4.254884477354012e+01,4.547625499198300e-01,1.000000000000000e-09,3.000000000000000e-01,1.214865496232212e-11,2.843516700176880e-01,4.257221449373056e+01,9.900000000000000e-01,,,3.229892139006474e+03,1.544703435547516e+01,1.529256401192043e+01,1.807364518047344e-05,1.999557267481211e-01,REACHED_FORCE,REACHED_FORCE,,1,0,0,1,0,0,,,,9.040942522589244e-07,NaN,9.411545360581394e-07,NaN,,,1.546503225766639e-07,1.799795289110671e-10,,solution good enough for the tolerances given,solution good enough for the tolerances given,,1.546503225766639e-07,1.799795289110671e-10,,9.040942522589244e-07,1.463428641732428e-11,9.411545360581394e-07,1.703077111425771e-14,,,9.040942522589244e-07,9.411545360581394e-07,,1.928222085919879e-06,1.414219802333109e+00,1.411337186069097e+00,7.369778458660936e-01,2.350240071904072e-02,0.000000000000000e+00,1.170554154114750e-09,2.348949923458576e-10,9.999999997651050e-01,9.999999994287576e-01,9.999999990710193e-01,9.999999979042677e-01,9.999999970757079e-01,9.999999932141641e-01,9.999999785840902e-01,9.999999784787817e-01,9.999999650204291e-01,9.999999648322809e-01,9.999999979559322e-01,1.211264122687911e-09,3.034264821239127e-10,4.011348964685469e-10,1.045708476388249e-10,6.487093732370363e-14,1.114339493469562e-11,5.264956626544541e-15,1.245346338083425e-11,5.250212912584609e-15,false
1,3.162000000000000e+08,0,2,CONTINUE,4.254884477354012e+01,4.547628565078223e-01,1.000000000000000e-09,3.000000000000000e-01,1.214865496232212e-11,2.843553899725934e-01,4.257287506300919e+01,9.900000000000000e-01,,,3.230256283333737e+03,1.544706379658582e+01,1.529259315861997e+01,1.807364518047344e-05,1.999557267481211e-01,REACHED_FORCE,REACHED_FORCE,,1,0,0,1,0,0,,,,1.412732478347309e-06,NaN,1.412645695899689e-06,NaN,,,4.890901792154894e-08,5.682841690829842e-11,,solution good enough for the tolerances given,solution good enough for the tolerances given,,4.890901792154894e-08,5.682841690829842e-11,,1.412732478347309e-06,4.628171944448711e-12,1.412645695899689e-06,5.374848865417112e-15,,,1.412732478347309e-06,1.412645695899689e-06,,1.084463956855384e-06,1.414219802276294e+00,1.411337186069097e+00,7.369778458660936e-01,2.350240071904072e-02,0.000000000000000e+00,2.904084364060307e-10,7.428568871148400e-11,9.999999999257143e-01,9.999999998446460e-01,9.999999993684030e-01,9.999999992913424e-01,9.999999990349604e-01,9.999999978528409e-01,9.999999932274715e-01,9.999999931922368e-01,9.999999889383293e-01,9.999999888781594e-01,9.999998405758427e-01,1.969407593892489e-09,4.987210244824150e-08,3.508223949973119e-08,7.039438420600048e-08,2.748659852274184e-11,9.445722821000416e-10,4.139410735134064e-13,1.133007001886547e-09,5.441410460083591e-13,false
1,1.000000000000000e+09,0,2,CONTINUE,4.254884477354012e+01,4.547676374326763e-01,1.000000000000000e-09,3.000000000000000e-01,1.214865496232212e-11,2.844296127615602e-01,4.257394503147682e+01,9.900000000000000e-01,,,3.230969168580100e+03,1.544669642561967e+01,1.529222946136346e+01,1.807364518047344e-05,1.999557267481211e-01,REACHED_FORCE,REACHED_FORCE,,1,0,0,1,0,0,,,,6.881716535312660e-06,NaN,6.879246446650780e-06,NaN,,,1.546489349231188e-08,1.820069199137368e-11,,solution good enough for the tolerances given,solution good enough for the tolerances given,,1.546489349231188e-08,1.820069199137368e-11,,6.881716535312660e-06,1.463417183721281e-12,6.879246446650780e-06,1.718701672081053e-15,,,6.881716535312660e-06,6.879246446650780e-06,,6.095766862409697e-07,1.414219802258325e+00,1.411337186069097e+00,7.369778458660936e-01,2.350240071904072e-02,0.000000000000000e+00,1.182730859148237e-10,2.348854444278459e-11,9.999999999765115e-01,9.999999999443516e-01,9.999999998319602e-01,9.999999997845082e-01,9.999999996958848e-01,9.999999993209627e-01,9.999999978585434e-01,9.999999978490730e-01,9.999999965023971e-01,9.999999964841917e-01,9.999996630067294e-01,6.282977784339695e-09,2.671590568448303e-08,1.708014796952268e-07,1.288442942502305e-07,8.933988354977764e-10,1.294808229625197e-09,9.397392329982742e-13,2.158656202663089e-09,8.108435309680396e-13,false
1,3.162000000000000e+09,0,2,CONTINUE,4.254884477354012e+01,4.740941409834057e-01,1.000000000000000e-09,3.000000000000000e-01,1.214865496232212e-11,2.842708691951581e-01,4.256689501466568e+01,9.895493857219524e-01,,,3.240433506012995e+03,1.544706202751656e+01,1.528563074053791e+01,1.807364518047344e-05,1.999557267481211e-01,REACHED_FORCE,REACHED_FORCE,,1,0,0,1,0,0,,,,3.159713585172673e-05,NaN,3.338251010951723e-05,NaN,,,4.891065974785190e-09,5.921646941382876e-12,,solution good enough for the tolerances given,solution good enough for the tolerances given,,4.891065974785190e-09,5.921646941382876e-12,,3.159713585172673e-05,4.628203193570022e-13,3.338251010951723e-05,6.926481667574756e-16,,,3.159713585172673e-05,3.338251010951723e-05,,3.425379932684576e-07,1.414219802252643e+00,1.411337186069097e+00,7.369778458660936e-01,2.350240071904072e-02,0.000000000000000e+00,3.663359215206554e-11,7.429612480791548e-12,9.999999999925704e-01,9.999999999838578e-01,9.999999999524689e-01,9.999999999351161e-01,9.999999999053522e-01,9.999999997851259e-01,9.999999993234441e-01,9.999999993188857e-01,9.999999988953954e-01,9.999999988874853e-01,9.999292957522355e-01,8.584490930525844e-07,4.732769859677064e-07,3.454751234308377e-05,3.379631372602087e-05,3.493355123292055e-08,4.466843670657859e-07,1.508907308234739e-10,5.467534981957419e-07,1.733096504978974e-10,false
1,1.000000000000000e+10,0,2,CONTINUE,4.254884477354012e+01,5.197533712172618e-01,1.000000000000000e-09,3.000000000000000e-01,1.214865496232212e-11,2.851659146915423e-01,4.257917771920128e+01,9.884875268759850e-01,,,3.247242113586941e+03,1.544742797660694e+01,1.526958987719108e+01,1.807364518047344e-05,1.999557267481211e-01,REACHED_FORCE,REACHED_FORCE,,1,0,0,1,0,0,,,,5.285249468506253e-05,NaN,5.482607322501495e-05,NaN,,,1.546621272103333e-09,2.036860381847692e-12,,solution good enough for the tolerances given,solution good enough for the tolerances given,,1.546621272103333e-09,2.036860381847692e-12,,5.285249468506253e-05,1.463396350973740e-13,5.482607322501495e-05,5.246434507531510e-16,,,5.285249468506253e-05,5.482607322501495e-05,,1.919352868863290e-07,1.414219802250846e+00,1.411337186069097e+00,7.369778458660936e-01,2.350240071904072e-02,0.000000000000000e+00,1.667967947349458e-11,2.348565786292056e-12,9.999999999976514e-01,9.999999999950944e-01,9.999999999834148e-01,9.999999999796529e-01,9.999999999705078e-01,9.999999999319709e-01,9.999999997862694e-01,9.999999997860303e-01,9.999999996510343e-01,9.999999996493270e-01,9.997842012302623e-01,2.138484371337262e-06,3.596708662533289e-06,1.097882268512570e-04,9.819186120144641e-05,4.312226098420899e-07,8.885506868821995e-07,1.610944219066698e-07,6.022360330120778e-07,3.849003778901666e-10,false
1,3.162000000000000e+10,0,2,CONTINUE,4.254884477354012e+01,7.781070423379656e-01,1.000000000000000e-09,3.000000000000000e-01,1.214865496232212e-11,2.836493153252134e-01,-9.999999999992557e-01,9.824741722857830e-01,,,3.205794869396209e+03,1.543703918215708e+01,1.516649229303299e+01,1.807364518047344e-05,1.999557267481211e-01,REACHED_FORCE,REACHED_FORCE,,1,0,0,1,0,0,,,,1.175964768558954e-04,NaN,1.391049013726631e-04,NaN,,,4.890050228585192e-10,1.095539473464477e-12,,solution good enough for the tolerances given,solution good enough for the tolerances given,,4.890050228585192e-10,1.095539473464477e-12,,1.175964768558954e-04,4.626953228717599e-14,1.391049013726631e-04,7.262369032703285e-16,,,1.175964768558954e-04,1.391049013726631e-04,,1.091679530494704e-07,1.414219802250278e+00,1.411337186069097e+00,7.369778458660936e-01,2.350240071904072e-02,0.000000000000000e+00,6.488148699862153e-12,7.442935157087049e-13,9.999999999992557e-01,9.999999999980533e-01,9.999999999938669e-01,9.999999999928442e-01,9.999999999899585e-01,9.999999999784057e-01,9.999999999321079e-01,9.999999999319158e-01,9.999999998889633e-01,9.999999998885047e-01,9.996700000246405e-01,7.570489277030794e-06,4.850692198990998e-05,1.150952557198671e-04,1.393431191270908e-04,4.387612304432208e-06,1.313173099443012e-06,4.870283144945847e-06,8.913117840447247e-06,2.857184506790377e-12,false
1,1.000000000000000e+11,0,2,CONTINUE,4.254884477354012e+01,1.005753394959990e+00,1.000000000000000e-09,3.000000000000000e-01,1.214865496232212e-11,2.796728348708922e-01,-9.999999999998423e-01,9.771727302937149e-01,,,3.436364977937241e+03,1.556164764521208e+01,1.520641771734064e+01,1.807364518047344e-05,1.999557267481211e-01,REACHED_FORCE,REACHED_FORCE,,1,0,0,1,0,0,,,,4.722000555643262e-04,NaN,4.358278462490921e-04,NaN,,,1.557352616755221e-10,5.521159177032623e-13,,solution good enough for the tolerances given,solution good enough for the tolerances given,,1.557352616755221e-10,5.521159177032623e-13,,4.722000555643262e-04,1.462458877334423e-14,4.358278462490921e-04,3.821507126937796e-16,,,4.722000555643262e-04,4.358278462490921e-04,,5.714552736112645e-08,1.414219802250098e+00,1.411337186069097e+00,7.369778458660936e-01,2.350240071904072e-02,0.000000000000000e+00,1.836777994118704e-12,1.576516694967722e-13,9.999999999998423e-01,9.999999999997626e-01,9.999999999982856e-01,9.999999999976461e-01,9.999999999962776e-01,9.999999999933509e-01,9.999999999784122e-01,9.999999999782176e-01,9.999999999643387e-01,9.999999999642439e-01,2.421617209658524e-02,9.703600877984978e-01,1.589060957841073e-04,1.323644080791106e-03,3.782047167009772e-03,7.165285413399530e-05,1.155374793098374e-05,4.765230243042589e-05,2.825010338522085e-05,3.375345219670057e-08,false
1,3.162000000000000e+11,0,2,CONTINUE,4.254884477354012e+01,1.112874531736225e+00,1.000000000000000e-09,3.000000000000000e-01,1.214865496232212e-11,3.071175407940807e-01,-1.000000000000602e+00,9.746543436676066e-01,,,4.941762941406587e+03,1.990342813053928e+01,1.939896268130614e+01,1.807364518047344e-05,1.999557267481211e-01,REACHED_FORCE,REACHED_FORCE,,1,0,0,1,0,0,,,,1.820763905970712e-03,NaN,1.884462201761800e-03,NaN,,,6.305450444677045e-11,5.364520834110392e-13,,solution good enough for the tolerances given,solution good enough for the tolerances given,,6.305450444677045e-11,5.364520834110392e-13,,1.820763905970712e-03,5.719891246554596e-15,1.884462201761800e-03,1.666619803230112e-16,,,1.820763905970712e-03,1.884462201761800e-03,,3.013999183583457e-08,1.414219802250042e+00,1.411337186069097e+00,7.369778458660936e-01,2.350240071904072e-02,0.000000000000000e+00,3.716931858780579e-13,-6.017408793468348e-13,1.000000000000602e+00,1.000000000000459e+00,1.000000000000294e+00,9.999999999999274e-01,9.999999999997635e-01,9.999999999979308e-01,9.999999999937312e-01,9.999999999935485e-01,9.999999999897051e-01,9.999999999897025e-01,1.061914001286560e-01,2.101900611259540e-01,5.309274569963440e-02,6.219789168354702e-01,5.743670133465154e-03,1.770209596505514e-04,7.269071101510536e-04,4.088568592245601e-04,1.432811154585501e-03,5.760999321083374e-05,false
1,1.000000000000000e+12,0,4,CONTINUE,4.254884477354012e+01,2.866277614279563e+01,1.000000000000000e-09,3.000000000000000e-01,1.214865496232212e-11,2.027213051373630e-07,6.326098671262697e-04,9.596834226532185e-01,,,9.863530484494186e+02,1.012892806545716e+02,9.720564353666177e+01,1.807364518047344e-05,1.999557267481211e-01,REACHED_FORCE,REACHED_FORCE,,1,1,1,1,1,1,,,,2.169394350649573e+04,5.615416143625307e-02,2.169394230818530e+04,3.992996941649431e-02,,,2.460053484894518e-06,2.459979434878701e-06,,solution good enough for the tolerances given,solution good enough for the tolerances given,,2.460053484894518e-06,2.459979434878701e-06,,2.169394350649573e+04,9.226297233774888e-10,2.169394230818530e+04,9.226293900535281e-10,,,5.615416143625307e-02,3.992996941649431e-02,,3.163193455866893e-05,1.414219802603575e+00,1.411337186069097e+00,7.369778458660936e-01,2.350240071904072e-02,0.000000000000000e+00,4.120295344278971e-07,1.580753083985087e-09,9.999999984192469e-01,9.999997533346309e-01,9.999994189406043e-01,9.999989430539229e-01,9.999983365017947e-01,9.999981268742076e-01,9.999973122467257e-01,9.999966753019686e-01,9.999950735744901e-01,9.999950671437002e-01,1.787693304918045e-01,1.498668062467767e-02,3.491402726566133e-02,8.566372116908509e-02,1.346394627475100e-01,1.099655782822894e-01,3.982524639178914e-02,2.595076674168355e-01,8.157695554980447e-02,6.015133006054339e-02,false
1,3.162000000000000e+12,0,4,CONTINUE,4.254884477354012e+01,2.866101295232697e+01,1.000000000000000e-09,3.000000000000000e-01,1.214865496232212e-11,6.411242116002959e-08,2.000690133424747e-04,9.596827299715021e-01,,,9.863530480028118e+02,1.211611109461074e+02,1.162762257191404e+02,1.807364518047344e-05,1.999557267481211e-01,REACHED_FORCE,REACHED_FORCE,,1,1,1,1,1,1,,,,6.859625105703071e+04,5.615614413238108e-02,6.859624397676473e+04,3.989705231952052e-02,,,2.460009329233901e-06,2.459978470531385e-06,,solution good enough for the tolerances given,solution good enough for the tolerances given,,2.460009329233901e-06,2.459978470531385e-06,,6.859625105703071e+04,9.226295567155084e-10,6.859624397676473e+04,9.226293900535281e-10,,,5.615614413238108e-02,3.989705231952052e-02,,3.163168040439356e-05,1.414219802603570e+00,1.411337186069097e+00,7.369778458660936e-01,2.350240071904072e-02,0.000000000000000e+00,4.121342546937992e-07,1.580732211792224e-09,9.999999984192678e-01,9.999997533380794e-01,9.999994189510151e-01,9.999989430747961e-01,9.999983365227355e-01,9.999981269540326e-01,9.999973123723724e-01,9.999966753289842e-01,9.999950736272237e-01,9.999950671965163e-01,1.787732519221810e-01,1.498649169575327e-02,3.491303283070364e-02,8.566188046491727e-02,1.346155497532021e-01,1.099871552005808e-01,3.982275243564710e-02,2.595107470673122e-01,8.157644912541877e-02,6.015268950428414e-02,false
1,1.000000000000000e+13,0,4,CONTINUE,4.254884477354012e+01,2.865358363196167e+01,1.000000000000000e-09,3.000000000000000e-01,1.214865496232212e-11,2.027241573878895e-08,6.326202640569698e-05,9.596825110868201e-01,,,9.863530479581755e+02,1.994918631849817e+02,1.914488522027517e+02,1.807364518047344e-05,1.999557267481211e-01,REACHED_FORCE,REACHED_FORCE,,1,1,1,1,1,1,,,,2.169394042022576e+05,5.615727672385180e-02,2.169394180239782e+05,3.983873303329475e-02,,,2.459995454346007e-06,2.459978269216454e-06,,solution good enough for the tolerances given,solution good enough for the tolerances given,,2.459995454346007e-06,2.459978269216454e-06,,2.169394042022576e+05,9.226293900535281e-10,2.169394180239782e+05,9.226293900535281e-10,,,5.615727672385180e-02,3.983873303329475e-02,,3.163160002060955e-05,1.414219802603568e+00,1.411337186069097e+00,7.369778458660936e-01,2.350240071904072e-02,0.000000000000000e+00,4.121698416001840e-07,1.580727104766311e-09,9.999999984192729e-01,9.999997533390818e-01,9.999994189541794e-01,9.999989430813067e-01,9.999983365289825e-01,9.999981269789640e-01,9.999973124120606e-01,9.999966753375300e-01,9.999950736438997e-01,9.999950672131033e-01,1.787745016996266e-01,1.498644065382416e-02,3.491272317684298e-02,8.566131923555061e-02,1.346083169330900e-01,1.099936298497053e-01,3.982196761028544e-02,2.595117003331342e-01,8.157715287715238e-02,6.015224763078787e-02,false
1,3.162000000000000e+13,0,4,CONTINUE,4.254884477354012e+01,2.862950935638777e+01,1.000000000000000e-09,3.000000000000000e-01,1.214865496232212e-11,6.411270494089568e-09,2.000698283498151e-05,9.596824416351457e-01,,,9.863530479537058e+02,4.801703084569234e+02,4.608110140206412e+02,1.807364518047344e-05,1.999557267481211e-01,REACHED_FORCE,REACHED_FORCE,,1,1,1,1,1,1,,,,6.859624129464873e+05,6.172568894068329e-02,6.859624402429190e+05,6.182926052975821e-02,,,2.459991051756349e-06,2.459978168253741e-06,,solution good enough for the tolerances given,solution good enough for the tolerances given,,2.459991051756349e-06,2.459978168253741e-06,,6.859624129464873e+05,9.226293900535281e-10,6.859624402429190e+05,9.226293900535281e-10,,,6.172568894068329e-02,6.182926052975821e-02,,3.163157460500511e-05,1.414219802603567e+00,1.411337186069097e+00,7.369778458660936e-01,2.350240071904072e-02,0.000000000000000e+00,4.121784371478012e-07,1.580725772498681e-09,9.999999984192742e-01,9.999997533394881e-01,9.999994189553008e-01,9.999989430834318e-01,9.999983365312933e-01,9.999981269870712e-01,9.999973124244675e-01,9.999966753401521e-01,9.999950736490552e-01,9.999950672183502e-01,1.787749030005195e-01,1.498641461770646e-02,3.491261825777548e-02,8.566111457403036e-02,1.346056843308009e-01,1.099960382985986e-01,3.982171540170752e-02,2.595120227225780e-01,8.157653697214097e-02,6.015295182414320e-02,false
1,1.000000000000000e+14,0,4,CONTINUE,4.254884477354012e+01,2.855318674891044e+01,1.000000000000000e-09,3.000000000000000e-01,1.214865496232212e-11,2.027244434993362e-09,6.326205306494302e-06,9.596824196691205e-01,,,9.863530479532628e+02,1.395616770132814e+03,1.339348878891862e+03,1.807364518047344e-05,1.999557267481211e-01,REACHED_FORCE,REACHED_FORCE,,1,1,1,1,1,1,,,,2.169394112171250e+06,1.553035624941501e-01,2.169394182074621e+06,1.555571742983227e-01,,,2.459989657699160e-06,2.459978131910413e-06,,solution good enough for the tolerances given,solution good enough for the tolerances given,,2.459989657699160e-06,2.459978131910413e-06,,2.169394112171250e+06,9.226293900535281e-10,2.169394182074621e+06,9.226293900535281e-10,,,1.553035624941501e-01,1.555571742983227e-01,,3.163156656900833e-05,1.414219802603567e+00,1.411337186069097e+00,7.369778458660936e-01,2.350240071904072e-02,0.000000000000000e+00,4.121824774288992e-07,1.580726438632496e-09,9.999999984192736e-01,9.999997533395567e-01,9.999994189555474e-01,9.999989430839974e-01,9.999983365318704e-01,9.999981269895488e-01,9.999973124286013e-01,9.999966753410128e-01,9.999950736508038e-01,9.999950672200650e-01,1.787750338368826e-01,1.498641252847550e-02,3.491259412313149e-02,8.566106752601943e-02,1.346049836039979e-01,1.099966605962755e-01,3.982162925260542e-02,2.595121117779133e-01,8.157633452820862e-02,6.015317222649087e-02,false
1,3.162000000000000e+14,0,6,CONTINUE,4.254884477354012e+01,3.053176926743312e+01,1.000000000000000e-09,3.000000000000000e-01,1.214865496232212e-11,6.411273333614782e-10,2.000698564536349e-06,8.679055135457878e-01,,,9.863530418179985e+02,2.080496757868734e+03,1.805674607068411e+03,1.807364518047344e-05,1.999557267481211e-01,REACHED_FORCE,REACHED_FORCE,,1,2,2,1,2,2,,,,6.859624195702462e+06,4.511726375578894e-01,6.859624104733624e+06,4.508597296548904e-01,,,2.459989297341668e-06,2.459994534758223e-06,,solution good enough for the tolerances given,solution good enough for the tolerances given,,2.459989297341668e-06,2.459994534758223e-06,,6.859624195702462e+06,9.226293900535281e-10,6.859624104733624e+06,9.226293900535281e-10,,,2.000136089898619e-01,2.003253045852753e-01,,3.163156402915991e-05,1.414219802603567e+00,1.411337186069097e+00,7.369778458660936e-01,2.350240071904072e-02,0.000000000000000e+00,4.121843035551723e-07,1.580725550454076e-09,9.999999984192744e-01,9.999997533395616e-01,9.999994189556101e-01,9.999989430841764e-01,9.999983365319515e-01,9.999981269902087e-01,9.999973124297835e-01,9.999966753412775e-01,9.999950736513107e-01,9.999950672205349e-01,1.787750872826402e-01,1.498641278388999e-02,3.491258580681741e-02,8.566105615084073e-02,1.346048686301821e-01,1.099967439079766e-01,3.982160942943008e-02,2.595121259524412e-01,8.157670970539616e-02,6.015280035038486e-02,false
1,1.000000000000000e+15,0,8,CONTINUE,4.254884477354012e+01,2.866484662771586e+01,1.000000000000000e-09,3.000000000000000e-01,1.214865496232212e-11,2.027244699359177e-10,6.326203529210983e-07,9.596824131049797e-01,,,9.863530418179363e+02,9.370810746756415e+01,8.993002270197272e+01,1.807364518047344e-05,1.999557267481211e-01,REACHED_FORCE,REACHED_FORCE,,1,3,3,1,3,3,,,,2.169394117947375e+07,1.386950904275771e+00,2.169394118663891e+07,1.386985088979057e+00,,,2.459989125442636e-06,2.459989091427569e-06,,solution good enough for the tolerances given,solution good enough for the tolerances given,,2.459989125442636e-06,2.459989091427569e-06,,2.169394117947375e+07,9.226293900535281e-10,2.169394118663891e+07,9.226293900535281e-10,,,5.615671366677071e-02,3.994681287269381e-02,,3.163156322538868e-05,1.414219802603567e+00,1.411337186069097e+00,7.369778458660936e-01,2.350240071904072e-02,0.000000000000000e+00,4.121844365227231e-07,1.580726882721706e-09,9.999999984192731e-01,9.999997533395916e-01,9.999994189556736e-01,9.999989430842861e-01,9.999983365320594e-01,9.999981269905140e-01,9.999973124301839e-01,9.999966753413747e-01,9.999950736514737e-01,9.999950672207083e-01,1.787750924725907e-01,1.498641150853486e-02,3.491258065474275e-02,8.566104684769461e-02,1.346047654745803e-01,1.099968421609290e-01,3.982160193760999e-02,2.595121419289051e-01,8.157669089346871e-02,6.015282612094482e-02,false
1,3.162000000000000e+15,0,8,CONTINUE,4.254884477354012e+01,2.866485684779226e+01,1.000000000000000e-09,3.000000000000000e-01,1.214865496232212e-11,6.411273565359862e-11,2.000699969728525e-07,9.596824117317726e-01,,,9.863530418179348e+02,9.361914234451513e+01,8.984464430944439e+01,1.807364518047344e-05,1.999557267481211e-01,REACHED_FORCE,REACHED_FORCE,,1,3,3,1,3,3,,,,6.859624201211412e+07,4.345642562633302e+00,6.859624201944159e+07,4.345675565747241e+00,,,2.459989134848050e-06,2.459989098908320e-06,,solution good enough for the tolerances given,solution good enough for the tolerances given,,2.459989134848050e-06,2.459989098908320e-06,,6.859624201211412e+07,9.226293900535281e-10,6.859624201944159e+07,9.226293900535281e-10,,,5.615671717902944e-02,3.994695662015154e-02,,3.163156297174658e-05,1.414219802603567e+00,1.411337186069097e+00,7.369778458660936e-01,2.350240071904072e-02,0.000000000000000e+00,4.121844589972817e-07,1.580724440231052e-09,9.999999984192756e-01,9.999997533395893e-01,9.999994189556742e-01,9.999989430842854e-01,9.999983365320556e-01,9.999981269905112e-01,9.999973124301827e-01,9.999966753413805e-01,9.999950736514814e-01,9.999950672207132e-01,1.787751042023580e-01,1.498641125180054e-02,3.491258048646425e-02,8.566104510813366e-02,1.346047696510427e-01,1.099968348678098e-01,3.982160129216662e-02,2.595121385465299e-01,8.157670206113794e-02,6.015281253255776e-02,false
1,1.000000000000000e+16,0,8,CONTINUE,4.254884477354012e+01,2.866488558835455e+01,1.000000000000000e-09,3.000000000000000e-01,1.214865496232212e-11,2.027244701640553e-11,6.326215081570406e-08,9.596824112916125e-01,,,9.863530418179345e+02,9.334100473394852e+01,8.957772049545753e+01,1.807364518047344e-05,1.999557267481211e-01,REACHED_FORCE,REACHED_FORCE,,1,3,3,1,3,3,,,,2.169394117979265e+08,1.370342643009177e+01,2.169394118075401e+08,1.370346150142900e+01,,,2.459989117192926e-06,2.459989125233541e-06,,solution good enough for the tolerances given,solution good enough for the tolerances given,,2.459989117192926e-06,2.459989125233541e-06,,2.169394117979265e+08,9.226293900535281e-10,2.169394118075401e+08,9.226293900535281e-10,,,5.615671831033287e-02,3.994741170403838e-02,,3.163156289119807e-05,1.414219802603567e+00,1.411337186069097e+00,7.369778458660936e-01,2.350240071904072e-02,0.000000000000000e+00,4.121844618076246e-07,1.580723996141842e-09,9.999999984192760e-01,9.999997533395898e-01,9.999994189556740e-01,9.999989430842858e-01,9.999983365320547e-01,9.999981269905101e-01,9.999973124301830e-01,9.999966753413800e-01,9.999950736514810e-01,9.999950672207139e-01,1.787750925966295e-01,1.498641143193499e-02,3.491258094536009e-02,8.566104666461835e-02,1.346047719523288e-01,1.099968358149425e-01,3.982160220617881e-02,2.595121416375368e-01,8.157672257355864e-02,6.015279417691105e-02,false
1,3.162000000000000e+16,0,8,CONTINUE,4.254884477354012e+01,2.866497491571267e+01,1.000000000000000e-09,3.000000000000000e-01,1.214865496232212e-11,6.411273567668653e-12,2.000701093883686e-08,9.596824111886195e-01,,,9.863530418179345e+02,9.249482354793349e+01,8.876565528494670e+01,1.807364518047344e-05,1.999557267481211e-01,REACHED_FORCE,REACHED_FORCE,,1,3,3,1,3,3,,,,6.859624201034601e+08,4.329034182262316e+01,6.859624200997070e+08,4.329036200490250e+01,,,2.459989123773349e-06,2.459989121904649e-06,,solution good enough for the tolerances given,solution good enough for the tolerances given,,2.459989123773349e-06,2.459989121904649e-06,,6.859624201034601e+08,9.226293900535281e-10,6.859624200997070e+08,9.226293900535281e-10,,,5.615671850759946e-02,3.994885050859633e-02,,3.163156286549110e-05,1.414219802603567e+00,1.411337186069097e+00,7.369778458660936e-01,2.350240071904072e-02,0.000000000000000e+00,4.121844611861856e-07,1.580723552052632e-09,9.999999984192764e-01,9.999997533395896e-01,9.999994189556745e-01,9.999989430842861e-01,9.999983365320549e-01,9.999981269905096e-01,9.999973124301847e-01,9.999966753413807e-01,9.999950736514825e-01,9.999950672207150e-01,1.787750947903897e-01,1.498641111106086e-02,3.491258107378200e-02,8.566104669342223e-02,1.346047712029995e-01,1.099968364069856e-01,3.982160219642346e-02,2.595121404940290e-01,8.157670646591993e-02,6.015280956498771e-02,false
1,1.000000000000000e+17,0,8,CONTINUE,4.254884477354012e+01,2.866525787114564e+01,1.000000000000000e-09,3.000000000000000e-01,1.214865496232212e-11,2.027244701458043e-12,6.326209749706969e-09,9.596824111560597e-01,,,9.863530418179347e+02,9.016351843365651e+01,8.652834276872532e+01,1.807364518047344e-05,1.999557267481211e-01,REACHED_FORCE,REACHED_FORCE,,1,3,3,1,3,3,,,,2.169394117922806e+09,1.368681544140366e+02,2.169394117943769e+09,1.368682037186407e+02,,,2.459989121051556e-06,2.459989119909247e-06,,solution good enough for the tolerances given,solution good enough for the tolerances given,,2.459989121051556e-06,2.459989119909247e-06,,2.169394117922806e+09,9.226293900535281e-10,2.169394117943769e+09,9.226293900535281e-10,,,5.615671879760898e-02,3.995340185517966e-02,,3.163156285692212e-05,1.414219802603567e+00,1.411337186069097e+00,7.369778458660936e-01,2.350240071904072e-02,0.000000000000000e+00,4.121844577479459e-07,1.580725328409471e-09,9.999999984192747e-01,9.999997533395882e-01,9.999994189556727e-01,9.999989430842852e-01,9.999983365320556e-01,9.999981269905098e-01,9.999973124301827e-01,9.999966753413803e-01,9.999950736514817e-01,9.999950672207134e-01,1.787750924003936e-01,1.498641128458347e-02,3.491258118122578e-02,8.566104747766644e-02,1.346047706115111e-01,1.099968371096642e-01,3.982160248782057e-02,2.595121411340000e-01,8.157672010683562e-02,6.015279620629918e-02,false
1,3.162000000000000e+17,0,8,CONTINUE,4.254884477354012e+01,2.866615066065645e+01,1.000000000000000e-09,3.000000000000000e-01,1.214865496232212e-11,6.411273566514257e-13,2.000699407651418e-09,9.596824111457313e-01,,,9.863530418179346e+02,8.659297923648413e+01,8.310175910196133e+01,1.807364518047344e-05,1.999557267481211e-01,REACHED_FORCE,REACHED_FORCE,,1,3,3,1,3,3,,,,6.859624201012944e+09,4.327372082220679e+02,6.859624200944739e+09,4.327372109342670e+02,,,2.459989119957344e-06,2.459989119481516e-06,,solution good enough for the tolerances given,solution good enough for the tolerances given,,2.459989119957344e-06,2.459989119481516e-06,,6.859624201012944e+09,9.226293900535281e-10,6.859624200944739e+09,9.226293900535281e-10,,,5.615671671457920e-02,3.996779049107548e-02,,3.163156285520832e-05,1.414219802603567e+00,1.411337186069097e+00,7.369778458660936e-01,2.350240071904072e-02,0.000000000000000e+00,4.121844553869609e-07,1.580724884320261e-09,9.999999984192751e-01,9.999997533395885e-01,9.999994189556736e-01,9.999989430842867e-01,9.999983365320567e-01,9.999981269905123e-01,9.999973124301859e-01,9.999966753413796e-01,9.999950736514812e-01,9.999950672207141e-01,1.787750920975268e-01,1.498641143221691e-02,3.491258121803413e-02,8.566104678409539e-02,1.346047714479276e-01,1.099968370372037e-01,3.982160218741521e-02,2.595121415015110e-01,8.157671333236409e-02,6.015280296170537e-02,false
1,1.000000000000000e+18,0,8,CONTINUE,4.254884477354012e+01,2.866898151688981e+01,1.000000000000000e-09,3.000000000000000e-01,1.214865496232212e-11,2.027244702188084e-13,6.326213304281595e-10,9.596824111425043e-01,,,9.863530418179348e+02,1.124997407486687e+02,1.079640224545890e+02,1.807364518047344e-05,1.999557267481211e-01,REACHED_FORCE,REACHED_FORCE,,1,3,3,1,3,3,,,,2.169394117983704e+10,1.368515621863210e+03,2.169394117958815e+10,1.368515758980447e+03,,,2.459989149135621e-06,2.459989149705909e-06,,solution good enough for the tolerances given,solution good enough for the tolerances given,,2.459989149135621e-06,2.459989149705909e-06,,2.169394117983704e+10,9.226293900535281e-10,2.169394117958815e+10,9.226293900535281e-10,,,5.615671879808668e-02,4.001433723635063e-02,,3.163156285349452e-05,1.414219802603567e+00,1.411337186069097e+00,7.369778458660936e-01,2.350240071904072e-02,0.000000000000000e+00,4.121844598737209e-07,1.580724440231052e-09,9.999999984192756e-01,9.999997533395885e-01,9.999994189556731e-01,9.999989430842876e-01,9.999983365320561e-01,9.999981269905123e-01,9.999973124301841e-01,9.999966753413794e-01,9.999950736514828e-01,9.999950672207152e-01,1.787751122716327e-01,1.498641094477936e-02,3.491258048351520e-02,8.566104424481891e-02,1.346047684767034e-01,1.099968343619649e-01,3.982160099097724e-02,2.595121353219806e-01,8.157668879506007e-02,6.015282410856848e-02,false
2,1.000000000000000e+00,0,4,CONTINUE,4.547171675776219e-01,1.788410843962987e-02,1.000000000000000e-09,3.206083525870934e-03,1.434689655107994e-13,2.160149003691981e-01,5.416070652727144e+01,9.900000000000000e-01,,,3.237454056504360e+01,2.926150442645664e+00,1.239209914423627e+01,1.807364518047344e-05,2.319813557512263e+00,REACHED_FORCE,REACHED_FORCE,,2,0,0,2,0,0,,,,2.272601502326820e-13,NaN,2.527148584663791e-14,NaN,,,4.747455758158357e-01,4.692767093173561e-01,,solution good enough for the tolerances given,solution good enough for the tolerances given,,1.473793592423264e-09,1.176336105641004e-10,,1.475774864327906e-16,2.272601502326820e-13,1.364142502969920e-16,2.527148584663791e-14,,,2.272601502326820e-13,2.527148584663791e-14,,1.703019774097789e-02,2.078420363301980e+00,1.411318744480836e-02,7.369778458660592e-03,2.319813557512261e+00,1.000000000000000e+00,3.200219176791784e-01,1.812884683602811e-02,9.818711531639719e-01,9.696934451854695e-01,8.959542010132026e-01,8.060116503284291e-01,6.950441486356477e-01,5.274390594188298e-01,4.306858925972356e-01,3.226157723728167e-01,2.956008905169205e-01,1.776416557918929e-01,1.042122046008283e-18,1.107014442539644e-18,2.013028392929433e-19,3.489964089484906e-20,7.012249550848984e-20,3.027747326596693e-20,9.487219143374472e-20,1.000000000000000e+00,2.371647404004011e-19,1.824548470911981e-22,false
2,3.162000000000000e+00,0,4,CONTINUE,4.547171675776219e-01,1.788410843962979e-02,1.000000000000000e-09,3.206083525870934e-03,1.434689655107994e-13,2.016852514283063e-01,4.313425272493995e+01,9.900000000000000e-01,,,3.237454056785564e+01,2.926150442645663e+00,1.239209914423627e+01,1.807364518047344e-05,2.319813557512263e+00,REACHED_FORCE,REACHED_FORCE,,2,0,0,2,0,0,,,,2.447144934209540e-14,NaN,1.347511869920963e-15,NaN,,,2.796741621918979e-01,2.764524351574264e-01,,solution good enough for the tolerances given,solution good enough for the tolerances given,,1.560743880156804e-10,2.528384811246401e-12,,2.423336360631047e-16,2.447144934209540e-14,1.394263213897675e-16,1.347511869920963e-15,,,2.447144934209540e-14,1.347511869920963e-15,,1.075098208016129e-02,1.653381845062466e+00,1.411318744480836e-02,7.369778458660592e-03,2.319813557512261e+00,1.000000000000000e+00,1.609223015471133e-01,7.278523247270630e-03,9.927214767527294e-01,9.720325074030631e-01,9.263655629499628e-01,8.662829320682551e-01,7.400744275077171e-01,6.688940988778164e-01,6.009507492132389e-01,5.713012662163084e-01,4.942412277372749e-01,3.893982804960720e-01,6.075457951388650e-19,9.388586564466629e-20,2.580245039771023e-20,2.950538926281695e-20,4.985479243752470e-20,6.312852729065863e-20,1.000000000000000e+00,2.319746290640777e-19,1.459709989564602e-21,1.440520427152303e-22,false
2,1.000000000000000e+01,0,4,CONTINUE,4.547171675776219e-01,1.788410843962982e-02,1.000000000000000e-09,3.206083525870934e-03,1.434689655107994e-13,2.015806495938958e-01,4.143059584099669e+01,9.900000000000000e-01,,,3.237454056791354e+01,2.926150442645662e+00,1.239209914423627e+01,1.807364518047344e-05,2.319813557512263e+00,REACHED_FORCE,REACHED_FORCE,,2,0,0,2,0,0,,,,2.534678076719155e-15,NaN,7.432300226062597e-16,NaN,,,1.216191811774927e-01,1.202181800952390e-01,,solution good enough for the tolerances given,solution good enough for the tolerances given,,1.607592383001718e-11,1.496201371772567e-13,,1.118239064687656e-15,2.534678076719155e-15,7.432300226062597e-16,1.329688289310995e-16,,,2.534678076719155e-15,7.432300226062597e-16,,6.494789151599466e-03,1.493987618699465e+00,1.411318744480836e-02,7.369778458660592e-03,2.319813557512261e+00,1.000000000000000e+00,8.465814051387517e-02,2.407863358928397e-03,9.975921366410716e-01,9.878668366605184e-01,9.585963955022546e-01,9.058690469979781e-01,8.741701820136968e-01,8.264693357805514e-01,8.134889845451519e-01,7.768865174398744e-01,7.395692529749135e-01,6.684137389628327e-01,3.377134517150336e-19,4.702054344971477e-20,2.383238442375724e-20,2.909382260015489e-20,5.137386483864427e-20,1.000000000000001e+00,4.747058855159228e-19,6.336582456092620e-21,3.690348556353607e-22,2.239412456954823e-22,false
2,3.162000000000000e+01,0,4,CONTINUE,4.547171675776219e-01,1.788410843962970e-02,1.000000000000000e-09,3.206083525870934e-03,1.434689655107994e-13,2.015782964274867e-01,4.048049805575710e+01,9.900000000000000e-01,,,3.237454056788814e+01,2.926150442645739e+00,1.239209914423620e+01,1.807364518047344e-05,2.319813557512263e+00,REACHED_FORCE,REACHED_FORCE,,2,0,0,2,0,0,,,,2.770216050314121e-15,NaN,2.199162902257414e-15,NaN,,,4.364074056158075e-02,4.313801784822840e-02,,solution good enough for the tolerances given,solution good enough for the tolerances given,,1.629294944305555e-12,1.505781508578598e-14,,2.770216050314121e-15,2.601346937744364e-16,2.199162902257414e-15,1.349726346206781e-17,,,2.770216050314121e-15,2.199162902257414e-15,,3.773690176161056e-03,1.439924663559411e+00,1.411318744480836e-02,7.369778458660592e-03,2.319813557512261e+00,1.000000000000000e+00,2.123271762815757e-02,7.806441783269058e-04,9.992193558216731e-01,9.955867706033308e-01,9.854009358603425e-01,9.650652958640787e-01,9.489777626481165e-01,9.377318065838044e-01,9.295586085842165e-01,9.098309172212363e-01,8.960879091917562e-01,8.643866580067976e-01,2.667558082253614e-19,3.486153975827926e-20,1.894736185632075e-20,4.160935021116239e-20,7.535432503681295e-20,1.000000000000000e+00,1.969080586389770e-19,2.230605104238115e-21,1.400257426350285e-22,3.041139846721708e-22,false
2,1.000000000000000e+02,0,4,CONTINUE,4.547171675776219e-01,1.788410843962956e-02,1.000000000000000e-09,3.206083525870934e-03,1.434689655107994e-13,2.015782131569917e-01,3.997647059373114e+01,9.900000000000000e-01,,,3.237454056946567e+01,2.926150442645945e+00,1.239209914423599e+01,1.807364518047344e-05,2.319813557512263e+00,REACHED_FORCE,REACHED_FORCE,,2,0,0,2,0,0,,,,8.286637718281454e-15,NaN,4.519900423056260e-15,NaN,,,1.441288840638287e-02,1.424685808073602e-02,,solution good enough for the tolerances given,solution good enough for the tolerances given,,1.628035823686224e-13,2.703042305698197e-15,,8.286637718281454e-15,2.603076218546055e-17,4.519900423056260e-15,1.353058102415203e-18,,,8.286637718281454e-15,4.519900423056260e-15,,2.147797110737466e-03,1.422397899552441e+00,1.411318744480836e-02,7.369778458660592e-03,2.319813557512261e+00,1.000000000000000e+00,7.047682106520411e-03,2.500845873996127e-04,9.997499154126004e-01,9.984924951683557e-01,9.951554796693511e-01,9.884475141462121e-01,9.825001954141106e-01,9.794351674278271e-01,9.763880475713700e-01,9.692906703056843e-01,9.643452721268442e-01,9.527361543951599e-01,2.440204132136078e-19,3.014921975909827e-20,1.707352399762533e-20,4.294018570167092e-20,1.072469220233711e-19,1.000000000000000e+00,1.629646589240075e-19,2.031165535098211e-21,1.196808920751941e-22,3.199898070688876e-22,false
2,3.162000000000000e+02,0,4,CONTINUE,4.547171675776219e-01,1.788410843962881e-02,1.000000000000000e-09,3.206083525870934e-03,1.434689655107994e-13,2.015778505266573e-01,3.974806569521967e+01,9.900000000000000e-01,,,3.237454056972501e+01,2.926150442646640e+00,1.239209914423530e+01,1.807364518047344e-05,2.319813557512263e+00,REACHED_FORCE,REACHED_FORCE,,2,0,0,2,0,0,,,,1.450578122487365e-14,NaN,1.560617827702212e-14,NaN,,,4.623162431384302e-03,4.569905572497565e-03,,solution good enough for the tolerances given,solution good enough for the tolerances given,,1.657053427672088e-14,2.311077709399540e-15,,1.450578122487365e-14,2.604093442547050e-18,1.560617827702212e-14,6.510233606367626e-19,,,1.450578122487365e-14,1.560617827702212e-14,,1.212739649187389e-03,1.416811274602632e+00,1.411318744480836e-02,7.369778458660592e-03,2.319813557512261e+00,1.000000000000000e+00,2.377400149371117e-03,7.955868243325614e-05,9.999204413175667e-01,9.994939556937411e-01,9.984230418184610e-01,9.962974100085987e-01,9.943129324346465e-01,9.934035039559983e-01,9.923878829147961e-01,9.900423938888363e-01,9.884057997941026e-01,9.845533404544223e-01,2.409177941745570e-19,2.820237879770066e-20,1.689573080295426e-20,4.354011195287468e-20,1.266970439331156e-19,1.000000000000000e+00,1.548960030215924e-19,1.956644760523049e-21,1.225247459698908e-22,2.769922291452408e-22,false
2,1.000000000000000e+03,0,2,CONTINUE,4.547171675776219e-01,1.786490650075292e-02,1.000000000000000e-09,3.206083525870934e-03,1.434689655107994e-13,2.015438289009072e-01,3.987636885801508e+01,9.900000000000000e-01,,,3.237484333843233e+01,2.920669474321251e+00,1.239752530287745e+01,1.807364518047344e-05,2.319813557512263e+00,REACHED_FORCE,REACHED_FORCE,,1,0,0,1,0,0,,,,1.389585088759105e-07,NaN,1.374192826988511e-07,NaN,,,1.468467754802834e-03,1.452201719518417e-03,,solution good enough for the tolerances given,solution good enough for the tolerances given,,1.468467754802834e-03,1.452201719518417e-03,,1.020928441896445e-13,1.389585088759105e-07,6.759892204692738e-14,1.374192826988511e-07,,,1.389585088759105e-07,1.374192826988511e-07,,6.828325082979197e-04,1.415039738888483e+00,1.411318744480836e-02,7.369778458660592e-03,2.319813557512261e+00,1.000000000000000e+00,8.268597971602717e-04,2.507688016128995e-05,9.999749231198387e-01,9.998240946494288e-01,9.994816644333024e-01,9.988210593517101e-01,9.981652720131621e-01,9.979047368810701e-01,9.975671029017568e-01,9.968230310610176e-01,9.962697431908829e-01,9.950627969984253e-01,2.205217904442358e-19,2.121594588772535e-20,1.447336843848085e-20,4.102483225334360e-20,1.423161192410709e-19,1.000000000000000e+00,1.291604312689569e-19,1.962939134289648e-21,3.945610505984427e-22,2.121602315446427e-23,true
2,3.162000000000000e+03,0,2,CONTINUE,4.547171675776219e-01,1.787803136529225e-02,1.000000000000000e-09,3.206083525870934e-03,1.434689655107994e-13,2.015787960447423e-01,3.760520860020424e+01,9.900000000000000e-01,,,3.237463638190500e+01,2.924414998579964e+00,1.239381723386132e+01,1.807364518047344e-05,2.319813557512263e+00,REACHED_FORCE,REACHED_FORCE,,1,0,0,1,0,0,,,,4.400944650779119e-08,NaN,4.350865087263019e-08,NaN,,,4.650773358626029e-04,4.597850925308073e-04,,solution good enough for the tolerances given,solution good enough for the tolerances given,,4.650773358626029e-04,4.597850925308073e-04,,1.863650004420753e-13,4.400944650779119e-08,1.920071780969804e-13,4.350865087263019e-08,,,4.400944650779119e-08,4.350865087263019e-08,,3.841609287746605e-04,1.414479163138354e+00,1.411318744480836e-02,7.369778458660592e-03,2.319813557512261e+00,1.000000000000000e+00,2.283527492898173e-04,8.409815730137105e-06,9.999915901842699e-01,9.999520312007528e-01,9.998359774465226e-01,9.996298930191235e-01,9.994257411582869e-01,9.993364107682311e-01,9.992233315269968e-01,9.990071762107197e-01,9.988179928719065e-01,9.984335647060286e-01,2.904058085921029e-19,9.817877779679224e-20,3.185281888821794e-20,9.019406028711913e-20,2.544811021269510e-19,1.000000000000000e+00,1.914118603411631e-19,5.242411237174123e-21,4.864718420024833e-22,3.103836492072987e-21,false
2,1.000000000000000e+04,0,2,CONTINUE,4.547171675776219e-01,1.788218643318942e-02,1.000000000000000e-09,3.206083525870934e-03,1.434689655107994e-13,2.015787994906090e-01,2.783095870062584e+01,9.900000000000000e-01,,,3.237457118466398e+01,2.925601489205762e+00,1.239264260814178e+01,1.807364518047344e-05,2.319813557512263e+00,REACHED_FORCE,REACHED_FORCE,,1,0,0,1,0,0,,,,1.392210431212715e-08,NaN,1.376234563069260e-08,NaN,,,1.471242130243466e-04,1.454359358962298e-04,,solution good enough for the tolerances given,solution good enough for the tolerances given,,1.471242130243466e-04,1.454359358962298e-04,,1.102731980050308e-12,1.392210431212715e-08,1.075887077590892e-12,1.376234563069260e-08,,,1.392210431212715e-08,1.376234563069260e-08,,2.160484445122604e-04,1.414301817304858e+00,1.411318744480836e-02,7.369778458660592e-03,2.319813557512261e+00,1.000000000000000e+00,1.112093549766819e-04,3.593108012012181e-06,9.999964068919880e-01,9.999844521533845e-01,9.999341875781477e-01,9.998934006737993e-01,9.997900778301454e-01,9.997866876158609e-01,9.997495101004675e-01,9.996836103236256e-01,9.996248843766866e-01,9.995041620623855e-01,9.012613940951620e-19,5.134464329109981e-18,4.438476700327506e-19,5.986554593585248e-19,1.000000000000000e+00,7.085429669991458e-17,3.643688195831617e-18,3.843575357419561e-20,1.558051290993099e-19,1.232647770309649e-19,false
2,3.162000000000000e+04,0,2,CONTINUE,4.547171675776219e-01,1.788350055086844e-02,1.000000000000000e-09,3.206083525870934e-03,1.434689655107994e-13,2.015790274460079e-01,3.445975125732975e+01,9.900000000000000e-01,,,3.237455041900190e+01,2.925976812500985e+00,1.239227103807950e+01,1.807364518047344e-05,2.319813557512263e+00,REACHED_FORCE,REACHED_FORCE,,1,0,0,1,0,0,,,,4.403574599061064e-09,NaN,4.352909133009455e-09,NaN,,,4.653552601350315e-05,4.600011005547163e-05,,solution good enough for the tolerances given,solution good enough for the tolerances given,,4.653552601350315e-05,4.600011005547163e-05,,3.676223551633487e-12,4.403574599061064e-09,3.666472825025357e-12,4.352909133009455e-09,,,4.403574599061064e-09,4.352909133009455e-09,,1.215033514534247e-04,1.414245740479257e+00,1.411318744480836e-02,7.369778458660592e-03,2.319813557512261e+00,1.000000000000000e+00,2.837079059195803e-05,9.177525451820046e-07,9.999990822474548e-01,9.999944708550818e-01,9.999784773301819e-01,9.999658272497999e-01,9.999431983238509e-01,9.999336014215787e-01,9.999173467163803e-01,9.999007108944975e-01,9.998840318118758e-01,9.998431355041181e-01,7.548632291746791e-19,8.095589798478729e-19,1.062394241585355e-18,7.763510198642487e-19,1.409798112582297e-18,1.000000000000000e+00,7.180915827526124e-19,1.089738261508513e-19,3.311330514048107e-21,5.717037499171087e-20,false
2,1.000000000000000e+05,0,2,CONTINUE,4.547171675776219e-01,1.788391622088785e-02,1.000000000000000e-09,3.206083525870934e-03,1.434689655107994e-13,2.015789714697982e-01,3.594742242134571e+01,9.900000000000000e-01,,,3.237454451454510e+01,2.926095538696277e+00,1.239215349914617e+01,1.807364518047344e-05,2.319813557512263e+00,REACHED_FORCE,REACHED_FORCE,,1,0,0,1,0,0,,,,1.392473511095484e-09,NaN,1.376438993461862e-09,NaN,,,1.471520144411480e-05,1.454575394284798e-05,,solution good enough for the tolerances given,solution good enough for the tolerances given,,1.471520144411480e-05,1.454575394284798e-05,,1.075122746327936e-11,1.392473511095484e-09,1.041095921796328e-11,1.376438993461862e-09,,,1.392473511095484e-09,1.376438993461862e-09,,6.832425235694696e-05,1.414228003969532e+00,1.411318744480836e-02,7.369778458660592e-03,2.319813557512261e+00,1.000000000000000e+00,8.562062700851840e-06,2.781839849586021e-07,9.999997218160150e-01,9.999982673908885e-01,9.999938808407757e-01,9.999894027968994e-01,9.999824405714509e-01,9.999790038162050e-01,9.999746300555982e-01,9.999695211563002e-01,9.999625082597614e-01,9.999503941117062e-01,7.652033796825391e-18,2.134475028431320e-18,3.305346341572096e-18,3.916968183051772e-18,6.721286072089562e-18,1.000000000000000e+00,3.687627781818365e-18,4.545224666020089e-19,9.021278440032862e-20,1.553219208105018e-19,false
2,3.162000000000000e+05,0,2,CONTINUE,4.547171675776219e-01,1.788404764952758e-02,1.000000000000000e-09,3.206083525870934e-03,1.434689655107994e-13,2.015783464640294e-01,2.545457265650261e+01,9.900000000000000e-01,,,3.237454389766115e+01,2.926133078318637e+00,1.239211633492002e+01,1.807364518047344e-05,2.319813557512263e+00,REACHED_FORCE,REACHED_FORCE,,1,0,0,1,0,0,,,,4.403837766628542e-10,NaN,4.353113617575338e-10,NaN,,,4.653830707762210e-06,4.600227098432096e-06,,solution good enough for the tolerances given,solution good enough for the tolerances given,,4.653830707762210e-06,4.600227098432096e-06,,1.151149039475733e-11,4.403837766628542e-10,8.374411727766963e-12,4.353113617575338e-10,,,4.403837766628542e-10,4.353113617575338e-10,,3.842340277502736e-05,1.414222396094347e+00,1.411318744480836e-02,7.369778458660592e-03,2.319813557512261e+00,1.000000000000000e+00,3.754808244505532e-06,1.242430974768283e-07,9.999998757569025e-01,9.999994881839807e-01,9.999979355499776e-01,9.999964724241553e-01,9.999935673863434e-01,9.999933597453451e-01,9.999918876993723e-01,9.999898682703715e-01,9.999881338559945e-01,9.999843112825174e-01,5.739323567517720e-17,2.348182420768859e-16,2.369189342478284e-17,5.131416355185847e-17,2.076239184255687e-15,9.999999999999976e-01,1.396069147409952e-16,5.445303704356296e-18,8.104409469224583e-18,7.029978681988075e-18,false
2,1.000000000000000e+06,0,2,CONTINUE,4.547171675776219e-01,1.788408921610070e-02,1.000000000000000e-09,3.206083525870934e-03,1.434689655107994e-13,2.014475292228601e-01,3.457392042668440e+01,9.900000000000000e-01,,,3.237454845180510e+01,2.926144953459665e+00,1.239210457853042e+01,1.807364518047344e-05,2.319813557512263e+00,REACHED_FORCE,REACHED_FORCE,,1,0,0,1,0,0,,,,1.762918949544789e-10,NaN,1.425071310780802e-10,NaN,,,1.471547952048946e-06,1.454597001410723e-06,,solution good enough for the tolerances given,solution good enough for the tolerances given,,1.471547952048946e-06,1.454597001410723e-06,,1.762918949544789e-10,1.392499824808698e-10,1.425071310780802e-10,1.376459440071172e-10,,,1.762918949544789e-10,1.425071310780802e-10,,2.160614439061229e-05,1.414220622424108e+00,1.411318744480836e-02,7.369778458660592e-03,2.319813557512261e+00,1.000000000000000e+00,9.574217875136798e-07,2.892353423433747e-08,9.999999710764658e-01,9.999997928325780e-01,9.999993280636618e-01,9.999989013916832e-01,9.999982519156466e-01,9.999979003419420e-01,9.999972928304742e-01,9.999968507690707e-01,9.999962555967434e-01,9.999950359528369e-01,1.305143192838203e-15,8.441865450803105e-16,1.516230236195441e-15,1.563446718596242e-15,2.173156475232555e-15,9.999999999999916e-01,8.053334372311483e-16,1.292365680358856e-16,2.117187278919524e-17,3.332418020655349e-19,false
2,3.162000000000000e+06,0,2,CONTINUE,4.547171675776219e-01,1.788410235939586e-02,1.000000000000000e-09,3.206083525870934e-03,1.434689655107994e-13,2.015789821423476e-01,3.440624116201318e+01,9.900000000000000e-01,,,3.237461485566037e+01,2.926148707768923e+00,1.239210086176432e+01,1.807364518047344e-05,2.319813557512263e+00,REACHED_FORCE,REACHED_FORCE,,1,0,0,1,0,0,,,,3.595946469651349e-10,NaN,2.675994544686335e-10,NaN,,,4.653858523736385e-07,4.600248711459614e-07,,solution good enough for the tolerances given,solution good enough for the tolerances given,,4.653858523736385e-07,4.600248711459614e-07,,3.595946469651349e-10,4.403864091571909e-11,2.675994544686335e-10,4.353134072729330e-11,,,3.595946469651349e-10,2.675994544686335e-10,,1.215058126855835e-05,1.414220061634663e+00,1.411318744480836e-02,7.369778458660592e-03,2.319813557512261e+00,1.000000000000000e+00,2.902457386718077e-07,9.191807093245075e-09,9.999999908081929e-01,9.999999523744906e-01,9.999997992784230e-01,9.999996557790177e-01,9.999993359705660e-01,9.999993342240852e-01,9.999991927757305e-01,9.999989860566613e-01,9.999988148222158e-01,9.999984311110467e-01,2.253720567378060e-14,4.049068819427663e-14,8.707576140123188e-15,8.631464850614702e-15,9.999999999417506e-01,5.814136905623187e-11,2.558711268492028e-14,1.167991938769842e-15,7.067590885575945e-16,2.784741958073618e-16,false
2,1.000000000000000e+07,0,2,CONTINUE,4.547171675776219e-01,1.788410651681497e-02,1.000000000000000e-09,3.206083525870934e-03,1.434689655107994e-13,2.015794965485151e-01,2.406357242376701e+01,9.900000000000000e-01,,,3.237487436944168e+01,2.926149896192543e+00,1.239209968522820e+01,1.807364518047344e-05,2.319813557512263e+00,REACHED_FORCE,REACHED_FORCE,,1,0,0,1,0,0,,,,5.551855014691448e-10,NaN,3.529589768575782e-10,NaN,,,1.471550736085641e-07,1.454599160109450e-07,,solution good enough for the tolerances given,solution good enough for the tolerances given,,1.471550736085641e-07,1.454599160109450e-07,,5.551855014691448e-10,1.392502462267087e-11,3.529589768575782e-10,1.376461482656966e-11,,,5.551855014691448e-10,3.529589768575782e-10,,6.832446971306661e-06,1.414219884267446e+00,1.411318744480836e-02,7.369778458660592e-03,2.319813557512261e+00,1.000000000000000e+00,1.097487349677164e-07,4.155658928084449e-09,9.999999958443411e-01,9.999999848872273e-01,9.999999329743408e-01,9.999998939851714e-01,9.999997900337992e-01,9.999997760680587e-01,9.999997488863266e-01,9.999996890327989e-01,9.999996247471218e-01,9.999995039180467e-01,3.855847299224099e-13,3.019305801101551e-12,2.355567945166697e-13,2.745418210970845e-13,9.999999999909814e-01,3.027209441190458e-12,1.885907013450745e-12,2.169149058542342e-14,8.421523341113367e-14,8.526937713547947e-14,false
2,3.162000000000000e+07,0,2,CONTINUE,4.547171675776219e-01,1.788410789998999e-02,1.000000000000000e-09,3.206083525870934e-03,1.434689655107994e-13,2.015798208307374e-01,2.524344278186184e+01,9.900000000000000e-01,,,3.237507135681044e+01,2.926150210305673e+00,1.239209937426186e+01,1.807364518047344e-05,2.319813557512263e+00,REACHED_FORCE,REACHED_FORCE,,1,0,0,1,0,0,,,,1.349290729557400e-09,NaN,9.413394935588575e-10,NaN,,,4.653861203821031e-08,4.600250783250177e-08,,solution good enough for the tolerances given,solution good enough for the tolerances given,,4.653861203821031e-08,4.600250783250177e-08,,1.349290729557400e-09,4.403866646838599e-12,9.413394935588575e-10,4.353136058350580e-12,,,1.349290729557400e-09,9.413394935588575e-10,,3.842326722246402e-06,1.414219828188482e+00,1.411318744480836e-02,7.369778458660592e-03,2.319813557512261e+00,1.000000000000000e+00,2.801339176954200e-08,1.252822512398666e-09,9.999999987471775e-01,9.999999951871430e-01,9.999999786887027e-01,9.999999668530808e-01,9.999999341002999e-01,9.999999335970182e-01,9.999999203647996e-01,9.999999003500308e-01,9.999998813580735e-01,9.999998431115359e-01,1.038620422002232e-12,6.544587162448265e-12,1.231955855466685e-12,1.572969983866590e-12,5.105545672727746e-10,9.999999994743236e-01,4.366700436261732e-12,8.846526847870963e-14,1.456564894658335e-13,1.327304512962772e-13,false
2,1.000000000000000e+08,0,2,CONTINUE,4.547171675776219e-01,1.788410805877930e-02,1.000000000000000e-09,3.206083525870934e-03,1.434689655107994e-13,2.015089604641364e-01,3.771034661750015e+01,9.900000000000000e-01,,,3.237583938936550e+01,2.926150563451111e+00,1.239209902467189e+01,1.807364518047344e-05,2.319813557512263e+00,REACHED_FORCE,REACHED_FORCE,,1,0,0,1,0,0,,,,1.784603848772763e-08,NaN,1.432923500904015e-08,NaN,,,1.471551121213054e-08,1.454599442257779e-08,,solution good enough for the tolerances given,solution good enough for the tolerances given,,1.471551121213054e-08,1.454599442257779e-08,,1.784603848772763e-08,1.392502836605520e-12,1.432923500904015e-08,1.376461783755270e-12,,,1.784603848772763e-08,1.432923500904015e-08,,2.160582361603628e-06,1.414219810451759e+00,1.411318744480836e-02,7.369778458660592e-03,2.319813557512261e+00,1.000000000000000e+00,1.021818893411426e-08,2.651792119223728e-10,9.999999997348208e-01,9.999999982378682e-01,9.999999932594485e-01,9.999999887428010e-01,9.999999794757924e-01,9.999999790033766e-01,9.999999728107074e-01,9.999999673129287e-01,9.999999628423598e-01,9.999999503744177e-01,1.704909389873196e-11,3.398722959747126e-12,3.131125992505066e-12,3.061795837137579e-12,4.367108276428987e-10,9.999999995298843e-01,5.771502982763444e-12,8.796039458136989e-13,1.109881797944889e-13,2.044508787602614e-15,false
2,3.162000000000000e+08,0,2,CONTINUE,4.547171675776219e-01,1.788410811030168e-02,1.000000000000000e-09,3.206083525870934e-03,1.434689655107994e-13,2.015869144794963e-01,3.257653150896758e+01,9.900000000000000e-01,,,3.238411906081273e+01,2.926150642624570e+00,1.239209894764392e+01,1.807364518047344e-05,2.319813557512263e+00,REACHED_FORCE,REACHED_FORCE,,1,0,0,1,0,0,,,,3.666220857171319e-08,NaN,2.565819913876092e-08,NaN,,,4.653861820207094e-09,4.600251537349860e-09,,solution good enough for the tolerances given,solution good enough for the tolerances given,,4.653861820207094e-09,4.600251537349860e-09,,3.666220857171319e-08,4.403867053728200e-13,2.565819913876092e-08,4.353136872129781e-13,,,3.666220857171319e-08,2.565819913876092e-08,,1.215100704618569e-06,1.414219804843862e+00,1.411318744480836e-02,7.369778458660592e-03,2.319813557512261e+00,1.000000000000000e+00,3.354966338591545e-09,9.708078785308771e-11,9.999999999029192e-01,9.999999995314908e-01,9.999999979122947e-01,9.999999966889133e-01,9.999999933597030e-01,9.999999930599364e-01,9.999999920220872e-01,9.999999902594654e-01,9.999999881350266e-01,9.999999843117034e-01,3.064381829975467e-10,1.041919643924372e-09,1.425152316769073e-10,1.514048492447462e-10,9.999999945298075e-01,3.142459381014960e-09,6.468324258669393e-10,1.791799211287652e-11,9.431077992550534e-12,1.127477783966392e-11,false
2,1.000000000000000e+09,0,2,CONTINUE,4.547171675776219e-01,1.788410984061223e-02,1.000000000000000e-09,3.206083525870934e-03,1.434689655107994e-13,2.015975882877389e-01,3.356962087133984e+01,9.900000000000000e-01,,,3.239188209252897e+01,2.926149339335426e+00,1.239210024159946e+01,1.807364518047344e-05,2.319813557512263e+00,REACHED_FORCE,REACHED_FORCE,,1,0,0,1,0,0,,,,1.932753883720590e-07,NaN,1.189214038125391e-07,NaN,,,1.471550685149323e-09,1.454598657491894e-09,,solution good enough for the tolerances given,solution good enough for the tolerances given,,1.471550685149323e-09,1.454598657491894e-09,,1.932753883720590e-07,1.392503162117200e-13,1.189214038125391e-07,1.376461946511110e-13,,,1.932753883720590e-07,1.189214038125391e-07,,6.830120029527751e-07,1.414219803070190e+00,1.411318744480836e-02,7.369778458660592e-03,2.319813557512261e+00,1.000000000000000e+00,1.203947228838561e-09,2.978883806292743e-11,9.999999999702112e-01,9.999999998509317e-01,9.999999993134454e-01,9.999999988844530e-01,9.999999979652110e-01,9.999999979003402e-01,9.999999974343738e-01,9.999999968451079e-01,9.999999962481332e-01,9.999999950396232e-01,1.357306671784892e-09,2.763629639050872e-09,4.934456262250917e-10,6.490846898888231e-10,2.469950527598495e-08,9.999999678675264e-01,1.791309825836524e-09,6.110242167096191e-11,1.368446120690618e-10,1.802448685072606e-10,false
2,3.162000000000000e+09,0,2,CONTINUE,4.547171675776219e-01,1.788410666709853e-02,1.000000000000000e-09,3.206083525870934e-03,1.434689655107994e-13,2.017890567986481e-01,2.269022808592254e+01,9.900000000000000e-01,,,3.246693623442962e+01,2.926151525847397e+00,1.239209841901348e+01,1.807364518047344e-05,2.319813557512263e+00,REACHED_FORCE,REACHED_FORCE,,1,0,0,1,0,0,,,,5.106405462580338e-07,NaN,3.035166564908329e-07,NaN,,,4.653864249098438e-10,4.600252737453491e-10,,solution good enough for the tolerances given,solution good enough for the tolerances given,,4.653864249098438e-10,4.600252737453491e-10,,5.106405462580338e-07,4.403871936403404e-14,3.035166564908329e-07,4.353149078817792e-14,,,5.106405462580338e-07,3.035166564908329e-07,,3.839735766597139e-07,1.414219802509400e+00,1.411318744480836e-02,7.369778458660592e-03,2.319813557512261e+00,1.000000000000000e+00,3.114600453441715e-10,1.393796189574914e-11,9.999999999860620e-01,9.999999999523634e-01,9.999999997916680e-01,9.999999996648175e-01,9.999999993388589e-01,9.999999993359712e-01,9.999999992113957e-01,9.999999990231350e-01,9.999999988140060e-01,9.999999984327419e-01,4.070656833045693e-08,3.163000885737602e-07,2.526611418481646e-08,2.779507401403721e-08,3.698587510106203e-05,9.999623547048829e-01,2.292243932858220e-07,3.014452858825992e-09,8.149434180493248e-09,8.963890770185863e-09,false
2,1.000000000000000e+10,0,2,CONTINUE,4.547171675776219e-01,1.788411948621845e-02,1.000000000000000e-09,3.206083525870934e-03,1.434689655107994e-13,2.019256209693188e-01,2.056813859768268e+01,9.900000000000000e-01,,,3.248535224013077e+01,2.926139229376449e+00,1.239211158863721e+01,1.807364518047344e-05,2.319813557512263e+00,REACHED_FORCE,REACHED_FORCE,,1,0,0,1,0,0,,,,1.184022137259982e-06,NaN,5.202702170815616e-07,NaN,,,1.471549849881066e-10,1.454590214287947e-10,,solution good enough for the tolerances given,solution good enough for the tolerances given,,1.471549849881066e-10,1.454590214287947e-10,,1.184022137259982e-06,1.392506417234003e-14,5.202702170815616e-07,1.376466829186315e-14,,,1.184022137259982e-06,5.202702170815616e-07,,2.160375525893215e-07,1.414219802332033e+00,1.411318744480836e-02,7.369778458660592e-03,2.319813557512261e+00,1.000000000000000e+00,1.258595083590293e-10,4.861888669438486e-12,9.999999999951381e-01,9.999999999842075e-01,9.999999999344149e-01,9.999999998909481e-01,9.999999997900342e-01,9.999999997743605e-01,9.999999997412610e-01,9.999999996793187e-01,9.999999996252023e-01,9.999999995047681e-01,1.767431324857776e-07,9.634776557366331e-07,7.178970199739282e-08,1.322470453985963e-07,9.999965334007107e-01,1.670570867938063e-06,3.652802926889220e-07,2.152015080756755e-08,3.129374814252023e-08,3.367669446536846e-08,false
2,3.162000000000000e+10,0,2,CONTINUE,4.547171675776219e-01,1.788403024398991e-02,1.000000000000000e-09,3.206083525870934e-03,1.434689655107994e-13,2.011817468726948e-01,3.120701812444899e+01,9.900000000000000e-01,,,3.243852076058048e+01,2.926229659775335e+00,1.239202392507343e+01,1.807364518047344e-05,2.319813557512263e+00,REACHED_FORCE,REACHED_FORCE,,1,0,0,1,0,0,,,,5.292636435801617e-06,NaN,5.353044697812128e-06,NaN,,,4.653961964153299e-11,4.600405725821051e-11,,solution good enough for the tolerances given,solution good enough for the tolerances given,,4.653961964153299e-11,4.600405725821051e-11,,5.292636435801617e-06,4.404010278867540e-15,5.353044697812128e-06,4.353311834657952e-15,,,5.292636435801617e-06,5.353044697812128e-06,,1.224783799716621e-07,1.414219802275954e+00,1.411318744480836e-02,7.369778458660592e-03,2.319813557512261e+00,1.000000000000000e+00,2.462628100962662e-11,1.013411576877843e-12,9.999999999989866e-01,9.999999999932683e-01,9.999999999797127e-01,9.999999999657017e-01,9.999999999462825e-01,9.999999999335973e-01,9.999999999202389e-01,9.999999999031126e-01,9.999999998811737e-01,9.999999998428011e-01,5.149497310197935e-07,7.346404361387099e-07,6.703590742952839e-07,6.946183109995113e-07,1.087772647289777e-06,9.999957338832626e-01,4.575280035596337e-07,3.198052296293614e-08,5.650379586710760e-08,1.776421536301733e-08,false
2,1.000000000000000e+11,0,2,CONTINUE,4.547171675776219e-01,1.788417623081193e-02,1.000000000000000e-09,3.206083525870934e-03,1.434689655107994e-13,1.987984350357752e-01,-9.999999999998086e-01,9.900000000000000e-01,,,3.285359603136032e+01,2.926163372217209e+00,1.239215931638991e+01,1.807364518047344e-05,2.319813557512263e+00,REACHED_FORCE,REACHED_FORCE,,1,0,0,1,0,0,,,,9.685013695614336e-06,NaN,9.820468678994741e-06,NaN,,,1.471628103034668e-11,1.454584545760529e-11,,solution good enough for the tolerances given,solution good enough for the tolerances given,,1.471628103034668e-11,1.454584545760529e-11,,9.685013695614336e-06,1.392538968402035e-15,9.820468678994741e-06,1.376588896066434e-15,,,9.685013695614336e-06,9.820468678994741e-06,,6.464022314297848e-08,1.414219802258217e+00,1.411318744480836e-02,7.369778458660592e-03,2.319813557512261e+00,1.000000000000000e+00,1.343401743832494e-11,1.914024494453770e-13,9.999999999998086e-01,9.999999999981830e-01,9.999999999926303e-01,9.999999999884066e-01,9.999999999790035e-01,9.999999999773628e-01,9.999999999734832e-01,9.999999999674574e-01,9.999999999621911e-01,9.999999999496978e-01,1.906287538560428e-05,3.829533797515397e-05,1.270399583048995e-05,9.367519835468356e-06,9.997902744482257e-01,1.087611210394800e-04,1.788518064241725e-05,8.068881278245489e-07,1.317920378498706e-06,1.524712560929319e-06,false
2,3.162000000000000e+11,0,2,CONTINUE,4.547171675776219e-01,1.833244217559248e-02,1.000000000000000e-09,3.206083525870934e-03,1.434689655107994e-13,2.110525757101508e-01,-1.000000000000170e+00,9.889200279510443e-01,,,3.796977511264205e+01,2.927558358689531e+00,1.239544214682168e+01,1.807364518047344e-05,2.319813557512263e+00,REACHED_FORCE,REACHED_FORCE,,1,0,0,1,0,0,,,,2.626868030065722e-05,NaN,1.298323575318377e-05,NaN,,,4.661867945252249e-12,4.600676828596503e-12,,solution good enough for the tolerances given,solution good enough for the tolerances given,,4.661867945252249e-12,4.600676828596503e-12,,2.626868030065722e-05,4.404173034707699e-16,1.298323575318377e-05,4.353718724258350e-16,,,2.626868030065722e-05,1.298323575318377e-05,,3.521027325809602e-08,1.414219802252609e+00,1.411318744480836e-02,7.369778458660592e-03,2.319813557512261e+00,1.000000000000000e+00,2.620144306969144e-12,-1.696420781627239e-13,1.000000000000170e+00,9.999999999998663e-01,9.999999999985547e-01,9.999999999969145e-01,9.999999999950415e-01,9.999999999933600e-01,9.999999999925404e-01,9.999999999908347e-01,9.999999999884712e-01,9.999999999850153e-01,1.427372655200271e-03,5.124375623988101e-04,5.424553251006370e-05,6.429439284530600e-05,7.713131970521536e-05,9.968682517747985e-01,9.477014616294744e-04,1.088649856880540e-05,2.026337826414211e-05,1.741542407919059e-05,false
2,1.000000000000000e+12,1,6,CONTINUE,4.547171675776219e-01,3.052862795011900e-01,1.000000000000000e-09,3.206083525870934e-03,1.434689655107994e-13,2.027099693474225e-07,6.320132830360072e-04,9.900000000000000e-01,,,9.863514895587523e+00,7.797514950699155e+00,1.827858719167481e+01,1.807364518047344e-05,2.319813557512263e+00,REFINE_STALLED,REFINE_STALLED,,1,2,2,1,2,2,,,,2.169394883917993e+02,5.580750214488094e-02,2.169394763156598e+02,3.932164705146888e-02,,,2.460433738478984e-08,2.460076689453041e-08,,solution good enough for the tolerances given,solution good enough for the tolerances given,,2.460433738478984e-08,2.460076689453041e-08,,2.169394883917993e+02,9.226323899691739e-12,2.169394763156598e+02,9.226296556710593e-12,,,5.567834431275956e-02,3.923064281847800e-02,,3.166822933651726e-05,1.414219802604388e+00,1.411318744480836e-02,7.369778458660592e-03,2.319813557512261e+00,1.000000000000000e+00,4.114649794901554e-07,1.582245223730183e-09,9.999999984177548e-01,9.999997532530872e-01,9.999994186943478e-01,9.999989426343283e-01,9.999983363128674e-01,9.999981261489078e-01,9.999973114774379e-01,9.999966750772273e-01,9.999950732984869e-01,9.999950668678502e-01,1.786743282635660e-01,1.499764586215699e-02,3.494962482586114e-02,8.572016232085283e-02,1.347946002450678e-01,1.098516324751516e-01,3.983655499448622e-02,2.594716116291664e-01,8.155852189680075e-02,6.014531748689014e-02,false
2,3.162000000000000e+12,1,6,CONTINUE,4.547171675776219e-01,3.063040170831953e-01,1.000000000000000e-09,3.206083525870934e-03,1.434689655107994e-13,6.411128622040884e-08,2.000079067103097e-04,9.900000000000000e-01,,,9.863418368684627e+00,7.730080506310685e+00,1.829978003122094e+01,1.807364518047344e-05,2.319813557512263e+00,REFINE_STALLED,REFINE_STALLED,,1,2,2,1,2,2,,,,6.859626938418254e+02,5.598454408009055e-02,6.859624154974209e+02,3.922182575034042e-02,,,2.460126391039597e-08,2.460017035688003e-08,,solution good enough for the tolerances given,solution good enough for the tolerances given,,2.460126391039597e-08,2.460017035688003e-08,,6.859626938418254e+02,9.226305671037641e-12,6.859624154974209e+02,9.226293952617151e-12,,,5.594349916938851e-02,3.919306921291227e-02,,3.164316342655936e-05,1.414219802603827e+00,1.411318744480836e-02,7.369778458660592e-03,2.319813557512261e+00,1.000000000000000e+00,4.119549789966698e-07,1.581215158807936e-09,9.999999984187848e-01,9.999997533122892e-01,9.999994188730901e-01,9.999989429419722e-01,9.999983364628524e-01,9.999981267244837e-01,9.999973121289387e-01,9.999966752578456e-01,9.999950735398656e-01,9.999950671091931e-01,1.787410006436113e-01,1.498999972036051e-02,3.492439005403627e-02,8.567997614667978e-02,1.346651578842736e-01,1.099512274902813e-01,3.982643843396243e-02,2.595000289694498e-01,8.157093612097110e-02,6.015084453637371e-02,false
2,1.000000000000000e+13,1,6,CONTINUE,4.547171675776219e-01,3.066254518958494e-01,1.000000000000000e-09,3.206083525870934e-03,1.434689655107994e-13,2.027230258808325e-08,6.325557552874238e-05,9.900000000000000e-01,,,9.863408766512105e+00,7.561603052869933e+00,1.824638423333616e+01,1.807364518047344e-05,2.319813557512263e+00,REFINE_STALLED,REFINE_STALLED,,1,2,2,1,2,2,,,,2.169394903006323e+03,5.604071979124937e-02,2.169394835403365e+03,3.918930556621523e-02,,,2.460028992295373e-08,2.459998160459525e-08,,solution good enough for the tolerances given,solution good enough for the tolerances given,,2.460028992295373e-08,2.459998160459525e-08,,2.169394903006323e+03,9.226299160804035e-12,2.169394835403365e+03,9.226296556710593e-12,,,5.602771076251834e-02,3.918020464252554e-02,,3.163523141094662e-05,1.414219802603649e+00,1.411318744480836e-02,7.369778458660592e-03,2.319813557512261e+00,1.000000000000000e+00,4.121111608853713e-07,1.580888309149486e-09,9.999999984191117e-01,9.999997533310100e-01,9.999994189296766e-01,9.999989430394325e-01,9.999983365103463e-01,9.999981269067075e-01,9.999973123351700e-01,9.999966753150309e-01,9.999950736162759e-01,9.999950671855709e-01,1.787620956639389e-01,1.498758131709268e-02,3.491639793750005e-02,8.566724476261280e-02,1.346240849224786e-01,1.099828554994355e-01,3.982323338785548e-02,2.595090426855949e-01,8.157478897957889e-02,6.015267484391264e-02,false
2,3.162000000000000e+13,1,6,CONTINUE,4.547171675776219e-01,3.067280029064423e-01,1.000000000000000e-09,3.206083525870934e-03,1.434689655107994e-13,6.411259196042216e-09,2.000624373192906e-05,9.900000000000000e-01,,,9.863407808216587e+00,7.208038530639361e+00,1.811044239554632e+01,1.807364518047344e-05,2.319813557512263e+00,REFINE_STALLED,REFINE_STALLED,,1,2,2,1,2,2,,,,6.859626974823557e+03,5.605851505199999e-02,6.859625556559765e+03,3.917875978905666e-02,,,2.459998271541863e-08,2.459992194410062e-08,,solution good enough for the tolerances given,solution good enough for the tolerances given,,2.459998271541863e-08,2.459992194410062e-08,,6.859626974823557e+03,9.226297858757315e-12,6.859625556559765e+03,9.226295254663871e-12,,,5.605436384548349e-02,3.917584682420756e-02,,3.163272309744349e-05,1.414219802603593e+00,1.411318744480836e-02,7.369778458660592e-03,2.319813557512261e+00,1.000000000000000e+00,4.121609497431092e-07,1.580784170229776e-09,9.999999984192158e-01,9.999997533369039e-01,9.999994189475248e-01,9.999989430702007e-01,9.999983365252670e-01,9.999981269641771e-01,9.999973124002363e-01,9.999966753330751e-01,9.999950736403734e-01,9.999950672096576e-01,1.787687363947766e-01,1.498681931169967e-02,3.491387489681328e-02,8.566322776990268e-02,1.346111694567696e-01,1.099927928647552e-01,3.982222625425987e-02,2.595118844809253e-01,8.157632015455953e-02,6.015294841553749e-02,false
2,1.000000000000000e+14,1,6,CONTINUE,4.547171675776219e-01,3.067635947284532e-01,1.000000000000000e-09,3.206083525870934e-03,1.434689655107994e-13,2.027243304435604e-09,6.326097782650870e-06,9.900000000000000e-01,,,9.863407712426817e+00,7.957836476997485e+00,1.841654039754097e+01,1.807364518047344e-05,2.319813557512263e+00,REFINE_STALLED,REFINE_STALLED,,1,2,2,1,2,2,,,,2.169394800708429e+04,5.606419530699407e-02,2.169394842308358e+04,3.917490519009358e-02,,,2.459988620266109e-08,2.459990454129770e-08,,solution good enough for the tolerances given,solution good enough for the tolerances given,,2.459988620266109e-08,2.459990454129770e-08,,2.169394800708429e+04,9.226296556710593e-12,2.169394842308358e+04,9.226296556710593e-12,,,5.606277158347253e-02,3.917387323273760e-02,,3.163192972410126e-05,1.414219802603575e+00,1.411318744480836e-02,7.369778458660592e-03,2.319813557512261e+00,1.000000000000000e+00,4.121763912760629e-07,1.580753306029692e-09,9.999999984192467e-01,9.999997533387571e-01,9.999994189531096e-01,9.999989430798152e-01,9.999983365300426e-01,9.999981269823537e-01,9.999973124209184e-01,9.999966753387641e-01,9.999950736480333e-01,9.999950672173141e-01,1.787708439640002e-01,1.498658015537017e-02,3.491308727658236e-02,8.566197167664710e-02,1.346070099096967e-01,1.099960129517574e-01,3.982190003033354e-02,2.595127720548069e-01,8.157666225252995e-02,6.015315972827514e-02,false
2,3.162000000000000e+14,1,6,CONTINUE,4.547171675776219e-01,3.067848575519353e-01,1.000000000000000e-09,3.206083525870934e-03,1.434689655107994e-13,6.411272244730590e-10,2.000676362761944e-06,9.900000000000000e-01,,,9.863407702852006e+00,1.943349930764320e+01,2.544004830157793e+01,1.807364518047344e-05,2.319813557512263e+00,REFINE_STALLED,REFINE_STALLED,,1,2,2,1,2,2,,,,6.859626428621401e+04,5.606615122341206e-02,6.859625562949298e+04,3.917274664122020e-02,,,2.459985580554558e-08,2.459989841622579e-08,,solution good enough for the tolerances given,solution good enough for the tolerances given,,2.459985580554558e-08,2.459989841622579e-08,,6.859626428621401e+04,9.226296556710593e-12,6.859625562949298e+04,9.226295254663871e-12,,,5.606535022734149e-02,3.917206958096627e-02,,3.163167887911899e-05,1.414219802603570e+00,1.411318744480836e-02,7.369778458660592e-03,2.319813557512261e+00,1.000000000000000e+00,4.121815730188810e-07,1.580743091977865e-09,9.999999984192569e-01,9.999997533393415e-01,9.999994189548895e-01,9.999989430829058e-01,9.999983365314952e-01,9.999981269880642e-01,9.999973124273797e-01,9.999966753405578e-01,9.999950736504274e-01,9.999950672196971e-01,1.787715444085180e-01,1.498650237362322e-02,3.491283164197512e-02,8.566155977143398e-02,1.346057561075706e-01,1.099969588709245e-01,3.982179842228587e-02,2.595130513098177e-01,8.157655659987038e-02,6.015344049397980e-02,false
2,1.000000000000000e+15,1,6,CONTINUE,4.547171675776219e-01,3.068232486276286e-01,1.000000000000000e-09,3.206083525870934e-03,1.434689655107994e-13,2.027244606096531e-10,6.326155542938848e-07,9.900000000000000e-01,,,9.863407701893905e+00,6.446878691769939e+01,6.595719560271910e+01,1.807364518047344e-05,2.319813557512263e+00,REFINE_STALLED,REFINE_STALLED,,1,2,2,1,2,2,,,,2.169394839008707e+05,5.606727564055024e-02,2.169394549478187e+05,3.918443104937872e-02,,,2.459984469681013e-08,2.459989517582131e-08,,solution good enough for the tolerances given,solution good enough for the tolerances given,,2.459984469681013e-08,2.459989517582131e-08,,2.169394839008707e+05,9.226296556710593e-12,2.169394549478187e+05,9.226295254663871e-12,,,5.606591316656393e-02,3.918310774345183e-02,,3.163159953903288e-05,1.414219802603568e+00,1.411318744480836e-02,7.369778458660592e-03,2.319813557512261e+00,1.000000000000000e+00,4.121845085247170e-07,1.580738873130372e-09,9.999999984192611e-01,9.999997533394974e-01,9.999994189554493e-01,9.999989430839326e-01,9.999983365318225e-01,9.999981269898706e-01,9.999973124295735e-01,9.999966753412002e-01,9.999950736512676e-01,9.999950672204814e-01,1.787717133280692e-01,1.498648184487297e-02,3.491275051214447e-02,8.566143942151981e-02,1.346055101961503e-01,1.099971096567275e-01,3.982176998362003e-02,2.595131582736743e-01,8.157708437798598e-02,6.015298240523474e-02,false
2,3.162000000000000e+15,1,6,CONTINUE,4.547171675776219e-01,3.069355031808186e-01,1.000000000000000e-09,3.206083525870934e-03,1.434689655107994e-13,6.411273510526030e-11,2.000681983417743e-07,9.900000000000000e-01,,,9.863407701798279e+00,2.096180726458281e+02,2.081861590409443e+02,1.807364518047344e-05,2.319813557512263e+00,REFINE_STALLED,REFINE_STALLED,,1,2,2,1,2,2,,,,6.859626495208088e+05,5.606922995091327e-02,6.859625564105826e+05,4.531243618209520e-02,,,2.459984214703932e-08,2.459989518071701e-08,,solution good enough for the tolerances given,solution good enough for the tolerances given,,2.459984214703932e-08,2.459989518071701e-08,,6.859626495208088e+05,9.226296556710593e-12,6.859625564105826e+05,9.226295254663871e-12,,,5.606529193653705e-02,3.934184603204529e-02,,3.163157445247715e-05,1.414219802603567e+00,1.411318744480836e-02,7.369778458660592e-03,2.319813557512261e+00,1.000000000000000e+00,4.121837087685030e-07,1.580738651085767e-09,9.999999984192613e-01,9.999997533395871e-01,9.999994189556525e-01,9.999989430842237e-01,9.999983365321027e-01,9.999981269904354e-01,9.999973124300193e-01,9.999966753413190e-01,9.999950736514079e-01,9.999950672206710e-01,1.787717735642822e-01,1.498647156503046e-02,3.491272559811662e-02,8.566139383133992e-02,1.346052614877914e-01,1.099973406549160e-01,3.982176310201151e-02,2.595131844090227e-01,8.157674354185374e-02,6.015334224563498e-02,false
2,1.000000000000000e+16,1,8,CONTINUE,4.547171675776219e-01,3.067730862442600e-01,1.000000000000000e-09,3.206083525870934e-03,1.434689655107994e-13,2.027244690416184e-11,6.326158208823759e-08,9.900000000000000e-01,,,9.863407701789020e+00,7.807141348009819e+00,1.835481294223731e+01,1.807364518047344e-05,2.319813557512263e+00,REFINE_STALLED,REFINE_STALLED,,1,3,3,1,3,3,,,,2.169394843771615e+06,1.388995822295685e-01,2.169394844529053e+06,1.389239542972031e-01,,,2.459984224207188e-08,2.459984192276270e-08,,solution good enough for the tolerances given,solution good enough for the tolerances given,,2.459984224207188e-08,2.459984192276270e-08,,2.169394843771615e+06,9.226296556710593e-12,2.169394844529053e+06,9.226296556710593e-12,,,5.606666209299228e-02,3.917424517999758e-02,,3.163156652102199e-05,1.414219802603567e+00,1.411318744480836e-02,7.369778458660592e-03,2.319813557512261e+00,1.000000000000000e+00,4.121834803660471e-07,1.580738206996557e-09,9.999999984192618e-01,9.999997533396018e-01,9.999994189556771e-01,9.999989430842501e-01,9.999983365321482e-01,9.999981269904969e-01,9.999973124300506e-01,9.999966753413245e-01,9.999950736514113e-01,9.999950672206865e-01,1.787717942261046e-01,1.498646985510708e-02,3.491272293510126e-02,8.566138785201162e-02,1.346052160070167e-01,1.099973805965882e-01,3.982176226624291e-02,2.595131815753561e-01,8.157668473863934e-02,6.015339994783278e-02,false
2,3.162000000000000e+16,1,10,CONTINUE,4.547171675776219e-01,3.067731969391588e-01,1.000000000000000e-09,3.206083525870934e-03,1.434689655107994e-13,6.411273569111649e-12,2.000682264451362e-08,9.900000000000000e-01,,,9.863407701787565e+00,7.812228927284060e+00,1.835693996908353e+01,1.807364518047344e-05,2.319813557512263e+00,REFINE_STALLED,REFINE_STALLED,,1,4,4,1,4,4,,,,6.859626496595719e+06,4.347686214320084e-01,6.859626497385431e+06,4.347930840390268e-01,,,2.459984224516383e-08,2.459984227382983e-08,,solution good enough for the tolerances given,solution good enough for the tolerances given,,2.459984224516383e-08,2.459984227382983e-08,,6.859626496595719e+06,9.226296556710593e-12,6.859626497385431e+06,9.226296556710593e-12,,,5.606669345615640e-02,3.917424150126403e-02,,3.163156401373574e-05,1.414219802603567e+00,1.411318744480836e-02,7.369778458660592e-03,2.319813557512261e+00,1.000000000000000e+00,4.121844643777306e-07,1.580738429041162e-09,9.999999984192616e-01,9.999997533395827e-01,9.999994189556709e-01,9.999989430842854e-01,9.999983365320549e-01,9.999981269905101e-01,9.999973124301854e-01,9.999966753413789e-01,9.999950736514837e-01,9.999950672207161e-01,1.787718238714295e-01,1.498647104770852e-02,3.491272037859949e-02,8.566138768986034e-02,1.346053086918557e-01,1.099972729883457e-01,3.982176067924102e-02,2.595131741021818e-01,8.157699711737630e-02,6.015308343340253e-02,false
2,1.000000000000000e+17,1,10,CONTINUE,4.547171675776219e-01,3.067732421435237e-01,1.000000000000000e-09,3.206083525870934e-03,1.434689655107994e-13,2.027244702005573e-12,6.326155542938849e-09,9.900000000000000e-01,,,9.863407701787303e+00,7.817127181188345e+00,1.835898592957241e+01,1.807364518047344e-05,2.319813557512263e+00,REFINE_STALLED,REFINE_STALLED,,1,4,4,1,4,4,,,,2.169394843977596e+07,1.370546938975998e+00,2.169394844034774e+07,1.370571459135469e+00,,,2.459984232687510e-08,2.459984224008571e-08,,solution good enough for the tolerances given,solution good enough for the tolerances given,,2.459984232687510e-08,2.459984224008571e-08,,2.169394843977596e+07,9.226296556710593e-12,2.169394844034774e+07,9.226296556710593e-12,,,5.606670737588862e-02,3.917424055898868e-02,,3.163156322024729e-05,1.414219802603567e+00,1.411318744480836e-02,7.369778458660592e-03,2.319813557512261e+00,1.000000000000000e+00,4.121844612456791e-07,1.580738873130372e-09,9.999999984192611e-01,9.999997533395818e-01,9.999994189556698e-01,9.999989430842847e-01,9.999983365320541e-01,9.999981269905098e-01,9.999973124301832e-01,9.999966753413798e-01,9.999950736514830e-01,9.999950672207147e-01,1.787718289745772e-01,1.498647093930266e-02,3.491272002217809e-02,8.566138725669722e-02,1.346053072530140e-01,1.099972724661742e-01,3.982176061730874e-02,2.595131728793271e-01,8.157703499162444e-02,6.015304459979611e-02,false
2,3.162000000000000e+17,1,10,CONTINUE,4.547171675776219e-01,3.067732340408486e-01,1.000000000000000e-09,3.206083525870934e-03,1.434689655107994e-13,6.411273567668654e-13,2.000682545485059e-09,9.900000000000000e-01,,,9.863407701787269e+00,7.832884067194155e+00,1.836556668541592e+01,1.807364518047344e-05,2.319813557512263e+00,REFINE_STALLED,REFINE_STALLED,,1,4,4,1,4,4,,,,6.859626496693128e+07,4.329237968946265e+00,6.859626496812770e+07,4.329261955080326e+00,,,2.459984245695702e-08,2.459984230419526e-08,,solution good enough for the tolerances given,solution good enough for the tolerances given,,2.459984245695702e-08,2.459984230419526e-08,,6.859626496693128e+07,9.226296556710593e-12,6.859626496812770e+07,9.226296556710593e-12,,,5.606671169165508e-02,3.917424392583013e-02,,3.163156297003278e-05,1.414219802603567e+00,1.411318744480836e-02,7.369778458660592e-03,2.319813557512261e+00,1.000000000000000e+00,4.121844611665278e-07,1.580738206996557e-09,9.999999984192618e-01,9.999997533395820e-01,9.999994189556707e-01,9.999989430842856e-01,9.999983365320545e-01,9.999981269905103e-01,9.999973124301854e-01,9.999966753413789e-01,9.999950736514825e-01,9.999950672207150e-01,1.787718378111972e-01,1.498647094059065e-02,3.491271950516405e-02,8.566138589599695e-02,1.346053055535571e-01,1.099972720438083e-01,3.982175997583745e-02,2.595131701413725e-01,8.157700442828934e-02,6.015307370418716e-02,false
2,1.000000000000000e+18,1,10,CONTINUE,4.547171675776219e-01,3.067731610499332e-01,1.000000000000000e-09,3.206083525870934e-03,1.434689655107994e-13,2.027244702553104e-13,6.326159986081612e-10,9.900000000000000e-01,,,9.863407701787271e+00,7.885351146010998e+00,1.838755602368974e+01,1.807364518047344e-05,2.319813557512263e+00,REFINE_STALLED,REFINE_STALLED,,1,4,4,1,4,4,,,,2.169394843994344e+08,1.368702310286882e+01,2.169394843993554e+08,1.368704610963426e+01,,,2.459984236629251e-08,2.459984235804882e-08,,solution good enough for the tolerances given,solution good enough for the tolerances given,,2.459984236629251e-08,2.459984235804882e-08,,2.169394843994344e+08,9.226296556710593e-12,2.169394843993554e+08,9.226296556710593e-12,,,5.606671310341139e-02,3.917425615990116e-02,,3.163156288948428e-05,1.414219802603567e+00,1.411318744480836e-02,7.369778458660592e-03,2.319813557512261e+00,1.000000000000000e+00,4.121844580493125e-07,1.580737762907347e-09,9.999999984192622e-01,9.999997533395829e-01,9.999994189556700e-01,9.999989430842854e-01,9.999983365320543e-01,9.999981269905101e-01,9.999973124301832e-01,9.999966753413791e-01,9.999950736514830e-01,9.999950672207161e-01,1.787718322050979e-01,1.498647082303222e-02,3.491271962842461e-02,8.566138688223009e-02,1.346053064130239e-01,1.099972723068171e-01,3.982176062866345e-02,2.595131717972071e-01,8.157702952015003e-02,6.015304979535447e-02,false
3,1.000000000000000e+00,0,4,CONTINUE,1.786490650075292e-02,2.510415550882674e-04,1.000000000000000e-09,1.259604574166670e-04,2.341710554268592e-14,6.275988785194286e-02,4.860552987948313e+01,9.900000000000000e-01,,,3.281301752813073e-01,1.232461258649448e+01,1.961588422479109e-01,1.807364518047344e-05,2.000188690891890e+02,REACHED_FORCE,REACHED_FORCE,,2,0,0,2,0,0,,,,3.167583651932428e-13,NaN,8.477509442079542e-13,NaN,,,7.254276182423542e-01,5.533999811479956e-02,,solution good enough for the tolerances given,solution good enough for the tolerances given,,1.758100066410048e-09,2.796555161471365e-09,,8.820334724581646e-18,3.167583651932428e-13,4.410167362290823e-18,8.477509442079542e-13,,,3.167583651932428e-13,8.477509442079542e-13,,1.712450182545210e-02,1.421333482115527e+01,1.396504037428316e-04,7.369778458448985e-05,2.000188690891889e+02,0.000000000000000e+00,5.775552349107772e-01,2.015904280086322e-02,9.798409571991368e-01,9.461153868225776e-01,8.697383286877928e-01,8.093851409958408e-01,5.896820589799525e-01,4.673080060149489e-01,3.214514889122788e-01,2.166681264932670e-01,6.335027660120789e-02,5.905368519204611e-02,3.341230712357001e-21,3.134817609836207e-21,2.553976916025614e-20,1.981486389539625e-21,1.316134112522548e-21,1.256671044361100e-21,5.359480149997445e-22,2.913246454538758e-22,1.000000000000000e+00,1.499560039816591e-21,false
3,3.162000000000000e+00,0,4,CONTINUE,1.786490650075292e-02,2.510415550882725e-04,1.000000000000000e-09,1.259604574166670e-04,2.341710554268592e-14,5.712398509702080e-03,3.189110798088847e+01,9.900000000000000e-01,,,3.281302786708793e-01,1.232461258649448e+01,1.961588422479161e-01,1.807364518047344e-05,2.000188690891890e+02,REACHED_FORCE,REACHED_FORCE,,2,0,0,2,0,0,,,,4.811039702920792e-14,NaN,3.567452140720232e-14,NaN,,,6.380396091157007e-01,4.867351321856294e-02,,solution good enough for the tolerances given,solution good enough for the tolerances given,,2.144209290024137e-10,6.401884775242775e-11,,4.410167362290823e-18,4.811039702920792e-14,4.410167362290823e-18,3.567452140720232e-14,,,4.811039702920792e-14,3.567452140720232e-14,,1.097128692470071e-02,8.078186182388540e+00,1.396504037428316e-04,7.369778458448985e-05,2.000188690891889e+02,0.000000000000000e+00,4.832625560792415e-01,9.819354953441772e-03,9.901806450465582e-01,9.539115097083477e-01,8.601370128723613e-01,7.635432070270721e-01,6.434843005706935e-01,5.119794000495197e-01,3.661675262548202e-01,1.893570436132484e-01,1.761829735078558e-01,1.774213492878910e-02,8.094259902427015e-22,4.323229685517276e-21,2.274433732367596e-22,4.912145726822899e-22,2.371832472480099e-22,2.195965111732912e-22,5.241711478155124e-23,1.457091619271510e-22,9.999999999999998e-01,1.040454088057579e-24,false
3,1.000000000000000e+01,0,4,CONTINUE,1.786490650075292e-02,2.510415550882675e-04,1.000000000000000e-09,1.259604574166670e-04,2.341710554268592e-14,5.063619704061821e-03,1.023268613187900e+01,9.900000000000000e-01,,,3.281302807251155e-01,1.232461258649448e+01,1.961588422479129e-01,1.807364518047344e-05,2.000188690891890e+02,REACHED_FORCE,REACHED_FORCE,,2,0,0,2,0,0,,,,6.593654353324132e-15,NaN,6.527824280302256e-16,NaN,,,4.620109340555441e-01,3.524498320259537e-02,,solution good enough for the tolerances given,solution good enough for the tolerances given,,2.382869625448870e-11,1.474588608230186e-12,,9.715258327017942e-18,6.593654353324132e-15,2.646100417374494e-17,6.527824280302256e-16,,,6.593654353324132e-15,6.527824280302256e-16,,6.901387263112003e-03,4.690618781994009e+00,1.396504037428316e-04,7.369778458448985e-05,2.000188690891889e+02,0.000000000000000e+00,3.512315059290891e-01,9.678025512792288e-03,9.903219744872077e-01,9.738586207394020e-01,8.980579995028812e-01,7.919640545737560e-01,6.849811705874149e-01,5.541334285390066e-01,4.034657590803638e-01,2.557801522298971e-01,1.146227184773578e-01,4.819574766531728e-02,7.433008984220330e-22,3.509397540639761e-22,1.720143393582278e-22,1.133170554468096e-22,3.963266930722115e-23,1.279827289991063e-23,1.000000000000000e+00,7.111769402758386e-25,2.581269010040446e-25,1.592220422232497e-24,false
3,3.162000000000000e+01,0,4,CONTINUE,1.786490650075292e-02,2.510415550882766e-04,1.000000000000000e-09,1.259604574166670e-04,2.341710554268592e-14,4.989188712566717e-03,7.444398302881910e+00,9.900000000000000e-01,,,3.281302807577813e-01,1.232461258649447e+01,1.961588422479196e-01,1.807364518047344e-05,2.000188690891890e+02,REACHED_FORCE,REACHED_FORCE,,2,0,0,2,0,0,,,,7.401853507040820e-16,NaN,2.477685031471887e-17,NaN,,,2.467620939559861e-01,1.882450222589380e-02,,solution good enough for the tolerances given,solution good enough for the tolerances given,,2.555300928975485e-12,4.118782968544686e-14,,2.427648716435398e-17,7.401853507040820e-16,2.477685031471887e-17,1.877514849912563e-17,,,7.401853507040820e-16,2.477685031471887e-17,,4.299251123979725e-03,2.885433257571864e+00,1.396504037428316e-04,7.369778458448985e-05,2.000188690891889e+02,0.000000000000000e+00,2.948978829466297e-01,4.230263848129856e-03,9.957697361518701e-01,9.662194327178809e-01,9.113854925943369e-01,8.262758111238427e-01,6.813884097641771e-01,5.883840986391192e-01,4.163219887337247e-01,2.794204669466090e-01,1.827386132088017e-01,1.362617464517058e-01,3.784843332804251e-22,9.052221032623922e-23,6.090174151871267e-23,1.632649255776905e-23,1.000000000000000e+00,1.810099109995366e-24,4.301597213012612e-25,3.335598727727849e-25,4.036067046964931e-25,4.276834426680843e-24,false
3,1.000000000000000e+02,0,4,CONTINUE,1.786490650075292e-02,2.510415550882724e-04,1.000000000000000e-09,1.259604574166670e-04,2.341710554268592e-14,4.974309320148086e-03,5.577187880988101e+00,9.900000000000000e-01,,,3.281302807606367e-01,1.232461258649448e+01,1.961588422479161e-01,1.807364518047344e-05,2.000188690891890e+02,REACHED_FORCE,REACHED_FORCE,,2,0,0,2,0,0,,,,1.776064590692764e-16,NaN,1.083774521274279e-16,NaN,,,9.976069893948430e-02,7.610348368895048e-03,,solution good enough for the tolerances given,solution good enough for the tolerances given,,3.614223255236472e-13,8.406286751611842e-15,,1.776064590692764e-16,7.871100130781356e-17,1.083774521274279e-16,3.528376728281604e-18,,,1.776064590692764e-16,1.083774521274279e-16,,2.656260991662865e-03,2.000051584326755e+00,1.396504037428316e-04,7.369778458448985e-05,2.000188690891889e+02,0.000000000000000e+00,2.189919806663403e-01,1.789809151402921e-03,9.982101908485971e-01,9.772606481741077e-01,9.358570097061543e-01,8.711920683497861e-01,7.574167703129157e-01,6.311286236182920e-01,5.273097165653501e-01,4.318778894754159e-01,3.613546402420738e-01,3.321895663965684e-01,2.605767233716076e-22,6.965045789568342e-23,1.721017579116510e-23,1.000000000000000e+00,9.882309456577001e-25,5.944720446554863e-25,5.587683367906430e-25,8.516372428871219e-25,1.140114443373585e-24,1.489849218342825e-23,false
3,3.162000000000000e+02,0,4,CONTINUE,1.786490650075292e-02,2.510415550882759e-04,1.000000000000000e-09,1.259604574166670e-04,2.341710554268592e-14,4.970145205826439e-03,4.095138135450887e+00,9.900000000000000e-01,,,3.281302807609189e-01,1.232461258649447e+01,1.961588422479196e-01,1.807364518047344e-05,2.000188690891890e+02,REACHED_FORCE,REACHED_FORCE,,2,0,0,2,0,0,,,,1.986192719838620e-16,NaN,1.725127884431491e-16,NaN,,,3.459687951517210e-02,2.639258830241999e-03,,solution good enough for the tolerances given,solution good enough for the tolerances given,,8.828150584223183e-14,1.377316645966521e-15,,1.986192719838620e-16,1.604186753989069e-17,1.725127884431491e-16,4.256513892619865e-19,,,1.986192719838620e-16,1.725127884431491e-16,,1.605983140407549e-03,1.622525313379931e+00,1.396504037428316e-04,7.369778458448985e-05,2.000188690891889e+02,0.000000000000000e+00,1.221629992375119e-01,7.716747948293134e-04,9.992283252051707e-01,9.888754092322668e-01,9.553295782880976e-01,9.145965304883875e-01,8.424043543679975e-01,7.802356370779571e-01,7.146180037170650e-01,6.616764388280549e-01,6.267615204470609e-01,6.111309736460652e-01,2.354278004995768e-22,5.307262575006079e-23,1.000000000000000e+00,1.722157868692173e-24,9.604691494667675e-25,9.252916252885911e-25,1.630962824264273e-24,1.628084684169048e-24,3.142066593416877e-24,4.061312858386125e-23,false
3,1.000000000000000e+03,0,4,CONTINUE,1.786490650075292e-02,2.510415550882852e-04,1.000000000000000e-09,1.259604574166670e-04,2.341710554268592e-14,4.968153327688562e-03,3.444948956042257e+00,9.900000000000000e-01,,,3.281302809098001e-01,1.232461258649446e+01,1.961588422479281e-01,1.807364518047344e-05,2.000188690891890e+02,REACHED_FORCE,REACHED_FORCE,,2,0,0,2,0,0,,,,8.590072538784945e-16,NaN,8.258239089688364e-16,NaN,,,1.128421686517445e-02,8.608281851175845e-04,,solution good enough for the tolerances given,solution good enough for the tolerances given,,1.565316180566908e-14,3.879969773631721e-16,,8.590072538784945e-16,2.806094108550875e-18,8.258239089688364e-16,1.660598563091462e-19,,,8.590072538784945e-16,8.258239089688364e-16,,9.405675399134269e-04,1.483252007639046e+00,1.396504037428316e-04,7.369778458448985e-05,2.000188690891889e+02,0.000000000000000e+00,3.772954500509494e-02,2.901958249400538e-04,9.997098041750599e-01,9.956814024352357e-01,9.854301678902898e-01,9.601088705067745e-01,9.314598230943532e-01,8.985843250336168e-01,8.766986256176288e-01,8.526325537619297e-01,8.380411138546985e-01,8.324439830725168e-01,2.271862588719159e-22,4.396900767710110e-23,1.000000000000000e+00,1.241286610829129e-24,1.459741786583378e-24,1.807328362550449e-24,2.168285535875958e-24,2.959542219629528e-24,5.507374619275434e-24,6.842577179502638e-23,false
3,3.162000000000000e+03,0,4,CONTINUE,1.786490650075292e-02,2.510415550882894e-04,1.000000000000000e-09,1.259604574166670e-04,2.341710554268592e-14,4.967948899838991e-03,3.004530615561308e+00,9.900000000000000e-01,,,3.281302805868185e-01,1.232461258649446e+01,1.961588422479314e-01,1.807364518047344e-05,2.000188690891890e+02,REACHED_FORCE,REACHED_FORCE,,2,0,0,2,0,0,,,,1.109125488758972e-15,NaN,1.076690333291388e-15,NaN,,,3.604605265083822e-03,2.749810505666338e-04,,solution good enough for the tolerances given,solution good enough for the tolerances given,,2.014367351289081e-15,8.784771914627887e-17,,1.109125488758972e-15,3.644404040085482e-19,1.076690333291388e-15,3.181959730393720e-20,,,1.109125488758972e-15,1.076690333291388e-15,,5.380192687026598e-04,1.436410360386032e+00,1.396504037428316e-04,7.369778458448985e-05,2.000188690891889e+02,0.000000000000000e+00,1.436947389651567e-02,1.052484695689415e-04,9.998947515304311e-01,9.982793721657003e-01,9.953458450717899e-01,9.855517468623581e-01,9.756026208222368e-01,9.648096439784677e-01,9.558615404762278e-01,9.473817383859776e-01,9.420900179668396e-01,9.401507760717250e-01,2.413395023336629e-22,4.091324044831470e-23,1.000000000000000e+00,1.239047434834753e-24,1.539788770589559e-24,2.041413252268655e-24,2.661438570241897e-24,3.900614903064145e-24,7.880054998268816e-24,8.727797702364590e-23,false
3,1.000000000000000e+04,0,3,CONTINUE,1.786490650075292e-02,2.523880609529356e-04,1.000000000000000e-09,1.259604574166670e-04,2.341710554268592e-14,4.965952279420061e-03,1.808296307803650e+00,9.900000000000000e-01,,,3.281473547394623e-01,1.232332291922717e+01,1.974356128425517e-01,1.807364518047344e-05,2.000188690891890e+02,REACHED_FORCE,REACHED_FORCE,,2,0,0,1,0,0,,,,6.560017286507320e-15,NaN,8.254099771789908e-09,NaN,,,1.143415116164222e-03,8.722660784033541e-05,,solution good enough for the tolerances given,solution good enough for the tolerances given,,2.249128594323171e-16,8.722660784033541e-05,,6.560017286507320e-15,5.683593638245798e-20,8.931988039550814e-15,8.254099771789908e-09,,,6.560017286507320e-15,8.254099771789908e-09,,3.043567654925236e-04,1.421273913074109e+00,1.396504037428316e-04,7.369778458448985e-05,2.000188690891889e+02,0.000000000000000e+00,4.964634962604837e-03,5.529761345368644e-05,9.999447023865463e-01,9.985922826812504e-01,9.985236577360000e-01,9.949398299104132e-01,9.919156120569499e-01,9.885979524996782e-01,9.859323215572170e-01,9.832990235859470e-01,9.811626285060709e-01,9.802603746572505e-01,1.659490265391207e-22,4.710876245240156e-21,1.000000000000000e+00,1.708031070368025e-23,1.828256279700560e-23,2.348363741037494e-23,2.017091544705279e-23,1.462885642552402e-23,8.911997858865343e-24,7.518975187783380e-23,false
3,3.162000000000000e+04,0,3,CONTINUE,1.786490650075292e-02,2.514678584452214e-04,1.000000000000000e-09,1.259604574166670e-04,2.341710554268592e-14,4.971288746415140e-03,1.891311867683893e+00,9.900000000000000e-01,,,3.281356837572751e-01,1.232420430995287e+01,1.965630360241112e-01,1.807364518047344e-05,2.000188690891890e+02,REACHED_FORCE,REACHED_FORCE,,2,0,0,1,0,0,,,,2.052539451995194e-14,NaN,2.613042446705847e-09,NaN,,,3.619767528075606e-04,2.761377195220942e-05,,solution good enough for the tolerances given,solution good enough for the tolerances given,,4.174771124952959e-17,2.761377195220942e-05,,2.052539451995194e-14,7.629180007462062e-21,1.917906918128057e-14,2.613042446705847e-09,,,2.052539451995194e-14,2.613042446705847e-09,,1.714969642514840e-04,1.416454502097013e+00,1.396504037428316e-04,7.369778458448985e-05,2.000188690891889e+02,0.000000000000000e+00,1.820625372799206e-03,1.672121090656731e-05,9.999832787890934e-01,9.995326268026343e-01,9.994434572977060e-01,9.983936021868511e-01,9.976271842628524e-01,9.963245082846929e-01,9.957426188277871e-01,9.946032382150947e-01,9.939893394491760e-01,9.936785738168540e-01,3.081756052360250e-22,1.000000000000000e+00,1.031040531813758e-21,5.375055825206419e-23,4.440777660054012e-23,2.997883512181231e-23,9.659279228925932e-23,2.523460443118808e-23,2.573625101335908e-23,1.144881823130412e-22,false
3,1.000000000000000e+05,0,2,CONTINUE,1.786490650075292e-02,2.496761480925324e-04,1.000000000000000e-09,1.259604574166670e-04,2.341710554268592e-14,4.977478852046491e-03,1.004569067195767e+00,9.900000000000000e-01,,,3.281317531571767e-01,1.232591184315861e+01,1.948725781504222e-01,1.807364518047344e-05,2.000188690891890e+02,REACHED_FORCE,REACHED_FORCE,,1,0,0,1,0,0,,,,1.083433086698916e-08,NaN,8.294617131310778e-10,NaN,,,1.144936402364789e-04,8.765478195107178e-06,,solution good enough for the tolerances given,solution good enough for the tolerances given,,1.144936402364789e-04,8.765478195107178e-06,,1.494426735243104e-13,1.083433086698916e-08,1.451482062619639e-13,8.294617131310778e-10,,,1.083433086698916e-08,8.294617131310778e-10,,9.649634297179683e-05,1.414926795903931e+00,1.396504037428316e-04,7.369778458448985e-05,2.000188690891889e+02,0.000000000000000e+00,6.149450856870377e-04,9.954418050850400e-06,9.999900455819491e-01,9.998521693498281e-01,9.997849963694061e-01,9.994595885910837e-01,9.992340491633009e-01,9.988547338248237e-01,9.986052818871978e-01,9.983195910010866e-01,9.981264286991903e-01,9.979949789669992e-01,2.279237016829661e-23,1.000000000000000e+00,1.066279564633943e-23,6.829650086623702e-23,1.335186319764973e-22,1.196038903628415e-22,2.051178267381515e-22,1.030249501846745e-22,9.483552261948750e-23,6.763261673600127e-23,true
3,3.162000000000000e+05,0,2,CONTINUE,1.786490650075292e-02,2.506095280978256e-04,1.000000000000000e-09,1.259604574166670e-04,2.341710554268592e-14,4.996268261303379e-03,6.964449693712068e-01,9.900000000000000e-01,,,3.281307526231798e-01,1.232502367648772e+01,1.957518631546041e-01,1.807364518047344e-05,2.000188690891890e+02,REACHED_FORCE,REACHED_FORCE,,1,0,0,1,0,0,,,,3.426763470716644e-09,NaN,2.617096866807414e-10,NaN,,,3.621290772900420e-05,2.765661772854499e-06,,solution good enough for the tolerances given,solution good enough for the tolerances given,,3.621290772900420e-05,2.765661772854499e-06,,8.450800056099901e-14,3.426763470716644e-09,9.745229151070172e-14,2.617096866807414e-10,,,3.426763470716644e-09,2.617096866807414e-10,,5.427711527495189e-05,1.414443431113297e+00,1.396504037428316e-04,7.369778458448985e-05,2.000188690891889e+02,0.000000000000000e+00,1.822570227873936e-04,4.540977568523452e-06,9.999954590224315e-01,9.999532430125975e-01,9.999099242210404e-01,9.998403411774923e-01,9.997362589364803e-01,9.996454910515653e-01,9.995484320320736e-01,9.994681612723142e-01,9.993972581490128e-01,9.993674169199047e-01,9.773638320273753e-24,1.000000000000000e+00,1.151591120958982e-23,1.096951047281034e-22,2.846244542671758e-22,4.570049531881112e-22,6.358450549395075e-22,8.159997805214894e-22,5.780070244969549e-22,6.031787435620625e-22,false
3,1.000000000000000e+06,0,2,CONTINUE,1.786490650075292e-02,2.509049271947781e-04,1.000000000000000e-09,1.259604574166670e-04,2.341710554268592e-14,5.026654055153623e-03,5.811092383416583e-01,9.900000000000000e-01,,,3.281304749105954e-01,1.232474259245059e+01,1.960301363513664e-01,1.807364518047344e-05,2.000188690891890e+02,REACHED_FORCE,REACHED_FORCE,,1,0,0,1,0,0,,,,1.083577254036520e-09,NaN,8.269135984700523e-11,NaN,,,1.145088753658719e-05,8.738550558633954e-07,,solution good enough for the tolerances given,solution good enough for the tolerances given,,1.145088753658719e-05,8.738550558633954e-07,,5.123843584055991e-13,1.083577254036520e-09,6.148054597903266e-13,8.269135984700523e-11,,,1.083577254036520e-09,8.269135984700523e-11,,3.052285763297254e-05,1.414290517519354e+00,1.396504037428316e-04,7.369778458448985e-05,2.000188690891889e+02,0.000000000000000e+00,5.679284464034162e-05,1.720843884722711e-06,9.999982791561153e-01,9.999852149678704e-01,9.999785731308538e-01,9.999489386678241e-01,9.999226895922043e-01,9.998929456474777e-01,9.998663219400157e-01,9.998309731444188e-01,9.998134111687813e-01,9.998011000778833e-01,1.076620447776546e-22,1.000000000000000e+00,1.075073922149299e-22,7.108089594713102e-22,2.203459741048785e-21,2.681338702317328e-21,1.586992077656141e-20,6.259847159988384e-21,7.268645522857963e-21,3.221322967151541e-21,false
3,3.162000000000000e+06,0,2,CONTINUE,1.786490650075292e-02,2.509983437148942e-04,1.000000000000000e-09,1.259604574166670e-04,2.341710554268592e-14,5.000274306863305e-03,1.114205031082226e+00,9.900000000000000e-01,,,3.281308123472498e-01,1.232465370348143e+01,1.961181364308172e-01,1.807364518047344e-05,2.000188690891890e+02,REACHED_FORCE,REACHED_FORCE,,1,0,0,1,0,0,,,,3.426907679383168e-10,NaN,2.614547573001943e-11,NaN,,,3.621443167865763e-06,2.762967763092651e-07,,solution good enough for the tolerances given,solution good enough for the tolerances given,,3.621443167865763e-06,2.762967763092651e-07,,2.428445993618914e-12,3.426907679383168e-10,2.062578907740408e-12,2.614547573001943e-11,,,3.426907679383168e-10,2.614547573001943e-11,,1.716535774141273e-05,1.414242166727616e+00,1.396504037428316e-04,7.369778458448985e-05,2.000188690891889e+02,0.000000000000000e+00,1.951348716575202e-05,2.838395410931227e-07,9.999997161604589e-01,9.999953241044924e-01,9.999911991442347e-01,9.999811771392000e-01,9.999737801960858e-01,9.999641865459479e-01,9.999563731499123e-01,9.999473483417071e-01,9.999402782778404e-01,9.999367563629684e-01,8.066948486618869e-21,1.000000000000000e+00,1.154768303180036e-20,1.368095197517842e-19,1.985313348357993e-19,2.179961310037037e-19,2.980186458860356e-19,1.248283655364894e-19,5.367116561425861e-20,5.216359929650485e-20,false
3,1.000000000000000e+07,0,2,CONTINUE,1.786490650075292e-02,2.510278912980821e-04,1.000000000000000e-09,1.259604574166670e-04,2.341710554268592e-14,4.989201281567352e-03,2.000792294608119e+00,9.900000000000000e-01,,,3.281327162869165e-01,1.232462558801344e+01,1.961459707441834e-01,1.807364518047344e-05,2.000188690891890e+02,REACHED_FORCE,REACHED_FORCE,,1,0,0,1,0,0,,,,1.083591672877752e-10,NaN,8.266586908072376e-12,NaN,,,1.145103991020026e-06,8.735856778131902e-08,,solution good enough for the tolerances given,solution good enough for the tolerances given,,1.145103991020026e-06,8.735856778131902e-08,,4.016829302325031e-12,1.083591672877752e-10,5.319989876410527e-12,8.266586908072376e-12,,,1.083591672877752e-10,8.266586908072376e-12,,9.652415992071167e-06,1.414226873936067e+00,1.396504037428316e-04,7.369778458448985e-05,2.000188690891889e+02,0.000000000000000e+00,5.573964484135447e-06,4.998019798030384e-08,9.999999500198020e-01,9.999985214771124e-01,9.999971967952547e-01,9.999941546069168e-01,9.999914561214917e-01,9.999882082965330e-01,9.999857796182124e-01,9.999831204537786e-01,9.999810073128552e-01,9.999799571133599e-01,3.143897274097224e-19,1.000000000000000e+00,1.750562006021263e-19,1.753104502271183e-18,4.641597683657938e-18,8.118868962074075e-18,7.113751724242148e-18,3.067424431045591e-18,2.019451743910563e-18,3.225042120893696e-18,false
3,3.162000000000000e+07,0,2,CONTINUE,1.786490650075292e-02,2.510372331987140e-04,1.000000000000000e-09,1.259604574166670e-04,2.341710554268592e-14,4.989623043680534e-03,1.527804102299357e+00,9.900000000000000e-01,,,3.281331668880346e-01,1.232461669889035e+01,1.961547709761056e-01,1.807364518047344e-05,2.000188690891890e+02,REACHED_FORCE,REACHED_FORCE,,1,0,0,1,0,0,,,,3.426922101254457e-11,NaN,1.296458040112678e-11,NaN,,,3.621458408410910e-07,2.762698328573838e-08,,solution good enough for the tolerances given,solution good enough for the tolerances given,,3.621458408410910e-07,2.762698328573838e-08,,1.567984468610835e-11,3.426922101254457e-11,1.296458040112678e-11,2.614292612290896e-12,,,3.426922101254457e-11,1.296458040112678e-11,,5.428193813169717e-06,1.414222038713691e+00,1.396504037428316e-04,7.369778458448985e-05,2.000188690891889e+02,0.000000000000000e+00,1.707377644415996e-06,2.070000515441706e-08,9.999999792999948e-01,9.999995324084818e-01,9.999990525549020e-01,9.999982457919162e-01,9.999973235329987e-01,9.999963971080545e-01,9.999954891163485e-01,9.999947301745823e-01,9.999939624502953e-01,9.999936617751040e-01,1.829319358629154e-19,1.000000000000000e+00,2.268111572423506e-19,2.133780184118764e-18,5.451576739682665e-18,8.330678758307299e-18,1.107941838908700e-17,1.162338499868762e-17,7.121306495975889e-18,1.509048366060074e-17,false
3,1.000000000000000e+08,0,2,CONTINUE,1.786490650075292e-02,2.510401891346491e-04,1.000000000000000e-09,1.259604574166670e-04,2.341710554268592e-14,5.026849133764036e-03,6.136639332936229e-01,9.900000000000000e-01,,,3.281387522945501e-01,1.232461388624298e+01,1.961575554977261e-01,1.807364518047344e-05,2.000188690891890e+02,REACHED_FORCE,REACHED_FORCE,,1,0,0,1,0,0,,,,6.200269821878302e-11,NaN,6.374483974225457e-11,NaN,,,1.145105514850057e-07,8.735587377424437e-09,,solution good enough for the tolerances given,solution good enough for the tolerances given,,1.145105514850057e-07,8.735587377424437e-09,,6.200269821878302e-11,1.083593114843635e-11,6.374483974225457e-11,8.266331980293957e-13,,,6.200269821878302e-11,6.374483974225457e-11,,3.052285843197741e-06,1.414220509420212e+00,1.396504037428316e-04,7.369778458448985e-05,2.000188690891889e+02,0.000000000000000e+00,5.900234258462955e-07,1.629556389826092e-08,9.999999837044361e-01,9.999998521475136e-01,9.999997749116010e-01,9.999994738417682e-01,9.999992928834167e-01,9.999988793156518e-01,9.999986566190149e-01,9.999983259201420e-01,9.999981301031585e-01,9.999980106862488e-01,5.333991507479105e-18,9.999999999999996e-01,9.142028258544703e-18,4.189012738719459e-17,1.712655399240417e-16,5.050099548234341e-17,1.968601143488402e-16,5.180581987533798e-17,4.439297612111868e-17,1.390635167634918e-17,false
3,3.162000000000000e+08,0,2,CONTINUE,1.786490650075292e-02,2.510411203273013e-04,1.000000000000000e-09,1.259604574166670e-04,2.341710554268592e-14,4.999563563675199e-03,1.117943851154025e+00,9.900000000000000e-01,,,3.281970902983533e-01,1.232461300014872e+01,1.961584327658195e-01,1.807364518047344e-05,2.000188690891890e+02,REACHED_FORCE,REACHED_FORCE,,1,0,0,1,0,0,,,,1.259146296268931e-10,NaN,1.359038474453100e-10,NaN,,,3.621459932161626e-08,2.762671393594568e-09,,solution good enough for the tolerances given,solution good enough for the tolerances given,,3.621459932161626e-08,2.762671393594568e-09,,1.259146296268931e-10,3.426923542660866e-12,1.359038474453100e-10,2.614267119385901e-13,,,1.259146296268931e-10,1.359038474453100e-10,,1.716520697656631e-06,1.414220025896542e+00,1.396504037428316e-04,7.369778458448985e-05,2.000188690891889e+02,0.000000000000000e+00,2.005174335151608e-07,2.828903555851525e-09,9.999999971710964e-01,9.999999532408287e-01,9.999999078379843e-01,9.999998039724599e-01,9.999997424463597e-01,9.999996289765289e-01,9.999995696595437e-01,9.999994576376827e-01,9.999994065944072e-01,9.999993674341162e-01,1.634922427563272e-16,9.999999999999758e-01,2.229232880594035e-16,2.690143431059726e-15,3.069579085281538e-15,4.020297496261729e-15,8.594493138389848e-15,1.701792312391353e-15,2.217052206961307e-15,1.485870104344360e-15,false
3,1.000000000000000e+09,0,2,CONTINUE,1.786490650075292e-02,2.510413897124929e-04,1.000000000000000e-09,1.259604574166670e-04,2.341710554268592e-14,4.996566630204891e-03,1.593316400321642e+00,9.900000000000000e-01,,,3.283453038212283e-01,1.232461274322973e+01,1.961586872015960e-01,1.807364518047344e-05,2.000188690891890e+02,REACHED_FORCE,REACHED_FORCE,,1,0,0,1,0,0,,,,1.056652711707160e-09,NaN,9.370196308861647e-10,NaN,,,1.145105670193112e-08,8.735560413021713e-10,,solution good enough for the tolerances given,solution good enough for the tolerances given,,1.145105670193112e-08,8.735560413021713e-10,,1.056652711707160e-09,1.083593261578197e-12,9.370196308861647e-10,8.266306435256231e-14,,,1.056652711707160e-09,9.370196308861647e-10,,9.647365523697122e-07,1.414219872967051e+00,1.396504037428316e-04,7.369778458448985e-05,2.000188690891889e+02,0.000000000000000e+00,6.263501300948791e-08,6.276217323630817e-10,9.999999993723783e-01,9.999999852147501e-01,9.999999688169148e-01,9.999999428788041e-01,9.999999184427427e-01,9.999998807773771e-01,9.999998611348609e-01,9.999998308941465e-01,9.999998110472241e-01,9.999997998626109e-01,8.831894407529284e-16,9.999999999999234e-01,1.450402417186316e-15,6.610955713057434e-15,9.837965141630245e-15,1.281109294798694e-14,2.192582719700086e-14,9.774448743996191e-15,7.385962947521256e-15,5.920148289635082e-15,false
3,3.162000000000000e+09,0,2,CONTINUE,1.786490650075292e-02,2.510414413236762e-04,1.000000000000000e-09,1.259604574166670e-04,2.341710554268592e-14,4.985704702294702e-03,2.375345943152774e+00,9.900000000000000e-01,,,3.290053603527255e-01,1.232461269419342e+01,1.961587401785441e-01,1.807364518047344e-05,2.000188690891890e+02,REACHED_FORCE,REACHED_FORCE,,1,0,0,1,0,0,,,,2.086218870582421e-09,NaN,2.080911081204374e-09,NaN,,,3.621460076931410e-09,2.762668978738562e-10,,solution good enough for the tolerances given,solution good enough for the tolerances given,,3.621460076931410e-09,2.762668978738562e-10,,2.086218870582421e-09,3.426923686343756e-13,2.080911081204374e-09,2.614264792485999e-14,,,2.086218870582421e-09,2.080911081204374e-09,,5.422370751728795e-07,1.414219824614670e+00,1.396504037428316e-04,7.369778458448985e-05,2.000188690891889e+02,0.000000000000000e+00,1.591860451452257e-08,1.331408316929128e-10,9.999999998668592e-01,9.999999953240823e-01,9.999999905929768e-01,9.999999822826410e-01,9.999999731841420e-01,9.999999628585720e-01,9.999999543974570e-01,9.999999470054939e-01,9.999999390343113e-01,9.999999365675399e-01,3.764645251345618e-14,9.999999999970663e-01,2.180555455172406e-14,1.692875472020413e-13,4.013046223965577e-13,6.639914818935663e-13,7.068452009542461e-13,3.670310937442269e-13,1.557402000646363e-13,4.102001069385210e-13,false
3,1.000000000000000e+10,0,2,CONTINUE,1.786490650075292e-02,2.510414892079003e-04,1.000000000000000e-09,1.259604574166670e-04,2.341710554268592e-14,4.991754628422485e-03,1.155853859514535e+00,9.900000000000000e-01,,,3.282054346301759e-01,1.232461264978537e+01,1.961587967613068e-01,1.807364518047344e-05,2.000188690891890e+02,REACHED_FORCE,REACHED_FORCE,,1,0,0,1,0,0,,,,1.067923856455248e-08,NaN,8.912797109894895e-09,NaN,,,1.145105674017391e-09,8.735559100836871e-11,,solution good enough for the tolerances given,solution good enough for the tolerances given,,1.145105674017391e-09,8.735559100836871e-11,,1.067923856455248e-08,1.083593276836557e-13,8.912797109894895e-09,8.266305545185230e-15,,,1.067923856455248e-08,8.912797109894895e-09,,3.049798598767519e-07,1.414219809321719e+00,1.396504037428316e-04,7.369778458448985e-05,2.000188690891889e+02,0.000000000000000e+00,4.739072816044979e-09,8.651612759535965e-11,9.999999999134839e-01,9.999999985214769e-01,9.999999981582302e-01,9.999999949754461e-01,9.999999914328495e-01,9.999999888177131e-01,9.999999862282005e-01,9.999999833780616e-01,9.999999807841945e-01,9.999999799669644e-01,1.654069179556480e-13,9.999999999880145e-01,1.417923070327948e-13,7.683861424449672e-13,2.373361295151035e-12,2.877370697232739e-12,2.055101653834745e-12,2.317955718243292e-12,5.489105513450917e-13,7.373047337393185e-13,false
3,3.162000000000000e+10,0,2,CONTINUE,1.786490650075292e-02,2.510411723990802e-04,1.000000000000000e-09,1.259604574166670e-04,2.341710554268592e-14,4.995605522255651e-03,9.083181704357035e-01,9.900000000000000e-01,,,3.235206829161750e-01,1.232461294370790e+01,1.961585818846173e-01,1.807364518047344e-05,2.000188690891890e+02,REACHED_FORCE,REACHED_FORCE,,1,0,0,1,0,0,,,,2.476423560457786e-08,NaN,2.294338661050374e-08,NaN,,,3.621460200845287e-10,2.762668534972847e-11,,solution good enough for the tolerances given,solution good enough for the tolerances given,,3.621460200845287e-10,2.762668534972847e-11,,2.476423560457786e-08,3.426923902503857e-14,2.294338661050374e-08,2.614264411026998e-15,,,2.476423560457786e-08,2.294338661050374e-08,,1.730007873163410e-07,1.414219804486481e+00,1.396504037428316e-04,7.369778458448985e-05,2.000188690891889e+02,0.000000000000000e+00,1.675569577036396e-09,3.481770427526953e-11,9.999999999651823e-01,9.999999995324091e-01,9.999999993216726e-01,9.999999983763159e-01,9.999999972928830e-01,9.999999966693109e-01,9.999999955160759e-01,9.999999947813492e-01,9.999999939490749e-01,9.999999936693253e-01,9.207098443082651e-13,9.999999999358253e-01,6.358981020320404e-13,5.163582452976262e-12,1.076218161333895e-11,1.607738511805890e-11,1.011995187782568e-11,1.408404474269127e-11,3.235747058505296e-12,3.175082813366537e-12,false
3,1.000000000000000e+11,0,2,CONTINUE,1.786490650075292e-02,2.510413782735660e-04,1.000000000000000e-09,1.259604574166670e-04,2.341710554268592e-14,5.007155753149924e-03,8.872514484760805e-01,9.900000000000000e-01,,,3.293554036364394e-01,1.232461280093990e+01,1.961615210495608e-01,1.807364518047344e-05,2.000188690891890e+02,REACHED_FORCE,REACHED_FORCE,,1,0,0,1,0,0,,,,1.034734503316758e-07,NaN,1.005258194701321e-07,NaN,,,1.145105628168135e-10,8.735565922474444e-12,,solution good enough for the tolerances given,solution good enough for the tolerances given,,1.145105628168135e-10,8.735565922474444e-12,,1.034734503316758e-07,1.083593289551857e-14,1.005258194701321e-07,8.266318260485243e-16,,,1.034734503316758e-07,1.005258194701321e-07,,9.094760379043518e-08,1.414219802957186e+00,1.396504037428316e-04,7.369778458448985e-05,2.000188690891889e+02,0.000000000000000e+00,6.787110082055805e-10,1.127076210138966e-11,9.999999999887292e-01,9.999999998521472e-01,9.999999997105562e-01,9.999999993860971e-01,9.999999991414663e-01,9.999999987604551e-01,9.999999986316361e-01,9.999999982989554e-01,9.999999981245415e-01,9.999999980028582e-01,1.072255774832766e-11,9.999999979518559e-01,1.646614427308025e-11,2.538478122620107e-10,1.715320305506263e-10,6.049561459753868e-10,5.843190997112499e-10,1.090711046419055e-10,1.816800870369993e-10,1.155491819343396e-10,false
3,3.162000000000000e+11,0,2,CONTINUE,1.786490650075292e-02,2.510313724010219e-04,1.000000000000000e-09,1.259604574166670e-04,2.341710554268592e-14,4.985230416272602e-03,-9.999999999994325e-01,9.900000000000000e-01,,,3.894377428405991e-01,1.232462235002899e+01,1.961651138767717e-01,1.807364518047344e-05,2.000188690891890e+02,REACHED_FORCE,REACHED_FORCE,,1,0,0,1,0,0,,,,3.371196629127850e-07,NaN,1.964533345350008e-07,NaN,,,3.621462179460625e-11,2.762680002127716e-12,,solution good enough for the tolerances given,solution good enough for the tolerances given,,3.621462179460625e-11,2.762680002127716e-12,,3.371196629127850e-07,3.426925936951859e-15,1.964533345350008e-07,2.614291113157025e-16,,,3.371196629127850e-07,1.964533345350008e-07,,4.950610079794910e-08,1.414219802473662e+00,1.396504037428316e-04,7.369778458448985e-05,2.000188690891889e+02,0.000000000000000e+00,1.582196287867944e-10,5.675460101883800e-13,9.999999999994325e-01,9.999999999532412e-01,9.999999999087266e-01,9.999999998248323e-01,9.999999997376832e-01,9.999999996463573e-01,9.999999995614495e-01,9.999999994753004e-01,9.999999993940356e-01,9.999999993656150e-01,1.873078422390830e-10,9.999999891312987e-01,9.676040682203919e-11,7.982235639082564e-10,1.724216113888771e-09,2.445165255864806e-09,2.916221315795537e-09,1.369990203508335e-09,4.972128980411832e-10,8.336039522427363e-10,false
3,1.000000000000000e+12,0,2,CONTINUE,1.786490650075292e-02,2.531462874297390e-04,1.000000000000000e-09,1.259604574166670e-04,2.341710554268592e-14,4.998717606695086e-03,-1.000000000522907e+00,9.898742849319050e-01,,,7.851730582849021e-01,1.232461045915802e+01,1.981471508641308e-01,1.807364518047344e-05,2.000188690891890e+02,REACHED_FORCE,REACHED_FORCE,,1,0,0,1,0,0,,,,9.060565679138622e-07,NaN,9.101438999571172e-07,NaN,,,1.145105022942743e-11,8.735732968722372e-13,,solution good enough for the tolerances given,solution good enough for the tolerances given,,1.145105022942743e-11,8.735732968722372e-13,,9.060565679138622e-07,1.083592780939856e-15,9.101438999571172e-07,8.266470844085393e-17,,,9.060565679138622e-07,9.101438999571172e-07,,1.774118879224373e-08,1.414219802320732e+00,1.396504037428316e-04,7.369778458448985e-05,2.000188690891889e+02,0.000000000000000e+00,5.253421792234356e-11,-5.229070509926714e-10,1.000000000522907e+00,1.000000000522145e+00,1.000000000055360e+00,9.999999999993479e-01,9.999999999852158e-01,9.999999999384432e-01,9.999999998891356e-01,9.999999998548799e-01,9.999999998225442e-01,9.999999997999487e-01,1.004589127631109e-09,2.623274423856307e-57,2.281886384848007e-08,6.673491113724960e-08,9.999995269965876e-01,1.203661819322002e-07,1.005471025309751e-07,5.941447742510856e-08,5.082666941142521e-08,5.129061787118371e-08,false
3,3.162000000000000e+12,1,6,CONTINUE,1.786490650075292e-02,2.944809748751476e-03,1.000000000000000e-09,1.259604574166670e-04,2.341710554268592e-14,6.401512961734593e-08,1.933542112984908e-04,9.638797272408065e-01,,,9.924779864660768e-02,1.432345798118553e+01,6.323520864296248e+00,1.807364518047344e-05,2.000188690891890e+02,REFINE_STALLED,REFINE_STALLED,,1,2,2,1,2,2,,,,6.859623556493431e+00,4.901767479149281e-02,6.859624170580885e+00,4.790371422403541e-02,,,2.457998840574275e-10,2.457029253727156e-10,,solution good enough for the tolerances given,solution good enough for the tolerances given,,2.457998840574275e-10,2.457029253727156e-10,,6.859623556493431e+00,9.226967314216848e-14,6.859624170580885e+00,9.226399703224294e-14,,,4.610284388859963e-02,4.505512486096639e-02,,3.261618373681420e-05,1.414219802625932e+00,1.396504037428316e-04,7.369778458448985e-05,2.000188690891889e+02,0.000000000000000e+00,3.985329381265555e-07,1.635627855378630e-09,9.999999983643721e-01,9.999997510658198e-01,9.999994122098150e-01,9.999989317417795e-01,9.999983315696386e-01,9.999981071728230e-01,9.999972913391454e-01,9.999966692500465e-01,9.999950661277350e-01,9.999950596995747e-01,1.678585677265380e-01,1.544511215699110e-02,3.624525030363921e-02,8.806432252741818e-02,1.399517570225902e-01,1.082700545297351e-01,4.053711211004951e-02,2.611379285515398e-01,8.188295432340154e-02,6.060694074809750e-02,false
3,1.000000000000000e+13,1,6,CONTINUE,1.786490650075292e-02,3.289125252805327e-03,1.000000000000000e-09,1.259604574166670e-04,2.341710554268592e-14,2.026258419750730e-08,6.230014518360908e-05,9.605184723884148e-01,,,9.783491161364616e-02,1.418405324188733e+01,5.915563413646689e+00,1.807364518047344e-05,2.000188690891890e+02,REFINE_STALLED,REFINE_STALLED,,1,2,2,1,2,2,,,,2.169394307126520e+01,5.326102215803741e-02,2.169394034247369e+01,5.159468716162774e-02,,,2.456614908466454e-10,2.456005856145685e-10,,solution good enough for the tolerances given,solution good enough for the tolerances given,,2.456614908466454e-10,2.456005856145685e-10,,2.169394307126520e+01,9.226508546192401e-14,2.169394034247369e+01,9.226305101392201e-14,,,5.221711839737204e-02,5.058344318220033e-02,,3.194618094420842e-05,1.414219802610639e+00,1.396504037428316e-04,7.369778458448985e-05,2.000188690891889e+02,0.000000000000000e+00,4.074488393997136e-07,1.605132693427436e-09,9.999999983948673e-01,9.999997526236961e-01,9.999994168113524e-01,9.999989394469276e-01,9.999983349050748e-01,9.999981206783989e-01,9.999973057264528e-01,9.999966733904807e-01,9.999950712496033e-01,9.999950648196939e-01,1.734708980248494e-01,1.516438532995748e-02,3.541360910210083e-02,8.661921849682355e-02,1.366701295147718e-01,1.096250595194376e-01,4.013769735466751e-02,2.606106491504389e-01,8.185984053511165e-02,6.042851297184133e-02,false
3,3.162000000000000e+13,1,6,CONTINUE,1.786490650075292e-02,3.408603814521279e-03,1.000000000000000e-09,1.259604574166670e-04,2.341710554268592e-14,6.410283779795117e-09,1.981878809444339e-05,9.593978791019835e-01,,,9.766806236908544e-02,1.412967361586242e+01,5.757085557727820e+00,1.807364518047344e-05,2.000188690891890e+02,REFINE_STALLED,REFINE_STALLED,,1,2,2,1,2,2,,,,6.859622562085862e+01,5.471776625889165e-02,6.859625054828295e+01,5.282377254366303e-02,,,2.456224267362560e-10,2.455999916763733e-10,,solution good enough for the tolerances given,solution good enough for the tolerances given,,2.456224267362560e-10,2.455999916763733e-10,,6.859622562085862e+01,9.226360031488255e-14,6.859625054828295e+01,9.226295946376192e-14,,,5.437398886315489e-02,5.249189459842195e-02,,3.173139983922709e-05,1.414219802605804e+00,1.396504037428316e-04,7.369778458448985e-05,2.000188690891889e+02,0.000000000000000e+00,4.106430435380631e-07,1.595735987791613e-09,9.999999984042640e-01,9.999997531106227e-01,9.999994182748000e-01,9.999989419282317e-01,9.999983360106434e-01,9.999981249892026e-01,9.999973103065175e-01,9.999966747218748e-01,9.999950728895524e-01,9.999950664590668e-01,1.752906979413767e-01,1.507562828926631e-02,3.514787891970473e-02,8.615302664638140e-02,1.355623365280555e-01,1.101127464773110e-01,4.000919307760918e-02,2.604305026857565e-01,8.184602879803275e-02,6.037196063650522e-02,false
3,1.000000000000000e+14,1,6,CONTINUE,1.786490650075292e-02,3.447522020793184e-03,1.000000000000000e-09,1.259604574166670e-04,2.341710554268592e-14,2.027145687412753e-09,6.278298062207817e-06,9.590380290876213e-01,,,9.765049264458014e-02,1.410490846230843e+01,5.688861560397961e+00,1.807364518047344e-05,2.000188690891890e+02,REFINE_STALLED,REFINE_STALLED,,1,2,2,1,2,2,,,,2.169393894825159e+02,5.519096338409262e-02,2.169394033724061e+02,5.321840018102417e-02,,,2.456105401891490e-10,2.456034453436483e-10,,solution good enough for the tolerances given,solution good enough for the tolerances given,,2.456105401891490e-10,2.456034453436483e-10,,2.169393894825159e+02,9.226314256408210e-14,2.169394033724061e+02,9.226293911928190e-14,,,5.508084675806233e-02,5.311221916885094e-02,,3.166316533879494e-05,1.414219802604274e+00,1.396504037428316e-04,7.369778458448985e-05,2.000188690891889e+02,0.000000000000000e+00,4.116933399860763e-07,1.592788345661234e-09,9.999999984072117e-01,9.999997532639618e-01,9.999994187383964e-01,9.999989427175596e-01,9.999983363657130e-01,9.999981263567607e-01,9.999973117585613e-01,9.999966751452886e-01,9.999950734104233e-01,9.999950669797776e-01,1.758708285243335e-01,1.504756635651992e-02,3.506356382792704e-02,8.600465810316957e-02,1.352044167764074e-01,1.102734223255288e-01,3.996831954435698e-02,2.603721674366996e-01,8.184104892873646e-02,6.035400817632041e-02,false
3,3.162000000000000e+14,1,6,CONTINUE,1.786490650075292e-02,3.459942902312020e-03,1.000000000000000e-09,1.259604574166670e-04,2.341710554268592e-14,6.411174632080208e-10,1.986707245876438e-06,9.589226906201016e-01,,,9.764870754548538e-02,1.407671275225427e+01,5.620363671378170e+00,1.807364518047344e-05,2.000188690891890e+02,REFINE_STALLED,REFINE_STALLED,,1,2,2,1,2,2,,,,6.859623606411214e+02,5.534185567337716e-02,6.859624029569522e+02,5.334376462423501e-02,,,2.456068247085043e-10,2.456049151416772e-10,,solution good enough for the tolerances given,solution good enough for the tolerances given,,2.456068247085043e-10,2.456049151416772e-10,,6.859623606411214e+02,9.226300015272196e-14,6.859624029569522e+02,9.226293911928190e-14,,,5.530688433731309e-02,5.331005577488265e-02,,3.164156072428806e-05,1.414219802603791e+00,1.396504037428316e-04,7.369778458448985e-05,2.000188690891889e+02,0.000000000000000e+00,4.120278737616246e-07,1.591857756721993e-09,9.999999984081422e-01,9.999997533124533e-01,9.999994188851680e-01,9.999989429676965e-01,9.999983364787169e-01,9.999981267897514e-01,9.999973122179017e-01,9.999966752793398e-01,9.999950735752249e-01,9.999950671445940e-01,1.760546919173303e-01,1.503868715998181e-02,3.503686540430023e-02,8.595763287728693e-02,1.350902820052489e-01,1.103251046592869e-01,3.995537503419673e-02,2.603536071936274e-01,8.183896369470839e-02,6.034879005403262e-02,false
3,1.000000000000000e+15,1,6,CONTINUE,1.786490650075292e-02,3.463886223255115e-03,1.000000000000000e-09,1.259604574166670e-04,2.341710554268592e-14,2.027234853627025e-10,6.283131320333461e-07,9.588826954082764e-01,,,9.764852808981388e-02,1.401303868077295e+01,5.470717502647441e+00,1.807364518047344e-05,2.000188690891890e+02,REFINE_STALLED,REFINE_STALLED,,1,2,2,1,2,2,,,,2.169394165620302e+03,5.538971374718930e-02,2.169394068148937e+03,5.338353841010290e-02,,,2.456056483003220e-10,2.456054140965759e-10,,solution good enough for the tolerances given,solution good enough for the tolerances given,,2.456056483003220e-10,2.456054140965759e-10,,2.169394165620302e+03,9.226295946376192e-14,2.169394068148937e+03,9.226293911928190e-14,,,5.537863061799110e-02,5.337285626292360e-02,,3.163472451908853e-05,1.414219802603638e+00,1.396504037428316e-04,7.369778458448985e-05,2.000188690891889e+02,0.000000000000000e+00,4.121351373847678e-07,1.591563103531257e-09,9.999999984084369e-01,9.999997533277442e-01,9.999994189315435e-01,9.999989430468310e-01,9.999983365143760e-01,9.999981269266169e-01,9.999973123632102e-01,9.999966753217955e-01,9.999950736274287e-01,9.999950671967512e-01,1.761129094034152e-01,1.503588133138105e-02,3.502842134918633e-02,8.594275399853898e-02,1.350542495333543e-01,1.103413504719460e-01,3.995128017129994e-02,2.603477177836845e-01,8.183830913903940e-02,6.034712681815439e-02,false
3,3.162000000000000e+15,1,6,CONTINUE,1.786490650075292e-02,3.465144506921316e-03,1.000000000000000e-09,1.259604574166670e-04,2.341710554268592e-14,6.411263747810259e-11,1.987190108439805e-07,9.588590651440112e-01,,,9.764851011923065e-02,1.391528137554672e+01,5.235420723884275e+00,1.807364518047344e-05,2.000188690891890e+02,REFINE_STALLED,REFINE_STALLED,,1,2,2,1,2,2,,,,6.859623559349602e+03,5.540487376941861e-02,6.859624036841433e+03,5.339633124330610e-02,,,2.456052886786723e-10,2.456055879467937e-10,,solution good enough for the tolerances given,solution good enough for the tolerances given,,2.456052886786723e-10,2.456055879467937e-10,,6.859623559349602e+03,9.226293911928190e-14,6.859624036841433e+03,9.226293911928190e-14,,,5.540133290436506e-02,5.339291735616179e-02,,3.163256278054391e-05,1.414219802603589e+00,1.396504037428316e-04,7.369778458448985e-05,2.000188690891889e+02,0.000000000000000e+00,4.121705319599689e-07,1.591470955020213e-09,9.999999984085290e-01,9.999997533325181e-01,9.999994189461219e-01,9.999989430717909e-01,9.999983365254254e-01,9.999981269696625e-01,9.999973124090867e-01,9.999966753352274e-01,9.999950736439173e-01,9.999950672131597e-01,1.761312944770253e-01,1.503500100745467e-02,3.502575883401256e-02,8.593806767402216e-02,1.350430731791874e-01,1.103462628227341e-01,3.994999429690335e-02,2.603458402973339e-01,8.183887339930254e-02,6.034583401202373e-02,false
3,1.000000000000000e+16,1,6,CONTINUE,1.786490650075292e-02,3.465575618190405e-03,1.000000000000000e-09,1.259604574166670e-04,2.341710554268592e-14,2.027243707326129e-11,6.283609093798010e-08,9.588168538044209e-01,,,9.764850832089089e-02,1.459050386565585e+01,6.714821749998340e+00,1.807364518047344e-05,2.000188690891890e+02,REFINE_STALLED,REFINE_STALLED,,1,2,2,1,2,2,,,,2.169394038537417e+04,5.540971933548611e-02,2.169394064992121e+04,5.340107506550406e-02,,,2.456051847045660e-10,2.456056522712771e-10,,solution good enough for the tolerances given,solution good enough for the tolerances given,,2.456051847045660e-10,2.456056522712771e-10,,2.169394038537417e+04,9.226293911928190e-14,2.169394064992121e+04,9.226293911928190e-14,,,5.540849099510847e-02,5.339988688446895e-02,,3.163187903221803e-05,1.414219802603574e+00,1.396504037428316e-04,7.369778458448985e-05,2.000188690891889e+02,0.000000000000000e+00,4.121806192206359e-07,1.591442089221573e-09,9.999999984085579e-01,9.999997533340438e-01,9.999994189507209e-01,9.999989430796091e-01,9.999983365290094e-01,9.999981269832050e-01,9.999973124233882e-01,9.999966753393992e-01,9.999950736490421e-01,9.999950672182945e-01,1.761371208512426e-01,1.503472035836176e-02,3.502491939613511e-02,8.593658904120346e-02,1.350394462773779e-01,1.103479223493940e-01,3.994958181741939e-02,2.603452392147252e-01,8.183857545822104e-02,6.034588523591988e-02,false
3,3.162000000000000e+16,1,6,CONTINUE,1.786490650075292e-02,3.465822448953763e-03,1.000000000000000e-09,1.259604574166670e-04,2.341710554268592e-14,6.411272599707373e-12,1.987237243074800e-08,9.586932499467526e-01,,,9.764850814107490e-02,2.349598242557992e+01,1.888847354893081e+01,1.807364518047344e-05,2.000188690891890e+02,REFINE_STALLED,REFINE_STALLED,,1,2,2,1,2,2,,,,6.859624077405196e+04,5.541140792362275e-02,6.859624036325629e+04,5.340544389593111e-02,,,2.456051463002024e-10,2.456056674681249e-10,,solution good enough for the tolerances given,solution good enough for the tolerances given,,2.456051463002024e-10,2.456056674681249e-10,,6.859624077405196e+04,9.226293911928190e-14,6.859624036325629e+04,9.226293911928190e-14,,,5.541067614070280e-02,5.340472479856650e-02,,3.163166284487981e-05,1.414219802603569e+00,1.396504037428316e-04,7.369778458448985e-05,2.000188690891889e+02,0.000000000000000e+00,4.121840435177960e-07,1.591433207437376e-09,9.999999984085668e-01,9.999997533345354e-01,9.999994189522106e-01,9.999989430821553e-01,9.999983365301607e-01,9.999981269876053e-01,9.999973124280422e-01,9.999966753407474e-01,9.999950736507087e-01,9.999950672199702e-01,1.761389967940584e-01,1.503463008912462e-02,3.502464693804773e-02,8.593610208226236e-02,1.350382785147025e-01,1.103484501228510e-01,3.994945140785516e-02,2.603450541244373e-01,8.183821974038404e-02,6.034617018627641e-02,false
3,1.000000000000000e+17,1,6,CONTINUE,1.786490650075292e-02,3.466399488537557e-03,1.000000000000000e-09,1.259604574166670e-04,2.341710554268592e-14,2.027244607830377e-12,6.283659066962965e-09,9.582949048999075e-01,,,9.764850812307836e-02,6.639740193286201e+01,6.243349210571925e+01,1.807364518047344e-05,2.000188690891890e+02,REFINE_STALLED,REFINE_STALLED,,1,2,2,1,2,2,,,,2.169394091185016e+05,5.541243694046914e-02,2.169394065803991e+05,5.343156301394621e-02,,,2.456051316889825e-10,2.456056660452833e-10,,solution good enough for the tolerances given,solution good enough for the tolerances given,,2.456051316889825e-10,2.456056660452833e-10,,2.169394091185016e+05,9.226293911928190e-14,2.169394065803991e+05,9.226293911928190e-14,,,5.541111979453869e-02,5.343024983267643e-02,,3.163159446962391e-05,1.414219802603568e+00,1.396504037428316e-04,7.369778458448985e-05,2.000188690891889e+02,0.000000000000000e+00,4.121862145115601e-07,1.591429432679092e-09,9.999999984085706e-01,9.999997533346531e-01,9.999994189526302e-01,9.999989430829298e-01,9.999983365303636e-01,9.999981269888791e-01,9.999973124295450e-01,9.999966753412051e-01,9.999950736512718e-01,9.999950672204856e-01,1.761395636506138e-01,1.503460571443927e-02,3.502456413386335e-02,8.593596426846800e-02,1.350380683645854e-01,1.103484621554424e-01,3.994940911217090e-02,2.603449969085027e-01,8.183862854183230e-02,6.034573715008244e-02,false
3,3.162000000000000e+17,1,6,CONTINUE,1.786490650075292e-02,3.469173412529489e-03,1.000000000000000e-09,1.259604574166670e-04,2.341710554268592e-14,6.411273507928637e-13,1.987241124850276e-09,9.569621821785710e-01,,,9.764850812127888e-02,2.107909389395521e+02,2.013453524262329e+02,1.807364518047344e-05,2.000188690891890e+02,REFINE_STALLED,REFINE_STALLED,,1,2,2,1,2,2,,,,6.859624130621476e+05,5.541432726750544e-02,6.859624037698103e+05,5.362471047769547e-02,,,2.456051263002629e-10,2.456056712085402e-10,,solution good enough for the tolerances given,solution good enough for the tolerances given,,2.456051263002629e-10,2.456056712085402e-10,,6.859624130621476e+05,9.226293911928190e-14,6.859624037698103e+05,9.226293911928190e-14,,,5.541047769533729e-02,5.362086203974351e-02,,3.163157285179037e-05,1.414219802603567e+00,1.396504037428316e-04,7.369778458448985e-05,2.000188690891889e+02,0.000000000000000e+00,4.121854291273468e-07,1.591430098812907e-09,9.999999984085699e-01,9.999997533347403e-01,9.999994189528352e-01,9.999989430832211e-01,9.999983365306419e-01,9.999981269894433e-01,9.999973124299927e-01,9.999966753413194e-01,9.999950736514053e-01,9.999950672206690e-01,1.761397523494289e-01,1.503459303024038e-02,3.502453398638052e-02,8.593590383466918e-02,1.350377998171159e-01,1.103486745557927e-01,3.994939696549044e-02,2.603449825923064e-01,8.183830159862610e-02,6.034606126994922e-02,false
3,1.000000000000000e+18,1,8,CONTINUE,1.786490650075292e-02,3.465702217649054e-03,1.000000000000000e-09,1.259604574166670e-04,2.341710554268592e-14,2.027244699906708e-13,6.283663450611846e-10,9.588716209032323e-01,,,9.764850812110835e-02,1.410665770573708e+01,5.687271266932513e+00,1.807364518047344e-05,2.000188690891890e+02,REFINE_STALLED,REFINE_STALLED,,1,3,3,1,3,3,,,,2.169394096193327e+06,1.384761470601564e-01,2.169394096722968e+06,1.384757811277834e-01,,,2.456051297571186e-10,2.456051281556330e-10,,solution good enough for the tolerances given,solution good enough for the tolerances given,,2.456051297571186e-10,2.456051281556330e-10,,2.169394096193327e+06,9.226293911928190e-14,2.169394096722968e+06,9.226293911928190e-14,,,5.541180990328649e-02,5.340175816743312e-02,,3.163156601545164e-05,1.414219802603567e+00,1.396504037428316e-04,7.369778458448985e-05,2.000188690891889e+02,0.000000000000000e+00,4.121862093867076e-07,1.591428322456068e-09,9.999999984085717e-01,9.999997533347348e-01,9.999994189528498e-01,9.999989430832804e-01,9.999983365305877e-01,9.999981269895120e-01,9.999973124301552e-01,9.999966753413798e-01,9.999950736514785e-01,9.999950672207096e-01,1.761398200833912e-01,1.503459216515496e-02,3.502452813468677e-02,8.593589651001332e-02,1.350378486540569e-01,1.103485993289603e-01,3.994939347895093e-02,2.603449669435097e-01,8.183859737442950e-02,6.034575732684703e-02,false
4,1.000000000000000e+00,0,4,CONTINUE,2.496761480925324e-04,2.495142440900277e-06,1.000000000000000e-09,1.760396664737173e-06,2.221658694300395e-14,2.265769697506129e-02,6.244293013110967e+01,9.900000000000000e-01,,,3.351830469664316e-03,1.948724524832935e-01,1.948850191961908e-03,1.807364518047344e-05,1.674686253645364e+04,REACHED_FORCE,REACHED_FORCE,,2,0,0,2,0,0,,,,1.441846564296662e-14,NaN,8.655599046911150e-15,NaN,,,1.555982886899923e-01,1.257478631149201e-04,,solution good enough for the tolerances given,solution good enough for the tolerances given,,2.682144594208912e-11,1.523586207020568e-11,,8.820334724581646e-18,1.441846564296662e-14,8.820334724581646e-18,8.655599046911150e-15,,,1.441846564296662e-14,8.655599046911150e-15,,1.712575713598542e-02,1.294173966439702e+02,1.387640270347975e-06,7.369778457748376e-07,1.674686253645364e+04,2.000000000000000e-01,4.757917199632004e-01,1.576219758345687e-02,9.842378024165431e-01,9.444748627129200e-01,8.312027530681212e-01,7.991074909187446e-01,5.916536179820499e-01,4.473540005988657e-01,2.996060713001272e-01,1.811163520971088e-01,8.007218229867283e-02,2.215569984177592e-02,3.609763202381064e-20,2.380569470128825e-20,9.047170882714229e-20,1.000000000000000e+00,2.735639201889886e-20,2.207426835119241e-20,1.686381499749636e-20,1.195147237281905e-20,6.392153097894348e-21,1.914090537130034e-21,false
4,3.162000000000000e+00,0,4,CONTINUE,2.496761480925324e-04,2.495142440900196e-06,1.000000000000000e-09,1.760396664737173e-06,2.221658694300395e-14,8.838246689933197e-03,3.757466344504835e+01,9.900000000000000e-01,,,3.351830460377061e-03,1.948724524832935e-01,1.948850191961816e-03,1.807364518047344e-05,1.674686253645364e+04,REACHED_FORCE,REACHED_FORCE,,2,0,0,2,0,0,,,,7.578487853309740e-15,NaN,3.584160442797001e-15,NaN,,,5.704438811753692e-02,4.610082777178922e-05,,solution good enough for the tolerances given,solution good enough for the tolerances given,,1.340213534460368e-11,7.533097480649396e-12,,8.820334724581646e-18,7.578487853309740e-15,3.511560737897067e-20,3.584160442797001e-15,,,7.578487853309740e-15,3.584160442797001e-15,,1.097501523218956e-02,7.278933974038972e+01,1.387640270347975e-06,7.369778457748376e-07,1.674686253645364e+04,2.000000000000000e-01,4.999979284946851e-01,8.346473059753112e-03,9.916535269402469e-01,9.263501523415292e-01,8.544080035591871e-01,7.399497372389854e-01,5.958424386729558e-01,4.541428814325577e-01,3.048369300280439e-01,1.771353307712020e-01,8.879892929334807e-02,2.718676025837218e-02,4.410677254764132e-20,1.000000000000000e+00,4.261325323457261e-20,4.896549469043239e-20,4.244950296366751e-20,4.113370312529397e-20,2.803501405958333e-20,2.050831521708295e-20,9.604529570957378e-21,2.930247783876897e-21,false
4,1.000000000000000e+01,0,4,CONTINUE,2.496761480925324e-04,2.495142440900189e-06,1.000000000000000e-09,1.760396664737173e-06,2.221658694300395e-14,2.970117060627587e-03,5.175311312500998e+00,9.900000000000000e-01,,,3.351830508234725e-03,1.948724524832935e-01,1.948850191961799e-03,1.807364518047344e-05,1.674686253645364e+04,REACHED_FORCE,REACHED_FORCE,,2,0,0,2,0,0,,,,2.964702790788690e-15,NaN,1.404417491563686e-15,NaN,,,1.899400726899818e-02,1.535014199819205e-05,,solution good enough for the tolerances given,solution good enough for the tolerances given,,6.340838016657751e-12,3.311931822930720e-12,,3.479721038047135e-20,2.964702790788690e-15,8.820334724581646e-18,1.404417491563686e-15,,,2.964702790788690e-15,1.404417491563686e-15,,6.912532174790948e-03,4.094735975975056e+01,1.387640270347975e-06,7.369778457748376e-07,1.674686253645364e+04,2.000000000000000e-01,4.071629447066304e-01,1.895622723971346e-02,9.810437727602865e-01,9.754768911027119e-01,8.711250619187074e-01,7.506657292298006e-01,6.113193868379982e-01,4.751033096884106e-01,3.407693052095487e-01,2.037943388723287e-01,9.630549707571989e-02,2.884445648322238e-02,1.590308278065415e-18,1.000000000000000e+00,9.817824267670135e-20,1.088402853560631e-19,8.402576219255721e-20,6.833941581952250e-20,7.553404225110342e-20,3.677729990157041e-20,2.112219557217592e-20,2.809469730119266e-21,false
4,3.162000000000000e+01,0,4,CONTINUE,2.496761480925324e-04,2.495142440900236e-06,1.000000000000000e-09,1.760396664737173e-06,2.221658694300395e-14,1.347571018676236e-03,3.977786402157369e+00,9.900000000000000e-01,,,3.351830570699744e-03,1.948724524832935e-01,1.948850191961806e-03,1.807364518047344e-05,1.674686253645364e+04,REACHED_FORCE,REACHED_FORCE,,2,0,0,2,0,0,,,,1.139229176323843e-15,NaN,4.767669745225043e-16,NaN,,,6.109399521384961e-03,4.937354653433693e-06,,solution good enough for the tolerances given,solution good enough for the tolerances given,,2.725750876678021e-12,1.283389739523946e-12,,1.149787092120513e-19,1.139229176323843e-15,8.820334724581646e-18,4.767669745225043e-16,,,1.139229176323843e-15,4.767669745225043e-16,,4.328716789144221e-03,2.305707730542525e+01,1.387640270347975e-06,7.369778457748376e-07,1.674686253645364e+04,2.000000000000000e-01,4.297413371364989e-01,7.887828389142593e-03,9.921121716108574e-01,9.463251374376628e-01,8.664335701180349e-01,7.566665617541730e-01,6.269547630126561e-01,4.668021096413841e-01,3.169905438313020e-01,2.243585216559451e-01,9.723647383743557e-02,4.086876935400623e-02,1.000000000000000e+00,1.822570445222130e-19,2.012921577511571e-19,1.893691080226775e-19,2.427878885853877e-19,1.575400598970044e-19,8.172248954240476e-20,8.592298272772851e-20,1.848367107068390e-20,3.675112556361689e-21,false
4,1.000000000000000e+02,0,3,CONTINUE,2.496761480925324e-04,2.495558503411160e-06,1.000000000000000e-09,1.760396664737173e-06,2.221658694300395e-14,4.470919964057880e-04,3.977786402158154e+00,9.900000000000000e-01,,,3.352124318031254e-03,1.948720578774396e-01,1.949240851757203e-03,1.807364518047344e-05,1.674686253645364e+04,REACHED_FORCE,REACHED_FORCE,,2,0,0,1,0,0,,,,3.880667907882676e-16,NaN,1.485339440577687e-10,NaN,,,1.942268134574537e-03,1.569657800065208e-06,,solution good enough for the tolerances given,solution good enough for the tolerances given,,1.035543044993794e-12,1.569657800065208e-06,,7.905897361992535e-19,3.880667907882676e-16,4.958474824693001e-19,1.485339440577687e-10,,,3.880667907882676e-16,1.485339440577687e-10,,2.722182841786632e-03,1.301801225278316e+01,1.387640270347975e-06,7.369778457748376e-07,1.674686253645364e+04,2.000000000000000e-01,3.686123043570974e-01,2.507656878158793e-03,9.974923431218412e-01,9.517081596649613e-01,8.669616935395269e-01,7.591521819653819e-01,6.404720681323937e-01,5.055420774058693e-01,3.539093887607414e-01,2.157189324222915e-01,1.148382608986842e-01,4.279583223346797e-02,1.000000000000000e+00,4.051562687976653e-19,5.129073218476074e-19,4.068128589470017e-19,2.469820081702543e-19,4.494316699683374e-19,9.276758528925304e-20,9.177366380104715e-20,1.790853060912719e-20,1.562045946407221e-21,false
4,3.162000000000000e+02,0,3,CONTINUE,2.496761480925324e-04,2.495274249152095e-06,1.000000000000000e-09,1.760396664737173e-06,2.221658694300395e-14,1.850095509486997e-04,3.977786402150751e+00,9.900000000000000e-01,,,3.351923601601290e-03,1.948723274726655e-01,1.948973952483486e-03,1.807364518047344e-05,1.674686253645364e+04,REACHED_FORCE,REACHED_FORCE,,2,0,0,1,0,0,,,,1.119841562473443e-16,NaN,4.705536282612507e-11,NaN,,,6.153080520272607e-04,4.972655763197380e-07,,solution good enough for the tolerances given,solution good enough for the tolerances given,,3.377387184384969e-13,4.972655763197380e-07,,8.820334724581646e-18,1.119841562473443e-16,2.829501070936956e-18,4.705536282612507e-11,,,1.119841562473443e-16,4.705536282612507e-11,,1.721462366709969e-03,7.413696599605631e+00,1.387640270347975e-06,7.369778457748376e-07,1.674686253645364e+04,2.000000000000000e-01,4.538730650582594e-01,7.944224802892697e-04,9.992055775197107e-01,9.568216378595747e-01,8.879041515639269e-01,7.735475221875612e-01,6.550835043608740e-01,4.956433306029329e-01,4.083244571128682e-01,2.613380584400055e-01,1.093810469164716e-01,5.526690496371207e-02,1.000000000000000e+00,9.012779567528259e-19,7.782463082350423e-19,1.099421378851647e-18,3.194726052533623e-19,3.176532936568703e-19,1.841262189255361e-19,8.093071482335445e-20,8.360959998371522e-21,2.380250456055293e-22,false
4,1.000000000000000e+03,0,3,CONTINUE,2.496761480925324e-04,2.495184141340594e-06,1.000000000000000e-09,1.760396664737173e-06,2.221658694300395e-14,7.472040579392821e-05,3.977786402183678e+00,9.900000000000000e-01,,,3.351860048110578e-03,1.948724129334483e-01,1.948889346308458e-03,1.807364518047344e-05,1.674686253645364e+04,REACHED_FORCE,REACHED_FORCE,,2,0,0,1,0,0,,,,2.709198131745146e-17,NaN,1.488699272850639e-11,NaN,,,1.946661537849889e-04,1.573208360152452e-07,,solution good enough for the tolerances given,solution good enough for the tolerances given,,9.165575192931389e-14,1.573208360152452e-07,,1.152578247612455e-17,2.709198131745146e-17,2.217299046066537e-17,1.488699272850639e-11,,,2.709198131745146e-17,1.488699272850639e-11,,1.090332916829744e-03,4.329766758790791e+00,1.387640270347975e-06,7.369778457748376e-07,1.674686253645364e+04,2.000000000000000e-01,3.687564345265210e-01,2.513329188646996e-04,9.997486670811353e-01,9.649617104062478e-01,9.043422978619411e-01,7.941435816708938e-01,7.058170055546599e-01,5.427911291648574e-01,4.813880795892631e-01,2.735038036505787e-01,1.685869331193046e-01,6.952543693327383e-02,1.000000000000000e+00,1.516290552274830e-18,1.708709808324812e-18,6.314353611836920e-19,8.143030720702006e-19,2.995431038665107e-19,5.977296340986075e-20,5.267264122098388e-20,8.540129226852758e-22,1.865873077481092e-22,false
4,3.162000000000000e+03,0,3,CONTINUE,2.496761480925324e-04,2.495155631163869e-06,1.000000000000000e-09,1.760396664737173e-06,2.221658694300395e-14,6.518806026937001e-05,3.977786402246981e+00,9.900000000000000e-01,,,3.351839945989931e-03,1.948724399732863e-01,1.948862576868946e-03,1.807364518047344e-05,1.674686253645364e+04,REACHED_FORCE,REACHED_FORCE,,2,0,0,1,0,0,,,,4.805544652168678e-17,NaN,4.708903055236638e-12,NaN,,,6.157482998897255e-05,4.976213657614859e-08,,solution good enough for the tolerances given,solution good enough for the tolerances given,,2.019105533173905e-14,4.976213657614859e-08,,4.805544652168678e-17,5.425945341952064e-18,4.301227503957038e-17,4.708903055236638e-12,,,4.805544652168678e-17,4.708903055236638e-12,,6.866295937247157e-04,2.701167453392861e+00,1.387640270347975e-06,7.369778457748376e-07,1.674686253645364e+04,2.000000000000000e-01,2.468849700331789e-01,7.949908830362507e-05,9.999205009116964e-01,9.722783036183609e-01,9.106026686928516e-01,8.580780814918663e-01,7.740577287687445e-01,5.562745087900606e-01,5.217805531492328e-01,3.486763585962516e-01,2.145800719604301e-01,1.708982957587596e-01,1.000000000000000e+00,2.756175186697827e-18,1.554666268842092e-18,6.964977288128359e-19,6.425856773326362e-19,1.364814773478193e-19,7.678772309422075e-20,2.198526664453648e-21,7.064277765078861e-22,6.114796777917956e-22,false
4,1.000000000000000e+04,0,3,CONTINUE,2.496761480925324e-04,2.495146611888286e-06,1.000000000000000e-09,1.760396664737173e-06,2.221658694300395e-14,6.383605621055991e-05,3.977786402301300e+00,9.900000000000000e-01,,,3.351833618714743e-03,1.948724485274144e-01,1.948854108282116e-03,1.807364518047344e-05,1.674686253645364e+04,REACHED_FORCE,REACHED_FORCE,,2,0,0,1,0,0,,,,1.236180340929453e-16,NaN,1.489036092253219e-12,NaN,,,1.947101971589564e-05,1.573564299799283e-08,,solution good enough for the tolerances given,solution good enough for the tolerances given,,3.665930252500467e-15,1.573564299799283e-08,,1.236180340929453e-16,8.576608316689615e-19,1.020440739380496e-16,1.489036092253219e-12,,,1.236180340929453e-16,1.489036092253219e-12,,4.246306986698292e-04,1.916951721541635e+00,1.387640270347975e-06,7.369778457748376e-07,1.674686253645364e+04,2.000000000000000e-01,1.838682530565609e-01,2.513897831324385e-05,9.999748610216868e-01,9.819635599309144e-01,9.510719802309635e-01,9.114332572452030e-01,7.898335268215766e-01,7.047090656607355e-01,5.983253026148783e-01,4.737938163579654e-01,4.313334149512821e-01,3.896337453858060e-01,1.000000000000000e+00,2.892095204749077e-18,1.535899968696027e-18,7.454835529699150e-19,4.418002401466955e-19,1.217395866698913e-20,5.224369076344504e-21,3.707204245050292e-21,4.703642200279714e-21,2.763438602580156e-21,false
4,3.162000000000000e+04,0,3,CONTINUE,2.496761480925324e-04,2.495143760020532e-06,1.000000000000000e-09,1.760396664737173e-06,2.221658694300395e-14,6.275208857298079e-05,3.977786402346262e+00,9.900000000000000e-01,,,3.351831593196831e-03,1.948724512322036e-01,1.948851430540624e-03,1.807364518047344e-05,1.674686253645364e+04,REACHED_FORCE,REACHED_FORCE,,2,0,0,1,0,0,,,,1.298099161633159e-16,NaN,4.709239997316035e-13,NaN,,,6.157923593277833e-06,4.976569726858358e-09,,solution good enough for the tolerances given,solution good enough for the tolerances given,,4.963299103857192e-16,4.976569726858358e-09,,1.298099161633159e-16,1.064468507944959e-19,2.135914614459316e-16,4.709239997316035e-13,,,1.298099161633159e-16,4.709239997316035e-13,,2.545735270710054e-04,1.590486229206450e+00,1.387640270347975e-06,7.369778457748376e-07,1.674686253645364e+04,2.000000000000000e-01,1.150747656287509e-01,7.950477680318535e-06,9.999920495223197e-01,9.907768569085280e-01,9.733378325869723e-01,9.232564377137205e-01,8.927241489035932e-01,8.338126576278648e-01,7.678697015288959e-01,7.134399862111633e-01,6.788113302295810e-01,6.649041788898715e-01,1.000000000000000e+00,3.245118810179344e-18,1.358031949846021e-18,5.485326159037105e-19,2.353127756219777e-20,1.061861251333085e-20,1.615429028864743e-21,8.690122625658357e-21,2.876371712569483e-21,3.247369984973404e-21,false
4,1.000000000000000e+05,0,3,CONTINUE,2.496761480925324e-04,2.495142858012131e-06,1.000000000000000e-09,1.760396664737173e-06,2.221658694300395e-14,6.129702646501966e-05,3.977786404256675e+00,9.900000000000000e-01,,,3.351831000206149e-03,1.948724520876932e-01,1.948850583606066e-03,1.807364518047344e-05,1.674686253645364e+04,REACHED_FORCE,REACHED_FORCE,,2,0,0,1,0,0,,,,8.844648819261694e-16,NaN,1.489069782533323e-13,NaN,,,1.947146025925078e-06,1.573599902588854e-09,,solution good enough for the tolerances given,solution good enough for the tolerances given,,6.678480087329291e-17,1.573599902588854e-09,,8.844648819261694e-16,1.357242769946263e-20,4.576649143922277e-16,1.489069782533323e-13,,,8.844648819261694e-16,1.489069782533323e-13,,1.478264908194870e-04,1.472238524981808e+00,1.387640270347975e-06,7.369778457748376e-07,1.674686253645364e+04,2.000000000000000e-01,2.766765823993151e-02,2.513954708516231e-06,9.999974860452915e-01,9.966625580969021e-01,9.907910405520427e-01,9.739359429599067e-01,9.493361291728465e-01,9.306625535158964e-01,8.940701392428744e-01,8.837355800678380e-01,8.666781588766531e-01,8.597416961714907e-01,1.000000000000000e+00,3.166591990709811e-18,1.114815973107450e-18,5.775402938067875e-19,1.443112905983521e-20,5.900536330115378e-21,8.714959161295910e-21,2.555822544982696e-20,6.215966992762439e-21,1.793126709870592e-21,false
4,3.162000000000000e+05,0,2,CONTINUE,2.496761480925324e-04,2.495014428156383e-06,1.000000000000000e-09,1.760396664737173e-06,2.221658694300395e-14,6.180715352244244e-05,3.977786400235381e+00,9.899998538732089e-01,,,3.351830798733869e-03,1.948726069164552e-01,1.948725779240444e-03,1.807364518047344e-05,1.674686253645364e+04,REACHED_FORCE,REACHED_FORCE,,1,0,0,1,0,0,,,,5.827175982656932e-11,NaN,4.718532034987336e-14,NaN,,,6.157967656182281e-07,4.986389246413758e-10,,solution good enough for the tolerances given,solution good enough for the tolerances given,,6.157967656182281e-07,4.986389246413758e-10,,2.127205652573295e-15,5.827175982656932e-11,1.270393835571199e-15,4.718532034987336e-14,,,5.827175982656932e-11,4.718532034987336e-14,,8.418669145844234e-05,1.432822574046766e+00,1.387640270347975e-06,7.369778457748376e-07,1.674686253645364e+04,2.000000000000000e-01,9.827560808714480e-03,7.950534574030499e-07,9.999992049465426e-01,9.986013262043141e-01,9.960839508750072e-01,9.912402838646330e-01,9.812573023545537e-01,9.751800375231892e-01,9.640513881413725e-01,9.592969524342748e-01,9.539213670550609e-01,9.513226178805143e-01,1.000000000000000e+00,3.212399128382408e-18,5.772631224449958e-19,6.093710638489563e-19,7.354446003512018e-20,7.730311970215253e-20,9.671737686746545e-20,6.940068796997584e-20,4.427983666230425e-20,5.747926924424246e-21,true
4,1.000000000000000e+06,0,2,CONTINUE,2.496761480925324e-04,2.495090434942144e-06,1.000000000000000e-09,1.760396664737173e-06,2.221658694300395e-14,6.055165093343638e-05,3.977786395439552e+00,9.900000000000000e-01,,,3.351830857428257e-03,1.948725013150826e-01,1.948801848490563e-03,1.807364518047344e-05,1.674686253645364e+04,REACHED_FORCE,REACHED_FORCE,,1,0,0,1,0,0,,,,1.842554047434884e-11,NaN,1.489998823445274e-14,NaN,,,1.947150431468408e-07,1.574581682419855e-10,,solution good enough for the tolerances given,solution good enough for the tolerances given,,1.947150431468408e-07,1.574581682419855e-10,,7.580166927636804e-15,1.842554047434884e-11,6.392591352891599e-15,1.489998823445274e-14,,,1.842554047434884e-11,1.489998823445274e-14,,4.754452933360335e-05,1.420128343359334e+00,1.387640270347975e-06,7.369778457748376e-07,1.674686253645364e+04,2.000000000000000e-01,3.607700065624911e-03,2.513960402072968e-07,9.999997486039598e-01,9.995639749726282e-01,9.988046269480074e-01,9.971545722424178e-01,9.935394230123263e-01,9.920153184929337e-01,9.881423751755538e-01,9.870709387053888e-01,9.849698764827872e-01,9.837534820783048e-01,1.000000000000000e+00,2.506459719039309e-18,5.467213283269469e-19,9.142776190568956e-20,9.419860592809140e-20,7.461459478940169e-20,8.781266671504253e-20,3.977451472079293e-19,1.739759442774061e-20,1.819522984264474e-20,false
4,3.162000000000000e+06,0,2,CONTINUE,2.496761480925324e-04,2.495125993881342e-06,1.000000000000000e-09,1.760396664737173e-06,2.221658694300395e-14,6.092521901566805e-05,3.977786440889889e+00,9.900000000000000e-01,,,3.351835006453366e-03,1.948724679264734e-01,1.948834903217158e-03,1.807364518047344e-05,1.674686253645364e+04,REACHED_FORCE,REACHED_FORCE,,1,0,0,1,0,0,,,,5.827180152282947e-12,NaN,3.163931703644694e-14,NaN,,,6.157972062509589e-08,4.977587284213932e-11,,solution good enough for the tolerances given,solution good enough for the tolerances given,,6.157972062509589e-08,4.977587284213932e-11,,2.542020022683519e-14,5.827180152282947e-12,3.163931703644694e-14,4.710202888641400e-15,,,5.827180152282947e-12,3.163931703644694e-14,,2.677496695377911e-05,1.416091076533662e+00,1.387640270347975e-06,7.369778457748376e-07,1.674686253645364e+04,2.000000000000000e-01,1.759538620082604e-03,7.950540181766996e-08,9.999999204945982e-01,9.997453197908500e-01,9.991587171694100e-01,9.983463881934973e-01,9.977591727984089e-01,9.971984183412314e-01,9.962178530882474e-01,9.958093498460758e-01,9.952354224371686e-01,9.948359255423720e-01,1.000000000000000e+00,6.142463081369953e-18,1.767741978790784e-17,6.877325922604191e-18,3.087311172438950e-17,5.735118153292719e-18,2.633116253115783e-17,2.724777427713652e-17,9.020666333555830e-18,5.874106440245306e-19,false
4,1.000000000000000e+07,0,2,CONTINUE,2.496761480925324e-04,2.495137240791450e-06,1.000000000000000e-09,1.760396664737173e-06,2.221658694300395e-14,6.039184512177451e-05,3.977786410071587e+00,9.900000000000000e-01,,,3.351852968702747e-03,1.948724573660162e-01,1.948845358171866e-03,1.807364518047344e-05,1.674686253645364e+04,REACHED_FORCE,REACHED_FORCE,,1,0,0,1,0,0,,,,1.842554464325862e-12,NaN,3.626068389310498e-14,NaN,,,1.947150872030118e-08,1.573701632242149e-11,,solution good enough for the tolerances given,solution good enough for the tolerances given,,1.947150872030118e-08,1.573701632242149e-11,,3.939303583912713e-14,1.842554464325862e-12,3.626068389310498e-14,1.489166049771702e-15,,,1.842554464325862e-12,3.626068389310498e-14,,1.506272944173156e-05,1.414811766748396e+00,1.387640270347975e-06,7.369778457748376e-07,1.674686253645364e+04,2.000000000000000e-01,4.559543552596846e-04,2.513960961625372e-08,9.999999748603904e-01,9.999042346955453e-01,9.997358620724455e-01,9.995433175818933e-01,9.993579088979045e-01,9.991493881422591e-01,9.988230580851626e-01,9.986592959388049e-01,9.985009641191142e-01,9.983468846123194e-01,9.999999999999964e-01,1.564444075774196e-16,3.831194054946398e-16,2.303865405938102e-16,8.270114492033604e-16,3.668673275107880e-16,1.126631386812415e-15,5.099776011509608e-16,4.597108420750953e-16,1.183330877250090e-17,false
4,3.162000000000000e+07,0,2,CONTINUE,2.496761480925324e-04,2.495140788806521e-06,1.000000000000000e-09,1.760396664737173e-06,2.221658694300395e-14,6.014109632038124e-05,3.977785592375790e+00,9.900000000000000e-01,,,3.351853955522485e-03,1.948724540345538e-01,1.948848656416687e-03,1.807364518047344e-05,1.674686253645364e+04,REACHED_FORCE,REACHED_FORCE,,1,0,0,1,0,0,,,,5.827180569305052e-13,NaN,1.071756705876676e-13,NaN,,,6.157972503253396e-09,4.976707214312529e-12,,solution good enough for the tolerances given,solution good enough for the tolerances given,,6.157972503253396e-09,4.976707214312529e-12,,8.762020862225343e-14,5.827180569305052e-13,1.071756705876676e-13,4.709370036490585e-16,,,5.827180569305052e-13,1.071756705876676e-13,,8.471924828913642e-06,1.414407041085519e+00,1.387640270347975e-06,7.369778457748376e-07,1.674686253645364e+04,2.000000000000000e-01,1.198996507754563e-04,7.950542446621967e-09,9.999999920494576e-01,9.999718932378653e-01,9.999191971292675e-01,9.998668836886636e-01,9.997984454254093e-01,9.997347127287964e-01,9.996292377090289e-01,9.995780761066121e-01,9.995268642249814e-01,9.994744204273575e-01,9.999999999999931e-01,2.643010725639894e-16,6.946762238834547e-16,4.189779290243057e-16,1.104553959067025e-15,7.573312826717931e-16,2.556705579208810e-15,9.332894422155978e-16,9.267966472794785e-16,2.020987780850605e-17,false
4,1.000000000000000e+08,0,2,CONTINUE,2.496761480925324e-04,2.495141920718658e-06,1.000000000000000e-09,1.760396664737173e-06,2.221658694300395e-14,6.076436175190156e-05,3.977787431113307e+00,9.900000000000000e-01,,,3.351871840412124e-03,1.948724529717346e-01,1.948849709290239e-03,1.807364518047344e-05,1.674686253645364e+04,REACHED_FORCE,REACHED_FORCE,,1,0,0,1,0,0,,,,4.960701377182559e-13,NaN,7.342791049881599e-13,NaN,,,1.947150916104922e-09,1.573613629762464e-12,,solution good enough for the tolerances given,solution good enough for the tolerances given,,1.947150916104922e-09,1.573613629762464e-12,,4.960701377182559e-13,1.842554506087676e-13,7.342791049881599e-13,1.489082724821308e-16,,,4.960701377182559e-13,7.342791049881599e-13,,4.764035842480704e-06,1.414279009849696e+00,1.387640270347975e-06,7.369778457748376e-07,1.674686253645364e+04,2.000000000000000e-01,4.916062993824696e-05,2.513960373207169e-09,9.999999974860396e-01,9.999914856284606e-01,9.999727227171881e-01,9.999558288310997e-01,9.999276189205820e-01,9.999212585221787e-01,9.998744639037591e-01,9.998691735940421e-01,9.998434066382551e-01,9.998354569309864e-01,9.999999999999647e-01,5.570950304645505e-16,7.979096627173118e-15,6.317784390470760e-16,8.779820879024541e-15,2.572473366605878e-15,2.030622250444423e-15,1.164433022688443e-14,1.423685776887516e-15,2.473348784226651e-16,false
4,3.162000000000000e+08,0,2,CONTINUE,2.496761480925324e-04,2.495142205835673e-06,1.000000000000000e-09,1.760396664737173e-06,2.221658694300395e-14,6.073873423808728e-05,3.977792286401471e+00,9.900000000000000e-01,,,3.352273707882860e-03,1.948724527043281e-01,1.948850005117001e-03,1.807364518047344e-05,1.674686253645364e+04,REACHED_FORCE,REACHED_FORCE,,1,0,0,1,0,0,,,,4.270787628608126e-12,NaN,5.405380919960867e-12,NaN,,,6.157972549368339e-10,4.976621119712627e-13,,solution good enough for the tolerances given,solution good enough for the tolerances given,,6.157972549368339e-10,4.976621119712627e-13,,4.270787628608126e-12,5.827180612616543e-14,5.405380919960867e-12,4.709286194981129e-17,,,4.270787628608126e-12,5.405380919960867e-12,,2.679151940143013e-06,1.414238527249097e+00,1.387640270347975e-06,7.369778457748376e-07,1.674686253645364e+04,2.000000000000000e-01,1.635665034933789e-05,7.950529123945671e-10,9.999999992049471e-01,9.999972656295915e-01,9.999914904865570e-01,9.999850335393836e-01,9.999789574134668e-01,9.999717692559630e-01,9.999625196609124e-01,9.999571403145058e-01,9.999521506858454e-01,9.999479345309964e-01,9.999999999987574e-01,6.416658662437337e-14,1.587236151631021e-13,7.854070236400246e-14,2.238294487717412e-13,6.028631224035535e-14,3.690870392895770e-13,1.571951515580224e-13,1.246820025102155e-13,7.435387482511608e-15,false
4,1.000000000000000e+09,0,2,CONTINUE,2.496761480925324e-04,2.495142183672597e-06,1.000000000000000e-09,1.760396664737173e-06,2.221658694300395e-14,6.081946798902542e-05,3.977808871760182e+00,9.900000000000000e-01,,,3.352698709912799e-03,1.948724527261217e-01,1.948850081441192e-03,1.807364518047344e-05,1.674686253645364e+04,REACHED_FORCE,REACHED_FORCE,,1,0,0,1,0,0,,,,1.382351191346722e-11,NaN,1.523914677722124e-11,NaN,,,1.947150922749994e-10,1.573607150436898e-13,,solution good enough for the tolerances given,solution good enough for the tolerances given,,1.947150922749994e-10,1.573607150436898e-13,,1.382351191346722e-11,1.842554512445326e-14,1.523914677722124e-11,1.489074877097081e-17,,,1.382351191346722e-11,1.523914677722124e-11,,1.505763732660101e-06,1.414225723121528e+00,1.387640270347975e-06,7.369778457748376e-07,1.674686253645364e+04,2.000000000000000e-01,5.691028923552647e-06,2.513946828486269e-10,9.999999997486053e-01,9.999991780704017e-01,9.999973823265689e-01,9.999950508718082e-01,9.999927138807917e-01,9.999905979910836e-01,9.999880761493080e-01,9.999865882322239e-01,9.999848298675030e-01,9.999835581666326e-01,9.999999999949500e-01,2.470888687811042e-13,3.551879243003019e-13,1.787359951589422e-13,1.655991378224318e-12,1.479467773924304e-13,1.344597133441152e-12,7.842546463891050e-13,3.202953932384316e-13,1.706869713259683e-14,false
4,3.162000000000000e+09,0,2,CONTINUE,2.496761480925324e-04,2.495291618035427e-06,1.000000000000000e-09,1.760396664737173e-06,2.221658694300395e-14,6.030309408711350e-05,3.977825617396275e+00,9.899994004848819e-01,,,3.359637326017133e-03,1.948724530213030e-01,1.948982300663873e-03,1.807364518047344e-05,1.674686253645364e+04,REACHED_FORCE,REACHED_FORCE,,1,0,0,1,0,0,,,,5.062623813572652e-11,NaN,2.541242798411263e-11,NaN,,,6.157972564276805e-11,4.977673497502969e-14,,solution good enough for the tolerances given,solution good enough for the tolerances given,,6.157972564276805e-11,4.977673497502969e-14,,5.062623813572652e-11,5.827180633477582e-15,2.541242798411263e-11,4.709280234684248e-18,,,5.062623813572652e-11,2.541242798411263e-11,,8.458139344506210e-07,1.414221674761080e+00,1.387640270347975e-06,7.369778457748376e-07,1.674686253645364e+04,2.000000000000000e-01,1.343846260249620e-06,7.950462510564194e-11,9.999999999204954e-01,9.999996829458746e-01,9.999991852654738e-01,9.999986082776008e-01,9.999979939288119e-01,9.999973411828010e-01,9.999962867403710e-01,9.999957926307653e-01,9.999952691447633e-01,9.999947555945398e-01,9.999999993952449e-01,1.996153092561435e-11,5.506575629714988e-11,2.721938194178219e-11,1.174827163742299e-10,5.769372321648327e-11,1.695212123190311e-10,8.213069333581293e-11,7.410611344547658e-11,1.574936330014675e-12,false
4,1.000000000000000e+10,0,2,CONTINUE,2.496761480925324e-04,2.495388009322439e-06,1.000000000000000e-09,1.760396664737173e-06,2.221658694300395e-14,6.043451585325001e-05,3.977777252278572e+00,9.899990110545248e-01,,,3.357547534686325e-03,1.948724539544593e-01,1.949077864749403e-03,1.807364518047344e-05,1.674686253645364e+04,REACHED_FORCE,REACHED_FORCE,,1,0,0,1,0,0,,,,5.921813033004584e-11,NaN,4.843461719193257e-11,NaN,,,1.947150919734600e-11,1.574358761850090e-14,,solution good enough for the tolerances given,solution good enough for the tolerances given,,1.947150919734600e-11,1.574358761850090e-14,,5.921813033004584e-11,1.842554515425474e-15,4.843461719193257e-11,1.489090771222097e-18,,,5.921813033004584e-11,4.843461719193257e-11,,4.754515956017479e-07,1.414220394338282e+00,1.387640270347975e-06,7.369778457748376e-07,1.674686253645364e+04,2.000000000000000e-01,4.793392971225840e-07,2.513966812500712e-11,9.999999999748603e-01,9.999999011142013e-01,9.999997471059356e-01,9.999995269082791e-01,9.999993312233858e-01,9.999991634468812e-01,9.999988221117944e-01,9.999986544126119e-01,9.999984955515587e-01,9.999983453191753e-01,9.999999985628119e-01,6.947332245466888e-11,1.286738228463093e-10,8.561944085061019e-11,2.890374888159213e-10,2.012353616587627e-10,3.469350842095736e-10,1.605325873286839e-10,1.519312385007040e-10,3.750741812826820e-12,false
4,3.162000000000000e+10,0,2,CONTINUE,2.496761480925324e-04,2.495633903620941e-06,1.000000000000000e-09,1.760396664737173e-06,2.221658694300395e-14,6.030923149213979e-05,3.977792289532401e+00,9.899980365067709e-01,,,3.329465069947439e-03,1.948724521193284e-01,1.949342857922911e-03,1.807364518047344e-05,1.674686253645364e+04,REACHED_FORCE,REACHED_FORCE,,1,0,0,1,0,0,,,,3.703151311567705e-10,NaN,3.256901788814857e-10,NaN,,,6.157972560913279e-12,4.983317311152280e-15,,solution good enough for the tolerances given,solution good enough for the tolerances given,,6.157972560913279e-12,4.983317311152280e-15,,3.703151311567705e-10,5.827180703014379e-16,3.256901788814857e-10,4.709329903824921e-19,,,3.703151311567705e-10,3.256901788814857e-10,,2.692414841766358e-07,1.414219989501234e+00,1.387640270347975e-06,7.369778457748376e-07,1.674686253645364e+04,2.000000000000000e-01,1.365550151734705e-07,7.950529123945671e-12,9.999999999920495e-01,9.999999687438434e-01,9.999999149432330e-01,9.999998544669961e-01,9.999997819542635e-01,9.999997370452787e-01,9.999996266288604e-01,9.999995761627637e-01,9.999995227212387e-01,9.999994756103489e-01,9.999999955966294e-01,1.512022961115437e-10,3.758879796324627e-10,2.492213515867406e-10,1.042436169733124e-09,6.492724941576406e-10,1.192779307541718e-09,4.938709165367060e-10,2.346466608295205e-10,1.405471647277260e-11,false
4,1.000000000000000e+11,0,2,CONTINUE,2.496761480925324e-04,2.497949408169969e-06,1.000000000000000e-09,1.760396664737173e-06,2.221658694300395e-14,6.058841630438265e-05,3.977039586152571e+00,9.899887504473562e-01,,,3.333352701340636e-03,1.948724812044744e-01,1.953869130827382e-03,1.807364518047344e-05,1.674686253645364e+04,REACHED_FORCE,REACHED_FORCE,,1,0,0,1,0,0,,,,8.835472127445267e-10,NaN,7.275673704898410e-10,NaN,,,1.947150998142741e-12,1.634346383203157e-15,,solution good enough for the tolerances given,solution good enough for the tolerances given,,1.947150998142741e-12,1.634346383203157e-15,,8.835472127445267e-10,1.842554555160787e-16,7.275673704898410e-10,2.182091547071868e-19,,,8.835472127445267e-10,7.275673704898410e-10,,1.415729932590068e-07,1.414219861458853e+00,1.387640270347975e-06,7.369778457748376e-07,1.674686253645364e+04,2.000000000000000e-01,3.912307791351996e-08,2.514433106171055e-12,9.999999999974856e-01,9.999999916267306e-01,9.999999733106990e-01,9.999999544182118e-01,9.999999308372171e-01,9.999999096492684e-01,9.999998780796574e-01,9.999998657623573e-01,9.999998470949522e-01,9.999998349519766e-01,9.999998921054751e-01,4.105133236023296e-09,1.334425339587753e-08,5.395486039513287e-09,1.645134478571820e-08,6.228430635119143e-09,3.421961593657253e-08,2.030482448801357e-08,6.936831801725860e-09,9.086054763397752e-10,false
4,3.162000000000000e+11,0,2,CONTINUE,2.496761480925324e-04,2.506352904062221e-06,1.000000000000000e-09,1.760396664737173e-06,2.221658694300395e-14,6.063817314497912e-05,-9.999999999992024e-01,9.899550272723490e-01,,,3.798072306888673e-03,1.948730357987170e-01,2.012788749568685e-03,1.807364518047344e-05,1.674686253645364e+04,REACHED_FORCE,REACHED_FORCE,,1,0,0,1,0,0,,,,3.856829708289553e-09,NaN,2.850303266968858e-09,NaN,,,6.157979965028880e-13,7.568461627673316e-16,,solution good enough for the tolerances given,solution good enough for the tolerances given,,6.157979965028880e-13,7.568461627673316e-16,,3.856829708289553e-09,5.827180603676098e-17,2.850303266968858e-09,2.638443586501707e-19,,,3.856829708289553e-09,2.850303266968858e-09,,7.361678046679845e-08,1.414219820975138e+00,1.387640270347975e-06,7.369778457748376e-07,1.674686253645364e+04,2.000000000000000e-01,1.045527298190806e-08,7.975842208907125e-13,9.999999999992024e-01,9.999999970694819e-01,9.999999926065446e-01,9.999999846520004e-01,9.999999790713744e-01,9.999999670282724e-01,9.999999620034129e-01,9.999999548902144e-01,9.999999529754816e-01,9.999999478454740e-01,9.999975609150531e-01,1.049078895233147e-07,2.756420530247019e-07,4.551950375895346e-07,4.581660057807329e-07,5.846692334368106e-07,2.752033622654043e-07,1.496910293724100e-07,1.331317342572631e-07,2.478603449425859e-09,false
4,1.000000000000000e+12,0,2,CONTINUE,2.496761480925324e-04,2.532949045131815e-06,1.000000000000000e-09,1.760396664737173e-06,2.221658694300395e-14,6.084137325851167e-05,-9.999999999997475e-01,9.898486225664147e-01,,,6.354642597494672e-03,1.948809154179219e-01,2.675690355028022e-03,1.807364518047344e-05,1.674686253645364e+04,REACHED_FORCE,REACHED_FORCE,,1,0,0,1,0,0,,,,1.117891074707342e-08,NaN,1.797740298408266e-08,NaN,,,1.947189174526081e-13,6.735671550332183e-16,,solution good enough for the tolerances given,solution good enough for the tolerances given,,1.947189174526081e-13,6.735671550332183e-16,,1.117891074707342e-08,1.842554257145943e-17,1.797740298408266e-08,3.001563511748488e-19,,,1.117891074707342e-08,1.797740298408266e-08,,3.158377173735693e-08,1.414219808170899e+00,1.387640270347975e-06,7.369778457748376e-07,1.674686253645364e+04,2.000000000000000e-01,2.284069531315422e-09,2.524647157997606e-13,9.999999999997475e-01,9.999999992649471e-01,9.999999979380332e-01,9.999999975508913e-01,9.999999935477843e-01,9.999999933946584e-01,9.999999877582020e-01,9.999999873026530e-01,9.999999843458421e-01,9.999999835638164e-01,9.999608500086519e-01,1.239191408917892e-06,1.625117705016224e-06,7.431956429860116e-06,1.216654425439370e-05,5.990343664652104e-06,5.884390876462189e-07,9.286161425925082e-06,8.039339348506814e-07,1.830343798069565e-08,false
4,3.162000000000000e+12,1,7,CONTINUE,2.496761480925324e-04,1.515750767653970e-05,1.000000000000000e-09,1.760396664737173e-06,2.221658694300395e-14,6.054858168590430e-08,1.176600487507169e-04,9.319351825445343e-01,,,1.612669655359005e-03,2.575479261582770e+00,2.393182835371352e+00,1.807364518047344e-05,1.674686253645364e+04,REFINE_STALLED,REFINE_STALLED,,1,3,3,1,2,2,,,,6.859625610883809e-02,1.401095434623861e-03,6.859625303253652e-02,1.399367986877235e-03,,,3.094641354891374e-12,3.041621399072560e-12,,solution good enough for the tolerances given,solution good enough for the tolerances given,,3.094641354891374e-12,3.041621399072560e-12,,6.859625610883809e-02,1.303503181126701e-15,6.859625303253652e-02,1.262987910346654e-15,,,4.656367334961118e-04,8.693272189516115e-04,,4.214959054042517e-05,1.414219804476079e+00,1.387640270347975e-06,7.369778457748376e-07,1.674686253645364e+04,2.000000000000000e-01,7.727171722677438e-07,2.687875255702465e-09,9.999999973121247e-01,9.999996714680156e-01,9.999992279608858e-01,9.999986861567715e-01,9.999981954178295e-01,9.999973090522132e-01,9.999964878902359e-01,9.999962414025708e-01,9.999948340245620e-01,9.999947768572968e-01,1.005125462731243e-01,2.578131470973467e-02,6.256942847327411e-02,1.218701820711798e-01,2.126793283881105e-01,1.195272238437716e-01,1.900125572683664e-01,6.117178972557014e-02,4.760419527901823e-04,1.053995872940780e-01,false
4,1.000000000000000e+13,1,10,CONTINUE,2.496761480925324e-04,1.387679733162311e-05,1.000000000000000e-09,1.760396664737173e-06,2.221658694300395e-14,1.969029220273767e-08,4.928716174425772e-05,9.306421189330153e-01,,,1.609478065070784e-03,3.733519680132058e+00,3.469666383348517e+00,1.807364518047344e-05,1.674686253645364e+04,REFINE_STALLED,REFINE_STALLED,,1,4,4,1,4,4,,,,2.169394375264984e-01,7.762245928068307e-03,2.169394348975801e-01,7.757666297515629e-03,,,2.709024629821378e-12,2.683055418171018e-12,,solution good enough for the tolerances given,solution good enough for the tolerances given,,2.709024629821378e-12,2.683055418171018e-12,,2.169394375264984e-01,9.796818311863074e-16,2.169394348975801e-01,9.632158149477694e-16,,,7.207415901496314e-04,1.198253411739046e-03,,4.194869132676239e-05,1.414219803195656e+00,1.387640270347975e-06,7.369778457748376e-07,1.674686253645364e+04,2.000000000000000e-01,4.844041492503460e-07,2.028925916164326e-09,9.999999979710741e-01,9.999997045059773e-01,9.999992955135226e-01,9.999987712234319e-01,9.999982831925683e-01,9.999977276057446e-01,9.999968504953396e-01,9.999965663813779e-01,9.999949280023013e-01,9.999949213809979e-01,1.376281980121382e-01,2.139261634753353e-02,5.237453267134826e-02,1.036921660858917e-01,1.769557671351872e-01,1.021135202427047e-01,4.481768944632467e-02,2.349435092897419e-01,4.724679035961290e-02,7.883521040951755e-02,false
4,3.162000000000000e+13,1,6,CONTINUE,2.496761480925324e-04,2.550637171092195e-05,1.000000000000000e-09,1.760396664737173e-06,2.221658694300395e-14,6.338141901092245e-09,1.824096515044038e-05,5.722907802244093e-01,,,1.343375960675341e-03,6.235211460953025e+00,3.563136259733016e+00,1.807364518047344e-05,1.674686253645364e+04,REFINE_STALLED,REFINE_STALLED,,1,2,2,1,2,2,,,,6.859624027764685e-01,2.372607615858915e-02,6.859623683968362e-01,2.365210278840423e-02,,,2.543015282678089e-12,2.510359443061369e-12,,solution good enough for the tolerances given,solution good enough for the tolerances given,,2.543015282678089e-12,2.510359443061369e-12,,6.859624027764685e-01,9.231690857441969e-16,6.859623683968362e-01,9.229894821315212e-16,,,1.551398624687050e-02,1.546561660319826e-02,,3.911757366088529e-05,1.414219802790818e+00,1.387640270347975e-06,7.369778457748376e-07,1.674686253645364e+04,2.000000000000000e-01,3.739190955330100e-07,1.733765353506556e-09,9.999999982662346e-01,9.999997344049442e-01,9.999993670964658e-01,9.999988618203387e-01,9.999983069260442e-01,9.999979747964571e-01,9.999971457291014e-01,9.999966305660640e-01,9.999950167056311e-01,9.999950103048908e-01,1.595957533708002e-01,1.748945845701358e-02,4.228787738497694e-02,9.623815480003609e-02,1.548953413301733e-01,9.939883083473695e-02,4.219331767015280e-02,2.514305758686657e-01,7.619561908952280e-02,6.027507119392178e-02,false
4,1.000000000000000e+14,1,6,CONTINUE,2.496761480925324e-04,3.634285138948043e-05,1.000000000000000e-09,1.760396664737173e-06,2.221658694300395e-14,2.019300340942978e-09,6.101791951028650e-06,3.766367827407359e-01,,,1.080662132907089e-03,6.062760277653238e+00,2.275297114369552e+00,1.807364518047344e-05,1.674686253645364e+04,REFINE_STALLED,REFINE_STALLED,,1,2,2,1,2,2,,,,2.169394671844479e+00,4.072018388510708e-02,2.169394646090771e+00,4.028913729599333e-02,,,2.482933410114243e-12,2.463919802964304e-12,,solution good enough for the tolerances given,solution good enough for the tolerances given,,2.482933410114243e-12,2.463919802964304e-12,,2.169394671844479e+00,9.228060639288419e-16,2.169394646090771e+00,9.226927388174810e-16,,,3.488181842392633e-02,3.451257429595735e-02,,3.417637188142611e-05,1.414219802662776e+00,1.387640270347975e-06,7.369778457748376e-07,1.674686253645364e+04,2.000000000000000e-01,3.834164010893726e-07,1.638862823227782e-09,9.999999983611372e-01,9.999997472876037e-01,9.999994013780508e-01,9.999989140875422e-01,9.999983244671136e-01,9.999980755726389e-01,9.999972574267514e-01,9.999966597223602e-01,9.999950542376010e-01,9.999950478141981e-01,1.692821526358989e-01,1.584804545753960e-02,3.755534110265069e-02,8.983864533696670e-02,1.442119935207530e-01,1.042387748383246e-01,4.076263457859810e-02,2.577911706892351e-01,8.043153301668067e-02,6.003970882335265e-02,false
4,3.162000000000000e+14,1,6,CONTINUE,2.496761480925324e-04,4.011421596849607e-05,1.000000000000000e-09,1.760396664737173e-06,2.221658694300395e-14,6.403105399921753e-10,1.963636112213140e-06,3.084076695744952e-01,,,9.876244059845586e-04,5.506080949661472e+00,1.687127622070799e+00,1.807364518047344e-05,1.674686253645364e+04,REFINE_STALLED,REFINE_STALLED,,1,2,2,1,2,2,,,,6.859626273235157e+00,5.005288341788838e-02,6.859625209674534e+00,4.931515336396560e-02,,,2.463053242533441e-12,2.455071605124580e-12,,solution good enough for the tolerances given,solution good enough for the tolerances given,,2.463053242533441e-12,2.455071605124580e-12,,6.859626273235157e+00,9.226860632849745e-16,6.859625209674534e+00,9.226377451449271e-16,,,4.753660627484877e-02,4.683596365752742e-02,,3.245795200904452e-05,1.414219802622292e+00,1.387640270347975e-06,7.369778457748376e-07,1.674686253645364e+04,2.000000000000000e-01,4.005339646711909e-07,1.610560795839433e-09,9.999999983894392e-01,9.999997514484026e-01,9.999994133090996e-01,9.999989335643756e-01,9.999983323511807e-01,9.999981103984485e-01,9.999972947949659e-01,9.999966702352503e-01,9.999950673568164e-01,9.999950609282104e-01,1.728276013594893e-01,1.531053535106647e-02,3.588998445722547e-02,8.733842553934165e-02,1.385788857926252e-01,1.080994371437724e-01,4.026434091628417e-02,2.598719081491859e-01,8.152014880775994e-02,6.029873248324949e-02,false
4,1.000000000000000e+15,1,6,CONTINUE,2.496761480925324e-04,4.130146781034231e-05,1.000000000000000e-09,1.760396664737173e-06,2.221658694300395e-14,2.026420782059992e-10,6.242568957003477e-07,2.868885178787085e-01,,,9.725555429573315e-04,5.214918183310146e+00,1.483614725217412e+00,1.807364518047344e-05,1.674686253645364e+04,REFINE_STALLED,REFINE_STALLED,,1,2,2,1,2,2,,,,2.169393659259785e+01,5.368008840883145e-02,2.169393373745370e+01,5.280738755788060e-02,,,2.456677149030265e-12,2.453886873840318e-12,,solution good enough for the tolerances given,solution good enough for the tolerances given,,2.456677149030265e-12,2.453886873840318e-12,,2.169393659259785e+01,9.226471226786863e-16,2.169393373745370e+01,9.226301159649198e-16,,,5.279640526892582e-02,5.193807083249578e-02,,3.189518194229056e-05,1.414219802609488e+00,1.387640270347975e-06,7.369778457748376e-07,1.674686253645364e+04,2.000000000000000e-01,4.082035750741043e-07,1.601904608961036e-09,9.999999983980954e-01,9.999997527409186e-01,9.999994171608290e-01,9.999989400378750e-01,9.999983351685348e-01,9.999981217119656e-01,9.999973068298030e-01,9.999966737094286e-01,9.999950716451221e-01,9.999950652151119e-01,1.740115578213801e-01,1.514122735155571e-02,3.534573095522157e-02,8.649706361943783e-02,1.363887341525074e-01,1.097265974830068e-01,4.010161964223587e-02,2.605342826153229e-01,8.184607726744007e-02,6.040710909189229e-02,false
4,3.162000000000000e+15,1,6,CONTINUE,2.496761480925324e-04,4.167461306201243e-05,1.000000000000000e-09,1.760396664737173e-06,2.221658694300395e-14,6.410447200503607e-11,1.977583003731474e-07,2.801196940550932e-01,,,9.707963237435510e-04,5.102584791356363e+00,1.416260685519665e+00,1.807364518047344e-05,1.674686253645364e+04,REFINE_STALLED,REFINE_STALLED,,1,2,2,1,2,2,,,,6.859624185585703e+01,5.490922860458403e-02,6.859623834859603e+01,5.398906341423770e-02,,,2.454652861383227e-12,2.453744035951907e-12,,solution good enough for the tolerances given,solution good enough for the tolerances given,,2.454652861383227e-12,2.453744035951907e-12,,6.859624185585703e+01,9.226350431436745e-16,6.859623834859603e+01,9.226294801999191e-16,,,5.462010510564477e-02,5.370478501975277e-02,,3.171517076235546e-05,1.414219802605440e+00,1.387640270347975e-06,7.369778457748376e-07,1.674686253645364e+04,2.000000000000000e-01,4.108957959081983e-07,1.599202326119098e-09,9.999999984007977e-01,9.999997531454387e-01,9.999994183843637e-01,9.999989421161664e-01,9.999983360951088e-01,9.999981253169188e-01,9.999973106564728e-01,9.999966748235105e-01,9.999950730153492e-01,9.999950665848363e-01,1.743928736312091e-01,1.508790891868993e-02,3.517189498722580e-02,8.622587613612895e-02,1.356472392943216e-01,1.102893974275387e-01,4.004963420238671e-02,2.607439328083888e-01,8.194767059569046e-02,6.044357199841992e-02,false
4,1.000000000000000e+16,1,6,CONTINUE,2.496761480925324e-04,4.179231496803468e-05,1.000000000000000e-09,1.760396664737173e-06,2.221658694300395e-14,2.027162022745186e-11,6.256441060755742e-08,2.779817916164206e-01,,,9.706116134991057e-04,5.049595769337142e+00,1.390380834953608e+00,1.807364518047344e-05,1.674686253645364e+04,REFINE_STALLED,REFINE_STALLED,,1,2,2,1,2,2,,,,2.169394296378492e+02,5.530677967127610e-02,2.169393879731683e+02,5.437108508778221e-02,,,2.454011624589571e-12,2.453724879140515e-12,,solution good enough for the tolerances given,solution good enough for the tolerances given,,2.454011624589571e-12,2.453724879140515e-12,,2.169394296378492e+02,9.226312285536708e-16,2.169393879731683e+02,9.226293212586689e-16,,,5.521436310503645e-02,5.428023203430805e-02,,3.165802354489191e-05,1.414219802604159e+00,1.387640270347975e-06,7.369778457748376e-07,1.674686253645364e+04,2.000000000000000e-01,4.117760155720305e-07,1.598352783460655e-09,9.999999984016472e-01,9.999997532729140e-01,9.999994187718836e-01,9.999989427767594e-01,9.999983363918574e-01,9.999981264600026e-01,9.999973118691763e-01,9.999966751774878e-01,9.999950734502129e-01,9.999950670195288e-01,1.745141801193751e-01,1.507106880498000e-02,3.511672776131924e-02,8.613956773858907e-02,1.354075052252649e-01,1.104725254558380e-01,4.003313976504980e-02,2.608102834218461e-01,8.197989100153839e-02,6.045511070619847e-02,false
4,3.162000000000000e+16,1,6,CONTINUE,2.496761480925324e-04,4.182947757877458e-05,1.000000000000000e-09,1.760396664737173e-06,2.221658694300395e-14,6.411190880615789e-12,1.978967589467860e-08,2.773012224844719e-01,,,9.705928623462858e-04,4.985069478567539e+00,1.368843559660848e+00,1.807364518047344e-05,1.674686253645364e+04,REFINE_STALLED,REFINE_STALLED,,1,2,2,1,2,2,,,,6.859624395215427e+02,5.543337532663164e-02,6.859624974760036e+02,5.449271629385386e-02,,,2.453808882401754e-12,2.453721620032425e-12,,solution good enough for the tolerances given,solution good enough for the tolerances given,,2.453808882401754e-12,2.453721620032425e-12,,6.859624395215427e+02,9.226299570236696e-16,6.859624974760036e+02,9.226294801999191e-16,,,5.540404428399287e-02,5.446388289995331e-02,,3.163993358564910e-05,1.414219802603754e+00,1.387640270347975e-06,7.369778457748376e-07,1.674686253645364e+04,2.000000000000000e-01,4.120551450138119e-07,1.598083443354881e-09,9.999999984019166e-01,9.999997533132307e-01,9.999994188945405e-01,9.999989429859613e-01,9.999983364863142e-01,9.999981268218295e-01,9.999973122527107e-01,9.999966752895123e-01,9.999950735877638e-01,9.999950671570957e-01,1.745525973851025e-01,1.506574243777714e-02,3.509926709005252e-02,8.611222422813340e-02,1.353309342941426e-01,1.105312195023732e-01,4.002791571351960e-02,2.608312617150541e-01,8.198978114210484e-02,6.045905649174024e-02,false
4,1.000000000000000e+17,1,6,CONTINUE,2.496761480925324e-04,4.184108465319611e-05,1.000000000000000e-09,1.760396664737173e-06,2.221658694300395e-14,2.027236466271701e-12,6.257833749666005e-09,2.770699215253817e-01,,,9.705909777664547e-04,4.838332951956636e+00,1.326608110727377e+00,1.807364518047344e-05,1.674686253645364e+04,REFINE_STALLED,REFINE_STALLED,,1,2,2,1,2,2,,,,2.169394361973618e+03,5.547351043624437e-02,2.169394376973884e+03,5.453127759463017e-02,,,2.453744634476792e-12,2.453720734862134e-12,,solution good enough for the tolerances given,solution good enough for the tolerances given,,2.453744634476792e-12,2.453720734862134e-12,,2.169394361973618e+03,9.226296391411693e-16,2.169394376973884e+03,9.226294801999191e-16,,,5.546421517144236e-02,5.452214001071529e-02,,3.163420991794551e-05,1.414219802603626e+00,1.387640270347975e-06,7.369778457748376e-07,1.674686253645364e+04,2.000000000000000e-01,4.121447021590064e-07,1.597997068003565e-09,9.999999984020029e-01,9.999997533259563e-01,9.999994189333246e-01,9.999989430521921e-01,9.999983365161288e-01,9.999981269362967e-01,9.999973123741603e-01,9.999966753250171e-01,9.999950736313709e-01,9.999950672006752e-01,1.745647858074475e-01,1.506405843781201e-02,3.509373853955798e-02,8.610355955809856e-02,1.353067646767858e-01,1.105497101929697e-01,4.002626008899227e-02,2.608379018456097e-01,8.199300031764135e-02,6.046022053508560e-02,false
4,3.162000000000000e+17,1,6,CONTINUE,2.496761480925324e-04,4.184428424883181e-05,1.000000000000000e-09,1.760396664737173e-06,2.221658694300395e-14,6.411265388491614e-13,1.979107282203763e-09,2.769460172082553e-01,,,9.705907890618992e-04,4.662468761013695e+00,1.276765127541275e+00,1.807364518047344e-05,1.674686253645364e+04,REFINE_STALLED,REFINE_STALLED,,1,2,2,1,2,2,,,,6.859624650054109e+03,5.548622478015816e-02,6.859625028466332e+03,5.454349235814768e-02,,,2.453724359778251e-12,2.453720537561936e-12,,solution good enough for the tolerances given,solution good enough for the tolerances given,,2.453724359778251e-12,2.453720537561936e-12,,6.859624650054109e+03,9.226294801999191e-16,6.859625028466332e+03,9.226294801999191e-16,,,5.548325021026954e-02,5.454056769247727e-02,,3.163240002587568e-05,1.414219802603586e+00,1.387640270347975e-06,7.369778457748376e-07,1.674686253645364e+04,2.000000000000000e-01,4.121732491783813e-07,1.597970644695579e-09,9.999999984020294e-01,9.999997533299655e-01,9.999994189455610e-01,9.999989430730950e-01,9.999983365255151e-01,9.999981269724227e-01,9.999973124125187e-01,9.999966753362239e-01,9.999950736451398e-01,9.999950672144220e-01,1.745686190439635e-01,1.506352842417800e-02,3.509199448289263e-02,8.610083169793771e-02,1.352991552000646e-01,1.105555279709622e-01,4.002573820524469e-02,2.608399999667851e-01,8.199390590718048e-02,6.046069910079131e-02,false
4,1.000000000000000e+18,1,6,CONTINUE,2.496761480925324e-04,4.184396262899437e-05,1.000000000000000e-09,1.760396664737173e-06,2.221658694300395e-14,2.027243888193456e-13,6.257968530866745e-10,2.767460832586686e-01,,,9.705907701777988e-04,6.657298561687461e+00,1.832256898646395e+00,1.807364518047344e-05,1.674686253645364e+04,REFINE_STALLED,REFINE_STALLED,,1,2,2,1,2,2,,,,2.169394363853071e+04,5.549029577009443e-02,2.169394380317362e+04,5.454743520693708e-02,,,2.453718021443841e-12,2.453720546814083e-12,,solution good enough for the tolerances given,solution good enough for the tolerances given,,2.453718021443841e-12,2.453720546814083e-12,,2.169394363853071e+04,9.226294801999191e-16,2.169394380317362e+04,9.226294801999191e-16,,,5.548924795728769e-02,5.454640316566706e-02,,3.163182757076472e-05,1.414219802603573e+00,1.387640270347975e-06,7.369778457748376e-07,1.674686253645364e+04,2.000000000000000e-01,4.121819182145346e-07,1.597962651089802e-09,9.999999984020373e-01,9.999997533312376e-01,9.999994189494219e-01,9.999989430796753e-01,9.999983365284991e-01,9.999981269838074e-01,9.999973124245657e-01,9.999966753397327e-01,9.999950736494500e-01,9.999950672187345e-01,1.745698473318682e-01,1.506335985160317e-02,3.509144316505215e-02,8.609996583178244e-02,1.352967213856270e-01,1.105573992708708e-01,4.002556950971859e-02,2.608406596084520e-01,8.199406784159359e-02,6.046096620343185e-02,false
5,1.000000000000000e+00,0,3,CONTINUE,2.495014428156383e-06,2.495001000410580e-08,1.000000000000000e-09,1.759164866709584e-08,2.220458175878137e-14,1.793244917501406e-02,3.974604155576143e+02,9.900000000000000e-01,,,3.352167853867077e-05,1.948725739562633e-03,1.948729707441411e-05,1.807364518047344e-05,1.674278643623838e+06,REACHED_FORCE,REACHED_FORCE,,2,0,0,1,0,0,,,,5.419129569708418e-16,NaN,1.487588680618474e-12,NaN,,,1.943819420442907e-03,1.572034724225620e-08,,solution good enough for the tolerances given,solution good enough for the tolerances given,,9.315234537213527e-13,1.572034724225620e-08,,1.764066944916329e-17,5.419129569708418e-16,1.764066944916329e-17,1.487588680618474e-12,,,5.419129569708418e-16,1.487588680618474e-12,,1.712577218568882e-02,1.293939969102697e+03,1.387610300760903e-08,7.369886135373935e-09,1.674278643623838e+06,0.000000000000000e+00,4.934618156687101e-01,2.509659582120793e-03,9.974903404178792e-01,9.430854752010153e-01,8.606448298460823e-01,7.770306616070545e-01,6.152429897302206e-01,4.443743273289595e-01,3.066197304639310e-01,1.698215945413887e-01,7.718089339098379e-02,1.761654144098408e-02,1.000000000000000e+00,2.075921688564246e-19,1.021139815133873e-18,2.030808552438419e-19,1.443204870909329e-19,1.105484217348979e-19,1.061810313831261e-19,5.766927439903078e-20,5.057398240691811e-20,1.142302314669737e-20,false
5,3.162000000000000e+00,0,3,CONTINUE,2.495014428156383e-06,2.495001462300426e-08,1.000000000000000e-09,1.759164866709584e-08,2.220458175878137e-14,4.920615456266164e-03,3.974604155581851e+02,9.899999867288974e-01,,,3.351966747464179e-05,1.948725766584581e-03,1.948729618442335e-05,1.807364518047344e-05,1.674278643623838e+06,REACHED_FORCE,REACHED_FORCE,,2,0,0,1,0,0,,,,2.199075586832620e-16,NaN,4.712668310647900e-13,NaN,,,6.158003420861526e-04,4.980192666367474e-09,,solution good enough for the tolerances given,solution good enough for the tolerances given,,4.527276925141862e-13,4.980192666367474e-09,,8.820334724581646e-18,2.199075586832620e-16,2.994521306513047e-22,4.712668310647900e-13,,,2.199075586832620e-16,4.712668310647900e-13,,1.097506011788783e-02,7.276688033107614e+02,1.387610300760903e-08,7.369886135373935e-09,1.674278643623838e+06,0.000000000000000e+00,4.853695502280188e-01,7.950580249040939e-04,9.992049419750959e-01,9.505051868217148e-01,8.638364786223898e-01,7.363584077970015e-01,6.003684702645864e-01,4.509307847951199e-01,2.946424088860168e-01,1.733197853181474e-01,7.912689060382769e-02,1.532061287043704e-02,1.000000000000000e+00,1.499340221967878e-18,3.319867844472284e-19,2.994021953668618e-19,3.689288995757090e-19,2.302253187814609e-19,2.830306368462583e-19,2.219885842990562e-19,7.427231239590034e-20,2.751268553039608e-20,false
5,1.000000000000000e+01,0,3,CONTINUE,2.495014428156383e-06,2.494997247961220e-08,1.000000000000000e-09,1.759164866709584e-08,2.220458175878137e-14,1.555131365352793e-03,3.974604155589920e+02,9.900000000000000e-01,,,3.351903189575038e-05,1.948725775150463e-03,1.948726184245569e-05,1.807364518047344e-05,1.674278643623838e+06,REACHED_FORCE,REACHED_FORCE,,2,0,0,1,0,0,,,,1.064085358742370e-16,NaN,1.490956294082407e-13,NaN,,,1.948219852201043e-04,1.575593513239902e-09,,solution good enough for the tolerances given,solution good enough for the tolerances given,,2.187452659877136e-13,1.575593513239902e-09,,8.820334724581646e-18,1.064085358742370e-16,2.646100417374494e-17,1.490956294082407e-13,,,1.064085358742370e-16,1.490956294082407e-13,,6.912668217172738e-03,4.091819453250997e+02,1.387610300760903e-08,7.369886135373935e-09,1.674278643623838e+06,0.000000000000000e+00,4.891385007069864e-01,2.515340966715574e-04,9.997484659033284e-01,9.666547329960680e-01,8.633098177218648e-01,7.487279219604319e-01,5.871141601594468e-01,4.464423002355067e-01,3.238513067925217e-01,1.761708158996251e-01,6.921717213934811e-02,1.531317368649825e-02,1.000000000000000e+00,1.294726938591418e-18,8.503226988007869e-19,7.297823267823676e-19,9.498129973145262e-19,8.896239501468357e-19,6.903959048575706e-19,3.188651642091942e-19,1.828872775515648e-19,7.500429124989225e-20,false
5,3.162000000000000e+01,0,3,CONTINUE,2.495014428156383e-06,2.495000273320181e-08,1.000000000000000e-09,1.759164866709584e-08,2.220458175878137e-14,5.792182870570558e-04,3.974604155547871e+02,9.899999867289094e-01,,,3.351883237281967e-05,1.948725777860714e-03,1.948728502101241e-05,1.807364518047344e-05,1.674278643623838e+06,REACHED_FORCE,REACHED_FORCE,,2,0,0,1,0,0,,,,4.309900860539481e-17,NaN,4.716042885582986e-14,NaN,,,6.162412949142720e-05,4.983758850878369e-10,,solution good enough for the tolerances given,solution good enough for the tolerances given,,1.026137521330490e-13,4.983758850878369e-10,,8.820334724581646e-18,4.309900860539481e-17,2.213617447695244e-21,4.716042885582986e-14,,,4.309900860539481e-17,4.716042885582986e-14,,4.329092631701302e-03,2.301129912609362e+02,1.387610300760903e-08,7.369886135373935e-09,1.674278643623838e+06,0.000000000000000e+00,4.833498647523695e-01,7.956273378206813e-05,9.999204372662179e-01,9.492564514335990e-01,8.530801604716411e-01,7.419000610409026e-01,6.185518443422898e-01,4.500146613706184e-01,3.113979072845643e-01,1.606760508996897e-01,7.344176438258178e-02,1.798548028338267e-02,1.000000000000000e+00,1.716929288482998e-18,1.840287379228813e-18,2.539420847644895e-18,2.555385305389218e-18,1.291011622602144e-18,9.911869768060482e-19,1.008992291989397e-18,4.473014545664981e-19,2.412357575334866e-19,false
5,1.000000000000000e+02,0,3,CONTINUE,2.495014428156383e-06,2.494996871781596e-08,1.000000000000000e-09,1.759164866709584e-08,2.220458175878137e-14,1.690847669070864e-04,3.974604155493327e+02,9.900000000000000e-01,,,3.351877061623907e-05,1.948725778718108e-03,1.948725831045005e-05,1.807364518047344e-05,1.674278643623838e+06,REACHED_FORCE,REACHED_FORCE,,2,0,0,1,0,0,,,,1.998316115643909e-17,NaN,1.491293894267674e-14,NaN,,,1.948660991415021e-05,1.575950320113322e-10,,solution good enough for the tolerances given,solution good enough for the tolerances given,,5.267772375565931e-14,1.575950320113322e-10,,8.820334724581646e-18,1.998316115643909e-17,1.292570648898778e-20,1.491293894267674e-14,,,1.998316115643909e-17,1.491293894267674e-14,,2.723138375602625e-03,1.294016478020564e+02,1.387610300760903e-08,7.369886135373935e-09,1.674278643623838e+06,0.000000000000000e+00,4.728411173221000e-01,2.515910520328735e-05,9.999748408947967e-01,9.452475784432793e-01,8.616929011986201e-01,7.402605036669869e-01,6.043640268152531e-01,4.354170134418942e-01,3.263107931653895e-01,1.864857424480339e-01,8.024420450620376e-02,1.662733380464418e-02,1.000000000000000e+00,4.183602049470527e-18,6.415918518471828e-18,3.658496430950064e-18,3.510741426933314e-18,2.699586594344013e-18,4.202650040773456e-18,2.019889664826420e-18,2.134896603271178e-18,4.815051398831407e-19,false
5,3.162000000000000e+02,0,3,CONTINUE,2.495014428156383e-06,2.494996843195663e-08,1.000000000000000e-09,1.759164866709584e-08,2.220458175878137e-14,7.835479928631853e-05,3.974604156097807e+02,9.900000000000000e-01,,,3.351875287666171e-05,1.948725778989217e-03,1.948725804200717e-05,1.807364518047344e-05,1.674278643623838e+06,REACHED_FORCE,REACHED_FORCE,,2,0,0,1,0,0,,,,1.090369217563377e-17,NaN,4.716380608848383e-15,NaN,,,6.162854249321493e-06,4.984116111778203e-11,,solution good enough for the tolerances given,solution good enough for the tolerances given,,2.765616117612722e-14,4.984116111778203e-11,,8.820334724581646e-18,1.090369217563377e-17,1.764066944916329e-17,4.716380608848383e-15,,,1.090369217563377e-17,4.716380608848383e-15,,1.723732079336656e-03,7.278048427009634e+01,1.387610300760903e-08,7.369886135373935e-09,1.674278643623838e+06,0.000000000000000e+00,4.902139398034704e-01,7.956843138479108e-06,9.999920431568615e-01,9.517060327975078e-01,8.607234458497522e-01,7.365154553603480e-01,6.177263660541714e-01,4.466925505839708e-01,2.639590851919237e-01,1.957941446728015e-01,8.712984611161836e-02,2.417678855776424e-02,1.000000000000000e+00,1.141667834322450e-17,8.814750659847183e-18,6.860600590012285e-18,1.517624665899861e-17,9.623043089655938e-18,8.848603372627144e-18,7.581198925640601e-18,3.584398640410904e-18,1.697823055451143e-18,false
5,1.000000000000000e+03,0,3,CONTINUE,2.495014428156383e-06,2.495000145287023e-08,1.000000000000000e-09,1.759164866709584e-08,2.220458175878137e-14,1.562964525641914e-05,3.974604157898502e+02,9.899999867289107e-01,,,3.351874996409168e-05,1.948725779074966e-03,1.948728381874949e-05,1.807364518047344e-05,1.674278643623838e+06,REACHED_FORCE,REACHED_FORCE,,2,0,0,1,0,0,,,,2.646100417374494e-17,NaN,1.491327662647845e-15,NaN,,,1.948705116324348e-06,1.575986268860725e-11,,solution good enough for the tolerances given,solution good enough for the tolerances given,,1.389376365797392e-14,1.575986268860725e-11,,2.646100417374494e-17,5.369620877439759e-18,3.501826567018346e-20,1.491327662647845e-15,,,2.646100417374494e-17,1.491327662647845e-15,,1.095394113254187e-03,4.094238221296990e+01,1.387610300760903e-08,7.369886135373935e-09,1.674278643623838e+06,0.000000000000000e+00,5.186970596320618e-01,2.515967488347925e-06,9.999974840325117e-01,9.531785294249300e-01,8.520093921177022e-01,7.288731045272363e-01,5.750204573798012e-01,4.751702889301485e-01,2.903358053624560e-01,1.908416254875026e-01,8.110952771492967e-02,1.538911878893913e-02,1.000000000000000e+00,1.822728456277601e-17,3.228329545264374e-17,2.628143002868146e-17,1.485786329337903e-17,5.384048431442936e-17,2.009454151974122e-17,1.105823430573377e-17,1.461721176762303e-17,9.678981216131542e-19,false
5,3.162000000000000e+03,0,3,CONTINUE,2.495014428156383e-06,2.494996831295591e-08,1.000000000000000e-09,1.759164866709584e-08,2.220458175878137e-14,2.733808095527850e-06,3.974604160692329e+02,9.900000000000000e-01,,,3.351875175463925e-05,1.948725779102077e-03,1.948725793009859e-05,1.807364518047344e-05,1.674278643623838e+06,REACHED_FORCE,REACHED_FORCE,,2,0,0,1,0,0,,,,1.764066944916329e-17,NaN,4.716414383320785e-16,NaN,,,6.162898382815645e-07,4.984153549720527e-12,,solution good enough for the tolerances given,solution good enough for the tolerances given,,6.634970586103036e-15,4.984153549720527e-12,,1.764066944916329e-17,2.351942683722985e-18,8.820334724581646e-18,4.716414383320785e-16,,,1.764066944916329e-17,4.716414383320785e-16,,6.970975966894710e-04,2.305428170520917e+01,1.387610300760903e-08,7.369886135373935e-09,1.674278643623838e+06,0.000000000000000e+00,5.484469784225621e-01,7.956900109906684e-07,9.999992043099890e-01,9.468009714437551e-01,8.691461493471351e-01,7.466324579566250e-01,5.783920952567381e-01,4.642559324208276e-01,2.639868907001493e-01,1.876494907719589e-01,7.198580658849606e-02,8.570217655313605e-03,1.000000000000000e+00,5.536235762797038e-17,4.488415656886241e-17,1.436785506807443e-16,6.223574558071993e-17,6.112758299474541e-17,6.061258392969771e-17,5.670288765914803e-17,4.939841907948917e-18,2.688342049730932e-18,false
5,1.000000000000000e+04,0,3,CONTINUE,2.495014428156383e-06,2.495000141523683e-08,1.000000000000000e-09,1.759164866709584e-08,2.220458175878137e-14,1.269455739965469e-06,3.974604152791119e+02,9.899999867289107e-01,,,3.351875216231113e-05,1.948725779110658e-03,1.948728378330444e-05,1.807364518047344e-05,1.674278643623838e+06,REACHED_FORCE,REACHED_FORCE,,2,0,0,1,0,0,,,,8.780645859758138e-19,NaN,1.491331039606155e-16,NaN,,,1.948709528925194e-07,1.575990560523341e-12,,solution good enough for the tolerances given,solution good enough for the tolerances given,,2.855961565042692e-15,1.575990560523341e-12,,6.282635024174459e-19,8.780645859758138e-19,8.820334724581646e-18,1.491331039606155e-16,,,8.780645859758138e-19,1.491331039606155e-16,,4.440472338741795e-04,1.301644659695802e+01,1.387610300760903e-08,7.369886135373935e-09,1.674278643623838e+06,0.000000000000000e+00,4.419402412113851e-01,2.515973188677023e-07,9.999997484026811e-01,9.462386356105689e-01,8.813033987142682e-01,7.594622622041315e-01,6.151844209771407e-01,4.917812720937478e-01,3.816355014920018e-01,1.556558169748369e-01,7.813690854663845e-02,1.253542571834406e-02,9.999999999999996e-01,1.330716014276601e-16,2.014464212649456e-16,2.055663455118171e-16,6.627549372419573e-17,3.380604949084418e-16,1.577951735416336e-16,2.642302044458710e-17,7.320338416057179e-18,1.758389962384361e-17,false
5,3.162000000000000e+04,0,3,CONTINUE,2.495014428156383e-06,2.495000141235821e-08,1.000000000000000e-09,1.759164866709584e-08,2.220458175878137e-14,8.153613434781686e-07,3.974604230789939e+02,9.899999867289107e-01,,,3.351874856844176e-05,1.948725779113389e-03,1.948728378087878e-05,1.807364518047344e-05,1.674278643623838e+06,REACHED_FORCE,REACHED_FORCE,,2,0,0,1,0,0,,,,1.622996704586882e-18,NaN,4.716417767807074e-17,NaN,,,6.162902796199845e-08,4.984163151548981e-13,,solution good enough for the tolerances given,solution good enough for the tolerances given,,1.164434036994096e-15,4.984163151548981e-13,,1.622996704586882e-18,3.806646433405652e-19,8.820334724581646e-18,4.716417767807074e-17,,,1.622996704586882e-18,4.716417767807074e-17,,2.863745401213944e-04,7.412827151531507e+00,1.387610300760903e-08,7.369886135373935e-09,1.674278643623838e+06,0.000000000000000e+00,2.116901537196533e-01,7.956905667683145e-08,9.999999204309433e-01,9.597098402859685e-01,8.947671117098261e-01,7.621752051510586e-01,6.688338789301412e-01,4.487346120148734e-01,3.283705090234572e-01,1.446150725219842e-01,5.435271046507514e-02,2.513373462923524e-02,9.999999999999987e-01,3.597400318225499e-16,3.076711078919855e-16,7.885593741530066e-16,5.413567833772640e-16,4.530176608068775e-17,1.426587573535375e-16,2.335009059414106e-17,9.002124231420231e-17,7.715397185933466e-17,false
5,1.000000000000000e+05,0,3,CONTINUE,2.495014428156383e-06,2.495000141161356e-08,1.000000000000000e-09,1.759164866709584e-08,2.220458175878137e-14,7.150041245751595e-07,3.974604093422666e+02,9.899999867289105e-01,,,3.351874161176255e-05,1.948725779114109e-03,1.948728378156261e-05,1.807364518047344e-05,1.674278643623838e+06,REACHED_FORCE,REACHED_FORCE,,2,0,0,1,0,0,,,,8.975844574888706e-18,NaN,1.764066944916329e-17,NaN,,,1.948709970186166e-08,1.576004238732462e-13,,solution good enough for the tolerances given,solution good enough for the tolerances given,,6.978930041117503e-16,1.576004238732462e-13,,8.975844574888706e-18,2.463304087300765e-19,1.764066944916329e-17,1.491331384961898e-17,,,8.975844574888706e-18,1.764066944916329e-17,,1.823362396073865e-04,4.329296026528384e+00,1.387610300760903e-08,7.369886135373935e-09,1.674278643623838e+06,0.000000000000000e+00,4.641373350736975e-01,2.515973795969018e-08,9.999999748402620e-01,9.550868704883739e-01,8.864574640955463e-01,7.820315498697538e-01,6.153262525130873e-01,4.834670598248770e-01,3.353755460456984e-01,1.578962837960329e-01,9.760482786483285e-02,6.672924398930259e-02,9.999999999999958e-01,7.148188015851410e-16,1.672757260842694e-15,1.677941679601745e-16,5.175864906201150e-16,2.932409609853778e-17,1.294655753592449e-16,6.073668753811439e-16,4.183615158926126e-16,3.887625421339313e-16,false
5,3.162000000000000e+05,0,2,CONTINUE,2.495014428156383e-06,2.494997127781855e-08,1.000000000000000e-09,1.759164866709584e-08,2.220458175878137e-14,6.596455821033903e-07,3.974604448870973e+02,9.899999921872803e-01,,,3.351873577466599e-05,1.948725794620328e-03,1.948725779606414e-05,1.807364518047344e-05,1.674278643623838e+06,REACHED_FORCE,REACHED_FORCE,,1,0,0,1,0,0,,,,5.831846436084532e-13,NaN,1.872836132118820e-17,NaN,,,6.162903237539956e-09,4.994237084440159e-14,,solution good enough for the tolerances given,solution good enough for the tolerances given,,6.162903237539956e-09,4.994237084440159e-14,,1.066863034104099e-17,5.831846436084532e-13,1.872836132118820e-17,4.725698679566029e-18,,,5.831846436084532e-13,1.872836132118820e-17,,1.114408857553932e-04,2.700928825796181e+00,1.387610300760903e-08,7.369886135373935e-09,1.674278643623838e+06,0.000000000000000e+00,9.829344915816855e-02,7.956905800909908e-09,9.999999920430942e-01,9.662888830831736e-01,9.232731361032908e-01,8.314658374816076e-01,6.377845312749469e-01,5.313991752552621e-01,3.642183283104801e-01,2.414901673978372e-01,1.943749992716017e-01,1.725826545314224e-01,9.999999999999871e-01,2.229237114670993e-15,3.752873553741401e-16,9.003883155113321e-16,4.205336673962997e-16,2.032384542324965e-16,3.500320039946628e-15,2.818835953549813e-15,1.552819348130343e-15,1.172133878678719e-15,true
5,1.000000000000000e+06,0,2,CONTINUE,2.495014428156383e-06,2.494996913257794e-08,1.000000000000000e-09,1.759164866709584e-08,2.220458175878137e-14,6.481256866883009e-07,3.974606516074374e+02,9.899999975727781e-01,,,3.351872654662106e-05,1.948725784018715e-03,1.948725780718575e-05,1.807364518047344e-05,1.674278643623838e+06,REACHED_FORCE,REACHED_FORCE,,1,0,0,1,0,0,,,,1.844029853124404e-13,NaN,1.122779404316246e-16,NaN,,,1.948710014314203e-09,1.577286531354879e-14,,solution good enough for the tolerances given,solution good enough for the tolerances given,,1.948710014314203e-09,1.577286531354879e-14,,5.691103779678984e-17,1.844029853124404e-13,1.122779404316246e-16,1.492259274356910e-18,,,1.844029853124404e-13,1.122779404316246e-16,,6.783800293821613e-05,1.916845401356069e+00,1.387610300760903e-08,7.369886135373935e-09,1.674278643623838e+06,0.000000000000000e+00,4.017549904377901e-02,2.515972319372395e-09,9.999999974840277e-01,9.858387703818186e-01,9.403772034036514e-01,8.477531691432519e-01,7.816155667355166e-01,6.443849535533391e-01,5.035125066942669e-01,4.592859285885398e-01,4.184399797938238e-01,3.932501579965221e-01,9.999999999999549e-01,2.330015070703468e-15,1.456442587431086e-15,6.402247943733970e-16,3.741234974104483e-16,1.365622895310028e-14,1.118527481839079e-14,3.369547272492502e-15,8.501989528931606e-15,3.729024257909463e-15,false
5,3.162000000000000e+06,0,2,CONTINUE,2.495014428156383e-06,2.494999976470985e-08,1.000000000000000e-09,1.759164866709584e-08,2.220458175878137e-14,6.462956280400636e-07,3.974602037207475e+02,9.899999867289137e-01,,,3.351874349052261e-05,1.948725780660905e-03,1.948728230449454e-05,1.807364518047344e-05,1.674278643623838e+06,REACHED_FORCE,REACHED_FORCE,,1,0,0,1,0,0,,,,5.831846477846966e-14,NaN,2.260517051571849e-16,NaN,,,6.162903281670895e-10,4.988853823010104e-15,,solution good enough for the tolerances given,solution good enough for the tolerances given,,6.162903281670895e-10,4.988853823010104e-15,,1.810480498477907e-16,5.831846477846966e-14,2.260517051571849e-16,4.717345261401120e-19,,,5.831846477846966e-14,2.260517051571849e-16,,4.080822386840232e-05,1.590445703685020e+00,1.387610300760903e-08,7.369886135373935e-09,1.674278643623838e+06,0.000000000000000e+00,8.040105661686418e-02,7.956910685891216e-10,9.999999992043089e-01,9.828555804995189e-01,9.496730740517055e-01,9.218166864120197e-01,8.514301617096383e-01,7.625391606793624e-01,7.316402954740393e-01,6.965494001596093e-01,6.822318902428182e-01,6.714402862009552e-01,9.999999999998137e-01,3.981187667480347e-15,3.922676884545681e-15,2.940709378314377e-15,5.491137830008405e-14,4.666351381560174e-14,1.471332052589537e-14,3.781210998528534e-14,7.140831403549431e-15,1.461327288422596e-14,false
5,1.000000000000000e+07,0,2,CONTINUE,2.495014428156383e-06,2.495000088939880e-08,1.000000000000000e-09,1.759164866709584e-08,2.220458175878137e-14,6.384749226413020e-07,3.974614242137132e+02,9.899999867289117e-01,,,3.351883102117023e-05,1.948725779607724e-03,1.948728363444694e-05,1.807364518047344e-05,1.674278643623838e+06,REACHED_FORCE,REACHED_FORCE,,1,0,0,1,0,0,,,,1.844029857289627e-14,NaN,7.548559609871139e-16,NaN,,,1.948710018718084e-10,1.582984236732665e-15,,solution good enough for the tolerances given,solution good enough for the tolerances given,,1.948710018718084e-10,1.582984236732665e-15,,4.507176041987744e-16,1.844029857289627e-14,7.548559609871139e-16,1.491424599969497e-19,,,1.844029857289627e-14,7.548559609871139e-16,,2.387336321627611e-05,1.472224681710797e+00,1.387610300760903e-08,7.369886135373935e-09,1.674278643623838e+06,0.000000000000000e+00,3.337766523273045e-03,2.515967434391086e-10,9.999999997484033e-01,9.945736273403095e-01,9.824383980890361e-01,9.729038729219311e-01,9.477029959083704e-01,9.102902842906258e-01,8.953486564432198e-01,8.783752184265681e-01,8.671459732733294e-01,8.645857876360511e-01,9.999999999987419e-01,2.749157808275979e-14,9.210135279121281e-14,6.102747165203424e-14,1.535651745711686e-13,5.022490748337206e-13,1.999396208561758e-13,6.815423357521717e-14,1.223332361642695e-13,3.273634041999067e-14,false
5,3.162000000000000e+07,0,2,CONTINUE,2.495014428156383e-06,2.494996818552873e-08,1.000000000000000e-09,1.759164866709584e-08,2.220458175878137e-14,6.384058797373590e-07,3.974528837652053e+02,9.899999999502885e-01,,,3.351886110273766e-05,1.948725779343998e-03,1.948725837252454e-05,1.807364518047344e-05,1.674278643623838e+06,REACHED_FORCE,REACHED_FORCE,,1,0,0,1,0,0,,,,5.831846482161973e-15,NaN,2.639771013717762e-15,NaN,,,6.162903286244775e-11,5.021177753105110e-16,,solution good enough for the tolerances given,solution good enough for the tolerances given,,6.162903286244775e-11,5.021177753105110e-16,,2.488434903344373e-15,5.831846482161973e-15,2.639771013717762e-15,4.716519511937422e-20,,,5.831846482161973e-15,2.639771013717762e-15,,1.364971813823112e-05,1.432818075613746e+00,1.387610300760903e-08,7.369886135373935e-09,1.674278643623838e+06,0.000000000000000e+00,7.839407497241261e-04,7.957057235330467e-11,9.999999999204294e-01,9.983020915013554e-01,9.943677957500405e-01,9.912587033675884e-01,9.828484737572751e-01,9.697746854738086e-01,9.643516176690983e-01,9.580446426229379e-01,9.537828752245477e-01,9.527998958244772e-01,9.999999999977958e-01,5.818405676714697e-14,2.255882815825248e-13,1.618702080496413e-13,7.016339123452488e-14,9.474778307085015e-13,3.730037158908444e-13,5.697754890271480e-14,2.501392794380433e-13,6.305622100177758e-14,false
5,1.000000000000000e+08,0,2,CONTINUE,2.495014428156383e-06,2.494996819052302e-08,1.000000000000000e-09,1.759164866709584e-08,2.220458175878137e-14,6.383951929374717e-07,3.974687907417184e+02,9.899999999377503e-01,,,3.351887554955813e-05,1.948725779383933e-03,1.948725985388853e-05,1.807364518047344e-05,1.674278643623838e+06,REACHED_FORCE,REACHED_FORCE,,1,0,0,1,0,0,,,,2.842270351414149e-15,NaN,2.975372497696596e-15,NaN,,,1.948710019329088e-11,1.608840947799397e-16,,solution good enough for the tolerances given,solution good enough for the tolerances given,,1.948710019329088e-11,1.608840947799397e-16,,2.842270351414149e-15,1.844029857856166e-15,2.975372497696596e-15,1.491346991937194e-20,,,2.842270351414149e-15,2.975372497696596e-15,,7.720131690967354e-06,1.420126908241764e+00,1.387610300760903e-08,7.369886135373935e-09,1.674278643623838e+06,0.000000000000000e+00,2.564390731250335e-04,2.515920805024052e-11,9.999999999748408e-01,9.998179454391171e-01,9.993518971215251e-01,9.972149361992797e-01,9.945118412824279e-01,9.902411077444125e-01,9.884463472946838e-01,9.863412571090169e-01,9.849090953117167e-01,9.845773070051672e-01,9.999999999903473e-01,2.997267654445588e-14,4.877064816433963e-13,6.732944915293383e-14,6.607862775314165e-12,6.899165029280096e-14,1.930106620718934e-14,2.351676315900963e-12,1.547337999081771e-14,5.853801228835072e-15,false
5,3.162000000000000e+08,0,2,CONTINUE,2.495014428156383e-06,2.495000121483209e-08,1.000000000000000e-09,1.759164866709584e-08,2.220458175878137e-14,6.384075259806019e-07,3.974684118965125e+02,9.899999867289105e-01,,,3.352037880573726e-05,1.948725779805992e-03,1.948733351063801e-05,1.807364518047344e-05,1.674278643623838e+06,REACHED_FORCE,REACHED_FORCE,,1,0,0,1,0,0,,,,1.522510908406773e-14,NaN,1.717577062697465e-14,NaN,,,6.162903288061675e-12,7.360684403435909e-17,,solution good enough for the tolerances given,solution good enough for the tolerances given,,6.162903288061675e-12,7.360684403435909e-17,,1.522510908406773e-14,5.831846483170877e-16,1.717577062697465e-14,1.797027362510036e-20,,,1.522510908406773e-14,1.717577062697465e-14,,4.349602360501429e-06,1.416090621375981e+00,1.387610300760903e-08,7.369886135373935e-09,1.674278643623838e+06,0.000000000000000e+00,1.115902035165417e-04,7.956746372883572e-12,9.999999999920433e-01,9.998245638892000e-01,9.994356606976766e-01,9.991191182354301e-01,9.982578408340554e-01,9.968931233577888e-01,9.963171615032197e-01,9.956410616031290e-01,9.951777620176359e-01,9.950706003338162e-01,9.999999997871729e-01,8.102770583759010e-12,1.954528558460459e-11,2.047803481717645e-11,2.623751370706084e-11,7.848595097627142e-11,4.010812319234643e-11,6.333802758413542e-13,1.399466488401816e-11,5.241917607767473e-12,false
5,1.000000000000000e+09,0,2,CONTINUE,2.495014428156383e-06,2.495000022390316e-08,1.000000000000000e-09,1.759164866709584e-08,2.220458175878137e-14,6.384540809221604e-07,3.972829593647812e+02,9.899999867289097e-01,,,3.352302431712351e-05,1.948725782772253e-03,1.948753232321092e-05,1.807364518047344e-05,1.674278643623838e+06,REACHED_FORCE,REACHED_FORCE,,1,0,0,1,0,0,,,,4.933859945376744e-14,NaN,3.990550218394893e-14,NaN,,,1.948710021439369e-12,4.051175036878678e-17,,solution good enough for the tolerances given,solution good enough for the tolerances given,,1.948710021439369e-12,4.051175036878678e-17,,4.933859945376744e-14,1.844029859020287e-16,3.990550218394893e-14,1.244769040966879e-20,,,4.933859945376744e-14,3.990550218394893e-14,,2.447083593386219e-06,1.414811622697416e+00,1.387610300760903e-08,7.369886135373935e-09,1.674278643623838e+06,0.000000000000000e+00,3.432895863149974e-05,2.517097641430155e-12,9.999999999974829e-01,9.999408497222195e-01,9.998224655587210e-01,9.997223322740691e-01,9.994486743188228e-01,9.990157495175702e-01,9.988327796076885e-01,9.986172267059533e-01,9.984702214853487e-01,9.984361660518956e-01,9.999999988837844e-01,8.055166579707386e-11,9.537055667096448e-11,5.612138649095731e-11,3.187189485799353e-10,3.000864897762442e-10,7.543214586611086e-11,1.212583713628717e-10,5.902055904846409e-11,9.655889212572319e-12,false
5,3.162000000000000e+09,0,2,CONTINUE,2.495014428156383e-06,2.495015097340626e-08,1.000000000000000e-09,1.759164866709584e-08,2.220458175878137e-14,6.385020615724247e-07,-9.999999999992013e-01,9.899999236631279e-01,,,3.355649503868440e-05,1.948726016840011e-03,1.950997348639426e-05,1.807364518047344e-05,1.674278643623838e+06,REACHED_FORCE,REACHED_FORCE,,1,0,0,1,0,0,,,,2.460497812420011e-13,NaN,2.230097175811963e-13,NaN,,,6.162903591756318e-13,1.192281833642176e-16,,solution good enough for the tolerances given,solution good enough for the tolerances given,,6.162903591756318e-13,1.192281833642176e-16,,2.460497812420011e-13,5.831846499468564e-17,2.230097175811963e-13,3.511685606473260e-20,,,2.460497812420011e-13,2.230097175811963e-13,,1.375068171198905e-06,1.414406995515565e+00,1.387610300760903e-08,7.369886135373935e-09,1.674278643623838e+06,0.000000000000000e+00,1.343458457813283e-05,7.986944439153376e-13,9.999999999992013e-01,9.999839655021883e-01,9.999436262270761e-01,9.999121231003610e-01,9.998255555938025e-01,9.996887504816589e-01,9.996307930804392e-01,9.995625362831561e-01,9.995157762940493e-01,9.995049366525617e-01,9.999999077591669e-01,3.211732215979806e-09,9.653588956274462e-09,7.761289931883308e-09,1.863466685483540e-09,4.053574777992659e-08,1.838697829212702e-08,1.358023350341315e-10,8.307965845649702e-09,2.384263064096430e-09,false
5,1.000000000000000e+10,0,2,CONTINUE,2.495014428156383e-06,2.495027916431209e-08,1.000000000000000e-09,1.759164866709584e-08,2.220458175878137e-14,6.386681550497007e-07,-9.999999999997460e-01,9.899998725266194e-01,,,3.356272816545968e-05,1.948726409166606e-03,1.954850071158396e-05,1.807364518047344e-05,1.674278643623838e+06,REACHED_FORCE,REACHED_FORCE,,1,0,0,1,0,0,,,,3.646046528776191e-13,NaN,3.204619956709491e-13,NaN,,,1.948710281973449e-13,6.256792048318187e-17,,solution good enough for the tolerances given,solution good enough for the tolerances given,,1.948710281973449e-13,6.256792048318187e-17,,3.646046528776191e-13,1.844029880750536e-17,3.204619956709491e-13,1.863469958266992e-20,,,3.646046528776191e-13,3.204619956709491e-13,,7.732003356329081e-07,1.414278995439173e+00,1.387610300760903e-08,7.369886135373935e-09,1.674278643623838e+06,0.000000000000000e+00,4.263284700636096e-06,2.540190280342358e-13,9.999999999997460e-01,9.999948792483476e-01,9.999823084646164e-01,9.999724099675038e-01,9.999448879361615e-01,9.999018523964434e-01,9.998835481528517e-01,9.998614355680128e-01,9.998468786676746e-01,9.998434486766294e-01,9.999997548158580e-01,8.305646740101746e-09,2.168279338293238e-08,2.407532043076927e-08,2.280999293186566e-10,9.844746852012352e-08,5.794482960937599e-08,9.947794653691580e-09,1.781572149860963e-08,6.736468454333458e-09,false
5,3.162000000000000e+10,0,2,CONTINUE,2.495014428156383e-06,2.495048254509563e-08,1.000000000000000e-09,1.759164866709584e-08,2.220458175878137e-14,6.380515955568758e-07,-9.999999999999198e-01,9.899997988734027e-01,,,3.340755185307972e-05,1.948727044358103e-03,1.961240098969983e-05,1.807364518047344e-05,1.674278643623838e+06,REACHED_FORCE,REACHED_FORCE,,1,0,0,1,0,0,,,,1.591717626846261e-12,NaN,2.298474656925219e-12,NaN,,,6.162904735404865e-14,2.891137368651735e-17,,solution good enough for the tolerances given,solution good enough for the tolerances given,,6.162904735404865e-14,2.891137368651735e-17,,1.591717626846261e-12,5.831846429621335e-18,2.298474656925219e-12,9.667292523114907e-21,,,1.591717626846261e-12,2.298474656925219e-12,,4.371316882350846e-07,1.414238522691559e+00,1.387610300760903e-08,7.369886135373935e-09,1.674278643623838e+06,0.000000000000000e+00,7.720935718784234e-07,8.015810237793630e-14,9.999999999999198e-01,9.999983175500031e-01,9.999942702885432e-01,9.999910703902003e-01,9.999824131418320e-01,9.999686542207102e-01,9.999628812063777e-01,9.999561316270899e-01,9.999515047517881e-01,9.999504366320867e-01,9.999995082887629e-01,1.353777444720107e-08,4.539615699440862e-08,4.547404947315640e-08,2.351537302744167e-08,1.649523666627617e-07,8.046592805864114e-08,5.508739479416892e-08,5.279993483346186e-08,1.048225926705690e-08,false
5,1.000000000000000e+11,0,2,CONTINUE,2.495014428156383e-06,2.495267320730172e-08,1.000000000000000e-09,1.759164866709584e-08,2.220458175878137e-14,6.363752875614385e-07,-9.999999999999634e-01,9.899988455153781e-01,,,3.325879962623452e-05,1.948772980975577e-03,2.365399110030788e-05,1.807364518047344e-05,1.674278643623838e+06,REACHED_FORCE,REACHED_FORCE,,1,0,0,1,0,0,,,,1.200609745872304e-11,NaN,1.422416811067960e-11,NaN,,,1.948731096559581e-14,4.975478345756288e-17,,solution good enough for the tolerances given,solution good enough for the tolerances given,,1.948731096559581e-14,4.975478345756288e-17,,1.200609745872304e-11,1.844030020444994e-18,1.422416811067960e-11,1.665179454610026e-20,,,1.200609745872304e-11,1.422416811067960e-11,,2.461096454671167e-07,1.414225721680421e+00,1.387610300760903e-08,7.369886135373935e-09,1.674278643623838e+06,0.000000000000000e+00,3.283447541584993e-07,3.663735981263017e-14,9.999999999999634e-01,9.999994188740815e-01,9.999981290595152e-01,9.999969971900109e-01,9.999948057968776e-01,9.999898973795571e-01,9.999880172117563e-01,9.999862428406744e-01,9.999846180266868e-01,9.999842862489196e-01,9.999787160874557e-01,1.589291117051463e-06,8.952264022334842e-07,1.573419118999894e-06,8.207719757685135e-06,3.506539991813050e-06,2.955870074504746e-06,8.766665478684125e-07,1.291475814611444e-06,3.877037223434721e-07,false
5,3.162000000000000e+11,0,2,CONTINUE,2.495014428156383e-06,2.496100750158689e-08,1.000000000000000e-09,1.759164866709584e-08,2.220458175878137e-14,6.500393612002604e-07,-9.999999999999434e-01,9.899956548640945e-01,,,3.630167768545711e-05,1.949513492165120e-03,5.822688943828459e-05,1.807364518047344e-05,1.674278643623838e+06,REACHED_FORCE,REACHED_FORCE,,1,0,0,1,0,0,,,,1.575298422533105e-11,NaN,2.193324933853255e-11,NaN,,,6.163888996053402e-15,6.924663920103497e-17,,solution good enough for the tolerances given,solution good enough for the tolerances given,,6.163888996053402e-15,6.924663920103497e-17,,1.575298422533105e-11,5.831846274405271e-19,2.193324933853255e-11,2.106833378651917e-20,,,1.575298422533105e-11,2.193324933853255e-11,,1.267506164343254e-07,1.414221674305321e+00,1.387610300760903e-08,7.369886135373935e-09,1.674278643623838e+06,0.000000000000000e+00,2.206617362701475e-07,5.662137425588298e-14,9.999999999999434e-01,9.999998799404022e-01,9.999995833516103e-01,9.999993685174575e-01,9.999984404129697e-01,9.999973502084761e-01,9.999967711472839e-01,9.999957071281058e-01,9.999952714270789e-01,9.999951348485228e-01,9.996822426266475e-01,9.531460193947389e-06,2.598478185010599e-05,1.859488689909495e-05,3.276295715309594e-07,1.288475461770011e-04,7.080513822038373e-05,1.348091394993832e-06,4.557250167674849e-05,1.674533737071585e-05,false
5,1.000000000000000e+12,0,2,CONTINUE,2.495014428156383e-06,2.498815215783411e-08,1.000000000000000e-09,1.759164866709584e-08,2.220458175878137e-14,7.210965838136053e-07,-9.999999999999143e-01,9.899836080039602e-01,,,5.236296283590225e-05,1.962219340306591e-03,2.282364672875241e-04,1.807364518047344e-05,1.674278643623838e+06,REACHED_FORCE,REACHED_FORCE,,1,0,0,1,0,0,,,,9.156144310772394e-11,NaN,7.768930147419604e-11,NaN,,,1.954039732302024e-15,9.154367005305783e-17,,solution good enough for the tolerances given,solution good enough for the tolerances given,,1.954039732302024e-15,9.154367005305783e-17,,9.156144310772394e-11,1.844032038253834e-19,7.768930147419604e-11,2.945954903352154e-20,,,9.156144310772394e-11,7.768930147419604e-11,,5.927473451754444e-08,1.414220394194171e+00,1.387610300760903e-08,7.369886135373935e-09,1.674278643623838e+06,0.000000000000000e+00,1.664101268338864e-07,8.570921750106208e-14,9.999999999999143e-01,9.999999805299654e-01,9.999999420899135e-01,9.999999204740375e-01,9.999995109320182e-01,9.999994694792742e-01,9.999994407144128e-01,9.999986686938932e-01,9.999986341437422e-01,9.999986132251412e-01,9.945752274482844e-01,4.655082314067572e-05,2.437239125328676e-04,4.942139376667093e-06,1.075206229287332e-03,1.353821749469108e-03,1.147209462179038e-05,2.062998335859427e-03,5.596379341725044e-04,6.641933325506339e-05,false
5,3.162000000000000e+12,1,6,CONTINUE,2.495014428156383e-06,7.024043052667529e-08,1.000000000000000e-09,1.759164866709584e-08,2.220458175878137e-14,5.502005729649545e-08,7.771729722553732e-05,9.718581396256293e-01,,,1.633833887668751e-05,1.408215691483818e-01,1.368454946348819e-01,1.807364518047344e-05,1.674278643623838e+06,REFINE_STALLED,REFINE_STALLED,,1,2,2,1,2,2,,,,6.859726033139794e-04,3.373113419986728e-05,6.859725732096280e-04,4.312491291370476e-05,,,9.760932850782752e-14,9.233814449902919e-14,,solution good enough for the tolerances given,solution good enough for the tolerances given,,9.760932850782752e-14,9.233814449902919e-14,,6.859726033139794e-04,8.750591869257586e-17,6.859725732096280e-04,8.204437170363173e-17,,,1.878111809447245e-05,2.616827113007433e-05,,4.768936039405735e-05,1.414219989809209e+00,1.387610300760903e-08,7.369886135373935e-09,1.674278643623838e+06,0.000000000000000e+00,1.119249407835844e-06,4.069306891452129e-09,9.999999959306931e-01,9.999996350717757e-01,9.999989570648143e-01,9.999982714240376e-01,9.999977993325556e-01,9.999968281217452e-01,9.999960508682217e-01,9.999952776162518e-01,9.999947781368521e-01,9.999942520285841e-01,1.008201048493121e-02,1.084487990138409e-02,2.626483390479705e-02,6.151519856952356e-02,3.441507286038095e-01,5.433936053057131e-02,3.421274737961290e-01,1.514125732861073e-02,9.647333505507985e-03,1.258869233747357e-01,false
5,1.000000000000000e+13,1,6,CONTINUE,2.495014428156383e-06,8.522112304875236e-08,1.000000000000000e-09,1.759164866709584e-08,2.220458175878137e-14,1.811607931070038e-08,1.653395653044902e-05,9.658356116735360e-01,,,1.627013877514036e-05,2.866182441421264e-01,2.768197161771178e-01,1.807364518047344e-05,1.674278643623838e+06,REFINE_STALLED,REFINE_STALLED,,1,2,2,1,2,2,,,,2.169425547078410e-03,8.759442228195344e-05,2.169425516503673e-03,1.173907856183555e-04,,,6.934715453973328e-14,6.587404572470740e-14,,solution good enough for the tolerances given,solution good enough for the tolerances given,,6.934715453973328e-14,6.587404572470740e-14,,2.169425547078410e-03,5.353707978958169e-17,2.169425516503673e-03,5.013976990369994e-17,,,5.378070765985896e-05,7.800035292198153e-05,,4.496879902169448e-05,1.414219861797994e+00,1.387610300760903e-08,7.369886135373935e-09,1.674278643623838e+06,0.000000000000000e+00,1.388570613408498e-06,6.048159084670601e-09,9.999999939518409e-01,9.999995411222560e-01,9.999989932066740e-01,9.999982691499445e-01,9.999978276219338e-01,9.999968631566595e-01,9.999962680259402e-01,9.999953447285359e-01,9.999948138670079e-01,9.999944800722997e-01,2.205828588524474e-02,1.827242064689530e-02,6.336077941007202e-02,2.437714313514186e-01,1.564179159648650e-01,1.034338840050070e-01,2.590032838547636e-01,2.461606594898751e-02,2.248480100049442e-02,8.658113193225193e-02,false
5,3.162000000000000e+13,1,6,CONTINUE,2.495014428156383e-06,1.113322379623851e-07,1.000000000000000e-09,1.759164866709584e-08,2.220458175878137e-14,5.810399973450699e-09,6.976540501640129e-06,9.541485510415131e-01,,,1.622288798935507e-05,6.071238458357289e-01,5.792833504667104e-01,1.807364518047344e-05,1.674278643623838e+06,REFINE_STALLED,REFINE_STALLED,,1,2,2,1,2,2,,,,6.859723136497548e-03,1.999776070295628e-04,6.859722776989022e-03,2.810337532930059e-04,,,5.067737861417167e-14,4.831929315199410e-14,,solution good enough for the tolerances given,solution good enough for the tolerances given,,5.067737861417167e-14,4.831929315199410e-14,,6.859723136497548e-03,3.233044120459054e-17,6.859722776989022e-03,3.031776212591057e-17,,,1.337217134556215e-04,2.017412486853260e-04,,4.342367657823474e-05,1.414219821324133e+00,1.387610300760903e-08,7.369886135373935e-09,1.674278643623838e+06,0.000000000000000e+00,1.100840953801171e-06,4.533128317163460e-09,9.999999954668717e-01,9.999995897785171e-01,9.999990674550052e-01,9.999983950364038e-01,9.999979117791006e-01,9.999969889118654e-01,9.999963718019418e-01,9.999954955412717e-01,9.999949039603221e-01,9.999945571076936e-01,4.102992313755752e-02,2.742373136279330e-02,7.831724275606329e-02,2.294491211938558e-01,1.526407635952711e-01,1.158727679435797e-01,2.271315930032358e-01,2.863952376406871e-02,3.311782498813923e-02,6.637750825543524e-02,false
5,1.000000000000000e+14,1,6,CONTINUE,2.495014428156383e-06,5.778914802954390e-08,1.000000000000000e-09,1.759164866709584e-08,2.220458175878137e-14,1.865649103693280e-09,2.750948218385466e-06,9.398096873546218e-01,,,1.619796267976873e-05,1.301215254747699e+00,1.222893199010748e+00,1.807364518047344e-05,1.674278643623838e+06,REFINE_STALLED,REFINE_STALLED,,1,2,2,1,2,2,,,,2.169425478592175e-02,4.019950614046598e-04,2.169425975334067e-02,5.925814132473981e-04,,,3.850469358368647e-14,3.688442086025406e-14,,solution good enough for the tolerances given,solution good enough for the tolerances given,,3.850469358368647e-14,3.688442086025406e-14,,2.169425478592175e-02,1.982249530781042e-17,2.169425975334067e-02,1.869257478777539e-17,,,2.919749251605443e-04,4.565347892341931e-04,,4.258239358275665e-05,1.414219808523010e+00,1.387610300760903e-08,7.369886135373935e-09,1.674278643623838e+06,0.000000000000000e+00,1.810368935028376e-06,3.635110212840686e-09,9.999999963648898e-01,9.999996267676716e-01,9.999991275628253e-01,9.999984948895108e-01,9.999980197257661e-01,9.999971519289217e-01,9.999964757015970e-01,9.999960246125664e-01,9.999954390373066e-01,9.999946399639783e-01,7.065033500186522e-02,2.986371046211902e-02,7.811215667530599e-02,1.924504016503751e-01,1.659441022910833e-01,1.035788584116140e-01,2.241850403538014e-01,9.213096432302085e-03,4.601314664023246e-02,7.998915208130158e-02,false
5,3.162000000000000e+14,1,7,CONTINUE,2.495014428156383e-06,2.278875024717060e-07,1.000000000000000e-09,1.759164866709584e-08,2.220458175878137e-14,6.054903614433865e-10,1.232547112059258e-06,4.827186027520331e-01,,,1.614126897558560e-05,2.568093148945948e+00,1.239664835576129e+00,1.807364518047344e-05,1.674278643623838e+06,REFINE_STALLED,REFINE_STALLED,,1,3,3,1,2,2,,,,6.859725167282507e-02,1.401674150907423e-03,6.859725088161986e-02,1.401606270649933e-03,,,3.106350798605658e-14,3.041614383532475e-14,,solution good enough for the tolerances given,solution good enough for the tolerances given,,3.106350798605658e-14,3.041614383532475e-14,,6.859725167282507e-02,1.303416095783388e-17,6.859725088161986e-02,1.263014958530896e-17,,,4.655881183285863e-04,8.693696245779056e-04,,4.214952283028965e-05,1.414219804475624e+00,1.387610300760903e-08,7.369886135373935e-09,1.674278643623838e+06,0.000000000000000e+00,7.726134974595176e-07,2.565869738901938e-09,9.999999974341303e-01,9.999996715259530e-01,9.999992280254424e-01,9.999986862349791e-01,9.999981954709521e-01,9.999973091594794e-01,9.999964879222693e-01,9.999962416072172e-01,9.999948340315281e-01,9.999947768964995e-01,1.073334233287299e-01,2.558286479087295e-02,6.208998889083696e-02,1.209311217250072e-01,2.110792355913944e-01,1.186156531533793e-01,1.885601353767012e-01,6.072890180351654e-02,4.728834788023145e-04,1.046057918607588e-01,false
5,1.000000000000000e+15,1,10,CONTINUE,2.495014428156383e-06,2.854997828476587e-07,1.000000000000000e-09,1.759164866709584e-08,2.220458175878137e-14,1.969040757593126e-10,4.988963947258697e-07,3.405171532706862e-01,,,1.605273547310991e-05,3.728458251345097e+00,1.269602524314356e+00,1.807364518047344e-05,1.674278643623838e+06,REFINE_STALLED,REFINE_STALLED,,1,4,4,1,4,4,,,,2.169425642695235e-01,7.764638759654888e-03,2.169425369212524e-01,7.726358343243927e-03,,,2.713457625644133e-14,2.683094219178096e-14,,solution good enough for the tolerances given,solution good enough for the tolerances given,,2.713457625644133e-14,2.683094219178096e-14,,2.169425642695235e-01,9.796500582105071e-18,2.169425369212524e-01,9.632379006707052e-18,,,7.206442448138046e-04,1.198309912183573e-03,,4.194866264205529e-05,1.414219803195512e+00,1.387610300760903e-08,7.369886135373935e-09,1.674278643623838e+06,0.000000000000000e+00,4.843491908330660e-07,2.004424182189268e-09,9.999999979955758e-01,9.999997045240582e-01,9.999992955391391e-01,9.999987712471883e-01,9.999982832017852e-01,9.999977276858113e-01,9.999968505973583e-01,9.999965664004411e-01,9.999949280316812e-01,9.999949214107552e-01,1.404616260137820e-01,2.132113529471706e-02,5.220022800729611e-02,1.033516978983621e-01,1.763678836882026e-01,1.017771513298552e-01,4.467082487923613e-02,2.341776202503500e-01,4.710555640439262e-02,7.856627623380667e-02,false
5,3.162000000000000e+15,1,6,CONTINUE,2.495014428156383e-06,4.159697763395421e-07,1.000000000000000e-09,1.759164866709584e-08,2.220458175878137e-14,6.338160036007869e-11,1.830002633616643e-07,1.356298655811724e-02,,,1.334812871747996e-05,6.227522546026447e+00,8.444177860041818e-02,1.807364518047344e-05,1.674278643623838e+06,REFINE_STALLED,REFINE_STALLED,,1,2,2,1,2,2,,,,6.859723180929567e-01,2.373015644258448e-02,6.859722878314624e-01,2.333662449734962e-02,,,2.544558107687460e-14,2.510427680689250e-14,,solution good enough for the tolerances given,solution good enough for the tolerances given,,2.544558107687460e-14,2.510427680689250e-14,,6.859723180929567e-01,9.231823126363582e-18,6.859722878314624e-01,9.230028828656750e-18,,,1.551796159869401e-02,1.526061758927823e-02,,3.911592585955464e-05,1.414219802790773e+00,1.387610300760903e-08,7.369886135373935e-09,1.674278643623838e+06,0.000000000000000e+00,3.739168576246555e-07,1.728169829462445e-09,9.999999982718302e-01,9.999997344118020e-01,9.999993671095164e-01,9.999988618379873e-01,9.999983069319877e-01,9.999979748331539e-01,9.999971457721383e-01,9.999966305763860e-01,9.999950167199435e-01,9.999950103191674e-01,1.606080443663088e-01,1.746784752375182e-02,4.223555565896985e-02,9.612069170993760e-02,1.547060808425819e-01,9.928059516063586e-02,4.214207923995240e-02,2.511309507963798e-01,7.610623845614642e-02,6.020191624533622e-02,false
5,1.000000000000000e+16,1,6,CONTINUE,2.495014428156383e-06,4.190072622441917e-07,1.000000000000000e-09,1.759164866709584e-08,2.220458175878137e-14,2.019302449514488e-11,6.107470137995227e-08,6.081534617286071e-03,,,1.079319564065306e-05,6.049022716362789e+00,3.673674575373683e-02,1.807364518047344e-05,1.674278643623838e+06,REFINE_STALLED,REFINE_STALLED,,1,2,2,1,2,2,,,,2.169425995870100e+00,4.072316701093326e-02,2.169425999088028e+00,4.003310954210162e-02,,,2.483454399037276e-14,2.463953914968665e-14,,solution good enough for the tolerances given,solution good enough for the tolerances given,,2.483454399037276e-14,2.463953914968665e-14,,2.169425995870100e+00,9.228193553908860e-18,2.169425999088028e+00,9.227061097501504e-18,,,3.488559129149584e-02,3.429445203169287e-02,,3.417577552710363e-05,1.414219802662762e+00,1.387610300760903e-08,7.369886135373935e-09,1.674278643623838e+06,0.000000000000000e+00,3.834215646507763e-07,1.637339153148787e-09,9.999999983626608e-01,9.999997472898152e-01,9.999994013827685e-01,9.999989140946447e-01,9.999983244700750e-01,9.999980755858614e-01,9.999972574413637e-01,9.999966597262968e-01,9.999950542427698e-01,9.999950478193692e-01,1.696128196728180e-01,1.584155475218724e-02,3.753987189289743e-02,8.980216816278831e-02,1.441527849393072e-01,1.041988441893421e-01,4.074625945403176e-02,2.576897151423816e-01,8.040005400350804e-02,6.001592779073900e-02,false
5,3.162000000000000e+16,1,6,CONTINUE,2.495014428156383e-06,4.196797035616388e-07,1.000000000000000e-09,1.759164866709584e-08,2.220458175878137e-14,6.403107551563563e-12,1.964165787969591e-08,4.470804977347582e-03,,,9.875260084582139e-06,5.487116886605870e+00,2.445589551711931e-02,1.807364518047344e-05,1.674278643623838e+06,REFINE_STALLED,REFINE_STALLED,,1,2,2,1,2,2,,,,6.859725485734939e+00,5.005428161811695e-02,6.859725540775241e+00,4.919898074729303e-02,,,2.463235454412079e-14,2.455096848392843e-14,,solution good enough for the tolerances given,solution good enough for the tolerances given,,2.463235454412079e-14,2.455096848392843e-14,,6.859725485734939e+00,9.226994044161594e-18,6.859725540775241e+00,9.226512253497060e-18,,,4.753851588582612e-02,4.672620307866115e-02,,3.245775342257635e-05,1.414219802622288e+00,1.387610300760903e-08,7.369886135373935e-09,1.674278643623838e+06,0.000000000000000e+00,4.005365301317450e-07,1.610126476592200e-09,9.999999983898735e-01,9.999997514490743e-01,9.999994133106130e-01,9.999989335667531e-01,9.999983323522819e-01,9.999981104027109e-01,9.999972947995518e-01,9.999966702365362e-01,9.999950673584627e-01,9.999950609298701e-01,1.729280008389912e-01,1.530862205589785e-02,3.588546141911947e-02,8.732758400709729e-02,1.385612846352207e-01,1.080870448267467e-01,4.025940093784764e-02,2.598407368015018e-01,8.151023085123259e-02,6.029163362634535e-02,false
5,1.000000000000000e+17,1,6,CONTINUE,2.495014428156383e-06,4.198679210923222e-07,1.000000000000000e-09,1.759164866709584e-08,2.220458175878137e-14,2.026420963874680e-12,6.242999906369766e-09,4.027571325400173e-03,,,9.725328327160358e-06,5.193281221170419e+00,2.082720009787821e-02,1.807364518047344e-05,1.674278643623838e+06,REFINE_STALLED,REFINE_STALLED,,1,2,2,1,2,2,,,,2.169425222704798e+01,5.368070415185246e-02,2.169425229429834e+01,5.275998044867817e-02,,,2.456750504655611e-14,2.453910293921759e-14,,solution good enough for the tolerances given,solution good enough for the tolerances given,,2.456750504655611e-14,2.453910293921759e-14,,2.169425222704798e+01,9.226605383135823e-18,2.169425229429834e+01,9.226436508057533e-18,,,5.279722242749908e-02,5.189165207131014e-02,,3.189511804281857e-05,1.414219802609487e+00,1.387610300760903e-08,7.369886135373935e-09,1.674278643623838e+06,0.000000000000000e+00,4.082051164800785e-07,1.601794030747783e-09,9.999999983982060e-01,9.999997527410738e-01,9.999994171612173e-01,9.999989400385396e-01,9.999983351687572e-01,9.999981217130682e-01,9.999973068310680e-01,9.999966737098185e-01,9.999950716456022e-01,9.999950652155547e-01,1.740374438038537e-01,1.514074104006849e-02,3.534458125304866e-02,8.649430229290801e-02,1.363843268087991e-01,1.097232926399284e-01,4.010034385204663e-02,2.605262154252613e-01,8.184394402974951e-02,6.040480885433631e-02,false
5,3.162000000000000e+17,1,6,CONTINUE,2.495014428156383e-06,4.199248142780352e-07,1.000000000000000e-09,1.759164866709584e-08,2.220458175878137e-14,6.410447464792263e-13,1.977595085398547e-09,3.893737237538679e-03,,,9.707769299267405e-06,5.079909421857115e+00,1.968557862913433e-02,1.807364518047344e-05,1.674278643623838e+06,REFINE_STALLED,REFINE_STALLED,,1,2,2,1,2,2,,,,6.859723163509582e+01,5.490955926584749e-02,6.859723632174403e+01,5.396646210473656e-02,,,2.454691276232728e-14,2.453766670889523e-14,,solution good enough for the tolerances given,solution good enough for the tolerances given,,2.454691276232728e-14,2.453766670889523e-14,,6.859723163509582e+01,9.226483693741173e-18,6.859723632174403e+01,9.226429057686432e-18,,,5.462050403525746e-02,5.368237151771342e-02,,3.171515044071845e-05,1.414219802605439e+00,1.387610300760903e-08,7.369886135373935e-09,1.674278643623838e+06,0.000000000000000e+00,4.108961512638894e-07,1.599192556156481e-09,9.999999984008074e-01,9.999997531454997e-01,9.999994183845411e-01,9.999989421164732e-01,9.999983360952578e-01,9.999981253174464e-01,9.999973106570270e-01,9.999966748236733e-01,9.999950730155501e-01,9.999950665850397e-01,1.743950040898903e-01,1.508786494235868e-02,3.517178781922379e-02,8.622562937996292e-02,1.356467837853081e-01,1.102892324393517e-01,4.004951799620547e-02,2.607433060217491e-01,8.194737505971912e-02,6.044349846623103e-02,false
5,1.000000000000000e+18,1,6,CONTINUE,2.495014428156383e-06,4.199423147382655e-07,1.000000000000000e-09,1.759164866709584e-08,2.220458175878137e-14,2.027162022562691e-13,6.256358492555966e-10,3.851999855089428e-03,,,9.705923770674327e-06,5.026496579259963e+00,1.926576660898642e-02,1.807364518047344e-05,1.674278643623838e+06,REFINE_STALLED,REFINE_STALLED,,1,2,2,1,2,2,,,,2.169425504294676e+02,5.530701599594344e-02,2.169425871734615e+02,5.435665668474068e-02,,,2.454039223735008e-14,2.453747483947644e-14,,solution good enough for the tolerances given,solution good enough for the tolerances given,,2.454039223735008e-14,2.453747483947644e-14,,2.169425504294676e+02,9.226445200157151e-18,2.169425871734615e+02,9.226429057686432e-18,,,5.521462148536539e-02,5.426584981691809e-02,,3.165801710810919e-05,1.414219802604159e+00,1.387610300760903e-08,7.369886135373935e-09,1.674278643623838e+06,0.000000000000000e+00,4.117760712538157e-07,1.598373877698123e-09,9.999999984016261e-01,9.999997532728998e-01,9.999994187718740e-01,9.999989427767561e-01,9.999983363918474e-01,9.999981264599889e-01,9.999973118691747e-01,9.999966751774896e-01,9.999950734502158e-01,9.999950670195283e-01,1.745087860958890e-01,1.507116876971243e-02,3.511696225140040e-02,8.614014352208368e-02,1.354084053424846e-01,1.104732543699534e-01,4.003339227069096e-02,2.608119885220509e-01,8.198042064453441e-02,6.045547821120116e-02,false
6,1.000000000000000e+00,0,3,CONTINUE,2.494997127781855e-08,2.494996952077099e-10,1.000000000000000e-09,1.759152668699542e-10,2.220446170516788e-14,1.470871456510225e-02,3.974572335235974e+04,9.900000000000000e-01,,,3.351878613010923e-07,1.948725779115423e-05,1.948730649699994e-07,1.807364518047344e-05,1.674273857010525e+08,REACHED_FORCE,REACHED_FORCE,,2,0,0,1,0,0,,,,1.764066944916329e-17,NaN,1.491317452003985e-16,NaN,,,1.948676592932478e-05,1.576007461743135e-12,,solution good enough for the tolerances given,solution good enough for the tolerances given,,1.457333214973055e-14,1.576007461743135e-12,,1.764066944916329e-17,7.600460402031571e-18,1.764066944916329e-17,1.491317452003985e-16,,,1.764066944916329e-17,1.491317452003985e-16,,1.712577233622959e-02,1.293937354360984e+04,1.387611222315431e-10,7.369891741329862e-11,1.674273857010525e+08,0.000000000000000e+00,4.967618647857585e-01,2.515930662094767e-05,9.999748406933791e-01,9.519133834381658e-01,8.645851246542469e-01,7.838696280421339e-01,6.160167820096689e-01,4.448621946761520e-01,3.077127682049490e-01,1.745560971230721e-01,7.729222345039122e-02,1.449550432944327e-02,1.000000000000000e+00,6.165258217292162e-19,3.031042589424300e-18,5.659597267742893e-19,2.951115419940674e-19,2.703538376898659e-19,2.720740238021584e-19,1.547400437167835e-19,1.035988121205215e-19,2.576451514316531e-20,false
6,3.162000000000000e+00,0,3,CONTINUE,2.494997127781855e-08,2.494996951791219e-10,1.000000000000000e-09,1.759152668699542e-10,2.220446170516788e-14,3.242756988120239e-03,3.974572335805916e+04,9.900000000000000e-01,,,3.351876583466001e-07,1.948725779118133e-05,1.948730649515978e-07,1.807364518047344e-05,1.674273857010525e+08,REACHED_FORCE,REACHED_FORCE,,2,0,0,1,0,0,,,,3.656638814594327e-18,NaN,4.716455124433422e-17,NaN,,,6.162903591681457e-06,4.984437673191362e-13,,solution good enough for the tolerances given,solution good enough for the tolerances given,,6.871291831320248e-15,4.984437673191362e-13,,3.279381011516378e-24,3.656638814594327e-18,8.820334724581646e-18,4.716455124433422e-17,,,3.656638814594327e-18,4.716455124433422e-17,,1.097506056688408e-02,7.276664026195599e+03,1.387611222315431e-10,7.369891741329862e-11,1.674273857010525e+08,0.000000000000000e+00,5.010746719677247e-01,7.956906840189681e-06,9.999920430931598e-01,9.519268839131572e-01,8.691923408253823e-01,7.357187977728665e-01,6.002549520949285e-01,4.488928216899770e-01,2.956086708609378e-01,1.716178299912398e-01,7.519380073992656e-02,1.014952841626225e-02,1.000000000000000e+00,4.377413436768955e-18,7.379159507962760e-19,7.289048281120752e-19,9.449476891154192e-19,6.583300266191827e-19,6.179815587952483e-19,4.265857011565807e-19,1.689536659202195e-19,7.620325770157422e-20,false
6,1.000000000000000e+01,0,3,CONTINUE,2.494997127781855e-08,2.494996951700820e-10,1.000000000000000e-09,1.759152668699542e-10,2.220446170516788e-14,5.691968101857653e-04,3.974572336083025e+04,9.900000000000000e-01,,,3.351875947941686e-07,1.948725779118991e-05,1.948730649698514e-07,1.807364518047344e-05,1.674273857010525e+08,REACHED_FORCE,REACHED_FORCE,,2,0,0,1,0,0,,,,1.693204935497606e-18,NaN,1.764066944916329e-17,NaN,,,1.948720718548344e-06,1.576195871602166e-13,,solution good enough for the tolerances given,solution good enough for the tolerances given,,3.335531443557723e-15,1.576195871602166e-13,,8.411726688939711e-24,1.693204935497606e-18,1.764066944916329e-17,1.491351225940407e-17,,,1.693204935497606e-18,1.764066944916329e-17,,6.912669578257138e-03,4.091789409307730e+03,1.387611222315431e-10,7.369891741329862e-11,1.674273857010525e+08,0.000000000000000e+00,5.287556838825094e-01,2.515987632012440e-06,9.999974840123680e-01,9.693603331936553e-01,8.616476388407268e-01,7.446345289478059e-01,5.892951957288766e-01,4.432504485116331e-01,3.084907031433450e-01,1.715162321346129e-01,6.130275858683594e-02,5.659752968496577e-03,1.000000000000000e+00,3.551205498670225e-18,2.156332105042536e-18,2.011282476612393e-18,2.133046086260721e-18,1.829193439239135e-18,1.341542715735134e-18,6.824075310200090e-19,5.011055064102897e-19,2.788983145242453e-19,false
6,3.162000000000000e+01,0,3,CONTINUE,2.494997127781855e-08,2.494996951672218e-10,1.000000000000000e-09,1.759152668699542e-10,2.220446170516788e-14,8.450533920248531e-05,3.974572331650299e+04,9.900000000000000e-01,,,3.351875765247760e-07,1.948725779119261e-05,1.948730650518116e-07,1.807364518047344e-05,1.674273857010525e+08,REACHED_FORCE,REACHED_FORCE,,2,0,0,1,0,0,,,,1.764066944916329e-17,NaN,4.716488890718177e-18,NaN,,,6.162947725882286e-07,4.986150382306606e-14,,solution good enough for the tolerances given,solution good enough for the tolerances given,,1.745449391983994e-15,4.986150382306606e-14,,1.764066944916329e-17,8.122733611059785e-19,2.542812635809642e-23,4.716488890718177e-18,,,1.764066944916329e-17,4.716488890718177e-18,,4.329096394066582e-03,2.301083600182488e+03,1.387611222315431e-10,7.369891741329862e-11,1.674273857010525e+08,0.000000000000000e+00,5.416618572757584e-01,7.956963830046959e-07,9.999992043036170e-01,9.481876153976189e-01,8.556601129240838e-01,7.385857354718071e-01,6.045609600705880e-01,4.478183604804152e-01,2.979722470238800e-01,1.519490000881615e-01,5.776052386395785e-02,2.664937954601363e-03,1.000000000000000e+00,4.341280415120622e-18,4.636213015780033e-18,5.366863497118327e-18,4.863322517232939e-18,2.986866379092512e-18,2.164873631284337e-18,2.874783416723081e-18,1.282284771582377e-18,1.610656269946350e-18,false
6,1.000000000000000e+02,0,3,CONTINUE,2.494997127781855e-08,2.494996951663186e-10,1.000000000000000e-09,1.759152668699542e-10,2.220446170516788e-14,1.095251364893749e-05,3.974572320245996e+04,9.900000000000000e-01,,,3.351875606907819e-07,1.948725779119348e-05,1.948730653189369e-07,1.807364518047344e-05,1.674273857010525e+08,REACHED_FORCE,REACHED_FORCE,,2,0,0,1,0,0,,,,1.764066944916329e-17,NaN,1.764066944916329e-17,NaN,,,1.948725131219840e-07,1.578832744421577e-14,,solution good enough for the tolerances given,solution good enough for the tolerances given,,1.099571193454035e-15,1.578832744421577e-14,,1.764066944916329e-17,5.156166541231149e-19,1.764066944916329e-17,1.491354601162237e-18,,,1.764066944916329e-17,1.764066944916329e-17,,2.723147958841237e-03,1.293938119474102e+03,1.387611222315431e-10,7.369891741329862e-11,1.674273857010525e+08,0.000000000000000e+00,5.527208532711898e-01,2.515993339224920e-07,9.999997484006661e-01,9.465123883777161e-01,8.589782481857137e-01,7.373673633460192e-01,5.884699298283248e-01,4.052005591121385e-01,2.967788658055199e-01,1.575593193737881e-01,7.022299840461128e-02,1.094053101740801e-03,1.000000000000000e+00,1.008350449398402e-17,1.248350759929963e-17,8.904604603090823e-18,7.714191336828633e-18,9.863963355129366e-18,9.889530137025067e-18,5.107706691337965e-18,5.876239025289964e-18,1.258254026382273e-17,false
6,3.162000000000000e+02,0,3,CONTINUE,2.494997127781855e-08,2.494996951660251e-10,1.000000000000000e-09,1.759152668699542e-10,2.220446170516788e-14,2.093296762108757e-06,3.974572387373665e+04,9.900000000000000e-01,,,3.351875300244660e-07,1.948725779119376e-05,1.948730661664377e-07,1.807364518047344e-05,1.674273857010525e+08,REACHED_FORCE,REACHED_FORCE,,2,0,0,1,0,0,,,,8.820334724581646e-18,NaN,4.716492300621096e-19,NaN,,,6.162952139337135e-08,5.040407736029756e-15,,solution good enough for the tolerances given,solution good enough for the tolerances given,,8.144382254098414e-16,5.040407736029756e-15,,8.820334724581646e-18,3.299026992615160e-19,1.224413322919932e-22,4.716492300621096e-19,,,8.820334724581646e-18,4.716492300621096e-19,,1.723754983419993e-03,7.276677631438430e+02,1.387611222315431e-10,7.369891741329862e-11,1.674273857010525e+08,0.000000000000000e+00,5.950415294769082e-01,7.956969416689219e-08,9.999999204303058e-01,9.488406382372632e-01,8.535214049387592e-01,7.083605297415277e-01,5.958083138075320e-01,4.331757306283496e-01,2.492331999848477e-01,1.500348800616644e-01,4.869735252090461e-02,6.614626137862080e-04,1.000000000000000e+00,2.423764682579264e-17,1.991100174540562e-17,2.342334063244590e-17,3.896570762240640e-17,2.271984228999719e-17,3.833981889133507e-17,1.481869831423040e-17,1.445929711201149e-17,1.132381156197172e-16,false
6,1.000000000000000e+03,0,3,CONTINUE,2.494997127781855e-08,2.494996951659366e-10,1.000000000000000e-09,1.759152668699542e-10,2.220446170516788e-14,7.172970390523499e-07,3.974572243354465e+04,9.900000000000000e-01,,,3.351874648246906e-07,1.948725779119397e-05,1.948730688483058e-07,1.807364518047344e-05,1.674273857010525e+08,REACHED_FORCE,REACHED_FORCE,,2,0,0,1,0,0,,,,1.764066944916329e-17,NaN,1.764066944916329e-17,NaN,,,1.948725572488091e-08,1.715495385955445e-15,,solution good enough for the tolerances given,solution good enough for the tolerances given,,7.009217232142077e-16,1.715495385955445e-15,,1.764066944916329e-17,2.702981806136888e-19,1.764066944916329e-17,2.513655901684698e-19,,,1.764066944916329e-17,1.764066944916329e-17,,1.095446215234550e-03,4.091813604243254e+02,1.387611222315431e-10,7.369891741329862e-11,1.674273857010525e+08,0.000000000000000e+00,5.158142590195997e-01,2.515993957619145e-08,9.999999748400604e-01,9.485756686719271e-01,8.448824860717902e-01,7.213504365412046e-01,5.424455216079984e-01,4.580206295200082e-01,2.718005915397468e-01,1.386557750692487e-01,6.168264161359824e-02,7.167828928056969e-04,9.999999999999987e-01,4.150587269594958e-17,9.285903303696353e-17,6.681263208074534e-17,8.701095089156110e-17,1.206659305143413e-16,6.766888500714729e-17,5.167813301864477e-17,9.494844837459844e-17,1.076241677929056e-15,false
6,3.162000000000000e+03,0,3,CONTINUE,2.494997127781855e-08,2.494996951658971e-10,1.000000000000000e-09,1.759152668699542e-10,2.220446170516788e-14,4.856241984407813e-07,3.974572505633950e+04,9.900000000000000e-01,,,3.351872760302598e-07,1.948725779119489e-05,1.948730773370947e-07,1.807364518047344e-05,1.674273857010525e+08,REACHED_FORCE,REACHED_FORCE,,2,0,0,1,0,0,,,,8.820334724581646e-18,NaN,2.234149089176231e-19,NaN,,,6.162952580683003e-09,8.174267070299211e-16,,solution good enough for the tolerances given,solution good enough for the tolerances given,,6.582694155419413e-16,8.174267070299211e-16,,8.820334724581646e-18,2.354612844061908e-19,1.722170203973445e-21,2.234149089176231e-19,,,8.820334724581646e-18,2.234149089176231e-19,,6.972123014037772e-04,2.301126623368662e+02,1.387611222315431e-10,7.369891741329862e-11,1.674273857010525e+08,0.000000000000000e+00,4.253452169097332e-01,7.956969749756126e-09,9.999999920430303e-01,9.415037092538829e-01,8.500780636523887e-01,7.426658874807468e-01,5.608741510660071e-01,4.130073462140159e-01,2.342501799417430e-01,1.626752430514571e-01,3.947358679845769e-02,1.533189436066574e-03,9.999999999999880e-01,1.643288667524418e-16,1.312073586906471e-16,4.114112215511351e-16,2.269766203320116e-16,2.004048855350841e-16,4.561879031757292e-16,3.621743457051002e-16,4.219599226918783e-16,1.038605221452796e-14,false
6,1.000000000000000e+04,0,3,CONTINUE,2.494997127781855e-08,2.494996951657854e-10,1.000000000000000e-09,1.759152668699542e-10,2.220446170516788e-14,2.518838849989627e-07,3.974574245045701e+04,9.900000000000000e-01,,,3.351867008518299e-07,1.948725779120336e-05,1.948731043809548e-07,1.807364518047344e-05,1.674273857010525e+08,REACHED_FORCE,REACHED_FORCE,,2,0,0,1,0,0,,,,8.820334724581646e-18,NaN,2.056025960363495e-19,NaN,,,1.948725616615046e-09,6.475290577454430e-16,,solution good enough for the tolerances given,solution good enough for the tolerances given,,6.355459607998678e-16,6.475290577454430e-16,,8.820334724581646e-18,2.131515366340420e-19,5.155198213058718e-21,2.056025960363495e-19,,,8.820334724581646e-18,2.056025960363495e-19,,4.443034690167243e-04,1.294014628501329e+02,1.387611222315431e-10,7.369891741329862e-11,1.674273857010525e+08,0.000000000000000e+00,5.265183614966736e-01,2.515992747476048e-09,9.999999974840073e-01,9.322023297964706e-01,8.508937040938368e-01,7.178703759938971e-01,5.267668849551442e-01,4.179552775171966e-01,2.389460533754459e-01,1.305059985899696e-01,1.531166710721288e-02,2.512510241582133e-03,9.999999999998888e-01,5.567646997572956e-16,5.552690572920155e-16,6.573626149725226e-16,1.128743251910103e-15,2.681199091785524e-15,3.900147898377320e-16,2.452624708504247e-15,2.415826771659678e-14,8.003254820985073e-14,false
6,3.162000000000000e+04,0,3,CONTINUE,2.494997127781855e-08,2.494996951658685e-10,1.000000000000000e-09,1.759152668699542e-10,2.220446170516788e-14,1.493009796850710e-07,3.974572090444493e+04,9.899999999999751e-01,,,3.351850892012286e-07,1.948725779128183e-05,1.948731920811701e-07,1.807364518047344e-05,1.674273857010525e+08,REACHED_FORCE,REACHED_FORCE,,2,0,0,1,0,0,,,,8.820334724581646e-18,NaN,8.820334724581646e-18,NaN,,,6.162952624820862e-10,6.051971755014279e-16,,solution good enough for the tolerances given,solution good enough for the tolerances given,,6.140941240661540e-16,6.051971755014279e-16,,8.820334724581646e-18,1.987392278109997e-19,8.820334724581646e-18,1.934187918818030e-19,,,8.820334724581646e-18,8.820334724581646e-18,,2.870553229974925e-04,7.278038027284707e+01,1.387611222315431e-10,7.369891741329862e-11,1.674273857010525e+08,0.000000000000000e+00,6.321280421553912e-01,7.956970637934546e-10,9.999999992043029e-01,9.400633266639132e-01,8.224320660437938e-01,7.033943234719683e-01,5.401729053479573e-01,3.516997150219078e-01,2.767392983665738e-01,9.294102227567215e-02,3.177216799694463e-02,4.698714829006885e-03,9.999999999989544e-01,1.401882173739035e-15,1.909483408052493e-15,8.319983764557113e-15,1.250439828326836e-15,9.792533631995078e-15,6.116041944372629e-15,1.612050833157320e-14,3.926844244254320e-13,6.088095675163668e-13,false
6,1.000000000000000e+05,0,3,CONTINUE,2.494997127781855e-08,2.494996951658042e-10,1.000000000000000e-09,1.759152668699542e-10,2.220446170516788e-14,7.070457971883899e-08,3.974582672524398e+04,9.899999999999906e-01,,,3.351809187215480e-07,1.948725779195950e-05,1.948734882099193e-07,1.807364518047344e-05,1.674273857010525e+08,REACHED_FORCE,REACHED_FORCE,,2,0,0,1,0,0,,,,1.861605627435226e-19,NaN,1.803161468978931e-19,NaN,,,1.948725621036899e-10,5.513759547312971e-16,,solution good enough for the tolerances given,solution good enough for the tolerances given,,5.744167857975172e-16,5.513759547312971e-16,,8.854224281626555e-20,1.861605627435226e-19,4.285145574000453e-20,1.803161468978931e-19,,,1.861605627435226e-19,1.803161468978931e-19,,1.830904940748289e-04,4.094232375744691e+01,1.387611222315431e-10,7.369891741329862e-11,1.674273857010525e+08,0.000000000000000e+00,2.788637366158214e-01,2.515987418405530e-10,9.999999997484013e-01,9.365901027966831e-01,8.746354303539355e-01,7.047554002153164e-01,5.953789058528050e-01,3.235816540157505e-01,1.975992500709845e-01,1.060410639423781e-01,3.438926271569236e-02,7.020817576282530e-03,9.999999999904088e-01,4.164419595365845e-15,1.306590193312510e-14,7.046853708653709e-15,4.646222852797037e-14,3.671906054116629e-14,4.559269901996727e-14,2.594534257047317e-12,3.507809905313456e-12,3.336598556265275e-12,false
6,3.162000000000000e+05,0,2,CONTINUE,2.494997127781855e-08,2.494996954795583e-10,1.000000000000000e-09,1.759152668699542e-10,2.220446170516788e-14,4.054688338216745e-08,3.974562111136748e+04,9.899999999212241e-01,,,3.351759413688788e-07,1.948725779556032e-05,1.948739954721307e-07,1.807364518047344e-05,1.674273857010525e+08,REACHED_FORCE,REACHED_FORCE,,1,0,0,1,0,0,,,,5.831893174568960e-15,NaN,1.764066944916329e-17,NaN,,,6.162952629479007e-11,4.967311065029569e-16,,solution good enough for the tolerances given,solution good enough for the tolerances given,,6.162952629479007e-11,4.967311065029569e-16,,1.556174120484632e-19,5.831893174568960e-15,1.764066944916329e-17,1.681460063762953e-19,,,5.831893174568960e-15,1.764066944916329e-17,,1.129572900737631e-04,2.305424887412711e+01,1.387611222315431e-10,7.369891741329862e-11,1.674273857010525e+08,0.000000000000000e+00,6.689215667074948e-01,7.956990621948989e-11,9.999999999204301e-01,9.499021836217516e-01,8.280500771112388e-01,6.164431655932694e-01,4.918567424845009e-01,2.757023710636050e-01,1.365800288683717e-01,1.058795629503705e-01,3.834147920176555e-02,1.265862919592485e-02,9.999999999196028e-01,1.975537208181021e-14,9.427169441959553e-14,9.949269062280463e-14,1.546310377649908e-13,1.666759697755705e-11,2.944477569903001e-12,2.340816008599612e-11,2.181559346353921e-11,1.519433456204041e-11,true
6,1.000000000000000e+06,0,2,CONTINUE,2.494997127781855e-08,2.494996952653112e-10,1.000000000000000e-09,1.759152668699542e-10,2.220446170516788e-14,2.708448456458451e-08,3.974231933689707e+04,9.899999999750101e-01,,,3.351627988988357e-07,1.948725780998368e-05,1.948764208345483e-07,1.807364518047344e-05,1.674273857010525e+08,REACHED_FORCE,REACHED_FORCE,,1,0,0,1,0,0,,,,1.844044621899095e-15,NaN,8.820334724581646e-18,NaN,,,1.948725622023373e-11,3.837719036519376e-16,,solution good enough for the tolerances given,solution good enough for the tolerances given,,1.948725622023373e-11,3.837719036519376e-16,,1.764066944916329e-17,1.844044621899095e-15,8.820334724581646e-18,1.380328188706142e-19,,,1.844044621899095e-15,8.820334724581646e-18,,7.156735214529466e-05,1.301642821015537e+01,1.387611222315431e-10,7.369891741329862e-11,1.674273857010525e+08,0.000000000000000e+00,1.018144984896391e-01,2.516209463010455e-11,9.999999999748379e-01,9.416209547027879e-01,8.357085624589299e-01,7.494180731432447e-01,5.460298579904540e-01,2.882755221194863e-01,1.971374722338552e-01,9.890837333574383e-02,3.921935702584978e-02,2.637025967349369e-02,9.999999994313404e-01,1.282444623629972e-13,1.935350847181991e-13,3.645262030503098e-13,6.573520277082663e-11,1.434630822928723e-10,5.382713032614081e-11,1.810374276020577e-10,9.779065803708820e-11,2.612055431909539e-11,false
6,3.162000000000000e+06,0,2,CONTINUE,2.494997127781855e-08,2.494996952056090e-10,1.000000000000000e-09,1.759152668699542e-10,2.220446170516788e-14,2.689835852209189e-08,3.976015597091080e+04,9.899999999899983e-01,,,3.351431346450353e-07,1.948725788626792e-05,1.948855183737727e-07,1.807364518047344e-05,1.674273857010525e+08,REACHED_FORCE,REACHED_FORCE,,1,0,0,1,0,0,,,,5.831893174988528e-16,NaN,3.958149910184306e-18,NaN,,,6.162952639728549e-12,2.614933019300232e-16,,solution good enough for the tolerances given,solution good enough for the tolerances given,,6.162952639728549e-12,2.614933019300232e-16,,4.957848111907082e-18,5.831893174988528e-16,3.958149910184306e-18,9.745788464779244e-20,,,5.831893174988528e-16,3.958149910184306e-18,,4.936718182715949e-05,7.412816940892818e+00,1.387611222315431e-10,7.369891741329862e-11,1.674273857010525e+08,0.000000000000000e+00,4.515260770959984e-03,7.954081837624472e-12,9.999999999920459e-01,9.799312575594404e-01,9.400344412725511e-01,9.037543339085584e-01,7.918053334635610e-01,5.615386815451540e-01,4.370015467057271e-01,2.576089350009579e-01,1.140331755617031e-01,7.838570120073357e-02,9.999999967389650e-01,1.489883244808351e-13,2.939641659483975e-13,5.599898231341380e-13,1.401209237710145e-10,5.489548977669770e-10,2.665547649675480e-10,1.235117486993526e-09,8.430855473523885e-10,2.261999149627585e-10,false
6,1.000000000000000e+07,0,2,CONTINUE,2.494997127781855e-08,2.494996951912490e-10,1.000000000000000e-09,1.759152668699542e-10,2.220446170516788e-14,2.689865127949976e-08,3.977039586152571e+04,9.899999999936031e-01,,,3.351199831679253e-07,1.948725816128500e-05,1.949147080185252e-07,1.807364518047344e-05,1.674273857010525e+08,REACHED_FORCE,REACHED_FORCE,,1,0,0,1,0,0,,,,1.844044621935474e-16,NaN,5.322788313043386e-18,NaN,,,1.948725635730745e-12,1.489503337862537e-16,,solution good enough for the tolerances given,solution good enough for the tolerances given,,1.948725635730745e-12,1.489503337862537e-16,,8.820334724581646e-18,1.844044621935474e-16,5.322788313043386e-18,5.450136331232572e-20,,,1.844044621935474e-16,5.322788313043386e-18,,3.854240229379155e-05,4.329290498358978e+00,1.387611222315431e-10,7.369891741329862e-11,1.674273857010525e+08,0.000000000000000e+00,2.892360410468775e-01,2.514433106171055e-12,9.999999999974856e-01,9.827539158513453e-01,9.680136720025259e-01,9.232415673141240e-01,8.019931178487352e-01,7.105485756208570e-01,5.232203838570343e-01,3.313513044023883e-01,2.892972755677358e-01,2.119695600251442e-01,9.999999854073045e-01,6.639120685444352e-13,1.248906751115009e-12,1.983275149993675e-10,1.188652563534183e-09,7.504169744589754e-10,5.132976291567705e-09,1.296242605651156e-20,5.602207045380320e-09,1.718203742191502e-09,false
6,3.162000000000000e+07,0,2,CONTINUE,2.494997127781855e-08,2.494996953579671e-10,1.000000000000000e-09,1.759152668699542e-10,2.220446170516788e-14,2.689883378392210e-08,-9.999999999992020e-01,9.900000000000000e-01,,,3.351003975780135e-07,1.948725870680453e-05,1.949702455107360e-07,1.807364518047344e-05,1.674273857010525e+08,REACHED_FORCE,REACHED_FORCE,,1,0,0,1,0,0,,,,5.831893174879391e-17,NaN,1.699660688278759e-17,NaN,,,6.162952765130729e-13,6.220695773674144e-17,,solution good enough for the tolerances given,solution good enough for the tolerances given,,6.162952765130729e-13,6.220695773674144e-17,,1.764066944916329e-17,5.831893174879391e-17,1.699660688278759e-17,2.149005431369978e-20,,,5.831893174879391e-17,1.699660688278759e-17,,3.257446795709800e-05,2.700926023438484e+00,1.387611222315431e-10,7.369891741329862e-11,1.674273857010525e+08,0.000000000000000e+00,1.561419960470278e-03,7.980283101005625e-13,9.999999999992020e-01,9.940696606646134e-01,9.895469025350407e-01,9.743801766290482e-01,9.275740346348160e-01,8.858728133075934e-01,7.762860389431162e-01,5.627700986310217e-01,5.627697720610564e-01,4.596175211147632e-01,9.999999560185771e-01,8.625935715462888e-13,1.651868974215856e-12,2.108067074428595e-10,1.621656940951222e-09,1.207119991401872e-09,1.116381207480274e-08,7.978762086724762e-09,1.353359057679341e-08,8.263161188238561e-09,false
6,1.000000000000000e+08,0,2,CONTINUE,2.494997127781855e-08,2.494996955105141e-10,1.000000000000000e-09,1.759152668699542e-10,2.220446170516788e-14,2.689836273080623e-08,-9.999999999997486e-01,9.899999999134533e-01,,,3.350901182634958e-07,1.948725908981698e-05,1.950084451304381e-07,1.807364518047344e-05,1.674273857010525e+08,REACHED_FORCE,REACHED_FORCE,,1,0,0,1,0,0,,,,1.253415016416374e-16,NaN,1.084683902656545e-16,NaN,,,1.948725697782924e-13,1.749177726950114e-17,,solution good enough for the tolerances given,solution good enough for the tolerances given,,1.948725697782924e-13,1.749177726950114e-17,,1.253415016416374e-16,1.844044622032484e-17,1.084683902656545e-16,5.816983384798024e-21,,,1.253415016416374e-16,1.084683902656545e-16,,2.681832007090843e-05,1.916844152790361e+00,1.387611222315431e-10,7.369891741329862e-11,1.674273857010525e+08,0.000000000000000e+00,8.035601686253458e-04,2.513544927751354e-13,9.999999999997486e-01,9.990542179724632e-01,9.967470655562313e-01,9.917543202782950e-01,9.759057914604151e-01,9.608588786279683e-01,9.164860362882215e-01,8.027823499147669e-01,8.027823174744941e-01,7.289852649301684e-01,9.999999218844446e-01,3.116611721645678e-13,1.968764985023742e-13,2.528395503207043e-10,1.562105641817195e-09,1.171242745804715e-09,1.604693699058286e-08,4.902385212478755e-09,3.540037001139540e-08,1.877916707192878e-08,false
6,3.162000000000000e+08,0,2,CONTINUE,2.494997127781855e-08,2.494996964206141e-10,1.000000000000000e-09,1.759152668699542e-10,2.220446170516788e-14,2.690409449084622e-08,-9.999999999999190e-01,9.899999996849776e-01,,,3.350877861819338e-07,1.948726036902592e-05,1.951365176425188e-07,1.807364518047344e-05,1.674273857010525e+08,REACHED_FORCE,REACHED_FORCE,,1,0,0,1,0,0,,,,3.204321459999125e-16,NaN,4.307909940740983e-16,NaN,,,6.162953176359339e-14,6.025789115166683e-18,,solution good enough for the tolerances given,solution good enough for the tolerances given,,6.162953176359339e-14,6.025789115166683e-18,,3.204321459999125e-16,5.831893175121916e-18,4.307909940740983e-16,1.940995355376044e-21,,,3.204321459999125e-16,4.307909940740983e-16,,1.955933809370578e-05,1.590445227782833e+00,1.387611222315431e-10,7.369891741329862e-11,1.674273857010525e+08,0.000000000000000e+00,2.624380833396991e-04,8.104628079763643e-14,9.999999999999190e-01,9.994340504804802e-01,9.989582836996368e-01,9.973776750562190e-01,9.922535716945374e-01,9.872830200248097e-01,9.719912158617732e-01,9.279214799735842e-01,9.279212797889707e-01,8.948151735555965e-01,9.999998228241181e-01,2.445875721089254e-11,2.900263519412449e-11,4.676108927709729e-10,3.793192085663542e-09,3.126088965505395e-09,2.331801965099315e-08,4.769151940204640e-08,4.660502313684360e-08,5.212096715497882e-08,false
6,1.000000000000000e+09,0,2,CONTINUE,2.494997127781855e-08,2.494996983385176e-10,1.000000000000000e-09,1.759152668699542e-10,2.220446170516788e-14,2.690971023615829e-08,-9.999999999999725e-01,9.899999992034975e-01,,,3.350868625965366e-07,1.948726129134936e-05,1.952290500839327e-07,1.807364518047344e-05,1.674273857010525e+08,REACHED_FORCE,REACHED_FORCE,,1,0,0,1,0,0,,,,3.829586473247592e-16,NaN,3.175845141878357e-16,NaN,,,1.948725876915740e-14,1.833559798382244e-18,,solution good enough for the tolerances given,solution good enough for the tolerances given,,1.948725876915740e-14,1.833559798382244e-18,,3.829586473247592e-16,1.844044622881321e-18,3.175845141878357e-16,5.962737364246118e-22,,,3.829586473247592e-16,3.175845141878357e-16,,1.249024932106417e-05,1.472224519146833e+00,1.387611222315431e-10,7.369891741329862e-11,1.674273857010525e+08,0.000000000000000e+00,9.012783234263256e-05,2.753353101070388e-14,9.999999999999725e-01,9.998505751117894e-01,9.996813600313584e-01,9.991698985858654e-01,9.975389956457685e-01,9.959459321044075e-01,9.909744206961366e-01,9.760336104120240e-01,9.760326317518816e-01,9.641701762025299e-01,9.999997395325809e-01,1.526063929054519e-10,1.290729094520074e-10,2.454106537163477e-09,6.950429778839990e-09,5.324770819174876e-09,4.416810511698089e-08,6.600706371284970e-08,6.459664578933223e-08,7.068461759865905e-08,false
6,3.162000000000000e+09,0,2,CONTINUE,2.494997127781855e-08,2.494996975967079e-10,1.000000000000000e-09,1.759152668699542e-10,2.220446170516788e-14,2.701057581281740e-08,-9.999999999999682e-01,9.900000000000000e-01,,,3.350958033913928e-07,1.948734703465504e-05,2.034937490595905e-07,1.807364518047344e-05,1.674273857010525e+08,REACHED_FORCE,REACHED_FORCE,,1,0,0,1,0,0,,,,1.674591099194253e-15,NaN,1.770916299986005e-15,NaN,,,6.162972918379337e-15,2.978805708124908e-18,,solution good enough for the tolerances given,solution good enough for the tolerances given,,6.162972918379337e-15,2.978805708124908e-18,,1.674591099194253e-15,5.831893166633539e-19,1.770916299986005e-15,8.965863582355720e-22,,,1.674591099194253e-15,1.770916299986005e-15,,7.374170207186947e-06,1.432818022788025e+00,1.387611222315431e-10,7.369891741329862e-11,1.674273857010525e+08,0.000000000000000e+00,2.754649678496478e-05,3.175237850427948e-14,9.999999999999682e-01,9.999442198418425e-01,9.998963656117230e-01,9.997372006771693e-01,9.992217590462272e-01,9.987171670197574e-01,9.971269661294262e-01,9.923200712060767e-01,9.923197403618409e-01,9.884269225929400e-01,9.999934183029321e-01,1.314060524150538e-08,1.477573784047175e-08,5.853489514654376e-09,2.799681091365271e-07,2.537818370899337e-07,4.169623431932129e-08,1.733538325807765e-06,1.685797120789768e-06,2.553145609471740e-06,false
6,1.000000000000000e+10,0,2,CONTINUE,2.494997127781855e-08,2.494997343165577e-10,1.000000000000000e-09,1.759152668699542e-10,2.220446170516788e-14,2.714731168687486e-08,-9.999999999999840e-01,9.899999901713942e-01,,,3.350996603542594e-07,1.948746119741749e-05,2.139347363255915e-07,1.807364518047344e-05,1.674273857010525e+08,REACHED_FORCE,REACHED_FORCE,,1,0,0,1,0,0,,,,5.420677274929145e-15,NaN,4.729133975713283e-15,NaN,,,1.948740377656361e-15,1.400649614050186e-18,,solution good enough for the tolerances given,solution good enough for the tolerances given,,1.948740377656361e-15,1.400649614050186e-18,,5.420677274929145e-15,1.844044637432828e-19,4.729133975713283e-15,4.238034228569917e-22,,,5.420677274929145e-15,4.729133975713283e-15,,4.215483065087162e-06,1.420126891388998e+00,1.387611222315431e-10,7.369891741329862e-11,1.674273857010525e+08,0.000000000000000e+00,1.420932600975473e-05,1.598721155460225e-14,9.999999999999840e-01,9.999822134967770e-01,9.999674048277084e-01,9.999173621581764e-01,9.997556262060556e-01,9.995979301915691e-01,9.990838475508055e-01,9.975676434375402e-01,9.975675010955538e-01,9.963299131617388e-01,9.999848854726404e-01,3.017998617705422e-08,3.723811396301563e-08,2.182831561951594e-10,6.387299775617263e-07,7.389096492774369e-07,5.290976314130929e-07,3.362305266072353e-06,3.122217408770688e-06,6.655631044136170e-06,false
6,3.162000000000000e+10,0,2,CONTINUE,2.494997127781855e-08,2.494997343353263e-10,1.000000000000000e-09,1.759152668699542e-10,2.220446170516788e-14,2.654070548601026e-08,-9.999999999999714e-01,9.899999906604297e-01,,,3.350596900261163e-07,1.948769332368377e-05,2.335544051606839e-07,1.807364518047344e-05,1.674273857010525e+08,REACHED_FORCE,REACHED_FORCE,,1,0,0,1,0,0,,,,3.511091778645502e-14,NaN,3.852991448930999e-14,NaN,,,6.163053449342454e-16,6.272541128925711e-19,,solution good enough for the tolerances given,solution good enough for the tolerances given,,6.163053449342454e-16,6.272541128925711e-19,,3.511091778645502e-14,5.831893178759793e-20,3.852991448930999e-14,1.953122029591689e-22,,,3.511091778645502e-14,3.852991448930999e-14,,2.384214763857299e-06,1.416090616031009e+00,1.387611222315431e-10,7.369891741329862e-11,1.674273857010525e+08,0.000000000000000e+00,3.251163652647438e-05,2.864375403532904e-14,9.999999999999714e-01,9.999916925140419e-01,9.999803003931272e-01,9.999633275127963e-01,9.999207253113506e-01,9.998691114823737e-01,9.997083051502877e-01,9.992129267156195e-01,9.992122951699848e-01,9.988098314220072e-01,9.999673258313759e-01,1.002016826521701e-07,9.059992370189710e-09,5.510570545581230e-10,9.249258726177802e-07,8.300401684348588e-07,2.266944147185398e-06,8.523787869454994e-06,9.287355459242440e-06,1.073130237574987e-05,false
6,1.000000000000000e+11,0,2,CONTINUE,2.494997127781855e-08,2.495008592283061e-10,1.000000000000000e-09,1.759152668699542e-10,2.220446170516788e-14,2.505187563898334e-08,-9.999999999994806e-01,9.899998967989847e-01,,,3.349793519334262e-07,1.950017652243016e-05,7.290407829549966e-07,1.807364518047344e-05,1.674273857010525e+08,REACHED_FORCE,REACHED_FORCE,,1,0,0,1,0,0,,,,7.289071612567275e-14,NaN,5.211644570870770e-14,NaN,,,1.949695047581168e-16,1.075015807946605e-18,,solution good enough for the tolerances given,solution good enough for the tolerances given,,1.949695047581168e-16,1.075015807946605e-18,,7.289071612567275e-14,1.844044819326653e-20,5.211644570870770e-14,3.416428160262037e-22,,,7.289071612567275e-14,5.211644570870770e-14,,1.343729592829633e-06,1.414811621005808e+00,1.387611222315431e-10,7.369891741329862e-11,1.674273857010525e+08,0.000000000000000e+00,1.296495692249333e-05,5.193623309196482e-13,9.999999999994806e-01,9.999971130387155e-01,9.999924817052247e-01,9.999866155650391e-01,9.999737953741203e-01,9.999555502174960e-01,9.999176736251089e-01,9.997412271135862e-01,9.997409098505881e-01,9.996009875659727e-01,9.990076066433329e-01,2.962422496232649e-06,2.739641419327817e-05,1.394946041106807e-08,1.610245453256986e-05,2.745475608575915e-05,2.831024738202110e-04,1.373267872343805e-04,1.342097009769541e-04,3.638243978682781e-04,false
6,3.162000000000000e+11,0,2,CONTINUE,2.494997127781855e-08,2.495045568900249e-10,1.000000000000000e-09,1.759152668699542e-10,2.220446170516788e-14,3.922648788615257e-08,1.771943651653090e+00,9.899997256488284e-01,,,3.354907563833979e-07,1.972025672587786e-05,2.998805343606385e-06,1.807364518047344e-05,1.674273857010525e+08,REACHED_FORCE,REACHED_FORCE,,1,0,0,1,0,0,,,,1.060795658555694e-13,NaN,1.644859547870130e-13,NaN,,,6.221969503967010e-17,1.066926784187166e-18,,solution good enough for the tolerances given,solution good enough for the tolerances given,,6.221969503967010e-17,1.066926784187166e-18,,1.060795658555694e-13,5.831893178759793e-21,1.644859547870130e-13,3.271438234799943e-22,,,1.060795658555694e-13,1.644859547870130e-13,,7.515382520170566e-07,1.414406994980431e+00,1.387611222315431e-10,7.369891741329862e-11,1.674273857010525e+08,0.000000000000000e+00,2.530663157903563e-06,1.784794534387402e-12,9.999999999982152e-01,9.999994682802341e-01,9.999978782323976e-01,9.999964398672895e-01,9.999947320087479e-01,9.999916323734167e-01,9.999744579288460e-01,9.999453872313041e-01,9.999451430193539e-01,9.999193835451214e-01,9.811425269868290e-01,7.037071524368492e-05,1.117498333009274e-04,5.197196277279156e-07,9.049191288503332e-04,6.616267088666981e-04,3.970724524338308e-04,4.824295491808995e-03,4.672803930746192e-03,7.214115032292344e-03,false
6,1.000000000000000e+12,0,2,CONTINUE,2.494997127781855e-08,2.495092580640211e-10,1.000000000000000e-09,1.759152668699542e-10,2.220446170516788e-14,1.010082552176968e-07,-9.999999999997038e-01,9.899997015103426e-01,,,3.354409467398818e-07,2.054905659085354e-05,6.457945877392532e-06,1.807364518047344e-05,1.674273857010525e+08,REACHED_FORCE,REACHED_FORCE,,1,0,0,1,0,0,,,,6.999258489705884e-13,NaN,6.318214772449422e-13,NaN,,,2.045573416850633e-17,3.084682659107520e-19,,solution good enough for the tolerances given,solution good enough for the tolerances given,,2.045573416850633e-17,3.084682659107520e-19,,6.999258489705884e-13,2.017977364176336e-21,6.318214772449422e-13,1.009446037119277e-22,,,6.999258489705884e-13,6.318214772449422e-13,,4.201793320297554e-07,1.414278995269948e+00,1.387611222315431e-10,7.369891741329862e-11,1.674273857010525e+08,0.000000000000000e+00,1.477075615916786e-07,2.962075029699918e-13,9.999999999997038e-01,9.999999268080841e-01,9.999994181641971e-01,9.999993673721986e-01,9.999991755487120e-01,9.999990640348163e-01,9.999929908185621e-01,9.999927815925459e-01,9.999913132934831e-01,9.999900999171032e-01,9.075811834802916e-01,1.826355278095934e-04,4.478674568700356e-04,1.368645176596746e-03,2.697575495346262e-04,1.112720734756843e-03,3.523377537080325e-02,2.312399281372572e-02,3.804999647385342e-03,2.687442224222631e-02,false
6,3.162000000000000e+12,0,2,CONTINUE,2.494997127781855e-08,2.495470126523671e-10,1.000000000000000e-09,1.759152668699542e-10,2.220446170516788e-14,9.414052302790505e-06,-1.000000973540258e+00,9.899984842128764e-01,,,3.348901309293311e-07,2.163637582675239e-05,9.309338178650307e-06,1.807364518047344e-05,1.674273857010525e+08,REACHED_FORCE,REACHED_FORCE,,1,0,0,1,0,0,,,,2.693734732741344e-12,NaN,3.562323956189257e-12,NaN,,,6.861945621211394e-18,4.797919817269259e-20,,solution good enough for the tolerances given,solution good enough for the tolerances given,,6.861945621211394e-18,4.797919817269259e-20,,2.693734732741344e-12,1.116575262753661e-21,3.562323956189257e-12,1.964154266958775e-23,,,2.693734732741344e-12,3.562323956189257e-12,,2.347615927814541e-07,1.414238522638039e+00,1.387611222315431e-10,7.369891741329862e-11,1.674273857010525e+08,0.000000000000000e+00,8.804092856342503e-08,-9.735402579647001e-07,1.000000973540258e+00,1.000000862331724e+00,1.000000432039418e+00,1.000000350988931e+00,1.000000147955735e+00,1.000000143621355e+00,1.000000047848035e+00,1.000000003032815e+00,9.999999996700606e-01,9.999999664060158e-01,8.820658554504049e-02,4.887897626192221e-02,3.065579428002197e-02,1.767827079018100e-04,6.132712224856399e-03,1.150764123946226e-02,1.868875032044835e-03,7.614706639665589e-02,7.362756894786977e-01,1.498768333958846e-04,false
6,1.000000000000000e+13,0,2,CONTINUE,2.494997127781855e-08,2.496218326197878e-10,1.000000000000000e-09,1.759152668699542e-10,2.220446170516788e-14,NaN,-1.000005849199665e+00,9.899968739021779e-01,,,3.205274966172569e-07,3.021748578910070e-05,2.286439361580597e-05,1.807364518047344e-05,1.674273857010525e+08,REACHED_FORCE,REACHED_FORCE,,1,0,0,1,0,0,,,,9.429045175242106e-12,NaN,9.401385702088376e-12,NaN,,,3.954192812860344e-18,1.177228238220785e-18,,solution good enough for the tolerances given,solution good enough for the tolerances given,,3.954192812860344e-18,1.177228238220785e-18,,9.429045175242106e-12,1.340652220508042e-21,9.401385702088376e-12,4.648620798012942e-22,,,9.429045175242106e-12,9.401385702088376e-12,,1.286653423572475e-07,1.414225721663498e+00,1.387611222315431e-10,7.369891741329862e-11,1.674273857010525e+08,0.000000000000000e+00,1.485008418144504e-07,-5.849199665064475e-06,1.000005849199665e+00,1.000005832292345e+00,1.000005078413244e+00,1.000004011762283e+00,1.000000489295633e+00,1.000000363528310e+00,1.000000352706178e+00,1.000000041703723e+00,1.000000025367100e+00,1.000000000001933e+00,4.622196776892218e-01,1.547590649500347e-01,3.821610206100081e-03,1.022553457502442e-01,1.336312574802632e-03,4.998026257859860e-03,2.651617174614072e-02,4.036991183078344e-05,1.018550025845302e-03,2.430348708879190e-01,false
6,3.162000000000000e+13,0,2,CONTINUE,2.494997127781855e-08,2.499103486212305e-10,1.000000000000000e-09,1.759152668699542e-10,2.220446170516788e-14,5.139293551062557e-07,-1.000005576700288e+00,9.899849765617910e-01,,,3.136407878223697e-07,3.189157477221438e-05,2.499345508845176e-05,1.807364518047344e-05,1.674273857010525e+08,REACHED_FORCE,REACHED_FORCE,,1,0,0,1,0,0,,,,3.397148672768630e-11,NaN,4.321550768540136e-11,NaN,,,2.409368257735457e-18,2.038768972485602e-18,,solution good enough for the tolerances given,solution good enough for the tolerances given,,2.409368257735457e-18,2.038768972485602e-18,,3.397148672768630e-11,7.471855569724708e-22,4.321550768540136e-11,8.097804826889861e-22,,,3.397148672768630e-11,4.321550768540136e-11,,7.092524322016320e-08,1.414221674299969e+00,1.387611222315431e-10,7.369891741329862e-11,1.674273857010525e+08,0.000000000000000e+00,3.573551359201926e-08,-5.576700288445480e-06,1.000005576700288e+00,1.000005576558856e+00,1.000002862430287e+00,1.000002861340599e+00,1.000002252756449e+00,1.000000200350564e+00,1.000000153741923e+00,1.000000021830754e+00,9.999999999894096e-01,9.999999384632320e-01,4.760037838509304e-01,2.332012386770873e-16,3.321598361539222e-01,9.809408424604175e-02,3.203820743181391e-03,1.809249142498126e-02,5.824543072365720e-03,8.471281785233940e-04,6.569985818415749e-02,7.445414589640306e-05,false
6,1.000000000000000e+14,1,6,CONTINUE,2.494997127781855e-08,2.495198129989746e-10,1.000000000000000e-09,1.759152668699542e-10,2.220446170516788e-14,1.535236379662306e-09,8.412199337567906e-06,9.899941602558641e-01,,,1.643656758080094e-07,7.383253786615109e-02,7.309377872703304e-02,1.807364518047344e-05,1.674273857010525e+08,REFINE_STALLED,REFINE_STALLED,,1,2,2,1,2,2,,,,2.169430385371709e-04,1.137550309637451e-05,2.169430292656499e-04,1.393825378302538e-05,,,1.410547836409034e-15,1.326868470072733e-15,,solution good enough for the tolerances given,solution good enough for the tolerances given,,1.410547836409034e-15,1.326868470072733e-15,,2.169430385371709e-04,1.394044714913489e-18,2.169430292656499e-04,1.310594814412752e-18,,,7.255939133122239e-06,1.092661674755283e-05,,5.206334688766211e-05,1.414220394546030e+00,1.387611222315431e-10,7.369891741329862e-11,1.674273857010525e+08,0.000000000000000e+00,1.465314732398401e-06,1.188749765290709e-09,9.999999988112502e-01,9.999990263419262e-01,9.999982303279062e-01,9.999977724150104e-01,9.999969841767334e-01,9.999967078622413e-01,9.999957434249268e-01,9.999952503685714e-01,9.999947357901060e-01,9.999934863875060e-01,5.005952962668429e-03,4.759884119867533e-02,5.005892081845778e-03,2.873832924136217e-02,3.094182931381390e-01,3.862413502036013e-02,5.871872441550976e-03,3.946722804903048e-01,1.651375899941731e-03,1.634130275251514e-01,false
6,3.162000000000000e+14,1,6,CONTINUE,2.494997127781855e-08,2.501888100122612e-10,1.000000000000000e-09,1.759152668699542e-10,2.220446170516788e-14,5.502007446581741e-10,8.222624415184635e-07,9.898251400575021e-01,,,1.633890194575281e-07,1.408082436709918e-01,1.393755381307655e-01,1.807364518047344e-05,1.674273857010525e+08,REFINE_STALLED,REFINE_STALLED,,1,2,2,1,2,2,,,,6.859736667276892e-04,3.373112130062583e-05,6.859736078238550e-04,4.312493301832829e-05,,,9.764667144663104e-16,9.233835123242781e-16,,solution good enough for the tolerances given,solution good enough for the tolerances given,,9.764667144663104e-16,9.233835123242781e-16,,6.859736667276892e-04,8.750599221769808e-19,6.859736078238550e-04,8.204454481153092e-19,,,1.878110251430493e-05,2.616828865024253e-05,,4.768935107723389e-05,1.414219989808674e+00,1.387611222315431e-10,7.369891741329862e-11,1.674273857010525e+08,0.000000000000000e+00,1.118982018326904e-06,3.846162943688114e-09,9.999999961538371e-01,9.999996350944351e-01,9.999989570911939e-01,9.999982714629756e-01,9.999977993392170e-01,9.999968281280559e-01,9.999960508701964e-01,9.999952776167461e-01,9.999947781350123e-01,9.999942520303777e-01,1.083568056870673e-02,1.083666854348028e-02,2.624365146406738e-02,6.146326912448160e-02,3.438933783947207e-01,5.429814194272780e-02,3.418669300254374e-01,1.512974241674459e-02,9.640238496777039e-03,1.257922990228567e-01,false
6,1.000000000000000e+15,1,6,CONTINUE,2.494997127781855e-08,2.710225472771326e-10,1.000000000000000e-09,1.759152668699542e-10,2.220446170516788e-14,1.811608134024542e-10,1.685959062688927e-07,9.845931066864706e-01,,,1.627184156846106e-07,2.866117447398226e-01,2.821959474660201e-01,1.807364518047344e-05,1.674273857010525e+08,REFINE_STALLED,REFINE_STALLED,,1,2,2,1,2,2,,,,2.169429021052853e-03,8.759449647311158e-05,2.169428895760684e-03,1.173909586341174e-04,,,6.936448089021811e-16,6.587424096990815e-16,,solution good enough for the tolerances given,solution good enough for the tolerances given,,6.936448089021811e-16,6.587424096990815e-16,,2.169429021052853e-03,5.353718473671073e-19,2.169428895760684e-03,5.013993145679385e-19,,,5.378069498010845e-05,7.800042148497752e-05,,4.496879316457425e-05,1.414219861797825e+00,1.387611222315431e-10,7.369891741329862e-11,1.674273857010525e+08,0.000000000000000e+00,1.388504564500333e-06,5.931342084153357e-09,9.999999940686579e-01,9.999995411696563e-01,9.999989932469366e-01,9.999982691857645e-01,9.999978276678254e-01,9.999968631789745e-01,9.999962680296326e-01,9.999953447320837e-01,9.999948138673361e-01,9.999944800729181e-01,2.254105980366395e-02,1.826123971813781e-02,6.332659546270709e-02,2.436276925244089e-01,1.563653364454210e-01,1.033825096467315e-01,2.588775739631799e-01,2.460454146539085e-02,2.247457701017579e-02,8.653887396018264e-02,false
6,3.162000000000000e+15,1,6,CONTINUE,2.494997127781855e-08,8.140517262333048e-10,1.000000000000000e-09,1.759152668699542e-10,2.220446170516788e-14,5.810400198637276e-11,7.017408769770665e-08,8.483371474321191e-01,,,1.622738094582336e-07,6.071219661324514e-01,5.150441164967776e-01,1.807364518047344e-05,1.674273857010525e+08,REFINE_STALLED,REFINE_STALLED,,1,2,2,1,2,2,,,,6.859734142377259e-03,1.999780680327433e-04,6.859734133116249e-03,2.810345585056913e-04,,,5.068501017786265e-16,4.831940355212388e-16,,solution good enough for the tolerances given,solution good enough for the tolerances given,,5.068501017786265e-16,4.831940355212388e-16,,6.859734142377259e-03,3.233053169093307e-19,6.859734133116249e-03,3.031788047891772e-19,,,1.337218998117694e-04,2.017417290725831e-04,,4.342367394261289e-05,1.414219821324079e+00,1.387611222315431e-10,7.369891741329862e-11,1.674273857010525e+08,0.000000000000000e+00,1.100824740615725e-06,4.506728101816293e-09,9.999999954932719e-01,9.999995897869013e-01,9.999990674613324e-01,9.999983950433058e-01,9.999979117854362e-01,9.999969889146696e-01,9.999963718023708e-01,9.999954955432292e-01,9.999949039612387e-01,9.999945571079045e-01,4.131367589876650e-02,2.741496132231199e-02,7.829385775258267e-02,2.293778173989341e-01,1.525984915627073e-01,1.158387798052366e-01,2.270639373996423e-01,2.863173803147025e-02,3.310925153126042e-02,6.635748929708760e-02,false
6,1.000000000000000e+16,1,6,CONTINUE,2.494997127781855e-08,3.502609929237942e-09,1.000000000000000e-09,1.759152668699542e-10,2.220446170516788e-14,1.865649191336411e-11,2.755706337371080e-08,1.752754162344757e-01,,,1.609945693173124e-07,1.301219982219558e+00,2.280718731523076e-01,1.807364518047344e-05,1.674273857010525e+08,REFINE_STALLED,REFINE_STALLED,,1,2,2,1,2,2,,,,2.169428469399663e-02,4.019962848046288e-04,2.169428667162768e-02,5.925838600289028e-04,,,3.850789298249034e-16,3.688495023750676e-16,,solution good enough for the tolerances given,solution good enough for the tolerances given,,3.850789298249034e-16,3.688495023750676e-16,,2.169428469399663e-02,1.982255495166744e-19,2.169428667162768e-02,1.869264977953028e-19,,,2.919757786366527e-04,4.565367440765103e-04,,4.258239130944789e-05,1.414219808522993e+00,1.387611222315431e-10,7.369891741329862e-11,1.674273857010525e+08,0.000000000000000e+00,1.810366300556345e-06,3.628833677993271e-09,9.999999963711663e-01,9.999996267688256e-01,9.999991275650379e-01,9.999984948910933e-01,9.999980197254736e-01,9.999971519294912e-01,9.999964757023204e-01,9.999960246066811e-01,9.999954390392657e-01,9.999946399642301e-01,7.080178313621645e-02,2.985887756835379e-02,7.809966075620021e-02,1.924180044830295e-01,1.659170809669454e-01,1.035622567968729e-01,2.241481742651914e-01,9.211433108682554e-03,4.600727316038412e-02,7.997545575812370e-02,false
6,3.162000000000000e+16,1,7,CONTINUE,2.494997127781855e-08,4.157855700797383e-09,1.000000000000000e-09,1.759152668699542e-10,2.220446170516788e-14,6.054904036839505e-12,1.233118017322883e-08,9.466872076526363e-03,,,1.599363851174855e-07,2.568104264183021e+00,2.431190687135461e-02,1.807364518047344e-05,1.674273857010525e+08,REFINE_STALLED,REFINE_STALLED,,1,3,3,1,2,2,,,,6.859735842990690e-02,1.401680937968382e-03,6.859736422879842e-02,1.381433786612408e-03,,,3.106476499211514e-16,3.041693223330015e-16,,solution good enough for the tolerances given,solution good enough for the tolerances given,,3.106476499211514e-16,3.041693223330015e-16,,6.859735842990690e-02,1.303419680103539e-19,6.859736422879842e-02,1.263019419916548e-19,,,4.655896383176902e-04,8.693738078859928e-04,,4.214952148821565e-05,1.414219804475618e+00,1.387611222315431e-10,7.369891741329862e-11,1.674273857010525e+08,0.000000000000000e+00,7.726148583417372e-07,2.564681800265589e-09,9.999999974353182e-01,9.999996715263485e-01,9.999992280260526e-01,9.999986862349032e-01,9.999981954709815e-01,9.999973091613887e-01,9.999964879228788e-01,9.999962416090737e-01,9.999948340323421e-01,9.999947768968639e-01,1.074046704122133e-01,2.558103975626314e-02,6.208507695609685e-02,1.209214525076809e-01,2.110615768839021e-01,1.186068448477823e-01,1.885436726172824e-01,6.072619195915554e-02,4.728395374476979e-04,1.045966345221761e-01,false
6,1.000000000000000e+17,1,10,CONTINUE,2.494997127781855e-08,4.175636199171396e-09,1.000000000000000e-09,1.759152668699542e-10,2.220446170516788e-14,1.969040864861603e-12,4.989560342702093e-09,5.224856105068457e-03,,,1.593040817339063e-07,3.728473799807488e+00,1.948072952397985e-02,1.807364518047344e-05,1.674273857010525e+08,REFINE_STALLED,REFINE_STALLED,,1,4,4,1,4,4,,,,2.169429224584659e-01,7.764666816160467e-03,2.169429209233572e-01,7.633229266591730e-03,,,2.713503244351626e-16,2.683149368436816e-16,,solution good enough for the tolerances given,solution good enough for the tolerances given,,2.713503244351626e-16,2.683149368436816e-16,,2.169429224584659e-01,9.796526049324871e-20,2.169429209233572e-01,9.632409047306047e-20,,,7.206461335617036e-04,1.198315616990421e-03,,4.194866134696156e-05,1.414219803195510e+00,1.387611222315431e-10,7.369891741329862e-11,1.674273857010525e+08,0.000000000000000e+00,4.843479718923383e-07,2.004184596060554e-09,9.999999979958154e-01,9.999997045247443e-01,9.999992955397773e-01,9.999987712476834e-01,9.999982832019693e-01,9.999977276866440e-01,9.999968505981610e-01,9.999965664006318e-01,9.999949280320189e-01,9.999949214110319e-01,1.404905400345720e-01,2.132052953718516e-02,5.219849711000963e-02,1.033483529482680e-01,1.763614785442953e-01,1.017741652642718e-01,4.467103343814232e-02,2.341686857578719e-01,4.710223176959129e-02,7.856448559579282e-02,false
6,3.162000000000000e+17,1,6,CONTINUE,2.494997127781855e-08,4.197829578146296e-09,1.000000000000000e-09,1.759152668699542e-10,2.220446170516788e-14,6.338160242471671e-13,1.830059066229151e-09,1.375617013046415e-04,,,1.334497917173686e-07,6.227490583194368e+00,8.564470162083211e-04,1.807364518047344e-05,1.674273857010525e+08,REFINE_STALLED,REFINE_STALLED,,1,2,2,1,2,2,,,,6.859733887368842e-01,2.373020426761260e-02,6.859734302535520e-01,2.332492719087179e-02,,,2.544573400109186e-16,2.510429027936014e-16,,solution good enough for the tolerances given,solution good enough for the tolerances given,,2.544573400109186e-16,2.510429027936014e-16,,6.859733887368842e-01,9.231837289829478e-20,6.859734302535520e-01,9.230043574182887e-20,,,1.551800822709120e-02,1.525298341135060e-02,,3.911590650984714e-05,1.414219802790772e+00,1.387611222315431e-10,7.369891741329862e-11,1.674273857010525e+08,0.000000000000000e+00,3.739173600728206e-07,1.728116538757263e-09,9.999999982718835e-01,9.999997344122572e-01,9.999993671098568e-01,9.999988618384136e-01,9.999983069327339e-01,9.999979748336757e-01,9.999971457726343e-01,9.999966305765035e-01,9.999950167201236e-01,9.999950103193299e-01,1.606185362698264e-01,1.746771955624310e-02,4.223509191386739e-02,9.611965696806976e-02,1.547035526287434e-01,9.927993809647964e-02,4.214317068081976e-02,2.511268004765589e-01,7.610301831481481e-02,6.020251509457594e-02,false
6,1.000000000000000e+18,1,6,CONTINUE,2.494997127781855e-08,4.199043797747653e-09,1.000000000000000e-09,1.759152668699542e-10,2.220446170516788e-14,2.019302465540319e-13,6.107508237863329e-10,6.119462011903763e-05,,,1.079295626315990e-07,6.048926828063606e+00,3.696589434481079e-04,1.807364518047344e-05,1.674273857010525e+08,REFINE_STALLED,REFINE_STALLED,,1,2,2,1,2,2,,,,2.169429314193134e+00,4.072320181760114e-02,2.169429358740445e+00,4.002835426690099e-02,,,2.483459240867600e-16,2.463953861095571e-16,,solution good enough for the tolerances given,solution good enough for the tolerances given,,2.483459240867600e-16,2.463953861095571e-16,,2.169429314193134e+00,9.228207174118530e-20,2.169429358740445e+00,9.227075066947318e-20,,,3.488563540726523e-02,3.429039246469542e-02,,3.417576852396617e-05,1.414219802662761e+00,1.387611222315431e-10,7.369891741329862e-11,1.674273857010525e+08,0.000000000000000e+00,3.834226875999559e-07,1.637328939096960e-09,9.999999983626711e-01,9.999997472900974e-01,9.999994013828221e-01,9.999989140947899e-01,9.999983244710451e-01,9.999980755862073e-01,9.999972574415331e-01,9.999966597263346e-01,9.999950542428353e-01,9.999950478194085e-01,1.696165065517860e-01,1.584157826756944e-02,3.753979622508422e-02,8.980199169703774e-02,1.441513042679315e-01,1.041991803265493e-01,4.074765860840031e-02,2.576875624019710e-01,8.039765290079989e-02,6.001676875287087e-02,false
7,1.000000000000000e+00,0,3,CONTINUE,2.494996954795583e-10,2.494996953034398e-12,1.000000000000000e-09,1.759152546731761e-12,2.220446050463013e-14,2.381560239619189e-03,3.974572032615406e+06,9.900000000000000e-01,,,3.351849873883680e-09,1.948725779118174e-07,2.085671002216362e-09,2.515994163995662e-07,1.674273809070935e+10,REACHED_FORCE,REACHED_FORCE,,2,0,0,1,0,0,,,,6.802385705749522e-19,NaN,8.820334724581646e-18,NaN,,,1.948725287244015e-07,1.186787304753620e-15,,solution good enough for the tolerances given,solution good enough for the tolerances given,,1.473371592383883e-15,1.186787304753620e-15,,7.290436949642572e-26,6.802385705749522e-19,8.820334724581646e-18,5.096352868670938e-19,,,6.802385705749522e-19,8.820334724581646e-18,,1.712577233772779e-02,1.293937328185155e+05,1.387619124112003e-12,7.369909538246029e-13,1.674273809070935e+10,0.000000000000000e+00,5.037738205183254e-01,2.515993521301496e-07,9.999997484006479e-01,9.462924531840560e-01,8.648741112480911e-01,7.457329994822850e-01,5.772763095485266e-01,3.998524778041747e-01,2.856069351150113e-01,1.674285026613140e-01,6.318125329338775e-02,2.375901886153888e-03,1.000000000000000e+00,1.676150496728585e-17,2.388544826808228e-17,5.234189051747681e-18,6.507464274144556e-18,2.745683596029505e-17,3.398151454509607e-17,1.558318595912884e-17,7.424776681291942e-18,1.067894293244635e-17,false
7,3.162000000000000e+00,0,3,CONTINUE,2.494996954795583e-10,2.494996953034353e-12,1.000000000000000e-09,1.759152546731761e-12,2.220446050463013e-14,4.497852092412323e-04,3.974571888264619e+06,9.900000000000000e-01,,,3.351848834549091e-09,1.948725779118176e-07,2.085672086795676e-09,2.515994163995662e-07,1.674273809070935e+10,REACHED_FORCE,REACHED_FORCE,,2,0,0,1,0,0,,,,8.820334724581646e-18,NaN,8.820334724581646e-18,NaN,,,6.162952632772401e-08,7.478984295437757e-16,,solution good enough for the tolerances given,solution good enough for the tolerances given,,8.902113746803706e-16,7.478984295437757e-16,,8.820334724581646e-18,3.263438966091932e-19,8.820334724581646e-18,2.197429241802663e-19,,,8.820334724581646e-18,8.820334724581646e-18,,1.097506057138295e-02,7.276663785966451e+04,1.387619124112003e-12,7.369909538246029e-13,1.674273809070935e+10,0.000000000000000e+00,5.063143686661721e-01,7.956970415889941e-08,9.999999204302958e-01,9.547349995152622e-01,8.432972334645233e-01,6.869509306447789e-01,5.718720590751686e-01,4.310635762353821e-01,2.825802741593701e-01,1.565466729449373e-01,4.988045077631138e-02,1.420200992184603e-03,1.000000000000000e+00,4.011967989493573e-17,1.452354904538039e-17,7.234497606182823e-17,1.230115837680941e-16,7.699055369209969e-17,4.138052990645411e-17,3.427880149012981e-17,2.648392799308244e-17,8.429540659644304e-17,false
7,1.000000000000000e+01,0,3,CONTINUE,2.494996954795583e-10,2.494996953034383e-12,1.000000000000000e-09,1.759152546731761e-12,2.220446050463013e-14,6.538005052219180e-05,3.974571822431872e+06,9.900000000000000e-01,,,3.351848146350183e-09,1.948725779118184e-07,2.085675517155153e-09,2.515994163995662e-07,1.674273809070935e+10,REACHED_FORCE,REACHED_FORCE,,2,0,0,1,0,0,,,,1.819694045488507e-19,NaN,8.820334724581646e-18,NaN,,,1.948725728512336e-08,6.096702019603918e-16,,solution good enough for the tolerances given,solution good enough for the tolerances given,,6.537979890230421e-16,6.096702019603918e-16,,1.129504316141807e-25,1.819694045488507e-19,8.820334724581646e-18,1.726970659992177e-19,,,1.819694045488507e-19,8.820334724581646e-18,,6.912669591873564e-03,4.091789108777422e+04,1.387619124112003e-12,7.369909538246029e-13,1.674273809070935e+10,0.000000000000000e+00,5.620561860173021e-01,2.515994224072671e-08,9.999999748400578e-01,9.388275641294684e-01,8.373925021542149e-01,7.287483499276526e-01,5.833333899565089e-01,4.207831743568688e-01,2.763559684081646e-01,1.380071735679862e-01,4.682775265665434e-02,6.533733294090519e-04,9.999999999999987e-01,4.843172465643385e-17,2.793549414781326e-16,2.441604107525280e-16,1.517836493049889e-16,1.571354967464256e-16,1.051222564353128e-16,1.355196334390278e-16,1.638456678044388e-16,7.173361937673817e-16,false
7,3.162000000000000e+01,0,3,CONTINUE,2.494996954795583e-10,2.494996953034390e-12,1.000000000000000e-09,1.759152546731761e-12,2.220446050463013e-14,5.696914999815338e-06,3.974572949286504e+06,9.900000000000000e-01,,,3.351845344024522e-09,1.948725779118251e-07,2.085686363190741e-09,2.515994163995662e-07,1.674273809070935e+10,REACHED_FORCE,REACHED_FORCE,,2,0,0,1,0,0,,,,8.820334724581646e-18,NaN,1.764066944916329e-17,NaN,,,6.162953074118329e-09,5.522422388976692e-16,,solution good enough for the tolerances given,solution good enough for the tolerances given,,5.724636905172440e-16,5.522422388976692e-16,,8.820334724581646e-18,1.599935036879232e-19,1.764066944916329e-17,1.576995106403777e-19,,,8.820334724581646e-18,1.764066944916329e-17,,4.329096431710493e-03,2.301083137003033e+04,1.387619124112003e-12,7.369909538246029e-13,1.674273809070935e+10,0.000000000000000e+00,5.357299691177636e-01,7.956968861577707e-09,9.999999920430311e-01,9.348426420376686e-01,8.522899602065520e-01,7.156283471375378e-01,5.775022337884311e-01,4.033380735603284e-01,2.596523633298984e-01,1.337060528257675e-01,6.064370320606330e-02,1.801040089969363e-04,9.999999999999902e-01,5.298485470827138e-16,4.318317267699069e-16,4.402247192112583e-16,3.760628607152530e-16,4.710472272985939e-16,6.718525126743299e-16,7.132255673888990e-16,8.648051442295538e-16,6.681872198829227e-15,false
7,1.000000000000000e+02,0,3,CONTINUE,2.494996954795583e-10,2.494996953034353e-12,1.000000000000000e-09,1.759152546731761e-12,2.220446050463013e-14,7.337688776172759e-07,3.974572491200461e+06,9.900000000000000e-01,,,3.351837106092256e-09,1.948725779118832e-07,2.085720667039761e-09,2.515994163995662e-07,1.674273809070935e+10,REACHED_FORCE,REACHED_FORCE,,2,0,0,1,0,0,,,,8.820334724581646e-18,NaN,8.820334724581646e-18,NaN,,,1.948725772639258e-09,5.187849081116734e-16,,solution good enough for the tolerances given,solution good enough for the tolerances given,,5.304517445126298e-16,5.187849081116734e-16,,8.820334724581646e-18,1.563542997854777e-19,8.820334724581646e-18,1.548124591821357e-19,,,8.820334724581646e-18,8.820334724581646e-18,,2.723148054701583e-03,1.293937335836288e+04,1.387619124112003e-12,7.369909538246029e-13,1.674273809070935e+10,0.000000000000000e+00,4.934447608334553e-01,2.515993857699073e-09,9.999999974840061e-01,9.501527934891103e-01,8.510290947540190e-01,7.032728709735274e-01,5.537831330038121e-01,4.111367772555306e-01,2.597845073624919e-01,1.638031023619249e-01,6.482634827546954e-02,7.337150398911448e-05,9.999999999999165e-01,9.978584021251322e-16,1.070038174651513e-15,1.284075892112844e-15,2.253212053303883e-15,2.370172529865679e-15,4.520603249950174e-15,4.093046654951682e-15,1.904354839886757e-15,6.569073812404700e-14,false
7,3.162000000000000e+02,0,3,CONTINUE,2.494996954795583e-10,2.494996953034350e-12,1.000000000000000e-09,1.759152546731761e-12,2.220446050463013e-14,3.669135053298739e-07,3.974577636107295e+06,9.899999999999998e-01,,,3.351821503683890e-09,1.948725779124182e-07,2.085829127958258e-09,2.515994163995662e-07,1.674273809070935e+10,REACHED_FORCE,REACHED_FORCE,,2,0,0,1,0,0,,,,1.764066944916329e-17,NaN,1.604428782637208e-19,NaN,,,6.162953118255138e-10,5.032745366587385e-16,,solution good enough for the tolerances given,solution good enough for the tolerances given,,5.080892962780673e-16,5.032745366587385e-16,,1.764066944916329e-17,1.568397081362774e-19,1.632782269243647e-24,1.604428782637208e-19,,,1.764066944916329e-17,1.604428782637208e-19,,1.723755212480439e-03,7.276663922019009e+03,1.387619124112003e-12,7.369909538246029e-13,1.674273809070935e+10,0.000000000000000e+00,5.533968045135550e-01,7.956959535704300e-10,9.999999992043040e-01,9.412229062332526e-01,8.297378866257309e-01,7.083962214743089e-01,5.451750536083628e-01,4.161140920818526e-01,2.594892506687266e-01,1.649561631551153e-01,7.578818335464760e-02,1.160045917587345e-04,9.999999999992739e-01,2.226911121776689e-15,4.672077016380111e-15,7.192465590088658e-15,1.496006537373970e-14,2.218040394099975e-14,1.043817541197947e-14,6.634499398656289e-15,4.389711999253443e-15,6.543176007359700e-13,false
7,1.000000000000000e+03,0,3,CONTINUE,2.494996954795583e-10,2.494996953034389e-12,1.000000000000000e-09,1.759152546731761e-12,2.220446050463013e-14,3.269600081005609e-07,3.974579164820607e+06,9.899999999999991e-01,,,3.351787622049773e-09,1.948725779176130e-07,2.086172221179734e-09,2.515994163995662e-07,1.674273809070935e+10,REACHED_FORCE,REACHED_FORCE,,2,0,0,1,0,0,,,,8.820334724581646e-18,NaN,8.820334724581646e-18,NaN,,,1.948725777058457e-10,4.988240136243013e-16,,solution good enough for the tolerances given,solution good enough for the tolerances given,,5.001557987552400e-16,4.988240136243013e-16,,8.820334724581646e-18,1.636943084101546e-19,8.820334724581646e-18,1.657648996235505e-19,,,8.820334724581646e-18,8.820334724581646e-18,,1.095446736600859e-03,4.091789350727503e+03,1.387619124112003e-12,7.369909538246029e-13,1.674273809070935e+10,0.000000000000000e+00,5.653005253175288e-01,2.515989638851579e-10,9.999999997484010e-01,9.283264382456117e-01,8.221593422430216e-01,7.094485598166544e-01,5.846509663189176e-01,4.582197607684690e-01,2.659521274782633e-01,1.397093196961871e-01,4.081089136490194e-02,3.268531401951949e-04,9.999999999932379e-01,1.155775802113143e-14,2.711825084171355e-14,6.478315291705628e-14,2.608683652739825e-14,4.706142331646956e-14,3.574579908493725e-14,9.025093837175015e-15,1.049021350260610e-14,6.531302992058864e-12,false
7,3.162000000000000e+03,0,3,CONTINUE,2.494996954795583e-10,2.494996953034380e-12,1.000000000000000e-09,1.759152546731761e-12,2.220446050463013e-14,2.608118362426511e-07,3.974684118680494e+06,9.899999999999995e-01,,,3.351687700758219e-09,1.948725779690531e-07,2.087257595198637e-09,2.515994163995662e-07,1.674273809070935e+10,REACHED_FORCE,REACHED_FORCE,,2,0,0,1,0,0,,,,1.666479708053827e-19,NaN,1.673058499849783e-19,NaN,,,6.162953122869164e-11,4.969173845457907e-16,,solution good enough for the tolerances given,solution good enough for the tolerances given,,4.976753976459513e-16,4.969173845457907e-16,,1.243888312748853e-23,1.666479708053827e-19,2.646074000608571e-23,1.673058499849783e-19,,,1.666479708053827e-19,1.673058499849783e-19,,6.972134494296248e-04,2.301083567238963e+03,1.387619124112003e-12,7.369909538246029e-13,1.674273809070935e+10,0.000000000000000e+00,5.657668425792811e-01,7.956746372883572e-11,9.999999999204325e-01,9.315823368212535e-01,8.632574677101121e-01,7.356906408889177e-01,5.487777548078753e-01,4.520691673590064e-01,2.475410667064566e-01,9.647955332738302e-02,9.386717619065050e-03,8.240074779227287e-04,9.999999999341938e-01,6.363175503706944e-14,1.133603573723346e-13,1.314006446328357e-13,1.161373085807981e-13,5.366141060761121e-14,5.469938357232102e-14,3.757594075097417e-14,1.867254124454079e-12,6.336908957627169e-11,false
7,1.000000000000000e+04,0,3,CONTINUE,2.494996954795583e-10,2.494996953035198e-12,1.000000000000000e-09,1.759152546731761e-12,2.220446050463013e-14,1.449563721005792e-07,3.974722986653125e+06,9.900000000000000e-01,,,3.351376926286354e-09,1.948725784779124e-07,2.090695489697896e-09,2.515994163995662e-07,1.674273809070935e+10,REACHED_FORCE,REACHED_FORCE,,2,0,0,1,0,0,,,,8.820334724581646e-18,NaN,1.670464909345312e-19,NaN,,,1.948725778127235e-11,4.933941277942842e-16,,solution good enough for the tolerances given,solution good enough for the tolerances given,,4.950693063528905e-16,4.933941277942842e-16,,8.820334724581646e-18,1.671975573760774e-19,1.011720160829276e-22,1.670464909345312e-19,,,8.820334724581646e-18,1.670464909345312e-19,,4.443060396687386e-04,1.293938100949417e+03,1.387619124112003e-12,7.369909538246029e-13,1.674273809070935e+10,0.000000000000000e+00,4.517207161051812e-01,2.515898600563560e-11,9.999999999748410e-01,9.459362666824055e-01,8.640449727449495e-01,7.569749051006203e-01,5.378033138308732e-01,4.292699426102857e-01,2.025693994595290e-01,1.213654449432678e-01,1.061995553956144e-02,1.447465527489736e-03,9.999999993492770e-01,2.383932533200871e-13,2.006674801522644e-13,2.954083077799240e-13,1.687194167625670e-13,1.124246931831410e-13,2.880146985284259e-13,2.405134097375061e-13,1.296120834509116e-10,5.195682838149569e-10,false
7,3.162000000000000e+04,0,3,CONTINUE,2.494996954795583e-10,2.494996953035376e-12,1.000000000000000e-09,1.759152546731761e-12,2.220446050463013e-14,9.064853728006681e-08,3.974018714257703e+06,9.899999999999745e-01,,,3.350414026061277e-09,1.948725834157171e-07,2.101602065999915e-09,2.515994163995662e-07,1.674273809070935e+10,REACHED_FORCE,REACHED_FORCE,,2,0,0,1,0,0,,,,8.820334724581646e-18,NaN,8.820334724581646e-18,NaN,,,6.162953142845690e-12,4.834275868723607e-16,,solution good enough for the tolerances given,solution good enough for the tolerances given,,4.881984943825082e-16,4.834275868723607e-16,,8.820334724581646e-18,1.658652100685867e-19,8.820334724581646e-18,1.647879034956939e-19,,,8.820334724581646e-18,8.820334724581646e-18,,2.870622231697708e-04,7.276677527262035e+02,1.387619124112003e-12,7.369909538246029e-13,1.674273809070935e+10,0.000000000000000e+00,6.484964430950416e-01,7.958078640513122e-12,9.999999999920419e-01,9.414513819656621e-01,8.498858386724166e-01,7.290567601595631e-01,4.659358599613601e-01,3.636562603104383e-01,2.379220923361373e-01,3.919538505209032e-02,1.526599227032128e-02,2.858114515870043e-03,9.999999935949082e-01,5.844333265105101e-13,3.211560846845573e-13,4.910801602853814e-13,8.852897564038901e-13,1.465190967198428e-12,4.957362356182213e-13,6.474885397988008e-10,1.805801991662827e-09,3.947559978685994e-09,false
7,1.000000000000000e+05,0,3,CONTINUE,2.494996954795583e-10,2.494996953038200e-12,1.000000000000000e-09,1.759152546731761e-12,2.220446050463013e-14,5.652968349047668e-08,3.969328069239512e+06,9.899999999999032e-01,,,3.347638832528817e-09,1.948726288352045e-07,2.136369586896859e-09,2.515994163995662e-07,1.674273809070935e+10,REACHED_FORCE,REACHED_FORCE,,2,0,0,1,0,0,,,,1.614281761185593e-19,NaN,8.820334724581646e-18,NaN,,,1.948725837400854e-12,4.569389242983967e-16,,solution good enough for the tolerances given,solution good enough for the tolerances given,,4.693170258220857e-16,4.569389242983967e-16,,5.814513429106201e-22,1.614281761185593e-19,8.820334724581646e-18,1.583622627798366e-19,,,1.614281761185593e-19,8.820334724581646e-18,,1.830982552593828e-04,4.091813545663372e+02,1.387619124112003e-12,7.369909538246029e-13,1.674273809070935e+10,0.000000000000000e+00,5.131065807976928e-01,2.519318087479405e-12,9.999999999974807e-01,9.436283816256639e-01,8.566423218331013e-01,7.020996980447080e-01,5.874633634561154e-01,2.497692191364541e-01,1.077022459442131e-01,4.750057539210021e-02,2.675740159168774e-02,5.621191928989171e-03,9.999999385620015e-01,9.437562237035229e-13,6.081549356594772e-13,4.106678658886844e-12,3.917532210132946e-12,1.666637852378062e-11,6.898375155381372e-09,7.038384805623055e-09,1.997785941678157e-08,2.749713699160954e-08,false
7,3.162000000000000e+05,0,2,CONTINUE,2.494996954795583e-10,2.494996953061921e-12,1.000000000000000e-09,1.759152546731761e-12,2.220446050463013e-14,3.011456979920300e-08,-9.999999999991955e-01,9.899999999993080e-01,,,3.344004322137055e-09,1.948727775376910e-07,2.191914453921666e-09,2.515994163995662e-07,1.674273809070935e+10,REACHED_FORCE,REACHED_FORCE,,1,0,0,1,0,0,,,,5.831893641957157e-17,NaN,1.500877748689095e-19,NaN,,,6.162954818563127e-13,4.256865260171190e-16,,solution good enough for the tolerances given,solution good enough for the tolerances given,,6.162954818563127e-13,4.256865260171190e-16,,8.820334724581646e-18,5.831893641957157e-17,8.912702768098761e-22,1.500877748689095e-19,,,5.831893641957157e-17,1.500877748689095e-19,,1.129742636855220e-04,2.301126590425752e+02,1.387619124112003e-12,7.369909538246029e-13,1.674273809070935e+10,0.000000000000000e+00,2.419386561535724e-01,8.044676036433884e-13,9.999999999991955e-01,9.211408716208999e-01,8.395141095091297e-01,6.480869141435381e-01,4.857251019205570e-01,2.745267941606499e-01,1.121057712234383e-01,7.072468668473769e-02,3.133054951642611e-02,9.432409427064718e-03,9.999994498068452e-01,3.342534543040600e-12,1.116263334318841e-11,3.020478363455399e-12,1.000471809807577e-10,4.699727975592485e-08,1.384857742879455e-07,5.512518459763629e-08,1.894045759584253e-07,1.200627685259839e-07,true
7,1.000000000000000e+06,0,2,CONTINUE,2.494996954795583e-10,2.494996953071623e-12,1.000000000000000e-09,1.759152546731761e-12,2.220446050463013e-14,2.077458950392407e-08,-9.999999999997360e-01,9.899999999990644e-01,,,3.333569259429557e-09,1.948740304188541e-07,2.422932536796327e-09,2.515994163995662e-07,1.674273809070935e+10,REACHED_FORCE,REACHED_FORCE,,1,0,0,1,0,0,,,,1.844044769590060e-17,NaN,1.275059470673766e-19,NaN,,,1.948729979277008e-13,3.497327960559924e-16,,solution good enough for the tolerances given,solution good enough for the tolerances given,,1.948729979277008e-13,3.497327960559924e-16,,8.820334724581646e-18,1.844044769590060e-17,2.877986210349729e-21,1.275059470673766e-19,,,1.844044769590060e-17,1.275059470673766e-19,,7.162247229019495e-05,1.294014609977740e+02,1.387619124112003e-12,7.369909538246029e-13,1.674273809070935e+10,0.000000000000000e+00,4.696732368765594e-02,2.640110352558622e-13,9.999999999997360e-01,9.478119793797606e-01,8.456771705237645e-01,7.479140062128123e-01,5.447695503837761e-01,2.851718188443751e-01,1.931502293513580e-01,9.388640491589645e-02,3.342484004730120e-02,2.035178943278761e-02,9.999956877282259e-01,1.642779087014247e-11,7.250108570818329e-12,2.387941267404387e-10,1.850989656306879e-07,9.019975427105852e-07,4.083045127248893e-07,1.612031227671719e-06,9.526984963156514e-07,2.518785574593145e-07,false
7,3.162000000000000e+06,0,2,CONTINUE,2.494996954795583e-10,2.494996953169507e-12,1.000000000000000e-09,1.759152546731761e-12,2.220446050463013e-14,2.077235755484582e-08,-9.999999999999143e-01,9.900000000000000e-01,,,3.316104083338449e-09,1.948809221167285e-07,3.104039504486101e-09,2.515994163995662e-07,1.674273809070935e+10,REACHED_FORCE,REACHED_FORCE,,1,0,0,1,0,0,,,,8.820334724581646e-18,NaN,1.764066944916329e-17,NaN,,,6.163038195057950e-14,2.499051226042446e-16,,solution good enough for the tolerances given,solution good enough for the tolerances given,,6.163038195057950e-14,2.499051226042446e-16,,8.820334724581646e-18,5.831893641963789e-18,1.764066944916329e-17,9.295519601169749e-20,,,8.820334724581646e-18,1.764066944916329e-17,,4.958671454523958e-05,7.278037923127783e+01,1.387619124112003e-12,7.369909538246029e-13,1.674273809070935e+10,0.000000000000000e+00,8.065365945515811e-03,8.570921750106208e-14,9.999999999999143e-01,9.819683022125650e-01,9.407278144515387e-01,9.035636239252883e-01,7.909672924128396e-01,5.578044728041088e-01,4.308297657522271e-01,2.467771845547768e-01,9.856302200440900e-02,6.163394201569598e-02,9.999723930647370e-01,1.774676734427587e-11,1.015957373455217e-11,3.483520916812871e-10,3.903237931191277e-07,3.451392829990220e-06,2.031595471409809e-06,1.113779211569839e-05,8.285913079279836e-06,2.309541712886177e-06,false
7,1.000000000000000e+07,0,2,CONTINUE,2.494996954795583e-10,2.494996953310898e-12,1.000000000000000e-09,1.759152546731761e-12,2.220446050463013e-14,2.077264569664145e-08,-9.999999999999549e-01,9.899999999930570e-01,,,3.293790350278322e-09,1.949073321431678e-07,4.624481012904450e-09,2.515994163995662e-07,1.674273809070935e+10,REACHED_FORCE,REACHED_FORCE,,1,0,0,1,0,0,,,,8.820334724581646e-18,NaN,1.764066944916329e-17,NaN,,,1.948857078514348e-14,1.454256332318660e-16,,solution good enough for the tolerances given,solution good enough for the tolerances given,,1.948857078514348e-14,1.454256332318660e-16,,8.820334724581646e-18,1.844044769599534e-18,1.764066944916329e-17,5.271176032158628e-20,,,8.820334724581646e-18,1.764066944916329e-17,,3.935520442716837e-05,4.094232317199417e+01,1.387619124112003e-12,7.369909538246029e-13,1.674273809070935e+10,0.000000000000000e+00,1.034512212579541e-02,4.507505479978136e-14,9.999999999999549e-01,9.880109869729404e-01,9.674235837905645e-01,9.228807793716001e-01,7.995756682195181e-01,7.053535799605675e-01,5.088751851670708e-01,2.569665686520666e-01,2.569460891948410e-01,1.719979352677136e-01,9.998652579175349e-01,1.895800362709531e-11,4.143735125047505e-10,5.315909155087721e-07,7.096001986829459e-06,5.448798924423989e-06,4.735420077333329e-05,2.573749924378283e-09,5.631876189479521e-05,1.798972088837952e-05,false
7,3.162000000000000e+07,0,2,CONTINUE,2.494996954795583e-10,2.494996955508574e-12,1.000000000000000e-09,1.759152546731761e-12,2.220446050463013e-14,2.077279511848779e-08,-9.999999999999842e-01,9.900000000000000e-01,,,3.274639181678445e-09,1.949642375756766e-07,6.691347399020286e-09,2.515994163995662e-07,1.674273809070935e+10,REACHED_FORCE,REACHED_FORCE,,1,0,0,1,0,0,,,,8.820334724581646e-18,NaN,1.551226185112660e-19,NaN,,,6.164353157936379e-15,5.986371693658066e-17,,solution good enough for the tolerances given,solution good enough for the tolerances given,,6.164353157936379e-15,5.986371693658066e-17,,8.820334724581646e-18,5.831893642020631e-19,1.551226185112660e-19,2.037903230111510e-20,,,8.820334724581646e-18,1.551226185112660e-19,,3.514694699603411e-05,2.305424854531221e+01,1.387619124112003e-12,7.369909538246029e-13,1.674273809070935e+10,0.000000000000000e+00,2.267738780871624e-03,1.576516694967722e-14,9.999999999999842e-01,9.959168350076186e-01,9.894584242802587e-01,9.742529782898779e-01,9.265493263373188e-01,8.833077057571005e-01,7.661508238062725e-01,5.223124530460631e-01,5.223116145825619e-01,3.964398819259036e-01,9.995458158534681e-01,2.004968675900187e-11,4.392480685813026e-10,5.916926069137525e-07,9.528489744684386e-06,8.545061055929379e-06,1.072827025752109e-04,6.365776925651204e-05,1.690228438385936e-04,9.555512815716433e-05,false
7,1.000000000000000e+08,0,2,CONTINUE,2.494996954795583e-10,2.494996956628168e-12,1.000000000000000e-09,1.759152546731761e-12,2.220446050463013e-14,2.077242775424717e-08,-9.999999999999933e-01,9.899999999097794e-01,,,3.265250535352432e-09,1.950149612638386e-07,8.065766859641652e-09,2.515994163995662e-07,1.674273809070935e+10,REACHED_FORCE,REACHED_FORCE,,1,0,0,1,0,0,,,,7.134636004876609e-19,NaN,6.634304479790382e-19,NaN,,,1.949664585329408e-15,1.470932991611862e-17,,solution good enough for the tolerances given,solution good enough for the tolerances given,,1.949664585329408e-15,1.470932991611862e-17,,7.134636004876609e-19,1.844044769874270e-19,6.634304479790382e-19,4.762845681574699e-21,,,7.134636004876609e-19,6.634304479790382e-19,,3.349851904699688e-05,1.301642802600504e+01,1.387619124112003e-12,7.369909538246029e-13,1.674273809070935e+10,0.000000000000000e+00,8.076094163256414e-03,6.661338147750939e-15,9.999999999999933e-01,9.967412200055297e-01,9.953925195677047e-01,9.917130586614957e-01,9.755472509862808e-01,9.599031638426503e-01,9.119861129293554e-01,7.756825928072740e-01,7.756824279174550e-01,6.750337646460211e-01,9.990371867204584e-01,4.032752244926355e-10,2.512829978759434e-11,6.187650892877450e-07,1.054781980486877e-05,1.007047284399783e-05,1.521943049793321e-04,3.028635468158899e-04,2.098153154251190e-04,2.767026261800175e-04,false
7,3.162000000000000e+08,0,2,CONTINUE,2.494996954795583e-10,2.494996969205689e-12,1.000000000000000e-09,1.759152546731761e-12,2.220446050463013e-14,2.077774588929687e-08,-9.999999999999936e-01,9.900000000000000e-01,,,3.262846814421870e-09,1.950330112822071e-07,8.497966622999948e-09,2.515994163995662e-07,1.674273809070935e+10,REACHED_FORCE,REACHED_FORCE,,1,0,0,1,0,0,,,,8.820334724581646e-18,NaN,8.820334724581646e-18,NaN,,,6.167190206605982e-16,2.286974936757266e-18,,solution good enough for the tolerances given,solution good enough for the tolerances given,,6.167190206605982e-16,2.286974936757266e-18,,8.820334724581646e-18,5.831893641073267e-20,8.820334724581646e-18,7.201055975542444e-22,,,8.820334724581646e-18,8.820334724581646e-18,,3.272992995002040e-05,7.412816838629664e+00,1.387619124112003e-12,7.369909538246029e-13,1.674273809070935e+10,0.000000000000000e+00,3.246602268982199e-03,6.439293542825908e-15,9.999999999999936e-01,9.989855006109769e-01,9.975787226806615e-01,9.973642667037171e-01,9.921361459497290e-01,9.869635657900863e-01,9.703823558104941e-01,9.162227866798768e-01,9.162225112021555e-01,8.678982643616431e-01,9.986263993401313e-01,7.086970955021748e-10,1.972613033876651e-10,6.327650031325996e-07,1.103908362642943e-05,1.077346269979897e-05,1.723270967082351e-04,3.549214367058223e-04,3.638472463932204e-04,4.600586627749705e-04,false
7,1.000000000000000e+09,0,2,CONTINUE,2.494996954795583e-10,2.494996983216636e-12,1.000000000000000e-09,1.759152546731761e-12,2.220446050463013e-14,2.078446093001792e-08,-9.999999999999964e-01,9.899999992422889e-01,,,3.262470969533499e-09,1.950364924996078e-07,8.578898120421428e-09,2.515994163995662e-07,1.674273809070935e+10,REACHED_FORCE,REACHED_FORCE,,1,0,0,1,0,0,,,,1.059612706414366e-17,NaN,1.131328114706795e-17,NaN,,,1.950258996013533e-16,2.802992939509591e-19,,solution good enough for the tolerances given,solution good enough for the tolerances given,,1.950258996013533e-16,2.802992939509591e-19,,1.059612706414366e-17,1.844044771011106e-20,1.131328114706795e-17,8.722850043739471e-23,,,1.059612706414366e-17,1.131328114706795e-17,,3.189697402909364e-05,4.329290442992411e+00,1.387619124112003e-12,7.369909538246029e-13,1.674273809070935e+10,0.000000000000000e+00,1.125724684480797e-03,3.552713678800501e-15,9.999999999999964e-01,9.996817796637956e-01,9.991654172605794e-01,9.990488433096376e-01,9.975013309696662e-01,9.958431354371231e-01,9.904450479820723e-01,9.719091549404820e-01,9.719088123739558e-01,9.540957197328648e-01,9.984282963253622e-01,8.714330112519678e-10,6.373403142924515e-07,5.272127025625091e-11,1.121061943510012e-05,1.102332027737672e-05,1.803106284357102e-04,4.005039351663456e-04,4.106844642353831e-04,5.573324426188672e-04,false
7,3.162000000000000e+09,0,2,CONTINUE,2.494996954795583e-10,2.494996955967236e-12,1.000000000000000e-09,1.759152546731761e-12,2.220446050463013e-14,2.088838306696393e-08,-9.999999999999418e-01,9.899999999263714e-01,,,3.262424544664867e-09,1.950562512195154e-07,9.030122891608764e-09,2.515994163995662e-07,1.674273809070935e+10,REACHED_FORCE,REACHED_FORCE,,1,0,0,1,0,0,,,,1.464691683089500e-17,NaN,2.169659365800876e-17,NaN,,,6.168619174206093e-17,3.531962376436146e-20,,solution good enough for the tolerances given,solution good enough for the tolerances given,,6.168619174206093e-17,3.531962376436146e-20,,1.464691683089500e-17,5.831893642967994e-21,2.169659365800876e-17,1.091642828367950e-23,,,1.464691683089500e-17,2.169659365800876e-17,,3.001674162899524e-05,2.700925995371886e+00,1.387619124112003e-12,7.369909538246029e-13,1.674273809070935e+10,0.000000000000000e+00,8.528016129872815e-04,5.817568649035820e-14,9.999999999999418e-01,9.999135955376957e-01,9.997365006972692e-01,9.997174904310635e-01,9.992101395395137e-01,9.986849165686403e-01,9.969595303180646e-01,9.909799613821108e-01,9.909799154483635e-01,9.850855494207555e-01,9.981637912649204e-01,2.853857253323561e-08,7.362233633681632e-07,1.441130909456713e-08,1.472968039253582e-05,1.427199326963557e-05,1.858808855977101e-04,4.774523244898066e-04,4.665722549462207e-04,6.765224231386958e-04,false
7,1.000000000000000e+10,0,2,CONTINUE,2.494996954795583e-10,2.494997880448328e-12,1.000000000000000e-09,1.759152546731761e-12,2.220446050463013e-14,2.102760737476832e-08,-9.999999999999551e-01,9.900000000000000e-01,,,3.262418395285160e-09,1.950654838031250e-07,9.228151853776898e-09,2.515994163995662e-07,1.674273809070935e+10,REACHED_FORCE,REACHED_FORCE,,1,0,0,1,0,0,,,,3.137584155858486e-17,NaN,3.274756361901285e-17,NaN,,,1.950633905321280e-17,5.019712206769146e-21,,solution good enough for the tolerances given,solution good enough for the tolerances given,,1.950633905321280e-17,5.019712206769146e-21,,3.137584155858486e-17,1.844044768169015e-21,3.274756361901285e-17,1.542811845375279e-24,,,3.137584155858486e-17,3.274756361901285e-17,,2.580370463234985e-05,1.916844140285539e+00,1.387619124112003e-12,7.369909538246029e-13,1.674273809070935e+10,0.000000000000000e+00,1.035954663253965e-04,4.485301019485632e-14,9.999999999999551e-01,9.999722312305995e-01,9.999163631242480e-01,9.998111839922738e-01,9.997520772730596e-01,9.995879408287569e-01,9.990311554471806e-01,9.971434155194452e-01,9.971430740767167e-01,9.952668563824494e-01,9.980445456399172e-01,6.406875155969867e-08,5.938890004109985e-07,2.232364641724812e-10,1.641744928899172e-05,1.680061967641728e-05,1.653022821502954e-04,4.983174755142676e-04,5.065307424657869e-04,7.514276099999026e-04,false
7,3.162000000000000e+10,0,2,CONTINUE,2.494996954795583e-10,2.494997548699628e-12,1.000000000000000e-09,1.759152546731761e-12,2.220446050463013e-14,2.043861960363443e-08,-9.999999999999472e-01,9.900000000000000e-01,,,3.262417322746386e-09,1.949878573139757e-07,7.336949586571529e-09,2.515994163995662e-07,1.674273809070935e+10,REACHED_FORCE,REACHED_FORCE,,1,0,0,1,0,0,,,,9.281272686621850e-17,NaN,1.996964837523966e-16,NaN,,,6.166576189404581e-18,7.104922448546853e-22,,solution good enough for the tolerances given,solution good enough for the tolerances given,,6.166576189404581e-18,7.104922448546853e-22,,9.281272686621850e-17,5.831893671388905e-22,1.996964837523966e-16,2.201595270188398e-25,,,9.281272686621850e-17,1.996964837523966e-16,,1.911125610927814e-05,1.590445223016507e+00,1.387619124112003e-12,7.369909538246029e-13,1.674273809070935e+10,0.000000000000000e+00,2.758651336680753e-04,5.284661597215745e-14,9.999999999999472e-01,9.999915808359957e-01,9.999733964750109e-01,9.999410548967460e-01,9.999195226713259e-01,9.998657610490442e-01,9.996919020197116e-01,9.990727829956518e-01,9.990718990264464e-01,9.984550476457658e-01,9.988253228907299e-01,1.411627788289816e-07,2.466025868702440e-07,1.408904966775683e-10,4.810640798240126e-06,5.286696035021824e-06,1.480056538264601e-04,3.108995350291465e-04,2.945214827974407e-04,4.107651945276903e-04,false
7,1.000000000000000e+11,0,2,CONTINUE,2.494996954795583e-10,2.494997280661612e-12,1.000000000000000e-09,1.759152546731761e-12,2.220446050463013e-14,1.883614240576773e-08,-9.999999999995888e-01,9.900000000000000e-01,,,3.262417003239932e-09,1.949374601078780e-07,5.739048958157553e-09,2.515994163995662e-07,1.674273809070935e+10,REACHED_FORCE,REACHED_FORCE,,1,0,0,1,0,0,,,,3.068660068628344e-16,NaN,3.278428439748575e-16,NaN,,,1.949373644364540e-18,4.457665923206732e-23,,solution good enough for the tolerances given,solution good enough for the tolerances given,,1.949373644364540e-18,4.457665923206732e-23,,3.068660068628344e-16,1.844044815537199e-22,3.278428439748575e-16,1.618416688562338e-26,,,3.068660068628344e-16,3.278428439748575e-16,,1.226671155388071e-05,1.472224517518699e+00,1.387619124112003e-12,7.369909538246029e-13,1.674273809070935e+10,0.000000000000000e+00,1.738651407594413e-05,4.112266083211580e-13,9.999999999995888e-01,9.999971299635777e-01,9.999924533766349e-01,9.999917442857089e-01,9.999733537870938e-01,9.999543539222796e-01,9.999098664388272e-01,9.996911378428007e-01,9.996874184008770e-01,9.994693874329985e-01,9.993366484288256e-01,3.556876900148687e-06,1.791684315690201e-05,2.399155133507160e-06,2.029834009509952e-06,8.282139968952666e-06,5.769483676381435e-04,3.450802680577014e-05,1.542624564683792e-05,2.284081914564482e-06,false
7,3.162000000000000e+11,0,2,CONTINUE,2.494996954795583e-10,2.495001552475961e-12,1.000000000000000e-09,1.759152546731761e-12,2.220446050463013e-14,3.235904377930302e-08,2.317423213796537e+00,9.900000000000000e-01,,,3.262417561018319e-09,1.978423182853170e-07,3.427968646650799e-08,2.515994163995662e-07,1.674273809070935e+10,REACHED_FORCE,REACHED_FORCE,,1,0,0,1,0,0,,,,1.891414365382745e-15,NaN,2.084459784154480e-15,NaN,,,6.256585320121663e-19,1.751790872353216e-22,,solution good enough for the tolerances given,solution good enough for the tolerances given,,6.256585320121663e-19,1.751790872353216e-22,,1.891414365382745e-15,5.831894050334375e-23,2.084459784154480e-15,5.216636034686858e-26,,,1.891414365382745e-15,2.084459784154480e-15,,7.254125725031412e-06,1.432818022258957e+00,1.387619124112003e-12,7.369909538246029e-13,1.674273809070935e+10,0.000000000000000e+00,3.281769810940455e-06,1.364686141869242e-12,9.999999999986353e-01,9.999994524107801e-01,9.999978164618579e-01,9.999946807273647e-01,9.999945808322765e-01,9.999914449332272e-01,9.999709755823805e-01,9.999383265350782e-01,9.999348803550026e-01,9.999022762752324e-01,9.703098903074630e-01,5.188172886277945e-05,4.245328583779076e-05,3.747437291106224e-04,4.354343639123047e-04,6.637179342096046e-04,4.825769837918845e-04,7.409021966602243e-03,6.286109683204620e-03,1.394417001700463e-02,false
7,1.000000000000000e+12,0,2,CONTINUE,2.494996954795583e-10,2.495118570865708e-12,1.000000000000000e-09,1.759152546731761e-12,2.220446050463013e-14,1.105733281139971e-07,-9.999999999994014e-01,9.900000000000000e-01,,,3.262417366722324e-09,2.063436272738752e-07,6.761304682069555e-08,2.515994163995662e-07,1.674273809070935e+10,REACHED_FORCE,REACHED_FORCE,,1,0,0,1,0,0,,,,2.435744004692678e-15,NaN,2.258259258181020e-15,NaN,,,2.063324964941302e-19,3.491011306936761e-23,,solution good enough for the tolerances given,solution good enough for the tolerances given,,2.063324964941302e-19,3.491011306936761e-23,,2.435744004692678e-15,2.227804948951992e-23,2.258259258181020e-15,1.180302946056757e-26,,,2.435744004692678e-15,2.258259258181020e-15,,4.148972140227556e-06,1.420126891220211e+00,1.387619124112003e-12,7.369909538246029e-13,1.674273809070935e+10,0.000000000000000e+00,3.367125664175540e-07,5.986322548778844e-13,9.999999999994014e-01,9.999999431016356e-01,9.999994598386274e-01,9.999993425492527e-01,9.999992507029929e-01,9.999991858938144e-01,9.999928912296034e-01,9.999924536563418e-01,9.999913456321836e-01,9.999909563095064e-01,8.920805370987958e-01,3.105325716960677e-04,9.982612160456951e-06,2.379382479078311e-03,3.077395744826251e-03,8.866656917968825e-04,1.895434215831712e-02,4.766191689351976e-02,2.579267074452489e-02,8.846574005284791e-03,false
7,3.162000000000000e+12,0,2,CONTINUE,2.494996954795583e-10,2.495139577396064e-12,1.000000000000000e-09,1.759152546731761e-12,2.220446050463013e-14,1.438675057778770e+00,-1.000002248568701e+00,9.900000000000000e-01,,,3.262416542580431e-09,2.205387746343718e-07,1.027793956790457e-07,2.515994163995662e-07,1.674273809070935e+10,REACHED_FORCE,REACHED_FORCE,,1,0,0,1,0,0,,,,2.121271283158592e-14,NaN,8.529957195408384e-15,NaN,,,6.975092673644166e-20,9.832705921590415e-24,,solution good enough for the tolerances given,solution good enough for the tolerances given,,6.975092673644166e-20,9.832705921590415e-24,,2.121271283158592e-14,1.201290997186939e-23,8.529957195408384e-15,3.336154641694670e-27,,,2.121271283158592e-14,8.529957195408384e-15,,2.345968111956252e-06,1.416090615977478e+00,1.387619124112003e-12,7.369909538246029e-13,1.674273809070935e+10,0.000000000000000e+00,2.439344207233492e-07,-2.248568700791154e-06,1.000002248568701e+00,1.000001650380260e+00,1.000001636404817e+00,1.000000835700344e+00,1.000000278613685e+00,1.000000277249377e+00,1.000000132169365e+00,1.000000040599744e+00,1.000000012028969e+00,9.999999999997802e-01,9.091860368195996e-04,4.438220383889246e-02,1.229343673490006e-01,1.237345946342490e-02,7.550300829313760e-03,2.522724927396095e-02,5.298300111813163e-03,4.979204283876420e-06,2.980754827671345e-04,7.810218784097243e-01,false
7,1.000000000000000e+13,0,2,CONTINUE,2.494996954795583e-10,2.495769450532310e-12,1.000000000000000e-09,1.759152546731761e-12,2.220446050463013e-14,4.946129426039702e-07,-1.000004297624948e+00,9.900000000000000e-01,,,3.262407613887057e-09,3.500694381594020e-07,2.884893084726687e-07,2.515994163995662e-07,1.674273809070935e+10,REACHED_FORCE,REACHED_FORCE,,1,0,0,1,0,0,,,,2.901769797484960e-14,NaN,2.786963568789580e-14,NaN,,,3.506648225190534e-20,7.259929065004763e-23,,solution good enough for the tolerances given,solution good enough for the tolerances given,,3.506648225190534e-20,7.259929065004763e-23,,2.901769797484960e-14,1.081363383795982e-23,2.786963568789580e-14,2.657031636501704e-26,,,2.901769797484960e-14,2.786963568789580e-14,,1.321144126346472e-06,1.414811620988866e+00,1.387619124112003e-12,7.369909538246029e-13,1.674273809070935e+10,0.000000000000000e+00,7.794778768719868e-08,-4.297624947691148e-06,1.000004297624948e+00,1.000004123130568e+00,1.000004111823091e+00,1.000002751006020e+00,1.000000183173118e+00,1.000000091699822e+00,1.000000021314268e+00,9.999999999939744e-01,9.999998093483669e-01,9.999997978217487e-01,3.552681773175705e-02,1.268294905603790e-01,4.999640936798700e-01,1.000424064412439e-02,1.543875052875327e-02,2.762265230965797e-03,2.582795829376763e-04,3.090410232814260e-01,1.140232352101517e-04,6.101552457622765e-05,false
7,3.162000000000000e+13,0,2,CONTINUE,2.494996954795583e-10,2.496680328857845e-12,1.000000000000000e-09,1.759152546731761e-12,2.220446050463013e-14,6.762950183888970e-08,-1.000001504332259e+00,9.900000000000000e-01,,,3.262415535148856e-09,2.378625619586376e-07,1.357322304029422e-07,2.515994163995662e-07,1.674273809070935e+10,REACHED_FORCE,REACHED_FORCE,,1,0,0,1,0,0,,,,1.001642794621294e-13,NaN,1.001484938267350e-13,NaN,,,7.524820378062681e-21,5.796253386451694e-24,,solution good enough for the tolerances given,solution good enough for the tolerances given,,7.524820378062681e-21,5.796253386451694e-24,,1.001642794621294e-13,1.620977553891948e-24,1.001484938267350e-13,2.123144265054510e-27,,,1.001642794621294e-13,1.001484938267350e-13,,7.435146825405987e-07,1.414406994975072e+00,1.387619124112003e-12,7.369909538246029e-13,1.674273809070935e+10,0.000000000000000e+00,6.859152465804372e-07,-1.504332258761565e-06,1.000001504332259e+00,1.000000806285301e+00,1.000000387809518e+00,1.000000192751033e+00,1.000000111003946e+00,1.000000062173733e+00,1.000000000147834e+00,9.999999596163112e-01,9.999995745043821e-01,9.999995323706696e-01,3.164035132885710e-02,7.986994829666717e-02,7.506293512253214e-10,1.859721309630586e-01,2.141630512647611e-03,1.626490788633589e-02,6.802804962447093e-01,1.468522363102810e-03,1.322891456515719e-09,2.362010331099918e-03,false
7,1.000000000000000e+14,0,2,CONTINUE,2.494996954795583e-10,2.495999889405433e-12,1.000000000000000e-09,1.759152546731761e-12,2.220446050463013e-14,8.449227776189318e-09,-1.000000525006391e+00,9.899912034770221e-01,,,3.262389664684316e-09,4.352658705388962e-07,3.853382179848863e-07,2.515994163995662e-07,1.674273809070935e+10,REACHED_FORCE,REACHED_FORCE,,1,0,0,1,0,0,,,,1.010574853122827e-12,NaN,1.000640576832650e-12,NaN,,,4.336655237360362e-21,2.347465653785639e-23,,solution good enough for the tolerances given,solution good enough for the tolerances given,,4.336655237360362e-21,2.347465653785639e-23,,1.010574853122827e-12,8.717990300692846e-25,1.000640576832650e-12,6.922580487468829e-27,,,1.010574853122827e-12,1.000640576832650e-12,,4.181898232821630e-07,1.414278995268253e+00,1.387619124112003e-12,7.369909538246029e-13,1.674273809070935e+10,0.000000000000000e+00,4.170467458943647e-07,-5.250063912498604e-07,1.000000525006391e+00,1.000000197011878e+00,1.000000062122755e+00,1.000000033939193e+00,1.000000008673996e+00,1.000000000009470e+00,9.999999779033063e-01,9.999989120722362e-01,9.999988168222258e-01,9.999988164612874e-01,8.630348451285278e-03,2.109606332224784e-01,2.349504969971662e-07,1.306138397791551e-03,3.872138009834537e-03,2.033588463196945e-01,4.548409634322490e-07,2.354376733969403e-01,4.902241815921856e-02,2.874111142512971e-01,false
7,3.162000000000000e+14,0,4,CONTINUE,2.494996954795583e-10,2.494996953034344e-12,1.000000000000000e-09,1.759152546731761e-12,2.220446050463013e-14,2.236328082817152e-09,-1.000000717950050e+00,9.900000000000000e-01,,,3.262417546984193e-09,1.971671599896640e-07,2.946057326438601e-08,2.515994163995662e-07,1.674273809070935e+10,REACHED_FORCE,REACHED_FORCE,,1,1,1,1,1,1,,,,2.547227499832418e-12,3.920904343592020e-14,2.552353631204965e-12,3.791802858323344e-14,,,5.447526480655660e-21,5.333126576205021e-21,,solution good enough for the tolerances given,solution good enough for the tolerances given,,5.447526480655660e-21,5.333126576205021e-21,,2.547227499832418e-12,1.334776906453593e-24,2.552353631204965e-12,1.323219400609288e-24,,,3.920904343592020e-14,3.791802858323344e-14,,2.352398806538209e-07,1.414238522637503e+00,1.387619124112003e-12,7.369909538246029e-13,1.674273809070935e+10,0.000000000000000e+00,1.015161230746506e-07,-7.179500500775760e-07,1.000000717950050e+00,1.000000159475683e+00,1.000000123221369e+00,1.000000059559322e+00,1.000000015111114e+00,1.000000000033953e+00,9.999992202257345e-01,9.999992200199630e-01,9.999985928851912e-01,9.999985858287536e-01,5.506802718251185e-04,3.350859276831163e-02,1.785552352521065e-02,7.265387828220072e-05,1.187917796451649e-02,1.325061799600226e-02,7.177461845510092e-06,5.170788888822277e-01,2.008751795633133e-13,4.057966872515780e-01,false
7,1.000000000000000e+15,0,4,CONTINUE,2.494996954795583e-10,2.494996953034753e-12,1.000000000000000e-09,1.759152546731761e-12,2.220446050463013e-14,2.871522019440133e-08,-1.000003918656416e+00,9.900000000000000e-01,,,3.261506721377283e-09,2.289724902059962e-06,2.258101761280826e-06,2.515994163995662e-07,1.674273809070935e+10,REACHED_FORCE,REACHED_FORCE,,1,1,1,1,1,1,,,,7.561882222487910e-12,4.531658102398277e-13,4.868610459029541e-12,5.495808412784749e-13,,,1.291855027708826e-20,1.545544914147629e-20,,solution good enough for the tolerances given,solution good enough for the tolerances given,,1.291855027708826e-20,1.545544914147629e-20,,7.561882222487910e-12,4.717620813858793e-24,4.868610459029541e-12,5.698332575381707e-24,,,4.531658102398277e-13,5.495808412784749e-13,,1.297724864013715e-07,1.414225721663329e+00,1.387619124112003e-12,7.369909538246029e-13,1.674273809070935e+10,0.000000000000000e+00,1.364306942346515e-07,-3.918656416024291e-06,1.000003918656416e+00,1.000002886272748e+00,1.000002886270713e+00,1.000002491842080e+00,1.000000212509810e+00,1.000000184997545e+00,1.000000133953662e+00,1.000000008364248e+00,1.000000001025116e+00,9.999999651752639e-01,2.524473878745857e-07,7.110967209589328e-01,1.161984833303699e-02,2.218559122778288e-01,7.482186284367148e-08,3.998714360921349e-02,1.395360171660649e-02,8.144588357398953e-04,4.651881920962602e-04,2.067988072951114e-04,false
7,3.162000000000000e+15,0,6,CONTINUE,2.494996954795583e-10,2.494996953034699e-12,1.000000000000000e-09,1.759152546731761e-12,2.220446050463013e-14,1.364006288520444e-09,-1.000001937373600e+00,9.900000000000000e-01,,,3.261878501514276e-09,1.909709906717815e-06,1.881177984040766e-06,2.515994163995662e-07,1.674273809070935e+10,REACHED_FORCE,REACHED_FORCE,,1,2,2,1,2,2,,,,2.484344257445957e-11,5.809138126397098e-12,2.425661109218401e-11,4.225927689385037e-12,,,7.024908275428220e-21,6.348729827538070e-21,,solution good enough for the tolerances given,solution good enough for the tolerances given,,7.024908275428220e-21,6.348729827538070e-21,,2.484344257445957e-11,2.312506750315462e-24,2.425661109218401e-11,2.163889626240878e-24,,,1.167234665480405e-12,1.253862387815494e-12,,7.223572546968969e-08,1.414221674299915e+00,1.387619124112003e-12,7.369909538246029e-13,1.674273809070935e+10,0.000000000000000e+00,2.223482201974799e-07,-1.937373599769643e-06,1.000001937373600e+00,1.000001928492912e+00,1.000001139641401e+00,1.000000317292007e+00,1.000000195637930e+00,1.000000057414017e+00,1.000000048308966e+00,1.000000010882370e+00,9.999999601973293e-01,9.999997681422265e-01,2.955857292775423e-01,3.435801269709716e-16,6.081521151103200e-01,9.367347070038132e-06,4.469904032061666e-02,4.397741089484179e-02,1.949104047332814e-03,2.479193270896516e-03,3.147932450588798e-03,1.072807905071421e-07,false
7,1.000000000000000e+16,1,4,CONTINUE,2.494996954795583e-10,2.494994618814700e-12,1.000000000000000e-09,1.759152546731761e-12,2.220446050463013e-14,4.275053083917207e-10,-1.000004211227965e+00,9.899999999999993e-01,,,1.125332623603059e-07,5.638878484606584e-03,5.582489136689026e-03,2.515994163995662e-07,1.674273809070935e+10,REFINE_STALLED,REFINE_STALLED,,1,1,1,1,1,1,,,,1.502899154889152e-10,4.436854312724027e-10,1.641199934931717e-09,3.178228596628061e-09,,,2.711641551092817e-20,2.849435682657671e-19,,solution good enough for the tolerances given,solution good enough for the tolerances given,,2.711641551092817e-20,2.849435682657671e-19,,1.502899154889152e-10,8.317403082859821e-24,1.641199934931717e-09,8.907514721756223e-23,,,4.436854312724027e-10,3.178228596628061e-09,,3.643463734161683e-08,1.414220394192462e+00,1.387619124112003e-12,7.369909538246029e-13,1.674273809070935e+10,0.000000000000000e+00,3.646456476094947e-09,-4.211227965233988e-06,1.000004211227965e+00,1.000004211224171e+00,1.000004162806462e+00,1.000002774591394e+00,1.000000331948168e+00,1.000000045884486e+00,1.000000022517202e+00,1.000000002463265e+00,9.999997932037512e-01,9.999997660848307e-01,4.014833760797234e-01,8.525434174437747e-02,4.976769590948083e-01,6.020391100920227e-05,1.341881570181513e-02,1.132714946802812e-03,8.022167290673435e-04,1.079642542662876e-04,3.102775224681681e-07,6.309726060863318e-05,false
7,3.162000000000000e+16,1,6,CONTINUE,2.494996954795583e-10,3.179514903651296e-12,1.000000000000000e-09,1.759152546731761e-12,2.220446050463013e-14,5.502007318417540e-12,8.229132533960879e-09,9.728145164206617e-01,,,1.633892914703498e-09,1.408032531171250e-01,1.369754484938327e-01,2.515994163995662e-07,1.674273809070935e+10,REFINE_STALLED,REFINE_STALLED,,1,2,2,1,2,2,,,,6.859934932487544e-04,3.373422332948614e-05,6.859937072486468e-04,4.312880898452909e-05,,,9.762792519648873e-18,9.231758864856308e-18,,solution good enough for the tolerances given,solution good enough for the tolerances given,,9.762792519648873e-18,9.231758864856308e-18,,6.859934932487544e-04,8.749504727233873e-21,6.859937072486468e-04,8.203258737408539e-21,,,1.878331577428431e-05,2.617099188054856e-05,,4.768935108668657e-05,1.414219989808669e+00,1.387619124112003e-12,7.369909538246029e-13,1.674273809070935e+10,0.000000000000000e+00,1.119024164825969e-06,3.843121154645246e-09,9.999999961568788e-01,9.999996351117324e-01,9.999989570035615e-01,9.999982714741495e-01,9.999977993097449e-01,9.999968282141285e-01,9.999960508619044e-01,9.999952784430801e-01,9.999947783611439e-01,9.999942520302438e-01,1.084801219895775e-02,1.083941062207118e-02,2.625131477798727e-02,6.151098188896496e-02,3.439509862797739e-01,5.436273432960319e-02,3.418008756141355e-01,1.515340764777953e-02,9.604543841489946e-03,1.256777327992370e-01,false
7,1.000000000000000e+17,1,6,CONTINUE,2.494996954795583e-10,1.648643045359078e-11,1.000000000000000e-09,1.759152546731761e-12,2.220446050463013e-14,1.811607018540508e-12,1.686845729925902e-09,6.392632622748200e-01,,,1.626398797737455e-09,2.866266374181698e-01,1.832298792054660e-01,2.515994163995662e-07,1.674273809070935e+10,REFINE_STALLED,REFINE_STALLED,,1,2,2,1,2,2,,,,2.169492011662775e-03,8.759433724851358e-05,2.169492481723117e-03,1.173950628972958e-04,,,6.934150063471367e-18,6.585088895872731e-18,,solution good enough for the tolerances given,solution good enough for the tolerances given,,6.934150063471367e-18,6.585088895872731e-18,,2.169492011662775e-03,5.352363344644642e-21,2.169492481723117e-03,5.012611328387956e-21,,,5.378676480064086e-05,7.800973797682017e-05,,4.496879316695192e-05,1.414219861797823e+00,1.387619124112003e-12,7.369909538246029e-13,1.674273809070935e+10,0.000000000000000e+00,1.388104429707366e-06,5.928224355855605e-09,9.999999940717756e-01,9.999995411705307e-01,9.999989932950757e-01,9.999982694432996e-01,9.999978281262141e-01,9.999968637286186e-01,9.999962681925890e-01,9.999953449690760e-01,9.999948139084389e-01,9.999944800695193e-01,2.256103424755244e-02,1.827298915326363e-02,6.336608339073305e-02,2.435035789398554e-01,1.566651110979022e-01,1.032856069646635e-01,2.588655766962695e-01,2.452343750480896e-02,2.243942800530147e-02,8.651715399965067e-02,false
7,3.162000000000000e+17,1,6,CONTINUE,2.494996954795583e-10,3.970929477021750e-11,1.000000000000000e-09,1.759152546731761e-12,2.220446050463013e-14,5.810403081738119e-13,7.019213675943882e-10,5.670865783828353e-02,,,1.607936331818479e-09,6.071135139190929e-01,3.442859245784370e-02,2.515994163995662e-07,1.674273809070935e+10,REFINE_STALLED,REFINE_STALLED,,1,2,2,1,2,2,,,,6.859934485338336e-03,1.999347883994572e-04,6.859933908658878e-03,2.809994984705994e-04,,,5.066581223775682e-18,4.830239622729442e-18,,solution good enough for the tolerances given,solution good enough for the tolerances given,,5.066581223775682e-18,4.830239622729442e-18,,6.859934485338336e-03,3.231819284741780e-21,6.859933908658878e-03,3.030639088387870e-21,,,1.337138673840896e-04,2.017427752527355e-04,,4.342367394516140e-05,1.414219821324078e+00,1.387619124112003e-12,7.369909538246029e-13,1.674273809070935e+10,0.000000000000000e+00,1.100583661071428e-06,4.505569251023189e-09,9.999999954944307e-01,9.999995898125708e-01,9.999990676365639e-01,9.999983951629425e-01,9.999979122218247e-01,9.999969891014342e-01,9.999963719118886e-01,9.999954954203412e-01,9.999949039610946e-01,9.999945571106053e-01,4.134851839646712e-02,2.743579633175823e-02,7.832453200396439e-02,2.293347480577872e-01,1.527114591955646e-01,1.156773317722425e-01,2.270784921110647e-01,2.862902575780681e-02,3.305710305884832e-02,6.640299331449635e-02,false
7,1.000000000000000e+18,1,6,CONTINUE,2.494996954795583e-10,4.185828526133218e-11,1.000000000000000e-09,1.759152546731761e-12,2.220446050463013e-14,1.865650488826688e-13,2.756012920527917e-10,2.140927982113771e-03,,,1.602290414442788e-09,1.300753425702907e+00,2.784819341686040e-03,2.515994163995662e-07,1.674273809070935e+10,REFINE_STALLED,REFINE_STALLED,,1,2,2,1,2,2,,,,2.169492119570730e-02,4.018277661324295e-04,2.169492142368530e-02,5.923842440831046e-04,,,3.849693482197164e-18,3.687595593837688e-18,,solution good enough for the tolerances given,solution good enough for the tolerances given,,3.849693482197164e-18,3.687595593837688e-18,,2.169492119570730e-02,1.981404906600166e-21,2.169492142368530e-02,1.868504860447411e-21,,,2.918780307225520e-04,4.564226795541867e-04,,4.258239131179354e-05,1.414219808522993e+00,1.387619124112003e-12,7.369909538246029e-13,1.674273809070935e+10,0.000000000000000e+00,1.810406399757145e-06,3.628430000901517e-09,9.999999963715700e-01,9.999996268259896e-01,9.999991276276103e-01,9.999984948617892e-01,9.999980199209445e-01,9.999971517520643e-01,9.999964756265838e-01,9.999960244048679e-01,9.999954390305453e-01,9.999946399679578e-01,7.084528554287332e-02,2.987400080387893e-02,7.804451311218863e-02,1.924129671900886e-01,1.659570640536253e-01,1.034623802355912e-01,2.242233506304273e-01,9.201981112091267e-03,4.593449248980838e-02,8.004396482942705e-02,false
