iter,alpha,state,ncraig,ipm_status,mu,mu_next,rho,force_tol,floor_tol,sigma2min,step,tau,kappa,norm_dp,norm_dy,norm_y,hdiag_min,hdiag_max,pstat,cstat,wstat,pbase,prefn,ppass,cbase,crefn,cpass,wbase,wrefn,wpass,pres0,pres1,cres0,cres1,wres0,wres1,r0_p,r0_c,r0_w,craig_p,craig_c,craig_w,r1_p,r1_c,r1_w,p_res0_dual,p_res0_prim,c_res0_dual,c_res0_prim,w_res0_dual,w_res0_prim,p_res_exit,c_res_exit,w_res_exit,Ldiag_min,Ldiag_max,ipm_pres,ipm_dres,bar_hdiag_med,bar_hdiag_frac_mid,chosen
1,1.000000e+00,0,6,CONTINUE,1.000000e+00,6.384877e-02,1.000000e-09,1.000000e-01,1.165675e-13,9.308245e-09,9.369218e-01,1.066937e+00,5.565327e-02,7.083982e+00,4.554396e-01,4.267113e-01,1.341077e-06,1.000278e+00,REACHED_FORCE,REACHED_FORCE,REACHED_FORCE,2,0,0,2,0,0,2,0,0,1.091669e-02,NaN,2.910741e-03,NaN,8.585030e-04,NaN,5.278674e-01,2.242831e-01,4.031809e-01,solution good enough for the tolerances given,solution good enough for the tolerances given,solution good enough for the tolerances given,7.780383e-02,1.987556e-02,6.810930e-03,2.459573e-15,1.091669e-02,1.699999e-15,2.910741e-03,7.595739e-16,8.585030e-04,1.091669e-02,2.910741e-03,8.585030e-04,3.316829e-01,3.057333e+00,2.871889e+00,1.729905e+00,1.000000e+00,1.000000e+00,false
1,3.162000e+00,0,5,CONTINUE,1.000000e+00,7.534997e-02,1.000000e-09,1.000000e-01,1.165675e-13,9.299521e-09,9.248844e-01,1.053439e+00,6.439757e-02,7.107046e+00,4.568654e-01,4.225477e-01,1.341077e-06,1.000278e+00,REACHED_FORCE,REACHED_FORCE,REACHED_FORCE,2,0,0,1,0,0,2,0,0,1.885897e-03,NaN,1.459136e-02,NaN,1.792134e-04,NaN,1.824934e-01,9.717085e-02,1.276486e-01,solution good enough for the tolerances given,solution good enough for the tolerances given,solution good enough for the tolerances given,1.075424e-02,9.717085e-02,1.102096e-03,6.944676e-15,1.885897e-03,3.381913e-15,1.459136e-02,1.844680e-15,1.792134e-04,1.885897e-03,1.459136e-02,1.792134e-04,2.176001e-01,2.928243e+00,2.871889e+00,1.729905e+00,1.000000e+00,1.000000e+00,false
1,1.000000e+01,0,3,CONTINUE,1.000000e+00,6.907295e-02,1.000000e-09,1.000000e-01,1.165675e-13,9.298989e-09,9.314217e-01,1.034339e+00,5.783328e-02,7.176807e+00,4.454903e-01,4.149394e-01,1.341077e-06,1.000278e+00,REACHED_FORCE,REACHED_FORCE,REACHED_FORCE,1,0,0,1,0,0,1,0,0,8.978091e-03,NaN,4.734754e-03,NaN,8.295898e-03,NaN,5.997629e-02,3.110066e-02,4.038502e-02,solution good enough for the tolerances given,solution good enough for the tolerances given,solution good enough for the tolerances given,5.997629e-02,3.110066e-02,4.038502e-02,1.830211e-14,8.978091e-03,2.607871e-14,4.734754e-03,4.810635e-15,8.295898e-03,8.978091e-03,4.734754e-03,8.295898e-03,1.254178e-01,2.879957e+00,2.871889e+00,1.729905e+00,1.000000e+00,1.000000e+00,true
1,3.162000e+01,0,3,CONTINUE,1.000000e+00,6.651537e-02,1.000000e-09,1.000000e-01,1.165675e-13,5.811080e-09,9.342203e-01,1.045866e+00,5.485894e-02,7.154256e+00,4.620603e-01,4.316661e-01,1.341077e-06,1.000278e+00,REACHED_FORCE,REACHED_FORCE,REACHED_FORCE,1,0,0,1,0,0,1,0,0,3.124254e-03,NaN,1.673046e-03,NaN,2.649480e-03,NaN,1.930492e-02,1.086385e-02,1.278184e-02,solution good enough for the tolerances given,solution good enough for the tolerances given,solution good enough for the tolerances given,1.930492e-02,1.086385e-02,1.278184e-02,6.199570e-14,3.124254e-03,5.389358e-14,1.673046e-03,3.128721e-14,2.649480e-03,3.124254e-03,1.673046e-03,2.649480e-03,7.118918e-02,2.862710e+00,2.871889e+00,1.729905e+00,1.000000e+00,1.000000e+00,false
1,1.000000e+02,0,3,CONTINUE,1.000000e+00,6.669349e-02,1.000000e-09,1.000000e-01,1.165675e-13,5.810659e-09,9.341515e-01,1.049623e+00,5.481123e-02,7.145996e+00,5.945767e-01,5.554247e-01,1.341077e-06,1.000278e+00,REACHED_FORCE,REACHED_FORCE,REACHED_FORCE,1,0,0,1,0,0,1,0,0,1.247757e-03,NaN,6.064358e-04,NaN,8.683364e-04,NaN,6.379949e-03,4.044972e-03,4.065668e-03,solution good enough for the tolerances given,solution good enough for the tolerances given,solution good enough for the tolerances given,6.379949e-03,4.044972e-03,4.065668e-03,1.826233e-13,1.247757e-03,1.906531e-13,6.064358e-04,9.292121e-14,8.683364e-04,1.247757e-03,6.064358e-04,8.683364e-04,4.015649e-02,2.856936e+00,2.871889e+00,1.729905e+00,1.000000e+00,1.000000e+00,false
1,3.162000e+02,0,3,CONTINUE,1.000000e+00,6.656169e-02,1.000000e-09,1.000000e-01,1.165675e-13,5.146290e-09,9.343935e-01,1.051095e+00,5.435319e-02,7.138870e+00,1.322133e+00,1.235393e+00,1.341077e-06,1.000278e+00,REACHED_FORCE,REACHED_FORCE,REACHED_FORCE,1,0,0,1,0,0,1,0,0,6.518876e-04,NaN,4.388543e-04,NaN,3.051747e-04,NaN,2.682538e-03,2.366811e-03,1.358763e-03,solution good enough for the tolerances given,solution good enough for the tolerances given,solution good enough for the tolerances given,2.682538e-03,2.366811e-03,1.358763e-03,4.983709e-13,6.518876e-04,3.651200e-13,4.388543e-04,1.837807e-13,3.051747e-04,6.518876e-04,4.388543e-04,3.051747e-04,2.260566e-02,2.855072e+00,2.871889e+00,1.729905e+00,1.000000e+00,1.000000e+00,false
1,1.000000e+03,0,3,CONTINUE,1.000000e+00,6.592136e-02,1.000000e-09,1.000000e-01,1.165675e-13,1.981401e-09,9.353080e-01,1.052438e+00,5.280880e-02,7.122249e+00,3.955767e+00,3.699861e+00,1.341077e-06,1.000278e+00,REACHED_FORCE,REACHED_FORCE,REACHED_FORCE,1,0,0,1,0,0,1,0,0,4.629061e-04,NaN,4.270105e-04,NaN,1.270395e-04,NaN,1.956864e-03,2.118726e-03,6.141601e-04,solution good enough for the tolerances given,solution good enough for the tolerances given,solution good enough for the tolerances given,1.956864e-03,2.118726e-03,6.141601e-04,1.440206e-12,4.629061e-04,1.416189e-12,4.270105e-04,9.619823e-13,1.270395e-04,4.629061e-04,4.270105e-04,1.270395e-04,1.271594e-02,2.854478e+00,2.871889e+00,1.729905e+00,1.000000e+00,1.000000e+00,false
1,3.162000e+03,0,3,CONTINUE,1.000000e+00,6.382064e-02,1.000000e-09,1.000000e-01,1.165675e-13,1.980276e-09,9.382471e-01,1.055643e+00,4.789272e-02,7.071700e+00,1.237521e+01,1.161101e+01,1.341077e-06,1.000278e+00,REACHED_FORCE,REACHED_FORCE,REACHED_FORCE,1,0,0,1,0,0,1,0,0,4.022759e-04,NaN,4.224589e-04,NaN,8.165231e-05,NaN,1.864547e-03,2.078383e-03,4.788486e-04,solution good enough for the tolerances given,solution good enough for the tolerances given,solution good enough for the tolerances given,1.864547e-03,2.078383e-03,4.788486e-04,5.920155e-12,4.022759e-04,4.688126e-12,4.224589e-04,2.049222e-12,8.165231e-05,4.022759e-04,4.224589e-04,8.165231e-05,7.152287e-03,2.854290e+00,2.871889e+00,1.729905e+00,1.000000e+00,1.000000e+00,false
1,1.000000e+04,0,3,CONTINUE,1.000000e+00,6.077700e-02,1.000000e-09,1.000000e-01,1.165675e-13,1.546592e-09,9.438868e-01,1.065270e+00,3.605262e-02,6.913906e+00,3.851303e+01,3.635194e+01,1.341077e-06,1.000278e+00,REACHED_FORCE,REACHED_FORCE,REACHED_FORCE,1,0,0,1,0,0,1,0,0,3.804288e-04,NaN,4.143491e-04,NaN,7.122383e-05,NaN,1.841740e-03,2.031455e-03,4.597133e-04,solution good enough for the tolerances given,solution good enough for the tolerances given,solution good enough for the tolerances given,1.841740e-03,2.031455e-03,4.597133e-04,1.545751e-11,3.804288e-04,1.236102e-11,4.143491e-04,4.572816e-12,7.122383e-05,3.804288e-04,4.143491e-04,7.122383e-05,4.022947e-03,2.854230e+00,2.871889e+00,1.729905e+00,1.000000e+00,1.000000e+00,false
1,3.162000e+04,0,3,CONTINUE,1.000000e+00,6.309378e-02,1.000000e-09,1.000000e-01,1.165675e-13,1.546060e-09,9.487497e-01,1.094528e+00,1.216380e-02,6.430952e+00,1.161260e+02,1.101745e+02,1.341077e-06,1.000278e+00,REACHED_FORCE,REACHED_FORCE,REACHED_FORCE,1,0,0,1,0,0,1,0,0,3.654073e-04,NaN,3.873272e-04,NaN,6.557460e-05,NaN,1.799042e-03,1.901218e-03,4.473701e-04,solution good enough for the tolerances given,solution good enough for the tolerances given,solution good enough for the tolerances given,1.799042e-03,1.901218e-03,4.473701e-04,4.377801e-11,3.654073e-04,4.522838e-11,3.873272e-04,1.910054e-11,6.557460e-05,3.654073e-04,3.873272e-04,6.557460e-05,2.264095e-03,2.854212e+00,2.871889e+00,1.729905e+00,1.000000e+00,1.000000e+00,false
1,1.000000e+05,0,3,CONTINUE,1.000000e+00,1.214112e-01,1.000000e-09,1.000000e-01,1.165675e-13,1.488482e-09,9.012963e-01,1.171228e+00,1.000000e-02,5.075449e+00,3.201936e+02,2.885893e+02,1.341077e-06,1.000278e+00,REACHED_FORCE,REACHED_FORCE,REACHED_FORCE,1,0,0,1,0,0,1,0,0,3.403086e-04,NaN,6.538066e-04,NaN,5.797480e-05,NaN,1.681598e-03,1.569958e-03,4.174427e-04,solution good enough for the tolerances given,solution good enough for the tolerances given,solution good enough for the tolerances given,1.681598e-03,1.569958e-03,4.174427e-04,1.466496e-10,3.403086e-04,1.134738e-10,3.155454e-04,4.827944e-11,5.797480e-05,3.403086e-04,6.538066e-04,5.797480e-05,1.276084e-03,2.854206e+00,2.871889e+00,1.729905e+00,1.000000e+00,1.000000e+00,false
1,3.162000e+05,0,3,CONTINUE,1.000000e+00,2.112217e-01,1.000000e-09,1.000000e-01,1.165675e-13,1.488356e-09,8.076806e-01,1.335384e+00,1.000000e-02,2.561482e+00,7.170263e+02,5.791283e+02,1.341077e-06,1.000278e+00,REACHED_FORCE,REACHED_FORCE,REACHED_FORCE,1,0,0,1,0,0,1,0,0,1.195862e-03,NaN,3.179792e-03,NaN,5.107498e-05,NaN,1.408807e-03,9.643453e-04,3.501809e-04,solution good enough for the tolerances given,solution good enough for the tolerances given,solution good enough for the tolerances given,1.408807e-03,9.643453e-04,3.501809e-04,6.203144e-10,2.795352e-04,4.010099e-10,1.772699e-04,2.148736e-10,5.107498e-05,1.195862e-03,3.179792e-03,5.107498e-05,7.224369e-04,2.854204e+00,2.871889e+00,1.729905e+00,1.000000e+00,1.000000e+00,false
1,1.000000e+06,0,3,CONTINUE,1.000000e+00,2.804471e-01,1.000000e-09,1.000000e-01,1.165675e-13,1.473462e-09,7.209629e-01,1.576961e+00,1.000000e-02,3.287042e+00,1.207812e+03,8.707876e+02,1.341077e-06,1.000278e+00,REACHED_FORCE,REACHED_FORCE,REACHED_FORCE,1,0,0,1,0,0,1,0,0,3.672069e-03,NaN,9.434465e-03,NaN,3.756833e-05,NaN,9.671220e-04,4.293358e-04,2.443245e-04,solution good enough for the tolerances given,solution good enough for the tolerances given,solution good enough for the tolerances given,9.671220e-04,4.293358e-04,2.443245e-04,1.278078e-09,1.806389e-04,1.704611e-09,4.375527e-05,3.652439e-10,3.756833e-05,3.672069e-03,9.434465e-03,3.756833e-05,4.132163e-04,2.854203e+00,2.871889e+00,1.729905e+00,1.000000e+00,1.000000e+00,false
1,3.162000e+06,0,3,CONTINUE,1.000000e+00,3.140095e-01,1.000000e-09,1.000000e-01,1.165675e-13,1.473462e-09,6.883134e-01,1.829648e+00,1.000000e-02,3.713242e+00,1.998037e+03,1.375275e+03,1.341077e-06,1.000278e+00,REACHED_FORCE,REACHED_FORCE,REACHED_FORCE,1,0,0,1,0,0,1,0,0,6.243966e-03,NaN,1.543700e-02,NaN,2.111236e-05,NaN,5.472347e-04,2.784658e-04,1.432095e-04,solution good enough for the tolerances given,solution good enough for the tolerances given,solution good enough for the tolerances given,5.472347e-04,2.784658e-04,1.432095e-04,3.010916e-09,8.796819e-05,2.823723e-09,4.089283e-05,1.136863e-09,2.111236e-05,6.243966e-03,1.543700e-02,2.111236e-05,2.409680e-04,2.854203e+00,2.871889e+00,1.729905e+00,1.000000e+00,1.000000e+00,false
1,1.000000e+07,0,3,CONTINUE,1.000000e+00,3.423208e-01,1.000000e-09,1.000000e-01,1.165675e-13,1.473462e-09,6.614969e-01,2.064153e+00,1.000000e-02,2.601299e+00,3.281783e+03,2.170890e+03,1.341077e-06,1.000278e+00,REACHED_FORCE,REACHED_FORCE,REACHED_FORCE,1,0,0,1,0,0,1,0,0,8.694594e-03,NaN,2.189742e-02,NaN,1.030465e-05,NaN,2.962533e-04,1.521221e-04,8.302014e-05,solution good enough for the tolerances given,solution good enough for the tolerances given,solution good enough for the tolerances given,2.962533e-04,1.521221e-04,8.302014e-05,6.159853e-09,3.645468e-05,1.351393e-08,2.177499e-05,3.203976e-09,1.030465e-05,8.694594e-03,2.189742e-02,1.030465e-05,1.451738e-04,2.854203e+00,2.871889e+00,1.729905e+00,1.000000e+00,1.000000e+00,false
1,3.162000e+07,0,3,CONTINUE,1.000000e+00,3.586017e-01,1.000000e-09,1.000000e-01,1.165675e-13,1.473462e-09,6.450359e-01,2.276782e+00,1.000000e-02,2.151598e+00,4.386566e+03,2.829493e+03,1.341077e-06,1.000278e+00,REACHED_FORCE,REACHED_FORCE,REACHED_FORCE,1,0,0,1,0,0,1,0,0,1.104487e-02,NaN,2.846074e-02,NaN,7.475212e-06,NaN,1.535303e-04,6.628495e-05,4.798449e-05,solution good enough for the tolerances given,solution good enough for the tolerances given,solution good enough for the tolerances given,1.535303e-04,6.628495e-05,4.798449e-05,3.771652e-08,1.839405e-05,3.739033e-08,9.048197e-06,8.922911e-09,7.475212e-06,1.104487e-02,2.846074e-02,7.475212e-06,9.279369e-05,2.854203e+00,2.871889e+00,1.729905e+00,1.000000e+00,1.000000e+00,false
1,1.000000e+08,0,3,CONTINUE,1.000000e+00,3.367431e-01,1.000000e-09,1.000000e-01,1.165675e-13,1.473462e-09,6.722752e-01,2.460603e+00,1.000000e-02,2.154272e+00,6.346635e+03,4.266685e+03,1.341077e-06,1.000278e+00,REACHED_FORCE,REACHED_FORCE,REACHED_FORCE,1,0,0,1,0,0,1,0,0,9.795108e-03,NaN,2.475724e-02,NaN,3.939582e-06,NaN,7.484048e-05,3.231499e-05,2.402058e-05,solution good enough for the tolerances given,solution good enough for the tolerances given,solution good enough for the tolerances given,7.484048e-05,3.231499e-05,2.402058e-05,8.929594e-08,7.763865e-06,1.259546e-07,6.957165e-06,3.486425e-08,3.939582e-06,9.795108e-03,2.475724e-02,3.939582e-06,6.429914e-05,2.854203e+00,2.871889e+00,1.729905e+00,1.000000e+00,1.000000e+00,false
1,3.162000e+08,0,3,CONTINUE,1.000000e+00,2.943807e-01,1.000000e-09,1.000000e-01,1.165675e-13,1.473462e-09,7.180760e-01,2.613735e+00,1.000000e-02,2.167427e+00,9.112973e+03,6.543808e+03,1.341077e-06,1.000278e+00,REACHED_FORCE,REACHED_FORCE,REACHED_FORCE,1,0,0,1,0,0,1,0,0,6.372716e-03,NaN,1.562198e-02,NaN,1.548491e-06,NaN,3.597310e-05,1.293725e-05,1.055070e-05,solution good enough for the tolerances given,solution good enough for the tolerances given,solution good enough for the tolerances given,3.597310e-05,1.293725e-05,1.055070e-05,4.937637e-07,3.748514e-06,6.998938e-07,3.661403e-06,9.181896e-08,1.548491e-06,6.372716e-03,1.562198e-02,1.548491e-06,4.646468e-05,2.854203e+00,2.871889e+00,1.729905e+00,1.000000e+00,1.000000e+00,false
1,1.000000e+09,0,3,CONTINUE,1.000000e+00,2.623460e-01,1.000000e-09,1.000000e-01,1.165675e-13,1.473462e-09,7.523810e-01,2.719792e+00,1.531336e-02,2.158780e+00,9.421280e+03,7.088392e+03,1.341077e-06,1.000278e+00,REACHED_FORCE,REACHED_FORCE,REACHED_FORCE,1,0,0,1,0,0,1,0,0,3.497108e-03,NaN,8.392635e-03,NaN,7.036387e-07,NaN,1.589438e-05,2.244407e-06,4.311772e-06,solution good enough for the tolerances given,solution good enough for the tolerances given,solution good enough for the tolerances given,1.589438e-05,2.244407e-06,4.311772e-06,8.203072e-07,1.749249e-06,2.025227e-06,1.286934e-06,1.715217e-07,7.036387e-07,3.497108e-03,8.392635e-03,7.036387e-07,3.279415e-05,2.854203e+00,2.871889e+00,1.729905e+00,1.000000e+00,1.000000e+00,false
1,3.162000e+09,0,3,CONTINUE,1.000000e+00,2.550171e-01,1.000000e-09,1.000000e-01,1.165675e-13,1.473460e-09,7.634745e-01,2.752727e+00,3.449197e-02,2.136596e+00,7.941205e+03,6.062907e+03,1.341077e-06,1.000278e+00,REACHED_FORCE,REACHED_FORCE,REACHED_FORCE,1,0,0,1,0,0,1,0,0,1.547498e-03,NaN,3.662231e-03,NaN,8.225141e-07,NaN,6.048846e-06,6.873789e-07,1.598247e-06,solution good enough for the tolerances given,solution good enough for the tolerances given,solution good enough for the tolerances given,6.048846e-06,6.873789e-07,1.598247e-06,3.742033e-06,7.181819e-07,3.492767e-06,7.812777e-07,8.225141e-07,2.859795e-07,1.547498e-03,3.662231e-03,8.225141e-07,2.242110e-05,2.854203e+00,2.871889e+00,1.729905e+00,1.000000e+00,1.000000e+00,false
1,1.000000e+10,0,3,CONTINUE,1.000000e+00,2.483410e-01,1.000000e-09,1.000000e-01,1.165675e-13,1.473469e-09,7.719228e-01,2.771549e+00,4.020281e-02,2.126286e+00,7.124738e+03,5.499748e+03,1.341077e-06,1.000278e+00,REACHED_FORCE,REACHED_FORCE,REACHED_FORCE,1,0,0,1,0,0,1,0,0,5.676734e-04,NaN,1.333840e-03,NaN,2.791366e-06,NaN,2.064831e-06,4.481574e-07,5.419635e-07,solution good enough for the tolerances given,solution good enough for the tolerances given,solution good enough for the tolerances given,2.064831e-06,4.481574e-07,5.419635e-07,1.350666e-05,2.527485e-07,1.463842e-05,3.219507e-07,2.791366e-06,1.003063e-07,5.676734e-04,1.333840e-03,2.791366e-06,1.553440e-05,2.854203e+00,2.871889e+00,1.729905e+00,1.000000e+00,1.000000e+00,false
1,3.162000e+10,0,3,CONTINUE,1.000000e+00,2.454713e-01,1.000000e-09,1.000000e-01,1.165675e-13,1.473481e-09,7.753987e-01,2.778501e+00,4.207785e-02,2.123451e+00,6.907824e+03,5.356318e+03,1.341077e-06,1.000278e+00,REACHED_FORCE,REACHED_FORCE,REACHED_FORCE,1,0,0,1,0,0,1,0,0,1.870058e-04,NaN,4.381739e-04,NaN,9.751139e-06,NaN,6.707930e-07,1.743232e-07,1.757505e-07,solution good enough for the tolerances given,solution good enough for the tolerances given,solution good enough for the tolerances given,6.707930e-07,1.743232e-07,1.757505e-07,5.757901e-05,8.298167e-08,2.788371e-05,1.116122e-07,9.751139e-06,3.289239e-08,1.870058e-04,4.381739e-04,9.751139e-06,1.183660e-05,2.854203e+00,2.871889e+00,1.729905e+00,1.000000e+00,1.000000e+00,false
1,1.000000e+11,0,3,CONTINUE,1.000000e+00,2.443179e-01,1.000000e-09,1.000000e-01,1.165675e-13,1.473531e-09,7.767526e-01,2.781550e+00,4.243482e-02,2.122722e+00,6.853765e+03,5.323680e+03,1.341077e-06,1.000278e+00,REACHED_FORCE,REACHED_FORCE,REACHED_FORCE,1,0,0,1,0,0,1,0,0,1.046939e-04,NaN,1.304353e-04,NaN,2.945670e-05,NaN,2.140131e-07,5.864713e-08,5.603584e-08,solution good enough for the tolerances given,solution good enough for the tolerances given,solution good enough for the tolerances given,2.140131e-07,5.864713e-08,5.603584e-08,1.046939e-04,2.656370e-08,1.170264e-04,3.634267e-08,2.945670e-05,1.052478e-08,1.046939e-04,1.304353e-04,2.945670e-05,8.187549e-06,2.854203e+00,2.871889e+00,1.729905e+00,1.000000e+00,1.000000e+00,false
1,3.162000e+11,0,3,CONTINUE,1.000000e+00,2.439213e-01,1.000000e-09,1.000000e-01,1.165675e-13,1.473659e-09,7.772615e-01,2.783105e+00,4.208422e-02,2.122307e+00,6.849471e+03,5.323830e+03,1.341077e-06,1.000278e+00,REACHED_FORCE,REACHED_FORCE,REACHED_FORCE,1,0,0,1,0,0,1,0,0,2.712393e-04,NaN,4.963134e-04,NaN,1.174799e-04,NaN,6.790302e-08,1.898414e-08,1.777162e-08,solution good enough for the tolerances given,solution good enough for the tolerances given,solution good enough for the tolerances given,6.790302e-08,1.898414e-08,1.777162e-08,2.712393e-04,8.440183e-09,4.963134e-04,1.162582e-08,1.174799e-04,3.342452e-09,2.712393e-04,4.963134e-04,1.174799e-04,4.608496e-06,2.854203e+00,2.871889e+00,1.729905e+00,1.000000e+00,1.000000e+00,false
1,1.000000e+12,0,3,CONTINUE,1.000000e+00,2.431578e-01,1.000000e-09,1.000000e-01,1.165675e-13,1.473662e-09,7.774355e-01,2.779723e+00,4.201111e-02,2.121910e+00,6.826430e+03,5.307109e+03,1.341077e-06,1.000278e+00,REACHED_FORCE,REACHED_FORCE,REACHED_FORCE,1,0,0,1,0,0,1,0,0,1.614477e-03,NaN,1.467388e-03,NaN,3.088042e-04,NaN,2.149202e-08,6.034592e-09,5.632219e-09,solution good enough for the tolerances given,solution good enough for the tolerances given,solution good enough for the tolerances given,2.149202e-08,6.034592e-09,5.632219e-09,1.614477e-03,2.663353e-09,1.467388e-03,3.679887e-09,3.088042e-04,1.060073e-09,1.614477e-03,1.467388e-03,3.088042e-04,2.591764e-06,2.854203e+00,2.871889e+00,1.729905e+00,1.000000e+00,1.000000e+00,false
1,3.162000e+12,0,3,CONTINUE,1.000000e+00,2.405631e-01,1.000000e-09,1.000000e-01,1.165675e-13,1.474036e-09,7.779972e-01,2.767572e+00,4.008403e-02,2.124605e+00,7.048960e+03,5.484071e+03,1.341077e-06,1.000278e+00,REACHED_FORCE,REACHED_FORCE,REACHED_FORCE,1,0,0,1,0,0,1,0,0,6.597440e-03,NaN,6.012226e-03,NaN,1.222198e-03,NaN,6.835769e-09,1.987255e-09,1.787110e-09,solution good enough for the tolerances given,solution good enough for the tolerances given,solution good enough for the tolerances given,6.835769e-09,1.987255e-09,1.787110e-09,6.597440e-03,8.453242e-10,6.012226e-03,1.182741e-09,1.222198e-03,3.366742e-10,6.597440e-03,6.012226e-03,1.222198e-03,1.456307e-06,2.854203e+00,2.871889e+00,1.729905e+00,1.000000e+00,1.000000e+00,false
1,1.000000e+13,0,3,CONTINUE,1.000000e+00,2.382233e-01,1.000000e-09,1.000000e-01,1.165675e-13,1.476305e-09,7.796281e-01,2.778641e+00,3.778507e-02,2.133632e+00,7.478923e+03,5.830779e+03,1.341077e-06,1.000278e+00,REACHED_FORCE,REACHED_FORCE,REACHED_FORCE,1,0,0,1,0,0,1,0,0,1.578611e-02,NaN,1.650902e-02,NaN,2.769531e-03,NaN,2.199061e-09,6.520071e-10,5.680204e-10,solution good enough for the tolerances given,solution good enough for the tolerances given,solution good enough for the tolerances given,2.199061e-09,6.520071e-10,5.680204e-10,1.578611e-02,2.756533e-10,1.650902e-02,3.860613e-10,2.769531e-03,1.088176e-10,1.578611e-02,1.650902e-02,2.769531e-03,8.171591e-07,2.854203e+00,2.871889e+00,1.729905e+00,1.000000e+00,1.000000e+00,false
1,3.162000e+13,0,3,CONTINUE,1.000000e+00,2.990697e-01,1.000000e-09,1.000000e-01,1.165675e-13,1.469496e-09,7.196525e-01,2.657074e+00,1.027221e-01,2.113435e+00,7.114277e+03,5.119807e+03,1.341077e-06,1.000278e+00,REACHED_FORCE,REACHED_FORCE,REACHED_FORCE,1,0,0,1,0,0,1,0,0,3.735530e-02,NaN,3.707978e-02,NaN,8.439556e-03,NaN,7.449933e-10,2.326395e-10,1.782906e-10,solution good enough for the tolerances given,solution good enough for the tolerances given,solution good enough for the tolerances given,7.449933e-10,2.326395e-10,1.782906e-10,3.735530e-02,9.370746e-11,3.707978e-02,1.207966e-10,8.439556e-03,3.326332e-11,3.735530e-02,3.707978e-02,8.439556e-03,4.603732e-07,2.854203e+00,2.871889e+00,1.729905e+00,1.000000e+00,1.000000e+00,false
1,1.000000e+14,0,5,CONTINUE,1.000000e+00,2.513211e-01,1.000000e-09,1.000000e-01,1.165675e-13,1.492686e-09,7.748568e-01,2.819580e+00,4.294874e-02,2.121196e+00,6.035144e+03,4.676373e+03,1.341077e-06,1.000278e+00,REACHED_FORCE,REACHED_FORCE,REACHED_FORCE,1,1,1,1,1,1,1,0,0,1.148122e-01,1.716801e-02,1.328233e-01,2.362361e-02,3.713680e-02,NaN,2.544317e-10,4.584573e-11,6.346532e-11,solution good enough for the tolerances given,solution good enough for the tolerances given,solution good enough for the tolerances given,2.544317e-10,4.584573e-11,6.346532e-11,1.148122e-01,2.883914e-11,1.328233e-01,3.688990e-11,3.713680e-02,1.262207e-11,1.716801e-02,2.362361e-02,3.713680e-02,2.557000e-07,2.854203e+00,2.871889e+00,1.729905e+00,1.000000e+00,1.000000e+00,false
1,3.162000e+14,1,7,CONTINUE,1.000000e+00,4.925002e-01,1.000000e-09,1.000000e-01,1.165675e-13,1.628561e-09,4.877089e-01,2.223041e+00,4.254432e-01,6.433722e+00,3.195741e+04,1.558591e+04,1.341077e-06,1.000278e+00,REACHED_FORCE,REFINE_STALLED,REFINE_STALLED,1,2,2,1,1,1,1,1,1,3.329161e-01,1.029235e-01,6.332310e-01,5.915614e-01,1.012912e-01,1.190526e-01,1.143685e-10,4.536113e-11,2.753951e-11,solution good enough for the tolerances given,solution good enough for the tolerances given,solution good enough for the tolerances given,1.143685e-10,4.536113e-11,2.753951e-11,3.329161e-01,2.183062e-11,6.332310e-01,1.093558e-11,1.012912e-01,6.141131e-12,8.599638e-02,5.915614e-01,1.190526e-01,1.411444e-07,2.854203e+00,2.871889e+00,1.729905e+00,1.000000e+00,1.000000e+00,false
1,1.000000e+15,1,21,CONTINUE,1.000000e+00,9.576544e-01,1.000000e-09,1.000000e-01,1.165675e-13,8.870790e-16,6.929265e-30,9.999317e-01,1.000068e+00,7.748638e+24,5.441820e+33,3.770781e+04,1.341077e-06,1.000278e+00,REFINE_STALLED,REFINE_STALLED,REFINE_STALLED,1,3,1,7,7,1,1,2,2,4.355100e+09,1.149749e+13,1.781118e+25,4.654713e+28,1.531468e+05,8.878124e+03,1.360992e-05,1.804482e+11,3.309974e-06,solution good enough for the tolerances given,solution good enough for the tolerances given,solution good enough for the tolerances given,1.360992e-05,3.131955e+01,3.309974e-06,4.355100e+09,1.541147e-01,1.781118e+25,6.303102e+14,1.531468e+05,4.053789e-07,1.149749e+13,4.654713e+28,4.727841e+03,4.555712e-05,2.854203e+00,2.871889e+00,1.729905e+00,1.000000e+00,1.000000e+00,false
1,3.162000e+15,1,21,CONTINUE,1.000000e+00,9.576884e-01,1.000000e-09,1.000000e-01,1.165675e-13,2.805437e-16,2.190624e-33,9.999784e-01,1.000022e+00,7.747542e+27,1.721316e+37,3.770754e+04,1.341077e-06,1.000278e+00,REFINE_STALLED,REFINE_STALLED,REFINE_STALLED,1,3,1,7,7,1,1,2,2,4.354284e+10,3.636636e+14,1.781367e+28,1.472344e+32,4.842502e+05,2.807262e+04,1.360989e-05,1.804647e+13,3.309972e-06,solution good enough for the tolerances given,solution good enough for the tolerances given,solution good enough for the tolerances given,1.360989e-05,3.086869e+03,3.309972e-06,4.354284e+10,4.873074e-01,1.781367e+28,1.993630e+17,4.842502e+05,4.053783e-07,3.636636e+14,1.472344e+32,1.494949e+04,4.555711e-05,2.854203e+00,2.871889e+00,1.729905e+00,1.000000e+00,1.000000e+00,false
1,1.000000e+16,1,21,CONTINUE,1.000000e+00,9.576990e-01,1.000000e-09,1.000000e-01,1.165675e-13,8.870793e-17,6.921154e-37,9.999932e-01,1.000007e+00,7.752552e+30,5.448147e+40,3.770746e+04,1.341077e-06,1.000278e+00,REFINE_STALLED,REFINE_STALLED,REFINE_STALLED,1,3,1,7,7,1,1,2,2,4.355035e+11,1.150484e+16,1.782676e+31,4.660126e+35,1.531471e+06,8.878120e+04,1.360990e-05,1.805523e+15,3.309973e-06,solution good enough for the tolerances given,solution good enough for the tolerances given,solution good enough for the tolerances given,1.360990e-05,3.130548e+05,3.309973e-06,4.355035e+11,1.541131e+00,1.782676e+31,6.308439e+19,1.531471e+06,4.053782e-07,1.150484e+16,4.660126e+35,4.727875e+04,4.555711e-05,2.854203e+00,2.871889e+00,1.729905e+00,1.000000e+00,1.000000e+00,false
1,3.162000e+16,1,22,CONTINUE,1.000000e+00,9.577024e-01,1.000000e-09,1.000000e-01,1.165675e-13,2.805437e-17,2.236603e-40,9.999978e-01,1.000002e+00,7.586661e+33,1.685924e+44,3.770744e+04,1.341077e-06,1.000278e+00,REFINE_STALLED,REFINE_STALLED,REFINE_STALLED,1,4,1,7,7,1,1,2,2,4.354263e+12,3.599112e+17,1.744575e+34,1.442072e+39,4.842510e+06,2.807264e+05,1.360990e-05,1.767204e+17,3.309974e-06,solution good enough for the tolerances given,solution good enough for the tolerances given,solution good enough for the tolerances given,1.360990e-05,3.024589e+07,3.309974e-06,4.354263e+12,4.873057e+00,1.744575e+34,1.952437e+22,4.842510e+06,4.053783e-07,3.599112e+17,1.442072e+39,1.494954e+05,4.555711e-05,2.854203e+00,2.871889e+00,1.729905e+00,1.000000e+00,1.000000e+00,false
1,1.000000e+17,1,22,CONTINUE,1.000000e+00,9.577035e-01,1.000000e-09,1.000000e-01,1.165675e-13,8.870793e-18,7.068228e-44,9.999993e-01,1.000001e+00,7.590738e+36,5.334778e+47,3.770742e+04,1.341077e-06,1.000278e+00,REFINE_STALLED,REFINE_STALLED,REFINE_STALLED,1,4,1,7,7,1,1,2,2,4.355026e+13,1.138455e+19,1.745524e+37,4.563155e+42,1.531471e+07,8.878125e+05,1.360990e-05,1.767842e+19,3.309974e-06,solution good enough for the tolerances given,solution good enough for the tolerances given,solution good enough for the tolerances given,1.360990e-05,3.043549e+09,3.309974e-06,4.355026e+13,1.541131e+01,1.745524e+37,6.176961e+24,1.531471e+07,4.053783e-07,1.138455e+19,4.563155e+42,4.727875e+05,4.555711e-05,2.854203e+00,2.871889e+00,1.729905e+00,1.000000e+00,1.000000e+00,false
1,3.162000e+17,1,22,CONTINUE,1.000000e+00,9.577039e-01,1.000000e-09,1.000000e-01,1.165675e-13,2.805437e-18,2.236519e-47,9.999998e-01,1.000000e+00,7.586789e+39,1.685988e+51,3.770743e+04,1.341077e-06,1.000278e+00,REFINE_STALLED,REFINE_STALLED,REFINE_STALLED,1,4,1,7,7,1,1,2,2,4.354260e+14,3.599185e+20,1.744622e+40,1.442126e+46,4.842510e+07,2.807264e+06,1.360990e-05,1.767236e+21,3.309974e-06,solution good enough for the tolerances given,solution good enough for the tolerances given,solution good enough for the tolerances given,1.360990e-05,3.026296e+11,3.309974e-06,4.354260e+14,4.873056e+01,1.744622e+40,1.952489e+27,4.842510e+07,4.053783e-07,3.599185e+20,1.442126e+46,1.494954e+06,4.555711e-05,2.854203e+00,2.871889e+00,1.729905e+00,1.000000e+00,1.000000e+00,false
1,1.000000e+18,1,23,CONTINUE,1.000000e+00,9.577040e-01,1.000000e-09,1.000000e-01,1.165675e-13,8.870793e-19,7.067816e-51,9.999999e-01,1.000000e+00,7.591132e+42,5.335089e+54,3.770743e+04,1.341077e-06,1.000278e+00,REFINE_STALLED,REFINE_STALLED,REFINE_STALLED,1,5,1,7,7,1,1,2,2,4.355024e+15,1.138490e+22,1.745624e+43,4.563420e+49,1.531471e+08,8.878129e+06,1.360990e-05,1.767942e+23,3.309974e-06,solution good enough for the tolerances given,solution good enough for the tolerances given,solution good enough for the tolerances given,1.360990e-05,3.028538e+13,3.309974e-06,4.355024e+15,1.541131e+02,1.745624e+43,6.177315e+29,1.531471e+08,4.053783e-07,1.138490e+22,4.563420e+49,4.727874e+06,4.555711e-05,2.854203e+00,2.871889e+00,1.729905e+00,1.000000e+00,1.000000e+00,false
2,1.000000e+00,0,5,CONTINUE,6.907295e-02,1.271046e-03,1.000000e-09,6.907295e-03,2.864670e-14,1.369210e-07,9.816933e-01,1.030342e+00,1.322381e-03,6.448433e-01,1.367266e-01,4.222296e-01,1.341077e-06,4.473361e-01,REACHED_FORCE,REACHED_FORCE,REACHED_FORCE,2,0,0,1,0,0,2,0,0,5.288236e-04,NaN,4.403385e-04,NaN,1.155678e-04,NaN,1.329466e-01,2.409322e-03,6.416767e-02,solution good enough for the tolerances given,solution good enough for the tolerances given,solution good enough for the tolerances given,2.429438e-03,2.409322e-03,8.695892e-04,1.164228e-16,5.288236e-04,1.605052e-16,4.403385e-04,6.148932e-16,1.155678e-04,5.288236e-04,4.403385e-04,1.155678e-04,9.487132e-02,2.938498e+00,1.896209e-01,1.146954e-01,8.609079e-02,4.375000e-01,false
2,3.162000e+00,0,5,CONTINUE,6.907295e-02,1.221297e-03,1.000000e-09,6.907295e-03,2.864670e-14,8.136204e-08,9.824233e-01,1.027930e+00,1.266271e-03,6.488644e-01,1.378399e-01,4.228541e-01,1.341077e-06,4.473361e-01,REACHED_FORCE,REACHED_FORCE,REACHED_FORCE,2,0,0,1,0,0,2,0,0,4.489118e-04,NaN,4.333165e-04,NaN,8.306340e-05,NaN,4.271433e-02,2.138832e-03,2.048691e-02,solution good enough for the tolerances given,solution good enough for the tolerances given,solution good enough for the tolerances given,2.111884e-03,2.138832e-03,5.059636e-04,4.509970e-16,4.489118e-04,6.940155e-16,4.333165e-04,1.971275e-15,8.306340e-05,4.489118e-04,4.333165e-04,8.306340e-05,5.377590e-02,2.881386e+00,1.896209e-01,1.146954e-01,8.609079e-02,4.375000e-01,false
2,1.000000e+01,0,4,CONTINUE,6.907295e-02,1.189311e-03,1.000000e-09,6.907295e-03,2.864670e-14,8.135547e-08,9.829577e-01,1.028361e+00,1.221991e-03,6.419424e-01,1.505691e-01,4.308746e-01,1.341077e-06,4.473361e-01,REACHED_FORCE,REACHED_FORCE,REACHED_FORCE,2,0,0,1,0,0,1,0,0,4.510873e-04,NaN,4.360257e-04,NaN,1.142593e-03,NaN,1.371623e-02,2.108922e-03,6.514548e-03,solution good enough for the tolerances given,solution good enough for the tolerances given,solution good enough for the tolerances given,2.130513e-03,2.108922e-03,6.514548e-03,1.648569e-15,4.510873e-04,1.217353e-15,4.360257e-04,5.443613e-15,1.142593e-03,4.510873e-04,4.360257e-04,1.142593e-03,3.031898e-02,2.862857e+00,1.896209e-01,1.146954e-01,8.609079e-02,4.375000e-01,false
2,3.162000e+01,0,3,CONTINUE,6.907295e-02,9.755978e-04,1.000000e-09,6.907295e-03,2.864670e-14,3.048016e-08,9.861682e-01,1.021519e+00,1.010844e-03,6.525192e-01,1.903415e-01,4.491951e-01,1.341077e-06,4.473361e-01,REACHED_FORCE,REACHED_FORCE,REACHED_FORCE,1,0,0,1,0,0,1,0,0,7.192174e-04,NaN,4.362013e-04,NaN,3.619196e-04,NaN,4.781086e-03,2.104659e-03,2.116045e-03,solution good enough for the tolerances given,solution good enough for the tolerances given,solution good enough for the tolerances given,4.781086e-03,2.104659e-03,2.116045e-03,3.253621e-15,7.192174e-04,3.700662e-15,4.362013e-04,1.421488e-14,3.619196e-04,7.192174e-04,4.362013e-04,3.619196e-04,1.706535e-02,2.856946e+00,1.896209e-01,1.146954e-01,8.609079e-02,4.375000e-01,true
2,1.000000e+02,0,3,CONTINUE,6.907295e-02,8.827244e-04,1.000000e-09,6.907295e-03,2.864670e-14,3.024973e-08,9.880127e-01,1.027829e+00,8.437285e-04,6.030599e-01,4.416720e-01,6.162564e-01,1.341077e-06,4.473361e-01,REACHED_FORCE,REACHED_FORCE,REACHED_FORCE,1,0,0,1,0,0,1,0,0,4.919382e-04,NaN,4.338480e-04,NaN,1.144627e-04,NaN,2.502831e-03,2.096801e-03,8.195272e-04,solution good enough for the tolerances given,solution good enough for the tolerances given,solution good enough for the tolerances given,2.502831e-03,2.096801e-03,8.195272e-04,1.119354e-14,4.919382e-04,1.406116e-14,4.338480e-04,5.288081e-14,1.144627e-04,4.919382e-04,4.338480e-04,1.144627e-04,9.599730e-03,2.855071e+00,1.896209e-01,1.146954e-01,8.609079e-02,4.375000e-01,false
2,3.162000e+02,0,3,CONTINUE,6.907295e-02,1.371395e-03,1.000000e-09,6.907295e-03,2.864670e-14,1.809692e-08,9.824337e-01,1.034832e+00,9.607569e-04,4.834939e-01,1.325028e+00,1.396676e+00,1.341077e-06,4.473361e-01,REACHED_FORCE,REACHED_FORCE,REACHED_FORCE,1,0,0,1,0,0,1,0,0,4.469932e-04,NaN,4.286798e-04,NaN,8.425499e-05,NaN,2.138201e-03,2.073564e-03,5.355430e-04,solution good enough for the tolerances given,solution good enough for the tolerances given,solution good enough for the tolerances given,2.138201e-03,2.073564e-03,5.355430e-04,4.742364e-14,4.469932e-04,3.565024e-14,4.286798e-04,2.121743e-13,8.425499e-05,4.469932e-04,4.286798e-04,8.425499e-05,5.400836e-03,2.854477e+00,1.896209e-01,1.146954e-01,8.609079e-02,4.375000e-01,false
2,1.000000e+03,0,3,CONTINUE,6.907295e-02,2.812934e-03,1.000000e-09,6.907295e-03,2.864670e-14,1.787267e-08,9.656655e-01,1.052152e+00,1.307673e-03,1.934412e-01,4.070950e+00,3.988621e+00,1.341077e-06,4.473361e-01,REACHED_FORCE,REACHED_FORCE,REACHED_FORCE,1,0,0,1,0,0,1,0,0,4.281685e-04,NaN,4.132856e-04,NaN,7.955442e-05,NaN,2.074959e-03,2.002547e-03,4.860954e-04,solution good enough for the tolerances given,solution good enough for the tolerances given,solution good enough for the tolerances given,2.074959e-03,2.002547e-03,4.860954e-04,9.624096e-14,4.281685e-04,1.050518e-13,4.132856e-04,7.428995e-13,7.955442e-05,4.281685e-04,4.132856e-04,7.955442e-05,3.040274e-03,2.854290e+00,1.896209e-01,1.146954e-01,8.609079e-02,4.375000e-01,false
2,3.162000e+03,0,3,CONTINUE,6.907295e-02,6.441067e-03,1.000000e-09,6.907295e-03,2.864670e-14,1.759020e-08,9.214115e-01,1.099458e+00,2.173814e-03,1.022953e+00,1.195384e+01,1.105924e+01,1.341077e-06,4.473361e-01,REACHED_FORCE,REACHED_FORCE,REACHED_FORCE,1,0,0,1,0,0,1,0,0,4.096423e-04,NaN,3.690941e-04,NaN,7.066633e-05,NaN,1.998452e-03,1.798818e-03,4.470213e-04,solution good enough for the tolerances given,solution good enough for the tolerances given,solution good enough for the tolerances given,1.998452e-03,1.798818e-03,4.470213e-04,3.346850e-13,4.096423e-04,7.379131e-13,3.690941e-04,1.389261e-12,7.066633e-05,4.096423e-04,3.690941e-04,7.066633e-05,1.715378e-03,2.854230e+00,1.896209e-01,1.146954e-01,8.609079e-02,4.375000e-01,false
2,1.000000e+04,0,3,CONTINUE,6.907295e-02,1.272980e-02,1.000000e-09,6.907295e-03,2.864670e-14,1.753641e-08,8.353471e-01,1.207795e+00,3.622641e-03,3.534429e+00,3.069262e+01,2.567979e+01,1.341077e-06,4.473361e-01,REACHED_FORCE,REACHED_FORCE,REACHED_FORCE,1,0,0,1,0,0,1,0,0,3.685043e-04,NaN,2.633871e-04,NaN,5.244033e-05,NaN,1.799952e-03,1.315109e-03,3.691190e-04,solution good enough for the tolerances given,solution good enough for the tolerances given,solution good enough for the tolerances given,1.799952e-03,1.315109e-03,3.691190e-04,2.419192e-12,3.685043e-04,6.949366e-12,2.633871e-04,4.702739e-12,5.244033e-05,3.685043e-04,2.633871e-04,5.244033e-05,9.740837e-04,2.854212e+00,1.896209e-01,1.146954e-01,8.609079e-02,4.375000e-01,false
2,3.162000e+04,0,3,CONTINUE,6.907295e-02,1.779751e-02,1.000000e-09,6.907295e-03,2.864670e-14,1.753527e-08,7.504252e-01,1.389995e+00,4.160037e-03,6.986596e+00,5.969493e+01,4.483574e+01,1.341077e-06,4.473361e-01,REACHED_FORCE,REACHED_FORCE,REACHED_FORCE,1,0,0,1,0,0,1,0,0,2.787643e-04,NaN,1.950440e-04,NaN,3.366838e-05,NaN,1.376416e-03,6.066530e-04,2.566443e-04,solution good enough for the tolerances given,solution good enough for the tolerances given,solution good enough for the tolerances given,1.376416e-03,6.066530e-04,2.566443e-04,1.829664e-11,2.787643e-04,3.799037e-11,1.037556e-04,1.430195e-11,3.366838e-05,2.787643e-04,1.950440e-04,3.366838e-05,5.623605e-04,2.854206e+00,1.896209e-01,1.146954e-01,8.609079e-02,4.375000e-01,false
2,1.000000e+05,0,3,CONTINUE,6.907295e-02,2.012947e-02,1.000000e-09,6.907295e-03,2.864670e-14,1.744440e-08,7.091324e-01,1.606423e+00,3.767624e-03,8.196405e+00,8.744913e+01,6.204894e+01,1.341077e-06,4.473361e-01,REACHED_FORCE,REACHED_FORCE,REACHED_FORCE,1,0,0,1,0,0,1,0,0,1.614415e-04,NaN,4.017761e-04,NaN,2.285230e-05,NaN,8.091527e-04,2.543880e-04,1.587805e-04,solution good enough for the tolerances given,solution good enough for the tolerances given,solution good enough for the tolerances given,8.091527e-04,2.543880e-04,1.587805e-04,1.557863e-10,1.584737e-04,1.207435e-10,2.751351e-05,2.272665e-11,2.285230e-05,1.614415e-04,4.017761e-04,2.285230e-05,3.340984e-04,2.854204e+00,1.896209e-01,1.146954e-01,8.609079e-02,4.375000e-01,false
2,3.162000e+05,0,3,CONTINUE,6.907295e-02,2.089730e-02,1.000000e-09,6.907295e-03,2.864670e-14,1.744440e-08,7.036543e-01,1.850379e+00,6.608909e-04,7.114027e+00,1.303180e+02,9.172611e+01,1.341077e-06,4.473361e-01,REACHED_FORCE,REACHED_FORCE,REACHED_FORCE,1,0,0,1,0,0,1,0,0,3.150242e-04,NaN,7.964795e-04,NaN,1.571911e-05,NaN,3.912749e-04,2.036646e-04,1.048664e-04,solution good enough for the tolerances given,solution good enough for the tolerances given,solution good enough for the tolerances given,3.912749e-04,2.036646e-04,1.048664e-04,4.285211e-10,6.704731e-05,3.199787e-10,1.948584e-05,1.274060e-10,1.571911e-05,3.150242e-04,7.964795e-04,1.571911e-05,2.036670e-04,2.854203e+00,1.896209e-01,1.146954e-01,8.609079e-02,4.375000e-01,false
2,1.000000e+06,0,3,CONTINUE,6.907295e-02,2.456733e-02,1.000000e-09,6.907295e-03,2.864670e-14,1.744440e-08,6.507299e-01,2.057953e+00,5.783328e-04,6.128515e+00,2.026726e+02,1.319041e+02,1.341077e-06,4.473361e-01,REACHED_FORCE,REACHED_FORCE,REACHED_FORCE,1,0,0,1,0,0,1,0,0,6.464651e-04,NaN,1.695314e-03,NaN,1.244986e-05,NaN,1.965858e-04,1.213682e-04,7.387148e-05,solution good enough for the tolerances given,solution good enough for the tolerances given,solution good enough for the tolerances given,1.965858e-04,1.213682e-04,7.387148e-05,1.816668e-09,2.328356e-05,1.799205e-09,1.054456e-05,3.042416e-10,1.244986e-05,6.464651e-04,1.695314e-03,1.244986e-05,1.269805e-04,2.854203e+00,1.896209e-01,1.146954e-01,8.609079e-02,4.375000e-01,false
2,3.162000e+06,0,3,CONTINUE,6.907295e-02,2.385147e-02,1.000000e-09,6.907295e-03,2.864670e-14,1.744440e-08,6.598286e-01,2.268360e+00,5.783328e-04,5.815584e+00,3.200706e+02,2.112041e+02,1.341077e-06,4.473361e-01,REACHED_FORCE,REACHED_FORCE,REACHED_FORCE,1,0,0,1,0,0,1,0,0,9.285776e-04,NaN,2.353767e-03,NaN,7.784607e-06,NaN,1.052061e-04,5.715922e-05,4.489293e-05,solution good enough for the tolerances given,solution good enough for the tolerances given,solution good enough for the tolerances given,1.052061e-04,5.715922e-05,4.489293e-05,4.774100e-09,1.128057e-05,5.572577e-09,1.336683e-05,8.902145e-10,7.784607e-06,9.285776e-04,2.353767e-03,7.784607e-06,8.363547e-05,2.854203e+00,1.896209e-01,1.146954e-01,8.609079e-02,4.375000e-01,false
2,1.000000e+07,0,3,CONTINUE,6.907295e-02,1.942899e-02,1.000000e-09,6.907295e-03,2.864670e-14,1.744440e-08,7.294520e-01,2.459462e+00,5.783328e-04,5.918315e+00,6.319726e+02,4.610002e+02,1.341077e-06,4.473361e-01,REACHED_FORCE,REACHED_FORCE,REACHED_FORCE,1,0,0,1,0,0,1,0,0,7.688228e-04,NaN,1.824942e-03,NaN,3.588253e-06,NaN,5.644234e-05,3.422525e-05,2.174807e-05,solution good enough for the tolerances given,solution good enough for the tolerances given,solution good enough for the tolerances given,5.644234e-05,3.422525e-05,2.174807e-05,1.447329e-08,7.747917e-06,1.747734e-08,8.222117e-06,2.949199e-09,3.588253e-06,7.688228e-04,1.824942e-03,3.588253e-06,5.872283e-05,2.854203e+00,1.896209e-01,1.146954e-01,8.609079e-02,4.375000e-01,false
2,3.162000e+07,0,3,CONTINUE,6.907295e-02,2.275738e-02,1.000000e-09,6.907295e-03,2.864670e-14,1.744440e-08,6.857532e-01,2.418083e+00,7.819976e-03,6.115877e+00,1.003915e+03,6.884427e+02,1.341077e-06,4.473361e-01,REACHED_FORCE,REACHED_FORCE,REACHED_FORCE,1,0,0,1,0,0,1,0,0,4.810505e-04,NaN,1.102989e-03,NaN,1.578035e-06,NaN,3.103738e-05,1.467130e-05,9.355861e-06,solution good enough for the tolerances given,solution good enough for the tolerances given,solution good enough for the tolerances given,3.103738e-05,1.467130e-05,9.355861e-06,3.882612e-08,4.892405e-06,6.963448e-08,3.330546e-06,1.050279e-08,1.578035e-06,4.810505e-04,1.102989e-03,1.578035e-06,4.127073e-05,2.854203e+00,1.896209e-01,1.146954e-01,8.609079e-02,4.375000e-01,false
2,1.000000e+08,0,3,CONTINUE,6.907295e-02,2.234609e-02,1.000000e-09,6.907295e-03,2.864670e-14,1.744440e-08,6.931740e-01,2.487290e+00,9.447931e-03,6.275003e+00,1.067446e+03,7.399300e+02,1.341077e-06,4.473361e-01,REACHED_FORCE,REACHED_FORCE,REACHED_FORCE,1,0,0,1,0,0,1,0,0,2.710195e-04,NaN,6.137647e-04,NaN,7.659264e-07,NaN,1.495125e-05,3.039253e-06,3.850496e-06,solution good enough for the tolerances given,solution good enough for the tolerances given,solution good enough for the tolerances given,1.495125e-05,3.039253e-06,3.850496e-06,1.231734e-07,2.495301e-06,1.328026e-07,1.012288e-06,2.561862e-08,7.659264e-07,2.710195e-04,6.137647e-04,7.659264e-07,2.790554e-05,2.854203e+00,1.896209e-01,1.146954e-01,8.609079e-02,4.375000e-01,false
2,3.162000e+08,0,3,CONTINUE,6.907295e-02,2.130093e-02,1.000000e-09,6.907295e-03,2.864670e-14,1.744442e-08,7.117739e-01,2.548930e+00,9.910274e-03,6.333263e+00,8.699395e+02,6.192053e+02,1.341077e-06,4.473361e-01,REACHED_FORCE,REACHED_FORCE,REACHED_FORCE,1,0,0,1,0,0,1,0,0,1.221361e-04,NaN,2.732756e-04,NaN,3.030757e-07,NaN,5.888718e-06,8.863878e-07,1.433801e-06,solution good enough for the tolerances given,solution good enough for the tolerances given,solution good enough for the tolerances given,5.888718e-06,8.863878e-07,1.433801e-06,2.803377e-07,1.003077e-06,4.624564e-07,7.309443e-07,7.769394e-08,3.030757e-07,1.221361e-04,2.732756e-04,3.030757e-07,1.876998e-05,2.854203e+00,1.896209e-01,1.146954e-01,8.609079e-02,4.375000e-01,false
2,1.000000e+09,0,3,CONTINUE,6.907295e-02,2.080828e-02,1.000000e-09,6.907295e-03,2.864670e-14,1.744444e-08,7.211714e-01,2.573438e+00,1.025240e-02,6.346135e+00,7.160178e+02,5.163776e+02,1.341077e-06,4.473361e-01,REACHED_FORCE,REACHED_FORCE,REACHED_FORCE,1,0,0,1,0,0,1,0,0,4.495939e-05,NaN,9.982552e-05,NaN,2.589148e-07,NaN,2.031542e-06,4.790357e-07,4.861674e-07,solution good enough for the tolerances given,solution good enough for the tolerances given,solution good enough for the tolerances given,2.031542e-06,4.790357e-07,4.861674e-07,1.386445e-06,3.482974e-07,1.409351e-06,3.077199e-07,2.589148e-07,1.047410e-07,4.495939e-05,9.982552e-05,2.589148e-07,1.341573e-05,2.854203e+00,1.896209e-01,1.146954e-01,8.609079e-02,4.375000e-01,false
2,3.162000e+09,0,3,CONTINUE,6.907295e-02,2.063601e-02,1.000000e-09,6.907295e-03,2.864670e-14,1.744447e-08,7.245465e-01,2.581381e+00,1.041392e-02,6.348994e+00,6.519453e+02,4.723712e+02,1.341077e-06,4.473361e-01,REACHED_FORCE,REACHED_FORCE,REACHED_FORCE,1,0,0,1,0,0,1,0,0,1.498845e-05,NaN,3.317474e-05,NaN,9.317318e-07,NaN,6.620561e-07,1.811450e-07,1.575946e-07,solution good enough for the tolerances given,solution good enough for the tolerances given,solution good enough for the tolerances given,6.620561e-07,1.811450e-07,1.575946e-07,2.771716e-06,1.137324e-07,3.150898e-06,1.069648e-07,9.317318e-07,3.415327e-08,1.498845e-05,3.317474e-05,9.317318e-07,1.084314e-05,2.854203e+00,1.896209e-01,1.146954e-01,8.609079e-02,4.375000e-01,false
2,1.000000e+10,0,3,CONTINUE,6.907295e-02,2.056248e-02,1.000000e-09,6.907295e-03,2.864670e-14,1.744584e-08,7.259094e-01,2.584370e+00,1.044976e-02,6.352066e+00,6.291083e+02,4.566824e+02,1.341077e-06,4.473361e-01,REACHED_FORCE,REACHED_FORCE,REACHED_FORCE,1,0,0,1,0,0,1,0,0,1.521568e-05,NaN,1.692358e-05,NaN,2.962829e-06,NaN,2.113848e-07,6.063809e-08,5.023505e-08,solution good enough for the tolerances given,solution good enough for the tolerances given,solution good enough for the tolerances given,2.113848e-07,6.063809e-08,5.023505e-08,1.521568e-05,3.633198e-08,1.692358e-05,3.487761e-08,2.962829e-06,1.090726e-08,1.521568e-05,1.692358e-05,2.962829e-06,6.496267e-06,2.854203e+00,1.896209e-01,1.146954e-01,8.609079e-02,4.375000e-01,false
2,3.162000e+10,0,3,CONTINUE,6.907295e-02,2.056526e-02,1.000000e-09,6.907295e-03,2.864670e-14,1.744509e-08,7.259322e-01,2.585861e+00,1.048611e-02,6.355580e+00,6.204873e+02,4.504386e+02,1.341077e-06,4.473361e-01,REACHED_FORCE,REACHED_FORCE,REACHED_FORCE,1,0,0,1,0,0,1,0,0,4.187729e-05,NaN,3.357613e-05,NaN,8.381918e-06,NaN,6.706282e-08,1.949901e-08,1.595076e-08,solution good enough for the tolerances given,solution good enough for the tolerances given,solution good enough for the tolerances given,6.706282e-08,1.949901e-08,1.595076e-08,4.187729e-05,1.151941e-08,3.357613e-05,1.115123e-08,8.381918e-06,3.466315e-09,4.187729e-05,3.357613e-05,8.381918e-06,3.657612e-06,2.854203e+00,1.896209e-01,1.146954e-01,8.609079e-02,4.375000e-01,false
2,1.000000e+11,0,3,CONTINUE,6.907295e-02,2.052542e-02,1.000000e-09,6.907295e-03,2.864670e-14,1.745214e-08,7.263391e-01,2.587138e+00,1.043877e-02,6.354222e+00,6.158189e+02,4.473003e+02,1.341077e-06,4.473361e-01,REACHED_FORCE,REACHED_FORCE,REACHED_FORCE,1,0,0,1,0,0,1,0,0,1.603266e-04,NaN,1.431308e-04,NaN,2.640693e-05,NaN,2.125722e-08,6.247263e-09,5.050708e-09,solution good enough for the tolerances given,solution good enough for the tolerances given,solution good enough for the tolerances given,2.125722e-08,6.247263e-09,5.050708e-09,1.603266e-04,3.652509e-09,1.431308e-04,3.551605e-09,2.640693e-05,1.097123e-09,1.603266e-04,1.431308e-04,2.640693e-05,2.055788e-06,2.854203e+00,1.896209e-01,1.146954e-01,8.609079e-02,4.375000e-01,false
2,3.162000e+11,0,3,CONTINUE,6.907295e-02,2.070168e-02,1.000000e-09,6.907295e-03,2.864670e-14,1.744903e-08,7.266379e-01,2.602031e+00,1.059192e-02,6.398242e+00,6.473587e+02,4.704019e+02,1.341077e-06,4.473361e-01,REACHED_FORCE,REACHED_FORCE,REACHED_FORCE,1,0,0,1,0,0,1,0,0,4.262014e-04,NaN,2.438975e-04,NaN,1.022323e-04,NaN,6.737271e-09,1.897409e-09,1.574084e-09,solution good enough for the tolerances given,solution good enough for the tolerances given,solution good enough for the tolerances given,6.737271e-09,1.897409e-09,1.574084e-09,4.262014e-04,1.159679e-09,2.438975e-04,1.098800e-09,1.022323e-04,3.414190e-10,4.262014e-04,2.438975e-04,1.022323e-04,1.155044e-06,2.854203e+00,1.896209e-01,1.146954e-01,8.609079e-02,4.375000e-01,false
2,1.000000e+12,0,3,CONTINUE,6.907295e-02,2.039067e-02,1.000000e-09,6.907295e-03,2.864670e-14,1.751208e-08,7.260729e-01,2.589108e+00,1.016925e-02,6.442670e+00,5.795806e+02,4.208251e+02,1.341077e-06,4.473361e-01,REACHED_FORCE,REACHED_FORCE,REACHED_FORCE,1,0,0,1,0,0,1,0,0,1.521495e-03,NaN,1.766216e-03,NaN,3.727582e-04,NaN,2.127304e-09,6.406908e-10,5.117209e-10,solution good enough for the tolerances given,solution good enough for the tolerances given,solution good enough for the tolerances given,2.127304e-09,6.406908e-10,5.117209e-10,1.521495e-03,3.608172e-10,1.766216e-03,3.640861e-10,3.727582e-04,1.107074e-10,1.521495e-03,1.766216e-03,3.727582e-04,6.476169e-07,2.854203e+00,1.896209e-01,1.146954e-01,8.609079e-02,4.375000e-01,false
2,3.162000e+12,0,3,CONTINUE,6.907295e-02,1.987169e-02,1.000000e-09,6.907295e-03,2.864670e-14,1.746227e-08,7.342968e-01,2.573444e+00,9.624697e-03,6.559593e+00,6.012267e+02,4.414858e+02,1.341077e-06,4.473361e-01,REACHED_FORCE,REACHED_FORCE,REACHED_FORCE,1,0,0,1,0,0,1,0,0,5.639609e-03,NaN,4.500499e-03,NaN,6.599896e-04,NaN,6.802422e-10,1.979951e-10,1.668868e-10,solution good enough for the tolerances given,solution good enough for the tolerances given,solution good enough for the tolerances given,6.802422e-10,1.979951e-10,1.668868e-10,5.639609e-03,1.124205e-10,4.500499e-03,1.157931e-10,6.599896e-04,3.579597e-11,5.639609e-03,4.500499e-03,6.599896e-04,3.606082e-07,2.854203e+00,1.896209e-01,1.146954e-01,8.609079e-02,4.375000e-01,false
2,1.000000e+13,0,5,CONTINUE,6.907295e-02,2.071232e-02,1.000000e-09,6.907295e-03,2.864670e-14,1.684212e-08,7.269455e-01,2.581143e+00,9.895627e-03,5.847129e+00,7.845572e+02,5.703367e+02,1.341077e-06,4.473361e-01,REACHED_FORCE,REACHED_FORCE,REACHED_FORCE,1,1,1,1,1,1,1,0,0,1.509967e-02,4.062859e-03,1.153581e-02,2.871197e-03,3.515041e-03,NaN,2.362924e-10,1.122837e-10,6.930276e-11,solution good enough for the tolerances given,solution good enough for the tolerances given,solution good enough for the tolerances given,2.362924e-10,1.122837e-10,6.930276e-11,1.509967e-02,2.761959e-11,1.153581e-02,5.842552e-11,3.515041e-03,1.501647e-11,4.062859e-03,2.871197e-03,3.515041e-03,1.969831e-07,2.854203e+00,1.896209e-01,1.146954e-01,8.609079e-02,4.375000e-01,false
2,3.162000e+13,1,21,CONTINUE,6.907295e-02,6.731923e-02,1.000000e-09,6.907295e-03,2.864670e-14,2.805431e-14,2.844411e-28,1.034254e+00,5.783807e-02,2.366949e+23,5.252604e+30,1.494057e+03,1.341077e-06,4.473361e-01,REFINE_STALLED,REFINE_STALLED,REFINE_STALLED,1,3,1,7,7,1,1,2,2,9.377226e+07,1.269348e+11,3.351858e+22,4.492872e+25,4.842505e+03,2.807253e+02,3.608487e-05,2.388037e+10,3.309976e-06,solution good enough for the tolerances given,solution good enough for the tolerances given,solution good enough for the tolerances given,3.608487e-05,3.349720e+00,3.309976e-06,9.377226e+07,1.049462e-01,3.351858e+22,3.751430e+13,4.842505e+03,4.053788e-07,1.269348e+11,4.492872e+25,1.494956e+02,4.555713e-05,2.854203e+00,1.896209e-01,1.146954e-01,8.609079e-02,4.375000e-01,false
2,1.000000e+14,1,22,CONTINUE,6.907295e-02,6.732173e-02,1.000000e-09,6.907295e-03,2.864670e-14,8.870789e-15,9.167009e-32,1.034312e+00,5.783479e-02,2.320332e+26,1.630015e+34,1.494237e+03,1.341077e-06,4.473361e-01,REFINE_STALLED,REFINE_STALLED,REFINE_STALLED,1,4,1,7,7,1,1,2,2,9.379104e+08,3.976555e+12,3.287618e+25,1.394251e+29,1.531470e+04,8.878120e+02,3.608484e-05,2.340834e+12,3.309973e-06,solution good enough for the tolerances given,solution good enough for the tolerances given,solution good enough for the tolerances given,3.608484e-05,3.206241e+02,3.309973e-06,9.379104e+08,3.319043e-01,3.287618e+25,1.163426e+16,1.531470e+04,4.053776e-07,3.976555e+12,1.394251e+29,4.727872e+02,4.555711e-05,2.854203e+00,1.896209e-01,1.146954e-01,8.609079e-02,4.375000e-01,false
2,3.162000e+14,1,22,CONTINUE,6.907295e-02,6.732253e-02,1.000000e-09,6.907295e-03,2.864670e-14,2.805437e-15,2.899232e-35,1.034331e+00,5.783376e-02,2.319613e+29,5.154057e+37,1.494281e+03,1.341077e-06,4.473361e-01,REFINE_STALLED,REFINE_STALLED,REFINE_STALLED,1,4,1,7,7,1,1,2,2,9.377491e+09,1.257532e+14,3.287176e+28,4.408580e+32,4.842501e+04,2.807256e+03,3.608483e-05,2.340609e+14,3.309968e-06,solution good enough for the tolerances given,solution good enough for the tolerances given,solution good enough for the tolerances given,3.608483e-05,3.242482e+04,3.309968e-06,9.377491e+09,1.049481e+00,3.287176e+28,3.678858e+18,4.842501e+04,4.053783e-07,1.257532e+14,4.408580e+32,1.494948e+03,4.555711e-05,2.854203e+00,1.896209e-01,1.146954e-01,8.609079e-02,4.375000e-01,false
2,1.000000e+15,1,22,CONTINUE,6.907295e-02,6.732278e-02,1.000000e-09,6.907295e-03,2.864670e-14,8.870793e-16,9.160974e-39,1.034337e+00,5.783343e-02,2.321032e+32,1.631156e+41,1.494298e+03,1.341077e-06,4.473361e-01,REFINE_STALLED,REFINE_STALLED,REFINE_STALLED,1,4,1,7,7,1,1,2,2,9.379182e+10,3.978111e+15,3.289356e+31,1.395227e+36,1.531472e+05,8.878124e+03,3.608483e-05,2.341654e+16,3.309975e-06,solution good enough for the tolerances given,solution good enough for the tolerances given,solution good enough for the tolerances given,3.608483e-05,3.238248e+06,3.309975e-06,9.379182e+10,3.319064e+00,3.289356e+31,1.164025e+21,1.531472e+05,4.053783e-07,3.978111e+15,1.395227e+36,4.727861e+03,4.555711e-05,2.854203e+00,1.896209e-01,1.146954e-01,8.609079e-02,4.375000e-01,false
2,3.162000e+15,1,23,CONTINUE,6.907295e-02,6.732286e-02,1.000000e-09,6.907295e-03,2.864670e-14,2.805437e-16,2.898451e-42,1.034339e+00,5.783333e-02,2.319976e+35,5.155547e+44,1.494310e+03,1.341077e-06,4.473361e-01,REFINE_STALLED,REFINE_STALLED,REFINE_STALLED,1,5,1,7,7,1,1,2,2,9.377573e+11,1.257732e+17,3.287932e+34,4.409848e+39,4.842507e+05,2.807266e+04,3.608483e-05,2.341024e+18,3.309976e-06,solution good enough for the tolerances given,solution good enough for the tolerances given,solution good enough for the tolerances given,3.608483e-05,3.207236e+08,3.309976e-06,9.377573e+11,1.049489e+01,3.287932e+34,3.679685e+23,4.842507e+05,4.053784e-07,1.257732e+17,4.409848e+39,1.494954e+04,4.555711e-05,2.854203e+00,1.896209e-01,1.146954e-01,8.609079e-02,4.375000e-01,false
2,1.000000e+16,1,23,CONTINUE,6.907295e-02,6.732288e-02,1.000000e-09,6.907295e-03,2.864670e-14,8.870793e-17,9.159931e-46,1.034339e+00,5.783330e-02,2.321217e+38,1.631358e+48,1.494314e+03,1.341077e-06,4.473361e-01,REFINE_STALLED,REFINE_STALLED,REFINE_STALLED,1,5,1,7,7,1,1,2,2,9.379219e+12,3.978383e+18,3.289707e+37,1.395399e+43,1.531471e+06,8.878122e+04,3.608483e-05,2.341865e+20,3.309973e-06,solution good enough for the tolerances given,solution good enough for the tolerances given,solution good enough for the tolerances given,3.608483e-05,3.205953e+10,3.309973e-06,9.379219e+12,3.319061e+01,3.289707e+37,1.164142e+26,1.531471e+06,4.053782e-07,3.978383e+18,1.395399e+43,4.727876e+04,4.555711e-05,2.854203e+00,1.896209e-01,1.146954e-01,8.609079e-02,4.375000e-01,false
2,3.162000e+16,1,23,CONTINUE,6.907295e-02,6.732289e-02,1.000000e-09,6.907295e-03,2.864670e-14,2.805437e-17,2.898403e-49,1.034339e+00,5.783329e-02,2.319988e+41,5.155640e+51,1.494312e+03,1.341077e-06,4.473361e-01,REFINE_STALLED,REFINE_STALLED,REFINE_STALLED,1,5,1,7,7,1,1,2,2,9.377569e+13,1.257746e+20,3.287976e+40,4.409927e+46,4.842510e+06,2.807264e+05,3.608483e-05,2.341045e+22,3.309974e-06,solution good enough for the tolerances given,solution good enough for the tolerances given,solution good enough for the tolerances given,3.608483e-05,3.230592e+12,3.309974e-06,9.377569e+13,1.049488e+02,3.287976e+40,3.679729e+28,4.842510e+06,4.053783e-07,1.257746e+20,4.409927e+46,1.494954e+05,4.555711e-05,2.854203e+00,1.896209e-01,1.146954e-01,8.609079e-02,4.375000e-01,false
2,1.000000e+17,1,23,CONTINUE,6.907295e-02,6.732289e-02,1.000000e-09,6.907295e-03,2.864670e-14,8.870793e-18,9.159884e-53,1.034339e+00,5.783328e-02,2.321221e+44,1.631367e+55,1.494314e+03,1.341077e-06,4.473361e-01,REFINE_STALLED,REFINE_STALLED,REFINE_STALLED,1,5,1,7,7,1,1,2,2,9.379217e+14,3.978395e+21,3.289715e+43,1.395406e+50,1.531471e+07,8.878130e+05,3.608483e-05,2.341870e+24,3.309974e-06,solution good enough for the tolerances given,solution good enough for the tolerances given,solution good enough for the tolerances given,3.608483e-05,3.240430e+14,3.309974e-06,9.379217e+14,3.319063e+02,3.289715e+43,1.164145e+31,1.531471e+07,4.053783e-07,3.978395e+21,1.395406e+50,4.727875e+05,4.555711e-05,2.854203e+00,1.896209e-01,1.146954e-01,8.609079e-02,4.375000e-01,false
2,3.162000e+17,1,23,CONTINUE,6.907295e-02,6.732289e-02,1.000000e-09,6.907295e-03,2.864670e-14,2.805437e-18,2.898386e-56,1.034339e+00,5.783328e-02,2.320002e+47,5.155677e+58,1.494315e+03,1.341077e-06,4.473361e-01,REFINE_STALLED,REFINE_STALLED,REFINE_STALLED,1,5,1,7,7,1,1,2,2,9.377572e+15,1.257749e+23,3.287994e+46,4.409959e+53,4.842510e+07,2.807264e+06,3.608483e-05,2.341050e+26,3.309974e-06,solution good enough for the tolerances given,solution good enough for the tolerances given,solution good enough for the tolerances given,3.608483e-05,3.194123e+16,3.309974e-06,9.377572e+15,1.049488e+03,3.287994e+46,3.679747e+33,4.842510e+07,4.053783e-07,1.257749e+23,4.409959e+53,1.494954e+06,4.555711e-05,2.854203e+00,1.896209e-01,1.146954e-01,8.609079e-02,4.375000e-01,false
2,1.000000e+18,1,24,CONTINUE,6.907295e-02,6.732290e-02,1.000000e-09,6.907295e-03,2.864670e-14,8.870793e-19,9.159932e-60,1.034339e+00,5.783328e-02,2.321206e+50,1.631357e+62,1.494313e+03,1.341077e-06,4.473361e-01,REFINE_STALLED,REFINE_STALLED,REFINE_STALLED,1,6,1,7,7,1,1,2,2,9.379217e+16,3.978391e+24,3.289704e+49,1.395397e+57,1.531471e+08,8.878127e+06,3.608483e-05,2.341865e+28,3.309974e-06,solution good enough for the tolerances given,solution good enough for the tolerances given,solution good enough for the tolerances given,3.608483e-05,3.216714e+18,3.309974e-06,9.379217e+16,3.319063e+03,3.289704e+49,1.164141e+36,1.531471e+08,4.053783e-07,3.978391e+24,1.395397e+57,4.727875e+06,4.555711e-05,2.854203e+00,1.896209e-01,1.146954e-01,8.609079e-02,4.375000e-01,false
3,1.000000e+00,0,14,CONTINUE,9.755978e-04,5.334373e-04,1.000000e-09,9.755978e-05,2.231923e-14,2.229251e-06,4.808706e-01,1.278100e+00,4.232315e-04,1.052269e+01,1.960228e+00,1.209029e+00,1.341077e-06,6.033915e-03,REACHED_FORCE,REACHED_FORCE,REACHED_FORCE,3,4,1,3,0,0,4,0,0,2.650809e-04,4.187753e-05,8.965599e-05,NaN,2.428116e-05,NaN,2.840897e-03,1.022925e-03,4.433790e-03,solution good enough for the tolerances given,solution good enough for the tolerances given,solution good enough for the tolerances given,1.116838e-03,5.629570e-04,1.906334e-04,2.176446e-15,2.650809e-04,1.560652e-15,8.965599e-05,3.436168e-16,2.428116e-05,4.187753e-05,8.965599e-05,2.428116e-05,1.145752e-02,2.855379e+00,2.741592e-03,1.606359e-03,1.157215e-03,0.000000e+00,false
3,3.162000e+00,0,14,CONTINUE,9.755978e-04,5.092632e-04,1.000000e-09,9.755978e-05,2.231923e-14,2.226756e-06,4.993800e-01,1.346201e+00,3.908757e-04,7.587667e+00,3.136036e+00,1.760325e+00,1.341077e-06,6.033915e-03,REACHED_FORCE,REACHED_FORCE,REACHED_FORCE,3,5,1,3,0,0,3,0,0,2.510988e-04,4.799371e-05,5.405759e-05,NaN,2.190615e-05,NaN,2.265472e-03,9.145506e-04,1.477687e-03,solution good enough for the tolerances given,solution good enough for the tolerances given,solution good enough for the tolerances given,1.068854e-03,4.006077e-04,1.667903e-04,7.156752e-15,2.510988e-04,5.270569e-15,5.405759e-05,2.138562e-15,2.190615e-05,4.799371e-05,5.405759e-05,2.190615e-05,6.445543e-03,2.854575e+00,2.741592e-03,1.606359e-03,1.157215e-03,0.000000e+00,false
3,1.000000e+01,0,10,CONTINUE,9.755978e-04,5.110711e-04,1.000000e-09,9.755978e-05,2.231923e-14,1.338723e-06,4.990937e-01,1.241571e+00,4.155412e-04,1.070738e+01,1.733683e+00,1.137614e+00,1.341077e-06,6.033915e-03,REACHED_FORCE,REACHED_FORCE,REACHED_FORCE,4,0,0,3,0,0,3,0,0,3.268161e-05,NaN,8.932626e-05,NaN,2.139734e-05,NaN,2.180574e-03,8.064907e-04,6.529576e-04,solution good enough for the tolerances given,solution good enough for the tolerances given,solution good enough for the tolerances given,2.408825e-04,5.370766e-04,1.660324e-04,3.421523e-14,3.268161e-05,1.467715e-14,8.932626e-05,5.570209e-15,2.139734e-05,3.268161e-05,8.932626e-05,2.139734e-05,3.627258e-03,2.854321e+00,2.741592e-03,1.606359e-03,1.157215e-03,0.000000e+00,false
3,3.162000e+01,0,11,CONTINUE,9.755978e-04,3.410747e-04,1.000000e-09,9.755978e-05,2.231923e-14,1.338485e-06,6.934913e-01,1.241278e+00,2.685038e-04,6.565307e+00,1.554829e+00,1.318048e+00,1.341077e-06,6.033915e-03,REACHED_FORCE,REACHED_FORCE,REACHED_FORCE,4,0,0,4,0,0,3,0,0,3.206255e-05,NaN,5.472809e-05,NaN,2.239041e-05,NaN,2.114486e-03,7.848951e-04,4.768105e-04,solution good enough for the tolerances given,solution good enough for the tolerances given,solution good enough for the tolerances given,2.410492e-04,3.657712e-04,1.655428e-04,4.195650e-14,3.206255e-05,5.577228e-14,5.472809e-05,9.404249e-15,2.239041e-05,3.206255e-05,5.472809e-05,2.239041e-05,2.044607e-03,2.854240e+00,2.741592e-03,1.606359e-03,1.157215e-03,0.000000e+00,false
3,1.000000e+02,0,12,CONTINUE,9.755978e-04,3.921855e-04,1.000000e-09,9.755978e-05,2.231923e-14,1.307111e-06,6.245067e-01,1.424547e+00,1.444148e-04,6.109908e+00,6.380045e+00,4.081224e+00,1.341077e-06,6.033915e-03,REACHED_FORCE,REACHED_FORCE,REACHED_FORCE,4,0,0,5,0,0,3,0,0,4.019860e-05,NaN,3.184655e-05,NaN,3.508926e-05,NaN,1.950245e-03,7.326400e-04,3.948946e-04,solution good enough for the tolerances given,solution good enough for the tolerances given,solution good enough for the tolerances given,2.649968e-04,2.312951e-04,2.131633e-04,1.729730e-13,4.019860e-05,1.249789e-13,3.184655e-05,3.356593e-14,3.508926e-05,4.019860e-05,3.184655e-05,3.508926e-05,1.157836e-03,2.854215e+00,2.741592e-03,1.606359e-03,1.157215e-03,0.000000e+00,false
3,3.162000e+02,0,12,CONTINUE,9.755978e-04,3.898539e-04,1.000000e-09,9.755978e-05,2.231923e-14,1.307064e-06,6.386869e-01,1.469653e+00,2.586871e-04,6.076130e+00,3.987691e+00,2.696734e+00,1.341077e-06,6.033915e-03,REACHED_FORCE,REACHED_FORCE,REACHED_FORCE,5,0,0,3,0,0,4,0,0,5.673484e-05,NaN,2.600027e-05,NaN,2.616716e-05,NaN,1.582912e-03,5.188847e-04,2.841699e-04,solution good enough for the tolerances given,solution good enough for the tolerances given,solution good enough for the tolerances given,2.722181e-04,1.687495e-04,1.716661e-04,5.339677e-13,5.673484e-05,2.626771e-13,2.600027e-05,1.116574e-13,2.616716e-05,5.673484e-05,2.600027e-05,2.616716e-05,6.640345e-04,2.854207e+00,2.741592e-03,1.606359e-03,1.157215e-03,0.000000e+00,false
3,1.000000e+03,0,11,CONTINUE,9.755978e-04,3.271383e-04,1.000000e-09,9.755978e-05,2.231923e-14,1.299815e-06,6.986451e-01,1.566899e+00,2.425174e-04,6.023240e+00,5.131779e+00,3.704859e+00,1.341077e-06,6.033915e-03,REACHED_FORCE,REACHED_FORCE,REACHED_FORCE,5,0,0,3,0,0,3,0,0,1.694114e-05,NaN,3.642663e-05,NaN,1.844671e-05,NaN,1.014686e-03,2.281433e-04,1.800472e-04,solution good enough for the tolerances given,solution good enough for the tolerances given,solution good enough for the tolerances given,8.941918e-05,2.149598e-04,1.260250e-04,1.628221e-12,1.694114e-05,1.668104e-12,3.642663e-05,3.496572e-13,1.844671e-05,1.694114e-05,3.642663e-05,1.844671e-05,3.904641e-04,2.854204e+00,2.741592e-03,1.606359e-03,1.157215e-03,0.000000e+00,false
3,3.162000e+03,0,7,CONTINUE,9.755978e-04,4.150886e-04,1.000000e-09,9.755978e-05,2.231923e-14,1.299812e-06,5.993150e-01,1.533514e+00,2.879092e-04,7.225365e+00,4.968171e+00,3.110465e+00,1.341077e-06,6.033915e-03,REACHED_FORCE,REACHED_FORCE,REACHED_FORCE,3,0,0,2,0,0,2,0,0,2.182532e-05,NaN,2.685077e-05,NaN,1.695841e-05,NaN,5.044730e-04,1.572129e-04,1.199297e-04,solution good enough for the tolerances given,solution good enough for the tolerances given,solution good enough for the tolerances given,1.418169e-04,1.075557e-04,1.133961e-04,3.033409e-12,2.182532e-05,3.832439e-12,2.685077e-05,7.489399e-13,1.695841e-05,2.182532e-05,2.685077e-05,1.695841e-05,2.359580e-04,2.854203e+00,2.741592e-03,1.606359e-03,1.157215e-03,0.000000e+00,false
3,1.000000e+04,0,6,CONTINUE,9.755978e-04,3.308060e-04,1.000000e-09,9.755978e-05,2.231923e-14,1.299812e-06,7.009320e-01,1.639714e+00,2.450137e-04,7.277598e+00,6.624735e+00,4.738950e+00,1.341077e-06,6.033915e-03,REACHED_FORCE,REACHED_FORCE,REACHED_FORCE,3,0,0,2,0,0,1,0,0,1.242576e-05,NaN,2.320839e-05,NaN,1.128798e-05,NaN,2.385569e-04,1.112649e-04,8.424538e-05,solution good enough for the tolerances given,solution good enough for the tolerances given,solution good enough for the tolerances given,6.025758e-05,9.736208e-05,8.424538e-05,1.941006e-11,1.242576e-05,2.202013e-11,2.320839e-05,4.467271e-12,1.128798e-05,1.242576e-05,2.320839e-05,1.128798e-05,1.453750e-04,2.854203e+00,2.741592e-03,1.606359e-03,1.157215e-03,0.000000e+00,false
3,3.162000e+04,0,4,CONTINUE,9.755978e-04,3.711876e-04,1.000000e-09,9.755978e-05,2.231923e-14,1.299812e-06,6.519937e-01,1.599062e+00,2.610456e-04,6.777316e+00,6.898627e+00,4.593699e+00,1.341077e-06,6.033915e-03,REACHED_FORCE,REACHED_FORCE,REACHED_FORCE,2,0,0,1,0,0,1,0,0,9.548290e-06,NaN,1.590288e-05,NaN,8.393795e-06,NaN,1.246039e-04,6.468493e-05,5.356961e-05,solution good enough for the tolerances given,solution good enough for the tolerances given,solution good enough for the tolerances given,6.466388e-05,6.468493e-05,5.356961e-05,5.814770e-11,9.548290e-06,5.286595e-11,1.417971e-05,1.098044e-11,8.393795e-06,9.548290e-06,1.590288e-05,8.393795e-06,9.356127e-05,2.854203e+00,2.741592e-03,1.606359e-03,1.157215e-03,0.000000e+00,false
3,1.000000e+05,0,3,CONTINUE,9.755978e-04,3.578304e-04,1.000000e-09,9.755978e-05,2.231923e-14,1.299812e-06,6.663337e-01,1.497606e+00,2.475092e-04,6.992078e+00,8.804065e+00,5.936954e+00,1.341077e-06,6.033915e-03,REACHED_FORCE,REACHED_FORCE,REACHED_FORCE,1,0,0,1,0,0,1,0,0,1.007147e-05,NaN,1.055374e-05,NaN,4.379100e-06,NaN,6.667880e-05,4.275658e-05,2.733168e-05,solution good enough for the tolerances given,solution good enough for the tolerances given,solution good enough for the tolerances given,6.667880e-05,4.275658e-05,2.733168e-05,1.009991e-10,1.007147e-05,1.396355e-10,5.314244e-06,2.809548e-11,4.379100e-06,1.007147e-05,1.055374e-05,4.379100e-06,6.455613e-05,2.854203e+00,2.741592e-03,1.606359e-03,1.157215e-03,0.000000e+00,true
3,3.162000e+05,0,3,CONTINUE,9.755978e-04,3.056605e-04,1.000000e-09,9.755978e-05,2.231923e-14,1.299812e-06,7.237104e-01,1.557110e+00,2.202877e-04,7.084229e+00,1.559114e+01,1.132472e+01,1.341077e-06,6.033915e-03,REACHED_FORCE,REACHED_FORCE,REACHED_FORCE,1,0,0,1,0,0,1,0,0,6.572689e-06,NaN,6.455878e-06,NaN,1.826669e-06,NaN,3.727089e-05,2.109429e-05,1.181415e-05,solution good enough for the tolerances given,solution good enough for the tolerances given,solution good enough for the tolerances given,3.727089e-05,2.109429e-05,1.181415e-05,3.161759e-10,6.572689e-06,4.111861e-10,2.784803e-06,6.926660e-11,1.826669e-06,6.572689e-06,6.455878e-06,1.826669e-06,4.564761e-05,2.854203e+00,2.741592e-03,1.606359e-03,1.157215e-03,0.000000e+00,false
3,1.000000e+06,0,3,CONTINUE,9.755978e-04,2.529327e-04,1.000000e-09,9.755978e-05,2.231923e-14,1.299812e-06,7.768004e-01,1.618229e+00,1.794941e-04,7.231337e+00,1.974815e+01,1.537369e+01,1.341077e-06,6.033915e-03,REACHED_FORCE,REACHED_FORCE,REACHED_FORCE,1,0,0,1,0,0,1,0,0,3.579469e-06,NaN,3.568732e-06,NaN,9.234271e-07,NaN,1.897892e-05,5.012339e-06,4.848764e-06,solution good enough for the tolerances given,solution good enough for the tolerances given,solution good enough for the tolerances given,1.897892e-05,5.012339e-06,4.848764e-06,1.453861e-09,3.579469e-06,1.291735e-09,9.225825e-07,2.154821e-10,9.234271e-07,3.579469e-06,3.568732e-06,9.234271e-07,3.121085e-05,2.854203e+00,2.741592e-03,1.606359e-03,1.157215e-03,0.000000e+00,false
3,3.162000e+06,0,3,CONTINUE,9.755978e-04,2.493364e-04,1.000000e-09,9.755978e-05,2.231923e-14,1.299811e-06,7.818461e-01,1.647054e+00,1.781118e-04,7.317332e+00,1.891662e+01,1.482522e+01,1.341077e-06,6.033915e-03,REACHED_FORCE,REACHED_FORCE,REACHED_FORCE,1,0,0,1,0,0,1,0,0,1.523045e-06,NaN,1.693955e-06,NaN,3.823573e-07,NaN,7.856224e-06,1.031299e-06,1.840949e-06,solution good enough for the tolerances given,solution good enough for the tolerances given,solution good enough for the tolerances given,7.856224e-06,1.031299e-06,1.840949e-06,4.450135e-09,1.523045e-06,6.655802e-09,4.196965e-07,5.616468e-10,3.823573e-07,1.523045e-06,1.693955e-06,3.823573e-07,2.094844e-05,2.854203e+00,2.741592e-03,1.606359e-03,1.157215e-03,0.000000e+00,false
3,1.000000e+07,0,3,CONTINUE,9.755978e-04,2.613356e-04,1.000000e-09,9.755978e-05,2.231923e-14,1.299810e-06,7.707597e-01,1.650319e+00,1.913244e-04,7.342562e+00,1.710066e+01,1.321980e+01,1.341077e-06,6.033915e-03,REACHED_FORCE,REACHED_FORCE,REACHED_FORCE,1,0,0,1,0,0,1,0,0,5.441743e-07,NaN,6.484503e-07,NaN,1.354357e-07,NaN,2.780344e-06,6.614209e-07,6.341085e-07,solution good enough for the tolerances given,solution good enough for the tolerances given,solution good enough for the tolerances given,2.780344e-06,6.614209e-07,6.341085e-07,1.280481e-08,5.441743e-07,9.649524e-09,2.440809e-07,1.854702e-09,1.354357e-07,5.441743e-07,6.484503e-07,1.354357e-07,1.461061e-05,2.854203e+00,2.741592e-03,1.606359e-03,1.157215e-03,0.000000e+00,false
3,3.162000e+07,0,3,CONTINUE,9.755978e-04,2.679448e-04,1.000000e-09,9.755978e-05,2.231923e-14,1.299809e-06,7.643782e-01,1.649203e+00,1.987620e-04,7.349142e+00,1.617183e+01,1.240301e+01,1.341077e-06,6.033915e-03,REACHED_FORCE,REACHED_FORCE,REACHED_FORCE,1,0,0,1,0,0,1,0,0,1.796255e-07,NaN,2.169161e-07,NaN,4.458333e-08,NaN,9.149461e-07,2.658051e-07,2.069334e-07,solution good enough for the tolerances given,solution good enough for the tolerances given,solution good enough for the tolerances given,9.149461e-07,2.658051e-07,2.069334e-07,4.760067e-08,1.796255e-07,3.288270e-08,9.259082e-08,8.331761e-09,4.458333e-08,1.796255e-07,2.169161e-07,4.458333e-08,1.136998e-05,2.854203e+00,2.741592e-03,1.606359e-03,1.157215e-03,0.000000e+00,false
3,1.000000e+08,0,3,CONTINUE,9.755978e-04,2.704752e-04,1.000000e-09,9.755978e-05,2.231923e-14,1.299823e-06,7.618925e-01,1.648423e+00,2.017187e-04,7.352556e+00,1.583267e+01,1.210531e+01,1.341077e-06,6.033915e-03,REACHED_FORCE,REACHED_FORCE,REACHED_FORCE,1,0,0,1,0,0,1,0,0,1.311565e-07,NaN,1.439580e-07,NaN,5.151107e-08,NaN,2.931235e-07,9.054219e-08,6.612498e-08,solution good enough for the tolerances given,solution good enough for the tolerances given,solution good enough for the tolerances given,2.931235e-07,9.054219e-08,6.612498e-08,1.311565e-07,5.759800e-08,1.439580e-07,3.099702e-08,5.151107e-08,1.428583e-08,1.311565e-07,1.439580e-07,5.151107e-08,7.606572e-06,2.854203e+00,2.741592e-03,1.606359e-03,1.157215e-03,0.000000e+00,false
3,3.162000e+08,0,3,CONTINUE,9.755978e-04,2.709991e-04,1.000000e-09,9.755978e-05,2.231923e-14,1.299782e-06,7.614135e-01,1.648555e+00,2.023319e-04,7.355630e+00,1.570354e+01,1.199977e+01,1.341077e-06,6.033915e-03,REACHED_FORCE,REACHED_FORCE,REACHED_FORCE,1,0,0,1,0,0,1,0,0,3.849191e-07,NaN,5.067269e-07,NaN,8.997600e-08,NaN,9.307303e-08,2.934033e-08,2.098624e-08,solution good enough for the tolerances given,solution good enough for the tolerances given,solution good enough for the tolerances given,9.307303e-08,2.934033e-08,2.098624e-08,3.849191e-07,1.829157e-08,5.067269e-07,9.990087e-09,8.997600e-08,4.537798e-09,3.849191e-07,5.067269e-07,8.997600e-08,4.285027e-06,2.854203e+00,2.741592e-03,1.606359e-03,1.157215e-03,0.000000e+00,false
3,1.000000e+09,0,3,CONTINUE,9.755978e-04,2.723221e-04,1.000000e-09,9.755978e-05,2.231923e-14,1.299882e-06,7.596298e-01,1.644977e+00,2.050804e-04,7.364711e+00,1.567937e+01,1.195338e+01,1.341077e-06,6.033915e-03,REACHED_FORCE,REACHED_FORCE,REACHED_FORCE,1,0,0,1,0,0,1,0,0,1.309603e-06,NaN,1.332688e-06,NaN,2.522851e-07,NaN,2.946653e-08,9.352485e-09,6.636490e-09,solution good enough for the tolerances given,solution good enough for the tolerances given,solution good enough for the tolerances given,2.946653e-08,9.352485e-09,6.636490e-09,1.309603e-06,5.792577e-09,1.332688e-06,3.172268e-09,2.522851e-07,1.434402e-09,1.309603e-06,1.332688e-06,2.522851e-07,2.410079e-06,2.854203e+00,2.741592e-03,1.606359e-03,1.157215e-03,0.000000e+00,false
3,3.162000e+09,0,3,CONTINUE,9.755978e-04,2.736520e-04,1.000000e-09,9.755978e-05,2.231923e-14,1.300722e-06,7.592289e-01,1.648130e+00,2.027506e-04,7.404651e+00,1.568251e+01,1.194944e+01,1.341077e-06,6.033915e-03,REACHED_FORCE,REACHED_FORCE,REACHED_FORCE,1,0,0,1,0,0,1,0,0,4.707209e-06,NaN,3.815785e-06,NaN,1.132918e-06,NaN,9.334356e-09,2.960691e-09,2.101289e-09,solution good enough for the tolerances given,solution good enough for the tolerances given,solution good enough for the tolerances given,9.334356e-09,2.960691e-09,2.101289e-09,4.707209e-06,1.833325e-09,3.815785e-06,1.007916e-09,1.132918e-06,4.545132e-10,4.707209e-06,3.815785e-06,1.132918e-06,1.353435e-06,2.854203e+00,2.741592e-03,1.606359e-03,1.157215e-03,0.000000e+00,false
3,1.000000e+10,0,3,CONTINUE,9.755978e-04,2.806580e-04,1.000000e-09,9.755978e-05,2.231923e-14,1.303397e-06,7.523836e-01,1.647378e+00,2.140810e-04,7.494161e+00,1.580132e+01,1.193138e+01,1.341077e-06,6.033915e-03,REACHED_FORCE,REACHED_FORCE,REACHED_FORCE,1,0,0,1,0,0,1,0,0,1.407736e-05,NaN,1.468860e-05,NaN,2.713379e-06,NaN,2.991893e-09,9.505254e-10,6.775438e-10,solution good enough for the tolerances given,solution good enough for the tolerances given,solution good enough for the tolerances given,2.991893e-09,9.505254e-10,6.775438e-10,1.407736e-05,5.842522e-10,1.468860e-05,3.269454e-10,2.713379e-06,1.470058e-10,1.407736e-05,1.468860e-05,2.713379e-06,7.620937e-07,2.854203e+00,2.741592e-03,1.606359e-03,1.157215e-03,0.000000e+00,false
3,3.162000e+10,0,3,CONTINUE,9.755978e-04,2.495296e-04,1.000000e-09,9.755978e-05,2.231923e-14,1.297611e-06,7.861349e-01,1.714529e+00,1.714075e-04,7.376950e+00,1.467460e+01,1.158435e+01,1.341077e-06,6.033915e-03,REACHED_FORCE,REACHED_FORCE,REACHED_FORCE,1,0,0,1,0,0,1,0,0,3.343740e-05,NaN,4.604963e-05,NaN,9.560795e-06,NaN,9.182292e-10,3.047227e-10,2.220279e-10,solution good enough for the tolerances given,solution good enough for the tolerances given,solution good enough for the tolerances given,9.182292e-10,3.047227e-10,2.220279e-10,3.343740e-05,1.743255e-10,4.604963e-05,1.093517e-10,9.560795e-06,4.779795e-11,3.343740e-05,4.604963e-05,9.560795e-06,4.294947e-07,2.854203e+00,2.741592e-03,1.606359e-03,1.157215e-03,0.000000e+00,false
3,1.000000e+11,0,5,CONTINUE,9.755978e-04,2.705805e-04,1.000000e-09,9.755978e-05,2.231923e-14,1.307456e-06,7.601569e-01,1.653449e+00,1.976067e-04,7.133404e+00,1.609404e+01,1.227653e+01,1.341077e-06,6.033915e-03,REACHED_FORCE,REACHED_FORCE,REACHED_FORCE,1,1,1,1,1,1,1,0,0,1.153572e-04,1.576337e-05,1.220751e-04,1.129348e-05,3.178663e-05,NaN,2.603177e-10,1.444525e-10,6.068224e-11,solution good enough for the tolerances given,solution good enough for the tolerances given,solution good enough for the tolerances given,2.603177e-10,1.444525e-10,6.068224e-11,1.153572e-04,4.591040e-11,1.220751e-04,4.246267e-11,3.178663e-05,1.117120e-11,1.576337e-05,1.129348e-05,3.178663e-05,2.501336e-07,2.854203e+00,2.741592e-03,1.606359e-03,1.157215e-03,0.000000e+00,false
3,3.162000e+11,1,6,CONTINUE,9.755978e-04,9.549837e-04,1.000000e-09,9.755978e-05,2.231923e-14,1.280743e-06,7.216827e-03,1.022916e+00,1.007784e-03,3.334519e+02,8.601025e+02,6.232999e+00,1.341077e-06,6.033915e-03,REFINE_STALLED,REFINE_STALLED,REFINE_STALLED,1,1,1,1,1,1,1,1,1,8.518574e-04,1.560821e-03,8.146141e-03,3.031213e-02,2.320867e-04,1.127990e-03,1.433318e-10,1.006791e-09,4.502694e-11,solution good enough for the tolerances given,solution good enough for the tolerances given,solution good enough for the tolerances given,1.433318e-10,1.006791e-09,4.502694e-11,8.518574e-04,2.758719e-11,8.146141e-03,1.803433e-10,2.320867e-04,8.958453e-12,1.560821e-03,3.031213e-02,1.127990e-03,1.271453e-07,2.854203e+00,2.741592e-03,1.606359e-03,1.157215e-03,0.000000e+00,false
3,1.000000e+12,1,23,CONTINUE,9.755978e-04,9.443023e-04,1.000000e-09,9.755978e-05,2.231923e-14,8.870788e-13,9.110110e-30,1.021472e+00,1.010891e-03,4.071161e+24,2.858687e+30,2.604861e+01,1.341077e-06,6.033915e-03,REFINE_STALLED,REFINE_STALLED,REFINE_STALLED,1,5,1,7,7,1,1,2,2,4.927758e+06,1.051485e+10,1.145413e+22,2.445214e+25,1.531471e+02,8.878131e+00,3.880459e-05,1.639655e+11,3.309978e-06,solution good enough for the tolerances given,solution good enough for the tolerances given,solution good enough for the tolerances given,3.880459e-05,2.248395e+01,3.309978e-06,4.927758e+06,1.743833e-01,1.145413e+22,4.053497e+14,1.531471e+02,4.053792e-07,1.051485e+10,2.445214e+25,4.727857e+00,4.555711e-05,2.854203e+00,2.741592e-03,1.606359e-03,1.157215e-03,0.000000e+00,false
3,3.162000e+12,1,23,CONTINUE,9.755978e-04,9.443302e-04,1.000000e-09,9.755978e-05,2.231923e-14,2.805437e-13,2.880174e-33,1.021505e+00,1.010859e-03,4.070328e+27,9.042813e+33,2.605053e+01,1.341077e-06,6.033915e-03,REFINE_STALLED,REFINE_STALLED,REFINE_STALLED,1,5,1,7,7,1,1,2,2,4.926975e+07,3.326194e+11,1.145571e+25,7.734867e+28,4.842507e+02,2.807267e+01,3.880457e-05,1.639966e+13,3.309975e-06,solution good enough for the tolerances given,solution good enough for the tolerances given,solution good enough for the tolerances given,3.880457e-05,2.278721e+03,3.309975e-06,4.926975e+07,5.514047e-01,1.145571e+25,1.282082e+17,4.842507e+02,4.053788e-07,3.326194e+11,7.734867e+28,1.494949e+01,4.555711e-05,2.854203e+00,2.741592e-03,1.606359e-03,1.157215e-03,0.000000e+00,false
3,1.000000e+13,1,23,CONTINUE,9.755978e-04,9.443387e-04,1.000000e-09,9.755978e-05,2.231923e-14,8.870793e-14,9.099836e-37,1.021515e+00,1.010849e-03,4.072911e+30,2.862219e+37,2.605138e+01,1.341077e-06,6.033915e-03,REFINE_STALLED,REFINE_STALLED,REFINE_STALLED,1,5,1,7,7,1,1,2,2,4.927895e+08,1.052317e+13,1.146429e+28,2.448227e+32,1.531470e+03,8.878120e+01,3.880457e-05,1.640834e+15,3.309974e-06,solution good enough for the tolerances given,solution good enough for the tolerances given,solution good enough for the tolerances given,3.880457e-05,2.297404e+05,3.309974e-06,4.927895e+08,1.743852e+00,1.146429e+28,4.056921e+19,1.531470e+03,4.053781e-07,1.052317e+13,2.448227e+32,4.727885e+01,4.555711e-05,2.854203e+00,2.741592e-03,1.606359e-03,1.157215e-03,0.000000e+00,false
3,3.162000e+13,1,23,CONTINUE,9.755978e-04,9.443413e-04,1.000000e-09,9.755978e-05,2.231923e-14,2.805437e-14,2.879159e-40,1.021518e+00,1.010846e-03,4.070873e+33,9.046279e+40,2.605132e+01,1.341077e-06,6.033915e-03,REFINE_STALLED,REFINE_STALLED,REFINE_STALLED,1,5,1,7,7,1,1,2,2,4.927006e+09,3.327000e+14,1.145890e+31,7.737834e+35,4.842508e+03,2.807252e+02,3.880457e-05,1.640318e+17,3.309969e-06,solution good enough for the tolerances given,solution good enough for the tolerances given,solution good enough for the tolerances given,3.880457e-05,2.279749e+07,3.309969e-06,4.927006e+09,5.514055e+00,1.145890e+31,1.282423e+22,4.842508e+03,4.053777e-07,3.327000e+14,7.737834e+35,1.494946e+02,4.555711e-05,2.854203e+00,2.741592e-03,1.606359e-03,1.157215e-03,0.000000e+00,false
3,1.000000e+14,1,23,CONTINUE,9.755978e-04,9.443423e-04,1.000000e-09,9.755978e-05,2.231923e-14,8.870793e-15,9.098833e-44,1.021519e+00,1.010845e-03,4.073075e+36,2.862548e+44,2.605150e+01,1.341077e-06,6.033915e-03,REFINE_STALLED,REFINE_STALLED,REFINE_STALLED,1,5,1,7,7,1,1,2,2,4.927886e+10,1.052393e+16,1.146526e+34,2.448510e+39,1.531471e+04,8.878109e+02,3.880457e-05,1.640939e+19,3.309971e-06,solution good enough for the tolerances given,solution good enough for the tolerances given,solution good enough for the tolerances given,3.880457e-05,2.257471e+09,3.309971e-06,4.927886e+10,1.743854e+01,1.146526e+34,4.057265e+24,1.531471e+04,4.053774e-07,1.052393e+16,2.448510e+39,4.727863e+02,4.555711e-05,2.854203e+00,2.741592e-03,1.606359e-03,1.157215e-03,0.000000e+00,false
3,3.162000e+14,1,24,CONTINUE,9.755978e-04,9.443426e-04,1.000000e-09,9.755978e-05,2.231923e-14,2.805437e-15,2.879031e-47,1.021519e+00,1.010844e-03,4.070954e+39,9.046699e+47,2.605138e+01,1.341077e-06,6.033915e-03,REFINE_STALLED,REFINE_STALLED,REFINE_STALLED,1,6,1,7,7,1,1,2,2,4.927013e+11,3.327096e+17,1.145927e+37,7.738190e+42,4.842512e+04,2.807263e+03,3.880457e-05,1.640365e+21,3.309974e-06,solution good enough for the tolerances given,solution good enough for the tolerances given,solution good enough for the tolerances given,3.880457e-05,2.291389e+11,3.309974e-06,4.927013e+11,5.514076e+01,1.145927e+37,1.282467e+27,4.842512e+04,4.053785e-07,3.327096e+17,7.738190e+42,1.494948e+03,4.555711e-05,2.854203e+00,2.741592e-03,1.606359e-03,1.157215e-03,0.000000e+00,false
3,1.000000e+15,1,24,CONTINUE,9.755978e-04,9.443426e-04,1.000000e-09,9.755978e-05,2.231923e-14,8.870793e-16,9.098728e-51,1.021519e+00,1.010844e-03,4.073086e+42,2.862578e+51,2.605147e+01,1.341077e-06,6.033915e-03,REFINE_STALLED,REFINE_STALLED,REFINE_STALLED,1,6,1,7,7,1,1,2,2,4.927888e+12,1.052398e+19,1.146529e+40,2.448536e+46,1.531472e+05,8.878112e+03,3.880457e-05,1.640939e+23,3.309973e-06,solution good enough for the tolerances given,solution good enough for the tolerances given,solution good enough for the tolerances given,3.880457e-05,2.300604e+13,3.309973e-06,4.927888e+12,1.743855e+02,1.146529e+40,4.057277e+29,1.531472e+05,4.053782e-07,1.052398e+19,2.448536e+46,4.727863e+03,4.555711e-05,2.854203e+00,2.741592e-03,1.606359e-03,1.157215e-03,0.000000e+00,false
3,3.162000e+15,1,24,CONTINUE,9.755978e-04,9.443428e-04,1.000000e-09,9.755978e-05,2.231923e-14,2.805437e-16,2.879040e-54,1.021519e+00,1.010844e-03,4.070936e+45,9.046728e+54,2.605154e+01,1.341077e-06,6.033915e-03,REFINE_STALLED,REFINE_STALLED,REFINE_STALLED,1,6,1,7,7,1,1,2,2,4.927037e+13,3.327118e+20,1.145932e+43,7.738208e+49,4.842507e+05,2.807268e+04,3.880457e-05,1.640377e+25,3.309976e-06,solution good enough for the tolerances given,solution good enough for the tolerances given,solution good enough for the tolerances given,3.880457e-05,2.330045e+15,3.309976e-06,4.927037e+13,5.514084e+02,1.145932e+43,1.282468e+32,4.842507e+05,4.053784e-07,3.327118e+20,7.738208e+49,1.494954e+04,4.555711e-05,2.854203e+00,2.741592e-03,1.606359e-03,1.157215e-03,0.000000e+00,false
3,1.000000e+16,1,24,CONTINUE,9.755978e-04,9.443428e-04,1.000000e-09,9.755978e-05,2.231923e-14,8.870793e-17,9.098696e-58,1.021519e+00,1.010844e-03,4.073097e+48,2.862597e+58,2.605155e+01,1.341077e-06,6.033915e-03,REFINE_STALLED,REFINE_STALLED,REFINE_STALLED,1,6,1,7,7,1,1,2,2,4.927900e+14,1.052406e+22,1.146537e+46,2.448550e+53,1.531471e+06,8.878125e+04,3.880457e-05,1.640959e+27,3.309973e-06,solution good enough for the tolerances given,solution good enough for the tolerances given,solution good enough for the tolerances given,3.880457e-05,2.231634e+17,3.309973e-06,4.927900e+14,1.743856e+03,1.146537e+46,4.057297e+34,1.531471e+06,4.053782e-07,1.052406e+22,2.448550e+53,4.727875e+04,4.555711e-05,2.854203e+00,2.741592e-03,1.606359e-03,1.157215e-03,0.000000e+00,false
3,3.162000e+16,1,24,CONTINUE,9.755978e-04,9.443427e-04,1.000000e-09,9.755978e-05,2.231923e-14,2.805437e-17,2.879011e-61,1.021519e+00,1.010844e-03,4.070979e+51,9.046826e+61,2.605157e+01,1.341077e-06,6.033915e-03,REFINE_STALLED,REFINE_STALLED,REFINE_STALLED,1,6,1,7,7,1,1,2,2,4.927035e+15,3.327130e+23,1.145942e+49,7.738292e+56,4.842510e+06,2.807265e+05,3.880457e-05,1.640389e+29,3.309974e-06,solution good enough for the tolerances given,solution good enough for the tolerances given,solution good enough for the tolerances given,3.880457e-05,2.250368e+19,3.309974e-06,4.927035e+15,5.514075e+03,1.145942e+49,1.282477e+37,4.842510e+06,4.053783e-07,3.327130e+23,7.738292e+56,1.494954e+05,4.555711e-05,2.854203e+00,2.741592e-03,1.606359e-03,1.157215e-03,0.000000e+00,false
3,1.000000e+17,1,24,CONTINUE,9.755978e-04,9.443428e-04,1.000000e-09,9.755978e-05,2.231923e-14,8.870793e-18,9.098697e-65,1.021519e+00,1.010844e-03,4.073096e+54,2.862596e+65,2.605155e+01,1.341077e-06,6.033915e-03,REFINE_STALLED,REFINE_STALLED,REFINE_STALLED,1,6,1,7,7,1,1,2,2,4.927898e+16,1.052405e+25,1.146536e+52,2.448549e+60,1.531471e+07,8.878128e+05,3.880457e-05,1.640958e+31,3.309974e-06,solution good enough for the tolerances given,solution good enough for the tolerances given,solution good enough for the tolerances given,3.880457e-05,2.282794e+21,3.309974e-06,4.927898e+16,1.743857e+04,1.146536e+52,4.057297e+39,1.531471e+07,4.053783e-07,1.052405e+25,2.448549e+60,4.727873e+05,4.555711e-05,2.854203e+00,2.741592e-03,1.606359e-03,1.157215e-03,0.000000e+00,false
3,3.162000e+17,1,25,CONTINUE,9.755978e-04,9.443428e-04,1.000000e-09,9.755978e-05,2.231923e-14,2.805437e-18,2.879022e-68,1.021519e+00,1.010844e-03,4.070961e+57,9.046786e+68,2.605155e+01,1.341077e-06,6.033915e-03,REFINE_STALLED,REFINE_STALLED,REFINE_STALLED,1,7,1,7,7,1,1,2,2,4.927035e+17,3.327122e+26,1.145934e+55,7.738258e+63,4.842510e+07,2.807264e+06,3.880457e-05,1.640381e+33,3.309974e-06,solution good enough for the tolerances given,solution good enough for the tolerances given,solution good enough for the tolerances given,3.880457e-05,2.230986e+23,3.309974e-06,4.927035e+17,5.514075e+04,1.145934e+55,1.282468e+42,4.842510e+07,4.053783e-07,3.327122e+26,7.738258e+63,1.494954e+06,4.555711e-05,2.854203e+00,2.741592e-03,1.606359e-03,1.157215e-03,0.000000e+00,false
3,1.000000e+18,1,25,CONTINUE,9.755978e-04,9.443426e-04,1.000000e-09,9.755978e-05,2.231923e-14,8.870793e-19,9.098674e-72,1.021519e+00,1.010844e-03,4.073112e+60,2.862608e+72,2.605159e+01,1.341077e-06,6.033915e-03,REFINE_STALLED,REFINE_STALLED,REFINE_STALLED,1,7,1,7,7,1,1,2,2,4.927901e+18,1.052405e+28,1.146539e+58,2.448560e+67,1.531471e+08,8.878129e+06,3.880457e-05,1.640953e+35,3.309974e-06,solution good enough for the tolerances given,solution good enough for the tolerances given,solution good enough for the tolerances given,3.880457e-05,2.272619e+25,3.309974e-06,4.927901e+18,1.743857e+05,1.146539e+58,4.057307e+44,1.531471e+08,4.053783e-07,1.052405e+28,2.448560e+67,4.727875e+06,4.555711e-05,2.854203e+00,2.741592e-03,1.606359e-03,1.157215e-03,0.000000e+00,false
4,1.000000e+00,0,17,CONTINUE,3.578304e-04,8.092787e-05,1.000000e-09,3.578304e-05,2.224287e-14,2.064160e-06,7.880422e-01,2.364449e+00,6.814512e-05,3.442355e+00,2.376444e+00,5.124592e+00,1.341077e-06,2.283642e-02,REACHED_FORCE,REACHED_FORCE,REACHED_FORCE,3,4,1,3,4,1,3,0,0,5.849210e-05,1.364321e-05,4.705396e-05,2.201462e-05,2.834830e-05,NaN,7.475197e-04,2.853022e-04,2.729663e-04,solution good enough for the tolerances given,solution good enough for the tolerances given,solution good enough for the tolerances given,3.412255e-04,3.171311e-04,1.463368e-04,3.930363e-16,5.849210e-05,1.302595e-15,4.705396e-05,5.606379e-16,2.834830e-05,1.364321e-05,2.201462e-05,2.834830e-05,9.935727e-03,2.855463e+00,6.238848e-04,3.655982e-04,5.219044e-04,0.000000e+00,false
4,3.162000e+00,1,17,CONTINUE,3.578304e-04,8.175903e-05,1.000000e-09,3.578304e-05,2.224287e-14,2.063804e-06,7.863919e-01,2.373513e+00,7.086484e-05,3.439594e+00,2.393417e+00,5.115923e+00,1.341077e-06,2.283642e-02,REFINE_STALLED,REACHED_FORCE,REACHED_FORCE,3,4,1,3,4,1,3,0,0,5.506373e-05,7.496774e-05,4.665102e-05,2.343771e-05,2.692716e-05,NaN,5.585392e-04,2.840251e-04,2.537705e-04,solution good enough for the tolerances given,solution good enough for the tolerances given,solution good enough for the tolerances given,3.366405e-04,3.177539e-04,1.444186e-04,1.723153e-15,5.506373e-05,2.778504e-15,4.665102e-05,1.338297e-15,2.692716e-05,7.496774e-05,2.343771e-05,2.692716e-05,5.589912e-03,2.854601e+00,6.238848e-04,3.655982e-04,5.219044e-04,0.000000e+00,false
4,1.000000e+01,0,16,CONTINUE,3.578304e-04,8.324225e-05,1.000000e-09,3.578304e-05,2.224287e-14,1.960447e-06,7.966596e-01,2.357922e+00,5.078093e-05,2.424397e+00,2.126674e+00,5.097019e+00,1.341077e-06,2.283642e-02,REACHED_FORCE,REACHED_FORCE,REACHED_FORCE,4,0,0,4,5,1,3,0,0,1.696567e-05,NaN,4.704657e-05,1.549195e-05,2.758726e-05,NaN,5.295950e-04,3.109912e-04,2.509229e-04,solution good enough for the tolerances given,solution good enough for the tolerances given,solution good enough for the tolerances given,1.173477e-04,1.821033e-04,1.414162e-04,6.902218e-15,1.696567e-05,7.477833e-15,4.704657e-05,3.490423e-15,2.758726e-05,1.696567e-05,1.549195e-05,2.758726e-05,3.147086e-03,2.854329e+00,6.238848e-04,3.655982e-04,5.219044e-04,0.000000e+00,false
4,3.162000e+01,0,15,CONTINUE,3.578304e-04,8.325748e-05,1.000000e-09,3.578304e-05,2.224287e-14,1.960417e-06,7.973224e-01,2.367636e+00,5.024238e-05,2.422197e+00,2.134584e+00,5.088001e+00,1.341077e-06,2.283642e-02,REACHED_FORCE,REACHED_FORCE,REACHED_FORCE,4,0,0,4,4,1,3,0,0,1.971301e-05,NaN,5.167575e-05,1.606056e-05,3.370651e-05,NaN,5.079631e-04,3.034492e-04,2.480151e-04,solution good enough for the tolerances given,solution good enough for the tolerances given,solution good enough for the tolerances given,1.165224e-04,1.839966e-04,1.557058e-04,1.456957e-14,1.971301e-05,1.473351e-14,5.167575e-05,1.495637e-14,3.370651e-05,1.971301e-05,1.606056e-05,3.370651e-05,1.776317e-03,2.854243e+00,6.238848e-04,3.655982e-04,5.219044e-04,0.000000e+00,false
4,1.000000e+02,0,13,CONTINUE,3.578304e-04,8.857904e-05,1.000000e-09,3.578304e-05,2.224287e-14,1.957907e-06,7.792232e-01,2.361342e+00,6.891779e-05,3.186277e+00,2.383078e+00,5.209590e+00,1.341077e-06,2.283642e-02,REACHED_FORCE,REACHED_FORCE,REACHED_FORCE,4,0,0,5,0,0,4,0,0,1.638104e-05,NaN,2.937368e-05,NaN,2.833097e-05,NaN,4.589889e-04,2.761985e-04,2.399499e-04,solution good enough for the tolerances given,solution good enough for the tolerances given,solution good enough for the tolerances given,1.214177e-04,1.144843e-04,1.433174e-04,5.673361e-14,1.638104e-05,6.513754e-14,2.937368e-05,3.239040e-14,2.833097e-05,1.638104e-05,2.937368e-05,2.833097e-05,1.009645e-03,2.854215e+00,6.238848e-04,3.655982e-04,5.219044e-04,0.000000e+00,false
4,3.162000e+02,0,15,CONTINUE,3.578304e-04,8.720685e-05,1.000000e-09,3.578304e-05,2.224287e-14,1.957715e-06,7.872721e-01,2.596492e+00,5.749419e-05,2.541461e+00,2.303046e+00,5.086318e+00,1.341077e-06,2.283642e-02,REACHED_FORCE,REACHED_FORCE,REACHED_FORCE,5,0,0,6,0,0,4,0,0,1.126857e-05,NaN,1.404872e-05,NaN,9.397164e-06,NaN,3.684815e-04,2.481616e-04,2.185593e-04,solution good enough for the tolerances given,solution good enough for the tolerances given,solution good enough for the tolerances given,7.382513e-05,5.842810e-06,4.876347e-05,1.311181e-13,1.126857e-05,2.426245e-13,1.404872e-05,8.677228e-14,9.397164e-06,1.126857e-05,1.404872e-05,9.397164e-06,5.836247e-04,2.854207e+00,6.238848e-04,3.655982e-04,5.219044e-04,0.000000e+00,false
4,1.000000e+03,0,10,CONTINUE,3.578304e-04,9.207253e-05,1.000000e-09,3.578304e-05,2.224287e-14,1.949821e-06,7.666874e-01,2.426049e+00,9.310480e-05,2.741171e+00,2.362393e+00,5.273341e+00,1.341077e-06,2.283642e-02,REACHED_FORCE,REACHED_FORCE,REACHED_FORCE,4,0,0,3,0,0,3,0,0,6.749192e-06,NaN,2.102691e-05,NaN,5.556675e-06,NaN,2.546256e-04,1.775641e-04,1.741047e-04,solution good enough for the tolerances given,solution good enough for the tolerances given,solution good enough for the tolerances given,5.390999e-05,8.249565e-05,3.911751e-05,4.759857e-13,6.749192e-06,6.561570e-13,2.102691e-05,3.865327e-13,5.556675e-06,6.749192e-06,2.102691e-05,5.556675e-06,3.461129e-04,2.854204e+00,6.238848e-04,3.655982e-04,5.219044e-04,0.000000e+00,false
4,3.162000e+03,0,9,CONTINUE,3.578304e-04,8.903514e-05,1.000000e-09,3.578304e-05,2.224287e-14,1.949821e-06,7.801203e-01,2.566563e+00,7.603487e-05,2.556207e+00,2.246112e+00,5.092484e+00,1.341077e-06,2.283642e-02,REACHED_FORCE,REACHED_FORCE,REACHED_FORCE,3,0,0,3,0,0,3,0,0,6.793784e-06,NaN,9.984566e-06,NaN,4.490906e-06,NaN,1.511364e-04,1.125144e-04,1.126042e-04,solution good enough for the tolerances given,solution good enough for the tolerances given,solution good enough for the tolerances given,4.666853e-05,4.905285e-05,2.644824e-05,1.559352e-12,6.793784e-06,1.762987e-12,9.984566e-06,9.125309e-13,4.490906e-06,6.793784e-06,9.984566e-06,4.490906e-06,2.097400e-04,2.854203e+00,6.238848e-04,3.655982e-04,5.219044e-04,0.000000e+00,false
4,1.000000e+04,0,6,CONTINUE,3.578304e-04,9.111198e-05,1.000000e-09,3.578304e-05,2.224287e-14,1.949821e-06,7.750234e-01,2.548957e+00,7.767264e-05,2.369277e+00,2.232898e+00,5.130164e+00,1.341077e-06,2.283642e-02,REACHED_FORCE,REACHED_FORCE,REACHED_FORCE,2,0,0,2,0,0,2,0,0,3.671896e-06,NaN,7.673236e-06,NaN,3.405302e-06,NaN,8.165272e-05,6.758771e-05,5.899741e-05,solution good enough for the tolerances given,solution good enough for the tolerances given,solution good enough for the tolerances given,3.501730e-05,2.868776e-05,1.937267e-05,4.412644e-12,3.671896e-06,5.878195e-12,7.673236e-06,3.743868e-12,3.405302e-06,3.671896e-06,7.673236e-06,3.405302e-06,1.303256e-04,2.854203e+00,6.238848e-04,3.655982e-04,5.219044e-04,0.000000e+00,false
4,3.162000e+04,0,4,CONTINUE,3.578304e-04,9.728941e-05,1.000000e-09,3.578304e-05,2.224287e-14,1.949821e-06,7.488476e-01,2.595675e+00,8.801736e-05,2.525068e+00,2.400880e+00,5.510990e+00,1.341077e-06,2.283642e-02,REACHED_FORCE,REACHED_FORCE,REACHED_FORCE,2,0,0,1,0,0,1,0,0,6.300897e-06,NaN,1.160358e-05,NaN,5.180952e-06,NaN,4.040302e-05,3.396708e-05,2.696782e-05,solution good enough for the tolerances given,solution good enough for the tolerances given,solution good enough for the tolerances given,1.510514e-05,3.396708e-05,2.696782e-05,9.236135e-12,6.300897e-06,2.095340e-11,1.160358e-05,6.845787e-12,5.180952e-06,6.300897e-06,1.160358e-05,5.180952e-06,8.450396e-05,2.854203e+00,6.238848e-04,3.655982e-04,5.219044e-04,0.000000e+00,false
4,1.000000e+05,0,3,CONTINUE,3.578304e-04,9.254906e-05,1.000000e-09,3.578304e-05,2.224287e-14,1.949821e-06,7.664466e-01,2.588560e+00,7.484246e-05,2.392772e+00,2.437571e+00,5.249079e+00,1.341077e-06,2.283642e-02,REACHED_FORCE,REACHED_FORCE,REACHED_FORCE,1,0,0,1,0,0,1,0,0,2.531897e-06,NaN,4.168704e-06,NaN,1.964879e-06,NaN,1.896638e-05,1.370950e-05,1.190243e-05,solution good enough for the tolerances given,solution good enough for the tolerances given,solution good enough for the tolerances given,1.896638e-05,1.370950e-05,1.190243e-05,6.250048e-11,2.531897e-06,5.197670e-11,4.168704e-06,3.756872e-11,1.964879e-06,2.531897e-06,4.168704e-06,1.964879e-06,5.751122e-05,2.854203e+00,6.238848e-04,3.655982e-04,5.219044e-04,0.000000e+00,true
4,3.162000e+05,0,3,CONTINUE,3.578304e-04,8.943118e-05,1.000000e-09,3.578304e-05,2.224287e-14,1.949821e-06,7.793174e-01,2.621359e+00,7.634396e-05,2.377708e+00,3.010165e+00,5.113340e+00,1.341077e-06,2.283642e-02,REACHED_FORCE,REACHED_FORCE,REACHED_FORCE,1,0,0,1,0,0,1,0,0,1.619069e-06,NaN,2.061666e-06,NaN,9.095775e-07,NaN,9.051648e-06,6.285043e-06,5.324385e-06,solution good enough for the tolerances given,solution good enough for the tolerances given,solution good enough for the tolerances given,9.051648e-06,6.285043e-06,5.324385e-06,2.257441e-10,1.619069e-06,1.549430e-10,1.777886e-06,1.110625e-10,9.095775e-07,1.619069e-06,2.061666e-06,9.095775e-07,4.042221e-05,2.854203e+00,6.238848e-04,3.655982e-04,5.219044e-04,0.000000e+00,false
4,1.000000e+06,0,3,CONTINUE,3.578304e-04,6.994653e-05,1.000000e-09,3.578304e-05,2.224287e-14,1.949822e-06,8.396162e-01,2.701463e+00,6.531165e-05,2.373081e+00,3.814153e+00,4.293247e+00,1.341077e-06,2.283642e-02,REACHED_FORCE,REACHED_FORCE,REACHED_FORCE,1,0,0,1,0,0,1,0,0,8.267497e-07,NaN,1.185773e-06,NaN,3.893285e-07,NaN,3.921034e-06,4.019536e-06,2.158415e-06,solution good enough for the tolerances given,solution good enough for the tolerances given,solution good enough for the tolerances given,3.921034e-06,4.019536e-06,2.158415e-06,4.440900e-10,8.267497e-07,6.657560e-10,7.057949e-07,3.413946e-10,3.893285e-07,8.267497e-07,1.185773e-06,3.893285e-07,2.790726e-05,2.854203e+00,6.238848e-04,3.655982e-04,5.219044e-04,0.000000e+00,false
4,3.162000e+06,0,3,CONTINUE,3.578304e-04,4.759296e-05,1.000000e-09,3.578304e-05,2.224287e-14,1.949816e-06,9.079578e-01,2.794948e+00,5.052916e-05,2.344556e+00,4.603597e+00,3.161038e+00,1.341077e-06,2.283642e-02,REACHED_FORCE,REACHED_FORCE,REACHED_FORCE,1,0,0,1,0,0,1,0,0,3.308939e-07,NaN,4.882986e-07,NaN,1.407649e-07,NaN,1.461471e-06,2.001315e-06,7.709655e-07,solution good enough for the tolerances given,solution good enough for the tolerances given,solution good enough for the tolerances given,1.461471e-06,2.001315e-06,7.709655e-07,1.279189e-09,3.308939e-07,1.148939e-09,3.440149e-07,1.185690e-09,1.407649e-07,3.308939e-07,4.882986e-07,1.407649e-07,1.882646e-05,2.854203e+00,6.238848e-04,3.655982e-04,5.219044e-04,0.000000e+00,false
4,1.000000e+07,0,3,CONTINUE,3.578304e-04,5.325662e-05,1.000000e-09,3.578304e-05,2.224287e-14,1.949824e-06,8.918931e-01,2.771059e+00,5.367582e-05,2.323108e+00,5.141771e+00,2.642006e+00,1.341077e-06,2.283642e-02,REACHED_FORCE,REACHED_FORCE,REACHED_FORCE,1,0,0,1,0,0,1,0,0,1.145362e-07,NaN,1.711596e-07,NaN,4.676099e-08,NaN,4.932772e-07,7.622776e-07,2.555208e-07,solution good enough for the tolerances given,solution good enough for the tolerances given,solution good enough for the tolerances given,4.932772e-07,7.622776e-07,2.555208e-07,7.075116e-09,1.145362e-07,8.810059e-09,1.365281e-07,2.429637e-09,4.676099e-08,1.145362e-07,1.711596e-07,4.676099e-08,1.338460e-05,2.854203e+00,6.238848e-04,3.655982e-04,5.219044e-04,0.000000e+00,false
4,3.162000e+07,0,3,CONTINUE,3.578304e-04,5.530023e-05,1.000000e-09,3.578304e-05,2.224287e-14,1.949831e-06,8.860475e-01,2.762620e+00,5.476848e-05,2.314037e+00,5.374114e+00,2.471107e+00,1.341077e-06,2.283642e-02,REACHED_FORCE,REACHED_FORCE,REACHED_FORCE,1,0,0,1,0,0,1,0,0,3.735147e-08,NaN,5.415641e-08,NaN,1.503526e-08,NaN,1.595371e-07,2.570930e-07,8.211856e-08,solution good enough for the tolerances given,solution good enough for the tolerances given,solution good enough for the tolerances given,1.595371e-07,2.570930e-07,8.211856e-08,1.720925e-08,3.735147e-08,1.881472e-08,4.659412e-08,6.444443e-09,1.503526e-08,3.735147e-08,5.415641e-08,1.503526e-08,1.080375e-05,2.854203e+00,6.238848e-04,3.655982e-04,5.219044e-04,0.000000e+00,false
4,1.000000e+08,0,3,CONTINUE,3.578304e-04,5.601595e-05,1.000000e-09,3.578304e-05,2.224287e-14,1.949937e-06,8.839551e-01,2.759771e+00,5.516771e-05,2.311046e+00,5.454949e+00,2.419021e+00,1.341077e-06,2.283642e-02,REACHED_FORCE,REACHED_FORCE,REACHED_FORCE,1,0,0,1,0,0,1,0,0,5.951709e-08,NaN,4.423375e-08,NaN,4.560047e-08,NaN,5.081691e-08,8.301439e-08,2.610906e-08,solution good enough for the tolerances given,solution good enough for the tolerances given,solution good enough for the tolerances given,5.081691e-08,8.301439e-08,2.610906e-08,5.951709e-08,1.192928e-08,4.423375e-08,1.509673e-08,4.560047e-08,4.780760e-09,5.951709e-08,4.423375e-08,4.560047e-08,9.351397e-06,2.854203e+00,6.238848e-04,3.655982e-04,5.219044e-04,0.000000e+00,false
4,3.162000e+08,0,3,CONTINUE,3.578304e-04,5.650819e-05,1.000000e-09,3.578304e-05,2.224287e-14,1.950105e-06,8.824563e-01,2.757469e+00,5.544088e-05,2.310550e+00,5.480884e+00,2.405456e+00,1.341077e-06,2.283642e-02,REACHED_FORCE,REACHED_FORCE,REACHED_FORCE,1,0,0,1,0,0,1,0,0,2.091872e-07,NaN,2.204300e-07,NaN,7.715875e-08,NaN,1.612132e-08,2.643343e-08,8.267557e-09,solution good enough for the tolerances given,solution good enough for the tolerances given,solution good enough for the tolerances given,1.612132e-08,2.643343e-08,8.267557e-09,2.091872e-07,3.786718e-09,2.204300e-07,4.815038e-09,7.715875e-08,1.514001e-09,2.091872e-07,2.204300e-07,7.715875e-08,5.262334e-06,2.854203e+00,6.238848e-04,3.655982e-04,5.219044e-04,0.000000e+00,false
4,1.000000e+09,0,3,CONTINUE,3.578304e-04,5.685442e-05,1.000000e-09,3.578304e-05,2.224287e-14,1.949713e-06,8.812839e-01,2.761111e+00,5.568477e-05,2.309600e+00,5.499310e+00,2.401859e+00,1.341077e-06,2.283642e-02,REACHED_FORCE,REACHED_FORCE,REACHED_FORCE,1,0,0,1,0,0,1,0,0,4.845836e-07,NaN,5.391521e-07,NaN,3.116853e-07,NaN,5.103507e-09,8.388397e-09,2.613410e-09,solution good enough for the tolerances given,solution good enough for the tolerances given,solution good enough for the tolerances given,5.103507e-09,8.388397e-09,2.613410e-09,4.845836e-07,1.200639e-09,5.391521e-07,1.526333e-09,3.116853e-07,4.781009e-10,4.845836e-07,5.391521e-07,3.116853e-07,2.956122e-06,2.854203e+00,6.238848e-04,3.655982e-04,5.219044e-04,0.000000e+00,false
4,3.162000e+09,0,3,CONTINUE,3.578304e-04,5.653365e-05,1.000000e-09,3.578304e-05,2.224287e-14,1.950837e-06,8.849795e-01,2.782904e+00,5.428803e-05,2.306697e+00,5.510538e+00,2.388502e+00,1.341077e-06,2.283642e-02,REACHED_FORCE,REACHED_FORCE,REACHED_FORCE,1,0,0,1,0,0,1,0,0,2.500084e-06,NaN,2.466452e-06,NaN,8.795557e-07,NaN,1.632867e-09,2.662520e-09,8.318019e-10,solution good enough for the tolerances given,solution good enough for the tolerances given,solution good enough for the tolerances given,1.632867e-09,2.662520e-09,8.318019e-10,2.500084e-06,3.810215e-10,2.466452e-06,4.862529e-10,8.795557e-07,1.523024e-10,2.500084e-06,2.466452e-06,8.795557e-07,1.651818e-06,2.854203e+00,6.238848e-04,3.655982e-04,5.219044e-04,0.000000e+00,false
4,1.000000e+10,0,3,CONTINUE,3.578304e-04,5.704639e-05,1.000000e-09,3.578304e-05,2.224287e-14,1.964736e-06,8.789498e-01,2.783238e+00,5.682026e-05,2.339594e+00,5.455558e+00,2.411927e+00,1.341077e-06,2.283642e-02,REACHED_FORCE,REACHED_FORCE,REACHED_FORCE,1,0,0,1,0,0,1,0,0,4.996915e-06,NaN,5.659562e-06,NaN,2.580296e-06,NaN,5.123381e-10,8.444881e-10,2.618912e-10,solution good enough for the tolerances given,solution good enough for the tolerances given,solution good enough for the tolerances given,5.123381e-10,8.444881e-10,2.618912e-10,4.996915e-06,1.215440e-10,5.659562e-06,1.511996e-10,2.580296e-06,4.800612e-11,4.996915e-06,5.659562e-06,2.580296e-06,9.222778e-07,2.854203e+00,6.238848e-04,3.655982e-04,5.219044e-04,0.000000e+00,false
4,3.162000e+10,0,3,CONTINUE,3.578304e-04,6.381289e-05,1.000000e-09,3.578304e-05,2.224287e-14,1.978752e-06,8.726387e-01,2.791492e+00,5.878240e-05,2.458924e+00,4.882058e+00,2.705870e+00,1.341077e-06,2.283642e-02,REACHED_FORCE,REACHED_FORCE,REACHED_FORCE,1,0,0,1,0,0,1,0,0,1.451687e-05,NaN,1.568039e-05,NaN,1.267762e-05,NaN,1.638990e-10,2.622220e-10,8.935986e-11,solution good enough for the tolerances given,solution good enough for the tolerances given,solution good enough for the tolerances given,1.638990e-10,2.622220e-10,8.935986e-11,1.451687e-05,3.950342e-11,1.568039e-05,4.192021e-11,1.267762e-05,1.599347e-11,1.451687e-05,1.568039e-05,1.267762e-05,5.006578e-07,2.854203e+00,6.238848e-04,3.655982e-04,5.219044e-04,0.000000e+00,false
4,1.000000e+11,1,6,CONTINUE,3.578304e-04,3.208053e-04,1.000000e-09,3.578304e-05,2.224287e-14,2.247016e-06,5.528306e-02,1.589254e+00,2.257336e-04,6.715315e+01,1.309303e+02,1.234063e+01,1.341077e-06,2.283642e-02,REFINE_STALLED,REFINE_STALLED,REFINE_STALLED,1,1,1,1,1,1,1,1,1,1.975810e-04,3.047219e-04,1.053640e-03,2.341986e-03,9.613368e-05,2.407759e-04,4.889290e-11,6.308062e-10,5.292194e-11,solution good enough for the tolerances given,solution good enough for the tolerances given,solution good enough for the tolerances given,4.889290e-11,6.308062e-10,5.292194e-11,1.975810e-04,7.506107e-12,1.053640e-03,1.123031e-10,9.613368e-05,7.589811e-12,3.047219e-04,2.341986e-03,2.407759e-04,1.709104e-07,2.854203e+00,6.238848e-04,3.655982e-04,5.219044e-04,0.000000e+00,false
4,3.162000e+11,1,22,CONTINUE,3.578304e-04,3.566599e-04,1.000000e-09,3.578304e-05,2.224287e-14,2.805434e-12,7.280968e-27,1.497529e+00,2.475221e-04,8.411825e+21,1.864300e+27,1.791286e+01,1.341077e-06,2.283642e-02,REFINE_STALLED,REFINE_STALLED,REFINE_STALLED,1,4,1,7,7,1,1,2,2,1.795079e+05,1.282342e+08,2.229982e+19,1.594483e+22,4.842511e+01,2.807273e+00,2.092612e-05,7.982112e+08,3.309975e-06,solution good enough for the tolerances given,solution good enough for the tolerances given,solution good enough for the tolerances given,2.092612e-05,6.661146e-01,3.309975e-06,1.795079e+05,2.009685e-02,2.229982e+19,2.495591e+12,4.842511e+01,4.053793e-07,1.282342e+08,1.594483e+22,1.494709e+00,4.555712e-05,2.854203e+00,6.238848e-04,3.655982e-04,5.219044e-04,0.000000e+00,false
4,1.000000e+12,1,23,CONTINUE,3.578304e-04,3.566844e-04,1.000000e-09,3.578304e-05,2.224287e-14,8.870789e-13,2.289784e-30,1.497582e+00,2.475133e-04,8.442523e+24,5.928375e+30,1.791535e+01,1.341077e-06,2.283642e-02,REFINE_STALLED,REFINE_STALLED,REFINE_STALLED,1,5,1,7,7,1,1,2,2,1.795783e+06,4.063574e+09,2.240243e+22,5.070733e+25,1.531471e+02,8.878145e+00,2.092614e-05,8.019498e+10,3.309974e-06,solution good enough for the tolerances given,solution good enough for the tolerances given,solution good enough for the tolerances given,2.092614e-05,6.811851e+01,3.309974e-06,1.795783e+06,6.355567e-02,2.240243e+22,7.927586e+14,1.531471e+02,4.053791e-07,4.063574e+09,5.070733e+25,4.727617e+00,4.555711e-05,2.854203e+00,6.238848e-04,3.655982e-04,5.219044e-04,0.000000e+00,false
4,3.162000e+12,1,23,CONTINUE,3.578304e-04,3.566921e-04,1.000000e-09,3.578304e-05,2.224287e-14,2.805437e-13,7.234390e-34,1.497599e+00,2.475105e-04,8.446148e+27,1.876441e+34,1.791610e+01,1.341077e-06,2.283642e-02,REFINE_STALLED,REFINE_STALLED,REFINE_STALLED,1,5,1,7,7,1,1,2,2,1.795581e+07,1.285394e+11,2.241870e+25,1.605019e+29,4.842512e+02,2.807264e+01,2.092614e-05,8.027408e+12,3.309975e-06,solution good enough for the tolerances given,solution good enough for the tolerances given,solution good enough for the tolerances given,2.092614e-05,6.562514e+03,3.309975e-06,1.795581e+07,2.009613e-01,2.241870e+25,2.508998e+17,4.842512e+02,4.053779e-07,1.285394e+11,1.605019e+29,1.494919e+01,4.555711e-05,2.854203e+00,6.238848e-04,3.655982e-04,5.219044e-04,0.000000e+00,false
4,1.000000e+13,1,23,CONTINUE,3.578304e-04,3.566945e-04,1.000000e-09,3.578304e-05,2.224287e-14,8.870793e-14,2.285217e-37,1.497604e+00,2.475096e-04,8.453133e+30,5.940337e+37,1.791632e+01,1.341077e-06,2.283642e-02,REFINE_STALLED,REFINE_STALLED,REFINE_STALLED,1,5,1,7,7,1,1,2,2,1.795933e+08,4.066554e+12,2.243934e+28,5.081123e+32,1.531471e+03,8.878113e+01,2.092614e-05,8.033595e+14,3.309972e-06,solution good enough for the tolerances given,solution good enough for the tolerances given,solution good enough for the tolerances given,2.092614e-05,6.616170e+05,3.309972e-06,1.795933e+08,6.355477e-01,2.243934e+28,7.940771e+19,1.531471e+03,4.053782e-07,4.066554e+12,5.081123e+32,4.727808e+01,4.555711e-05,2.854203e+00,6.238848e-04,3.655982e-04,5.219044e-04,0.000000e+00,false
4,3.162000e+13,1,23,CONTINUE,3.578304e-04,3.566953e-04,1.000000e-09,3.578304e-05,2.224287e-14,2.805437e-14,7.229761e-41,1.497606e+00,2.475093e-04,8.449556e+33,1.877649e+41,1.791637e+01,1.341077e-06,2.283642e-02,REFINE_STALLED,REFINE_STALLED,REFINE_STALLED,1,5,1,7,7,1,1,2,2,1.795628e+09,1.285695e+14,2.243046e+31,1.606068e+36,4.842511e+03,2.807269e+02,2.092614e-05,8.031903e+16,3.309978e-06,solution good enough for the tolerances given,solution good enough for the tolerances given,solution good enough for the tolerances given,2.092614e-05,6.601612e+07,3.309978e-06,1.795628e+09,2.009609e+00,2.243046e+31,2.510335e+22,4.842511e+03,4.053783e-07,1.285695e+14,1.606068e+36,1.494938e+02,4.555711e-05,2.854203e+00,6.238848e-04,3.655982e-04,5.219044e-04,0.000000e+00,false
4,1.000000e+14,1,23,CONTINUE,3.578304e-04,3.566955e-04,1.000000e-09,3.578304e-05,2.224287e-14,8.870793e-15,2.284736e-44,1.497606e+00,2.475093e-04,8.454283e+36,5.941604e+44,1.791643e+01,1.341077e-06,2.283642e-02,REFINE_STALLED,REFINE_STALLED,REFINE_STALLED,1,5,1,7,7,1,1,2,2,1.795949e+10,4.066871e+15,2.244324e+34,5.082221e+39,1.531471e+04,8.878155e+02,2.092614e-05,8.035084e+18,3.309978e-06,solution good enough for the tolerances given,solution good enough for the tolerances given,solution good enough for the tolerances given,2.092614e-05,6.746431e+09,3.309978e-06,1.795949e+10,6.355506e+00,2.244324e+34,7.942203e+24,1.531471e+04,4.053781e-07,4.066871e+15,5.082221e+39,4.727832e+02,4.555711e-05,2.854203e+00,6.238848e-04,3.655982e-04,5.219044e-04,0.000000e+00,false
4,3.162000e+14,1,24,CONTINUE,3.578304e-04,3.566956e-04,1.000000e-09,3.578304e-05,2.224287e-14,2.805437e-15,7.229399e-48,1.497606e+00,2.475092e-04,8.449796e+39,1.877753e+48,1.791646e+01,1.341077e-06,2.283642e-02,REFINE_STALLED,REFINE_STALLED,REFINE_STALLED,1,6,1,7,7,1,1,2,2,1.795638e+11,1.285722e+17,2.243150e+37,1.606158e+43,4.842510e+04,2.807264e+03,2.092614e-05,8.032284e+20,3.309974e-06,solution good enough for the tolerances given,solution good enough for the tolerances given,solution good enough for the tolerances given,2.092614e-05,6.628491e+11,3.309974e-06,1.795638e+11,2.009599e+01,2.243150e+37,2.510434e+27,4.842510e+04,4.053784e-07,1.285722e+17,1.606158e+43,1.494944e+03,4.555711e-05,2.854203e+00,6.238848e-04,3.655982e-04,5.219044e-04,0.000000e+00,false
4,1.000000e+15,1,24,CONTINUE,3.578304e-04,3.566957e-04,1.000000e-09,3.578304e-05,2.224287e-14,8.870793e-16,2.284692e-51,1.497606e+00,2.475092e-04,8.454372e+42,5.941732e+51,1.791646e+01,1.341077e-06,2.283642e-02,REFINE_STALLED,REFINE_STALLED,REFINE_STALLED,1,6,1,7,7,1,1,2,2,1.795957e+12,4.066913e+18,2.244366e+40,5.082329e+46,1.531474e+05,8.878119e+03,2.092614e-05,8.035221e+22,3.309976e-06,solution good enough for the tolerances given,solution good enough for the tolerances given,solution good enough for the tolerances given,2.092614e-05,6.615992e+13,3.309976e-06,1.795957e+12,6.355473e+01,2.244366e+40,7.942285e+29,1.531474e+05,4.053787e-07,4.066913e+18,5.082329e+46,4.727847e+03,4.555711e-05,2.854203e+00,6.238848e-04,3.655982e-04,5.219044e-04,0.000000e+00,false
4,3.162000e+15,1,24,CONTINUE,3.578304e-04,3.566958e-04,1.000000e-09,3.578304e-05,2.224287e-14,2.805437e-16,7.229291e-55,1.497606e+00,2.475092e-04,8.449926e+45,1.877803e+55,1.791662e+01,1.341077e-06,2.283642e-02,REFINE_STALLED,REFINE_STALLED,REFINE_STALLED,1,6,1,7,7,1,1,2,2,1.795652e+13,1.285740e+20,2.243198e+43,1.606198e+50,4.842518e+05,2.807265e+04,2.092614e-05,8.032426e+24,3.309978e-06,solution good enough for the tolerances given,solution good enough for the tolerances given,solution good enough for the tolerances given,2.092614e-05,6.782080e+15,3.309978e-06,1.795652e+13,2.009602e+02,2.243198e+43,2.510473e+32,4.842518e+05,4.053779e-07,1.285740e+20,1.606198e+50,1.494955e+04,4.555711e-05,2.854203e+00,6.238848e-04,3.655982e-04,5.219044e-04,0.000000e+00,false
4,1.000000e+16,1,24,CONTINUE,3.578304e-04,3.566957e-04,1.000000e-09,3.578304e-05,2.224287e-14,8.870793e-17,2.284685e-58,1.497606e+00,2.475092e-04,8.454424e+48,5.941812e+58,1.791660e+01,1.341077e-06,2.283642e-02,REFINE_STALLED,REFINE_STALLED,REFINE_STALLED,1,6,1,7,7,1,1,2,2,1.795966e+14,4.066943e+21,2.244390e+46,5.082391e+53,1.531470e+06,8.878139e+04,2.092614e-05,8.035288e+26,3.309976e-06,solution good enough for the tolerances given,solution good enough for the tolerances given,solution good enough for the tolerances given,2.092614e-05,6.663348e+17,3.309976e-06,1.795966e+14,6.355475e+02,2.244390e+46,7.942337e+34,1.531470e+06,4.053781e-07,4.066943e+21,5.082391e+53,4.727872e+04,4.555711e-05,2.854203e+00,6.238848e-04,3.655982e-04,5.219044e-04,0.000000e+00,false
4,3.162000e+16,1,24,CONTINUE,3.578304e-04,3.566957e-04,1.000000e-09,3.578304e-05,2.224287e-14,2.805437e-17,7.229311e-62,1.497606e+00,2.475092e-04,8.449891e+51,1.877790e+62,1.791656e+01,1.341077e-06,2.283642e-02,REFINE_STALLED,REFINE_STALLED,REFINE_STALLED,1,6,1,7,7,1,1,2,2,1.795647e+15,1.285735e+23,2.243188e+49,1.606187e+57,4.842507e+06,2.807264e+05,2.092614e-05,8.032404e+28,3.309974e-06,solution good enough for the tolerances given,solution good enough for the tolerances given,solution good enough for the tolerances given,2.092614e-05,6.691666e+19,3.309974e-06,1.795647e+15,2.009600e+03,2.243188e+49,2.510466e+37,4.842507e+06,4.053781e-07,1.285735e+23,1.606187e+57,1.494950e+05,4.555711e-05,2.854203e+00,6.238848e-04,3.655982e-04,5.219044e-04,0.000000e+00,false
4,1.000000e+17,1,24,CONTINUE,3.578304e-04,3.566958e-04,1.000000e-09,3.578304e-05,2.224287e-14,8.870793e-18,2.284702e-65,1.497606e+00,2.475092e-04,8.454344e+54,5.941764e+65,1.791659e+01,1.341077e-06,2.283642e-02,REFINE_STALLED,REFINE_STALLED,REFINE_STALLED,1,6,1,7,7,1,1,2,2,1.795967e+16,4.066929e+24,2.244372e+52,5.082347e+60,1.531471e+07,8.878127e+05,2.092614e-05,8.035221e+30,3.309974e-06,solution good enough for the tolerances given,solution good enough for the tolerances given,solution good enough for the tolerances given,2.092614e-05,6.678085e+21,3.309974e-06,1.795967e+16,6.355462e+03,2.244372e+52,7.942250e+39,1.531471e+07,4.053783e-07,4.066929e+24,5.082347e+60,4.727876e+05,4.555711e-05,2.854203e+00,6.238848e-04,3.655982e-04,5.219044e-04,0.000000e+00,false
4,3.162000e+17,1,25,CONTINUE,3.578304e-04,3.566957e-04,1.000000e-09,3.578304e-05,2.224287e-14,2.805437e-18,7.229301e-69,1.497606e+00,2.475092e-04,8.449903e+57,1.877799e+69,1.791661e+01,1.341077e-06,2.283642e-02,REFINE_STALLED,REFINE_STALLED,REFINE_STALLED,1,7,1,7,7,1,1,2,2,1.795651e+17,1.285740e+26,2.243195e+55,1.606194e+64,4.842510e+07,2.807265e+06,2.092614e-05,8.032417e+32,3.309974e-06,solution good enough for the tolerances given,solution good enough for the tolerances given,solution good enough for the tolerances given,2.092614e-05,6.552342e+23,3.309974e-06,1.795651e+17,2.009597e+04,2.243195e+55,2.510464e+42,4.842510e+07,4.053783e-07,1.285740e+26,1.606194e+64,1.494954e+06,4.555711e-05,2.854203e+00,6.238848e-04,3.655982e-04,5.219044e-04,0.000000e+00,false
4,1.000000e+18,1,25,CONTINUE,3.578304e-04,3.566957e-04,1.000000e-09,3.578304e-05,2.224287e-14,8.870793e-19,2.284699e-72,1.497606e+00,2.475092e-04,8.454350e+60,5.941768e+72,1.791658e+01,1.341077e-06,2.283642e-02,REFINE_STALLED,REFINE_STALLED,REFINE_STALLED,1,7,1,7,7,1,1,2,2,1.795967e+18,4.066932e+27,2.244372e+58,5.082351e+67,1.531471e+08,8.878129e+06,2.092614e-05,8.035223e+34,3.309974e-06,solution good enough for the tolerances given,solution good enough for the tolerances given,solution good enough for the tolerances given,2.092614e-05,6.602356e+25,3.309974e-06,1.795967e+18,6.355462e+04,2.244372e+58,7.942254e+44,1.531471e+08,4.053783e-07,4.066932e+27,5.082351e+67,4.727876e+06,4.555711e-05,2.854203e+00,6.238848e-04,3.655982e-04,5.219044e-04,0.000000e+00,false
5,1.000000e+00,1,34,CONTINUE,9.254906e-05,4.057355e-05,1.000000e-09,9.254906e-06,2.221322e-14,1.621774e-05,7.298040e-01,3.698495e+00,3.097015e-05,4.520735e+00,3.691194e+00,3.457874e+00,1.341077e-06,5.103593e-03,REFINE_STALLED,REFINE_STALLED,REFINE_STALLED,5,10,2,5,4,1,7,3,1,8.228124e-05,1.905589e-05,1.023166e-04,5.441942e-05,8.051256e-05,4.352071e-05,8.360790e-04,6.902940e-04,2.222538e-03,solution good enough for the tolerances given,solution good enough for the tolerances given,solution good enough for the tolerances given,1.809097e-04,1.442202e-04,3.303619e-04,1.107628e-15,8.228124e-05,8.580066e-16,1.023166e-04,5.099996e-15,8.051256e-05,1.962016e-05,5.441942e-05,4.352071e-05,6.639943e-03,2.854683e+00,8.411031e-05,4.940032e-05,2.208445e-04,0.000000e+00,false
5,3.162000e+00,1,33,CONTINUE,9.254906e-05,4.291593e-05,1.000000e-09,9.254906e-06,2.221322e-14,1.409756e-05,5.885952e-01,4.165360e+00,2.696595e-05,3.261753e+00,6.592474e+00,3.084248e+00,1.341077e-06,5.103593e-03,REFINE_STALLED,REFINE_STALLED,REACHED_FORCE,6,5,1,6,5,1,7,4,1,1.811286e-05,6.091167e-05,2.686738e-05,3.077885e-05,2.387123e-05,4.236761e-06,8.025083e-04,5.757256e-04,2.175793e-03,solution good enough for the tolerances given,solution good enough for the tolerances given,solution good enough for the tolerances given,1.358248e-04,1.369781e-04,1.098773e-04,4.289540e-15,1.811286e-05,1.457946e-15,2.686738e-05,4.537098e-15,2.387123e-05,6.091167e-05,3.077885e-05,4.236761e-06,3.735433e-03,2.854355e+00,8.411031e-05,4.940032e-05,2.208445e-04,0.000000e+00,false
5,1.000000e+01,1,34,CONTINUE,9.254906e-05,2.145803e-05,1.000000e-09,9.254906e-06,2.221322e-14,1.409608e-05,8.125051e-01,3.399317e+00,1.664470e-05,1.730339e+00,4.484455e+00,2.542040e+00,1.341077e-06,5.103593e-03,REFINE_STALLED,REFINE_STALLED,REFINE_STALLED,8,5,1,5,5,1,7,4,1,1.841537e-05,1.034491e-05,1.948602e-05,1.231214e-05,1.464375e-05,1.009349e-05,7.716776e-04,2.456955e-04,2.102273e-03,solution good enough for the tolerances given,solution good enough for the tolerances given,solution good enough for the tolerances given,9.496854e-05,5.576396e-05,6.876477e-05,9.716685e-15,1.841537e-05,6.085782e-15,1.948602e-05,3.598934e-14,1.464375e-05,1.034491e-05,1.231214e-05,1.009349e-05,2.102633e-03,2.854251e+00,8.411031e-05,4.940032e-05,2.208445e-04,0.000000e+00,false
5,3.162000e+01,0,22,CONTINUE,9.254906e-05,2.080315e-05,1.000000e-09,9.254906e-06,2.221322e-14,1.359139e-05,7.737379e-01,3.027806e+00,1.818302e-05,9.199278e-01,4.770422e+00,2.313323e+00,1.341077e-06,5.103593e-03,REACHED_FORCE,REACHED_FORCE,REACHED_FORCE,9,0,0,5,0,0,8,0,0,5.716262e-06,NaN,2.662200e-06,NaN,2.294748e-06,NaN,6.959229e-04,1.226451e-04,1.912054e-03,solution good enough for the tolerances given,solution good enough for the tolerances given,solution good enough for the tolerances given,3.092446e-05,1.397581e-05,1.000739e-05,2.624573e-14,5.716262e-06,3.439591e-14,2.662200e-06,6.781232e-14,2.294748e-06,5.716262e-06,2.662200e-06,2.294748e-06,1.186022e-03,2.854218e+00,8.411031e-05,4.940032e-05,2.208445e-04,0.000000e+00,false
5,1.000000e+02,0,21,CONTINUE,9.254906e-05,2.001636e-05,1.000000e-09,9.254906e-06,2.221322e-14,1.346920e-05,7.810712e-01,3.022289e+00,1.741396e-05,9.034469e-01,4.769897e+00,2.289137e+00,1.341077e-06,5.103593e-03,REACHED_FORCE,REACHED_FORCE,REACHED_FORCE,9,0,0,5,0,0,7,0,0,5.188975e-06,NaN,2.838979e-06,NaN,2.270424e-06,NaN,5.441797e-04,9.601831e-05,1.526148e-03,solution good enough for the tolerances given,solution good enough for the tolerances given,solution good enough for the tolerances given,2.791567e-05,1.228447e-05,9.934805e-06,2.091435e-13,5.188975e-06,9.639464e-14,2.838979e-06,1.860210e-13,2.270424e-06,5.188975e-06,2.838979e-06,2.270424e-06,6.724388e-04,2.854208e+00,8.411031e-05,4.940032e-05,2.208445e-04,0.000000e+00,false
5,3.162000e+02,0,19,CONTINUE,9.254906e-05,1.854469e-05,1.000000e-09,9.254906e-06,2.221322e-14,1.113252e-05,7.954584e-01,3.017181e+00,1.605917e-05,8.774563e-01,4.778736e+00,2.240869e+00,1.341077e-06,5.103593e-03,REACHED_FORCE,REACHED_FORCE,REACHED_FORCE,8,0,0,4,0,0,7,0,0,3.759460e-06,NaN,2.269017e-06,NaN,2.271944e-06,NaN,3.600590e-04,6.169105e-05,1.036513e-03,solution good enough for the tolerances given,solution good enough for the tolerances given,solution good enough for the tolerances given,1.985937e-05,1.041837e-05,9.736332e-06,2.141630e-13,3.759460e-06,2.820773e-13,2.269017e-06,5.222975e-13,2.271944e-06,3.759460e-06,2.269017e-06,2.271944e-06,3.853594e-04,2.854204e+00,8.411031e-05,4.940032e-05,2.208445e-04,0.000000e+00,false
5,1.000000e+03,0,15,CONTINUE,9.254906e-05,1.502951e-05,1.000000e-09,9.254906e-06,2.221322e-14,1.113251e-05,8.382013e-01,2.974950e+00,1.299076e-05,8.013512e-01,4.681778e+00,2.141378e+00,1.341077e-06,5.103593e-03,REACHED_FORCE,REACHED_FORCE,REACHED_FORCE,7,0,0,3,0,0,5,0,0,4.139307e-06,NaN,2.385417e-06,NaN,3.041358e-06,NaN,2.229871e-04,3.161637e-05,6.353930e-04,solution good enough for the tolerances given,solution good enough for the tolerances given,solution good enough for the tolerances given,2.109342e-05,1.660677e-05,2.122613e-05,2.790102e-13,4.139307e-06,3.576476e-13,2.385417e-06,7.047218e-13,3.041358e-06,4.139307e-06,2.385417e-06,3.041358e-06,2.248103e-04,2.854203e+00,8.411031e-05,4.940032e-05,2.208445e-04,0.000000e+00,false
5,3.162000e+03,0,12,CONTINUE,9.254906e-05,1.240039e-05,1.000000e-09,9.254906e-06,2.221322e-14,1.113251e-05,8.607479e-01,3.006793e+00,1.012882e-05,8.292643e-01,4.764930e+00,2.079748e+00,1.341077e-06,5.103593e-03,REACHED_FORCE,REACHED_FORCE,REACHED_FORCE,6,0,0,2,0,0,4,0,0,7.794352e-07,NaN,2.129962e-06,NaN,1.837195e-06,NaN,1.316999e-04,1.452901e-05,3.449776e-04,solution good enough for the tolerances given,solution good enough for the tolerances given,solution good enough for the tolerances given,3.860668e-06,1.172030e-05,1.103901e-05,1.207098e-12,7.794352e-07,8.255392e-13,2.129962e-06,1.404054e-12,1.837195e-06,7.794352e-07,2.129962e-06,1.837195e-06,1.354729e-04,2.854203e+00,8.411031e-05,4.940032e-05,2.208445e-04,0.000000e+00,false
5,1.000000e+04,0,9,CONTINUE,9.254906e-05,1.244201e-05,1.000000e-09,9.254906e-06,2.221322e-14,1.113251e-05,8.657222e-01,2.983108e+00,1.030860e-05,7.232871e-01,4.759273e+00,1.969461e+00,1.341077e-06,5.103593e-03,REACHED_FORCE,REACHED_FORCE,REACHED_FORCE,4,0,0,2,0,0,3,0,0,9.114639e-07,NaN,2.191354e-06,NaN,1.622965e-06,NaN,7.720453e-05,9.286054e-06,1.525389e-04,solution good enough for the tolerances given,solution good enough for the tolerances given,solution good enough for the tolerances given,6.445844e-06,1.127915e-05,7.515201e-06,2.825529e-12,9.114639e-07,1.946097e-12,2.191354e-06,5.732875e-12,1.622965e-06,9.114639e-07,2.191354e-06,1.622965e-06,8.588402e-05,2.854203e+00,8.411031e-05,4.940032e-05,2.208445e-04,0.000000e+00,false
5,3.162000e+04,0,6,CONTINUE,9.254906e-05,1.082763e-05,1.000000e-09,9.254906e-06,2.221322e-14,1.113251e-05,8.795870e-01,2.978829e+00,8.749454e-06,7.594787e-01,4.771755e+00,1.973345e+00,1.341077e-06,5.103593e-03,REACHED_FORCE,REACHED_FORCE,REACHED_FORCE,3,0,0,1,0,0,2,0,0,4.391526e-07,NaN,1.381058e-06,NaN,1.011530e-06,NaN,4.750840e-05,6.996130e-06,5.654025e-05,solution good enough for the tolerances given,solution good enough for the tolerances given,solution good enough for the tolerances given,2.138875e-06,6.996130e-06,5.122323e-06,6.035955e-12,3.265800e-07,3.654579e-12,1.381058e-06,8.799610e-12,1.011530e-06,4.391526e-07,1.381058e-06,1.011530e-06,5.778677e-05,2.854203e+00,8.411031e-05,4.940032e-05,2.208445e-04,0.000000e+00,false
5,1.000000e+05,0,5,CONTINUE,9.254906e-05,9.237853e-06,1.000000e-09,9.254906e-06,2.221322e-14,1.113251e-05,9.007020e-01,2.954087e+00,7.692336e-06,6.773223e-01,4.773757e+00,1.856283e+00,1.341077e-06,5.103593e-03,REACHED_FORCE,REACHED_FORCE,REACHED_FORCE,2,0,0,1,0,0,2,0,0,6.094402e-07,NaN,7.968860e-07,NaN,3.596819e-07,NaN,2.537611e-05,4.293079e-06,1.923737e-05,solution good enough for the tolerances given,solution good enough for the tolerances given,solution good enough for the tolerances given,3.302537e-06,4.293079e-06,1.612992e-06,1.404555e-11,6.094402e-07,1.756838e-11,7.968860e-07,3.889655e-11,3.596819e-07,6.094402e-07,7.968860e-07,3.596819e-07,4.016034e-05,2.854203e+00,8.411031e-05,4.940032e-05,2.208445e-04,0.000000e+00,false
5,3.162000e+05,0,4,CONTINUE,9.254906e-05,9.671846e-06,1.000000e-09,9.254906e-06,2.221322e-14,1.113249e-05,8.971509e-01,2.947081e+00,7.783269e-06,6.353282e-01,4.777465e+00,1.824876e+00,1.341077e-06,5.103593e-03,REACHED_FORCE,REACHED_FORCE,REACHED_FORCE,2,0,0,1,0,0,1,0,0,3.312703e-07,NaN,5.518053e-07,NaN,1.140181e-06,NaN,1.055372e-05,2.090570e-06,6.321682e-06,solution good enough for the tolerances given,solution good enough for the tolerances given,solution good enough for the tolerances given,3.689062e-07,2.090570e-06,6.321682e-06,4.621049e-11,3.312703e-07,4.920682e-11,5.518053e-07,1.228900e-10,1.140181e-06,3.312703e-07,5.518053e-07,1.140181e-06,2.728583e-05,2.854203e+00,8.411031e-05,4.940032e-05,2.208445e-04,0.000000e+00,false
5,1.000000e+06,0,3,CONTINUE,9.254906e-05,9.051200e-06,1.000000e-09,9.254906e-06,2.221322e-14,1.113248e-05,9.050200e-01,2.963360e+00,8.482264e-06,6.046382e-01,4.886323e+00,1.780232e+00,1.341077e-06,5.103593e-03,REACHED_FORCE,REACHED_FORCE,REACHED_FORCE,1,0,0,1,0,0,1,0,0,7.209133e-07,NaN,1.858621e-07,NaN,3.647264e-07,NaN,3.717311e-06,8.067552e-07,2.034282e-06,solution good enough for the tolerances given,solution good enough for the tolerances given,solution good enough for the tolerances given,3.717311e-06,8.067552e-07,2.034282e-06,1.485100e-10,7.209133e-07,1.521686e-10,1.858621e-07,4.069727e-10,3.647264e-07,7.209133e-07,1.858621e-07,3.647264e-07,1.824822e-05,2.854203e+00,8.411031e-05,4.940032e-05,2.208445e-04,0.000000e+00,true
5,3.162000e+06,0,3,CONTINUE,9.254906e-05,8.498351e-06,1.000000e-09,9.254906e-06,2.221322e-14,1.113241e-05,9.108324e-01,2.946886e+00,7.256582e-06,5.926051e-01,4.827541e+00,1.774923e+00,1.341077e-06,5.103593e-03,REACHED_FORCE,REACHED_FORCE,REACHED_FORCE,1,0,0,1,0,0,1,0,0,2.362632e-07,NaN,5.689857e-08,NaN,1.158176e-07,NaN,1.219907e-06,2.544808e-07,6.475647e-07,solution good enough for the tolerances given,solution good enough for the tolerances given,solution good enough for the tolerances given,1.219907e-06,2.544808e-07,6.475647e-07,3.025128e-10,2.362632e-07,6.580091e-10,5.689857e-08,8.743944e-10,1.158176e-07,2.362632e-07,5.689857e-08,1.158176e-07,1.309351e-05,2.854203e+00,8.411031e-05,4.940032e-05,2.208445e-04,0.000000e+00,false
5,1.000000e+07,0,3,CONTINUE,9.254906e-05,8.918588e-06,1.000000e-09,9.254906e-06,2.221322e-14,1.113245e-05,9.062465e-01,2.940485e+00,7.302022e-06,5.892836e-01,4.807614e+00,1.785225e+00,1.341077e-06,5.103593e-03,REACHED_FORCE,REACHED_FORCE,REACHED_FORCE,1,0,0,1,0,0,1,0,0,7.556631e-08,NaN,1.787487e-08,NaN,3.667152e-08,NaN,3.903972e-07,8.142547e-08,2.052149e-07,solution good enough for the tolerances given,solution good enough for the tolerances given,solution good enough for the tolerances given,3.903972e-07,8.142547e-08,2.052149e-07,1.505022e-09,7.556631e-08,1.623300e-09,1.787487e-08,2.595072e-09,3.667152e-08,7.556631e-08,1.787487e-08,3.667152e-08,1.073959e-05,2.854203e+00,8.411031e-05,4.940032e-05,2.208445e-04,0.000000e+00,false
5,3.162000e+07,0,3,CONTINUE,9.254906e-05,9.049466e-06,1.000000e-09,9.254906e-06,2.221322e-14,1.113162e-05,9.047900e-01,2.938866e+00,7.310037e-06,5.882260e-01,4.801299e+00,1.788934e+00,1.341077e-06,5.103593e-03,REACHED_FORCE,REACHED_FORCE,REACHED_FORCE,1,0,0,1,0,0,1,0,0,2.398487e-08,NaN,5.647161e-09,NaN,1.270840e-08,NaN,1.239383e-07,2.589222e-08,6.493980e-08,solution good enough for the tolerances given,solution good enough for the tolerances given,solution good enough for the tolerances given,1.239383e-07,2.589222e-08,6.493980e-08,3.075781e-09,2.398487e-08,5.599018e-09,5.647161e-09,1.270840e-08,1.160153e-08,2.398487e-08,5.647161e-09,1.270840e-08,9.068012e-06,2.854203e+00,8.411031e-05,4.940032e-05,2.208445e-04,0.000000e+00,false
5,1.000000e+08,0,3,CONTINUE,9.254906e-05,9.084131e-06,1.000000e-09,9.254906e-06,2.221322e-14,1.112859e-05,9.044255e-01,2.938389e+00,7.305693e-06,5.884962e-01,4.798766e+00,1.790078e+00,1.341077e-06,5.103593e-03,REACHED_FORCE,REACHED_FORCE,REACHED_FORCE,1,0,0,1,0,0,1,0,0,1.108979e-08,NaN,1.744021e-08,NaN,2.353576e-08,NaN,3.923503e-08,8.203946e-09,2.053972e-08,solution good enough for the tolerances given,solution good enough for the tolerances given,solution good enough for the tolerances given,3.923503e-08,8.203946e-09,2.053972e-08,1.108979e-08,7.591337e-09,1.744021e-08,1.785343e-09,2.353576e-08,3.669341e-09,1.108979e-08,1.744021e-08,2.353576e-08,5.100565e-06,2.854203e+00,8.411031e-05,4.940032e-05,2.208445e-04,0.000000e+00,false
5,3.162000e+08,0,3,CONTINUE,9.254906e-05,8.951249e-06,1.000000e-09,9.254906e-06,2.221322e-14,1.111936e-05,9.056935e-01,2.942565e+00,7.132837e-06,5.878746e-01,4.801920e+00,1.789123e+00,1.341077e-06,5.103593e-03,REACHED_FORCE,REACHED_FORCE,REACHED_FORCE,1,0,0,1,0,0,1,0,0,6.187316e-08,NaN,6.501620e-08,NaN,9.541605e-08,NaN,1.240999e-08,2.604351e-09,6.491814e-09,solution good enough for the tolerances given,solution good enough for the tolerances given,solution good enough for the tolerances given,1.240999e-08,2.604351e-09,6.491814e-09,6.187316e-08,2.401296e-09,6.501620e-08,5.696842e-10,9.541605e-08,1.158847e-09,6.187316e-08,6.501620e-08,9.541605e-08,2.869059e-06,2.854203e+00,8.411031e-05,4.940032e-05,2.208445e-04,0.000000e+00,false
5,1.000000e+09,0,3,CONTINUE,9.254906e-05,8.980463e-06,1.000000e-09,9.254906e-06,2.221322e-14,1.113622e-05,9.057329e-01,2.946951e+00,7.041772e-06,5.918874e-01,4.802914e+00,1.790675e+00,1.341077e-06,5.103593e-03,REACHED_FORCE,REACHED_FORCE,REACHED_FORCE,1,0,0,1,0,0,1,0,0,9.118182e-08,NaN,1.427130e-07,NaN,2.761804e-07,NaN,3.925645e-09,8.263637e-10,2.050658e-09,solution good enough for the tolerances given,solution good enough for the tolerances given,solution good enough for the tolerances given,3.925645e-09,8.263637e-10,2.050658e-09,9.118182e-08,7.587992e-10,1.427130e-07,1.824937e-10,2.761804e-07,3.669280e-10,9.118182e-08,1.427130e-07,2.761804e-07,1.610538e-06,2.854203e+00,8.411031e-05,4.940032e-05,2.208445e-04,0.000000e+00,false
5,3.162000e+09,0,3,CONTINUE,9.254906e-05,8.226587e-06,1.000000e-09,9.254906e-06,2.221322e-14,1.104853e-05,9.127845e-01,2.957413e+00,6.462050e-06,5.906551e-01,4.807575e+00,1.782831e+00,1.341077e-06,5.103593e-03,REACHED_FORCE,REACHED_FORCE,REACHED_FORCE,1,0,0,1,0,0,1,0,0,4.587536e-07,NaN,5.964010e-07,NaN,1.157301e-06,NaN,1.240415e-09,2.629603e-10,6.521835e-10,solution good enough for the tolerances given,solution good enough for the tolerances given,solution good enough for the tolerances given,1.240415e-09,2.629603e-10,6.521835e-10,4.587536e-07,2.400414e-10,5.964010e-07,5.911018e-11,1.157301e-06,1.167783e-10,4.587536e-07,5.964010e-07,1.157301e-06,9.057812e-07,2.854203e+00,8.411031e-05,4.940032e-05,2.208445e-04,0.000000e+00,false
5,1.000000e+10,0,3,CONTINUE,9.254906e-05,9.700843e-06,1.000000e-09,9.254906e-06,2.221322e-14,1.099762e-05,8.986571e-01,2.993689e+00,7.359898e-06,5.959258e-01,4.864467e+00,1.802158e+00,1.341077e-06,5.103593e-03,REACHED_FORCE,REACHED_FORCE,REACHED_FORCE,1,0,0,1,0,0,1,0,0,1.515700e-06,NaN,1.182748e-06,NaN,2.631488e-06,NaN,3.895348e-10,8.572247e-11,2.123075e-10,solution good enough for the tolerances given,solution good enough for the tolerances given,solution good enough for the tolerances given,3.895348e-10,8.572247e-11,2.123075e-10,1.515700e-06,7.658989e-11,1.182748e-06,2.098858e-11,2.631488e-06,3.785970e-11,1.515700e-06,1.182748e-06,2.631488e-06,5.015786e-07,2.854203e+00,8.411031e-05,4.940032e-05,2.208445e-04,0.000000e+00,false
5,3.162000e+10,0,3,CONTINUE,9.254906e-05,2.080096e-05,1.000000e-09,9.254906e-06,2.221322e-14,1.075230e-05,7.770822e-01,2.955578e+00,1.626419e-05,1.309642e+00,4.842905e+00,2.082134e+00,1.341077e-06,5.103593e-03,REACHED_FORCE,REACHED_FORCE,REACHED_FORCE,1,0,0,1,0,0,1,0,0,4.876992e-06,NaN,7.532650e-06,NaN,8.238574e-06,NaN,1.199135e-10,3.145713e-11,7.044350e-11,solution good enough for the tolerances given,solution good enough for the tolerances given,solution good enough for the tolerances given,1.199135e-10,3.145713e-11,7.044350e-11,4.876992e-06,2.394719e-11,7.532650e-06,7.964043e-12,8.238574e-06,1.251803e-11,4.876992e-06,7.532650e-06,8.238574e-06,2.665196e-07,2.854203e+00,8.411031e-05,4.940032e-05,2.208445e-04,0.000000e+00,false
5,1.000000e+11,1,23,CONTINUE,9.254906e-05,9.239558e-05,1.000000e-09,9.254906e-06,2.221322e-14,8.870789e-12,2.594439e-28,2.588557e+00,7.484255e-05,9.135140e+21,6.411788e+26,5.373974e+00,1.341077e-06,5.103593e-03,REFINE_STALLED,REFINE_STALLED,REFINE_STALLED,1,5,1,7,7,1,1,2,2,2.652289e+04,3.811702e+07,3.814044e+18,5.484121e+21,1.531469e+01,8.878161e-01,6.551176e-06,2.663297e+08,3.309967e-06,solution good enough for the tolerances given,solution good enough for the tolerances given,solution good enough for the tolerances given,6.551176e-06,1.459493e-01,3.309967e-06,2.652289e+04,9.386622e-03,3.814044e+18,1.349687e+12,1.531469e+01,4.053762e-07,3.811702e+07,5.484121e+21,4.727629e-01,4.555712e-05,2.854203e+00,8.411031e-05,4.940032e-05,2.208445e-04,0.000000e+00,false
5,3.162000e+11,1,23,CONTINUE,9.254906e-05,9.239574e-05,1.000000e-09,9.254906e-06,2.221322e-14,2.805437e-12,8.199456e-32,2.588559e+00,7.484249e-05,9.132848e+24,2.028725e+30,5.373994e+00,1.341077e-06,5.103593e-03,REFINE_STALLED,REFINE_STALLED,REFINE_STALLED,1,5,1,7,7,1,1,2,2,2.652058e+05,1.206127e+09,3.814909e+21,1.735263e+25,4.842510e+01,2.807266e+00,6.551182e-06,2.664448e+10,3.309970e-06,solution good enough for the tolerances given,solution good enough for the tolerances given,solution good enough for the tolerances given,6.551182e-06,1.486322e+01,3.309970e-06,2.652058e+05,2.968125e-02,3.814909e+21,4.269434e+14,4.842510e+01,4.053765e-07,1.206127e+09,1.735263e+25,1.494930e+00,4.555712e-05,2.854203e+00,8.411031e-05,4.940032e-05,2.208445e-04,0.000000e+00,false
5,1.000000e+12,1,23,CONTINUE,9.254906e-05,9.239578e-05,1.000000e-09,9.254906e-06,2.221322e-14,8.870792e-13,2.590354e-35,2.588559e+00,7.484247e-05,9.138373e+27,6.421608e+33,5.374000e+00,1.341077e-06,5.103593e-03,REFINE_STALLED,REFINE_STALLED,REFINE_STALLED,1,5,1,7,7,1,1,2,2,2.652575e+06,3.816154e+10,3.817779e+24,5.492767e+28,1.531472e+02,8.878107e+00,6.551184e-06,2.666010e+12,3.309970e-06,solution good enough for the tolerances given,solution good enough for the tolerances given,solution good enough for the tolerances given,6.551184e-06,1.479054e+03,3.309970e-06,2.652575e+06,9.386909e-02,3.817779e+24,1.351019e+17,1.531472e+02,4.053779e-07,3.816154e+10,5.492767e+28,4.727820e+00,4.555711e-05,2.854203e+00,8.411031e-05,4.940032e-05,2.208445e-04,0.000000e+00,false
5,3.162000e+12,1,23,CONTINUE,9.254906e-05,9.239580e-05,1.000000e-09,9.254906e-06,2.221322e-14,2.805437e-13,8.195406e-39,2.588560e+00,7.484246e-05,9.133813e+30,2.029699e+37,5.374002e+00,1.341077e-06,5.103593e-03,REFINE_STALLED,REFINE_STALLED,REFINE_STALLED,1,5,1,7,7,1,1,2,2,2.652146e+07,1.206571e+12,3.816074e+27,1.736120e+32,4.842516e+02,2.807266e+01,6.551185e-06,2.665293e+14,3.309977e-06,solution good enough for the tolerances given,solution good enough for the tolerances given,solution good enough for the tolerances given,6.551185e-06,1.495853e+05,3.309977e-06,2.652146e+07,2.968150e-01,3.816074e+27,4.270748e+19,4.842516e+02,4.053780e-07,1.206571e+12,1.736120e+32,1.494952e+01,4.555711e-05,2.854203e+00,8.411031e-05,4.940032e-05,2.208445e-04,0.000000e+00,false
5,1.000000e+13,1,23,CONTINUE,9.254906e-05,9.239580e-05,1.000000e-09,9.254906e-06,2.221322e-14,8.870793e-14,2.589908e-42,2.588560e+00,7.484246e-05,9.138794e+33,6.422688e+40,5.374003e+00,1.341077e-06,5.103593e-03,REFINE_STALLED,REFINE_STALLED,REFINE_STALLED,1,5,1,7,7,1,1,2,2,2.652611e+08,3.816627e+13,3.818188e+30,5.493712e+35,1.531469e+03,8.878151e+01,6.551185e-06,2.666304e+16,3.309978e-06,solution good enough for the tolerances given,solution good enough for the tolerances given,solution good enough for the tolerances given,6.551185e-06,1.508385e+07,3.309978e-06,2.652611e+08,9.386988e-01,3.818188e+30,1.351169e+22,1.531469e+03,4.053782e-07,3.816627e+13,5.493712e+35,4.727857e+01,4.555711e-05,2.854203e+00,8.411031e-05,4.940032e-05,2.208445e-04,0.000000e+00,false
5,3.162000e+13,1,24,CONTINUE,9.254906e-05,9.239580e-05,1.000000e-09,9.254906e-06,2.221322e-14,2.805437e-14,8.195155e-46,2.588560e+00,7.484246e-05,9.133837e+36,2.029753e+44,5.374003e+00,1.341077e-06,5.103593e-03,REFINE_STALLED,REFINE_STALLED,REFINE_STALLED,1,6,1,7,7,1,1,2,2,2.652132e+09,1.206601e+15,3.816145e+33,1.736173e+39,4.842507e+03,2.807257e+02,6.551185e-06,2.665350e+18,3.309970e-06,solution good enough for the tolerances given,solution good enough for the tolerances given,solution good enough for the tolerances given,6.551185e-06,1.487565e+09,3.309970e-06,2.652132e+09,2.968151e+00,3.816145e+33,4.270863e+24,4.842507e+03,4.053783e-07,1.206601e+15,1.736173e+39,1.494938e+02,4.555711e-05,2.854203e+00,8.411031e-05,4.940032e-05,2.208445e-04,0.000000e+00,false
5,1.000000e+14,1,24,CONTINUE,9.254906e-05,9.239580e-05,1.000000e-09,9.254906e-06,2.221322e-14,8.870793e-15,2.589875e-49,2.588560e+00,7.484246e-05,9.138780e+39,6.422775e+47,5.374003e+00,1.341077e-06,5.103593e-03,REFINE_STALLED,REFINE_STALLED,REFINE_STALLED,1,6,1,7,7,1,1,2,2,2.652621e+10,3.816674e+16,3.818220e+36,5.493783e+42,1.531471e+04,8.878138e+02,6.551185e-06,2.666329e+20,3.309976e-06,solution good enough for the tolerances given,solution good enough for the tolerances given,solution good enough for the tolerances given,6.551185e-06,1.472604e+11,3.309976e-06,2.652621e+10,9.386972e+00,3.818220e+36,1.351174e+27,1.531471e+04,4.053777e-07,3.816674e+16,5.493783e+42,4.727870e+02,4.555711e-05,2.854203e+00,8.411031e-05,4.940032e-05,2.208445e-04,0.000000e+00,false
5,3.162000e+14,1,24,CONTINUE,9.254906e-05,9.239580e-05,1.000000e-09,9.254906e-06,2.221322e-14,2.805437e-15,8.195000e-53,2.588560e+00,7.484246e-05,9.133938e+42,2.029794e+51,5.374003e+00,1.341077e-06,5.103593e-03,REFINE_STALLED,REFINE_STALLED,REFINE_STALLED,1,6,1,7,7,1,1,2,2,2.652144e+11,1.206614e+18,3.816188e+39,1.736206e+46,4.842504e+04,2.807256e+03,6.551185e-06,2.665378e+22,3.309969e-06,solution good enough for the tolerances given,solution good enough for the tolerances given,solution good enough for the tolerances given,6.551185e-06,1.528237e+13,3.309969e-06,2.652144e+11,2.968154e+01,3.816188e+39,4.270896e+29,4.842504e+04,4.053779e-07,1.206614e+18,1.736206e+46,1.494944e+03,4.555711e-05,2.854203e+00,8.411031e-05,4.940032e-05,2.208445e-04,0.000000e+00,false
5,1.000000e+15,1,24,CONTINUE,9.254906e-05,9.239580e-05,1.000000e-09,9.254906e-06,2.221322e-14,8.870793e-16,2.589838e-56,2.588560e+00,7.484246e-05,9.138918e+45,6.422858e+54,5.374003e+00,1.341077e-06,5.103593e-03,REFINE_STALLED,REFINE_STALLED,REFINE_STALLED,1,6,1,7,7,1,1,2,2,2.652619e+12,3.816693e+19,3.818273e+42,5.493861e+49,1.531473e+05,8.878144e+03,6.551185e-06,2.666363e+24,3.309978e-06,solution good enough for the tolerances given,solution good enough for the tolerances given,solution good enough for the tolerances given,6.551185e-06,1.448525e+15,3.309978e-06,2.652619e+12,9.386997e+01,3.818273e+42,1.351197e+32,1.531473e+05,4.053784e-07,3.816693e+19,5.493861e+49,4.727860e+03,4.555711e-05,2.854203e+00,8.411031e-05,4.940032e-05,2.208445e-04,0.000000e+00,false
5,3.162000e+15,1,24,CONTINUE,9.254906e-05,9.239580e-05,1.000000e-09,9.254906e-06,2.221322e-14,2.805437e-16,8.194971e-60,2.588560e+00,7.484246e-05,9.133939e+48,2.029802e+58,5.374003e+00,1.341077e-06,5.103593e-03,REFINE_STALLED,REFINE_STALLED,REFINE_STALLED,1,6,1,7,7,1,1,2,2,2.652150e+13,1.206619e+21,3.816204e+45,1.736212e+53,4.842510e+05,2.807263e+04,6.551185e-06,2.665392e+26,3.309976e-06,solution good enough for the tolerances given,solution good enough for the tolerances given,solution good enough for the tolerances given,6.551185e-06,1.512537e+17,3.309976e-06,2.652150e+13,2.968161e+02,3.816204e+45,4.270915e+34,4.842510e+05,4.053779e-07,1.206619e+21,1.736212e+53,1.494949e+04,4.555711e-05,2.854203e+00,8.411031e-05,4.940032e-05,2.208445e-04,0.000000e+00,false
5,1.000000e+16,1,24,CONTINUE,9.254906e-05,9.239580e-05,1.000000e-09,9.254906e-06,2.221322e-14,8.870793e-17,2.589871e-63,2.588560e+00,7.484246e-05,9.138785e+51,6.422776e+61,5.374003e+00,1.341077e-06,5.103593e-03,REFINE_STALLED,REFINE_STALLED,REFINE_STALLED,1,6,1,7,7,1,1,2,2,2.652620e+14,3.816675e+22,3.818230e+48,5.493790e+56,1.531471e+06,8.878124e+04,6.551185e-06,2.666330e+28,3.309975e-06,solution good enough for the tolerances given,solution good enough for the tolerances given,solution good enough for the tolerances given,6.551185e-06,1.522197e+19,3.309975e-06,2.652620e+14,9.386956e+02,3.818230e+48,1.351176e+37,1.531471e+06,4.053785e-07,3.816675e+22,5.493790e+56,4.727867e+04,4.555711e-05,2.854203e+00,8.411031e-05,4.940032e-05,2.208445e-04,0.000000e+00,false
5,3.162000e+16,1,24,CONTINUE,9.254906e-05,9.239580e-05,1.000000e-09,9.254906e-06,2.221322e-14,2.805437e-17,8.194917e-67,2.588560e+00,7.484246e-05,9.133969e+54,2.029816e+65,5.374003e+00,1.341077e-06,5.103593e-03,REFINE_STALLED,REFINE_STALLED,REFINE_STALLED,1,6,1,7,7,1,1,2,2,2.652161e+15,1.206625e+24,3.816238e+51,1.736224e+60,4.842511e+06,2.807267e+05,6.551185e-06,2.665407e+30,3.309975e-06,solution good enough for the tolerances given,solution good enough for the tolerances given,solution good enough for the tolerances given,6.551185e-06,1.462688e+21,3.309975e-06,2.652161e+15,2.968161e+03,3.816238e+51,4.270935e+39,4.842511e+06,4.053783e-07,1.206625e+24,1.736224e+60,1.494954e+05,4.555711e-05,2.854203e+00,8.411031e-05,4.940032e-05,2.208445e-04,0.000000e+00,false
5,1.000000e+17,1,25,CONTINUE,9.254906e-05,9.239580e-05,1.000000e-09,9.254906e-06,2.221322e-14,8.870793e-18,2.589859e-70,2.588560e+00,7.484246e-05,9.138812e+57,6.422812e+68,5.374003e+00,1.341077e-06,5.103593e-03,REFINE_STALLED,REFINE_STALLED,REFINE_STALLED,1,7,1,7,7,1,1,2,2,2.652628e+16,3.816686e+25,3.818240e+54,5.493817e+63,1.531471e+07,8.878127e+05,6.551185e-06,2.666340e+32,3.309974e-06,solution good enough for the tolerances given,solution good enough for the tolerances given,solution good enough for the tolerances given,6.551185e-06,1.485952e+23,3.309974e-06,2.652628e+16,9.386964e+03,3.818240e+54,1.351176e+42,1.531471e+07,4.053783e-07,3.816686e+25,5.493817e+63,4.727876e+05,4.555711e-05,2.854203e+00,8.411031e-05,4.940032e-05,2.208445e-04,0.000000e+00,false
5,3.162000e+17,1,25,CONTINUE,9.254906e-05,9.239580e-05,1.000000e-09,9.254906e-06,2.221322e-14,2.805437e-18,8.194900e-74,2.588560e+00,7.484246e-05,9.133990e+60,2.029822e+72,5.374003e+00,1.341077e-06,5.103593e-03,REFINE_STALLED,REFINE_STALLED,REFINE_STALLED,1,7,1,7,7,1,1,2,2,2.652161e+17,1.206623e+27,3.816214e+57,1.736228e+67,4.842510e+07,2.807265e+06,6.551185e-06,2.665400e+34,3.309974e-06,solution good enough for the tolerances given,solution good enough for the tolerances given,solution good enough for the tolerances given,6.551185e-06,1.500472e+25,3.309974e-06,2.652161e+17,2.968158e+04,3.816214e+57,4.270904e+44,4.842510e+07,4.053783e-07,1.206623e+27,1.736228e+67,1.494954e+06,4.555711e-05,2.854203e+00,8.411031e-05,4.940032e-05,2.208445e-04,0.000000e+00,false
5,1.000000e+18,1,25,CONTINUE,9.254906e-05,9.239580e-05,1.000000e-09,9.254906e-06,2.221322e-14,8.870793e-19,2.589859e-77,2.588560e+00,7.484246e-05,9.138815e+63,6.422814e+75,5.374003e+00,1.341077e-06,5.103593e-03,REFINE_STALLED,REFINE_STALLED,REFINE_STALLED,1,7,1,7,7,1,1,2,2,2.652627e+18,3.816692e+28,3.818244e+60,5.493817e+70,1.531471e+08,8.878130e+06,6.551185e-06,2.666348e+36,3.309974e-06,solution good enough for the tolerances given,solution good enough for the tolerances given,solution good enough for the tolerances given,6.551185e-06,1.466393e+27,3.309974e-06,2.652627e+18,9.386964e+04,3.818244e+60,1.351178e+47,1.531471e+08,4.053783e-07,3.816692e+28,5.493817e+70,4.727875e+06,4.555711e-05,2.854203e+00,8.411031e-05,4.940032e-05,2.208445e-04,0.000000e+00,false
6,1.000000e+00,1,48,CONTINUE,9.051200e-06,3.640560e-06,1.000000e-09,9.051200e-07,2.220529e-14,8.655550e-05,7.258775e-01,3.567030e+00,1.427678e-06,2.091936e+00,5.677745e-01,2.073778e+00,1.341077e-06,1.067786e-03,REFINE_STALLED,REACHED_FORCE,REFINE_STALLED,12,4,1,12,4,1,12,4,1,2.998850e-06,1.778180e-06,1.152884e-05,6.395624e-07,1.975113e-06,1.358209e-05,2.904160e-04,3.619842e-04,2.472215e-03,solution good enough for the tolerances given,solution good enough for the tolerances given,solution good enough for the tolerances given,7.039099e-06,1.133095e-06,1.208703e-05,2.371457e-16,2.998850e-06,3.021703e-16,1.152884e-05,2.134041e-15,1.975113e-06,1.778180e-06,6.395624e-07,1.358209e-05,2.625923e-03,2.854292e+00,6.983253e-06,4.098602e-06,1.621580e-05,0.000000e+00,false
6,3.162000e+00,1,45,CONTINUE,9.051200e-06,3.744853e-06,1.000000e-09,9.051200e-07,2.220529e-14,8.556427e-05,7.166706e-01,3.597745e+00,1.508761e-06,2.140652e+00,5.916232e-01,2.091864e+00,1.341077e-06,1.067786e-03,REFINE_STALLED,REACHED_FORCE,REFINE_STALLED,11,4,1,11,3,1,11,5,1,1.175991e-06,1.622151e-06,9.128244e-07,2.176494e-07,1.969616e-06,1.024537e-06,2.813996e-04,3.624835e-04,2.410725e-03,solution good enough for the tolerances given,solution good enough for the tolerances given,solution good enough for the tolerances given,7.031053e-06,6.952159e-07,1.207014e-05,7.903166e-16,1.175991e-06,6.614526e-16,9.128244e-07,1.034467e-14,1.969616e-06,1.622151e-06,2.176494e-07,1.024537e-06,1.479870e-03,2.854231e+00,6.983253e-06,4.098602e-06,1.621580e-05,0.000000e+00,false
6,1.000000e+01,0,36,CONTINUE,9.051200e-06,3.412726e-06,1.000000e-09,9.051200e-07,2.220529e-14,8.511337e-05,7.307330e-01,3.497285e+00,1.332706e-06,2.005015e+00,5.193513e-01,2.031680e+00,1.341077e-06,1.067786e-03,REACHED_FORCE,REACHED_FORCE,REACHED_FORCE,10,4,1,10,0,0,12,0,0,1.172648e-06,8.634025e-07,1.269244e-07,NaN,3.635618e-10,NaN,2.587121e-04,3.021266e-04,2.239446e-03,solution good enough for the tolerances given,solution good enough for the tolerances given,solution good enough for the tolerances given,7.015766e-06,6.336176e-07,1.435177e-09,2.003045e-15,1.172648e-06,8.424150e-15,1.269244e-07,1.023616e-14,3.635618e-10,8.634025e-07,1.269244e-07,3.635618e-10,8.372390e-04,2.854212e+00,6.983253e-06,4.098602e-06,1.621580e-05,0.000000e+00,false
6,3.162000e+01,0,32,CONTINUE,9.051200e-06,3.708740e-06,1.000000e-09,9.051200e-07,2.220529e-14,7.860054e-05,7.184067e-01,3.601276e+00,1.407098e-06,2.121973e+00,5.932087e-01,2.093815e+00,1.341077e-06,1.067786e-03,REACHED_FORCE,REACHED_FORCE,REACHED_FORCE,11,0,0,10,0,0,11,0,0,1.554097e-10,NaN,4.316929e-08,NaN,6.653703e-10,NaN,2.125362e-04,2.824021e-04,1.837993e-03,solution good enough for the tolerances given,solution good enough for the tolerances given,solution good enough for the tolerances given,9.889183e-10,2.350102e-07,3.972011e-09,1.005159e-14,1.554097e-10,2.186133e-14,4.316929e-08,1.822977e-14,6.653703e-10,1.554097e-10,4.316929e-08,6.653703e-10,4.780819e-04,2.854206e+00,6.983253e-06,4.098602e-06,1.621580e-05,0.000000e+00,false
6,1.000000e+02,0,29,CONTINUE,9.051200e-06,3.710497e-06,1.000000e-09,9.051200e-07,2.220529e-14,7.832075e-05,7.183225e-01,3.601735e+00,1.407696e-06,2.122402e+00,5.935097e-01,2.094097e+00,1.341077e-06,1.067786e-03,REACHED_FORCE,REACHED_FORCE,REACHED_FORCE,10,0,0,9,0,0,10,0,0,9.401136e-09,NaN,6.640021e-08,NaN,3.054617e-08,NaN,1.521098e-04,1.925701e-04,1.206612e-03,solution good enough for the tolerances given,solution good enough for the tolerances given,solution good enough for the tolerances given,3.292226e-08,2.251873e-07,1.586881e-07,4.988696e-14,9.401136e-09,6.716030e-14,6.640021e-08,6.304464e-14,3.054617e-08,9.401136e-09,6.640021e-08,3.054617e-08,2.774265e-04,2.854204e+00,6.983253e-06,4.098602e-06,1.621580e-05,0.000000e+00,false
6,3.162000e+02,0,26,CONTINUE,9.051200e-06,3.924797e-06,1.000000e-09,9.051200e-07,2.220529e-14,7.832075e-05,7.030892e-01,3.667720e+00,1.493474e-06,2.203087e+00,6.501523e-01,2.133368e+00,1.341077e-06,1.067786e-03,REACHED_FORCE,REACHED_FORCE,REACHED_FORCE,9,0,0,7,0,0,10,0,0,5.948411e-07,NaN,3.664970e-07,NaN,3.057034e-13,NaN,9.713646e-05,1.169744e-04,6.521843e-04,solution good enough for the tolerances given,solution good enough for the tolerances given,solution good enough for the tolerances given,3.140254e-06,1.932710e-06,1.588309e-12,8.878366e-14,5.948411e-07,3.246176e-13,3.664970e-07,2.958721e-13,3.057034e-13,5.948411e-07,3.664970e-07,3.057034e-13,1.650697e-04,2.854203e+00,6.983253e-06,4.098602e-06,1.621580e-05,0.000000e+00,false
6,1.000000e+03,0,19,CONTINUE,9.051200e-06,3.735856e-06,1.000000e-09,9.051200e-07,2.220529e-14,7.832075e-05,7.150404e-01,3.605990e+00,1.424117e-06,2.130805e+00,5.988768e-01,2.096754e+00,1.341077e-06,1.067786e-03,REACHED_FORCE,REACHED_FORCE,REACHED_FORCE,7,0,0,5,0,0,7,0,0,1.372591e-07,NaN,3.682389e-07,NaN,3.721164e-07,NaN,5.634088e-05,5.374660e-05,3.624975e-04,solution good enough for the tolerances given,solution good enough for the tolerances given,solution good enough for the tolerances given,7.469688e-07,8.804478e-07,2.382506e-06,2.731294e-13,1.372591e-07,9.127289e-13,3.682389e-07,6.094202e-13,3.721164e-07,1.372591e-07,3.682389e-07,3.721164e-07,1.016312e-04,2.854203e+00,6.983253e-06,4.098602e-06,1.621580e-05,0.000000e+00,false
6,3.162000e+03,0,14,CONTINUE,9.051200e-06,3.711905e-06,1.000000e-09,9.051200e-07,2.220529e-14,7.832075e-05,7.171958e-01,3.597515e+00,1.416538e-06,2.114873e+00,5.920727e-01,2.091545e+00,1.341077e-06,1.067786e-03,REACHED_FORCE,REACHED_FORCE,REACHED_FORCE,5,0,0,4,0,0,5,0,0,1.235324e-07,NaN,3.052826e-07,NaN,3.597417e-07,NaN,3.245355e-05,2.401097e-05,2.259576e-04,solution good enough for the tolerances given,solution good enough for the tolerances given,solution good enough for the tolerances given,6.807988e-07,2.351967e-07,2.140799e-06,9.670717e-13,1.235324e-07,2.418357e-12,3.052826e-07,2.304330e-12,3.597417e-07,1.235324e-07,3.052826e-07,3.597417e-07,6.512081e-05,2.854203e+00,6.983253e-06,4.098602e-06,1.621580e-05,0.000000e+00,false
6,1.000000e+04,0,10,CONTINUE,9.051200e-06,3.694523e-06,1.000000e-09,9.051200e-07,2.220529e-14,7.832076e-05,7.210977e-01,3.604218e+00,1.377441e-06,2.121299e+00,5.941830e-01,2.095627e+00,1.341077e-06,1.067786e-03,REACHED_FORCE,REACHED_FORCE,REACHED_FORCE,3,0,0,3,0,0,4,0,0,1.773597e-07,NaN,4.386811e-08,NaN,6.419872e-08,NaN,1.778594e-05,1.085666e-05,1.258469e-04,solution good enough for the tolerances given,solution good enough for the tolerances given,solution good enough for the tolerances given,1.119567e-06,1.100457e-07,5.673201e-07,2.645291e-12,1.773597e-07,7.442472e-12,4.386811e-08,5.379917e-12,6.419872e-08,1.773597e-07,4.386811e-08,6.419872e-08,4.317578e-05,2.854203e+00,6.983253e-06,4.098602e-06,1.621580e-05,0.000000e+00,false
6,3.162000e+04,0,7,CONTINUE,9.051200e-06,3.719045e-06,1.000000e-09,9.051200e-07,2.220529e-14,7.832071e-05,7.163156e-01,3.598848e+00,1.416748e-06,2.123844e+00,5.944069e-01,2.092420e+00,1.341077e-06,1.067786e-03,REACHED_FORCE,REACHED_FORCE,REACHED_FORCE,2,0,0,2,0,0,3,0,0,1.292091e-07,NaN,5.303068e-08,NaN,4.542699e-08,NaN,7.987928e-06,4.168240e-06,5.423959e-05,solution good enough for the tolerances given,solution good enough for the tolerances given,solution good enough for the tolerances given,7.821382e-07,3.482216e-07,3.028557e-07,8.248729e-12,1.292091e-07,1.213960e-11,5.303068e-08,1.152670e-11,4.542699e-08,1.292091e-07,5.303068e-08,4.542699e-08,2.887157e-05,2.854203e+00,6.983253e-06,4.098602e-06,1.621580e-05,0.000000e+00,false
6,1.000000e+05,0,6,CONTINUE,9.051200e-06,3.707741e-06,1.000000e-09,9.051200e-07,2.220529e-14,7.832064e-05,7.183951e-01,3.600980e+00,1.405600e-06,2.121190e+00,5.928061e-01,2.093650e+00,1.341077e-06,1.067786e-03,REACHED_FORCE,REACHED_FORCE,REACHED_FORCE,2,0,0,2,0,0,2,0,0,1.251649e-08,NaN,3.406788e-08,NaN,3.799515e-08,NaN,2.965512e-06,1.431167e-06,1.945333e-05,solution good enough for the tolerances given,solution good enough for the tolerances given,solution good enough for the tolerances given,1.005784e-07,3.813608e-08,2.778806e-07,2.810662e-11,1.251649e-08,5.044814e-11,3.406788e-08,3.436761e-11,3.799515e-08,1.251649e-08,3.406788e-08,3.799515e-08,1.931642e-05,2.854203e+00,6.983253e-06,4.098602e-06,1.621580e-05,0.000000e+00,false
6,3.162000e+05,0,5,CONTINUE,9.051200e-06,3.715291e-06,1.000000e-09,9.051200e-07,2.220529e-14,7.832026e-05,7.181212e-01,3.595392e+00,1.425809e-06,2.122548e+00,5.886632e-01,2.090384e+00,1.341077e-06,1.067786e-03,REACHED_FORCE,REACHED_FORCE,REACHED_FORCE,2,0,0,1,0,0,2,0,0,1.387443e-09,NaN,7.029151e-08,NaN,4.309565e-09,NaN,9.952525e-07,4.676029e-07,6.428322e-06,solution good enough for the tolerances given,solution good enough for the tolerances given,solution good enough for the tolerances given,1.105922e-08,4.676029e-07,3.012562e-08,8.139931e-11,1.387443e-09,1.439433e-10,7.029151e-08,8.625365e-11,4.309565e-09,1.387443e-09,7.029151e-08,4.309565e-09,1.372078e-05,2.854203e+00,6.983253e-06,4.098602e-06,1.621580e-05,0.000000e+00,false
6,1.000000e+06,0,4,CONTINUE,9.051200e-06,3.730380e-06,1.000000e-09,9.051200e-07,2.220529e-14,7.831810e-05,7.165880e-01,3.601978e+00,1.432136e-06,2.124782e+00,5.942344e-01,2.094324e+00,1.341077e-06,1.067786e-03,REACHED_FORCE,REACHED_FORCE,REACHED_FORCE,1,0,0,1,0,0,2,0,0,7.193827e-08,NaN,2.176314e-08,NaN,4.496363e-10,NaN,3.210261e-07,1.487049e-07,2.062023e-06,solution good enough for the tolerances given,solution good enough for the tolerances given,solution good enough for the tolerances given,3.210261e-07,1.487049e-07,3.101634e-09,2.485272e-10,7.193827e-08,3.501389e-10,2.176314e-08,2.442651e-10,4.496363e-10,7.193827e-08,2.176314e-08,4.496363e-10,1.105668e-05,2.854203e+00,6.983253e-06,4.098602e-06,1.621580e-05,0.000000e+00,false
6,3.162000e+06,0,3,CONTINUE,9.051200e-06,3.722293e-06,1.000000e-09,9.051200e-07,2.220529e-14,7.831614e-05,7.173375e-01,3.592586e+00,1.439181e-06,2.125465e+00,5.879569e-01,2.088704e+00,1.341077e-06,1.067786e-03,REACHED_FORCE,REACHED_FORCE,REACHED_FORCE,1,0,0,1,0,0,1,0,0,1.014250e-08,NaN,1.073146e-07,NaN,1.146230e-07,NaN,1.021779e-07,4.733866e-08,6.551309e-07,solution good enough for the tolerances given,solution good enough for the tolerances given,solution good enough for the tolerances given,1.021779e-07,4.733866e-08,6.551309e-07,9.683896e-10,1.014250e-08,1.501559e-09,1.073146e-07,1.157836e-09,1.146230e-07,1.014250e-08,1.073146e-07,1.146230e-07,9.109533e-06,2.854203e+00,6.983253e-06,4.098602e-06,1.621580e-05,0.000000e+00,true
6,1.000000e+07,0,3,CONTINUE,9.051200e-06,3.711970e-06,1.000000e-09,9.051200e-07,2.220529e-14,7.829273e-05,7.185208e-01,3.600602e+00,1.409038e-06,2.123593e+00,5.918582e-01,2.093421e+00,1.341077e-06,1.067786e-03,REACHED_FORCE,REACHED_FORCE,REACHED_FORCE,1,0,0,1,0,0,1,0,0,3.225354e-09,NaN,3.436348e-08,NaN,3.630337e-08,NaN,3.238029e-08,1.502901e-08,2.074517e-07,solution good enough for the tolerances given,solution good enough for the tolerances given,solution good enough for the tolerances given,3.238029e-08,1.502901e-08,2.074517e-07,2.730431e-09,3.225354e-09,3.617991e-09,3.436348e-08,2.387214e-09,3.630337e-08,3.225354e-09,3.436348e-08,3.630337e-08,5.124497e-06,2.854203e+00,6.983253e-06,4.098602e-06,1.621580e-05,0.000000e+00,false
6,3.162000e+07,0,3,CONTINUE,9.051200e-06,3.709743e-06,1.000000e-09,9.051200e-07,2.220529e-14,7.821083e-05,7.186431e-01,3.605114e+00,1.398542e-06,2.125141e+00,5.947560e-01,2.096046e+00,1.341077e-06,1.067786e-03,REACHED_FORCE,REACHED_FORCE,REACHED_FORCE,1,0,0,1,0,0,1,0,0,1.116213e-08,NaN,2.069525e-08,NaN,1.148349e-08,NaN,1.025070e-08,4.778452e-09,6.563025e-08,solution good enough for the tolerances given,solution good enough for the tolerances given,solution good enough for the tolerances given,1.025070e-08,4.778452e-09,6.563025e-08,1.116213e-08,1.028488e-09,2.069525e-08,1.094680e-08,9.445072e-09,1.148349e-08,1.116213e-08,2.069525e-08,1.148349e-08,2.882189e-06,2.854203e+00,6.983253e-06,4.098602e-06,1.621580e-05,0.000000e+00,false
6,1.000000e+08,0,3,CONTINUE,9.051200e-06,3.679903e-06,1.000000e-09,9.051200e-07,2.220529e-14,7.826635e-05,7.236630e-01,3.612428e+00,1.346311e-06,2.141687e+00,5.960481e-01,2.100086e+00,1.341077e-06,1.067786e-03,REACHED_FORCE,REACHED_FORCE,REACHED_FORCE,1,0,0,1,0,0,1,0,0,1.959094e-08,NaN,5.730184e-08,NaN,2.541585e-08,NaN,3.238144e-09,1.525129e-09,2.075127e-08,solution good enough for the tolerances given,solution good enough for the tolerances given,solution good enough for the tolerances given,3.238144e-09,1.525129e-09,2.075127e-08,1.959094e-08,3.289636e-10,5.730184e-08,3.478760e-09,2.541585e-08,3.631819e-09,1.959094e-08,5.730184e-08,2.541585e-08,1.618409e-06,2.854203e+00,6.983253e-06,4.098602e-06,1.621580e-05,0.000000e+00,false
6,3.162000e+08,0,3,CONTINUE,9.051200e-06,3.580721e-06,1.000000e-09,9.051200e-07,2.220529e-14,7.753430e-05,7.349389e-01,3.622465e+00,1.227130e-06,2.168776e+00,5.956524e-01,2.105208e+00,1.341077e-06,1.067786e-03,REACHED_FORCE,REACHED_FORCE,REACHED_FORCE,1,0,0,1,0,0,1,0,0,8.835551e-08,NaN,1.314181e-07,NaN,6.938023e-08,NaN,1.026065e-09,4.860127e-10,6.558364e-09,solution good enough for the tolerances given,solution good enough for the tolerances given,solution good enough for the tolerances given,1.026065e-09,4.860127e-10,6.558364e-09,8.835551e-08,1.028859e-10,1.314181e-07,1.100823e-09,6.938023e-08,1.146922e-09,8.835551e-08,1.314181e-07,6.938023e-08,9.102676e-07,2.854203e+00,6.983253e-06,4.098602e-06,1.621580e-05,0.000000e+00,false
6,1.000000e+09,0,3,CONTINUE,9.051200e-06,3.656179e-06,1.000000e-09,9.051200e-07,2.220529e-14,7.474241e-05,7.464611e-01,3.711693e+00,1.000910e-06,2.410105e+00,6.478447e-01,2.155709e+00,1.341077e-06,1.067786e-03,REACHED_FORCE,REACHED_FORCE,REACHED_FORCE,1,0,0,1,0,0,1,0,0,2.972566e-07,NaN,5.202597e-07,NaN,2.447266e-07,NaN,3.299870e-10,1.763313e-10,2.075287e-09,solution good enough for the tolerances given,solution good enough for the tolerances given,solution good enough for the tolerances given,3.299870e-10,1.763313e-10,2.075287e-09,2.972566e-07,3.895545e-11,5.202597e-07,3.907045e-10,2.447266e-07,3.633648e-10,2.972566e-07,5.202597e-07,2.447266e-07,5.074402e-07,2.854203e+00,6.983253e-06,4.098602e-06,1.621580e-05,0.000000e+00,false
6,3.162000e+09,0,5,CONTINUE,9.051200e-06,4.068843e-06,1.000000e-09,9.051200e-07,2.220529e-14,7.205256e-05,6.848763e-01,3.634335e+00,1.725886e-06,2.156284e+00,6.451076e-01,2.115967e+00,1.341077e-06,1.067786e-03,REACHED_FORCE,REACHED_FORCE,REACHED_FORCE,1,0,0,1,1,1,1,1,1,6.251468e-07,NaN,1.016915e-06,2.575180e-07,9.587066e-07,2.692593e-07,1.009889e-10,6.527047e-11,6.469642e-10,solution good enough for the tolerances given,solution good enough for the tolerances given,solution good enough for the tolerances given,1.009889e-10,6.527047e-11,6.469642e-10,6.251468e-07,2.206488e-11,1.016915e-06,1.352094e-11,9.587066e-07,1.129824e-10,6.251468e-07,2.575180e-07,2.692593e-07,2.875463e-07,2.854203e+00,6.983253e-06,4.098602e-06,1.621580e-05,0.000000e+00,false
6,1.000000e+10,1,8,CONTINUE,9.051200e-06,9.146462e-06,1.000000e-09,9.051200e-07,2.220529e-14,7.165509e-05,1.171179e-08,2.963374e+00,8.482224e-06,1.366221e+08,1.108390e+07,1.769928e+00,1.341077e-06,1.067786e-03,REFINE_STALLED,REFINE_STALLED,REFINE_STALLED,1,1,1,2,2,1,1,1,1,5.809636e-05,2.382496e-03,4.367354e+00,2.322897e+02,8.505171e-06,2.620024e-04,2.721563e-10,2.699049e-05,2.345924e-10,solution good enough for the tolerances given,solution good enough for the tolerances given,solution good enough for the tolerances given,2.721563e-10,5.246894e-10,2.345924e-10,5.809636e-05,4.054670e-11,4.367354e+00,2.204646e-09,8.505171e-06,3.487418e-11,2.382496e-03,2.322897e+02,2.620024e-04,5.152011e-08,2.854203e+00,6.983253e-06,4.098602e-06,1.621580e-05,0.000000e+00,false
6,3.162000e+10,1,24,CONTINUE,9.051200e-06,8.868451e-06,1.000000e-09,9.051200e-07,2.220529e-14,2.805437e-11,3.117534e-26,2.963315e+00,8.482393e-06,1.129747e+21,5.689485e+24,1.736373e+00,1.341077e-06,1.067786e-03,REFINE_STALLED,REFINE_STALLED,REFINE_STALLED,1,4,1,7,6,1,2,4,3,7.805068e+02,1.098627e+06,2.975574e+16,4.190917e+19,4.998125e+00,1.808403e-01,2.505871e-07,1.817361e+07,3.309935e-06,solution good enough for the tolerances given,solution good enough for the tolerances given,solution good enough for the tolerances given,2.505871e-07,1.606325e-03,6.135976e-07,7.805068e+02,2.238156e-03,2.975574e+16,8.531790e+10,4.998125e+00,9.324612e-08,1.098627e+06,4.190917e+19,2.896536e-02,4.555712e-05,2.854203e+00,6.983253e-06,4.098602e-06,1.621580e-05,0.000000e+00,false
6,1.000000e+11,1,24,CONTINUE,9.051200e-06,8.868423e-06,1.000000e-09,9.051200e-07,2.220529e-14,8.870791e-12,9.853773e-30,2.963346e+00,8.482305e-06,1.130168e+24,1.798406e+28,1.736421e+00,1.341077e-06,1.067786e-03,REFINE_STALLED,REFINE_STALLED,REFINE_STALLED,1,4,1,7,6,1,2,4,3,7.806467e+03,3.471461e+07,2.977980e+19,1.324522e+23,1.580686e+01,5.719227e-01,2.505864e-07,1.817732e+09,3.309962e-06,solution good enough for the tolerances given,solution good enough for the tolerances given,solution good enough for the tolerances given,2.505864e-07,1.504519e-01,6.136053e-07,7.806467e+03,7.078222e-03,2.977980e+19,2.700085e+13,1.580686e+01,9.324707e-08,3.471461e+07,1.324522e+23,9.160281e-02,4.555711e-05,2.854203e+00,6.983253e-06,4.098602e-06,1.621580e-05,0.000000e+00,false
6,3.162000e+11,1,25,CONTINUE,9.051200e-06,8.868414e-06,1.000000e-09,9.051200e-07,2.220529e-14,2.805437e-12,3.118162e-33,2.963356e+00,8.482277e-06,1.129488e+27,5.681528e+31,1.736436e+00,1.341077e-06,1.067786e-03,REFINE_STALLED,REFINE_STALLED,REFINE_STALLED,1,5,1,7,6,1,2,4,3,7.805070e+04,1.097101e+09,2.976589e+22,4.184227e+26,4.998133e+01,1.808417e+00,2.505861e-07,1.816957e+11,3.309970e-06,solution good enough for the tolerances given,solution good enough for the tolerances given,solution good enough for the tolerances given,2.505861e-07,1.453195e+01,6.136064e-07,7.805070e+04,2.238116e-02,2.976589e+22,8.535329e+15,4.998133e+01,9.324710e-08,1.097101e+09,4.184227e+26,2.896452e-01,4.555711e-05,2.854203e+00,6.983253e-06,4.098602e-06,1.621580e-05,0.000000e+00,false
6,1.000000e+12,1,25,CONTINUE,9.051200e-06,8.868411e-06,1.000000e-09,9.051200e-07,2.220529e-14,8.870793e-13,9.854500e-37,2.963359e+00,8.482268e-06,1.130073e+30,1.797592e+35,1.736441e+00,1.341077e-06,1.067786e-03,REFINE_STALLED,REFINE_STALLED,REFINE_STALLED,1,5,1,7,6,1,2,4,3,7.806468e+05,3.469903e+10,2.978264e+25,1.323838e+30,1.580687e+02,5.719249e+00,2.505861e-07,1.817570e+13,3.309974e-06,solution good enough for the tolerances given,solution good enough for the tolerances given,solution good enough for the tolerances given,2.505861e-07,1.453905e+03,6.136086e-07,7.806468e+05,7.078187e-02,2.978264e+25,2.700407e+18,1.580687e+02,9.324754e-08,3.469903e+10,1.323838e+30,9.160207e-01,4.555711e-05,2.854203e+00,6.983253e-06,4.098602e-06,1.621580e-05,0.000000e+00,false
6,3.162000e+12,1,25,CONTINUE,9.051200e-06,8.868410e-06,1.000000e-09,9.051200e-07,2.220529e-14,2.805437e-13,3.118154e-40,2.963360e+00,8.482265e-06,1.129485e+33,5.680872e+38,1.736442e+00,1.341077e-06,1.067786e-03,REFINE_STALLED,REFINE_STALLED,REFINE_STALLED,1,5,1,7,6,1,2,4,3,7.805098e+06,1.096960e+12,2.976762e+28,4.183660e+33,4.998133e+02,1.808426e+01,2.505860e-07,1.816944e+15,3.309979e-06,solution good enough for the tolerances given,solution good enough for the tolerances given,solution good enough for the tolerances given,2.505860e-07,1.634754e+05,6.136094e-07,7.805098e+06,2.238122e-01,2.976762e+28,8.535894e+20,4.998133e+02,9.324753e-08,1.096960e+12,4.183660e+33,2.896455e+00,4.555711e-05,2.854203e+00,6.983253e-06,4.098602e-06,1.621580e-05,0.000000e+00,false
6,1.000000e+13,1,25,CONTINUE,9.051200e-06,8.868410e-06,1.000000e-09,9.051200e-07,2.220529e-14,8.870793e-14,9.854530e-44,2.963360e+00,8.482264e-06,1.130069e+36,1.797521e+42,1.736443e+00,1.341077e-06,1.067786e-03,REFINE_STALLED,REFINE_STALLED,REFINE_STALLED,1,5,1,7,6,1,2,4,3,7.806477e+07,3.469766e+13,2.978313e+31,1.323777e+37,1.580684e+03,5.719250e+01,2.505860e-07,1.817571e+17,3.309974e-06,solution good enough for the tolerances given,solution good enough for the tolerances given,solution good enough for the tolerances given,2.505860e-07,1.550929e+07,6.136090e-07,7.806477e+07,7.078189e-01,2.978313e+31,2.700457e+23,1.580684e+03,9.324756e-08,3.469766e+13,1.323777e+37,9.160204e+00,4.555711e-05,2.854203e+00,6.983253e-06,4.098602e-06,1.621580e-05,0.000000e+00,false
6,3.162000e+13,1,25,CONTINUE,9.051200e-06,8.868410e-06,1.000000e-09,9.051200e-07,2.220529e-14,2.805437e-14,3.118246e-47,2.963360e+00,8.482264e-06,1.129455e+39,5.680626e+45,1.736443e+00,1.341077e-06,1.067786e-03,REFINE_STALLED,REFINE_STALLED,REFINE_STALLED,1,5,1,7,6,1,2,4,3,7.805056e+08,1.096932e+15,2.976699e+34,4.183472e+40,4.998127e+03,1.808417e+02,2.505860e-07,1.816913e+19,3.309971e-06,solution good enough for the tolerances given,solution good enough for the tolerances given,solution good enough for the tolerances given,2.505860e-07,1.452816e+09,6.136065e-07,7.805056e+08,2.238107e+00,2.976699e+34,8.535711e+25,4.998127e+03,9.324713e-08,1.096932e+15,4.183472e+40,2.896440e+01,4.555711e-05,2.854203e+00,6.983253e-06,4.098602e-06,1.621580e-05,0.000000e+00,false
6,1.000000e+14,1,25,CONTINUE,9.051200e-06,8.868410e-06,1.000000e-09,9.051200e-07,2.220529e-14,8.870793e-15,9.854657e-51,2.963360e+00,8.482264e-06,1.130054e+42,1.797480e+49,1.736443e+00,1.341077e-06,1.067786e-03,REFINE_STALLED,REFINE_STALLED,REFINE_STALLED,1,5,1,7,6,1,2,4,3,7.806413e+09,3.469708e+16,2.978260e+37,1.323745e+44,1.580686e+04,5.719211e+02,2.505860e-07,1.817546e+21,3.309972e-06,solution good enough for the tolerances given,solution good enough for the tolerances given,solution good enough for the tolerances given,2.505860e-07,1.462518e+11,6.136063e-07,7.806413e+09,7.078123e+00,2.978260e+37,2.700407e+28,1.580686e+04,9.324699e-08,3.469708e+16,1.323745e+44,9.160141e+01,4.555711e-05,2.854203e+00,6.983253e-06,4.098602e-06,1.621580e-05,0.000000e+00,false
6,3.162000e+14,1,26,CONTINUE,9.051200e-06,8.868410e-06,1.000000e-09,9.051200e-07,2.220529e-14,2.805437e-15,3.118277e-54,2.963360e+00,8.482264e-06,1.129443e+45,5.680559e+52,1.736443e+00,1.341077e-06,1.067786e-03,REFINE_STALLED,REFINE_STALLED,REFINE_STALLED,1,6,1,7,6,1,2,4,3,7.805064e+10,1.096924e+18,2.976662e+40,4.183421e+47,4.998126e+04,1.808419e+03,2.505860e-07,1.816888e+23,3.309973e-06,solution good enough for the tolerances given,solution good enough for the tolerances given,solution good enough for the tolerances given,2.505860e-07,1.535135e+13,6.136070e-07,7.805064e+10,2.238110e+01,2.976662e+40,8.535608e+30,4.998126e+04,9.324711e-08,1.096924e+18,4.183421e+47,2.896441e+02,4.555711e-05,2.854203e+00,6.983253e-06,4.098602e-06,1.621580e-05,0.000000e+00,false
6,1.000000e+15,1,26,CONTINUE,9.051200e-06,8.868410e-06,1.000000e-09,9.051200e-07,2.220529e-14,8.870793e-16,9.854699e-58,2.963360e+00,8.482264e-06,1.130048e+48,1.797472e+56,1.736443e+00,1.341077e-06,1.067786e-03,REFINE_STALLED,REFINE_STALLED,REFINE_STALLED,1,6,1,7,6,1,2,4,3,7.806434e+11,3.469707e+19,2.978258e+43,1.323740e+51,1.580686e+05,5.719216e+03,2.505860e-07,1.817544e+25,3.309976e-06,solution good enough for the tolerances given,solution good enough for the tolerances given,solution good enough for the tolerances given,2.505860e-07,1.509794e+15,6.136072e-07,7.806434e+11,7.078142e+01,2.978258e+43,2.700405e+33,1.580686e+05,9.324711e-08,3.469707e+19,1.323740e+51,9.160155e+02,4.555711e-05,2.854203e+00,6.983253e-06,4.098602e-06,1.621580e-05,0.000000e+00,false
6,3.162000e+15,1,26,CONTINUE,9.051200e-06,8.868410e-06,1.000000e-09,9.051200e-07,2.220529e-14,2.805437e-16,3.118182e-61,2.963360e+00,8.482264e-06,1.129478e+51,5.680769e+59,1.736443e+00,1.341077e-06,1.067786e-03,REFINE_STALLED,REFINE_STALLED,REFINE_STALLED,1,6,1,7,6,1,2,4,3,7.805113e+12,1.096947e+21,2.976772e+46,4.183580e+54,4.998122e+05,1.808428e+04,2.505860e-07,1.816942e+27,3.309971e-06,solution good enough for the tolerances given,solution good enough for the tolerances given,solution good enough for the tolerances given,2.505860e-07,1.468761e+17,6.136090e-07,7.805113e+12,2.238127e+02,2.976772e+46,8.535933e+35,4.998122e+05,9.324772e-08,1.096947e+21,4.183580e+54,2.896459e+03,4.555711e-05,2.854203e+00,6.983253e-06,4.098602e-06,1.621580e-05,0.000000e+00,false
6,1.000000e+16,1,26,CONTINUE,9.051200e-06,8.868410e-06,1.000000e-09,9.051200e-07,2.220529e-14,8.870793e-17,9.854582e-65,2.963360e+00,8.482264e-06,1.130064e+54,1.797502e+63,1.736443e+00,1.341077e-06,1.067786e-03,REFINE_STALLED,REFINE_STALLED,REFINE_STALLED,1,6,1,7,6,1,2,4,3,7.806468e+13,3.469741e+22,2.978304e+49,1.323762e+58,1.580683e+06,5.719242e+04,2.505860e-07,1.817565e+29,3.309974e-06,solution good enough for the tolerances given,solution good enough for the tolerances given,solution good enough for the tolerances given,2.505860e-07,1.506659e+19,6.136085e-07,7.806468e+13,7.078178e+02,2.978304e+49,2.700448e+38,1.580683e+06,9.324741e-08,3.469741e+22,1.323762e+58,9.160189e+03,4.555711e-05,2.854203e+00,6.983253e-06,4.098602e-06,1.621580e-05,0.000000e+00,false
6,3.162000e+16,1,26,CONTINUE,9.051200e-06,8.868410e-06,1.000000e-09,9.051200e-07,2.220529e-14,2.805437e-17,3.118150e-68,2.963360e+00,8.482264e-06,1.129488e+57,5.680813e+66,1.736443e+00,1.341077e-06,1.067786e-03,REFINE_STALLED,REFINE_STALLED,REFINE_STALLED,1,6,1,7,6,1,2,4,3,7.805097e+14,1.096943e+24,2.976761e+52,4.183610e+61,4.998126e+06,1.808427e+05,2.505860e-07,1.816936e+31,3.309976e-06,solution good enough for the tolerances given,solution good enough for the tolerances given,solution good enough for the tolerances given,2.505860e-07,1.544593e+21,6.136091e-07,7.805097e+14,2.238121e+03,2.976761e+52,8.535897e+40,4.998126e+06,9.324752e-08,1.096943e+24,4.183610e+61,2.896455e+04,4.555711e-05,2.854203e+00,6.983253e-06,4.098602e-06,1.621580e-05,0.000000e+00,false
6,1.000000e+17,1,26,CONTINUE,9.051200e-06,8.868410e-06,1.000000e-09,9.051200e-07,2.220529e-14,8.870793e-18,9.854399e-72,2.963360e+00,8.482264e-06,1.130083e+60,1.797538e+70,1.736443e+00,1.341077e-06,1.067786e-03,REFINE_STALLED,REFINE_STALLED,REFINE_STALLED,1,6,1,7,6,1,2,4,3,7.806481e+15,3.469761e+25,2.978343e+55,1.323789e+65,1.580684e+07,5.719262e+05,2.505860e-07,1.817577e+33,3.309974e-06,solution good enough for the tolerances given,solution good enough for the tolerances given,solution good enough for the tolerances given,2.505860e-07,1.466007e+23,6.136096e-07,7.806481e+15,7.078199e+03,2.978343e+55,2.700487e+43,1.580684e+07,9.324777e-08,3.469761e+25,1.323789e+65,9.160216e+04,4.555711e-05,2.854203e+00,6.983253e-06,4.098602e-06,1.621580e-05,0.000000e+00,false
6,3.162000e+17,1,26,CONTINUE,9.051200e-06,8.868410e-06,1.000000e-09,9.051200e-07,2.220529e-14,2.805437e-18,3.118196e-75,2.963360e+00,8.482264e-06,1.129472e+63,5.680743e+73,1.736443e+00,1.341077e-06,1.067786e-03,REFINE_STALLED,REFINE_STALLED,REFINE_STALLED,1,6,1,7,6,1,2,4,3,7.805114e+16,1.096938e+27,2.976722e+58,4.183561e+68,4.998124e+07,1.808431e+06,2.505860e-07,1.816913e+35,3.309974e-06,solution good enough for the tolerances given,solution good enough for the tolerances given,solution good enough for the tolerances given,2.505860e-07,1.553544e+25,6.136096e-07,7.805114e+16,2.238127e+04,2.976722e+58,8.535789e+45,4.998124e+07,9.324777e-08,1.096938e+27,4.183561e+68,2.896462e+05,4.555711e-05,2.854203e+00,6.983253e-06,4.098602e-06,1.621580e-05,0.000000e+00,false
6,1.000000e+18,1,26,CONTINUE,9.051200e-06,8.868410e-06,1.000000e-09,9.051200e-07,2.220529e-14,8.870793e-19,9.854380e-79,2.963360e+00,8.482264e-06,1.130085e+66,1.797541e+77,1.736443e+00,1.341077e-06,1.067786e-03,REFINE_STALLED,REFINE_STALLED,REFINE_STALLED,1,6,1,7,6,1,2,4,3,7.806483e+17,3.469776e+28,2.978362e+61,1.323792e+72,1.580684e+08,5.719261e+06,2.505860e-07,1.817592e+37,3.309974e-06,solution good enough for the tolerances given,solution good enough for the tolerances given,solution good enough for the tolerances given,2.505860e-07,1.451935e+27,6.136096e-07,7.806483e+17,7.078199e+04,2.978362e+61,2.700504e+48,1.580684e+08,9.324777e-08,3.469776e+28,1.323792e+72,9.160218e+05,4.555711e-05,2.854203e+00,6.983253e-06,4.098602e-06,1.621580e-05,0.000000e+00,false
7,1.000000e+00,1,42,CONTINUE,3.722293e-06,2.828813e-07,1.000000e-09,3.722293e-07,2.220470e-14,1.320075e-04,9.900000e-01,3.380565e+00,1.006540e-07,6.829575e-01,1.813675e-01,1.941757e+00,1.014360e-06,6.391524e-04,REFINE_STALLED,REFINE_STALLED,REACHED_FORCE,12,4,1,6,4,1,12,4,1,7.491101e-07,5.994141e-07,8.254733e-07,1.768035e-06,3.838930e-07,2.027594e-07,3.311135e-04,2.879174e-05,1.054257e-04,solution good enough for the tolerances given,solution good enough for the tolerances given,solution good enough for the tolerances given,3.759746e-06,3.813394e-06,2.444862e-06,1.616398e-16,7.491101e-07,1.106134e-16,8.254733e-07,3.707444e-16,3.838930e-07,5.994141e-07,1.768035e-06,2.027594e-07,2.118568e-03,2.854251e+00,1.630253e-06,9.555952e-07,7.065179e-06,0.000000e+00,false
7,3.162000e+00,0,33,CONTINUE,3.722293e-06,3.505060e-07,1.000000e-09,3.722293e-07,2.220470e-14,1.270217e-04,9.236066e-01,3.669033e+00,1.151543e-07,7.024564e-01,1.259323e-01,2.106678e+00,1.014360e-06,6.391524e-04,REACHED_FORCE,REACHED_FORCE,REACHED_FORCE,11,5,1,6,0,0,11,0,0,5.313444e-07,2.373379e-07,2.956178e-07,NaN,3.690162e-07,NaN,3.196021e-04,3.576713e-05,1.017217e-04,solution good enough for the tolerances given,solution good enough for the tolerances given,solution good enough for the tolerances given,3.474980e-06,1.695285e-06,2.440116e-06,5.359298e-16,5.313444e-07,3.274112e-16,2.956178e-07,9.042547e-16,3.690162e-07,2.373379e-07,2.956178e-07,3.690162e-07,1.194279e-03,2.854218e+00,1.630253e-06,9.555952e-07,7.065179e-06,0.000000e+00,false
7,1.000000e+01,0,26,CONTINUE,3.722293e-06,3.419584e-07,1.000000e-09,3.722293e-07,2.220470e-14,1.257476e-04,9.346810e-01,3.577329e+00,1.155014e-07,6.910236e-01,1.267281e-01,2.054039e+00,1.014360e-06,6.391524e-04,REACHED_FORCE,REACHED_FORCE,REACHED_FORCE,11,0,0,5,0,0,10,0,0,6.287086e-08,NaN,1.556645e-07,NaN,3.576244e-07,NaN,2.893947e-04,2.767439e-05,9.235302e-05,solution good enough for the tolerances given,solution good enough for the tolerances given,solution good enough for the tolerances given,3.543933e-07,1.188702e-06,2.410250e-06,2.068816e-15,6.287086e-08,1.469583e-15,1.556645e-07,2.043616e-15,3.576244e-07,6.287086e-08,1.556645e-07,3.576244e-07,6.762639e-04,2.854208e+00,1.630253e-06,9.555952e-07,7.065179e-06,0.000000e+00,false
7,3.162000e+01,0,28,CONTINUE,3.722293e-06,3.486018e-07,1.000000e-09,3.722293e-07,2.220470e-14,1.225003e-04,9.268870e-01,3.623358e+00,1.161314e-07,7.009884e-01,1.248094e-01,2.080360e+00,1.014360e-06,6.391524e-04,REACHED_FORCE,REACHED_FORCE,REACHED_FORCE,11,0,0,6,0,0,11,0,0,2.178459e-13,NaN,1.498142e-07,NaN,2.870806e-13,NaN,2.284991e-04,2.321567e-05,7.480578e-05,solution good enough for the tolerances given,solution good enough for the tolerances given,solution good enough for the tolerances given,1.427101e-12,7.449189e-07,1.562033e-12,3.716255e-15,2.178459e-13,3.208613e-15,1.498142e-07,9.148797e-15,2.870806e-13,2.178459e-13,1.498142e-07,2.870806e-13,3.872211e-04,2.854204e+00,1.630253e-06,9.555952e-07,7.065179e-06,0.000000e+00,false
7,1.000000e+02,0,25,CONTINUE,3.722293e-06,3.475091e-07,1.000000e-09,3.722293e-07,2.220470e-14,1.225002e-04,9.279814e-01,3.620369e+00,1.157842e-07,7.004342e-01,1.247861e-01,2.078655e+00,1.014360e-06,6.391524e-04,REACHED_FORCE,REACHED_FORCE,REACHED_FORCE,10,0,0,5,0,0,10,0,0,3.133861e-11,NaN,6.651154e-08,NaN,9.432343e-12,NaN,1.483563e-04,1.410670e-05,5.356295e-05,solution good enough for the tolerances given,solution good enough for the tolerances given,solution good enough for the tolerances given,1.993199e-10,4.562805e-07,5.487918e-11,6.813008e-15,3.133861e-11,1.426594e-14,6.651154e-08,1.891701e-14,9.432343e-12,3.133861e-11,6.651154e-08,9.432343e-12,2.262567e-04,2.854203e+00,1.630253e-06,9.555952e-07,7.065179e-06,0.000000e+00,false
7,3.162000e+02,0,20,CONTINUE,3.722293e-06,3.441255e-07,1.000000e-09,3.722293e-07,2.220470e-14,1.225002e-04,9.310353e-01,3.609904e+00,1.151420e-07,6.987654e-01,1.247754e-01,2.072651e+00,1.014360e-06,6.391524e-04,REACHED_FORCE,REACHED_FORCE,REACHED_FORCE,9,0,0,3,0,0,8,0,0,1.971737e-08,NaN,7.519342e-08,NaN,2.229584e-07,NaN,8.088866e-05,6.578612e-06,3.510189e-05,solution good enough for the tolerances given,solution good enough for the tolerances given,solution good enough for the tolerances given,8.569475e-08,4.655691e-07,1.440145e-06,3.669414e-14,1.971737e-08,4.362541e-14,7.519342e-08,9.064249e-14,2.229584e-07,1.971737e-08,7.519342e-08,2.229584e-07,1.357434e-04,2.854203e+00,1.630253e-06,9.555952e-07,7.065179e-06,0.000000e+00,false
7,1.000000e+03,0,15,CONTINUE,3.722293e-06,3.347761e-07,1.000000e-09,3.722293e-07,2.220470e-14,1.225002e-04,9.374399e-01,3.636016e+00,1.110162e-07,7.065979e-01,1.243951e-01,2.087552e+00,1.014360e-06,6.391524e-04,REACHED_FORCE,REACHED_FORCE,REACHED_FORCE,6,0,0,3,0,0,6,0,0,1.640510e-07,NaN,6.219566e-08,NaN,6.456891e-08,NaN,3.940500e-05,3.004394e-06,2.150489e-05,solution good enough for the tolerances given,solution good enough for the tolerances given,solution good enough for the tolerances given,9.214996e-07,4.408749e-07,4.446553e-07,1.270532e-13,1.640510e-07,1.016956e-13,6.219566e-08,3.435444e-13,6.456891e-08,1.640510e-07,6.219566e-08,6.456891e-08,8.380179e-05,2.854203e+00,1.630253e-06,9.555952e-07,7.065179e-06,0.000000e+00,false
7,3.162000e+03,0,11,CONTINUE,3.722293e-06,3.466699e-07,1.000000e-09,3.722293e-07,2.220470e-14,1.225002e-04,9.287615e-01,3.621619e+00,1.156797e-07,7.020713e-01,1.251265e-01,2.079360e+00,1.014360e-06,6.391524e-04,REACHED_FORCE,REACHED_FORCE,REACHED_FORCE,5,0,0,2,0,0,4,0,0,1.203651e-08,NaN,2.871538e-08,NaN,6.688056e-08,NaN,1.905985e-05,9.503137e-07,1.256565e-05,solution good enough for the tolerances given,solution good enough for the tolerances given,solution good enough for the tolerances given,8.986307e-08,1.947787e-07,5.702328e-07,2.789402e-13,1.203651e-08,3.110290e-13,2.871538e-08,1.305165e-12,6.688056e-08,1.203651e-08,2.871538e-08,6.688056e-08,5.357457e-05,2.854203e+00,1.630253e-06,9.555952e-07,7.065179e-06,0.000000e+00,false
7,1.000000e+04,0,8,CONTINUE,3.722293e-06,3.462606e-07,1.000000e-09,3.722293e-07,2.220470e-14,1.225002e-04,9.287030e-01,3.622429e+00,1.152514e-07,7.027249e-01,1.256397e-01,2.079833e+00,1.014360e-06,6.391524e-04,REACHED_FORCE,REACHED_FORCE,REACHED_FORCE,3,0,0,2,0,0,3,0,0,4.627296e-08,NaN,1.337233e-08,NaN,3.855572e-08,NaN,8.799670e-06,4.293108e-07,6.279854e-06,solution good enough for the tolerances given,solution good enough for the tolerances given,solution good enough for the tolerances given,2.944206e-07,1.156015e-07,2.005961e-07,1.014564e-12,4.627296e-08,1.274172e-12,1.337233e-08,3.772442e-12,3.855572e-08,4.627296e-08,1.337233e-08,3.855572e-08,3.517347e-05,2.854203e+00,1.630253e-06,9.555952e-07,7.065179e-06,0.000000e+00,false
7,3.162000e+04,0,5,CONTINUE,3.722293e-06,3.434741e-07,1.000000e-09,3.722293e-07,2.220470e-14,1.225001e-04,9.315875e-01,3.602669e+00,1.153151e-07,6.984354e-01,1.260609e-01,2.068494e+00,1.014360e-06,6.391524e-04,REACHED_FORCE,REACHED_FORCE,REACHED_FORCE,2,0,0,1,0,0,2,0,0,3.640740e-08,NaN,2.251343e-08,NaN,2.902353e-08,NaN,3.465017e-06,1.551910e-07,2.523719e-06,solution good enough for the tolerances given,solution good enough for the tolerances given,solution good enough for the tolerances given,2.450864e-07,1.551910e-07,1.433469e-07,3.494951e-12,3.640740e-08,3.764854e-12,2.251343e-08,7.938307e-12,2.902353e-08,3.640740e-08,2.251343e-08,2.902353e-08,2.330522e-05,2.854203e+00,1.630253e-06,9.555952e-07,7.065179e-06,0.000000e+00,false
7,1.000000e+05,0,5,CONTINUE,3.722293e-06,3.445753e-07,1.000000e-09,3.722293e-07,2.220470e-14,1.225002e-04,9.306368e-01,3.610980e+00,1.155013e-07,7.007582e-01,1.258465e-01,2.073252e+00,1.014360e-06,6.391524e-04,REACHED_FORCE,REACHED_FORCE,REACHED_FORCE,2,0,0,1,0,0,2,0,0,4.624864e-09,NaN,5.287234e-09,NaN,3.587479e-09,NaN,1.200926e-06,4.233616e-08,8.787622e-07,solution good enough for the tolerances given,solution good enough for the tolerances given,solution good enough for the tolerances given,2.875467e-08,4.233616e-08,1.738379e-08,9.575746e-12,4.624864e-09,1.174755e-11,5.287234e-09,5.311071e-11,3.587479e-09,4.624864e-09,5.287234e-09,3.587479e-09,1.597288e-05,2.854203e+00,1.630253e-06,9.555952e-07,7.065179e-06,0.000000e+00,false
7,3.162000e+05,0,4,CONTINUE,3.722293e-06,3.449911e-07,1.000000e-09,3.722293e-07,2.220470e-14,1.224988e-04,9.302643e-01,3.612502e+00,1.155610e-07,7.013180e-01,1.258905e-01,2.074122e+00,1.014360e-06,6.391524e-04,REACHED_FORCE,REACHED_FORCE,REACHED_FORCE,2,0,0,1,0,0,1,0,0,2.649396e-09,NaN,2.164221e-09,NaN,6.126250e-08,NaN,3.922859e-07,1.327315e-08,2.873967e-07,solution good enough for the tolerances given,solution good enough for the tolerances given,solution good enough for the tolerances given,3.047799e-09,1.327315e-08,2.873967e-07,2.521788e-11,2.649396e-09,3.228187e-11,2.164221e-09,9.413827e-11,6.126250e-08,2.649396e-09,2.164221e-09,6.126250e-08,1.217047e-05,2.854203e+00,1.630253e-06,9.555952e-07,7.065179e-06,0.000000e+00,false
7,1.000000e+06,0,3,CONTINUE,3.722293e-06,3.451789e-07,1.000000e-09,3.722293e-07,2.220470e-14,1.224991e-04,9.302531e-01,3.615842e+00,1.160842e-07,7.023011e-01,1.258916e-01,2.076026e+00,1.014360e-06,6.391524e-04,REACHED_FORCE,REACHED_FORCE,REACHED_FORCE,1,0,0,1,0,0,1,0,0,2.567520e-08,NaN,7.516984e-10,NaN,1.962361e-08,NaN,1.253635e-07,4.709717e-09,9.188839e-08,solution good enough for the tolerances given,solution good enough for the tolerances given,solution good enough for the tolerances given,1.253635e-07,4.709717e-09,9.188839e-08,1.197829e-10,2.567520e-08,1.134927e-10,7.516984e-10,2.618501e-10,1.962361e-08,2.567520e-08,7.516984e-10,1.962361e-08,1.049704e-05,2.854203e+00,1.630253e-06,9.555952e-07,7.065179e-06,0.000000e+00,true
7,3.162000e+06,0,3,CONTINUE,3.722293e-06,3.451989e-07,1.000000e-09,3.722293e-07,2.220470e-14,1.224963e-04,9.301214e-01,3.614272e+00,1.157830e-07,7.018914e-01,1.258776e-01,2.075135e+00,1.014360e-06,6.391524e-04,REACHED_FORCE,REACHED_FORCE,REACHED_FORCE,1,0,0,1,0,0,1,0,0,8.171362e-09,NaN,3.763957e-10,NaN,6.229688e-09,NaN,3.977962e-08,1.386654e-09,2.915241e-08,solution good enough for the tolerances given,solution good enough for the tolerances given,solution good enough for the tolerances given,3.977962e-08,1.386654e-09,2.915241e-08,3.141405e-10,8.171362e-09,3.763957e-10,2.269654e-10,1.435992e-09,6.229688e-09,8.171362e-09,3.763957e-10,6.229688e-09,7.563559e-06,2.854203e+00,1.630253e-06,9.555952e-07,7.065179e-06,0.000000e+00,false
7,1.000000e+07,0,3,CONTINUE,3.722293e-06,3.456563e-07,1.000000e-09,3.722293e-07,2.220470e-14,1.224955e-04,9.299702e-01,3.614139e+00,1.158234e-07,7.023726e-01,1.258303e-01,2.075070e+00,1.014360e-06,6.391524e-04,REACHED_FORCE,REACHED_FORCE,REACHED_FORCE,1,0,0,1,0,0,1,0,0,2.588106e-09,NaN,1.414701e-09,NaN,2.799054e-09,NaN,1.258999e-08,4.288208e-10,9.235037e-09,solution good enough for the tolerances given,solution good enough for the tolerances given,solution good enough for the tolerances given,1.258999e-08,4.288208e-10,9.235037e-09,1.706492e-09,2.588106e-09,1.414701e-09,7.126223e-11,2.799054e-09,1.973549e-09,2.588106e-09,1.414701e-09,2.799054e-09,4.253927e-06,2.854203e+00,1.630253e-06,9.555952e-07,7.065179e-06,0.000000e+00,false
7,3.162000e+07,0,3,CONTINUE,3.722293e-06,3.488328e-07,1.000000e-09,3.722293e-07,2.220470e-14,1.223225e-04,9.292261e-01,3.616856e+00,1.161690e-07,7.041745e-01,1.256820e-01,2.076625e+00,1.014360e-06,6.391524e-04,REACHED_FORCE,REACHED_FORCE,REACHED_FORCE,1,0,0,1,0,0,1,0,0,3.114704e-09,NaN,4.195235e-09,NaN,7.555289e-09,NaN,3.980578e-09,1.342669e-10,2.910050e-09,solution good enough for the tolerances given,solution good enough for the tolerances given,solution good enough for the tolerances given,3.980578e-09,1.342669e-10,2.910050e-09,3.114704e-09,8.178116e-10,4.195235e-09,2.338922e-11,7.555289e-09,6.213713e-10,3.114704e-09,4.195235e-09,7.555289e-09,2.392700e-06,2.854203e+00,1.630253e-06,9.555952e-07,7.065179e-06,0.000000e+00,false
7,1.000000e+08,0,3,CONTINUE,3.722293e-06,3.474142e-07,1.000000e-09,3.722293e-07,2.220470e-14,1.222540e-04,9.296787e-01,3.615911e+00,1.153967e-07,7.131828e-01,1.252736e-01,2.076097e+00,1.014360e-06,6.391524e-04,REACHED_FORCE,REACHED_FORCE,REACHED_FORCE,1,0,0,1,0,0,1,0,0,9.175802e-09,NaN,1.029484e-08,NaN,3.350136e-08,NaN,1.255430e-09,4.234253e-11,9.122120e-10,solution good enough for the tolerances given,solution good enough for the tolerances given,solution good enough for the tolerances given,1.255430e-09,4.234253e-11,9.122120e-10,9.175802e-09,2.583508e-10,1.029484e-08,7.432721e-12,3.350136e-08,1.939620e-10,9.175802e-09,1.029484e-08,3.350136e-08,1.343059e-06,2.854203e+00,1.630253e-06,9.555952e-07,7.065179e-06,0.000000e+00,false
7,3.162000e+08,0,3,CONTINUE,3.722293e-06,3.737382e-07,1.000000e-09,3.722293e-07,2.220470e-14,1.213522e-04,9.221551e-01,3.638247e+00,1.223319e-07,7.345273e-01,1.242601e-01,2.089179e+00,1.014360e-06,6.391524e-04,REACHED_FORCE,REACHED_FORCE,REACHED_FORCE,1,0,0,1,0,0,1,0,0,4.266250e-08,NaN,5.332474e-08,NaN,1.218542e-07,NaN,3.943977e-10,1.444441e-11,2.972581e-10,solution good enough for the tolerances given,solution good enough for the tolerances given,solution good enough for the tolerances given,3.943977e-10,1.444441e-11,2.972581e-10,4.266250e-08,8.057517e-11,5.332474e-08,3.579068e-12,1.218542e-07,6.168262e-11,4.266250e-08,5.332474e-08,1.218542e-07,7.559423e-07,2.854203e+00,1.630253e-06,9.555952e-07,7.065179e-06,0.000000e+00,false
7,1.000000e+09,0,3,CONTINUE,3.722293e-06,4.569468e-07,1.000000e-09,3.722293e-07,2.220470e-14,1.228569e-04,9.012193e-01,3.648078e+00,1.505367e-07,8.663678e-01,1.186554e-01,2.095612e+00,1.014360e-06,6.391524e-04,REACHED_FORCE,REACHED_FORCE,REACHED_FORCE,1,0,0,1,0,0,1,0,0,9.830768e-08,NaN,1.892193e-07,NaN,3.381907e-07,NaN,1.200090e-10,5.038858e-12,9.651452e-11,solution good enough for the tolerances given,solution good enough for the tolerances given,solution good enough for the tolerances given,1.200090e-10,5.038858e-12,9.651452e-11,9.830768e-08,2.418618e-11,1.892193e-07,1.393840e-12,3.381907e-07,2.047457e-11,9.830768e-08,1.892193e-07,3.381907e-07,4.181562e-07,2.854203e+00,1.630253e-06,9.555952e-07,7.065179e-06,0.000000e+00,false
7,3.162000e+09,1,7,CONTINUE,3.722293e-06,2.230829e-06,1.000000e-09,3.722293e-07,2.220470e-14,1.194806e-04,6.509544e-01,5.677234e+00,2.463564e-07,3.234125e+00,1.818010e+00,3.262872e+00,1.014360e-06,6.391524e-04,REFINE_STALLED,REFINE_STALLED,REACHED_FORCE,1,1,1,1,1,1,1,2,2,6.448435e-07,4.199180e-07,1.395897e-06,1.414614e-06,9.725327e-07,4.449418e-07,3.506674e-11,6.126573e-11,4.481425e-11,solution good enough for the tolerances given,solution good enough for the tolerances given,solution good enough for the tolerances given,3.506674e-11,6.126573e-11,4.481425e-11,6.448435e-07,6.857742e-12,1.395897e-06,1.622520e-11,9.725327e-07,8.696308e-12,4.199180e-07,1.414614e-06,2.497289e-07,2.209885e-07,2.854203e+00,1.630253e-06,9.555952e-07,7.065179e-06,0.000000e+00,false
7,1.000000e+10,1,25,CONTINUE,3.722293e-06,3.725618e-06,1.000000e-09,3.722293e-07,2.220470e-14,8.870788e-11,9.464779e-21,3.592535e+00,1.439202e-06,4.237641e+15,2.917879e+18,2.087487e+00,1.014360e-06,6.391524e-04,REFINE_STALLED,REFINE_STALLED,REFINE_STALLED,1,3,1,7,6,1,3,5,3,1.907259e+01,4.357766e+03,6.676101e+10,1.538044e+13,1.585037e+00,1.359852e-02,1.584928e-07,8.677793e+03,3.309967e-06,solution good enough for the tolerances given,solution good enough for the tolerances given,solution good enough for the tolerances given,1.584928e-07,7.884108e-07,1.509753e-07,1.907259e+01,1.728235e-04,6.676101e+10,6.074885e+05,1.585037e+00,2.201000e-08,4.357766e+03,1.538044e+13,2.808138e-03,4.555712e-05,2.854203e+00,1.630253e-06,9.555952e-07,7.065179e-06,0.000000e+00,false
7,3.162000e+10,1,26,CONTINUE,3.722293e-06,3.725714e-06,1.000000e-09,3.722293e-07,2.220470e-14,2.805437e-11,3.155009e-24,3.592570e+00,1.439188e-06,4.061785e+18,8.807633e+21,2.087511e+00,1.014360e-06,6.391524e-04,REFINE_STALLED,REFINE_STALLED,REFINE_STALLED,1,4,1,7,6,1,3,5,3,1.906195e+02,1.368048e+05,6.435150e+13,4.631006e+16,5.011882e+00,4.299973e-02,1.584981e-07,8.651649e+05,3.309973e-06,solution good enough for the tolerances given,solution good enough for the tolerances given,solution good enough for the tolerances given,1.584981e-07,7.816972e-05,1.509770e-07,1.906195e+02,5.463807e-04,6.435150e+13,1.847068e+08,5.011882e+00,2.201037e-08,1.368048e+05,4.631006e+16,8.878371e-03,4.555711e-05,2.854203e+00,1.630253e-06,9.555952e-07,7.065179e-06,0.000000e+00,false
7,1.000000e+11,1,26,CONTINUE,3.722293e-06,3.725745e-06,1.000000e-09,3.722293e-07,2.220470e-14,8.870793e-12,1.013777e-27,3.592581e+00,1.439183e-06,4.010041e+21,2.746429e+25,2.087519e+00,1.014360e-06,6.391524e-04,REFINE_STALLED,REFINE_STALLED,REFINE_STALLED,1,4,1,7,6,1,3,5,3,1.906289e+03,4.317774e+06,6.364761e+16,1.442891e+20,1.585038e+01,1.359894e-01,1.584997e-07,8.647849e+07,3.309972e-06,solution good enough for the tolerances given,solution good enough for the tolerances given,solution good enough for the tolerances given,1.584997e-07,7.851418e-03,1.509754e-07,1.906289e+03,1.727862e-03,6.364761e+16,5.771556e+10,1.585038e+01,2.201001e-08,4.317774e+06,1.442891e+20,2.807724e-02,4.555711e-05,2.854203e+00,1.630253e-06,9.555952e-07,7.065179e-06,0.000000e+00,false
7,3.162000e+11,1,26,CONTINUE,3.722293e-06,3.725755e-06,1.000000e-09,3.722293e-07,2.220470e-14,2.805437e-12,3.225179e-31,3.592584e+00,1.439182e-06,3.990479e+24,8.638361e+28,2.087521e+00,1.014360e-06,6.391524e-04,REFINE_STALLED,REFINE_STALLED,REFINE_STALLED,1,4,1,7,6,1,3,5,3,1.905879e+04,1.364096e+08,6.337347e+19,4.537146e+23,5.011888e+01,4.300000e-01,1.585002e-07,8.642795e+09,3.309970e-06,solution good enough for the tolerances given,solution good enough for the tolerances given,solution good enough for the tolerances given,1.585002e-07,8.097585e-01,1.509759e-07,1.905879e+04,5.463405e-03,6.337347e+19,1.816921e+13,5.011888e+01,2.201015e-08,1.364096e+08,4.537146e+23,8.877921e-02,4.555711e-05,2.854203e+00,1.630253e-06,9.555952e-07,7.065179e-06,0.000000e+00,false
7,1.000000e+12,1,27,CONTINUE,3.722293e-06,3.725758e-06,1.000000e-09,3.722293e-07,2.220470e-14,8.870793e-13,1.020965e-34,3.592585e+00,1.439181e-06,3.987254e+27,2.729373e+32,2.087522e+00,1.014360e-06,6.391524e-04,REFINE_STALLED,REFINE_STALLED,REFINE_STALLED,1,5,1,7,6,1,3,5,3,1.906191e+05,4.313915e+09,6.333379e+22,1.433435e+27,1.585036e+02,1.359895e+00,1.585004e-07,8.645488e+11,3.309969e-06,solution good enough for the tolerances given,solution good enough for the tolerances given,solution good enough for the tolerances given,1.585004e-07,7.790091e+01,1.509760e-07,1.906191e+05,1.727824e-02,6.333379e+22,5.741005e+15,1.585036e+02,2.201017e-08,4.313915e+09,1.433435e+27,2.807680e-01,4.555711e-05,2.854203e+00,1.630253e-06,9.555952e-07,7.065179e-06,0.000000e+00,false
7,3.162000e+12,1,27,CONTINUE,3.722293e-06,3.725759e-06,1.000000e-09,3.722293e-07,2.220470e-14,2.805437e-13,3.232036e-38,3.592586e+00,1.439181e-06,3.983694e+30,8.622233e+35,2.087522e+00,1.014360e-06,6.391524e-04,REFINE_STALLED,REFINE_STALLED,REFINE_STALLED,1,5,1,7,6,1,3,5,3,1.905854e+06,1.363730e+11,6.328095e+25,4.528191e+30,5.011893e+02,4.299997e+00,1.585005e-07,8.642216e+13,3.309976e-06,solution good enough for the tolerances given,solution good enough for the tolerances given,solution good enough for the tolerances given,1.585005e-07,7.496862e+03,1.509760e-07,1.905854e+06,5.463383e-02,6.328095e+25,1.814058e+18,5.011893e+02,2.201013e-08,1.363730e+11,4.528191e+30,8.877909e-01,4.555711e-05,2.854203e+00,1.630253e-06,9.555952e-07,7.065179e-06,0.000000e+00,false
7,1.000000e+13,1,27,CONTINUE,3.722293e-06,3.725759e-06,1.000000e-09,3.722293e-07,2.220470e-14,8.870793e-14,1.021620e-41,3.592586e+00,1.439181e-06,3.985199e+33,2.727828e+39,2.087522e+00,1.014360e-06,6.391524e-04,REFINE_STALLED,REFINE_STALLED,REFINE_STALLED,1,5,1,7,6,1,3,5,3,1.906188e+07,4.313577e+12,6.330617e+28,1.432577e+34,1.585038e+03,1.359904e+01,1.585005e-07,8.645384e+15,3.309977e-06,solution good enough for the tolerances given,solution good enough for the tolerances given,solution good enough for the tolerances given,1.585005e-07,7.567331e+05,1.509763e-07,1.906188e+07,1.727827e-01,6.330617e+28,5.738288e+20,1.585038e+03,2.201021e-08,4.313577e+12,1.432577e+34,2.807687e+00,4.555711e-05,2.854203e+00,1.630253e-06,9.555952e-07,7.065179e-06,0.000000e+00,false
7,3.162000e+13,1,27,CONTINUE,3.722293e-06,3.725760e-06,1.000000e-09,3.722293e-07,2.220470e-14,2.805437e-14,3.232984e-45,3.592586e+00,1.439181e-06,3.982727e+36,8.619985e+42,2.087522e+00,1.014360e-06,6.391524e-04,REFINE_STALLED,REFINE_STALLED,REFINE_STALLED,1,5,1,7,6,1,3,5,3,1.905846e+08,1.363687e+14,6.326759e+31,4.526955e+37,5.011885e+03,4.299992e+01,1.585005e-07,8.642141e+17,3.309969e-06,solution good enough for the tolerances given,solution good enough for the tolerances given,solution good enough for the tolerances given,1.585005e-07,7.693939e+07,1.509760e-07,1.905846e+08,5.463367e-01,6.326759e+31,1.813654e+23,5.011885e+03,2.201016e-08,1.363687e+14,4.526955e+37,8.877881e+00,4.555711e-05,2.854203e+00,1.630253e-06,9.555952e-07,7.065179e-06,0.000000e+00,false
7,1.000000e+14,1,27,CONTINUE,3.722293e-06,3.725760e-06,1.000000e-09,3.722293e-07,2.220470e-14,8.870793e-15,1.021732e-48,3.592586e+00,1.439181e-06,3.984829e+39,2.727552e+46,2.087522e+00,1.014360e-06,6.391524e-04,REFINE_STALLED,REFINE_STALLED,REFINE_STALLED,1,5,1,7,6,1,3,5,3,1.906181e+09,4.313439e+15,6.330077e+34,1.432427e+41,1.585039e+04,1.359901e+02,1.585005e-07,8.644983e+19,3.309971e-06,solution good enough for the tolerances given,solution good enough for the tolerances given,solution good enough for the tolerances given,1.585005e-07,7.770930e+09,1.509759e-07,1.906181e+09,1.727820e+00,6.330077e+34,5.737777e+25,1.585039e+04,2.201014e-08,4.313439e+15,1.432427e+41,2.807679e+01,4.555711e-05,2.854203e+00,1.630253e-06,9.555952e-07,7.065179e-06,0.000000e+00,false
7,3.162000e+14,1,27,CONTINUE,3.722293e-06,3.725759e-06,1.000000e-09,3.722293e-07,2.220470e-14,2.805437e-15,3.232821e-52,3.592586e+00,1.439181e-06,3.982923e+42,8.620399e+49,2.087522e+00,1.014360e-06,6.391524e-04,REFINE_STALLED,REFINE_STALLED,REFINE_STALLED,1,5,1,7,6,1,3,5,3,1.905852e+10,1.363682e+17,6.327042e+37,4.527176e+44,5.011889e+04,4.299996e+02,1.585005e-07,8.642066e+21,3.309975e-06,solution good enough for the tolerances given,solution good enough for the tolerances given,solution good enough for the tolerances given,1.585005e-07,8.066877e+11,1.509759e-07,1.905852e+10,5.463385e+00,6.327042e+37,1.813733e+28,5.011889e+04,2.201010e-08,1.363682e+17,4.527176e+44,8.877902e+01,4.555711e-05,2.854203e+00,1.630253e-06,9.555952e-07,7.065179e-06,0.000000e+00,false
7,1.000000e+15,1,28,CONTINUE,3.722293e-06,3.725760e-06,1.000000e-09,3.722293e-07,2.220470e-14,8.870793e-16,1.021723e-55,3.592586e+00,1.439181e-06,3.984865e+45,2.727583e+53,2.087522e+00,1.014360e-06,6.391524e-04,REFINE_STALLED,REFINE_STALLED,REFINE_STALLED,1,6,1,7,6,1,3,5,3,1.906186e+11,4.313482e+18,6.330149e+40,1.432442e+48,1.585039e+05,1.359901e+03,1.585005e-07,8.645156e+23,3.309975e-06,solution good enough for the tolerances given,solution good enough for the tolerances given,solution good enough for the tolerances given,1.585005e-07,7.976151e+13,1.509763e-07,1.906186e+11,1.727825e+01,6.330149e+40,5.737842e+30,1.585039e+05,2.201021e-08,4.313482e+18,1.432442e+48,2.807685e+02,4.555711e-05,2.854203e+00,1.630253e-06,9.555952e-07,7.065179e-06,0.000000e+00,false
7,3.162000e+15,1,28,CONTINUE,3.722293e-06,3.725760e-06,1.000000e-09,3.722293e-07,2.220470e-14,2.805437e-16,3.232921e-59,3.592586e+00,1.439181e-06,3.982821e+48,8.620191e+56,2.087522e+00,1.014360e-06,6.391524e-04,REFINE_STALLED,REFINE_STALLED,REFINE_STALLED,1,6,1,7,6,1,3,5,3,1.905849e+12,1.363683e+20,6.326838e+43,4.527054e+51,5.011890e+05,4.300001e+03,1.585005e-07,8.642130e+25,3.309974e-06,solution good enough for the tolerances given,solution good enough for the tolerances given,solution good enough for the tolerances given,1.585005e-07,8.066800e+15,1.509763e-07,1.905849e+12,5.463378e+01,6.326838e+43,1.813675e+33,5.011890e+05,2.201023e-08,1.363683e+20,4.527054e+51,8.877892e+02,4.555711e-05,2.854203e+00,1.630253e-06,9.555952e-07,7.065179e-06,0.000000e+00,false
7,1.000000e+16,1,28,CONTINUE,3.722293e-06,3.725760e-06,1.000000e-09,3.722293e-07,2.220470e-14,8.870793e-17,1.021735e-62,3.592586e+00,1.439181e-06,3.984839e+51,2.727567e+60,2.087522e+00,1.014360e-06,6.391524e-04,REFINE_STALLED,REFINE_STALLED,REFINE_STALLED,1,6,1,7,6,1,3,5,3,1.906183e+13,4.313532e+21,6.330100e+46,1.432430e+55,1.585038e+06,1.359891e+04,1.585005e-07,8.645405e+27,3.309973e-06,solution good enough for the tolerances given,solution good enough for the tolerances given,solution good enough for the tolerances given,1.585005e-07,8.103935e+17,1.509766e-07,1.906183e+13,1.727824e+02,6.330100e+46,5.737801e+35,1.585038e+06,2.201031e-08,4.313532e+21,1.432430e+55,2.807681e+03,4.555711e-05,2.854203e+00,1.630253e-06,9.555952e-07,7.065179e-06,0.000000e+00,false
7,3.162000e+16,1,28,CONTINUE,3.722293e-06,3.725760e-06,1.000000e-09,3.722293e-07,2.220470e-14,2.805437e-17,3.233045e-66,3.592586e+00,1.439181e-06,3.982667e+54,8.619869e+63,2.087522e+00,1.014360e-06,6.391524e-04,REFINE_STALLED,REFINE_STALLED,REFINE_STALLED,1,6,1,7,6,1,3,5,3,1.905849e+14,1.363679e+23,6.326648e+49,4.526879e+58,5.011890e+06,4.300017e+04,1.585005e-07,8.642106e+29,3.309974e-06,solution good enough for the tolerances given,solution good enough for the tolerances given,solution good enough for the tolerances given,1.585005e-07,8.189821e+19,1.509766e-07,1.905849e+14,5.463381e+02,6.326648e+49,1.813621e+38,5.011890e+06,2.201030e-08,1.363679e+23,4.526879e+58,8.877893e+03,4.555711e-05,2.854203e+00,1.630253e-06,9.555952e-07,7.065179e-06,0.000000e+00,false
7,1.000000e+17,1,28,CONTINUE,3.722293e-06,3.725760e-06,1.000000e-09,3.722293e-07,2.220470e-14,8.870793e-18,1.021754e-69,3.592586e+00,1.439181e-06,3.984750e+57,2.727507e+67,2.087522e+00,1.014360e-06,6.391524e-04,REFINE_STALLED,REFINE_STALLED,REFINE_STALLED,1,6,1,7,6,1,3,5,3,1.906185e+15,4.313477e+24,6.329937e+52,1.432400e+62,1.585038e+07,1.359898e+05,1.585005e-07,8.645167e+31,3.309974e-06,solution good enough for the tolerances given,solution good enough for the tolerances given,solution good enough for the tolerances given,1.585005e-07,8.128304e+21,1.509766e-07,1.906185e+15,1.727825e+03,6.329937e+52,5.737649e+40,1.585038e+07,2.201030e-08,4.313477e+24,1.432400e+62,2.807684e+04,4.555711e-05,2.854203e+00,1.630253e-06,9.555952e-07,7.065179e-06,0.000000e+00,false
7,3.162000e+17,1,28,CONTINUE,3.722293e-06,3.725760e-06,1.000000e-09,3.722293e-07,2.220470e-14,2.805437e-18,3.232997e-73,3.592586e+00,1.439181e-06,3.982729e+60,8.620003e+70,2.087522e+00,1.014360e-06,6.391524e-04,REFINE_STALLED,REFINE_STALLED,REFINE_STALLED,1,6,1,7,6,1,3,5,3,1.905849e+16,1.363682e+26,6.326770e+55,4.526948e+65,5.011890e+07,4.299987e+05,1.585005e-07,8.642142e+33,3.309974e-06,solution good enough for the tolerances given,solution good enough for the tolerances given,solution good enough for the tolerances given,1.585005e-07,8.028731e+23,1.509766e-07,1.905849e+16,5.463381e+03,6.326770e+55,1.813657e+43,5.011890e+07,2.201030e-08,1.363682e+26,4.526948e+65,8.877891e+04,4.555711e-05,2.854203e+00,1.630253e-06,9.555952e-07,7.065179e-06,0.000000e+00,false
7,1.000000e+18,1,28,CONTINUE,3.722293e-06,3.725760e-06,1.000000e-09,3.722293e-07,2.220470e-14,8.870793e-19,1.021805e-76,3.592586e+00,1.439181e-06,3.984577e+63,2.727388e+74,2.087522e+00,1.014360e-06,6.391524e-04,REFINE_STALLED,REFINE_STALLED,REFINE_STALLED,1,6,1,7,6,1,3,5,3,1.906185e+17,4.313453e+27,6.329706e+58,1.432337e+69,1.585038e+08,1.359901e+06,1.585005e-07,8.645073e+35,3.309974e-06,solution good enough for the tolerances given,solution good enough for the tolerances given,solution good enough for the tolerances given,1.585005e-07,7.984801e+25,1.509766e-07,1.906185e+17,1.727825e+04,6.329706e+58,5.737441e+45,1.585038e+08,2.201030e-08,4.313453e+27,1.432337e+69,2.807684e+05,4.555711e-05,2.854203e+00,1.630253e-06,9.555952e-07,7.065179e-06,0.000000e+00,false
8,1.000000e+00,1,36,CONTINUE,3.451789e-07,7.499809e-09,1.000000e-09,3.451789e-08,2.220448e-14,2.048784e-04,9.900000e-01,3.605006e+00,2.178564e-09,2.023122e-01,1.516416e-02,2.068280e+00,9.769191e-07,3.292470e-04,REACHED_FORCE,REFINE_STALLED,REACHED_FORCE,13,0,0,4,6,1,13,0,0,3.254638e-11,NaN,4.222370e-08,3.463521e-08,2.907331e-11,NaN,4.381575e-05,6.338200e-07,2.791806e-04,solution good enough for the tolerances given,solution good enough for the tolerances given,solution good enough for the tolerances given,1.756399e-10,2.512955e-07,2.123992e-10,5.343098e-17,3.254638e-11,4.809260e-17,4.222370e-08,5.425528e-16,2.907331e-11,3.254638e-11,3.463521e-08,2.907331e-11,1.832823e-03,2.854230e+00,1.130120e-07,6.622338e-08,3.754517e-07,0.000000e+00,false
8,3.162000e+00,0,29,CONTINUE,3.451789e-07,5.080142e-09,1.000000e-09,3.451789e-08,2.220448e-14,2.028956e-04,9.829536e-01,3.662099e+00,1.160842e-09,2.082512e-01,2.867304e-02,2.101037e+00,9.769191e-07,3.292470e-04,REACHED_FORCE,REACHED_FORCE,REACHED_FORCE,12,0,0,5,0,0,12,0,0,1.565922e-11,NaN,2.797337e-08,NaN,1.236743e-10,NaN,4.107354e-05,6.162586e-07,2.641197e-04,solution good enough for the tolerances given,solution good enough for the tolerances given,solution good enough for the tolerances given,9.576045e-11,1.992530e-07,7.497557e-10,1.656101e-16,1.565922e-11,1.324110e-16,2.797337e-08,1.320212e-15,1.236743e-10,1.565922e-11,2.797337e-08,1.236743e-10,1.034771e-03,2.854211e+00,1.130120e-07,6.622338e-08,3.754517e-07,0.000000e+00,false
8,1.000000e+01,0,29,CONTINUE,3.451789e-07,1.130680e-08,1.000000e-09,3.451789e-08,2.220448e-14,2.018438e-04,9.900000e-01,3.558575e+00,3.661656e-09,2.098276e-01,3.697937e-02,2.041655e+00,9.769191e-07,3.292470e-04,REACHED_FORCE,REACHED_FORCE,REACHED_FORCE,11,0,0,7,0,0,11,0,0,1.160982e-10,NaN,3.299750e-08,NaN,2.518597e-10,NaN,3.457979e-05,5.756136e-07,2.261648e-04,solution good enough for the tolerances given,solution good enough for the tolerances given,solution good enough for the tolerances given,7.750060e-10,1.905866e-07,1.398480e-09,4.435046e-16,1.160982e-10,4.083799e-16,3.299750e-08,4.295210e-15,2.518597e-10,1.160982e-10,3.299750e-08,2.518597e-10,5.879864e-04,2.854206e+00,1.130120e-07,6.622338e-08,3.754517e-07,0.000000e+00,false
8,3.162000e+01,0,27,CONTINUE,3.451789e-07,2.111345e-08,1.000000e-09,3.451789e-08,2.220448e-14,1.944485e-04,9.900000e-01,3.438895e+00,7.697014e-09,2.717769e-01,1.047120e-01,1.973045e+00,9.769191e-07,3.292470e-04,REACHED_FORCE,REACHED_FORCE,REACHED_FORCE,10,0,0,7,0,0,10,0,0,4.427882e-09,NaN,3.005403e-08,NaN,4.921276e-09,NaN,2.405526e-05,4.788111e-07,1.579028e-04,solution good enough for the tolerances given,solution good enough for the tolerances given,solution good enough for the tolerances given,2.436266e-08,1.828564e-07,3.428866e-08,1.852828e-15,4.427882e-09,2.020043e-15,3.005403e-08,1.352765e-14,4.921276e-09,4.427882e-09,3.005403e-08,4.921276e-09,3.383327e-04,2.854204e+00,1.130120e-07,6.622338e-08,3.754517e-07,0.000000e+00,false
8,1.000000e+02,0,25,CONTINUE,3.451789e-07,1.516382e-08,1.000000e-09,3.451789e-08,2.220448e-14,1.944485e-04,9.900000e-01,3.510292e+00,5.219825e-09,2.289101e-01,6.392467e-02,2.013967e+00,9.769191e-07,3.292470e-04,REACHED_FORCE,REACHED_FORCE,REACHED_FORCE,10,0,0,5,0,0,10,0,0,4.444484e-14,NaN,1.633984e-08,NaN,4.916353e-14,NaN,1.396483e-05,3.717953e-07,8.582451e-05,solution good enough for the tolerances given,solution good enough for the tolerances given,solution good enough for the tolerances given,2.434279e-13,9.610869e-08,3.426464e-13,4.108487e-15,4.444484e-14,4.984728e-15,1.633984e-08,3.253508e-14,4.916353e-14,4.444484e-14,1.633984e-08,4.916353e-14,1.981300e-04,2.854203e+00,1.130120e-07,6.622338e-08,3.754517e-07,0.000000e+00,false
8,3.162000e+02,0,21,CONTINUE,3.451789e-07,1.361529e-08,1.000000e-09,3.451789e-08,2.220448e-14,1.944485e-04,9.900000e-01,3.530765e+00,4.600276e-09,2.197468e-01,5.238995e-02,2.025703e+00,9.769191e-07,3.292470e-04,REACHED_FORCE,REACHED_FORCE,REACHED_FORCE,8,0,0,4,0,0,9,0,0,2.107027e-09,NaN,4.552358e-09,NaN,6.302197e-11,NaN,7.430059e-06,2.316007e-07,3.978339e-05,solution good enough for the tolerances given,solution good enough for the tolerances given,solution good enough for the tolerances given,1.340878e-08,3.807226e-08,4.083595e-10,1.803800e-14,2.107027e-09,2.121466e-14,4.552358e-09,1.203020e-13,6.302197e-11,2.107027e-09,4.552358e-09,6.302197e-11,1.185553e-04,2.854203e+00,1.130120e-07,6.622338e-08,3.754517e-07,0.000000e+00,false
8,1.000000e+03,0,15,CONTINUE,3.451789e-07,1.322583e-08,1.000000e-09,3.451789e-08,2.220448e-14,1.944485e-04,9.900000e-01,3.537099e+00,4.447457e-09,2.171979e-01,4.885087e-02,2.029335e+00,9.769191e-07,3.292470e-04,REACHED_FORCE,REACHED_FORCE,REACHED_FORCE,6,0,0,3,0,0,6,0,0,1.087124e-09,NaN,2.683727e-09,NaN,7.689637e-09,NaN,3.922961e-06,1.331882e-07,1.783623e-05,solution good enough for the tolerances given,solution good enough for the tolerances given,solution good enough for the tolerances given,6.838566e-09,1.682303e-08,4.101438e-08,3.530111e-14,1.087124e-09,4.475096e-14,2.683727e-09,3.612588e-13,7.689637e-09,1.087124e-09,2.683727e-09,7.689637e-09,7.291755e-05,2.854203e+00,1.130120e-07,6.622338e-08,3.754517e-07,0.000000e+00,false
8,3.162000e+03,0,11,CONTINUE,3.451789e-07,1.275225e-08,1.000000e-09,3.451789e-08,2.220448e-14,1.944485e-04,9.900000e-01,3.526209e+00,4.229228e-09,2.222134e-01,5.496361e-02,2.023088e+00,9.769191e-07,3.292470e-04,REACHED_FORCE,REACHED_FORCE,REACHED_FORCE,4,0,0,2,0,0,5,0,0,4.597081e-09,NaN,3.535766e-09,NaN,6.820514e-10,NaN,2.103249e-06,8.463122e-08,8.384219e-06,solution good enough for the tolerances given,solution good enough for the tolerances given,solution good enough for the tolerances given,3.078892e-08,2.494978e-08,4.767352e-09,1.669231e-13,4.597081e-09,2.055057e-13,3.535766e-09,1.865731e-12,6.820514e-10,4.597081e-09,3.535766e-09,6.820514e-10,4.629531e-05,2.854203e+00,1.130120e-07,6.622338e-08,3.754517e-07,0.000000e+00,false
8,1.000000e+04,0,8,CONTINUE,3.451789e-07,1.283678e-08,1.000000e-09,3.451789e-08,2.220448e-14,1.944485e-04,9.900000e-01,3.540706e+00,4.278552e-09,2.156088e-01,4.681509e-02,2.031411e+00,9.769191e-07,3.292470e-04,REACHED_FORCE,REACHED_FORCE,REACHED_FORCE,3,0,0,1,0,0,4,0,0,3.645981e-09,NaN,7.011677e-09,NaN,2.371555e-10,NaN,9.691095e-07,3.352564e-08,3.607563e-06,solution good enough for the tolerances given,solution good enough for the tolerances given,solution good enough for the tolerances given,1.788975e-08,3.352564e-08,1.919083e-09,5.842244e-13,3.645981e-09,5.468623e-13,7.011677e-09,3.786476e-12,2.371555e-10,3.645981e-09,7.011677e-09,2.371555e-10,3.001919e-05,2.854203e+00,1.130120e-07,6.622338e-08,3.754517e-07,0.000000e+00,false
8,3.162000e+04,0,6,CONTINUE,3.451789e-07,1.294545e-08,1.000000e-09,3.451789e-08,2.220448e-14,1.944485e-04,9.900000e-01,3.536236e+00,4.323994e-09,2.176126e-01,4.933122e-02,2.028842e+00,9.769191e-07,3.292470e-04,REACHED_FORCE,REACHED_FORCE,REACHED_FORCE,2,0,0,1,0,0,3,0,0,3.127186e-09,NaN,2.922104e-09,NaN,6.321841e-10,NaN,3.681177e-07,1.354035e-08,1.328700e-06,solution good enough for the tolerances given,solution good enough for the tolerances given,solution good enough for the tolerances given,1.577844e-08,1.354035e-08,3.372947e-09,1.319915e-12,3.127186e-09,1.842080e-12,2.922104e-09,1.218785e-11,6.321841e-10,3.127186e-09,2.922104e-09,6.321841e-10,1.984467e-05,2.854203e+00,1.130120e-07,6.622338e-08,3.754517e-07,0.000000e+00,false
8,1.000000e+05,0,5,CONTINUE,3.451789e-07,1.302380e-08,1.000000e-09,3.451789e-08,2.220448e-14,1.944482e-04,9.900000e-01,3.536814e+00,4.361307e-09,2.174205e-01,4.901613e-02,2.029172e+00,9.769191e-07,3.292470e-04,REACHED_FORCE,REACHED_FORCE,REACHED_FORCE,2,0,0,1,0,0,2,0,0,3.430927e-10,NaN,9.483193e-10,NaN,1.045872e-09,NaN,1.248384e-07,4.352480e-09,4.452701e-07,solution good enough for the tolerances given,solution good enough for the tolerances given,solution good enough for the tolerances given,1.771352e-09,4.352480e-09,6.430014e-09,5.511902e-12,3.430927e-10,5.512706e-12,9.483193e-10,3.943171e-11,1.045872e-09,3.430927e-10,9.483193e-10,1.045872e-09,1.406431e-05,2.854203e+00,1.130120e-07,6.622338e-08,3.754517e-07,0.000000e+00,false
8,3.162000e+05,0,5,CONTINUE,3.451789e-07,1.305009e-08,1.000000e-09,3.451789e-08,2.220448e-14,1.944454e-04,9.900000e-01,3.536659e+00,4.372192e-09,2.175073e-01,4.910584e-02,2.029082e+00,9.769191e-07,3.292470e-04,REACHED_FORCE,REACHED_FORCE,REACHED_FORCE,2,0,0,1,0,0,2,0,0,3.583307e-11,NaN,2.919069e-10,NaN,1.325012e-10,NaN,4.042830e-08,1.399560e-09,1.436198e-07,solution good enough for the tolerances given,solution good enough for the tolerances given,solution good enough for the tolerances given,1.843650e-10,1.399560e-09,6.663780e-10,1.142121e-11,3.583307e-11,1.184528e-11,2.919069e-10,1.325012e-10,1.102284e-10,3.583307e-11,2.919069e-10,1.325012e-10,1.132988e-05,2.854203e+00,1.130120e-07,6.622338e-08,3.754517e-07,0.000000e+00,false
8,1.000000e+06,0,4,CONTINUE,3.451789e-07,1.306701e-08,1.000000e-09,3.451789e-08,2.220448e-14,1.944509e-04,9.900000e-01,3.538691e+00,4.382514e-09,2.166826e-01,4.797276e-02,2.030247e+00,9.769191e-07,3.292470e-04,REACHED_FORCE,REACHED_FORCE,REACHED_FORCE,1,0,0,1,0,0,2,0,0,2.869201e-09,NaN,1.020025e-10,NaN,2.732706e-10,NaN,1.288145e-08,4.822337e-10,4.569458e-08,solution good enough for the tolerances given,solution good enough for the tolerances given,solution good enough for the tolerances given,1.288145e-08,4.822337e-10,6.737348e-11,3.549911e-11,2.869201e-09,5.386336e-11,1.020025e-10,2.732706e-10,1.119897e-11,2.869201e-09,1.020025e-10,2.732706e-10,9.563335e-06,2.854203e+00,1.130120e-07,6.622338e-08,3.754517e-07,0.000000e+00,false
8,3.162000e+06,0,3,CONTINUE,3.451789e-07,1.305145e-08,1.000000e-09,3.451789e-08,2.220448e-14,1.944598e-04,9.900000e-01,3.536805e+00,4.384709e-09,2.175184e-01,4.902452e-02,2.029166e+00,9.769191e-07,3.292470e-04,REACHED_FORCE,REACHED_FORCE,REACHED_FORCE,1,0,0,1,0,0,1,0,0,8.671045e-10,NaN,2.641765e-10,NaN,2.932792e-09,NaN,4.082966e-09,1.452809e-10,1.449299e-08,solution good enough for the tolerances given,solution good enough for the tolerances given,solution good enough for the tolerances given,4.082966e-09,1.452809e-10,1.449299e-08,1.246870e-10,8.671045e-10,1.162170e-10,2.641765e-10,6.083181e-10,2.932792e-09,8.671045e-10,2.641765e-10,2.932792e-09,5.381313e-06,2.854203e+00,1.130120e-07,6.622338e-08,3.754517e-07,0.000000e+00,true
8,1.000000e+07,0,3,CONTINUE,3.451789e-07,1.321932e-08,1.000000e-09,3.451789e-08,2.220448e-14,1.944908e-04,9.900000e-01,3.540802e+00,4.319844e-09,2.160407e-01,4.679482e-02,2.031458e+00,9.769191e-07,3.292470e-04,REACHED_FORCE,REACHED_FORCE,REACHED_FORCE,1,0,0,1,0,0,1,0,0,4.121885e-10,NaN,6.228584e-10,NaN,3.379982e-09,NaN,1.290074e-09,4.431061e-11,4.593318e-09,solution good enough for the tolerances given,solution good enough for the tolerances given,solution good enough for the tolerances given,1.290074e-09,4.431061e-11,4.593318e-09,4.121885e-10,2.721117e-10,6.228584e-10,7.946025e-11,3.379982e-09,9.284577e-10,4.121885e-10,6.228584e-10,3.379982e-09,3.026290e-06,2.854203e+00,1.130120e-07,6.622338e-08,3.754517e-07,0.000000e+00,false
8,3.162000e+07,0,3,CONTINUE,3.451789e-07,1.330720e-08,1.000000e-09,3.451789e-08,2.220448e-14,1.943767e-04,9.900000e-01,3.534295e+00,4.414397e-09,2.195064e-01,5.040860e-02,2.027730e+00,9.769191e-07,3.292470e-04,REACHED_FORCE,REACHED_FORCE,REACHED_FORCE,1,0,0,1,0,0,1,0,0,1.211525e-09,NaN,1.192819e-09,NaN,9.622930e-09,NaN,4.063287e-10,1.455823e-11,1.455325e-09,solution good enough for the tolerances given,solution good enough for the tolerances given,solution good enough for the tolerances given,4.063287e-10,1.455823e-11,1.455325e-09,1.211525e-09,8.587910e-11,1.192819e-09,2.709941e-11,9.622930e-09,2.929654e-10,1.211525e-09,1.192819e-09,9.622930e-09,1.700466e-06,2.854203e+00,1.130120e-07,6.622338e-08,3.754517e-07,0.000000e+00,false
8,1.000000e+08,0,3,CONTINUE,3.451789e-07,1.381173e-08,1.000000e-09,3.451789e-08,2.220448e-14,1.947221e-04,9.900000e-01,3.537748e+00,4.626883e-09,2.202003e-01,4.848014e-02,2.029720e+00,9.769191e-07,3.292470e-04,REACHED_FORCE,REACHED_FORCE,REACHED_FORCE,1,0,0,1,0,0,1,0,0,5.817177e-09,NaN,4.999405e-09,NaN,3.163677e-08,NaN,1.281866e-10,4.510285e-12,4.672340e-10,solution good enough for the tolerances given,solution good enough for the tolerances given,solution good enough for the tolerances given,1.281866e-10,4.510285e-12,4.672340e-10,5.817177e-09,2.651951e-11,4.999405e-09,8.433207e-12,3.163677e-08,9.507895e-11,5.817177e-09,4.999405e-09,3.163677e-08,9.550945e-07,2.854203e+00,1.130120e-07,6.622338e-08,3.754517e-07,0.000000e+00,false
8,3.162000e+08,0,4,CONTINUE,3.451789e-07,4.347911e-08,1.000000e-09,3.451789e-08,2.220448e-14,1.916619e-04,9.009708e-01,3.646337e+00,1.250568e-08,2.189560e-01,2.175791e-02,2.092165e+00,9.769191e-07,3.292470e-04,REACHED_FORCE,REACHED_FORCE,REACHED_FORCE,1,0,0,1,0,0,1,1,1,1.609646e-08,NaN,1.381725e-08,NaN,7.963558e-08,2.156141e-09,3.761322e-11,1.083403e-12,1.354101e-10,solution good enough for the tolerances given,solution good enough for the tolerances given,solution good enough for the tolerances given,3.761322e-11,1.083403e-12,1.354101e-10,1.609646e-08,8.099347e-12,1.381725e-08,1.821699e-13,7.963558e-08,2.541503e-11,1.609646e-08,1.381725e-08,2.156141e-09,5.347046e-07,2.854203e+00,1.130120e-07,6.622338e-08,3.754517e-07,0.000000e+00,false
8,1.000000e+09,1,8,CONTINUE,3.451789e-07,1.373836e-07,1.000000e-09,3.451789e-08,2.220448e-14,1.908382e-04,7.909786e-01,5.521285e+00,1.409410e-08,2.575390e+00,1.380835e+00,3.168145e+00,9.769191e-07,3.292470e-04,REFINE_STALLED,REACHED_FORCE,REACHED_FORCE,1,1,1,1,2,2,1,2,2,6.694533e-08,4.014356e-08,1.225973e-07,5.951065e-08,3.421248e-07,6.509541e-08,9.587336e-12,1.474683e-11,5.748303e-11,solution good enough for the tolerances given,solution good enough for the tolerances given,solution good enough for the tolerances given,9.587336e-12,1.474683e-11,5.748303e-11,6.694533e-08,1.552161e-12,1.225973e-07,6.275371e-12,3.421248e-07,1.235074e-11,4.014356e-08,1.862739e-08,2.838202e-08,2.946731e-07,2.854203e+00,1.130120e-07,6.622338e-08,3.754517e-07,0.000000e+00,false
8,3.162000e+09,1,6,CONTINUE,3.451789e-07,3.007339e-07,1.000000e-09,3.451789e-08,2.220448e-14,1.917597e-04,3.134903e-01,3.837102e+00,1.008214e-07,7.925982e-01,4.053448e-01,2.203090e+00,9.769191e-07,3.292470e-04,REFINE_STALLED,REFINE_STALLED,REFINE_STALLED,1,1,1,1,1,1,1,1,1,1.922202e-07,3.465622e-07,3.022776e-07,2.046418e-07,1.330697e-06,1.204692e-06,2.175308e-12,1.370821e-11,1.694733e-11,solution good enough for the tolerances given,solution good enough for the tolerances given,solution good enough for the tolerances given,2.175308e-12,1.370821e-11,1.694733e-11,1.922202e-07,2.406831e-13,3.022776e-07,2.468023e-12,1.330697e-06,3.107837e-12,3.465622e-07,2.046418e-07,1.204692e-06,1.607381e-07,2.854203e+00,1.130120e-07,6.622338e-08,3.754517e-07,0.000000e+00,false
8,1.000000e+10,1,25,CONTINUE,3.451789e-07,3.449569e-07,1.000000e-09,3.451789e-08,2.220448e-14,8.870790e-11,2.589319e-12,3.615346e+00,1.161007e-07,1.493456e+08,1.482853e+09,2.075578e+00,9.769191e-07,3.292470e-04,REFINE_STALLED,REFINE_STALLED,REFINE_STALLED,1,3,1,5,5,1,4,7,4,6.462150e-02,2.263199e-01,2.011811e+03,9.024297e+03,1.584835e+00,3.687509e-04,1.050358e-08,1.087803e-03,3.309974e-06,solution good enough for the tolerances given,solution good enough for the tolerances given,solution good enough for the tolerances given,1.050358e-08,3.914222e-09,1.280248e-08,6.462150e-02,1.093156e-07,2.011811e+03,3.412456e-03,1.584835e+00,1.707079e-09,2.263199e-01,9.024297e+03,5.144637e-05,4.555711e-05,2.854203e+00,1.130120e-07,6.622338e-08,3.754517e-07,0.000000e+00,false
8,3.162000e+10,1,27,CONTINUE,3.451789e-07,3.467711e-07,1.000000e-09,3.451789e-08,2.220448e-14,2.805437e-11,1.937975e-14,3.615995e+00,1.160795e-07,6.180730e+09,1.787982e+11,2.075829e+00,9.769191e-07,3.292470e-04,REFINE_STALLED,REFINE_STALLED,REFINE_STALLED,1,4,1,6,6,1,4,6,3,9.175379e-01,7.463424e+00,1.993157e+05,1.742537e+06,5.011235e+00,1.165447e-03,1.050435e-08,8.393512e-02,3.309968e-06,solution good enough for the tolerances given,solution good enough for the tolerances given,solution good enough for the tolerances given,1.050435e-08,4.665288e-09,1.280252e-08,9.175379e-01,8.365850e-07,1.993157e+05,1.743326e-01,5.011235e+00,1.707084e-09,7.463424e+00,1.742537e+06,2.321619e-04,4.555711e-05,2.854203e+00,1.130120e-07,6.622338e-08,3.754517e-07,0.000000e+00,false
8,1.000000e+11,1,28,CONTINUE,3.451789e-07,3.465019e-07,1.000000e-09,3.451789e-08,2.220448e-14,8.870793e-12,2.053233e-18,3.615881e+00,1.160830e-07,1.482889e+13,1.353931e+15,2.075774e+00,9.769191e-07,3.292470e-04,REFINE_STALLED,REFINE_STALLED,REFINE_STALLED,1,4,1,7,6,1,4,6,3,9.169946e+00,2.452664e+02,4.972044e+08,1.369033e+10,1.584831e+01,3.685220e-03,1.050459e-08,8.541141e+00,3.309976e-06,solution good enough for the tolerances given,solution good enough for the tolerances given,solution good enough for the tolerances given,1.050459e-08,1.254610e-09,1.280254e-08,9.169946e+00,2.640634e-06,4.972044e+08,1.423911e+02,1.584831e+01,1.707086e-09,2.452664e+02,1.369033e+10,7.347560e-04,4.555711e-05,2.854203e+00,1.130120e-07,6.622338e-08,3.754517e-07,0.000000e+00,false
8,3.162000e+11,1,28,CONTINUE,3.451789e-07,3.464415e-07,1.000000e-09,3.451789e-08,2.220448e-14,2.805437e-12,5.261466e-22,3.615853e+00,1.160838e-07,1.722960e+16,4.945245e+18,2.075761e+00,9.769191e-07,3.292470e-04,REFINE_STALLED,REFINE_STALLED,REFINE_STALLED,1,4,1,7,6,1,4,6,3,9.166066e+01,7.845682e+03,5.898937e+11,5.096156e+13,5.011243e+01,1.165317e-02,1.050467e-08,8.590870e+02,3.309972e-06,solution good enough for the tolerances given,solution good enough for the tolerances given,solution good enough for the tolerances given,1.050467e-08,1.311823e-07,1.280249e-08,9.166066e+01,8.344455e-06,5.898937e+11,5.362166e+04,5.011243e+01,1.707081e-09,7.845682e+03,5.096156e+13,2.323815e-03,4.555711e-05,2.854203e+00,1.130120e-07,6.622338e-08,3.754517e-07,0.000000e+00,false
8,1.000000e+12,1,28,CONTINUE,3.451789e-07,3.464237e-07,1.000000e-09,3.451789e-08,2.220448e-14,8.870793e-13,1.565580e-25,3.615845e+00,1.160841e-07,1.796969e+19,1.627996e+22,2.075757e+00,9.769191e-07,3.292470e-04,REFINE_STALLED,REFINE_STALLED,REFINE_STALLED,1,4,1,7,6,1,4,6,3,9.166924e+02,2.490935e+05,6.195218e+14,1.688140e+17,1.584834e+02,3.685161e-02,1.050469e-08,8.611838e+04,3.309974e-06,solution good enough for the tolerances given,solution good enough for the tolerances given,solution good enough for the tolerances given,1.050469e-08,1.293049e-05,1.280246e-08,9.166924e+02,2.638472e-05,6.195218e+14,1.782334e+07,1.584834e+02,1.707079e-09,2.490935e+05,1.688140e+17,7.349693e-03,4.555711e-05,2.854203e+00,1.130120e-07,6.622338e-08,3.754517e-07,0.000000e+00,false
8,3.162000e+12,1,28,CONTINUE,3.451789e-07,3.464182e-07,1.000000e-09,3.451789e-08,2.220448e-14,2.805437e-13,4.862981e-29,3.615843e+00,1.160842e-07,1.818827e+22,5.207165e+25,2.075756e+00,9.769191e-07,3.292470e-04,REFINE_STALLED,REFINE_STALLED,REFINE_STALLED,1,4,1,7,6,1,4,6,3,9.165124e+03,7.884175e+06,6.284672e+17,5.410253e+20,5.011243e+02,1.165179e-01,1.050470e-08,8.614473e+06,3.309973e-06,solution good enough for the tolerances given,solution good enough for the tolerances given,solution good enough for the tolerances given,1.050470e-08,1.339000e-03,1.280248e-08,9.165124e+03,8.342328e-05,6.284672e+17,5.719660e+09,5.011243e+02,1.707080e-09,7.884175e+06,5.410253e+20,2.324032e-02,4.555711e-05,2.854203e+00,1.130120e-07,6.622338e-08,3.754517e-07,0.000000e+00,false
8,1.000000e+13,1,29,CONTINUE,3.451789e-07,3.464164e-07,1.000000e-09,3.451789e-08,2.220448e-14,8.870793e-14,1.528693e-32,3.615842e+00,1.160842e-07,1.826115e+25,1.653072e+29,2.075756e+00,9.769191e-07,3.292470e-04,REFINE_STALLED,REFINE_STALLED,REFINE_STALLED,1,5,1,7,6,1,4,6,3,9.166677e+04,2.494215e+08,6.314456e+20,1.718627e+24,1.584834e+03,3.685143e-01,1.050470e-08,8.615421e+08,3.309975e-06,solution good enough for the tolerances given,solution good enough for the tolerances given,solution good enough for the tolerances given,1.050470e-08,1.309575e-01,1.280249e-08,9.166677e+04,2.638251e-04,6.314456e+20,1.817276e+12,1.584834e+03,1.707082e-09,2.494215e+08,1.718627e+24,7.349941e-02,4.555711e-05,2.854203e+00,1.130120e-07,6.622338e-08,3.754517e-07,0.000000e+00,false
8,3.162000e+13,1,29,CONTINUE,3.451789e-07,3.464159e-07,1.000000e-09,3.451789e-08,2.220448e-14,2.805437e-14,4.828460e-36,3.615842e+00,1.160842e-07,1.827357e+28,5.230228e+32,2.075756e+00,9.769191e-07,3.292470e-04,REFINE_STALLED,REFINE_STALLED,REFINE_STALLED,1,5,1,7,6,1,4,6,3,9.165008e+05,7.886111e+09,6.320165e+23,5.438723e+27,5.011246e+03,1.165400e+00,1.050470e-08,8.612697e+10,3.309974e-06,solution good enough for the tolerances given,solution good enough for the tolerances given,solution good enough for the tolerances given,1.050470e-08,1.286412e+01,1.280246e-08,9.165008e+05,8.342062e-04,6.320165e+23,5.752582e+14,5.011246e+03,1.707078e-09,7.886111e+09,5.438723e+27,2.324047e-01,4.555711e-05,2.854203e+00,1.130120e-07,6.622338e-08,3.754517e-07,0.000000e+00,false
8,1.000000e+14,1,29,CONTINUE,3.451789e-07,3.464157e-07,1.000000e-09,3.451789e-08,2.220448e-14,8.870793e-15,1.525024e-39,3.615842e+00,1.160842e-07,1.829091e+31,1.655631e+36,2.075756e+00,9.769191e-07,3.292470e-04,REFINE_STALLED,REFINE_STALLED,REFINE_STALLED,1,5,1,7,6,1,4,6,3,9.166632e+06,2.494577e+11,6.326619e+26,1.721739e+31,1.584833e+04,3.685254e+00,1.050470e-08,8.616023e+12,3.309970e-06,solution good enough for the tolerances given,solution good enough for the tolerances given,solution good enough for the tolerances given,1.050470e-08,1.342150e+03,1.280247e-08,9.166632e+06,2.638219e-03,6.326619e+26,1.820836e+17,1.584833e+04,1.707080e-09,2.494577e+11,1.721739e+31,7.349957e-01,4.555711e-05,2.854203e+00,1.130120e-07,6.622338e-08,3.754517e-07,0.000000e+00,false
8,3.162000e+14,1,29,CONTINUE,3.451789e-07,3.464157e-07,1.000000e-09,3.451789e-08,2.220448e-14,2.805437e-15,4.824285e-43,3.615842e+00,1.160842e-07,1.828489e+34,5.233356e+39,2.075756e+00,9.769191e-07,3.292470e-04,REFINE_STALLED,REFINE_STALLED,REFINE_STALLED,1,5,1,7,6,1,4,6,3,9.165022e+07,7.886836e+12,6.324526e+29,5.442414e+34,5.011242e+04,1.165322e+01,1.050470e-08,8.613670e+14,3.309974e-06,solution good enough for the tolerances given,solution good enough for the tolerances given,solution good enough for the tolerances given,1.050470e-08,1.312659e+05,1.280248e-08,9.165022e+07,8.342112e-03,6.324526e+29,5.756651e+19,5.011242e+04,1.707081e-09,7.886836e+12,5.442414e+34,2.324055e+00,4.555711e-05,2.854203e+00,1.130120e-07,6.622338e-08,3.754517e-07,0.000000e+00,false
8,1.000000e+15,1,29,CONTINUE,3.451789e-07,3.464156e-07,1.000000e-09,3.451789e-08,2.220448e-14,8.870793e-16,1.524686e-46,3.615842e+00,1.160842e-07,1.829353e+37,1.655856e+43,2.075756e+00,9.769191e-07,3.292470e-04,REFINE_STALLED,REFINE_STALLED,REFINE_STALLED,1,5,1,7,6,1,4,6,3,9.166657e+08,2.494606e+14,6.327725e+32,1.722019e+38,1.584835e+05,3.685163e+01,1.050470e-08,8.616025e+16,3.309972e-06,solution good enough for the tolerances given,solution good enough for the tolerances given,solution good enough for the tolerances given,1.050470e-08,1.254141e+07,1.280249e-08,9.166657e+08,2.638221e-02,6.327725e+32,1.821158e+22,1.584835e+05,1.707081e-09,2.494606e+14,1.722019e+38,7.349971e+00,4.555711e-05,2.854203e+00,1.130120e-07,6.622338e-08,3.754517e-07,0.000000e+00,false
8,3.162000e+15,1,30,CONTINUE,3.451789e-07,3.464156e-07,1.000000e-09,3.451789e-08,2.220448e-14,2.805437e-16,4.824204e-50,3.615842e+00,1.160842e-07,1.828472e+40,5.233289e+46,2.075756e+00,9.769191e-07,3.292470e-04,REFINE_STALLED,REFINE_STALLED,REFINE_STALLED,1,6,1,7,6,1,4,6,3,9.165035e+09,7.886633e+15,6.324603e+35,5.442403e+41,5.011242e+05,1.165343e+02,1.050470e-08,8.613149e+18,3.309974e-06,solution good enough for the tolerances given,solution good enough for the tolerances given,solution good enough for the tolerances given,1.050470e-08,1.337510e+09,1.280249e-08,9.165035e+09,8.342066e-02,6.324603e+35,5.756688e+24,5.011242e+05,1.707082e-09,7.886633e+15,5.442403e+41,2.324059e+01,4.555711e-05,2.854203e+00,1.130120e-07,6.622338e-08,3.754517e-07,0.000000e+00,false
8,1.000000e+16,1,30,CONTINUE,3.451789e-07,3.464156e-07,1.000000e-09,3.451789e-08,2.220448e-14,8.870793e-17,1.524622e-53,3.615842e+00,1.160842e-07,1.829410e+43,1.655906e+50,2.075756e+00,9.769191e-07,3.292470e-04,REFINE_STALLED,REFINE_STALLED,REFINE_STALLED,1,6,1,7,6,1,4,6,3,9.166651e+10,2.494580e+17,6.327921e+38,1.722075e+45,1.584833e+06,3.685096e+02,1.050470e-08,8.615831e+20,3.309973e-06,solution good enough for the tolerances given,solution good enough for the tolerances given,solution good enough for the tolerances given,1.050470e-08,1.249436e+11,1.280250e-08,9.166651e+10,2.638219e-01,6.327921e+38,1.821215e+27,1.584833e+06,1.707082e-09,2.494580e+17,1.722075e+45,7.349970e+01,4.555711e-05,2.854203e+00,1.130120e-07,6.622338e-08,3.754517e-07,0.000000e+00,false
8,3.162000e+16,1,30,CONTINUE,3.451789e-07,3.464156e-07,1.000000e-09,3.451789e-08,2.220448e-14,2.805437e-17,4.824326e-57,3.615842e+00,1.160842e-07,1.828415e+46,5.233128e+53,2.075756e+00,9.769191e-07,3.292470e-04,REFINE_STALLED,REFINE_STALLED,REFINE_STALLED,1,6,1,7,6,1,4,6,3,9.165043e+11,7.886503e+18,6.324504e+41,5.442241e+48,5.011239e+06,1.165284e+03,1.050470e-08,8.612853e+22,3.309974e-06,solution good enough for the tolerances given,solution good enough for the tolerances given,solution good enough for the tolerances given,1.050470e-08,1.210553e+13,1.280250e-08,9.165043e+11,8.342052e-01,6.324504e+41,5.756584e+29,5.011239e+06,1.707082e-09,7.886503e+18,5.442241e+48,2.324061e+02,4.555711e-05,2.854203e+00,1.130120e-07,6.622338e-08,3.754517e-07,0.000000e+00,false
8,1.000000e+17,1,30,CONTINUE,3.451789e-07,3.464156e-07,1.000000e-09,3.451789e-08,2.220448e-14,8.870793e-18,1.524647e-60,3.615842e+00,1.160842e-07,1.829381e+49,1.655880e+57,2.075756e+00,9.769191e-07,3.292470e-04,REFINE_STALLED,REFINE_STALLED,REFINE_STALLED,1,6,1,7,6,1,4,6,3,9.166646e+12,2.494593e+20,6.327874e+44,1.722048e+52,1.584832e+07,3.685178e+03,1.050470e-08,8.615914e+24,3.309974e-06,solution good enough for the tolerances given,solution good enough for the tolerances given,solution good enough for the tolerances given,1.050470e-08,1.320338e+15,1.280250e-08,9.166646e+12,2.638218e+00,6.327874e+44,1.821202e+32,1.584832e+07,1.707082e-09,2.494593e+20,1.722048e+52,7.349971e+02,4.555711e-05,2.854203e+00,1.130120e-07,6.622338e-08,3.754517e-07,0.000000e+00,false
8,3.162000e+17,1,30,CONTINUE,3.451789e-07,3.464156e-07,1.000000e-09,3.451789e-08,2.220448e-14,2.805437e-18,4.824311e-64,3.615842e+00,1.160842e-07,1.828419e+52,5.233140e+60,2.075756e+00,9.769191e-07,3.292470e-04,REFINE_STALLED,REFINE_STALLED,REFINE_STALLED,1,6,1,7,6,1,4,6,3,9.165033e+13,7.886444e+21,6.324527e+47,5.442252e+55,5.011239e+07,1.165233e+04,1.050470e-08,8.612730e+26,3.309974e-06,solution good enough for the tolerances given,solution good enough for the tolerances given,solution good enough for the tolerances given,1.050470e-08,1.269712e+17,1.280250e-08,9.165033e+13,8.342047e+00,6.324527e+47,5.756608e+34,5.011239e+07,1.707082e-09,7.886444e+21,5.442252e+55,2.324060e+03,4.555711e-05,2.854203e+00,1.130120e-07,6.622338e-08,3.754517e-07,0.000000e+00,false
8,1.000000e+18,1,30,CONTINUE,3.451789e-07,3.464156e-07,1.000000e-09,3.451789e-08,2.220448e-14,8.870793e-19,1.524615e-67,3.615842e+00,1.160842e-07,1.829416e+55,1.655912e+64,2.075756e+00,9.769191e-07,3.292470e-04,REFINE_STALLED,REFINE_STALLED,REFINE_STALLED,1,6,1,7,6,1,4,6,3,9.166643e+14,2.494603e+23,6.327941e+50,1.722081e+59,1.584832e+08,3.684863e+04,1.050470e-08,8.615988e+28,3.309974e-06,solution good enough for the tolerances given,solution good enough for the tolerances given,solution good enough for the tolerances given,1.050470e-08,1.222954e+19,1.280250e-08,9.166643e+14,2.638218e+01,6.327941e+50,1.821222e+37,1.584832e+08,1.707082e-09,2.494603e+23,1.722081e+59,7.349969e+03,4.555711e-05,2.854203e+00,1.130120e-07,6.622338e-08,3.754517e-07,0.000000e+00,false
9,1.000000e+00,0,29,CONTINUE,1.305145e-08,1.795443e-10,1.000000e-09,1.305145e-09,2.220446e-14,2.212058e-04,9.900000e-01,3.523451e+00,6.065197e-11,1.747190e-02,7.840275e-03,2.021430e+00,9.689264e-07,2.801275e-04,REACHED_FORCE,REACHED_FORCE,REACHED_FORCE,13,0,0,3,0,0,13,0,0,1.356086e-12,NaN,4.059950e-10,NaN,3.830924e-13,NaN,2.087213e-06,1.718827e-09,1.397337e-05,solution good enough for the tolerances given,solution good enough for the tolerances given,solution good enough for the tolerances given,6.866622e-12,2.373901e-09,2.536367e-12,3.402855e-18,1.356086e-12,6.938763e-18,4.059950e-10,4.702124e-16,3.830924e-13,1.356086e-12,4.059950e-10,3.830924e-13,1.789869e-03,2.854227e+00,1.152888e-09,6.836369e-10,1.617543e-08,0.000000e+00,false
9,3.162000e+00,0,26,CONTINUE,1.305145e-08,2.108593e-10,1.000000e-09,1.305145e-09,2.220446e-14,2.193119e-04,9.900000e-01,3.514740e+00,7.144320e-11,2.601655e-02,1.287791e-02,2.016433e+00,9.689264e-07,2.801275e-04,REACHED_FORCE,REACHED_FORCE,REACHED_FORCE,12,0,0,2,0,0,12,0,0,2.187045e-13,NaN,2.504663e-10,NaN,2.178190e-12,NaN,1.969206e-06,1.672793e-09,1.319004e-05,solution good enough for the tolerances given,solution good enough for the tolerances given,solution good enough for the tolerances given,1.472433e-12,1.520809e-09,1.645363e-11,9.081021e-18,2.187045e-13,3.337588e-17,2.504663e-10,1.401595e-15,2.178190e-12,2.187045e-13,2.504663e-10,2.178190e-12,1.010836e-03,2.854210e+00,1.152888e-09,6.836369e-10,1.617543e-08,0.000000e+00,false
9,1.000000e+01,0,24,CONTINUE,1.305145e-08,2.009834e-10,1.000000e-09,1.305145e-09,2.220446e-14,2.171296e-04,9.900000e-01,3.517648e+00,6.803245e-11,2.310396e-02,1.119520e-02,2.018101e+00,9.689264e-07,2.801275e-04,REACHED_FORCE,REACHED_FORCE,REACHED_FORCE,11,0,0,2,0,0,11,0,0,2.297046e-12,NaN,2.070665e-10,NaN,1.833660e-11,NaN,1.684400e-06,1.501102e-09,1.129579e-05,solution good enough for the tolerances given,solution good enough for the tolerances given,solution good enough for the tolerances given,1.308483e-11,1.206234e-09,1.187239e-10,3.613196e-17,2.297046e-12,4.769043e-17,2.070665e-10,2.531913e-15,1.833660e-11,2.297046e-12,2.070665e-10,1.833660e-11,5.747506e-04,2.854205e+00,1.152888e-09,6.836369e-10,1.617543e-08,0.000000e+00,false
9,3.162000e+01,0,22,CONTINUE,1.305145e-08,2.251442e-10,1.000000e-09,1.305145e-09,2.220446e-14,2.114376e-04,9.900000e-01,3.507940e+00,7.642559e-11,3.295429e-02,1.681447e-02,2.012532e+00,9.689264e-07,2.801275e-04,REACHED_FORCE,REACHED_FORCE,REACHED_FORCE,10,0,0,2,0,0,10,0,0,4.773513e-11,NaN,2.347490e-10,NaN,3.794047e-10,NaN,1.207029e-06,2.063674e-09,8.106507e-06,solution good enough for the tolerances given,solution good enough for the tolerances given,solution good enough for the tolerances given,3.641543e-10,1.358740e-09,3.023301e-09,8.641752e-17,4.773513e-11,3.298394e-16,2.347490e-10,1.045318e-14,3.794047e-10,4.773513e-11,2.347490e-10,3.794047e-10,3.309589e-04,2.854204e+00,1.152888e-09,6.836369e-10,1.617543e-08,0.000000e+00,false
9,1.000000e+02,0,21,CONTINUE,1.305145e-08,1.467351e-10,1.000000e-09,1.305145e-09,2.220446e-14,2.114376e-04,9.900000e-01,3.532529e+00,4.940211e-11,9.997762e-03,2.633774e-03,2.026638e+00,9.689264e-07,2.801275e-04,REACHED_FORCE,REACHED_FORCE,REACHED_FORCE,10,0,0,1,0,0,10,0,0,4.699113e-16,NaN,1.305669e-10,NaN,2.884572e-14,NaN,7.266736e-07,9.302750e-10,4.870767e-06,solution good enough for the tolerances given,solution good enough for the tolerances given,solution good enough for the tolerances given,3.637739e-15,9.302750e-10,3.020623e-14,1.338806e-16,4.699113e-16,1.608551e-16,1.305669e-10,2.884572e-14,3.791526e-15,4.699113e-16,1.305669e-10,2.884572e-14,1.938744e-04,2.854203e+00,1.152888e-09,6.836369e-10,1.617543e-08,0.000000e+00,false
9,3.162000e+02,0,17,CONTINUE,1.305145e-08,1.504537e-10,1.000000e-09,1.305145e-09,2.220446e-14,2.114376e-04,9.900000e-01,3.532095e+00,5.067093e-11,1.027288e-02,2.878540e-03,2.026389e+00,9.689264e-07,2.801275e-04,REACHED_FORCE,REACHED_FORCE,REACHED_FORCE,8,0,0,1,0,0,8,0,0,6.764144e-11,NaN,8.274896e-11,NaN,1.321652e-11,NaN,3.951727e-07,5.514212e-10,2.620778e-06,solution good enough for the tolerances given,solution good enough for the tolerances given,solution good enough for the tolerances given,3.475886e-10,5.514212e-10,8.158784e-11,4.811576e-16,6.764144e-11,9.486955e-16,8.274896e-11,1.060962e-13,1.321652e-11,6.764144e-11,8.274896e-11,1.321652e-11,1.160077e-04,2.854203e+00,1.152888e-09,6.836369e-10,1.617543e-08,0.000000e+00,false
9,1.000000e+03,0,13,CONTINUE,1.305145e-08,1.500137e-10,1.000000e-09,1.305145e-09,2.220446e-14,2.114376e-04,9.900000e-01,3.532426e+00,5.051957e-11,1.006168e-02,2.692016e-03,2.026579e+00,9.689264e-07,2.801275e-04,REACHED_FORCE,REACHED_FORCE,REACHED_FORCE,6,0,0,1,0,0,6,0,0,2.449232e-11,NaN,3.938381e-11,NaN,2.207660e-10,NaN,2.113829e-07,2.535644e-10,1.378502e-06,solution good enough for the tolerances given,solution good enough for the tolerances given,solution good enough for the tolerances given,1.651690e-10,2.535644e-10,1.464460e-09,2.249751e-15,2.449232e-11,2.995043e-15,3.938381e-11,4.314742e-13,2.207660e-10,2.449232e-11,3.938381e-11,2.207660e-10,7.138517e-05,2.854203e+00,1.152888e-09,6.836369e-10,1.617543e-08,0.000000e+00,false
9,3.162000e+03,0,10,CONTINUE,1.305145e-08,1.409000e-10,1.000000e-09,1.305145e-09,2.220446e-14,2.114376e-04,9.900000e-01,3.517322e+00,4.752813e-11,2.344999e-02,1.138408e-02,2.017914e+00,9.689264e-07,2.801275e-04,REACHED_FORCE,REACHED_FORCE,REACHED_FORCE,4,0,0,1,0,0,5,0,0,1.755077e-10,NaN,1.426067e-10,NaN,3.255186e-11,NaN,1.126005e-07,7.188911e-10,7.274036e-07,solution good enough for the tolerances given,solution good enough for the tolerances given,solution good enough for the tolerances given,1.101826e-09,7.188911e-10,2.226579e-10,1.861729e-14,1.755077e-10,2.313973e-14,1.426067e-10,1.115814e-12,3.255186e-11,1.755077e-10,1.426067e-10,3.255186e-11,4.533822e-05,2.854203e+00,1.152888e-09,6.836369e-10,1.617543e-08,0.000000e+00,false
9,1.000000e+04,0,8,CONTINUE,1.305145e-08,1.513512e-10,1.000000e-09,1.305145e-09,2.220446e-14,2.114377e-04,9.900000e-01,3.532436e+00,5.097150e-11,1.005506e-02,2.686140e-03,2.026585e+00,9.689264e-07,2.801275e-04,REACHED_FORCE,REACHED_FORCE,REACHED_FORCE,3,0,0,1,0,0,4,0,0,1.585426e-10,NaN,2.844493e-11,NaN,1.258731e-11,NaN,5.056082e-08,1.696931e-10,3.263405e-07,solution good enough for the tolerances given,solution good enough for the tolerances given,solution good enough for the tolerances given,7.827537e-10,1.696931e-10,8.229905e-11,1.657084e-14,1.585426e-10,2.094687e-14,2.844493e-11,2.761196e-12,1.258731e-11,1.585426e-10,2.844493e-11,1.258731e-11,2.937606e-05,2.854203e+00,1.152888e-09,6.836369e-10,1.617543e-08,0.000000e+00,false
9,3.162000e+04,0,6,CONTINUE,1.305145e-08,1.505412e-10,1.000000e-09,1.305145e-09,2.220446e-14,2.114376e-04,9.900000e-01,3.529809e+00,5.071689e-11,1.192021e-02,4.180122e-03,2.025077e+00,9.689264e-07,2.801275e-04,REACHED_FORCE,REACHED_FORCE,REACHED_FORCE,2,0,0,1,0,0,3,0,0,1.339329e-10,NaN,1.815814e-11,NaN,5.162383e-11,NaN,1.882511e-08,8.077265e-11,1.216210e-07,solution good enough for the tolerances given,solution good enough for the tolerances given,solution good enough for the tolerances given,6.904401e-10,8.077265e-11,2.438563e-10,7.145589e-14,1.339329e-10,9.151229e-14,1.815814e-11,7.876004e-12,5.162383e-11,1.339329e-10,1.815814e-11,5.162383e-11,1.942697e-05,2.854203e+00,1.152888e-09,6.836369e-10,1.617543e-08,0.000000e+00,false
9,1.000000e+05,0,5,CONTINUE,1.305145e-08,1.510121e-10,1.000000e-09,1.305145e-09,2.220446e-14,2.114355e-04,9.900000e-01,3.531206e+00,5.083448e-11,1.087920e-02,3.382308e-03,2.025879e+00,9.689264e-07,2.801275e-04,REACHED_FORCE,REACHED_FORCE,REACHED_FORCE,2,0,0,1,0,0,2,0,0,1.522191e-11,NaN,2.342751e-12,NaN,1.008817e-10,NaN,6.326343e-09,9.576148e-12,4.089558e-08,solution good enough for the tolerances given,solution good enough for the tolerances given,solution good enough for the tolerances given,7.713636e-11,9.576148e-12,5.119862e-10,1.473696e-13,1.522191e-11,2.127720e-13,2.342751e-12,2.338235e-11,1.008817e-10,1.522191e-11,2.342751e-12,1.008817e-10,1.383846e-05,2.854203e+00,1.152888e-09,6.836369e-10,1.617543e-08,0.000000e+00,false
9,3.162000e+05,0,5,CONTINUE,1.305145e-08,1.511786e-10,1.000000e-09,1.305145e-09,2.220446e-14,2.114360e-04,9.900000e-01,3.531499e+00,5.071701e-11,1.067457e-02,3.215963e-03,2.026047e+00,9.689264e-07,2.801275e-04,REACHED_FORCE,REACHED_FORCE,REACHED_FORCE,2,0,0,1,0,0,2,0,0,1.587195e-12,NaN,9.666291e-13,NaN,9.365667e-11,NaN,2.042117e-09,2.723767e-12,1.320208e-08,solution good enough for the tolerances given,solution good enough for the tolerances given,solution good enough for the tolerances given,8.016983e-12,2.723767e-12,5.315633e-11,4.372214e-13,1.587195e-12,9.666291e-13,5.486843e-13,9.365667e-11,1.052776e-11,1.587195e-12,9.666291e-13,9.365667e-11,1.122358e-05,2.854203e+00,1.152888e-09,6.836369e-10,1.617543e-08,0.000000e+00,false
9,1.000000e+06,0,4,CONTINUE,1.305145e-08,1.509201e-10,1.000000e-09,1.305145e-09,2.220446e-14,2.114165e-04,9.900000e-01,3.533804e+00,5.089277e-11,9.271617e-03,1.926687e-03,2.027369e+00,9.689264e-07,2.801275e-04,REACHED_FORCE,REACHED_FORCE,REACHED_FORCE,1,0,0,1,0,0,2,0,0,1.385525e-10,NaN,1.360385e-12,NaN,2.857039e-10,NaN,6.499548e-10,2.472961e-12,4.189335e-09,solution good enough for the tolerances given,solution good enough for the tolerances given,solution good enough for the tolerances given,6.499548e-10,2.472961e-12,5.352665e-12,1.928347e-12,1.385525e-10,1.360385e-12,5.609836e-13,2.857039e-10,1.060033e-12,1.385525e-10,1.360385e-12,2.857039e-10,9.205910e-06,2.854203e+00,1.152888e-09,6.836369e-10,1.617543e-08,0.000000e+00,true
9,3.162000e+06,0,4,CONTINUE,1.305145e-08,1.517905e-10,1.000000e-09,1.305145e-09,2.220446e-14,2.114546e-04,9.900000e-01,3.534127e+00,4.949313e-11,9.112933e-03,1.751050e-03,2.027555e+00,9.689264e-07,2.801275e-04,REACHED_FORCE,REACHED_FORCE,REACHED_FORCE,1,0,0,1,0,0,2,0,0,4.390634e-11,NaN,6.027908e-12,NaN,8.720434e-10,NaN,2.058954e-10,3.725129e-13,1.326885e-09,solution good enough for the tolerances given,solution good enough for the tolerances given,solution good enough for the tolerances given,2.058954e-10,3.725129e-13,5.397176e-13,7.334464e-12,4.390634e-11,6.027908e-12,8.036647e-14,8.720434e-10,1.072010e-13,4.390634e-11,6.027908e-12,8.720434e-10,5.179842e-06,2.854203e+00,1.152888e-09,6.836369e-10,1.617543e-08,0.000000e+00,false
9,1.000000e+07,0,4,CONTINUE,1.305145e-08,1.546852e-10,1.000000e-09,1.305145e-09,2.220446e-14,2.114361e-04,9.896379e-01,3.535122e+00,5.043679e-11,8.692741e-03,1.234265e-03,2.028126e+00,9.689264e-07,2.801275e-04,REACHED_FORCE,REACHED_FORCE,REACHED_FORCE,1,0,0,1,0,0,1,1,1,1.899958e-11,NaN,1.626666e-11,NaN,3.030222e-09,2.350455e-12,6.515339e-11,6.590701e-14,4.316911e-10,solution good enough for the tolerances given,solution good enough for the tolerances given,solution good enough for the tolerances given,6.515339e-11,6.590701e-14,4.316911e-10,1.899958e-11,1.390077e-11,1.626666e-11,8.747588e-15,3.030222e-09,9.324495e-11,1.899958e-11,1.626666e-11,2.350455e-12,2.913292e-06,2.854203e+00,1.152888e-09,6.836369e-10,1.617543e-08,0.000000e+00,false
9,3.162000e+07,0,4,CONTINUE,1.305145e-08,2.411077e-10,1.000000e-09,1.305145e-09,2.220446e-14,2.110207e-04,9.832975e-01,3.534715e+00,7.752652e-11,8.887679e-03,1.446874e-03,2.027893e+00,9.689264e-07,2.801275e-04,REACHED_FORCE,REACHED_FORCE,REACHED_FORCE,1,0,0,1,0,0,1,1,1,4.175009e-11,NaN,5.427568e-11,NaN,7.945193e-09,3.054193e-11,2.056471e-11,2.270705e-14,1.463541e-10,solution good enough for the tolerances given,solution good enough for the tolerances given,solution good enough for the tolerances given,2.056471e-11,2.270705e-14,1.463541e-10,4.175009e-11,4.391100e-12,5.427568e-11,2.361957e-15,7.945193e-09,3.187023e-11,4.175009e-11,5.427568e-11,3.054193e-11,1.635600e-06,2.854203e+00,1.152888e-09,6.836369e-10,1.617543e-08,0.000000e+00,false
9,1.000000e+08,0,4,CONTINUE,1.305145e-08,6.552148e-10,1.000000e-09,1.305145e-09,2.220446e-14,2.122581e-04,9.499925e-01,3.553960e+00,2.196244e-10,1.956309e-02,1.030458e-02,2.038936e+00,9.689264e-07,2.801275e-04,REACHED_FORCE,REACHED_FORCE,REACHED_FORCE,1,0,0,1,0,0,1,1,1,1.130762e-10,NaN,1.627524e-10,NaN,3.928489e-08,4.556162e-10,6.409842e-12,2.523277e-14,4.309586e-11,solution good enough for the tolerances given,solution good enough for the tolerances given,solution good enough for the tolerances given,6.409842e-12,2.523277e-14,4.309586e-11,1.130762e-10,1.358248e-12,1.627524e-10,1.814183e-14,3.928489e-08,8.726117e-12,1.130762e-10,1.627524e-10,4.556162e-10,9.189608e-07,2.854203e+00,1.152888e-09,6.836369e-10,1.617543e-08,0.000000e+00,false
9,3.162000e+08,0,5,CONTINUE,1.305145e-08,1.269544e-09,1.000000e-09,1.305145e-09,2.220446e-14,2.071991e-04,9.022169e-01,3.687427e+00,3.640485e-10,1.745972e-01,9.570631e-02,2.115512e+00,9.689264e-07,2.801275e-04,REACHED_FORCE,REACHED_FORCE,REACHED_FORCE,1,0,0,1,0,0,1,2,2,5.313943e-10,NaN,5.256272e-10,NaN,8.002920e-08,5.329645e-09,1.984508e-12,5.864424e-14,1.679357e-11,solution good enough for the tolerances given,solution good enough for the tolerances given,solution good enough for the tolerances given,1.984508e-12,5.864424e-14,1.679357e-11,5.313943e-10,4.143771e-13,5.256272e-10,2.736363e-14,8.002920e-08,3.650251e-12,5.313943e-10,5.256272e-10,4.405870e-10,5.154572e-07,2.854203e+00,1.152888e-09,6.836369e-10,1.617543e-08,0.000000e+00,false
9,1.000000e+09,1,8,CONTINUE,1.305145e-08,4.284061e-09,1.000000e-09,1.305145e-09,2.220446e-14,2.131476e-04,6.822045e-01,3.742921e+00,1.331364e-09,3.164195e-01,1.732596e-01,2.147363e+00,9.689264e-07,2.801275e-04,REFINE_STALLED,REACHED_FORCE,REFINE_STALLED,1,1,1,1,1,1,1,3,3,2.306411e-09,3.195894e-09,2.339086e-09,3.549053e-10,3.150296e-07,6.699791e-08,4.512789e-13,3.017413e-14,3.355955e-12,solution good enough for the tolerances given,solution good enough for the tolerances given,solution good enough for the tolerances given,4.512789e-13,3.017413e-14,3.355955e-12,2.306411e-09,2.439073e-13,2.339086e-09,1.450799e-13,3.150296e-07,3.742394e-13,3.195894e-09,3.549053e-10,1.414844e-08,2.763124e-07,2.854203e+00,1.152888e-09,6.836369e-10,1.617543e-08,0.000000e+00,false
9,3.162000e+09,1,6,CONTINUE,1.305145e-08,1.250238e-08,1.000000e-09,1.305145e-09,2.220446e-14,2.317156e-04,2.693857e-01,3.543051e+00,4.052481e-09,2.305267e-02,1.328456e-02,2.032743e+00,9.689264e-07,2.801275e-04,REFINE_STALLED,REFINE_STALLED,REFINE_STALLED,1,1,1,1,1,1,1,1,1,1.061156e-08,1.254268e-08,8.369339e-09,9.074609e-09,1.223703e-06,1.008062e-06,4.931651e-14,4.519247e-13,2.075994e-11,solution good enough for the tolerances given,solution good enough for the tolerances given,solution good enough for the tolerances given,4.931651e-14,4.519247e-13,2.075994e-11,1.061156e-08,1.581765e-14,8.369339e-09,1.024707e-13,1.223703e-06,3.481297e-12,1.254268e-08,9.074609e-09,1.008062e-06,1.463968e-07,2.854203e+00,1.152888e-09,6.836369e-10,1.617543e-08,0.000000e+00,false
9,1.000000e+10,1,16,CONTINUE,1.305145e-08,1.298918e-08,1.000000e-09,1.305145e-09,2.220446e-14,8.870790e-11,3.635710e-05,3.536088e+00,4.385644e-09,1.539783e+01,1.347494e+01,2.028734e+00,9.689264e-07,2.801275e-04,REFINE_STALLED,REFINE_STALLED,REFINE_STALLED,1,1,1,1,1,1,5,7,3,3.020111e-05,2.995779e-05,3.695928e-05,3.284287e-05,1.584752e+00,3.213410e-06,4.058122e-10,3.442316e-10,3.309977e-06,solution good enough for the tolerances given,solution good enough for the tolerances given,solution good enough for the tolerances given,4.058122e-10,3.442316e-10,2.489282e-10,3.020111e-05,8.942299e-11,3.695928e-05,7.613729e-11,1.584752e+00,3.455813e-11,2.995779e-05,3.284287e-05,7.513815e-07,4.555711e-05,2.854203e+00,1.152888e-09,6.836369e-10,1.617543e-08,0.000000e+00,false
9,3.162000e+10,1,17,CONTINUE,1.305145e-08,1.299797e-08,1.000000e-09,1.305145e-09,2.220446e-14,2.805437e-11,4.126651e-06,3.536102e+00,4.385827e-09,1.329455e+02,1.087504e+02,2.028746e+00,9.689264e-07,2.801275e-04,REFINE_STALLED,REFINE_STALLED,REFINE_STALLED,1,1,1,1,1,1,5,8,4,9.390251e-05,9.720338e-05,7.412392e-05,1.335205e-04,5.010981e+00,1.010050e-05,4.057770e-10,6.300908e-10,3.309976e-06,solution good enough for the tolerances given,solution good enough for the tolerances given,solution good enough for the tolerances given,4.057770e-10,6.300908e-10,2.489280e-10,9.390251e-05,8.944744e-11,7.412392e-05,1.421812e-10,5.010981e+00,3.455806e-11,9.720338e-05,1.335205e-04,6.303368e-07,4.555711e-05,2.854203e+00,1.152888e-09,6.836369e-10,1.617543e-08,0.000000e+00,false
9,1.000000e+11,1,19,CONTINUE,1.305145e-08,1.299318e-08,1.000000e-09,1.305145e-09,2.220446e-14,8.870793e-12,4.659136e-07,3.536058e+00,4.385957e-09,1.250540e+03,1.003799e+03,2.028721e+00,9.689264e-07,2.801275e-04,REFINE_STALLED,REFINE_STALLED,REFINE_STALLED,1,1,1,2,1,1,5,9,5,2.869261e-04,3.275182e-04,1.266940e-03,7.240913e-04,1.584750e+01,3.124855e-05,4.057658e-10,1.562585e-09,3.309973e-06,solution good enough for the tolerances given,solution good enough for the tolerances given,solution good enough for the tolerances given,4.057658e-10,3.171550e-10,2.489278e-10,2.869261e-04,9.037721e-11,1.266940e-03,4.896964e-11,1.584750e+01,3.455821e-11,3.275182e-04,7.240913e-04,6.513659e-07,4.555711e-05,2.854203e+00,1.152888e-09,6.836369e-10,1.617543e-08,0.000000e+00,false
9,3.162000e+11,1,21,CONTINUE,1.305145e-08,1.299810e-08,1.000000e-09,1.305145e-09,2.220446e-14,2.805437e-12,4.754042e-08,3.536085e+00,4.385910e-09,1.181556e+04,9.256185e+03,2.028739e+00,9.689264e-07,2.801275e-04,REFINE_STALLED,REFINE_STALLED,REFINE_STALLED,1,1,1,2,3,2,5,9,5,8.135116e-04,1.189588e-03,1.932286e-02,7.563819e-03,5.010972e+01,9.787587e-05,4.057623e-10,4.692842e-09,3.309967e-06,solution good enough for the tolerances given,solution good enough for the tolerances given,solution good enough for the tolerances given,4.057623e-10,9.217232e-10,2.489276e-10,8.135116e-04,9.165358e-11,1.932286e-02,8.023092e-10,5.010972e+01,3.455802e-11,1.189588e-03,5.639179e-03,1.365836e-06,4.555711e-05,2.854203e+00,1.152888e-09,6.836369e-10,1.617543e-08,0.000000e+00,false
9,1.000000e+12,1,24,CONTINUE,1.305145e-08,1.298785e-08,1.000000e-09,1.305145e-09,2.220446e-14,8.870793e-13,5.296637e-09,3.536070e+00,4.385848e-09,1.082424e+05,8.250258e+04,2.028735e+00,9.689264e-07,2.801275e-04,REFINE_STALLED,REFINE_STALLED,REFINE_STALLED,1,1,1,3,5,2,5,9,5,2.145542e-03,5.044108e-03,4.681077e-01,2.064960e-01,1.584752e+02,3.090986e-04,4.057612e-10,1.493628e-08,3.309972e-06,solution good enough for the tolerances given,solution good enough for the tolerances given,solution good enough for the tolerances given,4.057612e-10,4.097875e-10,2.489278e-10,2.145542e-03,9.569692e-11,4.681077e-01,7.820941e-09,1.584752e+02,3.455821e-11,5.044108e-03,1.063988e-01,3.719798e-06,4.555711e-05,2.854203e+00,1.152888e-09,6.836369e-10,1.617543e-08,0.000000e+00,false
9,3.162000e+12,1,26,CONTINUE,1.305145e-08,1.293329e-08,1.000000e-09,1.305145e-09,2.220446e-14,2.805437e-13,4.709295e-09,3.534658e+00,4.387502e-09,3.559652e+05,2.929569e+05,2.027940e+00,9.689264e-07,2.801275e-04,REFINE_STALLED,REFINE_STALLED,REFINE_STALLED,1,1,1,3,7,2,5,9,5,9.906981e-03,2.060522e-02,3.436524e+00,1.624514e+00,5.010991e+02,1.001228e-03,4.057608e-10,1.521625e-08,3.309977e-06,solution good enough for the tolerances given,solution good enough for the tolerances given,solution good enough for the tolerances given,4.057608e-10,1.427795e-10,2.489281e-10,9.906981e-03,1.084821e-10,3.436524e+00,1.881163e-08,5.010991e+02,3.455810e-11,2.060522e-02,1.305347e+00,1.116332e-05,4.555711e-05,2.854203e+00,1.152888e-09,6.836369e-10,1.617543e-08,0.000000e+00,false
9,1.000000e+13,1,25,CONTINUE,1.305145e-08,1.308384e-08,1.000000e-09,1.305145e-09,2.220446e-14,8.870793e-14,1.814736e-13,3.536762e+00,4.384765e-09,1.848962e+08,6.591762e+08,2.029125e+00,9.689264e-07,2.801275e-04,REFINE_STALLED,REFINE_STALLED,REFINE_STALLED,1,1,1,4,5,1,5,9,5,1.070636e-01,1.464693e-01,2.627155e+03,5.044599e+03,1.584749e+03,3.139387e-03,4.057607e-10,8.945637e-07,3.309973e-06,solution good enough for the tolerances given,solution good enough for the tolerances given,solution good enough for the tolerances given,4.057607e-10,1.981316e-09,2.489280e-10,1.070636e-01,2.194299e-10,2.627155e+03,4.499718e-06,1.584749e+03,3.455813e-11,1.464693e-01,5.044599e+03,3.470257e-05,4.555711e-05,2.854203e+00,1.152888e-09,6.836369e-10,1.617543e-08,0.000000e+00,false
9,3.162000e+13,1,28,CONTINUE,1.305145e-08,1.308182e-08,1.000000e-09,1.305145e-09,2.220446e-14,2.805437e-14,2.669508e-17,3.536794e+00,4.384722e-09,3.131406e+11,4.713853e+12,2.029144e+00,9.689264e-07,2.801275e-04,REFINE_STALLED,REFINE_STALLED,REFINE_STALLED,1,2,1,5,6,1,5,9,5,1.275913e+00,9.408490e+00,5.695073e+06,3.689607e+07,5.010989e+03,1.001954e-02,4.057607e-10,2.407075e-04,3.309976e-06,solution good enough for the tolerances given,solution good enough for the tolerances given,solution good enough for the tolerances given,4.057607e-10,2.900006e-09,2.489282e-10,1.275913e+00,7.146899e-10,5.695073e+06,3.089625e-03,5.010989e+03,3.455810e-11,9.408490e+00,3.689607e+07,1.091256e-04,4.555711e-05,2.854203e+00,1.152888e-09,6.836369e-10,1.617543e-08,0.000000e+00,false
9,1.000000e+14,1,30,CONTINUE,1.305145e-08,1.308075e-08,1.000000e-09,1.305145e-09,2.220446e-14,8.870793e-15,1.216911e-20,3.536802e+00,4.384712e-09,1.972786e+14,1.058190e+16,2.029149e+00,9.689264e-07,2.801275e-04,REFINE_STALLED,REFINE_STALLED,REFINE_STALLED,1,3,1,6,6,1,5,9,5,1.341185e+01,2.673993e+02,3.941537e+09,8.230716e+10,1.584752e+04,3.067485e-02,4.057607e-10,1.762806e-02,3.309972e-06,solution good enough for the tolerances given,solution good enough for the tolerances given,solution good enough for the tolerances given,4.057607e-10,1.258361e-09,2.489276e-10,1.341185e+01,2.321749e-09,3.941537e+09,6.758951e-01,1.584752e+04,3.455813e-11,2.673993e+02,8.230716e+10,3.445240e-04,4.555711e-05,2.854203e+00,1.152888e-09,6.836369e-10,1.617543e-08,0.000000e+00,false
9,3.162000e+14,1,31,CONTINUE,1.305145e-08,1.308036e-08,1.000000e-09,1.305145e-09,2.220446e-14,2.805437e-15,3.504005e-24,3.536804e+00,4.384710e-09,2.095748e+17,3.701927e+19,2.029150e+00,9.689264e-07,2.801275e-04,REFINE_STALLED,REFINE_STALLED,REFINE_STALLED,1,3,1,7,6,1,5,9,5,1.361529e+02,9.123329e+03,4.324512e+12,2.870483e+14,5.010978e+04,9.899974e-02,4.057607e-10,1.970278e+00,3.309975e-06,solution good enough for the tolerances given,solution good enough for the tolerances given,solution good enough for the tolerances given,4.057607e-10,8.189336e-11,2.489280e-10,1.361529e+02,7.400197e-09,4.324512e+12,2.343767e+02,5.010978e+04,3.455817e-11,9.123329e+03,2.870483e+14,1.088804e-03,4.555711e-05,2.854203e+00,1.152888e-09,6.836369e-10,1.617543e-08,0.000000e+00,false
9,1.000000e+15,1,32,CONTINUE,1.305145e-08,1.308023e-08,1.000000e-09,1.305145e-09,2.220446e-14,8.870793e-16,1.151986e-27,3.536804e+00,4.384709e-09,1.994076e+20,1.128762e+23,2.029150e+00,9.689264e-07,2.801275e-04,REFINE_STALLED,REFINE_STALLED,REFINE_STALLED,1,4,1,7,6,1,5,9,5,1.368271e+03,2.853800e+05,4.158743e+15,8.742503e+17,1.584751e+05,3.173764e-01,4.057607e-10,1.905423e+02,3.309973e-06,solution good enough for the tolerances given,solution good enough for the tolerances given,solution good enough for the tolerances given,4.057607e-10,4.982497e-09,2.489279e-10,1.368271e+03,2.345717e-08,4.158743e+15,7.124035e+04,1.584751e+05,3.455825e-11,2.853800e+05,8.742503e+17,3.442802e-03,4.555711e-05,2.854203e+00,1.152888e-09,6.836369e-10,1.617543e-08,0.000000e+00,false
9,3.162000e+15,1,32,CONTINUE,1.305145e-08,1.308020e-08,1.000000e-09,1.305145e-09,2.220446e-14,2.805437e-16,3.608650e-31,3.536805e+00,4.384709e-09,2.005998e+23,3.605764e+26,2.029151e+00,9.689264e-07,2.801275e-04,REFINE_STALLED,REFINE_STALLED,REFINE_STALLED,1,4,1,7,6,1,5,9,5,1.370142e+04,9.090761e+06,4.196690e+18,2.791727e+21,5.010985e+05,9.826630e-01,4.057607e-10,1.926564e+04,3.309974e-06,solution good enough for the tolerances given,solution good enough for the tolerances given,solution good enough for the tolerances given,4.057607e-10,5.918192e-07,2.489280e-10,1.370142e+04,7.425497e-08,4.196690e+18,2.273728e+07,5.010985e+05,3.455810e-11,9.090761e+06,2.791727e+21,1.088603e-02,4.555711e-05,2.854203e+00,1.152888e-09,6.836369e-10,1.617543e-08,0.000000e+00,false
9,1.000000e+16,1,32,CONTINUE,1.305145e-08,1.308018e-08,1.000000e-09,1.305145e-09,2.220446e-14,8.870793e-17,1.137699e-34,3.536805e+00,4.384709e-09,2.009681e+26,1.143880e+30,2.029151e+00,9.689264e-07,2.801275e-04,REFINE_STALLED,REFINE_STALLED,REFINE_STALLED,1,4,1,7,6,1,5,9,5,1.370978e+05,2.881287e+08,4.209438e+21,8.855619e+24,1.584750e+06,3.181126e+00,4.057607e-10,1.932781e+06,3.309973e-06,solution good enough for the tolerances given,solution good enough for the tolerances given,solution good enough for the tolerances given,4.057607e-10,7.214938e-05,2.489281e-10,1.370978e+05,2.349457e-07,4.209438e+21,7.209875e+09,1.584750e+06,3.455817e-11,2.881287e+08,8.855619e+24,3.442575e-02,4.555711e-05,2.854203e+00,1.152888e-09,6.836369e-10,1.617543e-08,0.000000e+00,false
9,3.162000e+16,1,32,CONTINUE,1.305145e-08,1.308018e-08,1.000000e-09,1.305145e-09,2.220446e-14,2.805437e-17,3.595311e-38,3.536805e+00,4.384709e-09,2.010704e+29,3.620220e+33,2.029151e+00,9.689264e-07,2.801275e-04,REFINE_STALLED,REFINE_STALLED,REFINE_STALLED,1,4,1,7,6,1,5,9,5,1.370908e+06,9.119411e+09,4.213896e+24,2.802566e+28,5.010975e+06,9.801041e+00,4.057607e-10,1.935835e+08,3.309974e-06,solution good enough for the tolerances given,solution good enough for the tolerances given,solution good enough for the tolerances given,4.057607e-10,6.488049e-03,2.489279e-10,1.370908e+06,7.427407e-07,4.213896e+24,2.283186e+12,5.010975e+06,3.455817e-11,9.119411e+09,2.802566e+28,1.088504e-01,4.555711e-05,2.854203e+00,1.152888e-09,6.836369e-10,1.617543e-08,0.000000e+00,false
9,1.000000e+17,1,33,CONTINUE,1.305145e-08,1.308020e-08,1.000000e-09,1.305145e-09,2.220446e-14,8.870793e-18,1.135459e-41,3.536805e+00,4.384709e-09,2.012919e+32,1.146315e+37,2.029151e+00,9.689264e-07,2.801275e-04,REFINE_STALLED,REFINE_STALLED,REFINE_STALLED,1,5,1,7,6,1,5,9,5,1.371172e+07,2.885849e+11,4.218280e+27,8.873860e+31,1.584749e+07,3.139443e+01,4.057607e-10,1.938078e+10,3.309974e-06,solution good enough for the tolerances given,solution good enough for the tolerances given,solution good enough for the tolerances given,4.057607e-10,7.860468e-01,2.489279e-10,1.371172e+07,2.348455e-06,4.218280e+27,7.227314e+14,1.584749e+07,3.455817e-11,2.885849e+11,8.873860e+31,3.442349e-01,4.555711e-05,2.854203e+00,1.152888e-09,6.836369e-10,1.617543e-08,0.000000e+00,false
9,3.162000e+17,1,33,CONTINUE,1.305145e-08,1.308019e-08,1.000000e-09,1.305145e-09,2.220446e-14,2.805437e-18,3.597123e-45,3.536805e+00,4.384709e-09,2.009381e+35,3.618521e+40,2.029151e+00,9.689264e-07,2.801275e-04,REFINE_STALLED,REFINE_STALLED,REFINE_STALLED,1,5,1,7,6,1,5,9,5,1.370991e+08,9.115826e+12,4.209130e+30,2.801181e+35,5.010975e+07,9.876403e+01,4.057607e-10,1.934023e+12,3.309974e-06,solution good enough for the tolerances given,solution good enough for the tolerances given,solution good enough for the tolerances given,4.057607e-10,6.587956e+01,2.489279e-10,1.370991e+08,7.427840e-06,4.209130e+30,2.280575e+17,5.010975e+07,3.455817e-11,9.115826e+12,2.801181e+35,1.088505e+00,4.555711e-05,2.854203e+00,1.152888e-09,6.836369e-10,1.617543e-08,0.000000e+00,false
9,1.000000e+18,1,33,CONTINUE,1.305145e-08,1.308017e-08,1.000000e-09,1.305145e-09,2.220446e-14,8.870793e-19,1.136898e-48,3.536805e+00,4.384709e-09,2.010093e+38,1.144838e+44,2.029151e+00,9.689264e-07,2.801275e-04,REFINE_STALLED,REFINE_STALLED,REFINE_STALLED,1,5,1,7,6,1,5,9,5,1.371289e+09,2.883614e+14,4.212834e+33,8.862467e+38,1.584749e+08,3.135265e+02,4.057607e-10,1.934864e+14,3.309974e-06,solution good enough for the tolerances given,solution good enough for the tolerances given,solution good enough for the tolerances given,4.057607e-10,5.279797e+03,2.489279e-10,1.371289e+09,2.348913e-05,4.212834e+33,7.216870e+19,1.584749e+08,3.455817e-11,2.883614e+14,8.862467e+38,3.442586e+00,4.555711e-05,2.854203e+00,1.152888e-09,6.836369e-10,1.617543e-08,0.000000e+00,false
