iter,alpha,state,ncraig,ipm_status,mu,mu_next,rho,force_tol,floor_tol,sigma2min,step,tau,kappa,norm_dp,norm_dy,norm_y,hdiag_min,hdiag_max,pstat,cstat,wstat,pbase,prefn,ppass,cbase,crefn,cpass,wbase,wrefn,wpass,pres0,pres1,cres0,cres1,wres0,wres1,r0_p,r0_c,r0_w,craig_p,craig_c,craig_w,r1_p,r1_c,r1_w,p_res0_dual,p_res0_prim,c_res0_dual,c_res0_prim,w_res0_dual,w_res0_prim,p_res_exit,c_res_exit,w_res_exit,Ldiag_min,Ldiag_max,ipm_pres,ipm_dres,bar_hdiag_med,bar_hdiag_frac_mid,chosen
1,1.000000e+00,0,8,CONTINUE,1.000000e+00,3.666885e-01,1.000000e-09,1.000000e-01,1.411984e-13,9.091679e-01,6.439411e-01,1.073589e+00,3.227983e-01,4.402152e+00,2.807491e+00,1.807859e+00,1.000000e+00,1.000000e+00,REACHED_FORCE,REACHED_FORCE,REACHED_FORCE,3,0,0,3,0,0,2,0,0,8.174310e-03,NaN,2.736542e-03,NaN,4.353977e-03,NaN,1.507130e+00,5.072112e-01,1.789383e-01,solution good enough for the tolerances given,solution good enough for the tolerances given,solution good enough for the tolerances given,5.420600e-02,1.856640e-02,3.331126e-02,6.837735e-15,8.174310e-03,8.867860e-15,2.736542e-03,5.097775e-16,4.353977e-03,8.174310e-03,2.736542e-03,4.353977e-03,1.227448e+00,2.758091e+00,3.989731e+00,6.313590e+00,1.000000e+00,1.000000e+00,false
1,3.162000e+00,0,5,CONTINUE,1.000000e+00,3.672454e-01,1.000000e-09,1.000000e-01,1.411984e-13,9.091679e-01,6.433639e-01,1.074400e+00,3.225094e-01,4.399634e+00,2.799465e+00,1.801075e+00,1.000000e+00,1.000000e+00,REACHED_FORCE,REACHED_FORCE,REACHED_FORCE,2,0,0,2,0,0,1,0,0,7.164336e-03,NaN,3.286962e-03,NaN,1.168383e-02,NaN,5.980767e-01,2.049709e-01,6.589001e-02,solution good enough for the tolerances given,solution good enough for the tolerances given,solution good enough for the tolerances given,4.878943e-02,1.789313e-02,6.589001e-02,2.190076e-14,7.164336e-03,2.909767e-14,3.286962e-03,2.271719e-15,1.168383e-02,7.164336e-03,3.286962e-03,1.168383e-02,7.334640e-01,2.581504e+00,3.989731e+00,6.313590e+00,1.000000e+00,1.000000e+00,false
1,1.000000e+01,0,4,CONTINUE,1.000000e+00,3.551860e-01,1.000000e-09,1.000000e-01,1.411984e-13,9.091679e-01,6.570802e-01,1.075603e+00,3.079613e-01,4.376222e+00,2.778450e+00,1.825665e+00,1.000000e+00,1.000000e+00,REACHED_FORCE,REACHED_FORCE,REACHED_FORCE,2,0,0,1,0,0,1,0,0,8.268560e-04,NaN,9.454785e-03,NaN,4.055483e-03,NaN,2.085785e-01,7.136118e-02,2.237821e-02,solution good enough for the tolerances given,solution good enough for the tolerances given,solution good enough for the tolerances given,6.013885e-03,7.136118e-02,2.237821e-02,4.707035e-14,8.268560e-04,7.562622e-14,9.454785e-03,6.453014e-15,4.055483e-03,8.268560e-04,9.454785e-03,4.055483e-03,4.321863e-01,2.516784e+00,3.989731e+00,6.313590e+00,1.000000e+00,1.000000e+00,false
1,3.162000e+01,0,3,CONTINUE,1.000000e+00,3.622658e-01,1.000000e-09,1.000000e-01,1.411984e-13,9.091679e-01,6.475508e-01,1.070908e+00,3.196109e-01,4.388925e+00,2.763848e+00,1.789732e+00,1.000000e+00,1.000000e+00,REACHED_FORCE,REACHED_FORCE,REACHED_FORCE,1,0,0,1,0,0,1,0,0,8.435756e-03,NaN,3.075465e-03,NaN,1.326472e-03,NaN,6.832766e-02,2.326421e-02,7.268778e-03,solution good enough for the tolerances given,solution good enough for the tolerances given,solution good enough for the tolerances given,6.832766e-02,2.326421e-02,7.268778e-03,1.812350e-13,8.435756e-03,2.550618e-13,3.075465e-03,2.322897e-14,1.326472e-03,8.435756e-03,3.075465e-03,1.326472e-03,2.457641e-01,2.495026e+00,3.989731e+00,6.313590e+00,1.000000e+00,1.000000e+00,true
1,1.000000e+02,0,3,CONTINUE,1.000000e+00,3.644140e-01,1.000000e-09,1.000000e-01,1.411984e-13,9.091679e-01,6.459744e-01,1.072378e+00,3.208860e-01,4.398623e+00,2.801287e+00,1.809559e+00,1.000000e+00,1.000000e+00,REACHED_FORCE,REACHED_FORCE,REACHED_FORCE,1,0,0,1,0,0,1,0,0,2.702931e-03,NaN,9.928874e-04,NaN,4.241299e-04,NaN,2.185834e-02,7.472206e-03,2.319068e-03,solution good enough for the tolerances given,solution good enough for the tolerances given,solution good enough for the tolerances given,2.185834e-02,7.472206e-03,2.319068e-03,4.947908e-13,2.702931e-03,8.588799e-13,9.928874e-04,7.979780e-14,4.241299e-04,2.702931e-03,9.928874e-04,4.241299e-04,1.387326e-01,2.487994e+00,3.989731e+00,6.313590e+00,1.000000e+00,1.000000e+00,false
1,3.162000e+02,0,3,CONTINUE,1.000000e+00,3.650946e-01,1.000000e-09,1.000000e-01,1.411984e-13,9.091679e-01,6.454789e-01,1.072853e+00,3.212813e-01,4.401781e+00,2.813492e+00,1.816050e+00,1.000000e+00,1.000000e+00,REACHED_FORCE,REACHED_FORCE,REACHED_FORCE,1,0,0,1,0,0,1,0,0,8.584534e-04,NaN,3.161340e-04,NaN,1.346139e-04,NaN,6.938710e-03,2.375351e-03,7.355388e-04,solution good enough for the tolerances given,solution good enough for the tolerances given,solution good enough for the tolerances given,6.938710e-03,2.375351e-03,7.355388e-04,1.738852e-12,8.584534e-04,2.791464e-12,3.161340e-04,2.637766e-13,1.346139e-04,8.584534e-04,3.161340e-04,1.346139e-04,7.811709e-02,2.485755e+00,3.989731e+00,6.313590e+00,1.000000e+00,1.000000e+00,false
1,1.000000e+03,0,3,CONTINUE,1.000000e+00,3.653101e-01,1.000000e-09,1.000000e-01,1.411984e-13,9.091679e-01,6.453225e-01,1.073005e+00,3.214056e-01,4.402789e+00,2.817391e+00,1.818126e+00,1.000000e+00,1.000000e+00,REACHED_FORCE,REACHED_FORCE,REACHED_FORCE,1,0,0,1,0,0,1,0,0,2.718093e-04,NaN,1.001772e-04,NaN,4.261329e-05,NaN,2.196628e-03,7.523291e-04,2.327912e-04,solution good enough for the tolerances given,solution good enough for the tolerances given,solution good enough for the tolerances given,2.196628e-03,7.523291e-04,2.327912e-04,6.018698e-12,2.718093e-04,6.439812e-12,1.001772e-04,6.506242e-13,4.261329e-05,2.718093e-04,1.001772e-04,4.261329e-05,4.394428e-02,2.485045e+00,3.989731e+00,6.313590e+00,1.000000e+00,1.000000e+00,false
1,3.162000e+03,0,3,CONTINUE,1.000000e+00,3.653782e-01,1.000000e-09,1.000000e-01,1.411984e-13,9.091679e-01,6.452731e-01,1.073053e+00,3.214448e-01,4.403109e+00,2.818627e+00,1.818784e+00,1.000000e+00,1.000000e+00,REACHED_FORCE,REACHED_FORCE,REACHED_FORCE,1,0,0,1,0,0,1,0,0,8.599791e-05,NaN,3.170325e-05,NaN,1.348154e-05,NaN,6.949570e-04,2.380532e-04,7.364293e-05,solution good enough for the tolerances given,solution good enough for the tolerances given,solution good enough for the tolerances given,6.949570e-04,2.380532e-04,7.364293e-05,2.219674e-11,8.599791e-05,1.864723e-11,3.170325e-05,2.297341e-12,1.348154e-05,8.599791e-05,3.170325e-05,1.348154e-05,2.471594e-02,2.484821e+00,3.989731e+00,6.313590e+00,1.000000e+00,1.000000e+00,false
1,1.000000e+04,0,3,CONTINUE,1.000000e+00,3.653998e-01,1.000000e-09,1.000000e-01,1.411984e-13,9.091679e-01,6.452574e-01,1.073068e+00,3.214572e-01,4.403211e+00,2.819019e+00,1.818993e+00,1.000000e+00,1.000000e+00,REACHED_FORCE,REACHED_FORCE,REACHED_FORCE,1,0,0,1,0,0,1,0,0,2.719621e-05,NaN,1.002674e-05,NaN,4.263348e-06,NaN,2.197716e-04,7.528494e-05,2.328804e-05,solution good enough for the tolerances given,solution good enough for the tolerances given,solution good enough for the tolerances given,2.197716e-04,7.528494e-05,2.328804e-05,6.739823e-11,2.719621e-05,6.488170e-11,1.002674e-05,8.064199e-12,4.263348e-06,2.719621e-05,1.002674e-05,4.263348e-06,1.389875e-02,2.484750e+00,3.989731e+00,6.313590e+00,1.000000e+00,1.000000e+00,false
1,3.162000e+04,0,3,CONTINUE,1.000000e+00,3.654066e-01,1.000000e-09,1.000000e-01,1.411984e-13,9.091679e-01,6.452525e-01,1.073073e+00,3.214611e-01,4.403243e+00,2.819143e+00,1.819059e+00,1.000000e+00,1.000000e+00,REACHED_FORCE,REACHED_FORCE,REACHED_FORCE,1,0,0,1,0,0,1,0,0,8.601321e-06,NaN,3.171227e-06,NaN,1.348356e-06,NaN,6.950659e-05,2.381053e-05,7.365186e-06,solution good enough for the tolerances given,solution good enough for the tolerances given,solution good enough for the tolerances given,6.950659e-05,2.381053e-05,7.365186e-06,2.085575e-10,8.601321e-06,1.809109e-10,3.171227e-06,1.940361e-11,1.348356e-06,8.601321e-06,3.171227e-06,1.348356e-06,7.816283e-03,2.484727e+00,3.989731e+00,6.313590e+00,1.000000e+00,1.000000e+00,false
1,1.000000e+05,0,3,CONTINUE,1.000000e+00,3.654087e-01,1.000000e-09,1.000000e-01,1.411984e-13,9.091679e-01,6.452509e-01,1.073074e+00,3.214624e-01,4.403253e+00,2.819182e+00,1.819080e+00,1.000000e+00,1.000000e+00,REACHED_FORCE,REACHED_FORCE,REACHED_FORCE,1,0,0,1,0,0,1,0,0,2.719774e-06,NaN,1.002764e-06,NaN,4.263550e-07,NaN,2.197825e-05,7.529015e-06,2.328893e-06,solution good enough for the tolerances given,solution good enough for the tolerances given,solution good enough for the tolerances given,2.197825e-05,7.529015e-06,2.328893e-06,7.645749e-10,2.719774e-06,9.288379e-10,1.002764e-06,6.962975e-11,4.263550e-07,2.719774e-06,1.002764e-06,4.263550e-07,4.395244e-03,2.484720e+00,3.989731e+00,6.313590e+00,1.000000e+00,1.000000e+00,false
1,3.162000e+05,0,3,CONTINUE,1.000000e+00,3.654094e-01,1.000000e-09,1.000000e-01,1.411984e-13,9.091679e-01,6.452504e-01,1.073075e+00,3.214628e-01,4.403256e+00,2.819194e+00,1.819086e+00,1.000000e+00,1.000000e+00,REACHED_FORCE,REACHED_FORCE,REACHED_FORCE,1,0,0,1,0,0,1,0,0,8.601474e-07,NaN,3.171318e-07,NaN,1.348376e-07,NaN,6.950768e-06,2.381105e-06,7.365275e-07,solution good enough for the tolerances given,solution good enough for the tolerances given,solution good enough for the tolerances given,6.950768e-06,2.381105e-06,7.365275e-07,1.815189e-09,8.601474e-07,2.144020e-09,3.171318e-07,3.534758e-10,1.348376e-07,8.601474e-07,3.171318e-07,1.348376e-07,2.471739e-03,2.484718e+00,3.989731e+00,6.313590e+00,1.000000e+00,1.000000e+00,false
1,1.000000e+06,0,3,CONTINUE,1.000000e+00,3.654096e-01,1.000000e-09,1.000000e-01,1.411984e-13,9.091679e-01,6.452503e-01,1.073075e+00,3.214629e-01,4.403257e+00,2.819198e+00,1.819088e+00,1.000000e+00,1.000000e+00,REACHED_FORCE,REACHED_FORCE,REACHED_FORCE,1,0,0,1,0,0,1,0,0,2.719790e-07,NaN,1.002773e-07,NaN,4.263570e-08,NaN,2.197836e-06,7.529067e-07,2.328902e-07,solution good enough for the tolerances given,solution good enough for the tolerances given,solution good enough for the tolerances given,2.197836e-06,7.529067e-07,2.328902e-07,7.980691e-09,2.719790e-07,6.424704e-09,1.002773e-07,7.169299e-10,4.263570e-08,2.719790e-07,1.002773e-07,4.263570e-08,1.389900e-03,2.484717e+00,3.989731e+00,6.313590e+00,1.000000e+00,1.000000e+00,false
1,3.162000e+06,0,3,CONTINUE,1.000000e+00,3.654097e-01,1.000000e-09,1.000000e-01,1.411984e-13,9.091679e-01,6.452502e-01,1.073075e+00,3.214629e-01,4.403257e+00,2.819199e+00,1.819089e+00,1.000000e+00,1.000000e+00,REACHED_FORCE,REACHED_FORCE,REACHED_FORCE,1,0,0,1,0,0,1,0,0,8.601489e-08,NaN,3.171327e-08,NaN,1.348378e-08,NaN,6.950779e-07,2.381110e-07,7.365284e-08,solution good enough for the tolerances given,solution good enough for the tolerances given,solution good enough for the tolerances given,6.950779e-07,2.381110e-07,7.365284e-08,1.789630e-08,8.601489e-08,1.759496e-08,3.171327e-08,2.281993e-09,1.348378e-08,8.601489e-08,3.171327e-08,1.348378e-08,7.816329e-04,2.484717e+00,3.989731e+00,6.313590e+00,1.000000e+00,1.000000e+00,false
1,1.000000e+07,0,3,CONTINUE,1.000000e+00,3.654097e-01,1.000000e-09,1.000000e-01,1.411984e-13,9.091680e-01,6.452502e-01,1.073075e+00,3.214630e-01,4.403257e+00,2.819200e+00,1.819089e+00,1.000000e+00,1.000000e+00,REACHED_FORCE,REACHED_FORCE,REACHED_FORCE,1,0,0,1,0,0,1,0,0,5.822035e-08,NaN,8.129366e-08,NaN,8.039223e-09,NaN,2.197837e-07,7.529072e-08,2.328903e-08,solution good enough for the tolerances given,solution good enough for the tolerances given,solution good enough for the tolerances given,2.197837e-07,7.529072e-08,2.328903e-08,5.822035e-08,2.719791e-08,8.129366e-08,1.002774e-08,8.039223e-09,4.263572e-09,5.822035e-08,8.129366e-08,8.039223e-09,4.395252e-04,2.484717e+00,3.989731e+00,6.313590e+00,1.000000e+00,1.000000e+00,false
1,3.162000e+07,0,3,CONTINUE,1.000000e+00,3.654097e-01,1.000000e-09,1.000000e-01,1.411984e-13,9.091680e-01,6.452502e-01,1.073075e+00,3.214629e-01,4.403257e+00,2.819200e+00,1.819089e+00,1.000000e+00,1.000000e+00,REACHED_FORCE,REACHED_FORCE,REACHED_FORCE,1,0,0,1,0,0,1,0,0,1.890497e-07,NaN,2.904944e-07,NaN,2.107361e-08,NaN,6.950780e-08,2.381111e-08,7.365285e-09,solution good enough for the tolerances given,solution good enough for the tolerances given,solution good enough for the tolerances given,6.950780e-08,2.381111e-08,7.365285e-09,1.890497e-07,8.601490e-09,2.904944e-07,3.171328e-09,2.107361e-08,1.348378e-09,1.890497e-07,2.904944e-07,2.107361e-08,2.471740e-04,2.484717e+00,3.989731e+00,6.313590e+00,1.000000e+00,1.000000e+00,false
1,1.000000e+08,0,3,CONTINUE,1.000000e+00,3.654097e-01,1.000000e-09,1.000000e-01,1.411984e-13,9.091680e-01,6.452502e-01,1.073075e+00,3.214631e-01,4.403257e+00,2.819200e+00,1.819090e+00,1.000000e+00,1.000000e+00,REACHED_FORCE,REACHED_FORCE,REACHED_FORCE,1,0,0,1,0,0,1,0,0,4.631465e-07,NaN,6.390598e-07,NaN,6.253186e-08,NaN,2.197837e-08,7.529075e-09,2.328903e-09,solution good enough for the tolerances given,solution good enough for the tolerances given,solution good enough for the tolerances given,2.197837e-08,7.529075e-09,2.328903e-09,4.631465e-07,2.719792e-09,6.390598e-07,1.002774e-09,6.253186e-08,4.263573e-10,4.631465e-07,6.390598e-07,6.253186e-08,1.389901e-04,2.484717e+00,3.989731e+00,6.313590e+00,1.000000e+00,1.000000e+00,false
1,3.162000e+08,0,3,CONTINUE,1.000000e+00,3.654094e-01,1.000000e-09,1.000000e-01,1.411984e-13,9.091679e-01,6.452504e-01,1.073075e+00,3.214628e-01,4.403257e+00,2.819200e+00,1.819090e+00,1.000000e+00,1.000000e+00,REACHED_FORCE,REACHED_FORCE,REACHED_FORCE,1,0,0,1,0,0,1,0,0,1.488756e-06,NaN,2.236526e-06,NaN,3.404921e-07,NaN,6.950781e-09,2.381110e-09,7.365281e-10,solution good enough for the tolerances given,solution good enough for the tolerances given,solution good enough for the tolerances given,6.950781e-09,2.381110e-09,7.365281e-10,1.488756e-06,8.601493e-10,2.236526e-06,3.171326e-10,3.404921e-07,1.348377e-10,1.488756e-06,2.236526e-06,3.404921e-07,7.816329e-05,2.484717e+00,3.989731e+00,6.313590e+00,1.000000e+00,1.000000e+00,false
1,1.000000e+09,0,3,CONTINUE,1.000000e+00,3.654093e-01,1.000000e-09,1.000000e-01,1.411984e-13,9.091685e-01,6.452507e-01,1.073073e+00,3.214636e-01,4.403258e+00,2.819201e+00,1.819091e+00,1.000000e+00,1.000000e+00,REACHED_FORCE,REACHED_FORCE,REACHED_FORCE,1,0,0,1,0,0,1,0,0,5.077078e-06,NaN,6.613008e-06,NaN,7.059217e-07,NaN,2.197838e-09,7.529072e-10,2.328901e-10,solution good enough for the tolerances given,solution good enough for the tolerances given,solution good enough for the tolerances given,2.197838e-09,7.529072e-10,2.328901e-10,5.077078e-06,2.719796e-10,6.613008e-06,1.002772e-10,7.059217e-07,4.263565e-11,5.077078e-06,6.613008e-06,7.059217e-07,4.395252e-05,2.484717e+00,3.989731e+00,6.313590e+00,1.000000e+00,1.000000e+00,false
1,3.162000e+09,0,3,CONTINUE,1.000000e+00,3.654054e-01,1.000000e-09,1.000000e-01,1.411984e-13,9.091693e-01,6.452542e-01,1.073071e+00,3.214604e-01,4.403258e+00,2.819201e+00,1.819101e+00,1.000000e+00,1.000000e+00,REACHED_FORCE,REACHED_FORCE,REACHED_FORCE,1,0,0,1,0,0,1,0,0,2.535805e-05,NaN,1.341487e-05,NaN,3.108666e-06,NaN,6.950791e-10,2.381112e-10,7.365301e-11,solution good enough for the tolerances given,solution good enough for the tolerances given,solution good enough for the tolerances given,6.950791e-10,2.381112e-10,7.365301e-11,2.535805e-05,8.601548e-11,1.341487e-05,3.171336e-11,3.108666e-06,1.348373e-11,2.535805e-05,1.341487e-05,3.108666e-06,2.471739e-05,2.484717e+00,3.989731e+00,6.313590e+00,1.000000e+00,1.000000e+00,false
1,1.000000e+10,0,3,CONTINUE,1.000000e+00,3.654163e-01,1.000000e-09,1.000000e-01,1.411984e-13,9.091697e-01,6.452475e-01,1.073036e+00,3.214897e-01,4.403263e+00,2.819235e+00,1.819104e+00,1.000000e+00,1.000000e+00,REACHED_FORCE,REACHED_FORCE,REACHED_FORCE,1,0,0,1,0,0,1,0,0,7.220912e-05,NaN,8.063986e-05,NaN,7.786972e-06,NaN,2.197862e-10,7.529127e-11,2.328920e-11,solution good enough for the tolerances given,solution good enough for the tolerances given,solution good enough for the tolerances given,2.197862e-10,7.529127e-11,2.328920e-11,7.220912e-05,2.719790e-11,8.063986e-05,1.002733e-11,7.786972e-06,4.263611e-12,7.220912e-05,8.063986e-05,7.786972e-06,1.389892e-05,2.484717e+00,3.989731e+00,6.313590e+00,1.000000e+00,1.000000e+00,false
1,3.162000e+10,0,3,CONTINUE,1.000000e+00,3.654171e-01,1.000000e-09,1.000000e-01,1.411984e-13,9.091763e-01,6.452474e-01,1.073058e+00,3.214809e-01,4.403290e+00,2.819098e+00,1.819016e+00,1.000000e+00,1.000000e+00,REACHED_FORCE,REACHED_FORCE,REACHED_FORCE,1,0,0,1,0,0,1,0,0,2.124971e-04,NaN,1.626838e-04,NaN,2.021283e-05,NaN,6.950652e-11,2.380898e-11,7.365502e-12,solution good enough for the tolerances given,solution good enough for the tolerances given,solution good enough for the tolerances given,6.950652e-11,2.380898e-11,7.365502e-12,2.124971e-04,8.601339e-12,1.626838e-04,3.170892e-12,2.021283e-05,1.348314e-12,2.124971e-04,1.626838e-04,2.021283e-05,7.816213e-06,2.484717e+00,3.989731e+00,6.313590e+00,1.000000e+00,1.000000e+00,false
1,1.000000e+11,0,3,CONTINUE,1.000000e+00,3.653852e-01,1.000000e-09,1.000000e-01,1.411984e-13,9.091569e-01,6.452540e-01,1.073128e+00,3.213904e-01,4.403159e+00,2.819555e+00,1.819329e+00,1.000000e+00,1.000000e+00,REACHED_FORCE,REACHED_FORCE,REACHED_FORCE,1,0,0,1,0,0,1,0,0,9.958377e-04,NaN,7.707733e-04,NaN,8.073419e-05,NaN,2.198242e-11,7.529088e-12,2.328757e-12,solution good enough for the tolerances given,solution good enough for the tolerances given,solution good enough for the tolerances given,2.198242e-11,7.529088e-12,2.328757e-12,9.958377e-04,2.720443e-12,7.707733e-04,1.002420e-12,8.073419e-05,4.262762e-13,9.958377e-04,7.707733e-04,8.073419e-05,4.394992e-06,2.484717e+00,3.989731e+00,6.313590e+00,1.000000e+00,1.000000e+00,false
1,3.162000e+11,0,3,CONTINUE,1.000000e+00,3.653911e-01,1.000000e-09,1.000000e-01,1.411984e-13,9.093911e-01,6.452991e-01,1.072051e+00,3.219049e-01,4.403347e+00,2.820242e+00,1.819900e+00,1.000000e+00,1.000000e+00,REACHED_FORCE,REACHED_FORCE,REACHED_FORCE,1,0,0,1,0,0,1,0,0,1.546700e-03,NaN,2.564162e-03,NaN,3.088654e-04,NaN,6.952813e-12,2.383013e-12,7.365930e-13,solution good enough for the tolerances given,solution good enough for the tolerances given,solution good enough for the tolerances given,6.952813e-12,2.383013e-12,7.365930e-13,1.546700e-03,8.604471e-13,2.564162e-03,3.173502e-13,3.088654e-04,1.348934e-13,1.546700e-03,2.564162e-03,3.088654e-04,2.471641e-06,2.484717e+00,3.989731e+00,6.313590e+00,1.000000e+00,1.000000e+00,false
1,1.000000e+12,0,3,CONTINUE,1.000000e+00,3.660235e-01,1.000000e-09,1.000000e-01,1.411984e-13,9.094507e-01,6.445786e-01,1.071672e+00,3.225047e-01,4.403476e+00,2.819800e+00,1.817582e+00,1.000000e+00,1.000000e+00,REACHED_FORCE,REACHED_FORCE,REACHED_FORCE,1,0,0,1,0,0,1,0,0,7.175150e-03,NaN,6.279426e-03,NaN,1.214550e-03,NaN,2.199197e-12,7.534353e-13,2.332291e-13,solution good enough for the tolerances given,solution good enough for the tolerances given,solution good enough for the tolerances given,2.199197e-12,7.534353e-13,2.332291e-13,7.175150e-03,2.722009e-13,6.279426e-03,1.007378e-13,1.214550e-03,4.273528e-14,7.175150e-03,6.279426e-03,1.214550e-03,1.389691e-06,2.484717e+00,3.989731e+00,6.313590e+00,1.000000e+00,1.000000e+00,false
1,3.162000e+12,0,3,CONTINUE,1.000000e+00,3.673582e-01,1.000000e-09,1.000000e-01,1.411984e-13,9.100884e-01,6.435000e-01,1.065829e+00,3.277785e-01,4.405022e+00,2.829568e+00,1.820827e+00,1.000000e+00,1.000000e+00,REACHED_FORCE,REACHED_FORCE,REACHED_FORCE,1,0,0,1,0,0,1,0,0,1.918713e-02,NaN,2.098806e-02,NaN,2.337591e-03,NaN,6.945873e-13,2.414549e-13,7.363138e-14,solution good enough for the tolerances given,solution good enough for the tolerances given,solution good enough for the tolerances given,6.945873e-13,2.414549e-13,7.363138e-14,1.918713e-02,8.612300e-14,2.098806e-02,3.262235e-14,2.337591e-03,1.353827e-14,1.918713e-02,2.098806e-02,2.337591e-03,7.811211e-07,2.484717e+00,3.989731e+00,6.313590e+00,1.000000e+00,1.000000e+00,false
1,1.000000e+13,0,3,CONTINUE,1.000000e+00,3.795845e-01,1.000000e-09,1.000000e-01,1.411984e-13,9.172301e-01,6.326887e-01,1.061499e+00,3.297680e-01,4.409446e+00,2.875112e+00,1.819051e+00,1.000000e+00,1.000000e+00,REACHED_FORCE,REACHED_FORCE,REACHED_FORCE,1,0,0,1,0,0,1,0,0,5.560098e-02,NaN,7.790438e-02,NaN,7.349375e-03,NaN,2.235379e-13,7.882599e-14,2.341409e-14,solution good enough for the tolerances given,solution good enough for the tolerances given,solution good enough for the tolerances given,2.235379e-13,7.882599e-14,2.341409e-14,5.560098e-02,2.818571e-14,7.790438e-02,1.122209e-14,7.349375e-03,4.338772e-15,5.560098e-02,7.790438e-02,7.349375e-03,4.390022e-07,2.484717e+00,3.989731e+00,6.313590e+00,1.000000e+00,1.000000e+00,false
1,3.162000e+13,0,5,CONTINUE,1.000000e+00,3.655581e-01,1.000000e-09,1.000000e-01,1.411984e-13,1.260432e+00,6.452716e-01,1.072087e+00,3.213605e-01,4.403410e+00,2.819928e+00,1.819619e+00,1.000000e+00,1.000000e+00,REACHED_FORCE,REACHED_FORCE,REACHED_FORCE,1,1,1,1,1,1,1,0,0,1.485901e-01,1.060379e-02,2.886576e-01,6.686326e-03,2.273873e-02,NaN,7.080846e-14,2.444287e-14,7.419734e-15,solution good enough for the tolerances given,solution good enough for the tolerances given,solution good enough for the tolerances given,7.080846e-14,2.444287e-14,7.419734e-15,1.485901e-01,8.612300e-15,2.886576e-01,3.392724e-15,2.273873e-02,1.402761e-15,1.060379e-02,6.686326e-03,2.273873e-02,2.457465e-07,2.484717e+00,3.989731e+00,6.313590e+00,1.000000e+00,1.000000e+00,false
1,1.000000e+14,0,6,CONTINUE,1.000000e+00,3.701151e-01,1.000000e-09,1.000000e-01,1.411984e-13,1.501200e+00,6.407300e-01,1.061914e+00,3.271602e-01,4.414626e+00,2.834266e+00,1.815999e+00,1.000000e+00,1.000000e+00,REACHED_FORCE,REACHED_FORCE,REACHED_FORCE,1,1,1,1,2,2,1,0,0,7.344742e-01,9.364767e-02,5.769254e-01,1.316314e-01,8.291444e-02,NaN,2.334062e-14,1.007255e-14,2.560991e-15,solution good enough for the tolerances given,solution good enough for the tolerances given,solution good enough for the tolerances given,2.334062e-14,1.007255e-14,2.560991e-15,7.344742e-01,3.131746e-15,5.769254e-01,1.304894e-15,8.291444e-02,5.545799e-16,9.364767e-02,2.093600e-02,8.291444e-02,1.332782e-07,2.484717e+00,3.989731e+00,6.313590e+00,1.000000e+00,1.000000e+00,false
1,3.162000e+14,1,6,CONTINUE,1.000000e+00,8.435365e-01,1.000000e-09,1.000000e-01,1.411984e-13,2.034698e+00,2.902611e-01,1.113294e+00,5.937709e-01,8.145804e+00,5.276546e+00,1.531576e+00,1.000000e+00,1.000000e+00,REFINE_STALLED,REFINE_STALLED,REACHED_FORCE,1,1,1,1,1,1,1,1,1,4.158551e+00,5.111187e+00,4.513040e+00,4.310415e+00,3.002189e-01,7.731033e-02,9.320926e-15,1.015513e-14,1.144384e-15,solution good enough for the tolerances given,solution good enough for the tolerances given,solution good enough for the tolerances given,9.320926e-15,1.015513e-14,1.144384e-15,4.158551e+00,1.304894e-15,4.513040e+00,1.304894e-15,3.002189e-01,1.957341e-16,5.111187e+00,4.310415e+00,7.731033e-02,6.262750e-08,2.484717e+00,3.989731e+00,6.313590e+00,1.000000e+00,1.000000e+00,false
1,1.000000e+15,1,10,CONTINUE,1.000000e+00,3.786690e-01,1.000000e-09,1.000000e-01,1.411984e-13,9.091674e-07,6.356519e-01,1.072024e+00,3.315241e-01,4.229370e+00,2.819430e+00,1.792176e+00,1.000000e+00,1.000000e+00,REACHED_FORCE,REFINE_STALLED,REACHED_FORCE,1,3,3,1,3,3,1,1,1,1.560460e+06,2.039051e+00,1.560460e+06,2.079646e+00,3.988610e+05,4.008248e-04,2.198308e-09,2.198304e-09,2.329320e-10,solution good enough for the tolerances given,solution good enough for the tolerances given,solution good enough for the tolerances given,2.198308e-09,2.198304e-09,2.329320e-10,1.560460e+06,5.344643e-07,1.560460e+06,5.345317e-07,3.988610e+05,4.260456e-11,4.006481e-04,5.218388e-01,4.008248e-04,4.395255e-05,2.484717e+00,3.989731e+00,6.313590e+00,1.000000e+00,1.000000e+00,false
1,3.162000e+15,1,11,CONTINUE,1.000000e+00,3.786785e-01,1.000000e-09,1.000000e-01,1.411984e-13,2.875296e-07,6.356404e-01,1.071659e+00,3.311404e-01,4.229366e+00,2.819365e+00,1.792102e+00,1.000000e+00,1.000000e+00,REACHED_FORCE,REFINE_STALLED,REACHED_FORCE,1,3,3,1,4,4,1,1,1,4.934178e+06,2.038671e+01,4.934168e+06,2.042907e+01,1.261196e+06,5.010020e-04,2.198306e-09,2.198305e-09,2.329315e-10,solution good enough for the tolerances given,solution good enough for the tolerances given,solution good enough for the tolerances given,2.198306e-09,2.198305e-09,2.329315e-10,4.934178e+06,1.690278e-06,4.934168e+06,1.690455e-06,1.261196e+06,4.260446e-11,3.258672e-03,5.220908e-01,5.010020e-04,4.395252e-05,2.484717e+00,3.989731e+00,6.313590e+00,1.000000e+00,1.000000e+00,false
1,1.000000e+16,1,12,CONTINUE,1.000000e+00,3.782522e-01,1.000000e-09,1.000000e-01,1.411984e-13,9.091685e-08,6.364001e-01,1.096323e+00,3.190763e-01,4.229688e+00,2.814230e+00,1.790976e+00,1.000000e+00,1.000000e+00,REACHED_FORCE,REFINE_STALLED,REACHED_FORCE,1,4,4,1,4,4,1,1,1,1.560460e+07,2.038673e+02,1.560462e+07,2.039191e+02,3.988599e+06,1.009250e-03,2.198306e-09,2.198306e-09,2.329314e-10,solution good enough for the tolerances given,solution good enough for the tolerances given,solution good enough for the tolerances given,2.198306e-09,2.198306e-09,2.329314e-10,1.560460e+07,5.345847e-06,1.560462e+07,5.346147e-06,3.988599e+06,4.260453e-11,2.633462e-02,5.109993e-01,1.009250e-03,4.395252e-05,2.484717e+00,3.989731e+00,6.313590e+00,1.000000e+00,1.000000e+00,false
1,3.162000e+16,1,14,CONTINUE,1.000000e+00,3.786603e-01,1.000000e-09,1.000000e-01,1.411984e-13,2.875296e-08,6.357412e-01,1.074911e+00,3.300183e-01,4.229401e+00,2.818275e+00,1.791694e+00,1.000000e+00,1.000000e+00,REACHED_FORCE,REFINE_STALLED,REACHED_FORCE,1,5,5,1,5,5,1,1,1,4.934193e+07,2.037176e+03,4.934198e+07,2.037334e+03,1.261195e+07,3.351600e-03,2.198306e-09,2.198306e-09,2.329314e-10,solution good enough for the tolerances given,solution good enough for the tolerances given,solution good enough for the tolerances given,2.198306e-09,2.198306e-09,2.329314e-10,4.934193e+07,1.690370e-05,4.934198e+07,1.690465e-05,1.261195e+07,4.260453e-11,5.159813e-03,5.197318e-01,3.351600e-03,4.395252e-05,2.484717e+00,3.989731e+00,6.313590e+00,1.000000e+00,1.000000e+00,false
1,1.000000e+17,1,16,CONTINUE,1.000000e+00,3.802387e-01,1.000000e-09,1.000000e-01,1.411984e-13,9.091685e-09,6.329052e-01,9.827503e-01,3.802491e-01,4.229382e+00,2.863683e+00,1.812440e+00,1.000000e+00,1.000000e+00,REACHED_FORCE,REFINE_STALLED,REACHED_FORCE,1,6,6,1,6,6,1,1,1,1.560482e+08,2.033926e+04,1.560482e+08,2.033930e+04,3.988599e+07,1.075997e-02,2.198306e-09,2.198306e-09,2.329314e-10,solution good enough for the tolerances given,solution good enough for the tolerances given,solution good enough for the tolerances given,2.198306e-09,2.198306e-09,2.329314e-10,1.560482e+08,5.345910e-05,1.560482e+08,5.345896e-05,3.988599e+07,4.260453e-11,9.658659e-02,5.615461e-01,1.075997e-02,4.395252e-05,2.484717e+00,3.989731e+00,6.313590e+00,1.000000e+00,1.000000e+00,false
1,3.162000e+17,1,20,CONTINUE,1.000000e+00,3.765743e-01,1.000000e-09,1.000000e-01,1.411984e-13,2.875296e-09,6.388313e-01,1.175332e+00,2.808301e-01,4.231652e+00,2.813741e+00,1.797506e+00,1.000000e+00,1.000000e+00,REACHED_FORCE,REFINE_STALLED,REACHED_FORCE,1,8,8,1,8,8,1,1,1,4.934413e+08,2.022175e+05,4.934413e+08,2.022176e+05,1.261195e+08,3.418336e-02,2.198306e-09,2.198306e-09,2.329314e-10,solution good enough for the tolerances given,solution good enough for the tolerances given,solution good enough for the tolerances given,2.198306e-09,2.198306e-09,2.329314e-10,4.934413e+08,1.690382e-04,4.934413e+08,1.690376e-04,1.261195e+08,4.260453e-11,9.560072e-02,4.823158e-01,3.418336e-02,4.395252e-05,2.484717e+00,3.989731e+00,6.313590e+00,1.000000e+00,1.000000e+00,false
1,1.000000e+18,1,12,CONTINUE,1.000000e+00,3.786476e-01,1.000000e-09,1.000000e-01,1.411984e-13,9.091685e-10,6.356423e-01,1.071700e+00,3.318884e-01,4.229367e+00,2.819914e+00,1.792456e+00,1.000000e+00,1.000000e+00,REACHED_FORCE,REFINE_STALLED,REACHED_FORCE,1,3,3,1,4,4,1,2,2,1.560336e+09,6.797203e+05,1.560336e+09,6.797195e+05,3.988599e+08,1.082673e-01,2.198306e-09,2.198306e-09,2.329314e-10,solution good enough for the tolerances given,solution good enough for the tolerances given,solution good enough for the tolerances given,2.198306e-09,2.198306e-09,2.329314e-10,1.560336e+09,1.318748e-09,1.560336e+09,2.861080e-09,3.988599e+08,4.260453e-11,2.847705e-02,5.259304e-01,5.424499e-02,4.395252e-05,2.484717e+00,3.989731e+00,6.313590e+00,1.000000e+00,1.000000e+00,false
2,1.000000e+00,0,9,CONTINUE,3.622658e-01,1.073070e-01,1.000000e-09,3.622658e-02,6.421555e-14,4.060368e-01,7.248227e-01,1.298460e+00,7.082380e-02,2.869691e+00,2.524752e+00,3.563522e+00,1.308943e-01,1.603902e+02,REACHED_FORCE,REACHED_FORCE,REACHED_FORCE,4,0,0,3,0,0,2,0,0,3.518613e-03,NaN,6.776552e-03,NaN,4.013290e-03,NaN,6.136748e-01,3.178743e-01,1.161073e-01,solution good enough for the tolerances given,solution good enough for the tolerances given,solution good enough for the tolerances given,2.203565e-02,4.121685e-02,2.447127e-02,2.909767e-15,3.518613e-03,3.186887e-15,6.776552e-03,1.535124e-15,4.013290e-03,3.518613e-03,6.776552e-03,4.013290e-03,7.797148e-01,1.272114e+01,1.314006e+00,2.077881e+00,7.142620e-01,9.750000e-01,false
2,3.162000e+00,0,7,CONTINUE,3.622658e-01,1.071149e-01,1.000000e-09,3.622658e-02,6.421555e-14,4.060368e-01,7.262655e-01,1.298846e+00,7.054066e-02,2.862335e+00,2.517544e+00,3.561292e+00,1.308943e-01,1.603902e+02,REACHED_FORCE,REACHED_FORCE,REACHED_FORCE,3,0,0,2,0,0,2,0,0,1.025783e-03,NaN,5.295465e-03,NaN,8.683627e-04,NaN,3.428985e-01,1.602411e-01,4.226804e-02,solution good enough for the tolerances given,solution good enough for the tolerances given,solution good enough for the tolerances given,8.268172e-03,3.096155e-02,5.376212e-03,6.595471e-15,1.025783e-03,9.089556e-15,5.295465e-03,3.231351e-15,8.683627e-04,1.025783e-03,5.295465e-03,8.683627e-04,4.916157e-01,7.191970e+00,1.314006e+00,2.077881e+00,7.142620e-01,9.750000e-01,false
2,1.000000e+01,0,5,CONTINUE,3.622658e-01,1.083460e-01,1.000000e-09,3.622658e-02,6.421555e-14,4.060368e-01,7.215521e-01,1.296541e+00,7.226085e-02,2.877021e+00,2.549200e+00,3.571869e+00,1.308943e-01,1.603902e+02,REACHED_FORCE,REACHED_FORCE,REACHED_FORCE,2,0,0,2,0,0,1,0,0,1.289358e-03,NaN,1.168532e-03,NaN,2.711394e-03,NaN,1.484154e-01,6.601786e-02,1.449778e-02,solution good enough for the tolerances given,solution good enough for the tolerances given,solution good enough for the tolerances given,8.076656e-03,4.629814e-03,1.449778e-02,2.009125e-14,1.289358e-03,4.738763e-14,1.168532e-03,8.082071e-15,2.711394e-03,1.289358e-03,1.168532e-03,2.711394e-03,2.774241e-01,4.082290e+00,1.314006e+00,2.077881e+00,7.142620e-01,9.750000e-01,false
2,3.162000e+01,0,4,CONTINUE,3.622658e-01,1.060745e-01,1.000000e-09,3.622658e-02,6.421555e-14,4.060368e-01,7.307753e-01,1.299707e+00,6.920646e-02,2.856101e+00,2.507412e+00,3.564891e+00,1.308943e-01,1.603902e+02,REACHED_FORCE,REACHED_FORCE,REACHED_FORCE,2,0,0,1,0,0,1,0,0,1.748027e-04,NaN,3.699959e-03,NaN,8.907693e-04,NaN,5.346250e-02,2.326207e-02,4.742239e-03,solution good enough for the tolerances given,solution good enough for the tolerances given,solution good enough for the tolerances given,9.222455e-04,2.326207e-02,4.742239e-03,9.161608e-14,1.748027e-04,1.327685e-13,3.699959e-03,2.220535e-14,8.907693e-04,1.748027e-04,3.699959e-03,8.907693e-04,1.561911e-01,2.506359e+00,1.314006e+00,2.077881e+00,7.142620e-01,9.750000e-01,false
2,1.000000e+02,0,3,CONTINUE,3.622658e-01,1.062131e-01,1.000000e-09,3.622658e-02,6.421555e-14,4.060368e-01,7.268471e-01,1.295182e+00,7.039931e-02,2.859203e+00,2.491618e+00,3.543272e+00,1.308943e-01,1.603902e+02,REACHED_FORCE,REACHED_FORCE,REACHED_FORCE,1,0,0,1,0,0,1,0,0,2.756639e-03,NaN,1.202452e-03,NaN,2.853109e-04,NaN,1.769599e-02,7.550452e-03,1.517273e-03,solution good enough for the tolerances given,solution good enough for the tolerances given,solution good enough for the tolerances given,1.769599e-02,7.550452e-03,1.517273e-03,2.140757e-13,2.756639e-03,3.114282e-13,1.202452e-03,1.611566e-13,2.853109e-04,2.756639e-03,1.202452e-03,2.853109e-04,8.786055e-02,2.492054e+00,1.314006e+00,2.077881e+00,7.142620e-01,9.750000e-01,true
2,3.162000e+02,0,3,CONTINUE,3.622658e-01,1.075449e-01,1.000000e-09,3.622658e-02,6.421555e-14,4.060368e-01,7.235745e-01,1.297376e+00,7.136365e-02,2.872500e+00,2.532697e+00,3.564933e+00,1.308943e-01,1.603902e+02,REACHED_FORCE,REACHED_FORCE,REACHED_FORCE,1,0,0,1,0,0,1,0,0,8.841401e-04,NaN,3.874514e-04,NaN,9.060751e-05,NaN,5.680983e-03,2.438083e-03,4.816986e-04,solution good enough for the tolerances given,solution good enough for the tolerances given,solution good enough for the tolerances given,5.680983e-03,2.438083e-03,4.816986e-04,1.284953e-12,8.841401e-04,1.101665e-12,3.874514e-04,4.711160e-13,9.060751e-05,8.841401e-04,3.874514e-04,9.060751e-05,4.941543e-02,2.487092e+00,1.314006e+00,2.077881e+00,7.142620e-01,9.750000e-01,false
2,1.000000e+03,0,3,CONTINUE,3.622658e-01,1.079733e-01,1.000000e-09,3.622658e-02,6.421555e-14,4.060368e-01,7.225245e-01,1.298082e+00,7.167260e-02,2.876817e+00,2.546038e+00,3.571941e+00,1.308943e-01,1.603902e+02,REACHED_FORCE,REACHED_FORCE,REACHED_FORCE,1,0,0,1,0,0,1,0,0,2.808251e-04,NaN,1.232544e-04,NaN,2.868811e-05,NaN,1.804964e-03,7.761301e-04,1.525009e-04,solution good enough for the tolerances given,solution good enough for the tolerances given,solution good enough for the tolerances given,1.804964e-03,7.761301e-04,1.525009e-04,2.763779e-12,2.808251e-04,3.287288e-12,1.232544e-04,5.041408e-13,2.868811e-05,2.808251e-04,1.232544e-04,2.868811e-05,2.778812e-02,2.485474e+00,1.314006e+00,2.077881e+00,7.142620e-01,9.750000e-01,false
2,3.162000e+03,0,3,CONTINUE,3.622658e-01,1.081094e-01,1.000000e-09,3.622658e-02,6.421555e-14,4.060368e-01,7.221909e-01,1.298306e+00,7.177069e-02,2.878194e+00,2.550292e+00,3.574173e+00,1.308943e-01,1.603902e+02,REACHED_FORCE,REACHED_FORCE,REACHED_FORCE,1,0,0,1,0,0,1,0,0,8.893933e-05,NaN,3.905495e-05,NaN,9.076586e-06,NaN,5.716997e-04,2.459823e-04,4.824810e-05,solution good enough for the tolerances given,solution good enough for the tolerances given,solution good enough for the tolerances given,5.716997e-04,2.459823e-04,4.824810e-05,7.026698e-12,8.893933e-05,9.349856e-12,3.905495e-05,2.057943e-12,9.076586e-06,8.893933e-05,3.905495e-05,9.076586e-06,1.562727e-02,2.484957e+00,1.314006e+00,2.077881e+00,7.142620e-01,9.750000e-01,false
2,1.000000e+04,0,3,CONTINUE,3.622658e-01,1.081526e-01,1.000000e-09,3.622658e-02,6.421555e-14,4.060368e-01,7.220853e-01,1.298378e+00,7.180175e-02,2.878630e+00,2.551641e+00,3.574881e+00,1.308943e-01,1.603902e+02,REACHED_FORCE,REACHED_FORCE,REACHED_FORCE,1,0,0,1,0,0,1,0,0,2.813533e-05,NaN,1.235671e-05,NaN,2.870398e-06,NaN,1.808586e-04,7.783250e-05,1.525794e-05,solution good enough for the tolerances given,solution good enough for the tolerances given,solution good enough for the tolerances given,1.808586e-04,7.783250e-05,1.525794e-05,2.481428e-11,2.813533e-05,3.884843e-11,1.235671e-05,6.109544e-12,2.870398e-06,2.813533e-05,1.235671e-05,2.870398e-06,8.787508e-03,2.484793e+00,1.314006e+00,2.077881e+00,7.142620e-01,9.750000e-01,false
2,3.162000e+04,0,3,CONTINUE,3.622658e-01,1.081662e-01,1.000000e-09,3.622658e-02,6.421555e-14,4.060368e-01,7.220518e-01,1.298400e+00,7.181157e-02,2.878768e+00,2.552068e+00,3.575105e+00,1.308943e-01,1.603902e+02,REACHED_FORCE,REACHED_FORCE,REACHED_FORCE,1,0,0,1,0,0,1,0,0,8.899225e-06,NaN,3.908632e-06,NaN,9.078175e-07,NaN,5.720626e-05,2.462025e-05,4.825596e-06,solution good enough for the tolerances given,solution good enough for the tolerances given,solution good enough for the tolerances given,5.720626e-05,2.462025e-05,4.825596e-06,1.148632e-10,8.899225e-06,6.408525e-11,3.908632e-06,3.733152e-11,9.078175e-07,8.899225e-06,3.908632e-06,9.078175e-07,4.941802e-03,2.484741e+00,1.314006e+00,2.077881e+00,7.142620e-01,9.750000e-01,false
2,1.000000e+05,0,3,CONTINUE,3.622658e-01,1.081706e-01,1.000000e-09,3.622658e-02,6.421555e-14,4.060368e-01,7.220413e-01,1.298407e+00,7.181468e-02,2.878812e+00,2.552203e+00,3.575175e+00,1.308943e-01,1.603902e+02,REACHED_FORCE,REACHED_FORCE,REACHED_FORCE,1,0,0,1,0,0,1,0,0,2.814062e-06,NaN,1.235985e-06,NaN,2.870557e-07,NaN,1.808949e-05,7.785454e-06,1.525872e-06,solution good enough for the tolerances given,solution good enough for the tolerances given,solution good enough for the tolerances given,1.808949e-05,7.785454e-06,1.525872e-06,3.777944e-10,2.814062e-06,3.107562e-10,1.235985e-06,6.699030e-11,2.870557e-07,2.814062e-06,1.235985e-06,2.870557e-07,2.778858e-03,2.484725e+00,1.314006e+00,2.077881e+00,7.142620e-01,9.750000e-01,false
2,3.162000e+05,0,3,CONTINUE,3.622658e-01,1.081719e-01,1.000000e-09,3.622658e-02,6.421555e-14,4.060368e-01,7.220379e-01,1.298409e+00,7.181567e-02,2.878826e+00,2.552245e+00,3.575198e+00,1.308943e-01,1.603902e+02,REACHED_FORCE,REACHED_FORCE,REACHED_FORCE,1,0,0,1,0,0,1,0,0,8.899755e-07,NaN,3.908946e-07,NaN,9.078334e-08,NaN,5.720989e-06,2.462246e-06,4.825674e-07,solution good enough for the tolerances given,solution good enough for the tolerances given,solution good enough for the tolerances given,5.720989e-06,2.462246e-06,4.825674e-07,1.065152e-09,8.899755e-07,8.988436e-10,3.908946e-07,2.961176e-10,9.078334e-08,8.899755e-07,3.908946e-07,9.078334e-08,1.562736e-03,2.484719e+00,1.314006e+00,2.077881e+00,7.142620e-01,9.750000e-01,false
2,1.000000e+06,0,3,CONTINUE,3.622658e-01,1.081724e-01,1.000000e-09,3.622658e-02,6.421555e-14,4.060368e-01,7.220369e-01,1.298410e+00,7.181598e-02,2.878830e+00,2.552259e+00,3.575205e+00,1.308943e-01,1.603902e+02,REACHED_FORCE,REACHED_FORCE,REACHED_FORCE,1,0,0,1,0,0,1,0,0,2.814115e-07,NaN,1.236016e-07,NaN,2.870573e-08,NaN,1.808985e-06,7.785675e-07,1.525880e-07,solution good enough for the tolerances given,solution good enough for the tolerances given,solution good enough for the tolerances given,1.808985e-06,7.785675e-07,1.525880e-07,3.908573e-09,2.814115e-07,3.792782e-09,1.236016e-07,6.140395e-10,2.870573e-08,2.814115e-07,1.236016e-07,2.870573e-08,8.787523e-04,2.484718e+00,1.314006e+00,2.077881e+00,7.142620e-01,9.750000e-01,false
2,3.162000e+06,0,3,CONTINUE,3.622658e-01,1.081725e-01,1.000000e-09,3.622658e-02,6.421555e-14,4.060368e-01,7.220365e-01,1.298410e+00,7.181607e-02,2.878831e+00,2.552263e+00,3.575207e+00,1.308943e-01,1.603902e+02,REACHED_FORCE,REACHED_FORCE,REACHED_FORCE,1,0,0,1,0,0,1,0,0,8.899808e-08,NaN,3.908977e-08,NaN,9.078350e-09,NaN,5.721025e-07,2.462268e-07,4.825682e-08,solution good enough for the tolerances given,solution good enough for the tolerances given,solution good enough for the tolerances given,5.721025e-07,2.462268e-07,4.825682e-08,1.109815e-08,8.899808e-08,1.062288e-08,3.908977e-08,4.387966e-09,9.078350e-09,8.899808e-08,3.908977e-08,9.078350e-09,4.941804e-04,2.484717e+00,1.314006e+00,2.077881e+00,7.142620e-01,9.750000e-01,false
2,1.000000e+07,0,3,CONTINUE,3.622658e-01,1.081725e-01,1.000000e-09,3.622658e-02,6.421555e-14,4.060368e-01,7.220364e-01,1.298410e+00,7.181612e-02,2.878832e+00,2.552265e+00,3.575208e+00,1.308943e-01,1.603902e+02,REACHED_FORCE,REACHED_FORCE,REACHED_FORCE,1,0,0,1,0,0,1,0,0,2.814120e-08,NaN,3.801824e-08,NaN,7.918998e-09,NaN,1.808989e-07,7.785697e-08,1.525881e-08,solution good enough for the tolerances given,solution good enough for the tolerances given,solution good enough for the tolerances given,1.808989e-07,7.785697e-08,1.525881e-08,2.677413e-08,2.814120e-08,3.801824e-08,1.236019e-08,7.918998e-09,2.870575e-09,2.814120e-08,3.801824e-08,7.918998e-09,2.778859e-04,2.484717e+00,1.314006e+00,2.077881e+00,7.142620e-01,9.750000e-01,false
2,3.162000e+07,0,3,CONTINUE,3.622658e-01,1.081725e-01,1.000000e-09,3.622658e-02,6.421555e-14,4.060368e-01,7.220364e-01,1.298410e+00,7.181610e-02,2.878832e+00,2.552265e+00,3.575208e+00,1.308943e-01,1.603902e+02,REACHED_FORCE,REACHED_FORCE,REACHED_FORCE,1,0,0,1,0,0,1,0,0,8.039344e-08,NaN,7.556584e-08,NaN,2.388663e-08,NaN,5.721029e-08,2.462270e-08,4.825683e-09,solution good enough for the tolerances given,solution good enough for the tolerances given,solution good enough for the tolerances given,5.721029e-08,2.462270e-08,4.825683e-09,8.039344e-08,8.899813e-09,7.556584e-08,3.908980e-09,2.388663e-08,9.078353e-10,8.039344e-08,7.556584e-08,2.388663e-08,1.562736e-04,2.484717e+00,1.314006e+00,2.077881e+00,7.142620e-01,9.750000e-01,false
2,1.000000e+08,0,3,CONTINUE,3.622658e-01,1.081726e-01,1.000000e-09,3.622658e-02,6.421555e-14,4.060368e-01,7.220363e-01,1.298410e+00,7.181617e-02,2.878832e+00,2.552265e+00,3.575208e+00,1.308943e-01,1.603902e+02,REACHED_FORCE,REACHED_FORCE,REACHED_FORCE,1,0,0,1,0,0,1,0,0,2.753026e-07,NaN,2.932295e-07,NaN,6.267334e-08,NaN,1.808989e-08,7.785697e-09,1.525881e-09,solution good enough for the tolerances given,solution good enough for the tolerances given,solution good enough for the tolerances given,1.808989e-08,7.785697e-09,1.525881e-09,2.753026e-07,2.814121e-09,2.932295e-07,1.236019e-09,6.267334e-08,2.870573e-10,2.753026e-07,2.932295e-07,6.267334e-08,8.787522e-05,2.484717e+00,1.314006e+00,2.077881e+00,7.142620e-01,9.750000e-01,false
2,3.162000e+08,0,3,CONTINUE,3.622658e-01,1.081725e-01,1.000000e-09,3.622658e-02,6.421555e-14,4.060369e-01,7.220363e-01,1.298410e+00,7.181612e-02,2.878832e+00,2.552265e+00,3.575208e+00,1.308943e-01,1.603902e+02,REACHED_FORCE,REACHED_FORCE,REACHED_FORCE,1,0,0,1,0,0,1,0,0,7.101539e-07,NaN,7.140286e-07,NaN,2.532637e-07,NaN,5.721029e-09,2.462270e-09,4.825681e-10,solution good enough for the tolerances given,solution good enough for the tolerances given,solution good enough for the tolerances given,5.721029e-09,2.462270e-09,4.825681e-10,7.101539e-07,8.899815e-10,7.140286e-07,3.908980e-10,2.532637e-07,9.078346e-11,7.101539e-07,7.140286e-07,2.532637e-07,4.941802e-05,2.484717e+00,1.314006e+00,2.077881e+00,7.142620e-01,9.750000e-01,false
2,1.000000e+09,0,3,CONTINUE,3.622658e-01,1.081728e-01,1.000000e-09,3.622658e-02,6.421555e-14,4.060372e-01,7.220356e-01,1.298407e+00,7.181661e-02,2.878834e+00,2.552262e+00,3.575204e+00,1.308943e-01,1.603902e+02,REACHED_FORCE,REACHED_FORCE,REACHED_FORCE,1,0,0,1,0,0,1,0,0,3.251633e-06,NaN,3.263837e-06,NaN,7.284724e-07,NaN,1.808989e-09,7.785671e-10,1.525879e-10,solution good enough for the tolerances given,solution good enough for the tolerances given,solution good enough for the tolerances given,1.808989e-09,7.785671e-10,1.525879e-10,3.251633e-06,2.814121e-10,3.263837e-06,1.236015e-10,7.284724e-07,2.870561e-11,3.251633e-06,3.263837e-06,7.284724e-07,2.778856e-05,2.484717e+00,1.314006e+00,2.077881e+00,7.142620e-01,9.750000e-01,false
2,3.162000e+09,0,3,CONTINUE,3.622658e-01,1.081747e-01,1.000000e-09,3.622658e-02,6.421555e-14,4.060381e-01,7.220306e-01,1.298412e+00,7.181782e-02,2.878842e+00,2.552248e+00,3.575181e+00,1.308943e-01,1.603902e+02,REACHED_FORCE,REACHED_FORCE,REACHED_FORCE,1,0,0,1,0,0,1,0,0,8.591826e-06,NaN,1.478993e-05,NaN,2.211545e-06,NaN,5.721020e-10,2.462227e-10,4.825691e-11,solution good enough for the tolerances given,solution good enough for the tolerances given,solution good enough for the tolerances given,5.721020e-10,2.462227e-10,4.825691e-11,8.591826e-06,8.899794e-11,1.478993e-05,3.908908e-11,2.211545e-06,9.078310e-12,8.591826e-06,1.478993e-05,2.211545e-06,1.562731e-05,2.484717e+00,1.314006e+00,2.077881e+00,7.142620e-01,9.750000e-01,false
2,1.000000e+10,0,3,CONTINUE,3.622658e-01,1.081732e-01,1.000000e-09,3.622658e-02,6.421555e-14,4.060392e-01,7.220331e-01,1.298436e+00,7.181450e-02,2.878821e+00,2.552229e+00,3.575174e+00,1.308943e-01,1.603902e+02,REACHED_FORCE,REACHED_FORCE,REACHED_FORCE,1,0,0,1,0,0,1,0,0,2.573077e-05,NaN,2.983985e-05,NaN,1.634338e-05,NaN,1.808993e-10,7.785322e-11,1.525935e-11,solution good enough for the tolerances given,solution good enough for the tolerances given,solution good enough for the tolerances given,1.808993e-10,7.785322e-11,1.525935e-11,2.573077e-05,2.814121e-11,2.983985e-05,1.235943e-11,1.634338e-05,2.870604e-12,2.573077e-05,2.983985e-05,1.634338e-05,8.787529e-06,2.484717e+00,1.314006e+00,2.077881e+00,7.142620e-01,9.750000e-01,false
2,3.162000e+10,0,3,CONTINUE,3.622658e-01,1.081762e-01,1.000000e-09,3.622658e-02,6.421555e-14,4.060404e-01,7.220291e-01,1.298402e+00,7.181699e-02,2.878864e+00,2.552305e+00,3.575225e+00,1.308943e-01,1.603902e+02,REACHED_FORCE,REACHED_FORCE,REACHED_FORCE,1,0,0,1,0,0,1,0,0,9.091071e-05,NaN,7.356657e-05,NaN,2.999529e-05,NaN,5.721137e-11,2.462301e-11,4.825933e-12,solution good enough for the tolerances given,solution good enough for the tolerances given,solution good enough for the tolerances given,5.721137e-11,2.462301e-11,4.825933e-12,9.091071e-05,8.899964e-12,7.356657e-05,3.908875e-12,2.999529e-05,9.079778e-13,9.091071e-05,7.356657e-05,2.999529e-05,4.941693e-06,2.484717e+00,1.314006e+00,2.077881e+00,7.142620e-01,9.750000e-01,false
2,1.000000e+11,0,3,CONTINUE,3.622658e-01,1.081998e-01,1.000000e-09,3.622658e-02,6.421555e-14,4.060443e-01,7.219463e-01,1.298595e+00,7.182658e-02,2.878934e+00,2.551927e+00,3.574737e+00,1.308943e-01,1.603902e+02,REACHED_FORCE,REACHED_FORCE,REACHED_FORCE,1,0,0,1,0,0,1,0,0,3.045923e-04,NaN,2.385839e-04,NaN,9.651608e-05,NaN,1.808991e-11,7.782621e-12,1.525963e-12,solution good enough for the tolerances given,solution good enough for the tolerances given,solution good enough for the tolerances given,1.808991e-11,7.782621e-12,1.525963e-12,3.045923e-04,2.814200e-12,2.385839e-04,1.235539e-12,9.651608e-05,2.871093e-13,3.045923e-04,2.385839e-04,9.651608e-05,2.778597e-06,2.484717e+00,1.314006e+00,2.077881e+00,7.142620e-01,9.750000e-01,false
2,3.162000e+11,0,3,CONTINUE,3.622658e-01,1.082741e-01,1.000000e-09,3.622658e-02,6.421555e-14,4.061504e-01,7.217319e-01,1.298284e+00,7.196873e-02,2.879287e+00,2.551106e+00,3.573609e+00,1.308943e-01,1.603902e+02,REACHED_FORCE,REACHED_FORCE,REACHED_FORCE,1,0,0,1,0,0,1,0,0,7.614648e-04,NaN,1.071857e-03,NaN,3.721124e-04,NaN,5.719325e-12,2.460457e-12,4.829438e-13,solution good enough for the tolerances given,solution good enough for the tolerances given,solution good enough for the tolerances given,5.719325e-12,2.460457e-12,4.829438e-13,7.614648e-04,8.897420e-13,1.071857e-03,3.908157e-13,3.721124e-04,9.085324e-14,7.614648e-04,1.071857e-03,3.721124e-04,1.562932e-06,2.484717e+00,1.314006e+00,2.077881e+00,7.142620e-01,9.750000e-01,false
2,1.000000e+12,0,3,CONTINUE,3.622658e-01,1.083153e-01,1.000000e-09,3.622658e-02,6.421555e-14,4.063154e-01,7.216384e-01,1.297477e+00,7.216686e-02,2.879531e+00,2.554591e+00,3.575853e+00,1.308943e-01,1.603902e+02,REACHED_FORCE,REACHED_FORCE,REACHED_FORCE,1,0,0,1,0,0,1,0,0,2.143539e-03,NaN,3.287377e-03,NaN,8.783878e-04,NaN,1.809506e-12,7.801172e-13,1.524742e-13,solution good enough for the tolerances given,solution good enough for the tolerances given,solution good enough for the tolerances given,1.809506e-12,7.801172e-13,1.524742e-13,2.143539e-03,2.815961e-13,3.287377e-03,1.238997e-13,8.783878e-04,2.854456e-14,2.143539e-03,3.287377e-03,8.783878e-04,8.781607e-07,2.484717e+00,1.314006e+00,2.077881e+00,7.142620e-01,9.750000e-01,false
2,3.162000e+12,0,3,CONTINUE,3.622658e-01,1.075965e-01,1.000000e-09,3.622658e-02,6.421555e-14,4.067071e-01,7.234552e-01,1.282939e+00,7.382147e-02,2.880131e+00,2.557844e+00,3.582484e+00,1.308943e-01,1.603902e+02,REACHED_FORCE,REACHED_FORCE,REACHED_FORCE,1,0,0,1,0,0,1,0,0,8.059750e-03,NaN,9.573639e-03,NaN,2.421857e-03,NaN,5.734030e-13,2.463721e-13,4.863099e-14,solution good enough for the tolerances given,solution good enough for the tolerances given,solution good enough for the tolerances given,5.734030e-13,2.463721e-13,4.863099e-14,8.059750e-03,8.931999e-14,9.573639e-03,3.927731e-14,2.421857e-03,9.232125e-15,8.059750e-03,9.573639e-03,2.421857e-03,4.917492e-07,2.484717e+00,1.314006e+00,2.077881e+00,7.142620e-01,9.750000e-01,false
2,1.000000e+13,0,3,CONTINUE,3.622658e-01,1.078920e-01,1.000000e-09,3.622658e-02,6.421555e-14,4.068292e-01,7.227247e-01,1.312019e+00,7.188700e-02,2.879107e+00,2.565892e+00,3.587319e+00,1.308943e-01,1.603902e+02,REACHED_FORCE,REACHED_FORCE,REACHED_FORCE,1,0,0,1,0,0,1,0,0,2.852556e-02,NaN,3.012038e-02,NaN,1.497280e-02,NaN,1.822958e-13,7.778525e-14,1.576991e-14,solution good enough for the tolerances given,solution good enough for the tolerances given,solution good enough for the tolerances given,1.822958e-13,7.778525e-14,1.576991e-14,2.852556e-02,2.831620e-14,3.012038e-02,1.246174e-14,1.497280e-02,2.903389e-15,2.852556e-02,3.012038e-02,1.497280e-02,2.740164e-07,2.484717e+00,1.314006e+00,2.077881e+00,7.142620e-01,9.750000e-01,false
2,3.162000e+13,0,6,CONTINUE,3.622658e-01,1.075045e-01,1.000000e-09,3.622658e-02,6.421555e-14,4.395952e-01,7.239854e-01,1.301629e+00,7.123589e-02,2.877205e+00,2.559235e+00,3.585346e+00,1.308943e-01,1.603902e+02,REACHED_FORCE,REACHED_FORCE,REACHED_FORCE,1,1,1,1,1,1,1,1,1,1.139416e-01,2.870335e-03,1.052468e-01,4.649151e-03,4.358084e-02,8.321174e-04,5.679432e-14,2.300986e-14,5.203820e-15,solution good enough for the tolerances given,solution good enough for the tolerances given,solution good enough for the tolerances given,5.679432e-14,2.300986e-14,5.203820e-15,1.139416e-01,8.938524e-15,1.052468e-01,3.718948e-15,4.358084e-02,1.207027e-15,2.870335e-03,4.649151e-03,8.321174e-04,1.607759e-07,2.484717e+00,1.314006e+00,2.077881e+00,7.142620e-01,9.750000e-01,false
2,1.000000e+14,1,7,CONTINUE,3.622658e-01,1.066707e-01,1.000000e-09,3.622658e-02,6.421555e-14,5.492195e-01,7.214319e-01,1.349489e+00,6.930196e-02,2.834844e+00,2.525143e+00,3.553733e+00,1.308943e-01,1.603902e+02,REFINE_STALLED,REACHED_FORCE,REACHED_FORCE,1,2,2,1,1,1,1,1,1,2.783311e-01,1.043537e-01,2.158120e-01,2.847583e-02,9.260373e-02,2.112429e-02,1.868764e-14,8.471645e-15,2.025265e-15,solution good enough for the tolerances given,solution good enough for the tolerances given,solution good enough for the tolerances given,1.868764e-14,8.471645e-15,2.025265e-15,2.783311e-01,2.936011e-15,2.158120e-01,1.239649e-15,9.260373e-02,3.588458e-16,6.778193e-02,2.847583e-02,2.112429e-02,7.934009e-08,2.484717e+00,1.314006e+00,2.077881e+00,7.142620e-01,9.750000e-01,false
2,3.162000e+14,1,9,CONTINUE,3.622658e-01,3.933869e-01,1.000000e-09,3.622658e-02,6.421555e-14,2.875092e-06,1.284984e-03,1.121588e+00,3.058803e-01,2.496502e+01,1.082664e+03,2.982793e+00,1.308943e-01,1.603902e+02,REFINE_STALLED,REFINE_STALLED,REFINE_STALLED,1,2,2,1,2,2,1,2,2,1.752278e+05,2.864253e+01,1.755824e+05,8.196050e+02,1.261193e+05,4.753965e-01,7.827341e-10,7.850616e-10,2.329304e-10,solution good enough for the tolerances given,solution good enough for the tolerances given,solution good enough for the tolerances given,7.827341e-10,7.850616e-10,2.329304e-10,1.752278e+05,9.694977e-11,1.755824e+05,9.737732e-11,1.261193e+05,4.260433e-11,2.860522e+01,8.194031e+02,4.753073e-01,4.395257e-05,2.484717e+00,1.314006e+00,2.077881e+00,7.142620e-01,9.750000e-01,false
2,1.000000e+15,1,9,CONTINUE,3.622658e-01,3.933848e-01,1.000000e-09,3.622658e-02,6.421555e-14,9.091479e-07,1.283482e-03,1.121578e+00,3.058824e-01,2.498892e+01,1.083885e+03,2.982730e+00,1.308943e-01,1.603902e+02,REFINE_STALLED,REFINE_STALLED,REFINE_STALLED,1,2,2,1,2,2,1,2,2,5.541418e+05,2.875834e+01,5.544958e+05,8.205558e+02,3.988603e+05,4.755215e-01,7.826718e-10,7.834068e-10,2.329311e-10,solution good enough for the tolerances given,solution good enough for the tolerances given,solution good enough for the tolerances given,7.826718e-10,7.834068e-10,2.329311e-10,5.541418e+05,9.698239e-11,5.544958e+05,9.728082e-11,3.988603e+05,4.260453e-11,2.861756e+01,8.203658e+02,4.755221e-01,4.395252e-05,2.484717e+00,1.314006e+00,2.077881e+00,7.142620e-01,9.750000e-01,false
2,3.162000e+15,1,9,CONTINUE,3.622658e-01,3.933841e-01,1.000000e-09,3.622658e-02,6.421555e-14,2.875275e-07,1.283031e-03,1.121573e+00,3.058833e-01,2.499553e+01,1.084253e+03,2.982711e+00,1.308943e-01,1.603902e+02,REFINE_STALLED,REFINE_STALLED,REFINE_STALLED,1,2,2,1,2,2,1,2,2,1.752170e+06,2.981352e+01,1.752520e+06,8.218610e+02,1.261196e+06,4.755136e-01,7.826524e-10,7.828847e-10,2.329314e-10,solution good enough for the tolerances given,solution good enough for the tolerances given,solution good enough for the tolerances given,7.826524e-10,7.828847e-10,2.329314e-10,1.752170e+06,9.607863e-11,1.752520e+06,9.820828e-11,1.261196e+06,4.260459e-11,2.862196e+01,8.206583e+02,4.756051e-01,4.395251e-05,2.484717e+00,1.314006e+00,2.077881e+00,7.142620e-01,9.750000e-01,false
2,1.000000e+16,1,10,CONTINUE,3.622658e-01,3.933840e-01,1.000000e-09,3.622658e-02,6.421555e-14,9.091664e-08,1.282874e-03,1.121573e+00,3.058833e-01,2.499855e+01,1.084380e+03,2.982705e+00,1.308943e-01,1.603902e+02,REFINE_STALLED,REFINE_STALLED,REFINE_STALLED,1,3,3,1,2,2,1,2,2,5.541299e+06,5.872350e+01,5.541645e+06,8.325469e+02,3.988602e+06,4.753817e-01,7.826459e-10,7.827183e-10,2.329314e-10,solution good enough for the tolerances given,solution good enough for the tolerances given,solution good enough for the tolerances given,7.826459e-10,7.827183e-10,2.329314e-10,5.541299e+06,1.032182e-10,5.541645e+06,1.062865e-10,3.988602e+06,4.260456e-11,2.862208e+01,8.207621e+02,4.756991e-01,4.395252e-05,2.484717e+00,1.314006e+00,2.077881e+00,7.142620e-01,9.750000e-01,false
2,3.162000e+16,1,10,CONTINUE,3.622658e-01,3.933834e-01,1.000000e-09,3.622658e-02,6.421555e-14,2.875294e-08,1.282819e-03,1.121571e+00,3.058841e-01,2.499830e+01,1.084419e+03,2.982692e+00,1.308943e-01,1.603902e+02,REFINE_STALLED,REFINE_STALLED,REFINE_STALLED,1,3,3,1,2,2,1,2,2,1.752151e+07,5.936681e+02,1.752183e+07,9.377516e+02,1.261196e+07,4.749244e-01,7.826439e-10,7.826662e-10,2.329314e-10,solution good enough for the tolerances given,solution good enough for the tolerances given,solution good enough for the tolerances given,7.826439e-10,7.826662e-10,2.329314e-10,1.752151e+07,1.111643e-10,1.752183e+07,1.273907e-10,1.261196e+07,4.260449e-11,2.862255e+01,8.208059e+02,4.759359e-01,4.395251e-05,2.484717e+00,1.314006e+00,2.077881e+00,7.142620e-01,9.750000e-01,false
2,1.000000e+17,1,11,CONTINUE,3.622658e-01,3.933839e-01,1.000000e-09,3.622658e-02,6.421555e-14,9.091681e-09,1.282792e-03,1.121572e+00,3.058836e-01,2.499972e+01,1.084448e+03,2.982703e+00,1.308943e-01,1.603902e+02,REFINE_STALLED,REFINE_STALLED,REFINE_STALLED,1,3,3,1,3,3,1,2,2,5.541192e+07,5.944056e+03,5.541232e+07,5.927125e+03,3.988604e+07,4.734669e-01,7.826430e-10,7.826507e-10,2.329315e-10,solution good enough for the tolerances given,solution good enough for the tolerances given,solution good enough for the tolerances given,7.826430e-10,7.826507e-10,2.329315e-10,5.541192e+07,1.643161e-10,5.541232e+07,1.494548e-10,3.988604e+07,4.260459e-11,2.862276e+01,8.208087e+02,4.766699e-01,4.395252e-05,2.484717e+00,1.314006e+00,2.077881e+00,7.142620e-01,9.750000e-01,false
2,3.162000e+17,1,11,CONTINUE,3.622658e-01,3.933840e-01,1.000000e-09,3.622658e-02,6.421555e-14,2.875296e-09,1.282808e-03,1.121576e+00,3.058825e-01,2.500126e+01,1.084438e+03,2.982708e+00,1.308943e-01,1.603902e+02,REFINE_STALLED,REFINE_STALLED,REFINE_STALLED,1,3,3,1,3,3,1,2,2,1.752050e+08,5.942957e+04,1.752052e+08,5.941142e+04,1.261196e+08,4.688501e-01,7.826428e-10,7.826448e-10,2.329315e-10,solution good enough for the tolerances given,solution good enough for the tolerances given,solution good enough for the tolerances given,7.826428e-10,7.826448e-10,2.329315e-10,1.752050e+08,6.664072e-10,1.752052e+08,5.295828e-10,1.261196e+08,4.260449e-11,2.862317e+01,8.208024e+02,4.789782e-01,4.395252e-05,2.484717e+00,1.314006e+00,2.077881e+00,7.142620e-01,9.750000e-01,false
2,1.000000e+18,1,11,CONTINUE,3.622658e-01,3.933822e-01,1.000000e-09,3.622658e-02,6.421555e-14,9.091685e-10,1.282083e-03,1.121461e+00,3.059169e-01,2.495845e+01,1.084947e+03,2.982530e+00,1.308943e-01,1.603902e+02,REFINE_STALLED,REFINE_STALLED,REFINE_STALLED,1,3,3,1,3,3,1,2,2,5.540226e+08,5.944498e+05,5.540225e+08,5.944073e+05,3.988599e+08,4.542478e-01,7.826424e-10,7.826430e-10,2.329314e-10,solution good enough for the tolerances given,solution good enough for the tolerances given,solution good enough for the tolerances given,7.826424e-10,7.826430e-10,2.329314e-10,5.540226e+08,1.312141e-09,5.540225e+08,1.882982e-09,3.988599e+08,4.260453e-11,2.860532e+01,8.211389e+02,4.862792e-01,4.395252e-05,2.484717e+00,1.314006e+00,2.077881e+00,7.142620e-01,9.750000e-01,false
3,1.000000e+00,0,12,CONTINUE,1.062131e-01,3.449794e-02,1.000000e-09,1.062131e-02,3.371330e-14,1.118649e-01,6.923856e-01,1.647400e+00,1.737896e-02,2.250177e+00,2.292696e+00,5.099186e+00,2.656676e-02,1.476192e+02,REACHED_FORCE,REACHED_FORCE,REACHED_FORCE,5,0,0,5,0,0,2,0,0,3.802659e-03,NaN,2.214173e-03,NaN,1.430319e-03,NaN,2.292546e-01,1.497323e-01,5.689255e-02,solution good enough for the tolerances given,solution good enough for the tolerances given,solution good enough for the tolerances given,2.430227e-02,1.625556e-02,8.023108e-03,2.660358e-15,3.802659e-03,2.216965e-15,2.214173e-03,6.760498e-16,1.430319e-03,3.802659e-03,2.214173e-03,1.430319e-03,4.932221e-01,1.221418e+01,2.972958e-01,4.692974e-01,1.710159e+00,5.750000e-01,false
3,3.162000e+00,0,9,CONTINUE,1.062131e-01,3.411809e-02,1.000000e-09,1.062131e-02,3.371330e-14,1.118636e-01,6.970039e-01,1.648551e+00,1.711066e-02,2.259730e+00,2.299306e+00,5.113548e+00,2.656676e-02,1.476192e+02,REACHED_FORCE,REACHED_FORCE,REACHED_FORCE,4,0,0,3,0,0,2,0,0,5.556589e-04,NaN,2.124559e-03,NaN,3.255660e-04,NaN,1.340923e-01,9.413347e-02,1.933159e-02,solution good enough for the tolerances given,solution good enough for the tolerances given,solution good enough for the tolerances given,4.067810e-03,1.310660e-02,2.089469e-03,3.103751e-15,5.556589e-04,5.764109e-15,2.124559e-03,2.089365e-15,3.255660e-04,5.556589e-04,2.124559e-03,3.255660e-04,2.783614e-01,6.928471e+00,2.972958e-01,4.692974e-01,1.710159e+00,5.750000e-01,false
3,1.000000e+01,0,7,CONTINUE,1.062131e-01,3.336959e-02,1.000000e-09,1.062131e-02,3.371330e-14,1.118636e-01,7.032119e-01,1.651267e+00,1.663417e-02,2.258677e+00,2.313808e+00,5.138976e+00,2.656676e-02,1.476192e+02,REACHED_FORCE,REACHED_FORCE,REACHED_FORCE,3,0,0,3,0,0,1,0,0,3.558412e-04,NaN,6.701758e-04,NaN,1.146011e-03,NaN,7.594787e-02,5.422033e-02,6.422580e-03,solution good enough for the tolerances given,solution good enough for the tolerances given,solution good enough for the tolerances given,1.750239e-03,9.908234e-04,6.422580e-03,1.148319e-14,3.558412e-04,1.068300e-14,6.701758e-04,6.815814e-15,1.146011e-03,3.558412e-04,6.701758e-04,1.146011e-03,1.567063e-01,3.976591e+00,2.972958e-01,4.692974e-01,1.710159e+00,5.750000e-01,false
3,3.162000e+01,0,5,CONTINUE,1.062131e-01,3.339173e-02,1.000000e-09,1.062131e-02,3.371330e-14,1.118636e-01,7.031989e-01,1.651534e+00,1.661987e-02,2.254918e+00,2.301806e+00,5.130319e+00,2.656676e-02,1.476192e+02,REACHED_FORCE,REACHED_FORCE,REACHED_FORCE,2,0,0,2,0,0,1,0,0,3.175998e-04,NaN,2.155804e-04,NaN,3.759040e-04,NaN,3.423017e-02,2.445778e-02,2.098036e-03,solution good enough for the tolerances given,solution good enough for the tolerances given,solution good enough for the tolerances given,2.177053e-03,1.481387e-03,2.098036e-03,3.785468e-14,3.175998e-04,5.947701e-14,2.155804e-04,1.737143e-14,3.759040e-04,3.175998e-04,2.155804e-04,3.759040e-04,8.815827e-02,2.553147e+00,2.972958e-01,4.692974e-01,1.710159e+00,5.750000e-01,false
3,1.000000e+02,0,4,CONTINUE,1.062131e-01,3.288435e-02,1.000000e-09,1.062131e-02,3.371330e-14,1.118636e-01,7.136048e-01,1.654292e+00,1.598169e-02,2.226862e+00,2.230849e+00,5.103072e+00,2.656676e-02,1.476192e+02,REACHED_FORCE,REACHED_FORCE,REACHED_FORCE,2,0,0,1,0,0,1,0,0,4.452688e-05,NaN,1.393703e-03,NaN,1.206170e-04,NaN,1.261349e-02,9.014595e-03,6.745968e-04,solution good enough for the tolerances given,solution good enough for the tolerances given,solution good enough for the tolerances given,2.344243e-04,9.014595e-03,6.745968e-04,1.771355e-13,4.452688e-05,2.072031e-13,1.393703e-03,7.730929e-14,1.206170e-04,4.452688e-05,1.393703e-03,1.206170e-04,4.957856e-02,2.514417e+00,2.972958e-01,4.692974e-01,1.710159e+00,5.750000e-01,false
3,3.162000e+02,0,3,CONTINUE,1.062131e-01,3.299941e-02,1.000000e-09,1.062131e-02,3.371330e-14,1.118636e-01,7.074654e-01,1.649840e+00,1.632899e-02,2.236317e+00,2.233442e+00,5.091454e+00,2.656676e-02,1.476192e+02,REACHED_FORCE,REACHED_FORCE,REACHED_FORCE,1,0,0,1,0,0,1,0,0,6.701165e-04,NaN,4.593404e-04,NaN,3.834305e-05,NaN,4.212996e-03,2.971507e-03,2.147579e-04,solution good enough for the tolerances given,solution good enough for the tolerances given,solution good enough for the tolerances given,4.212996e-03,2.971507e-03,2.147579e-04,3.129246e-13,6.701165e-04,7.636682e-13,4.593404e-04,2.151224e-13,3.834305e-05,6.701165e-04,4.593404e-04,3.834305e-05,2.788231e-02,2.495394e+00,2.972958e-01,4.692974e-01,1.710159e+00,5.750000e-01,true
3,1.000000e+03,0,3,CONTINUE,1.062131e-01,3.321103e-02,1.000000e-09,1.062131e-02,3.371330e-14,1.118636e-01,7.051296e-01,1.651610e+00,1.648073e-02,2.249042e+00,2.282764e+00,5.121460e+00,2.656676e-02,1.476192e+02,REACHED_FORCE,REACHED_FORCE,REACHED_FORCE,1,0,0,1,0,0,1,0,0,2.156472e-04,NaN,1.491716e-04,NaN,1.214464e-05,NaN,1.356351e-03,9.651070e-04,6.806017e-05,solution good enough for the tolerances given,solution good enough for the tolerances given,solution good enough for the tolerances given,1.356351e-03,9.651070e-04,6.806017e-05,1.438810e-12,2.156472e-04,1.701881e-12,1.491716e-04,1.003777e-12,1.214464e-05,2.156472e-04,1.491716e-04,1.214464e-05,1.567887e-02,2.488247e+00,2.972958e-01,4.692974e-01,1.710159e+00,5.750000e-01,false
3,3.162000e+03,0,3,CONTINUE,1.062131e-01,3.327948e-02,1.000000e-09,1.062131e-02,3.371330e-14,1.118636e-01,7.043706e-01,1.652181e+00,1.652993e-02,2.253195e+00,2.298869e+00,5.131212e+00,2.656676e-02,1.476192e+02,REACHED_FORCE,REACHED_FORCE,REACHED_FORCE,1,0,0,1,0,0,1,0,0,6.858468e-05,NaN,4.758450e-05,NaN,3.842897e-06,NaN,4.314357e-04,3.078724e-04,2.154021e-05,solution good enough for the tolerances given,solution good enough for the tolerances given,solution good enough for the tolerances given,4.314357e-04,3.078724e-04,2.154021e-05,3.877915e-12,6.858468e-05,5.447357e-12,4.758450e-05,1.987465e-12,3.842897e-06,6.858468e-05,4.758450e-05,3.842897e-06,8.817295e-03,2.485850e+00,2.972958e-01,4.692974e-01,1.710159e+00,5.750000e-01,false
3,1.000000e+04,0,3,CONTINUE,1.062131e-01,3.330129e-02,1.000000e-09,1.062131e-02,3.371330e-14,1.118636e-01,7.041285e-01,1.652363e+00,1.654562e-02,2.254522e+00,2.304016e+00,5.134324e+00,2.656676e-02,1.476192e+02,REACHED_FORCE,REACHED_FORCE,REACHED_FORCE,1,0,0,1,0,0,1,0,0,2.172530e-05,NaN,1.508755e-05,NaN,1.215333e-06,NaN,1.366702e-04,9.761778e-05,6.812609e-06,solution good enough for the tolerances given,solution good enough for the tolerances given,solution good enough for the tolerances given,1.366702e-04,9.761778e-05,6.812609e-06,1.205256e-11,2.172530e-05,2.279656e-11,1.508755e-05,1.593695e-11,1.215333e-06,2.172530e-05,1.508755e-05,1.215333e-06,4.958117e-03,2.485077e+00,2.972958e-01,4.692974e-01,1.710159e+00,5.750000e-01,false
3,3.162000e+04,0,3,CONTINUE,1.062131e-01,3.330821e-02,1.000000e-09,1.062131e-02,3.371330e-14,1.118636e-01,7.040517e-01,1.652421e+00,1.655059e-02,2.254943e+00,2.305648e+00,5.135311e+00,2.656676e-02,1.476192e+02,REACHED_FORCE,REACHED_FORCE,REACHED_FORCE,1,0,0,1,0,0,1,0,0,6.874636e-06,NaN,4.775669e-06,NaN,3.843769e-07,NaN,4.324780e-05,3.089912e-05,2.154685e-06,solution good enough for the tolerances given,solution good enough for the tolerances given,solution good enough for the tolerances given,4.324780e-05,3.089912e-05,2.154685e-06,2.492323e-11,6.874636e-06,7.485702e-11,4.775669e-06,2.510236e-11,3.843769e-07,6.874636e-06,4.775669e-06,3.843769e-07,2.788278e-03,2.484831e+00,2.972958e-01,4.692974e-01,1.710159e+00,5.750000e-01,false
3,1.000000e+05,0,3,CONTINUE,1.062131e-01,3.331039e-02,1.000000e-09,1.062131e-02,3.371330e-14,1.118636e-01,7.040274e-01,1.652439e+00,1.655216e-02,2.255076e+00,2.306165e+00,5.135623e+00,2.656676e-02,1.476192e+02,REACHED_FORCE,REACHED_FORCE,REACHED_FORCE,1,0,0,1,0,0,1,0,0,2.174149e-06,NaN,1.510482e-06,NaN,1.215421e-07,NaN,1.367746e-05,9.773001e-06,6.813275e-07,solution good enough for the tolerances given,solution good enough for the tolerances given,solution good enough for the tolerances given,1.367746e-05,9.773001e-06,6.813275e-07,1.577883e-10,2.174149e-06,2.242715e-10,1.510482e-06,5.201021e-11,1.215421e-07,2.174149e-06,1.510482e-06,1.215421e-07,1.567895e-03,2.484753e+00,2.972958e-01,4.692974e-01,1.710159e+00,5.750000e-01,false
3,3.162000e+05,0,3,CONTINUE,1.062131e-01,3.331109e-02,1.000000e-09,1.062131e-02,3.371330e-14,1.118636e-01,7.040197e-01,1.652445e+00,1.655266e-02,2.255118e+00,2.306328e+00,5.135722e+00,2.656676e-02,1.476192e+02,REACHED_FORCE,REACHED_FORCE,REACHED_FORCE,1,0,0,1,0,0,1,0,0,6.876258e-07,NaN,4.777398e-07,NaN,3.843856e-08,NaN,4.325825e-06,3.091036e-06,2.154752e-07,solution good enough for the tolerances given,solution good enough for the tolerances given,solution good enough for the tolerances given,4.325825e-06,3.091036e-06,2.154752e-07,4.193301e-10,6.876258e-07,4.911797e-10,4.777398e-07,3.623515e-10,3.843856e-08,6.876258e-07,4.777398e-07,3.843856e-08,8.817310e-04,2.484728e+00,2.972958e-01,4.692974e-01,1.710159e+00,5.750000e-01,false
3,1.000000e+06,0,3,CONTINUE,1.062131e-01,3.331131e-02,1.000000e-09,1.062131e-02,3.371330e-14,1.118636e-01,7.040173e-01,1.652447e+00,1.655282e-02,2.255132e+00,2.306380e+00,5.135753e+00,2.656676e-02,1.476192e+02,REACHED_FORCE,REACHED_FORCE,REACHED_FORCE,1,0,0,1,0,0,1,0,0,2.174312e-07,NaN,1.510655e-07,NaN,1.215429e-08,NaN,1.367851e-06,9.774125e-07,6.813342e-08,solution good enough for the tolerances given,solution good enough for the tolerances given,solution good enough for the tolerances given,1.367851e-06,9.774125e-07,6.813342e-08,1.427305e-09,2.174312e-07,1.766847e-09,1.510655e-07,7.444820e-10,1.215429e-08,2.174312e-07,1.510655e-07,1.215429e-08,4.958120e-04,2.484721e+00,2.972958e-01,4.692974e-01,1.710159e+00,5.750000e-01,false
3,3.162000e+06,0,3,CONTINUE,1.062131e-01,3.331137e-02,1.000000e-09,1.062131e-02,3.371330e-14,1.118636e-01,7.040165e-01,1.652447e+00,1.655287e-02,2.255136e+00,2.306396e+00,5.135763e+00,2.656676e-02,1.476192e+02,REACHED_FORCE,REACHED_FORCE,REACHED_FORCE,1,0,0,1,0,0,1,0,0,6.876420e-08,NaN,4.777571e-08,NaN,4.435145e-09,NaN,4.325929e-07,3.091148e-07,2.154759e-08,solution good enough for the tolerances given,solution good enough for the tolerances given,solution good enough for the tolerances given,4.325929e-07,3.091148e-07,2.154759e-08,4.256884e-09,6.876420e-08,5.261089e-09,4.777571e-08,4.435145e-09,3.843865e-09,6.876420e-08,4.777571e-08,4.435145e-09,2.788278e-04,2.484718e+00,2.972958e-01,4.692974e-01,1.710159e+00,5.750000e-01,false
3,1.000000e+07,0,3,CONTINUE,1.062131e-01,3.331139e-02,1.000000e-09,1.062131e-02,3.371330e-14,1.118636e-01,7.040163e-01,1.652448e+00,1.655289e-02,2.255137e+00,2.306402e+00,5.135766e+00,2.656676e-02,1.476192e+02,REACHED_FORCE,REACHED_FORCE,REACHED_FORCE,1,0,0,1,0,0,1,0,0,2.174328e-08,NaN,2.121892e-08,NaN,1.215604e-08,NaN,1.367861e-07,9.774236e-08,6.813348e-09,solution good enough for the tolerances given,solution good enough for the tolerances given,solution good enough for the tolerances given,1.367861e-07,9.774236e-08,6.813348e-09,1.039170e-08,2.174328e-08,2.121892e-08,1.510672e-08,1.215604e-08,1.215430e-09,2.174328e-08,2.121892e-08,1.215604e-08,1.567895e-04,2.484717e+00,2.972958e-01,4.692974e-01,1.710159e+00,5.750000e-01,false
3,3.162000e+07,0,3,CONTINUE,1.062131e-01,3.331140e-02,1.000000e-09,1.062131e-02,3.371330e-14,1.118636e-01,7.040162e-01,1.652448e+00,1.655289e-02,2.255138e+00,2.306403e+00,5.135767e+00,2.656676e-02,1.476192e+02,REACHED_FORCE,REACHED_FORCE,REACHED_FORCE,1,0,0,1,0,0,1,0,0,2.894548e-08,NaN,6.445619e-08,NaN,2.605327e-08,NaN,4.325940e-08,3.091159e-08,2.154759e-09,solution good enough for the tolerances given,solution good enough for the tolerances given,solution good enough for the tolerances given,4.325940e-08,3.091159e-08,2.154759e-09,2.894548e-08,6.876436e-09,6.445619e-08,4.777588e-09,2.605327e-08,3.843867e-10,2.894548e-08,6.445619e-08,2.605327e-08,8.817309e-05,2.484717e+00,2.972958e-01,4.692974e-01,1.710159e+00,5.750000e-01,false
3,1.000000e+08,0,3,CONTINUE,1.062131e-01,3.331141e-02,1.000000e-09,1.062131e-02,3.371330e-14,1.118636e-01,7.040162e-01,1.652447e+00,1.655291e-02,2.255138e+00,2.306404e+00,5.135768e+00,2.656676e-02,1.476192e+02,REACHED_FORCE,REACHED_FORCE,REACHED_FORCE,1,0,0,1,0,0,1,0,0,8.889379e-08,NaN,1.443981e-07,NaN,7.871961e-08,NaN,1.367863e-08,9.774251e-09,6.813345e-10,solution good enough for the tolerances given,solution good enough for the tolerances given,solution good enough for the tolerances given,1.367863e-08,9.774251e-09,6.813345e-10,8.889379e-08,2.174330e-09,1.443981e-07,1.510674e-09,7.871961e-08,1.215431e-10,8.889379e-08,1.443981e-07,7.871961e-08,4.958119e-05,2.484717e+00,2.972958e-01,4.692974e-01,1.710159e+00,5.750000e-01,false
3,3.162000e+08,0,3,CONTINUE,1.062131e-01,3.331134e-02,1.000000e-09,1.062131e-02,3.371330e-14,1.118637e-01,7.040167e-01,1.652444e+00,1.655299e-02,2.255141e+00,2.306402e+00,5.135768e+00,2.656676e-02,1.476192e+02,REACHED_FORCE,REACHED_FORCE,REACHED_FORCE,1,0,0,1,0,0,1,0,0,3.180020e-07,NaN,4.087692e-07,NaN,3.950979e-07,NaN,4.325939e-09,3.091155e-09,2.154758e-10,solution good enough for the tolerances given,solution good enough for the tolerances given,solution good enough for the tolerances given,4.325939e-09,3.091155e-09,2.154758e-10,3.180020e-07,6.876435e-10,4.087692e-07,4.777583e-10,3.950979e-07,3.843842e-11,3.180020e-07,4.087692e-07,3.950979e-07,2.788281e-05,2.484717e+00,2.972958e-01,4.692974e-01,1.710159e+00,5.750000e-01,false
3,1.000000e+09,0,3,CONTINUE,1.062131e-01,3.331131e-02,1.000000e-09,1.062131e-02,3.371330e-14,1.118637e-01,7.040164e-01,1.652445e+00,1.655280e-02,2.255149e+00,2.306394e+00,5.135761e+00,2.656676e-02,1.476192e+02,REACHED_FORCE,REACHED_FORCE,REACHED_FORCE,1,0,0,1,0,0,1,0,0,1.454467e-06,NaN,2.173874e-06,NaN,7.674002e-07,NaN,1.367859e-09,9.774167e-10,6.813281e-11,solution good enough for the tolerances given,solution good enough for the tolerances given,solution good enough for the tolerances given,1.367859e-09,9.774167e-10,6.813281e-11,1.454467e-06,2.174326e-10,2.173874e-06,1.510663e-10,7.674002e-07,1.215427e-11,1.454467e-06,2.173874e-06,7.674002e-07,1.567897e-05,2.484717e+00,2.972958e-01,4.692974e-01,1.710159e+00,5.750000e-01,false
3,3.162000e+09,0,3,CONTINUE,1.062131e-01,3.331133e-02,1.000000e-09,1.062131e-02,3.371330e-14,1.118638e-01,7.040159e-01,1.652418e+00,1.655272e-02,2.255151e+00,2.306403e+00,5.135767e+00,2.656676e-02,1.476192e+02,REACHED_FORCE,REACHED_FORCE,REACHED_FORCE,1,0,0,1,0,0,1,0,0,4.460145e-06,NaN,4.992466e-06,NaN,2.127763e-06,NaN,4.325936e-10,3.091145e-10,2.154694e-11,solution good enough for the tolerances given,solution good enough for the tolerances given,solution good enough for the tolerances given,4.325936e-10,3.091145e-10,2.154694e-11,4.460145e-06,6.876442e-11,4.992466e-06,4.777581e-11,2.127763e-06,3.843663e-12,4.460145e-06,4.992466e-06,2.127763e-06,8.817254e-06,2.484717e+00,2.972958e-01,4.692974e-01,1.710159e+00,5.750000e-01,false
3,1.000000e+10,0,3,CONTINUE,1.062131e-01,3.330949e-02,1.000000e-09,1.062131e-02,3.371330e-14,1.118647e-01,7.040266e-01,1.652375e+00,1.655488e-02,2.255261e+00,2.306288e+00,5.135711e+00,2.656676e-02,1.476192e+02,REACHED_FORCE,REACHED_FORCE,REACHED_FORCE,1,0,0,1,0,0,1,0,0,1.361756e-05,NaN,1.559869e-05,NaN,6.567100e-06,NaN,1.367831e-10,9.773303e-11,6.813167e-12,solution good enough for the tolerances given,solution good enough for the tolerances given,solution good enough for the tolerances given,1.367831e-10,9.773303e-11,6.813167e-12,1.361756e-05,2.174275e-11,1.559869e-05,1.510532e-11,6.567100e-06,1.215476e-12,1.361756e-05,1.559869e-05,6.567100e-06,4.958266e-06,2.484717e+00,2.972958e-01,4.692974e-01,1.710159e+00,5.750000e-01,false
3,3.162000e+10,0,3,CONTINUE,1.062131e-01,3.330465e-02,1.000000e-09,1.062131e-02,3.371330e-14,1.118658e-01,7.040558e-01,1.652142e+00,1.656350e-02,2.255472e+00,2.306221e+00,5.135731e+00,2.656676e-02,1.476192e+02,REACHED_FORCE,REACHED_FORCE,REACHED_FORCE,1,0,0,1,0,0,1,0,0,5.309309e-05,NaN,7.321529e-05,NaN,6.085410e-05,NaN,4.325839e-11,3.090632e-11,2.154516e-12,solution good enough for the tolerances given,solution good enough for the tolerances given,solution good enough for the tolerances given,4.325839e-11,3.090632e-11,2.154516e-12,5.309309e-05,6.876155e-12,7.321529e-05,4.776858e-12,6.085410e-05,3.843239e-13,5.309309e-05,7.321529e-05,6.085410e-05,2.788368e-06,2.484717e+00,2.972958e-01,4.692974e-01,1.710159e+00,5.750000e-01,false
3,1.000000e+11,0,3,CONTINUE,1.062131e-01,3.330392e-02,1.000000e-09,1.062131e-02,3.371330e-14,1.118679e-01,7.040355e-01,1.651553e+00,1.660479e-02,2.255757e+00,2.305814e+00,5.135405e+00,2.656676e-02,1.476192e+02,REACHED_FORCE,REACHED_FORCE,REACHED_FORCE,1,0,0,1,0,0,1,0,0,1.164005e-04,NaN,1.922087e-04,NaN,6.206518e-05,NaN,1.367655e-11,9.769252e-12,6.808224e-13,solution good enough for the tolerances given,solution good enough for the tolerances given,solution good enough for the tolerances given,1.367655e-11,9.769252e-12,6.808224e-13,1.164005e-04,2.174149e-12,1.922087e-04,1.510121e-12,6.206518e-05,1.214530e-13,1.164005e-04,1.922087e-04,6.206518e-05,1.567531e-06,2.484717e+00,2.972958e-01,4.692974e-01,1.710159e+00,5.750000e-01,false
3,3.162000e+11,0,3,CONTINUE,1.062131e-01,3.318729e-02,1.000000e-09,1.062131e-02,3.371330e-14,1.119169e-01,7.047915e-01,1.648039e+00,1.662324e-02,2.262579e+00,2.300314e+00,5.133323e+00,2.656676e-02,1.476192e+02,REACHED_FORCE,REACHED_FORCE,REACHED_FORCE,1,0,0,1,0,0,1,0,0,6.610407e-04,NaN,6.833746e-04,NaN,2.253558e-04,NaN,4.320907e-12,3.075030e-12,2.153575e-13,solution good enough for the tolerances given,solution good enough for the tolerances given,solution good enough for the tolerances given,4.320907e-12,3.075030e-12,2.153575e-13,6.610407e-04,6.867820e-13,6.833746e-04,4.754707e-13,2.253558e-04,3.852699e-14,6.610407e-04,6.833746e-04,2.253558e-04,8.833086e-07,2.484717e+00,2.972958e-01,4.692974e-01,1.710159e+00,5.750000e-01,false
3,1.000000e+12,0,3,CONTINUE,1.062131e-01,3.319655e-02,1.000000e-09,1.062131e-02,3.371330e-14,1.119018e-01,7.049003e-01,1.647298e+00,1.655310e-02,2.264708e+00,2.303356e+00,5.135490e+00,2.656676e-02,1.476192e+02,REACHED_FORCE,REACHED_FORCE,REACHED_FORCE,1,0,0,1,0,0,1,0,0,1.593454e-03,NaN,1.913734e-03,NaN,2.067575e-03,NaN,1.365957e-12,9.748404e-13,6.837785e-14,solution good enough for the tolerances given,solution good enough for the tolerances given,solution good enough for the tolerances given,1.365957e-12,9.748404e-13,6.837785e-14,1.593454e-03,2.172159e-13,1.913734e-03,1.510252e-13,2.067575e-03,1.223338e-14,1.593454e-03,1.913734e-03,2.067575e-03,4.969651e-07,2.484717e+00,2.972958e-01,4.692974e-01,1.710159e+00,5.750000e-01,false
3,3.162000e+12,0,3,CONTINUE,1.062131e-01,3.277603e-02,1.000000e-09,1.062131e-02,3.371330e-14,1.120076e-01,7.072716e-01,1.660266e+00,1.575175e-02,2.304631e+00,2.276374e+00,5.122558e+00,2.656676e-02,1.476192e+02,REACHED_FORCE,REACHED_FORCE,REACHED_FORCE,1,0,0,1,0,0,1,0,0,5.632144e-03,NaN,8.651535e-03,NaN,3.256868e-03,NaN,4.304803e-13,3.011271e-13,2.148468e-14,solution good enough for the tolerances given,solution good enough for the tolerances given,solution good enough for the tolerances given,4.304803e-13,3.011271e-13,2.148468e-14,5.632144e-03,6.844169e-14,8.651535e-03,4.651947e-14,3.256868e-03,3.947304e-15,5.632144e-03,8.651535e-03,3.256868e-03,2.832703e-07,2.484717e+00,2.972958e-01,4.692974e-01,1.710159e+00,5.750000e-01,false
3,1.000000e+13,0,6,CONTINUE,1.062131e-01,3.396317e-02,1.000000e-09,1.062131e-02,3.371330e-14,1.127027e-01,6.994803e-01,1.652699e+00,1.684338e-02,2.218487e+00,2.323587e+00,5.136733e+00,2.656676e-02,1.476192e+02,REACHED_FORCE,REACHED_FORCE,REACHED_FORCE,1,1,1,1,1,1,1,1,1,1.338499e-02,2.185797e-03,1.914893e-02,4.022950e-03,1.380451e-02,1.480159e-04,1.335284e-13,9.423401e-14,7.061031e-15,solution good enough for the tolerances given,solution good enough for the tolerances given,solution good enough for the tolerances given,1.335284e-13,9.423401e-14,7.061031e-15,1.338499e-02,2.128608e-14,1.914893e-02,1.459850e-14,1.380451e-02,1.207027e-15,2.185797e-03,4.022950e-03,1.480159e-04,1.607759e-07,2.484717e+00,2.972958e-01,4.692974e-01,1.710159e+00,5.750000e-01,false
3,3.162000e+13,0,6,CONTINUE,1.062131e-01,3.464645e-02,1.000000e-09,1.062131e-02,3.371330e-14,1.136703e-01,6.953308e-01,1.681602e+00,1.639170e-02,2.179822e+00,2.364517e+00,5.155922e+00,2.656676e-02,1.476192e+02,REACHED_FORCE,REACHED_FORCE,REACHED_FORCE,1,1,1,1,1,1,1,1,1,6.066230e-02,6.478234e-03,6.842061e-02,9.772632e-03,2.856859e-02,2.797644e-03,4.209417e-14,2.915895e-14,2.803773e-15,solution good enough for the tolerances given,solution good enough for the tolerances given,solution good enough for the tolerances given,4.209417e-14,2.915895e-14,2.803773e-15,6.066230e-02,6.703893e-15,6.842061e-02,4.518195e-15,2.856859e-02,3.588458e-16,6.478234e-03,9.772632e-03,2.797644e-03,7.934009e-08,2.484717e+00,2.972958e-01,4.692974e-01,1.710159e+00,5.750000e-01,false
3,1.000000e+14,1,9,CONTINUE,1.062131e-01,1.085681e-01,1.000000e-09,1.062131e-02,3.371330e-14,9.089363e-06,6.216763e-03,1.292759e+00,7.077699e-02,4.807438e-01,5.586187e+01,3.863437e+00,2.656676e-02,1.476192e+02,REFINE_STALLED,REFINE_STALLED,REFINE_STALLED,1,2,2,1,2,2,1,2,2,1.555538e+04,4.864413e+00,1.556429e+04,2.478105e+01,3.988686e+04,4.155483e+00,2.166576e-10,2.169365e-10,2.329343e-10,solution good enough for the tolerances given,solution good enough for the tolerances given,solution good enough for the tolerances given,2.166576e-10,2.169365e-10,2.329343e-10,1.555538e+04,2.699563e-11,1.556429e+04,2.705177e-11,3.988686e+04,4.260267e-11,4.685442e+00,2.458862e+01,4.153140e+00,4.395327e-05,2.484717e+00,2.972958e-01,4.692974e-01,1.710159e+00,5.750000e-01,false
3,3.162000e+14,1,9,CONTINUE,1.062131e-01,1.085639e-01,1.000000e-09,1.062131e-02,3.371330e-14,2.875063e-06,6.198142e-03,1.292774e+00,7.077539e-02,4.803119e-01,5.594176e+01,3.862891e+00,2.656676e-02,1.476192e+02,REFINE_STALLED,REFINE_STALLED,REFINE_STALLED,1,2,2,1,2,2,1,2,2,4.918227e+04,4.870771e+00,4.919125e+04,2.484310e+01,1.261202e+05,4.158683e+00,2.166006e-10,2.166886e-10,2.329319e-10,solution good enough for the tolerances given,solution good enough for the tolerances given,solution good enough for the tolerances given,2.166006e-10,2.166886e-10,2.329319e-10,4.918227e+04,2.697377e-11,4.919125e+04,2.697844e-11,1.261202e+05,4.260397e-11,4.691847e+00,2.465992e+01,4.157957e+00,4.395275e-05,2.484717e+00,2.972958e-01,4.692974e-01,1.710159e+00,5.750000e-01,false
3,1.000000e+15,1,9,CONTINUE,1.062131e-01,1.085625e-01,1.000000e-09,1.062131e-02,3.371330e-14,9.091448e-07,6.192237e-03,1.292779e+00,7.077489e-02,4.801795e-01,5.596681e+01,3.862716e+00,2.656676e-02,1.476192e+02,REFINE_STALLED,REFINE_STALLED,REFINE_STALLED,1,2,2,1,2,2,1,2,2,1.555374e+05,4.884754e+00,1.555469e+05,2.487724e+01,3.988612e+05,4.159680e+00,2.165825e-10,2.166102e-10,2.329317e-10,solution good enough for the tolerances given,solution good enough for the tolerances given,solution good enough for the tolerances given,2.165825e-10,2.166102e-10,2.329317e-10,1.555374e+05,2.694914e-11,1.555469e+05,2.693242e-11,3.988612e+05,4.260446e-11,4.693928e+00,2.468249e+01,4.159502e+00,4.395258e-05,2.484717e+00,2.972958e-01,4.692974e-01,1.710159e+00,5.750000e-01,false
3,3.162000e+15,1,9,CONTINUE,1.062131e-01,1.085621e-01,1.000000e-09,1.062131e-02,3.371330e-14,2.875273e-07,6.190373e-03,1.292780e+00,7.077473e-02,4.801314e-01,5.597391e+01,3.862656e+00,2.656676e-02,1.476192e+02,REFINE_STALLED,REFINE_STALLED,REFINE_STALLED,1,2,2,1,2,2,1,2,2,4.918077e+05,5.032124e+00,4.918164e+05,2.500477e+01,1.261196e+06,4.159924e+00,2.165767e-10,2.165854e-10,2.329314e-10,solution good enough for the tolerances given,solution good enough for the tolerances given,solution good enough for the tolerances given,2.165767e-10,2.165854e-10,2.329314e-10,4.918077e+05,2.703346e-11,4.918164e+05,2.698656e-11,1.261196e+06,4.260446e-11,4.694756e+00,2.468963e+01,4.160025e+00,4.395253e-05,2.484717e+00,2.972958e-01,4.692974e-01,1.710159e+00,5.750000e-01,false
3,1.000000e+16,1,9,CONTINUE,1.062131e-01,1.085618e-01,1.000000e-09,1.062131e-02,3.371330e-14,9.091655e-08,6.189858e-03,1.292781e+00,7.077465e-02,4.801089e-01,5.597330e+01,3.862624e+00,2.656676e-02,1.476192e+02,REFINE_STALLED,REFINE_STALLED,REFINE_STALLED,1,2,2,1,2,2,1,2,2,1.555365e+06,8.238625e+00,1.555371e+06,2.650952e+01,3.988603e+06,4.159772e+00,2.165751e-10,2.165777e-10,2.329314e-10,solution good enough for the tolerances given,solution good enough for the tolerances given,solution good enough for the tolerances given,2.165751e-10,2.165777e-10,2.329314e-10,1.555365e+06,2.650871e-11,1.555371e+06,2.715961e-11,3.988603e+06,4.260443e-11,4.695504e+00,2.469157e+01,4.160300e+00,4.395252e-05,2.484717e+00,2.972958e-01,4.692974e-01,1.710159e+00,5.750000e-01,false
3,3.162000e+16,1,11,CONTINUE,1.062131e-01,1.085620e-01,1.000000e-09,1.062131e-02,3.371330e-14,2.875294e-08,6.189608e-03,1.292781e+00,7.077466e-02,4.801111e-01,5.597855e+01,3.862642e+00,2.656676e-02,1.476192e+02,REFINE_STALLED,REFINE_STALLED,REFINE_STALLED,1,3,3,1,3,3,1,2,2,4.918051e+06,8.422070e+01,4.918051e+06,8.451855e+01,1.261197e+07,4.159004e+00,2.165745e-10,2.165753e-10,2.329315e-10,solution good enough for the tolerances given,solution good enough for the tolerances given,solution good enough for the tolerances given,2.165745e-10,2.165753e-10,2.329315e-10,4.918051e+06,2.399941e-11,4.918051e+06,2.486281e-11,1.261197e+07,4.260459e-11,4.694762e+00,2.469264e+01,4.160751e+00,4.395250e-05,2.484717e+00,2.972958e-01,4.692974e-01,1.710159e+00,5.750000e-01,false
3,1.000000e+17,1,11,CONTINUE,1.062131e-01,1.085619e-01,1.000000e-09,1.062131e-02,3.371330e-14,9.091685e-09,6.189515e-03,1.292781e+00,7.077466e-02,4.801141e-01,5.597886e+01,3.862638e+00,2.656676e-02,1.476192e+02,REFINE_STALLED,REFINE_STALLED,REFINE_STALLED,1,3,3,1,3,3,1,2,2,1.555348e+07,8.426453e+02,1.555347e+07,8.428492e+02,3.988600e+07,4.156492e+00,2.165742e-10,2.165745e-10,2.329314e-10,solution good enough for the tolerances given,solution good enough for the tolerances given,solution good enough for the tolerances given,2.165742e-10,2.165745e-10,2.329314e-10,1.555348e+07,3.222374e-11,1.555347e+07,3.038118e-11,3.988600e+07,4.260446e-11,4.694783e+00,2.469294e+01,4.162027e+00,4.395251e-05,2.484717e+00,2.972958e-01,4.692974e-01,1.710159e+00,5.750000e-01,false
3,3.162000e+17,1,11,CONTINUE,1.062131e-01,1.085619e-01,1.000000e-09,1.062131e-02,3.371330e-14,2.875296e-09,6.189463e-03,1.292781e+00,7.077467e-02,4.801238e-01,5.597907e+01,3.862637e+00,2.656676e-02,1.476192e+02,REFINE_STALLED,REFINE_STALLED,REFINE_STALLED,1,3,3,1,3,3,1,2,2,4.917892e+07,8.425737e+03,4.917904e+07,8.427079e+03,1.261196e+08,4.148513e+00,2.165739e-10,2.165740e-10,2.329315e-10,solution good enough for the tolerances given,solution good enough for the tolerances given,solution good enough for the tolerances given,2.165739e-10,2.165740e-10,2.329315e-10,4.917892e+07,3.982348e-11,4.917904e+07,4.470375e-11,1.261196e+08,4.260449e-11,4.694747e+00,2.469308e+01,4.166029e+00,4.395252e-05,2.484717e+00,2.972958e-01,4.692974e-01,1.710159e+00,5.750000e-01,false
3,1.000000e+18,1,11,CONTINUE,1.062131e-01,1.085620e-01,1.000000e-09,1.062131e-02,3.371330e-14,9.091685e-10,6.189479e-03,1.292780e+00,7.077472e-02,4.801571e-01,5.597916e+01,3.862638e+00,2.656676e-02,1.476192e+02,REFINE_STALLED,REFINE_STALLED,REFINE_STALLED,1,3,3,1,3,3,1,2,2,1.555207e+08,8.427973e+04,1.555207e+08,8.428413e+04,3.988599e+08,4.123268e+00,2.165739e-10,2.165739e-10,2.329314e-10,solution good enough for the tolerances given,solution good enough for the tolerances given,solution good enough for the tolerances given,2.165739e-10,2.165739e-10,2.329314e-10,1.555207e+08,1.549154e-10,1.555207e+08,1.819793e-10,3.988599e+08,4.260453e-11,4.694709e+00,2.469294e+01,4.178652e+00,4.395252e-05,2.484717e+00,2.972958e-01,4.692974e-01,1.710159e+00,5.750000e-01,false
4,1.000000e+00,0,15,CONTINUE,3.299941e-02,3.731514e-03,1.000000e-09,3.299941e-03,2.558274e-14,2.835296e-02,9.086510e-01,1.981540e+00,1.154925e-03,3.002846e+00,1.882827e+00,6.715967e+00,1.435954e-02,7.113741e+02,REACHED_FORCE,REACHED_FORCE,REACHED_FORCE,8,0,0,5,0,0,2,0,0,1.300536e-03,NaN,3.079850e-03,NaN,3.646042e-04,NaN,9.024583e-02,3.021124e-02,2.065447e-02,solution good enough for the tolerances given,solution good enough for the tolerances given,solution good enough for the tolerances given,7.432639e-03,1.924895e-02,2.709784e-03,2.132963e-15,1.300536e-03,3.131463e-15,3.079850e-03,1.069025e-15,3.646042e-04,1.300536e-03,3.079850e-03,3.646042e-04,2.815986e-01,2.670500e+01,6.845072e-02,1.077741e-01,2.862831e+00,3.250000e-01,false
4,3.162000e+00,0,11,CONTINUE,3.299941e-02,2.861069e-03,1.000000e-09,3.299941e-03,2.558274e-14,2.835280e-02,9.229489e-01,1.993078e+00,8.489801e-04,3.012750e+00,1.974760e+00,6.844978e+00,1.435954e-02,7.113741e+02,REACHED_FORCE,REACHED_FORCE,REACHED_FORCE,5,0,0,4,0,0,2,0,0,9.501235e-04,NaN,1.491722e-03,NaN,9.263107e-05,NaN,5.601263e-02,2.490264e-02,6.901907e-03,solution good enough for the tolerances given,solution good enough for the tolerances given,solution good enough for the tolerances given,7.530088e-03,9.596660e-03,8.490310e-04,6.193646e-15,9.501235e-04,1.133423e-14,1.491722e-03,2.192203e-15,9.263107e-05,9.501235e-04,1.491722e-03,9.263107e-05,1.585468e-01,1.505303e+01,6.845072e-02,1.077741e-01,2.862831e+00,3.250000e-01,false
4,1.000000e+01,0,8,CONTINUE,3.299941e-02,2.536823e-03,1.000000e-09,3.299941e-03,2.558274e-14,2.835280e-02,9.295687e-01,1.996685e+00,7.369609e-04,3.015379e+00,2.008524e+00,6.895580e+00,1.435954e-02,7.113741e+02,REACHED_FORCE,REACHED_FORCE,REACHED_FORCE,4,0,0,3,0,0,1,0,0,2.519265e-04,NaN,6.447679e-04,NaN,3.721771e-04,NaN,3.585605e-02,1.932893e-02,2.305917e-03,solution good enough for the tolerances given,solution good enough for the tolerances given,solution good enough for the tolerances given,1.616165e-03,3.656065e-03,2.305917e-03,4.011408e-14,2.519265e-04,3.559106e-14,6.447679e-04,8.135155e-15,3.721771e-04,2.519265e-04,6.447679e-04,3.721771e-04,8.918663e-02,8.518961e+00,6.845072e-02,1.077741e-01,2.862831e+00,3.250000e-01,false
4,3.162000e+01,0,6,CONTINUE,3.299941e-02,2.469442e-03,1.000000e-09,3.299941e-03,2.558274e-14,2.835280e-02,9.317933e-01,1.998825e+00,6.990881e-04,3.017693e+00,2.006457e+00,6.897857e+00,1.435954e-02,7.113741e+02,REACHED_FORCE,REACHED_FORCE,REACHED_FORCE,3,0,0,2,0,0,1,0,0,1.255719e-04,NaN,3.626897e-04,NaN,1.216379e-04,NaN,2.068584e-02,1.240402e-02,7.863902e-04,solution good enough for the tolerances given,solution good enough for the tolerances given,solution good enough for the tolerances given,8.669696e-04,2.314706e-03,7.863902e-04,1.040311e-13,1.255719e-04,1.145609e-13,3.626897e-04,3.120321e-14,1.216379e-04,1.255719e-04,3.626897e-04,1.216379e-04,5.016143e-02,4.868163e+00,6.845072e-02,1.077741e-01,2.862831e+00,3.250000e-01,false
4,1.000000e+02,0,5,CONTINUE,3.299941e-02,2.570202e-03,1.000000e-09,3.299941e-03,2.558274e-14,2.835280e-02,9.266913e-01,1.998431e+00,7.734875e-04,3.014718e+00,2.019435e+00,6.903477e+00,1.435954e-02,7.113741e+02,REACHED_FORCE,REACHED_FORCE,REACHED_FORCE,2,0,0,2,0,0,1,0,0,1.275262e-04,NaN,5.508038e-05,NaN,3.843210e-05,NaN,9.563925e-03,6.010614e-03,2.707805e-04,solution good enough for the tolerances given,solution good enough for the tolerances given,solution good enough for the tolerances given,8.761015e-04,3.407076e-04,2.707805e-04,1.766921e-13,1.275262e-04,4.755113e-13,5.508038e-05,6.966574e-14,3.843210e-05,1.275262e-04,5.508038e-05,3.843210e-05,2.820766e-02,2.969389e+00,6.845072e-02,1.077741e-01,2.862831e+00,3.250000e-01,false
4,3.162000e+02,0,4,CONTINUE,3.299941e-02,2.470919e-03,1.000000e-09,3.299941e-03,2.558274e-14,2.835280e-02,9.390906e-01,2.000622e+00,5.859777e-04,2.989368e+00,1.953048e+00,6.865451e+00,1.435954e-02,7.113741e+02,REACHED_FORCE,REACHED_FORCE,REACHED_FORCE,2,0,0,1,0,0,1,0,0,1.550255e-05,NaN,3.520989e-04,NaN,1.207472e-05,NaN,3.598725e-03,2.289467e-03,9.045609e-05,solution good enough for the tolerances given,solution good enough for the tolerances given,solution good enough for the tolerances given,1.023319e-04,2.289467e-03,9.045609e-05,7.605134e-13,1.550255e-05,9.937396e-13,3.520989e-04,3.258321e-13,1.207472e-05,1.550255e-05,3.520989e-04,1.207472e-05,1.586322e-02,2.535284e+00,6.845072e-02,1.077741e-01,2.862831e+00,3.250000e-01,false
4,1.000000e+03,0,3,CONTINUE,3.299941e-02,2.580339e-03,1.000000e-09,3.299941e-03,2.558274e-14,2.835280e-02,9.289014e-01,1.995890e+00,7.348544e-04,2.996572e+00,1.955268e+00,6.848889e+00,1.435954e-02,7.113741e+02,REACHED_FORCE,REACHED_FORCE,REACHED_FORCE,1,0,0,1,0,0,1,0,0,1.868303e-04,NaN,1.178177e-04,NaN,3.804671e-06,NaN,1.213048e-03,7.647548e-04,2.927270e-05,solution good enough for the tolerances given,solution good enough for the tolerances given,solution good enough for the tolerances given,1.213048e-03,7.647548e-04,2.927270e-05,2.148114e-12,1.868303e-04,2.563781e-12,1.178177e-04,5.622172e-13,3.804671e-06,1.868303e-04,1.178177e-04,3.804671e-06,8.920183e-03,2.505178e+00,6.845072e-02,1.077741e-01,2.862831e+00,3.250000e-01,true
4,3.162000e+03,0,3,CONTINUE,3.299941e-02,2.603702e-03,1.000000e-09,3.299941e-03,2.558274e-14,2.835280e-02,9.263147e-01,1.996909e+00,7.794246e-04,3.009509e+00,2.006360e+00,6.892344e+00,1.435954e-02,7.113741e+02,REACHED_FORCE,REACHED_FORCE,REACHED_FORCE,1,0,0,1,0,0,1,0,0,6.041386e-05,NaN,3.849723e-05,NaN,1.201679e-06,NaN,3.918981e-04,2.497400e-04,9.333030e-06,solution good enough for the tolerances given,solution good enough for the tolerances given,solution good enough for the tolerances given,3.918981e-04,2.497400e-04,9.333030e-06,6.449466e-12,6.041386e-05,7.922020e-12,3.849723e-05,2.676078e-12,1.201679e-06,6.041386e-05,3.849723e-05,1.201679e-06,5.016414e-03,2.491825e+00,6.845072e-02,1.077741e-01,2.862831e+00,3.250000e-01,false
4,1.000000e+04,0,3,CONTINUE,3.299941e-02,2.611478e-03,1.000000e-09,3.299941e-03,2.558274e-14,2.835280e-02,9.254600e-01,1.997233e+00,7.941216e-04,3.013751e+00,2.023142e+00,6.906540e+00,1.435954e-02,7.113741e+02,REACHED_FORCE,REACHED_FORCE,REACHED_FORCE,1,0,0,1,0,0,1,0,0,1.923985e-05,NaN,1.230208e-05,NaN,3.798058e-07,NaN,1.247711e-04,7.979173e-05,2.958939e-06,solution good enough for the tolerances given,solution good enough for the tolerances given,solution good enough for the tolerances given,1.247711e-04,7.979173e-05,2.958939e-06,2.061091e-11,1.923985e-05,2.586129e-11,1.230208e-05,1.496348e-11,3.798058e-07,1.923985e-05,1.230208e-05,3.798058e-07,2.820814e-03,2.487037e+00,6.845072e-02,1.077741e-01,2.862831e+00,3.250000e-01,false
4,3.162000e+04,0,3,CONTINUE,3.299941e-02,2.613977e-03,1.000000e-09,3.299941e-03,2.558274e-14,2.835280e-02,9.251860e-01,1.997335e+00,7.988312e-04,3.015108e+00,2.028512e+00,6.911075e+00,1.435954e-02,7.113741e+02,REACHED_FORCE,REACHED_FORCE,REACHED_FORCE,1,0,0,1,0,0,1,0,0,6.098542e-06,NaN,3.903712e-06,NaN,1.200989e-07,NaN,3.954570e-05,2.531815e-05,9.365741e-07,solution good enough for the tolerances given,solution good enough for the tolerances given,solution good enough for the tolerances given,3.954570e-05,2.531815e-05,9.365741e-07,6.259417e-11,6.098542e-06,7.004215e-11,3.903712e-06,3.789070e-11,1.200989e-07,6.098542e-06,3.903712e-06,1.200989e-07,1.586330e-03,2.485458e+00,6.845072e-02,1.077741e-01,2.862831e+00,3.250000e-01,false
4,1.000000e+05,0,3,CONTINUE,3.299941e-02,2.614771e-03,1.000000e-09,3.299941e-03,2.558274e-14,2.835280e-02,9.250989e-01,1.997368e+00,8.003271e-04,3.015538e+00,2.030217e+00,6.912515e+00,1.435954e-02,7.113741e+02,REACHED_FORCE,REACHED_FORCE,REACHED_FORCE,1,0,0,1,0,0,1,0,0,1.929747e-06,NaN,1.235671e-06,NaN,3.797358e-08,NaN,1.251299e-05,8.013993e-06,2.962244e-07,solution good enough for the tolerances given,solution good enough for the tolerances given,solution good enough for the tolerances given,1.251299e-05,8.013993e-06,2.962244e-07,1.856663e-10,1.929747e-06,2.117484e-10,1.235671e-06,1.355274e-10,3.797358e-08,1.929747e-06,1.235671e-06,3.797358e-08,8.920198e-04,2.484952e+00,6.845072e-02,1.077741e-01,2.862831e+00,3.250000e-01,false
4,3.162000e+05,0,3,CONTINUE,3.299941e-02,2.615023e-03,1.000000e-09,3.299941e-03,2.558274e-14,2.835280e-02,9.250713e-01,1.997378e+00,8.008007e-04,3.015675e+00,2.030757e+00,6.912970e+00,1.435954e-02,7.113741e+02,REACHED_FORCE,REACHED_FORCE,REACHED_FORCE,1,0,0,1,0,0,1,0,0,6.104321e-07,NaN,3.909196e-07,NaN,1.200919e-08,NaN,3.958169e-06,2.535310e-06,9.369057e-08,solution good enough for the tolerances given,solution good enough for the tolerances given,solution good enough for the tolerances given,3.958169e-06,2.535310e-06,9.369057e-08,3.970329e-10,6.104321e-07,4.972315e-10,3.909196e-07,4.100493e-10,1.200919e-08,6.104321e-07,3.909196e-07,1.200919e-08,5.016416e-04,2.484791e+00,6.845072e-02,1.077741e-01,2.862831e+00,3.250000e-01,false
4,1.000000e+06,0,3,CONTINUE,3.299941e-02,2.615102e-03,1.000000e-09,3.299941e-03,2.558274e-14,2.835280e-02,9.250626e-01,1.997381e+00,8.009504e-04,3.015718e+00,2.030928e+00,6.913114e+00,1.435954e-02,7.113741e+02,REACHED_FORCE,REACHED_FORCE,REACHED_FORCE,1,0,0,1,0,0,1,0,0,1.930325e-07,NaN,1.236220e-07,NaN,3.797288e-09,NaN,1.251660e-06,8.017492e-07,2.962576e-08,solution good enough for the tolerances given,solution good enough for the tolerances given,solution good enough for the tolerances given,1.251660e-06,8.017492e-07,2.962576e-08,2.438624e-09,1.930325e-07,3.429999e-09,1.236220e-07,1.156567e-09,3.797288e-09,1.930325e-07,1.236220e-07,3.797288e-09,2.820814e-04,2.484741e+00,6.845072e-02,1.077741e-01,2.862831e+00,3.250000e-01,false
4,3.162000e+06,0,3,CONTINUE,3.299941e-02,2.615127e-03,1.000000e-09,3.299941e-03,2.558274e-14,2.835280e-02,9.250599e-01,1.997382e+00,8.009975e-04,3.015732e+00,2.030982e+00,6.913160e+00,1.435954e-02,7.113741e+02,REACHED_FORCE,REACHED_FORCE,REACHED_FORCE,1,0,0,1,0,0,1,0,0,6.104899e-08,NaN,3.909745e-08,NaN,2.573230e-09,NaN,3.958529e-07,2.535660e-07,9.369388e-09,solution good enough for the tolerances given,solution good enough for the tolerances given,solution good enough for the tolerances given,3.958529e-07,2.535660e-07,9.369388e-09,4.287166e-09,6.104899e-08,6.843949e-09,3.909745e-08,2.573230e-09,1.200912e-09,6.104899e-08,3.909745e-08,2.573230e-09,1.586330e-04,2.484724e+00,6.845072e-02,1.077741e-01,2.862831e+00,3.250000e-01,false
4,1.000000e+07,0,3,CONTINUE,3.299941e-02,2.615133e-03,1.000000e-09,3.299941e-03,2.558274e-14,2.835280e-02,9.250591e-01,1.997382e+00,8.010129e-04,3.015736e+00,2.030998e+00,6.913174e+00,1.435954e-02,7.113741e+02,REACHED_FORCE,REACHED_FORCE,REACHED_FORCE,1,0,0,1,0,0,1,0,0,2.367497e-08,NaN,3.239734e-08,NaN,2.432998e-08,NaN,1.251695e-07,8.017838e-08,2.962614e-09,solution good enough for the tolerances given,solution good enough for the tolerances given,solution good enough for the tolerances given,1.251695e-07,8.017838e-08,2.962614e-09,2.367497e-08,1.930383e-08,3.239734e-08,1.236274e-08,2.432998e-08,3.797284e-10,2.367497e-08,3.239734e-08,2.432998e-08,8.920199e-05,2.484719e+00,6.845072e-02,1.077741e-01,2.862831e+00,3.250000e-01,false
4,3.162000e+07,0,3,CONTINUE,3.299941e-02,2.615128e-03,1.000000e-09,3.299941e-03,2.558274e-14,2.835280e-02,9.250590e-01,1.997384e+00,8.010092e-04,3.015738e+00,2.031002e+00,6.913177e+00,1.435954e-02,7.113741e+02,REACHED_FORCE,REACHED_FORCE,REACHED_FORCE,1,0,0,1,0,0,1,0,0,9.020232e-08,NaN,7.938099e-08,NaN,3.495699e-08,NaN,3.958564e-08,2.535691e-08,9.369430e-10,solution good enough for the tolerances given,solution good enough for the tolerances given,solution good enough for the tolerances given,3.958564e-08,2.535691e-08,9.369430e-10,9.020232e-08,6.104955e-09,7.938099e-08,3.909793e-09,3.495699e-08,1.200910e-10,9.020232e-08,7.938099e-08,3.495699e-08,5.016417e-05,2.484718e+00,6.845072e-02,1.077741e-01,2.862831e+00,3.250000e-01,false
4,1.000000e+08,0,3,CONTINUE,3.299941e-02,2.615109e-03,1.000000e-09,3.299941e-03,2.558274e-14,2.835281e-02,9.250593e-01,1.997377e+00,8.010321e-04,3.015739e+00,2.030999e+00,6.913175e+00,1.435954e-02,7.113741e+02,REACHED_FORCE,REACHED_FORCE,REACHED_FORCE,1,0,0,1,0,0,1,0,0,3.055379e-07,NaN,3.649967e-07,NaN,1.325211e-07,NaN,1.251697e-08,8.017822e-09,2.962619e-10,solution good enough for the tolerances given,solution good enough for the tolerances given,solution good enough for the tolerances given,1.251697e-08,8.017822e-09,2.962619e-10,3.055379e-07,1.930386e-09,3.649967e-07,1.236272e-09,1.325211e-07,3.797281e-11,3.055379e-07,3.649967e-07,1.325211e-07,2.820813e-05,2.484717e+00,6.845072e-02,1.077741e-01,2.862831e+00,3.250000e-01,false
4,3.162000e+08,0,3,CONTINUE,3.299941e-02,2.615039e-03,1.000000e-09,3.299941e-03,2.558274e-14,2.835282e-02,9.250613e-01,1.997382e+00,8.009489e-04,3.015744e+00,2.030985e+00,6.913167e+00,1.435954e-02,7.113741e+02,REACHED_FORCE,REACHED_FORCE,REACHED_FORCE,1,0,0,1,0,0,1,0,0,7.040114e-07,NaN,7.649496e-07,NaN,2.481986e-07,NaN,3.958549e-09,2.535647e-09,9.369734e-11,solution good enough for the tolerances given,solution good enough for the tolerances given,solution good enough for the tolerances given,3.958549e-09,2.535647e-09,9.369734e-11,7.040114e-07,6.104934e-10,7.649496e-07,3.909728e-10,2.481986e-07,1.200904e-11,7.040114e-07,7.649496e-07,2.481986e-07,1.586336e-05,2.484717e+00,6.845072e-02,1.077741e-01,2.862831e+00,3.250000e-01,false
4,1.000000e+09,0,3,CONTINUE,3.299941e-02,2.614790e-03,1.000000e-09,3.299941e-03,2.558274e-14,2.835288e-02,9.250686e-01,1.997365e+00,8.010374e-04,3.015761e+00,2.030919e+00,6.913122e+00,1.435954e-02,7.113741e+02,REACHED_FORCE,REACHED_FORCE,REACHED_FORCE,1,0,0,1,0,0,1,0,0,1.981932e-06,NaN,2.867476e-06,NaN,1.973046e-06,NaN,1.251675e-09,8.017230e-10,2.962904e-11,solution good enough for the tolerances given,solution good enough for the tolerances given,solution good enough for the tolerances given,1.251675e-09,8.017230e-10,2.962904e-11,1.981932e-06,1.930353e-10,2.867476e-06,1.236181e-10,1.973046e-06,3.797339e-12,1.981932e-06,2.867476e-06,1.973046e-06,8.920303e-06,2.484717e+00,6.845072e-02,1.077741e-01,2.862831e+00,3.250000e-01,false
4,3.162000e+09,0,3,CONTINUE,3.299941e-02,2.614307e-03,1.000000e-09,3.299941e-03,2.558274e-14,2.835305e-02,9.250801e-01,1.997281e+00,8.009901e-04,3.015801e+00,2.030750e+00,6.912995e+00,1.435954e-02,7.113741e+02,REACHED_FORCE,REACHED_FORCE,REACHED_FORCE,1,0,0,1,0,0,1,0,0,8.315812e-06,NaN,1.202039e-05,NaN,3.166545e-06,NaN,3.958336e-10,2.535086e-10,9.372714e-12,solution good enough for the tolerances given,solution good enough for the tolerances given,solution good enough for the tolerances given,3.958336e-10,2.535086e-10,9.372714e-12,8.315812e-06,6.104614e-11,1.202039e-05,3.908881e-11,3.166545e-06,1.200927e-12,8.315812e-06,1.202039e-05,3.166545e-06,5.016272e-06,2.484717e+00,6.845072e-02,1.077741e-01,2.862831e+00,3.250000e-01,false
4,1.000000e+10,0,3,CONTINUE,3.299941e-02,2.611403e-03,1.000000e-09,3.299941e-03,2.558274e-14,2.835336e-02,9.251580e-01,1.996782e+00,8.021704e-04,3.015936e+00,2.030273e+00,6.912728e+00,1.435954e-02,7.113741e+02,REACHED_FORCE,REACHED_FORCE,REACHED_FORCE,1,0,0,1,0,0,1,0,0,2.110037e-05,NaN,2.718585e-05,NaN,6.388708e-06,NaN,1.251501e-10,8.012131e-11,2.964943e-12,solution good enough for the tolerances given,solution good enough for the tolerances given,solution good enough for the tolerances given,1.251501e-10,8.012131e-11,2.964943e-12,2.110037e-05,1.930100e-11,2.718585e-05,1.235395e-11,6.388708e-06,3.798220e-13,2.110037e-05,2.718585e-05,6.388708e-06,2.820503e-06,2.484717e+00,6.845072e-02,1.077741e-01,2.862831e+00,3.250000e-01,false
4,3.162000e+10,0,3,CONTINUE,3.299941e-02,2.601278e-03,1.000000e-09,3.299941e-03,2.558274e-14,2.835624e-02,9.253958e-01,1.997448e+00,7.940743e-04,3.016770e+00,2.026989e+00,6.910259e+00,1.435954e-02,7.113741e+02,REACHED_FORCE,REACHED_FORCE,REACHED_FORCE,1,0,0,1,0,0,1,0,0,6.439370e-05,NaN,7.737305e-05,NaN,4.543815e-05,NaN,3.955229e-11,2.526394e-11,9.355439e-13,solution good enough for the tolerances given,solution good enough for the tolerances given,solution good enough for the tolerances given,3.955229e-11,2.526394e-11,9.355439e-13,6.439370e-05,6.099784e-12,7.737305e-05,3.895174e-12,4.543815e-05,1.199198e-13,6.439370e-05,7.737305e-05,4.543815e-05,1.586972e-06,2.484717e+00,6.845072e-02,1.077741e-01,2.862831e+00,3.250000e-01,false
4,1.000000e+11,0,3,CONTINUE,3.299941e-02,2.585083e-03,1.000000e-09,3.299941e-03,2.558274e-14,2.836368e-02,9.257814e-01,1.992943e+00,7.892450e-04,3.018595e+00,2.018820e+00,6.903715e+00,1.435954e-02,7.113741e+02,REACHED_FORCE,REACHED_FORCE,REACHED_FORCE,1,0,0,1,0,0,1,0,0,3.058578e-04,NaN,4.249947e-04,NaN,6.356580e-05,NaN,1.248362e-11,7.926797e-12,2.971921e-13,solution good enough for the tolerances given,solution good enough for the tolerances given,solution good enough for the tolerances given,1.248362e-11,7.926797e-12,2.971921e-13,3.058578e-04,1.925253e-12,4.249947e-04,1.222033e-12,6.356580e-05,3.797241e-14,3.058578e-04,4.249947e-04,6.356580e-05,8.919188e-07,2.484717e+00,6.845072e-02,1.077741e-01,2.862831e+00,3.250000e-01,false
4,3.162000e+11,0,3,CONTINUE,3.299941e-02,2.456672e-03,1.000000e-09,3.299941e-03,2.558274e-14,2.838104e-02,9.293470e-01,1.982539e+00,8.118138e-04,3.023830e+00,2.001032e+00,6.894815e+00,1.435954e-02,7.113741e+02,REACHED_FORCE,REACHED_FORCE,REACHED_FORCE,1,0,0,1,0,0,1,0,0,5.481498e-04,NaN,7.257055e-04,NaN,3.192469e-04,NaN,3.931894e-12,2.464349e-12,9.610754e-14,solution good enough for the tolerances given,solution good enough for the tolerances given,solution good enough for the tolerances given,3.931894e-12,2.464349e-12,9.610754e-14,5.481498e-04,6.064984e-13,7.257055e-04,3.799362e-13,3.192469e-04,1.216814e-14,5.481498e-04,7.257055e-04,3.192469e-04,5.005268e-07,2.484717e+00,6.845072e-02,1.077741e-01,2.862831e+00,3.250000e-01,false
4,1.000000e+12,0,3,CONTINUE,3.299941e-02,2.446513e-03,1.000000e-09,3.299941e-03,2.558274e-14,2.838683e-02,9.294656e-01,1.949809e+00,8.506810e-04,3.025914e+00,1.993413e+00,6.887781e+00,1.435954e-02,7.113741e+02,REACHED_FORCE,REACHED_FORCE,REACHED_FORCE,1,0,0,1,0,0,1,0,0,2.584383e-03,NaN,2.824224e-03,NaN,7.560571e-04,NaN,1.240425e-12,7.718300e-13,3.222961e-14,solution good enough for the tolerances given,solution good enough for the tolerances given,solution good enough for the tolerances given,1.240425e-12,7.718300e-13,3.222961e-14,2.584383e-03,1.912811e-13,2.824224e-03,1.189533e-13,7.560571e-04,4.045171e-15,2.584383e-03,2.824224e-03,7.560571e-04,2.848337e-07,2.484717e+00,6.845072e-02,1.077741e-01,2.862831e+00,3.250000e-01,false
4,3.162000e+12,0,6,CONTINUE,3.299941e-02,2.640890e-03,1.000000e-09,3.299941e-03,2.558274e-14,2.857377e-02,9.243900e-01,1.997457e+00,8.330523e-04,3.014103e+00,2.037777e+00,6.917924e+00,1.435954e-02,7.113741e+02,REACHED_FORCE,REACHED_FORCE,REACHED_FORCE,1,1,1,1,1,1,1,1,1,6.883979e-03,2.062788e-04,9.566128e-03,1.853875e-04,6.456428e-03,1.922025e-05,3.734387e-13,2.277196e-13,1.212567e-14,solution good enough for the tolerances given,solution good enough for the tolerances given,solution good enough for the tolerances given,3.734387e-13,2.277196e-13,1.212567e-14,6.883979e-03,5.748873e-14,9.566128e-03,3.471018e-14,6.456428e-03,1.402761e-15,2.062788e-04,1.853875e-04,1.922025e-05,1.607759e-07,2.484717e+00,6.845072e-02,1.077741e-01,2.862831e+00,3.250000e-01,false
4,1.000000e+13,0,7,CONTINUE,3.299941e-02,2.642027e-03,1.000000e-09,3.299941e-03,2.558274e-14,2.917784e-02,9.249394e-01,2.007448e+00,8.242480e-04,3.026327e+00,2.101993e+00,6.977572e+00,1.435954e-02,7.113741e+02,REACHED_FORCE,REACHED_FORCE,REACHED_FORCE,1,1,1,1,2,2,1,1,1,1.772449e-02,1.470313e-03,2.700305e-02,3.317126e-03,1.286321e-02,1.861306e-04,9.916181e-14,5.316020e-14,6.365465e-15,solution good enough for the tolerances given,solution good enough for the tolerances given,solution good enough for the tolerances given,9.916181e-14,5.316020e-14,6.365465e-15,1.772449e-02,1.536105e-14,2.700305e-02,7.490907e-15,1.286321e-02,8.481811e-16,1.470313e-03,4.242335e-04,1.861306e-04,7.934009e-08,2.484717e+00,6.845072e-02,1.077741e-01,2.862831e+00,3.250000e-01,false
4,3.162000e+13,1,6,CONTINUE,3.299941e-02,1.538602e-02,1.000000e-09,3.299941e-03,2.558274e-14,3.230411e-02,6.540665e-01,2.687896e+00,1.632899e-04,2.594740e+00,4.704374e+00,8.072530e+00,1.435954e-02,7.113741e+02,REFINE_STALLED,REFINE_STALLED,REACHED_FORCE,1,1,1,1,1,1,1,1,1,8.758099e-02,4.957758e-02,1.318579e-01,7.437535e-02,3.569127e-02,5.893752e-04,8.336408e-15,2.670395e-14,3.053229e-15,solution good enough for the tolerances given,solution good enough for the tolerances given,solution good enough for the tolerances given,8.336408e-15,2.670395e-14,3.053229e-15,8.758099e-02,1.117315e-15,1.318579e-01,3.133784e-15,3.569127e-02,4.567129e-16,4.957758e-02,7.437535e-02,5.893752e-04,6.025209e-08,2.484717e+00,6.845072e-02,1.077741e-01,2.862831e+00,3.250000e-01,false
4,1.000000e+14,1,9,CONTINUE,3.299941e-02,3.455707e-02,1.000000e-09,3.299941e-03,2.558274e-14,9.080155e-06,6.578193e-03,1.648633e+00,1.637499e-02,1.683832e-01,8.175456e+01,5.599653e+00,1.435954e-02,7.113741e+02,REFINE_STALLED,REFINE_STALLED,REFINE_STALLED,1,2,2,1,2,2,1,2,2,4.657380e+03,6.085106e+00,4.662635e+03,3.264904e+01,3.988973e+04,1.212039e+01,6.462014e-11,6.501288e-11,2.329181e-10,solution good enough for the tolerances given,solution good enough for the tolerances given,solution good enough for the tolerances given,6.462014e-11,6.501288e-11,2.329181e-10,4.657380e+03,8.098637e-12,4.662635e+03,8.175878e-12,3.988973e+04,4.259200e-11,6.077870e+00,3.255025e+01,1.208820e+01,4.395696e-05,2.484717e+00,6.845072e-02,1.077741e-01,2.862831e+00,3.250000e-01,false
4,3.162000e+14,1,9,CONTINUE,3.299941e-02,3.453958e-02,1.000000e-09,3.299941e-03,2.558274e-14,2.874141e-06,6.474790e-03,1.648645e+00,1.637429e-02,1.688132e-01,8.227578e+01,5.594588e+00,1.435954e-02,7.113741e+02,REFINE_STALLED,REFINE_STALLED,REFINE_STALLED,1,2,2,1,2,2,1,2,2,1.472464e+04,6.113594e+00,1.472998e+04,3.304037e+01,1.261234e+05,1.216451e+01,6.452741e-11,6.465216e-11,2.329274e-10,solution good enough for the tolerances given,solution good enough for the tolerances given,solution good enough for the tolerances given,6.452741e-11,6.465216e-11,2.329274e-10,1.472464e+04,8.083875e-12,1.472998e+04,8.108941e-12,1.261234e+05,4.260055e-11,6.120159e+00,3.301769e+01,1.215429e+01,4.395391e-05,2.484717e+00,6.845072e-02,1.077741e-01,2.862831e+00,3.250000e-01,false
4,1.000000e+15,1,9,CONTINUE,3.299941e-02,3.453409e-02,1.000000e-09,3.299941e-03,2.558274e-14,9.090530e-07,6.442368e-03,1.648649e+00,1.637407e-02,1.689560e-01,8.244240e+01,5.592997e+00,1.435954e-02,7.113741e+02,REFINE_STALLED,REFINE_STALLED,REFINE_STALLED,1,2,2,1,2,2,1,2,2,4.656547e+04,6.123255e+00,4.657076e+04,3.316582e+01,3.988640e+05,1.217857e+01,6.449807e-11,6.453762e-11,2.329301e-10,solution good enough for the tolerances given,solution good enough for the tolerances given,solution good enough for the tolerances given,6.449807e-11,6.453762e-11,2.329301e-10,4.656547e+04,8.075569e-12,4.657076e+04,8.088748e-12,3.988640e+05,4.260335e-11,6.133641e+00,3.316734e+01,1.217532e+01,4.395295e-05,2.484717e+00,6.845072e-02,1.077741e-01,2.862831e+00,3.250000e-01,false
4,3.162000e+15,1,9,CONTINUE,3.299941e-02,3.453237e-02,1.000000e-09,3.299941e-03,2.558274e-14,2.875180e-07,6.432221e-03,1.648650e+00,1.637400e-02,1.690023e-01,8.249482e+01,5.592499e+00,1.435954e-02,7.113741e+02,REFINE_STALLED,REFINE_STALLED,REFINE_STALLED,1,2,2,1,2,2,1,2,2,1.472381e+05,6.138707e+00,1.472420e+05,3.321675e+01,1.261199e+06,1.218306e+01,6.448881e-11,6.450131e-11,2.329310e-10,solution good enough for the tolerances given,solution good enough for the tolerances given,solution good enough for the tolerances given,6.448881e-11,6.450131e-11,2.329310e-10,1.472381e+05,8.050397e-12,1.472420e+05,8.061492e-12,1.261199e+06,4.260417e-11,6.137946e+00,3.321481e+01,1.218199e+01,4.395264e-05,2.484717e+00,6.845072e-02,1.077741e-01,2.862831e+00,3.250000e-01,false
4,1.000000e+16,1,9,CONTINUE,3.299941e-02,3.453183e-02,1.000000e-09,3.299941e-03,2.558274e-14,9.091567e-08,6.429052e-03,1.648650e+00,1.637398e-02,1.690176e-01,8.251060e+01,5.592339e+00,1.435954e-02,7.113741e+02,REFINE_STALLED,REFINE_STALLED,REFINE_STALLED,1,2,2,1,2,2,1,2,2,4.656476e+05,6.258978e+00,4.656504e+05,3.334977e+01,3.988614e+06,1.218454e+01,6.448591e-11,6.448983e-11,2.329316e-10,solution good enough for the tolerances given,solution good enough for the tolerances given,solution good enough for the tolerances given,6.448591e-11,6.448983e-11,2.329316e-10,4.656476e+05,8.039908e-12,4.656504e+05,8.018993e-12,3.988614e+06,4.260436e-11,6.139455e+00,3.322971e+01,1.218405e+01,4.395256e-05,2.484717e+00,6.845072e-02,1.077741e-01,2.862831e+00,3.250000e-01,false
4,3.162000e+16,1,9,CONTINUE,3.299941e-02,3.453167e-02,1.000000e-09,3.299941e-03,2.558274e-14,2.875283e-08,6.428270e-03,1.648650e+00,1.637398e-02,1.690290e-01,8.251339e+01,5.592291e+00,1.435954e-02,7.113741e+02,REFINE_STALLED,REFINE_STALLED,REFINE_STALLED,1,2,2,1,2,2,1,2,2,1.472362e+06,7.429709e+00,1.472370e+06,3.455044e+01,1.261195e+07,1.218527e+01,6.448493e-11,6.448626e-11,2.329312e-10,solution good enough for the tolerances given,solution good enough for the tolerances given,solution good enough for the tolerances given,6.448493e-11,6.448626e-11,2.329312e-10,1.472362e+06,8.266630e-12,1.472370e+06,8.212391e-12,1.261195e+07,4.260443e-11,6.140414e+00,3.323439e+01,1.218457e+01,4.395252e-05,2.484717e+00,6.845072e-02,1.077741e-01,2.862831e+00,3.250000e-01,false
4,1.000000e+17,1,11,CONTINUE,3.299941e-02,3.453159e-02,1.000000e-09,3.299941e-03,2.558274e-14,9.091674e-09,6.427618e-03,1.648651e+00,1.637397e-02,1.690218e-01,8.251874e+01,5.592273e+00,1.435954e-02,7.113741e+02,REFINE_STALLED,REFINE_STALLED,REFINE_STALLED,1,3,3,1,3,3,1,2,2,4.656432e+06,6.665830e+01,4.656427e+06,6.672477e+01,3.988605e+07,1.218623e+01,6.448462e-11,6.448509e-11,2.329315e-10,solution good enough for the tolerances given,solution good enough for the tolerances given,solution good enough for the tolerances given,6.448462e-11,6.448509e-11,2.329315e-10,4.656432e+06,7.902528e-12,4.656427e+06,7.948374e-12,3.988605e+07,4.260449e-11,6.139777e+00,3.323593e+01,1.218435e+01,4.395252e-05,2.484717e+00,6.845072e-02,1.077741e-01,2.862831e+00,3.250000e-01,false
4,3.162000e+17,1,11,CONTINUE,3.299941e-02,3.453157e-02,1.000000e-09,3.299941e-03,2.558274e-14,2.875296e-09,6.427476e-03,1.648651e+00,1.637397e-02,1.690253e-01,8.251957e+01,5.592267e+00,1.435954e-02,7.113741e+02,REFINE_STALLED,REFINE_STALLED,REFINE_STALLED,1,3,3,1,3,3,1,2,2,1.472351e+07,6.675805e+02,1.472351e+07,6.677246e+02,1.261195e+08,1.218899e+01,6.448457e-11,6.448469e-11,2.329313e-10,solution good enough for the tolerances given,solution good enough for the tolerances given,solution good enough for the tolerances given,6.448457e-11,6.448469e-11,2.329313e-10,1.472351e+07,6.877568e-12,1.472351e+07,1.129731e-11,1.261195e+08,4.260446e-11,6.139846e+00,3.323664e+01,1.218307e+01,4.395251e-05,2.484717e+00,6.845072e-02,1.077741e-01,2.862831e+00,3.250000e-01,false
4,1.000000e+18,1,11,CONTINUE,3.299941e-02,3.453162e-02,1.000000e-09,3.299941e-03,2.558274e-14,9.091683e-10,6.427372e-03,1.648651e+00,1.637397e-02,1.690235e-01,8.251976e+01,5.592259e+00,1.435954e-02,7.113741e+02,REFINE_STALLED,REFINE_STALLED,REFINE_STALLED,1,3,3,1,3,3,1,2,2,4.656321e+07,6.680925e+03,4.656311e+07,6.680259e+03,3.988600e+08,1.219747e+01,6.448451e-11,6.448459e-11,2.329313e-10,solution good enough for the tolerances given,solution good enough for the tolerances given,solution good enough for the tolerances given,6.448451e-11,6.448459e-11,2.329313e-10,4.656321e+07,2.801808e-11,4.656311e+07,2.453056e-11,3.988600e+08,4.260459e-11,6.139820e+00,3.323678e+01,1.217884e+01,4.395252e-05,2.484717e+00,6.845072e-02,1.077741e-01,2.862831e+00,3.250000e-01,false
5,1.000000e+00,0,13,CONTINUE,2.580339e-03,8.503373e-04,1.000000e-09,2.580339e-04,2.244882e-14,8.119895e-03,6.735438e-01,3.632130e+00,1.787764e-05,1.722183e+00,1.109666e-01,6.776457e+00,1.886873e-03,2.144647e+04,REACHED_FORCE,REACHED_FORCE,REACHED_FORCE,5,0,0,3,0,0,5,0,0,6.007723e-05,NaN,1.366558e-04,NaN,4.772599e-05,NaN,2.065327e-03,1.057563e-03,9.121464e-03,solution good enough for the tolerances given,solution good enough for the tolerances given,solution good enough for the tolerances given,3.657079e-04,5.147733e-04,3.784052e-04,2.660358e-15,6.007723e-05,3.276518e-15,1.366558e-04,1.333508e-15,4.772599e-05,6.007723e-05,1.366558e-04,4.772599e-05,6.142581e-02,1.464539e+02,4.075859e-03,6.334031e-03,4.353367e+01,3.500000e-01,false
5,3.162000e+00,0,9,CONTINUE,2.580339e-03,8.503347e-04,1.000000e-09,2.580339e-04,2.244882e-14,7.349228e-03,6.734888e-01,3.632417e+00,1.791238e-05,1.722622e+00,1.109944e-01,6.776642e+00,1.886873e-03,2.144647e+04,REACHED_FORCE,REACHED_FORCE,REACHED_FORCE,3,0,0,3,0,0,3,0,0,7.948784e-05,NaN,8.215446e-05,NaN,3.713312e-05,NaN,1.143780e-03,6.815813e-04,3.065541e-03,solution good enough for the tolerances given,solution good enough for the tolerances given,solution good enough for the tolerances given,3.896535e-04,1.701888e-04,2.856163e-04,3.090504e-15,7.948784e-05,8.303227e-15,8.215446e-05,3.347341e-15,3.713312e-05,7.948784e-05,8.215446e-05,3.713312e-05,3.454572e-02,8.236874e+01,4.075859e-03,6.334031e-03,4.353367e+01,3.500000e-01,false
5,1.000000e+01,0,7,CONTINUE,2.580339e-03,8.504363e-04,1.000000e-09,2.580339e-04,2.244882e-14,1.981422e-03,6.733976e-01,3.632540e+00,1.792398e-05,1.723014e+00,1.137276e-01,6.774813e+00,1.886873e-03,2.144647e+04,REACHED_FORCE,REACHED_FORCE,REACHED_FORCE,3,0,0,2,0,0,2,0,0,3.318824e-05,NaN,8.190062e-05,NaN,3.094519e-05,NaN,6.805798e-04,4.232514e-04,1.042158e-03,solution good enough for the tolerances given,solution good enough for the tolerances given,solution good enough for the tolerances given,8.324547e-05,1.261428e-04,2.069644e-04,1.172533e-14,3.318824e-05,2.655682e-14,8.190062e-05,1.069445e-14,3.094519e-05,3.318824e-05,8.190062e-05,3.094519e-05,1.942598e-02,4.633033e+01,4.075859e-03,6.334031e-03,4.353367e+01,3.500000e-01,false
5,3.162000e+01,0,5,CONTINUE,2.580339e-03,8.510338e-04,1.000000e-09,2.580339e-04,2.244882e-14,1.981086e-03,6.735695e-01,3.631972e+00,1.793360e-05,1.721958e+00,1.266438e-01,6.765485e+00,1.886873e-03,2.144647e+04,REACHED_FORCE,REACHED_FORCE,REACHED_FORCE,2,0,0,1,0,0,2,0,0,2.444263e-05,NaN,4.247295e-05,NaN,1.691981e-05,NaN,3.620624e-04,2.079341e-04,3.719801e-04,solution good enough for the tolerances given,solution good enough for the tolerances given,solution good enough for the tolerances given,8.094714e-05,2.079341e-04,1.250109e-04,1.614321e-14,2.444263e-05,4.699966e-14,4.247295e-05,1.978852e-14,1.691981e-05,2.444263e-05,4.247295e-05,1.691981e-05,1.092457e-02,2.607574e+01,4.075859e-03,6.334031e-03,4.353367e+01,3.500000e-01,false
5,1.000000e+02,0,3,CONTINUE,2.580339e-03,8.507248e-04,1.000000e-09,2.580339e-04,2.244882e-14,1.981086e-03,6.737028e-01,3.631844e+00,1.796033e-05,1.721672e+00,1.305040e-01,6.762740e+00,1.886873e-03,2.144647e+04,REACHED_FORCE,REACHED_FORCE,REACHED_FORCE,1,0,0,1,0,0,1,0,0,3.941223e-05,NaN,5.241701e-05,NaN,2.339159e-05,NaN,1.583750e-04,9.056799e-05,1.557708e-04,solution good enough for the tolerances given,solution good enough for the tolerances given,solution good enough for the tolerances given,1.583750e-04,9.056799e-05,1.557708e-04,7.455238e-14,3.941223e-05,1.903264e-13,5.241701e-05,7.936860e-14,2.339159e-05,3.941223e-05,5.241701e-05,2.339159e-05,6.143078e-03,1.469656e+01,4.075859e-03,6.334031e-03,4.353367e+01,3.500000e-01,true
5,3.162000e+02,0,3,CONTINUE,2.580339e-03,8.492045e-04,1.000000e-09,2.580339e-04,2.244882e-14,1.981086e-03,6.749949e-01,3.627822e+00,1.798662e-05,1.714134e+00,1.662794e-01,6.738198e+00,1.886873e-03,2.144647e+04,REACHED_FORCE,REACHED_FORCE,REACHED_FORCE,1,0,0,1,0,0,1,0,0,1.721178e-05,NaN,3.062373e-05,NaN,1.341413e-05,NaN,6.672358e-05,3.190659e-05,8.117976e-05,solution good enough for the tolerances given,solution good enough for the tolerances given,solution good enough for the tolerances given,6.672358e-05,3.190659e-05,8.117976e-05,2.667225e-13,1.721178e-05,6.536721e-13,3.062373e-05,3.037017e-13,1.341413e-05,1.721178e-05,3.062373e-05,1.341413e-05,3.454660e-03,8.316887e+00,4.075859e-03,6.334031e-03,4.353367e+01,3.500000e-01,false
5,1.000000e+03,0,3,CONTINUE,2.580339e-03,8.468729e-04,1.000000e-09,2.580339e-04,2.244882e-14,1.981086e-03,6.771010e-01,3.621736e+00,1.802801e-05,1.702485e+00,2.169509e-01,6.703237e+00,1.886873e-03,2.144647e+04,REACHED_FORCE,REACHED_FORCE,REACHED_FORCE,1,0,0,1,0,0,1,0,0,9.198425e-06,NaN,1.621691e-05,NaN,6.672861e-06,NaN,2.835235e-05,9.206164e-06,4.013803e-05,solution good enough for the tolerances given,solution good enough for the tolerances given,solution good enough for the tolerances given,2.835235e-05,9.206164e-06,4.013803e-05,6.981914e-13,9.198425e-06,1.887316e-12,1.621691e-05,7.188616e-13,6.672861e-06,9.198425e-06,1.621691e-05,6.672861e-06,1.942613e-03,4.753046e+00,4.075859e-03,6.334031e-03,4.353367e+01,3.500000e-01,false
5,3.162000e+03,0,3,CONTINUE,2.580339e-03,8.449378e-04,1.000000e-09,2.580339e-04,2.244882e-14,1.981086e-03,6.789229e-01,3.616682e+00,1.806206e-05,1.692701e+00,2.564254e-01,6.675893e+00,1.886873e-03,2.144647e+04,REACHED_FORCE,REACHED_FORCE,REACHED_FORCE,1,0,0,1,0,0,1,0,0,3.747286e-06,NaN,6.774610e-06,NaN,2.655799e-06,NaN,1.075672e-05,3.885664e-06,1.605608e-05,solution good enough for the tolerances given,solution good enough for the tolerances given,solution good enough for the tolerances given,1.075672e-05,3.885664e-06,1.605608e-05,3.387426e-12,3.747286e-06,7.376799e-12,6.774610e-06,2.933761e-12,2.655799e-06,3.747286e-06,6.774610e-06,2.655799e-06,1.092460e-03,2.904199e+00,4.075859e-03,6.334031e-03,4.353367e+01,3.500000e-01,false
5,1.000000e+04,0,3,CONTINUE,2.580339e-03,8.439825e-04,1.000000e-09,2.580339e-04,2.244882e-14,1.981086e-03,6.798397e-01,3.614184e+00,1.807877e-05,1.687845e+00,2.752757e-01,6.662792e+00,1.886873e-03,2.144647e+04,REACHED_FORCE,REACHED_FORCE,REACHED_FORCE,1,0,0,1,0,0,1,0,0,1.304595e-06,NaN,2.393278e-06,NaN,9.179614e-07,NaN,3.667512e-06,1.568820e-06,5.563994e-06,solution good enough for the tolerances given,solution good enough for the tolerances given,solution good enough for the tolerances given,3.667512e-06,1.568820e-06,5.563994e-06,1.579103e-11,1.304595e-06,4.031095e-11,2.393278e-06,1.655694e-11,9.179614e-07,1.304595e-06,2.393278e-06,9.179614e-07,6.143083e-04,2.550712e+00,4.075859e-03,6.334031e-03,4.353367e+01,3.500000e-01,false
5,3.162000e+04,0,3,CONTINUE,2.580339e-03,8.436257e-04,1.000000e-09,2.580339e-04,2.244882e-14,1.981086e-03,6.801845e-01,3.613250e+00,1.808500e-05,1.686029e+00,2.822245e-01,6.657955e+00,1.886873e-03,2.144647e+04,REACHED_FORCE,REACHED_FORCE,REACHED_FORCE,1,0,0,1,0,0,1,0,0,4.262265e-07,NaN,7.862829e-07,NaN,2.992373e-07,NaN,1.190632e-06,5.437419e-07,1.815425e-06,solution good enough for the tolerances given,solution good enough for the tolerances given,solution good enough for the tolerances given,1.190632e-06,5.437419e-07,1.815425e-06,3.155889e-11,4.262265e-07,7.678545e-11,7.862829e-07,3.133719e-11,2.992373e-07,4.262265e-07,7.862829e-07,2.992373e-07,3.454661e-04,2.513950e+00,4.075859e-03,6.334031e-03,4.353367e+01,3.500000e-01,false
5,1.000000e+05,0,3,CONTINUE,2.580339e-03,8.435063e-04,1.000000e-09,2.580339e-04,2.244882e-14,1.981086e-03,6.803002e-01,3.612938e+00,1.808707e-05,1.685421e+00,2.845385e-01,6.656343e+00,1.886873e-03,2.144647e+04,REACHED_FORCE,REACHED_FORCE,REACHED_FORCE,1,0,0,1,0,0,1,0,0,1.361979e-07,NaN,2.517221e-07,NaN,9.555200e-08,NaN,3.797061e-07,1.772044e-07,5.798742e-07,solution good enough for the tolerances given,solution good enough for the tolerances given,solution good enough for the tolerances given,3.797061e-07,1.772044e-07,5.798742e-07,5.130057e-11,1.361979e-07,1.459147e-10,2.517221e-07,6.498210e-11,9.555200e-08,1.361979e-07,2.517221e-07,9.555200e-08,1.942613e-04,2.495315e+00,4.075859e-03,6.334031e-03,4.353367e+01,3.500000e-01,false
5,3.162000e+05,0,3,CONTINUE,2.580339e-03,8.434683e-04,1.000000e-09,2.580339e-04,2.244882e-14,1.981086e-03,6.803372e-01,3.612837e+00,1.808792e-05,1.685225e+00,2.852824e-01,6.655825e+00,1.886873e-03,2.144647e+04,REACHED_FORCE,REACHED_FORCE,REACHED_FORCE,1,0,0,1,0,0,1,0,0,4.321785e-08,NaN,7.992378e-08,NaN,3.031350e-08,NaN,1.204120e-07,5.658641e-08,1.839807e-07,solution good enough for the tolerances given,solution good enough for the tolerances given,solution good enough for the tolerances given,1.204120e-07,5.658641e-08,1.839807e-07,3.746649e-10,4.321785e-08,9.345292e-10,7.992378e-08,3.802172e-10,3.031350e-08,4.321785e-08,7.992378e-08,3.031350e-08,1.092460e-04,2.488232e+00,4.075859e-03,6.334031e-03,4.353367e+01,3.500000e-01,false
5,1.000000e+06,0,3,CONTINUE,2.580339e-03,8.434557e-04,1.000000e-09,2.580339e-04,2.244882e-14,1.981086e-03,6.803492e-01,3.612805e+00,1.808799e-05,1.685162e+00,2.855189e-01,6.655660e+00,1.886873e-03,2.144647e+04,REACHED_FORCE,REACHED_FORCE,REACHED_FORCE,1,0,0,1,0,0,1,0,0,1.368000e-08,NaN,2.530360e-08,NaN,9.594637e-09,NaN,3.810721e-08,1.794765e-08,5.823418e-08,solution good enough for the tolerances given,solution good enough for the tolerances given,solution good enough for the tolerances given,3.810721e-08,1.794765e-08,5.823418e-08,1.009385e-09,1.368000e-08,2.622763e-09,2.530360e-08,1.113251e-09,9.594637e-09,1.368000e-08,2.530360e-08,9.594637e-09,6.143085e-05,2.485846e+00,4.075859e-03,6.334031e-03,4.353367e+01,3.500000e-01,false
5,3.162000e+06,0,3,CONTINUE,2.580339e-03,8.434503e-04,1.000000e-09,2.580339e-04,2.244882e-14,1.981086e-03,6.803537e-01,3.612796e+00,1.808746e-05,1.685142e+00,2.855937e-01,6.655608e+00,1.886873e-03,2.144647e+04,REACHED_FORCE,REACHED_FORCE,REACHED_FORCE,1,0,0,1,0,0,1,0,0,4.327829e-09,NaN,8.249310e-09,NaN,3.509025e-09,NaN,1.205492e-08,5.681545e-09,1.842284e-08,solution good enough for the tolerances given,solution good enough for the tolerances given,solution good enough for the tolerances given,1.205492e-08,5.681545e-09,1.842284e-08,3.088849e-09,4.327829e-09,8.249310e-09,8.005573e-09,3.509025e-09,3.035309e-09,4.327829e-09,8.249310e-09,3.509025e-09,3.454659e-05,2.485076e+00,4.075859e-03,6.334031e-03,4.353367e+01,3.500000e-01,false
5,1.000000e+07,0,3,CONTINUE,2.580339e-03,8.434359e-04,1.000000e-09,2.580339e-04,2.244882e-14,1.981086e-03,6.803604e-01,3.612803e+00,1.808241e-05,1.685133e+00,2.856168e-01,6.655590e+00,1.886873e-03,2.144647e+04,REACHED_FORCE,REACHED_FORCE,REACHED_FORCE,1,0,0,1,0,0,1,0,0,1.215013e-08,NaN,3.238697e-08,NaN,1.384040e-08,NaN,3.812097e-09,1.797053e-09,5.825892e-09,solution good enough for the tolerances given,solution good enough for the tolerances given,solution good enough for the tolerances given,3.812097e-09,1.797053e-09,5.825892e-09,1.215013e-08,1.368604e-09,3.238697e-08,2.531673e-09,1.384040e-08,9.598590e-10,1.215013e-08,3.238697e-08,1.384040e-08,1.942610e-05,2.484831e+00,4.075859e-03,6.334031e-03,4.353367e+01,3.500000e-01,false
5,3.162000e+07,0,3,CONTINUE,2.580339e-03,8.434475e-04,1.000000e-09,2.580339e-04,2.244882e-14,1.981086e-03,6.803557e-01,3.612789e+00,1.808677e-05,1.685130e+00,2.856252e-01,6.655586e+00,1.886873e-03,2.144647e+04,REACHED_FORCE,REACHED_FORCE,REACHED_FORCE,1,0,0,1,0,0,1,0,0,3.666364e-08,NaN,9.149371e-08,NaN,3.820188e-08,NaN,1.205633e-09,5.684167e-10,1.842526e-09,solution good enough for the tolerances given,solution good enough for the tolerances given,solution good enough for the tolerances given,1.205633e-09,5.684167e-10,1.842526e-09,3.666364e-08,4.328425e-10,9.149371e-08,8.006918e-10,3.820188e-08,3.035696e-10,3.666364e-08,9.149371e-08,3.820188e-08,1.092449e-05,2.484753e+00,4.075859e-03,6.334031e-03,4.353367e+01,3.500000e-01,false
5,1.000000e+08,0,3,CONTINUE,2.580339e-03,8.433552e-04,1.000000e-09,2.580339e-04,2.244882e-14,1.981086e-03,6.803947e-01,3.612855e+00,1.805080e-05,1.685103e+00,2.856236e-01,6.655576e+00,1.886873e-03,2.144647e+04,REACHED_FORCE,REACHED_FORCE,REACHED_FORCE,1,0,0,1,0,0,1,0,0,8.478531e-08,NaN,2.489962e-07,NaN,1.058835e-07,NaN,3.812280e-10,1.797483e-10,5.826053e-10,solution good enough for the tolerances given,solution good enough for the tolerances given,solution good enough for the tolerances given,3.812280e-10,1.797483e-10,5.826053e-10,8.478531e-08,1.368649e-10,2.489962e-07,2.531771e-10,1.058835e-07,9.598841e-11,8.478531e-08,2.489962e-07,1.058835e-07,6.143094e-06,2.484728e+00,4.075859e-03,6.334031e-03,4.353367e+01,3.500000e-01,false
5,3.162000e+08,0,3,CONTINUE,2.580339e-03,8.429283e-04,1.000000e-09,2.580339e-04,2.244882e-14,1.981086e-03,6.805761e-01,3.613217e+00,1.788938e-05,1.685031e+00,2.856000e-01,6.655540e+00,1.886873e-03,2.144647e+04,REACHED_FORCE,REACHED_FORCE,REACHED_FORCE,1,0,0,1,0,0,1,0,0,3.916116e-07,NaN,9.989011e-07,NaN,4.279229e-07,NaN,1.205691e-10,5.681404e-11,1.842488e-10,solution good enough for the tolerances given,solution good enough for the tolerances given,solution good enough for the tolerances given,1.205691e-10,5.681404e-11,1.842488e-10,3.916116e-07,4.328465e-11,9.989011e-07,8.005843e-11,4.279229e-07,3.035635e-11,3.916116e-07,9.989011e-07,4.279229e-07,3.454571e-06,2.484721e+00,4.075859e-03,6.334031e-03,4.353367e+01,3.500000e-01,false
5,1.000000e+09,0,3,CONTINUE,2.580339e-03,8.430559e-04,1.000000e-09,2.580339e-04,2.244882e-14,1.981087e-03,6.805209e-01,3.613016e+00,1.794732e-05,1.684960e+00,2.856083e-01,6.655550e+00,1.886873e-03,2.144647e+04,REACHED_FORCE,REACHED_FORCE,REACHED_FORCE,1,0,0,1,0,0,1,0,0,7.376054e-07,NaN,1.804917e-06,NaN,7.667528e-07,NaN,3.812611e-11,1.798316e-11,5.825696e-11,solution good enough for the tolerances given,solution good enough for the tolerances given,solution good enough for the tolerances given,3.812611e-11,1.798316e-11,5.825696e-11,7.376054e-07,1.368623e-11,1.804917e-06,2.531588e-11,7.667528e-07,9.598262e-12,7.376054e-07,1.804917e-06,7.667528e-07,1.942666e-06,2.484718e+00,4.075859e-03,6.334031e-03,4.353367e+01,3.500000e-01,false
5,3.162000e+09,0,3,CONTINUE,2.580339e-03,8.490870e-04,1.000000e-09,2.580339e-04,2.244882e-14,1.981090e-03,6.779550e-01,3.607664e+00,2.025641e-05,1.685729e+00,2.859792e-01,6.656026e+00,1.886873e-03,2.144647e+04,REACHED_FORCE,REACHED_FORCE,REACHED_FORCE,1,0,0,1,0,0,1,0,0,5.032292e-06,NaN,1.200877e-05,NaN,5.005589e-06,NaN,1.206049e-11,5.750814e-12,1.842569e-11,solution good enough for the tolerances given,solution good enough for the tolerances given,solution good enough for the tolerances given,1.206049e-11,5.750814e-12,1.842569e-11,5.032292e-06,4.328616e-12,1.200877e-05,8.021952e-12,5.005589e-06,3.035754e-12,5.032292e-06,1.200877e-05,5.005589e-06,1.092234e-06,2.484717e+00,4.075859e-03,6.334031e-03,4.353367e+01,3.500000e-01,false
5,1.000000e+10,0,3,CONTINUE,2.580339e-03,8.422212e-04,1.000000e-09,2.580339e-04,2.244882e-14,1.981099e-03,6.808609e-01,3.613363e+00,1.757055e-05,1.684488e+00,2.857707e-01,6.655342e+00,1.886873e-03,2.144647e+04,REACHED_FORCE,REACHED_FORCE,REACHED_FORCE,1,0,0,1,0,0,1,0,0,6.976521e-06,NaN,1.687598e-05,NaN,7.455924e-06,NaN,3.816121e-12,1.813246e-12,5.826082e-12,solution good enough for the tolerances given,solution good enough for the tolerances given,solution good enough for the tolerances given,3.816121e-12,1.813246e-12,5.826082e-12,6.976521e-06,1.369061e-12,1.687598e-05,2.533852e-12,7.455924e-06,9.598637e-13,6.976521e-06,1.687598e-05,7.455924e-06,6.155221e-07,2.484717e+00,4.075859e-03,6.334031e-03,4.353367e+01,3.500000e-01,false
5,3.162000e+10,0,3,CONTINUE,2.580339e-03,8.546673e-04,1.000000e-09,2.580339e-04,2.244882e-14,1.981148e-03,6.755504e-01,3.602019e+00,2.206203e-05,1.685892e+00,2.865497e-01,6.656317e+00,1.886873e-03,2.144647e+04,REACHED_FORCE,REACHED_FORCE,REACHED_FORCE,1,0,0,1,0,0,1,0,0,1.629368e-05,NaN,3.950750e-05,NaN,1.546717e-05,NaN,1.211490e-12,5.943860e-13,1.837774e-12,solution good enough for the tolerances given,solution good enough for the tolerances given,solution good enough for the tolerances given,1.211490e-12,5.943860e-13,1.837774e-12,1.629368e-05,4.328293e-13,3.950750e-05,8.039268e-13,1.546717e-05,3.027517e-13,1.629368e-05,3.950750e-05,1.546717e-05,3.431410e-07,2.484717e+00,4.075859e-03,6.334031e-03,4.353367e+01,3.500000e-01,false
5,1.000000e+11,0,4,CONTINUE,2.580339e-03,8.497940e-04,1.000000e-09,2.580339e-04,2.244882e-14,1.981221e-03,6.777321e-01,3.578830e+00,2.801209e-05,1.656710e+00,2.810944e-01,6.659410e+00,1.886873e-03,2.144647e+04,REACHED_FORCE,REACHED_FORCE,REACHED_FORCE,1,0,0,1,1,1,1,0,0,1.018381e-04,NaN,2.612460e-04,1.297100e-06,1.155170e-04,NaN,3.852785e-13,1.754601e-13,5.765630e-13,solution good enough for the tolerances given,solution good enough for the tolerances given,solution good enough for the tolerances given,3.852785e-13,1.754601e-13,5.765630e-13,1.018381e-04,1.361193e-13,2.612460e-04,2.456228e-13,1.155170e-04,9.506153e-14,1.018381e-04,1.297100e-06,1.155170e-04,1.961364e-07,2.484717e+00,4.075859e-03,6.334031e-03,4.353367e+01,3.500000e-01,false
5,3.162000e+11,0,4,CONTINUE,2.580339e-03,8.428970e-04,1.000000e-09,2.580339e-04,2.244882e-14,1.981435e-03,6.805555e-01,3.583324e+00,7.348544e-06,1.659295e+00,2.717480e-01,6.665004e+00,1.886873e-03,2.144647e+04,REACHED_FORCE,REACHED_FORCE,REACHED_FORCE,1,0,0,1,1,1,1,0,0,1.867336e-04,NaN,3.692442e-04,3.830052e-05,1.517762e-04,NaN,1.239614e-13,3.470792e-14,1.808644e-13,solution good enough for the tolerances given,solution good enough for the tolerances given,solution good enough for the tolerances given,1.239614e-13,3.470792e-14,1.808644e-13,1.867336e-04,4.202880e-14,3.692442e-04,7.095667e-14,1.517762e-04,2.971896e-14,1.867336e-04,3.830052e-05,1.517762e-04,1.150143e-07,2.484717e+00,4.075859e-03,6.334031e-03,4.353367e+01,3.500000e-01,false
5,1.000000e+12,0,6,CONTINUE,2.580339e-03,8.430529e-04,1.000000e-09,2.580339e-04,2.244882e-14,1.982318e-03,6.808177e-01,3.629511e+00,1.775377e-05,1.701298e+00,2.833625e-01,6.657011e+00,1.886873e-03,2.144647e+04,REACHED_FORCE,REACHED_FORCE,REACHED_FORCE,1,1,1,1,1,1,1,1,1,3.360148e-04,2.430010e-05,2.608051e-04,2.762510e-05,6.454627e-04,8.370110e-05,4.180354e-14,1.781331e-14,5.120723e-14,solution good enough for the tolerances given,solution good enough for the tolerances given,solution good enough for the tolerances given,4.180354e-14,1.781331e-14,5.120723e-14,3.360148e-04,6.436797e-15,2.608051e-04,5.411742e-15,6.454627e-04,8.367633e-15,2.430010e-05,2.762510e-05,8.370110e-05,6.721974e-08,2.484717e+00,4.075859e-03,6.334031e-03,4.353367e+01,3.500000e-01,false
5,3.162000e+12,0,6,CONTINUE,2.580339e-03,8.463338e-04,1.000000e-09,2.580339e-04,2.244882e-14,1.984921e-03,6.787418e-01,3.568628e+00,2.110721e-05,1.647732e+00,2.830164e-01,6.657810e+00,1.886873e-03,2.144647e+04,REACHED_FORCE,REACHED_FORCE,REACHED_FORCE,1,1,1,1,1,1,1,1,1,1.234487e-03,9.756186e-05,1.093475e-03,1.177083e-04,3.715644e-03,1.441011e-04,1.591092e-14,1.072058e-14,1.439135e-14,solution good enough for the tolerances given,solution good enough for the tolerances given,solution good enough for the tolerances given,1.591092e-14,1.072058e-14,1.439135e-14,1.234487e-03,2.674013e-15,1.093475e-03,3.247453e-15,3.715644e-03,2.348809e-15,9.756186e-05,1.177083e-04,1.441011e-04,6.025209e-08,2.484717e+00,4.075859e-03,6.334031e-03,4.353367e+01,3.500000e-01,false
5,1.000000e+13,1,8,CONTINUE,2.580339e-03,2.548652e-03,1.000000e-09,2.580339e-04,2.244882e-14,6.693563e-05,1.334654e-03,1.995728e+00,7.355419e-04,7.979199e-02,1.427633e+02,7.036971e+00,1.886873e-03,2.144647e+04,REFINE_STALLED,REFINE_STALLED,REFINE_STALLED,1,2,2,1,1,1,1,2,2,3.613556e+01,1.048621e+01,3.628618e+01,2.483142e+01,4.051091e+03,1.234463e+02,9.096028e-12,1.589734e-11,2.328026e-10,solution good enough for the tolerances given,solution good enough for the tolerances given,solution good enough for the tolerances given,9.096028e-12,1.589734e-11,2.328026e-10,3.613556e+01,1.344244e-12,3.628618e+01,2.117129e-12,4.051091e+03,4.047611e-11,5.325703e+00,2.483142e+01,9.163128e+01,4.459721e-05,2.484717e+00,4.075859e-03,6.334031e-03,4.353367e+01,3.500000e-01,false
5,3.162000e+13,1,9,CONTINUE,2.580339e-03,2.739519e-03,1.000000e-09,2.580339e-04,2.244882e-14,2.562170e-05,2.745441e-03,1.995893e+00,7.362789e-04,1.337239e-02,2.046299e+02,7.403310e+00,1.886873e-03,2.144647e+04,REFINE_STALLED,REFINE_STALLED,REFINE_STALLED,1,2,2,1,2,2,1,2,2,1.152964e+02,8.009025e+00,1.064009e+02,3.468332e+01,1.268961e+04,2.272978e+02,6.437453e-12,1.039164e-11,2.321714e-10,solution good enough for the tolerances given,solution good enough for the tolerances given,solution good enough for the tolerances given,6.437453e-12,1.039164e-11,2.321714e-10,1.152964e+02,8.604420e-13,1.064009e+02,1.449908e-12,1.268961e+04,4.173576e-11,6.268645e+00,3.338344e+01,1.768059e+02,4.417152e-05,2.484717e+00,4.075859e-03,6.334031e-03,4.353367e+01,3.500000e-01,false
5,1.000000e+14,1,9,CONTINUE,2.580339e-03,2.712006e-03,1.000000e-09,2.580339e-04,2.244882e-14,8.743894e-06,1.877283e-03,1.995955e+00,7.359104e-04,2.383774e-02,2.552114e+02,7.317365e+00,1.886873e-03,2.144647e+04,REFINE_STALLED,REFINE_STALLED,REFINE_STALLED,1,2,2,1,2,2,1,2,2,3.603753e+02,8.022647e+00,3.713212e+02,5.311845e+01,3.997093e+04,3.201121e+02,5.452534e-12,7.085314e-12,2.325580e-10,solution good enough for the tolerances given,solution good enough for the tolerances given,solution good enough for the tolerances given,5.452534e-12,7.085314e-12,2.325580e-10,3.603753e+02,7.062693e-13,3.713212e+02,9.585124e-13,3.997093e+04,4.230254e-11,7.752154e+00,4.919505e+01,2.913832e+02,4.402363e-05,2.484717e+00,4.075859e-03,6.334031e-03,4.353367e+01,3.500000e-01,false
5,3.162000e+14,1,9,CONTINUE,2.580339e-03,2.678541e-03,1.000000e-09,2.580339e-04,2.244882e-14,2.839194e-06,1.269807e-03,1.995941e+00,7.355646e-04,2.683938e-02,2.869845e+02,7.201941e+00,1.886873e-03,2.144647e+04,REFINE_STALLED,REFINE_STALLED,REFINE_STALLED,1,2,2,1,2,2,1,2,2,1.132943e+03,9.716963e+00,1.159955e+03,7.814908e+01,1.262073e+05,3.640080e+02,5.124300e-12,5.697790e-12,2.327966e-10,solution good enough for the tolerances given,solution good enough for the tolerances given,solution good enough for the tolerances given,5.124300e-12,5.697790e-12,2.327966e-10,1.132943e+03,6.566023e-13,1.159955e+03,7.479076e-13,1.262073e+05,4.250604e-11,9.842701e+00,7.625914e+01,3.526732e+02,4.397521e-05,2.484717e+00,4.075859e-03,6.334031e-03,4.353367e+01,3.500000e-01,false
5,1.000000e+15,1,9,CONTINUE,2.580339e-03,2.663453e-03,1.000000e-09,2.580339e-04,2.244882e-14,9.055146e-07,1.036644e-03,1.995933e+00,7.354334e-04,2.744764e-02,3.008233e+02,7.149635e+00,1.886873e-03,2.144647e+04,REFINE_STALLED,REFINE_STALLED,REFINE_STALLED,1,2,2,1,2,2,1,2,2,3.575680e+03,1.036379e+01,3.609886e+03,8.958846e+01,3.989487e+05,3.800992e+02,5.018813e-12,5.206573e-12,2.328869e-10,solution good enough for the tolerances given,solution good enough for the tolerances given,solution good enough for the tolerances given,5.018813e-12,5.206573e-12,2.328869e-10,3.575680e+03,6.407238e-13,3.609886e+03,6.710901e-13,3.989487e+05,4.257305e-11,1.068676e+01,8.914242e+01,3.762379e+02,4.395971e-05,2.484717e+00,4.075859e-03,6.334031e-03,4.353367e+01,3.500000e-01,false
5,3.162000e+15,1,9,CONTINUE,2.580339e-03,2.659185e-03,1.000000e-09,2.580339e-04,2.244882e-14,2.871624e-07,9.718072e-04,1.995930e+00,7.353970e-04,2.759682e-02,3.057260e+02,7.134946e+00,1.886873e-03,2.144647e+04,REFINE_STALLED,REFINE_STALLED,REFINE_STALLED,1,2,2,1,2,2,1,2,2,1.129875e+04,1.058052e+01,1.133555e+04,9.367977e+01,1.261285e+06,3.854428e+02,4.985295e-12,5.045334e-12,2.329172e-10,solution good enough for the tolerances given,solution good enough for the tolerances given,solution good enough for the tolerances given,4.985295e-12,5.045334e-12,2.329172e-10,1.129875e+04,6.356062e-13,1.133555e+04,6.454199e-13,1.261285e+06,4.259468e-11,1.097545e+01,9.381632e+01,3.841921e+02,4.395479e-05,2.484717e+00,4.075859e-03,6.334031e-03,4.353367e+01,3.500000e-01,false
5,1.000000e+16,1,9,CONTINUE,2.580339e-03,2.657882e-03,1.000000e-09,2.580339e-04,2.244882e-14,9.088015e-08,9.521203e-04,1.995930e+00,7.353859e-04,2.764018e-02,3.073352e+02,7.130472e+00,1.886873e-03,2.144647e+04,REFINE_STALLED,REFINE_STALLED,REFINE_STALLED,1,2,2,1,2,2,1,2,2,3.572549e+04,1.065239e+01,3.576307e+04,9.502733e+01,3.988690e+06,3.871602e+02,4.974679e-12,4.993736e-12,2.329269e-10,solution good enough for the tolerances given,solution good enough for the tolerances given,solution good enough for the tolerances given,4.974679e-12,4.993736e-12,2.329269e-10,3.572549e+04,6.341790e-13,3.576307e+04,6.371578e-13,3.988690e+06,4.260140e-11,1.106901e+01,9.536145e+01,3.867615e+02,4.395323e-05,2.484717e+00,4.075859e-03,6.334031e-03,4.353367e+01,3.500000e-01,false
5,3.162000e+16,1,9,CONTINUE,2.580339e-03,2.657472e-03,1.000000e-09,2.580339e-04,2.244882e-14,2.874928e-08,9.459479e-04,1.995930e+00,7.353824e-04,2.765347e-02,3.078509e+02,7.129067e+00,1.886873e-03,2.144647e+04,REFINE_STALLED,REFINE_STALLED,REFINE_STALLED,1,2,2,1,2,2,1,2,2,1.129556e+05,1.067393e+01,1.129940e+05,9.546429e+01,1.261205e+07,3.877064e+02,4.971321e-12,4.977352e-12,2.329300e-10,solution good enough for the tolerances given,solution good enough for the tolerances given,solution good enough for the tolerances given,4.971321e-12,4.977352e-12,2.329300e-10,1.129556e+05,6.338645e-13,1.129940e+05,6.353993e-13,1.261205e+07,4.260361e-11,1.109904e+01,9.585845e+01,3.875791e+02,4.395275e-05,2.484717e+00,4.075859e-03,6.334031e-03,4.353367e+01,3.500000e-01,false
5,1.000000e+17,1,9,CONTINUE,2.580339e-03,2.657345e-03,1.000000e-09,2.580339e-04,2.244882e-14,9.091312e-09,9.440255e-04,1.995929e+00,7.353814e-04,2.765780e-02,3.080125e+02,7.128629e+00,1.886873e-03,2.144647e+04,REFINE_STALLED,REFINE_STALLED,REFINE_STALLED,1,2,2,1,2,2,1,2,2,3.572224e+05,1.071458e+01,3.572612e+05,9.563895e+01,3.988611e+07,3.878805e+02,4.970262e-12,4.972171e-12,2.329309e-10,solution good enough for the tolerances given,solution good enough for the tolerances given,solution good enough for the tolerances given,4.970262e-12,4.972171e-12,2.329309e-10,3.572224e+05,6.331060e-13,3.572612e+05,6.340352e-13,3.988611e+07,4.260420e-11,1.110853e+01,9.601490e+01,3.878376e+02,4.395257e-05,2.484717e+00,4.075859e-03,6.334031e-03,4.353367e+01,3.500000e-01,false
5,3.162000e+17,1,9,CONTINUE,2.580339e-03,2.657306e-03,1.000000e-09,2.580339e-04,2.244882e-14,2.875258e-09,9.434155e-04,1.995929e+00,7.353810e-04,2.765911e-02,3.080613e+02,7.128487e+00,1.886873e-03,2.144647e+04,REFINE_STALLED,REFINE_STALLED,REFINE_STALLED,1,2,2,1,2,2,1,2,2,1.129530e+06,1.100773e+01,1.129567e+06,9.597338e+01,1.261196e+08,3.879393e+02,4.969927e-12,4.970529e-12,2.329312e-10,solution good enough for the tolerances given,solution good enough for the tolerances given,solution good enough for the tolerances given,4.969927e-12,4.970529e-12,2.329312e-10,1.129530e+06,6.293845e-13,1.129567e+06,6.285481e-13,1.261196e+08,4.260443e-11,1.111191e+01,9.606433e+01,3.879177e+02,4.395254e-05,2.484717e+00,4.075859e-03,6.334031e-03,4.353367e+01,3.500000e-01,false
5,1.000000e+18,1,9,CONTINUE,2.580339e-03,2.657298e-03,1.000000e-09,2.580339e-04,2.244882e-14,9.091644e-10,9.432370e-04,1.995929e+00,7.353809e-04,2.765980e-02,3.080678e+02,7.128439e+00,1.886873e-03,2.144647e+04,REFINE_STALLED,REFINE_STALLED,REFINE_STALLED,1,2,2,1,2,2,1,2,2,3.572181e+06,1.626332e+01,3.572219e+06,9.871408e+01,3.988603e+08,3.879704e+02,4.969821e-12,4.970013e-12,2.329314e-10,solution good enough for the tolerances given,solution good enough for the tolerances given,solution good enough for the tolerances given,4.969821e-12,4.970013e-12,2.329314e-10,3.572181e+06,6.435253e-13,3.572219e+06,6.396631e-13,3.988603e+08,4.260449e-11,1.111412e+01,9.607847e+01,3.879372e+02,4.395252e-05,2.484717e+00,4.075859e-03,6.334031e-03,4.353367e+01,3.500000e-01,false
6,1.000000e+00,1,81,CONTINUE,8.507248e-04,8.467946e-04,1.000000e-09,8.507248e-05,2.228290e-14,4.096571e-03,2.805027e-03,3.631844e-02,5.605583e-05,9.062865e+02,1.150919e+02,6.444726e+00,1.047260e-05,5.832951e+04,REFINE_STALLED,REFINE_STALLED,REACHED_FORCE,15,19,1,21,21,1,5,0,0,3.096351e-03,6.723746e-03,5.272925e-02,1.160316e-01,4.938495e-05,NaN,1.630042e-03,1.894614e-01,5.361237e-04,solution good enough for the tolerances given,solution good enough for the tolerances given,solution good enough for the tolerances given,1.812420e-03,3.267371e-08,3.450462e-04,5.986423e-14,3.096351e-03,1.014568e-12,5.272925e-02,9.549837e-16,4.938495e-05,6.723746e-03,1.160316e-01,4.938495e-05,4.576591e-03,2.415201e+02,7.195631e-04,1.135803e-03,1.157368e+02,3.000000e-01,false
6,3.162000e+00,1,69,CONTINUE,8.507248e-04,8.462489e-04,1.000000e-09,8.507248e-05,2.228290e-14,2.828979e-03,6.174185e-03,3.631844e-02,6.083018e-05,4.117478e+02,6.751245e+01,6.354200e+00,1.047260e-05,5.832951e+04,REFINE_STALLED,REFINE_STALLED,REACHED_FORCE,10,17,1,20,18,1,4,0,0,3.064352e-03,6.014598e-03,3.287288e-02,6.407208e-02,5.331513e-05,NaN,1.411290e-03,1.110729e-01,3.145740e-04,solution good enough for the tolerances given,solution good enough for the tolerances given,solution good enough for the tolerances given,1.214959e-03,4.941357e-05,2.985432e-04,1.565732e-13,3.064352e-03,1.678908e-12,3.287288e-02,2.720437e-15,5.331513e-05,6.014598e-03,6.407208e-02,5.331513e-05,2.573720e-03,1.358281e+02,7.195631e-04,1.135803e-03,1.157368e+02,3.000000e-01,false
6,1.000000e+01,1,45,CONTINUE,8.507248e-04,4.134998e-04,1.000000e-09,8.507248e-05,2.228290e-14,2.042535e-03,4.983901e-01,9.805859e-02,4.942500e-05,5.014102e+00,7.084799e+00,3.348332e+00,1.047260e-05,5.832951e+04,REFINE_STALLED,REFINE_STALLED,REACHED_FORCE,7,10,1,13,11,1,4,0,0,3.243190e-03,3.672432e-03,4.581796e-03,5.132836e-03,8.022968e-05,NaN,1.145695e-03,1.745191e-02,2.344376e-04,solution good enough for the tolerances given,solution good enough for the tolerances given,solution good enough for the tolerances given,7.358146e-04,6.299153e-04,4.306233e-04,4.234403e-13,3.243190e-03,5.832004e-13,4.581796e-03,1.028431e-14,8.022968e-05,3.672432e-03,5.132836e-03,8.022968e-05,1.447246e-03,7.638708e+01,7.195631e-04,1.135803e-03,1.157368e+02,3.000000e-01,false
6,3.162000e+01,0,35,CONTINUE,8.507248e-04,6.562693e-04,1.000000e-09,8.507248e-05,2.228290e-14,7.182168e-04,3.628245e-01,2.441953e+01,1.702262e-04,4.052388e+01,1.237229e+01,2.284675e+00,1.047260e-05,5.832951e+04,REACHED_FORCE,REACHED_FORCE,REACHED_FORCE,5,8,1,6,12,2,4,0,0,4.853508e-04,6.201195e-05,1.507543e-03,1.664887e-04,2.341254e-05,NaN,8.473158e-04,3.051037e-03,1.799852e-04,solution good enough for the tolerances given,solution good enough for the tolerances given,solution good enough for the tolerances given,3.072838e-04,5.069557e-04,1.579413e-04,1.125116e-12,4.853508e-04,3.353783e-12,1.507543e-03,5.262591e-14,2.341254e-05,6.201195e-05,2.861642e-05,2.341254e-05,8.138818e-04,4.297141e+01,7.195631e-04,1.135803e-03,1.157368e+02,3.000000e-01,false
6,1.000000e+02,0,19,CONTINUE,8.507248e-04,6.767763e-04,1.000000e-09,8.507248e-05,2.228290e-14,7.181982e-04,3.404545e-01,2.380130e+01,1.710917e-04,4.190229e+01,1.273691e+01,2.438474e+00,1.047260e-05,5.832951e+04,REACHED_FORCE,REACHED_FORCE,REACHED_FORCE,4,3,1,4,5,1,3,0,0,2.552896e-04,2.210897e-05,7.639110e-04,3.660903e-05,1.248185e-05,NaN,6.288429e-04,2.127652e-03,1.445050e-04,solution good enough for the tolerances given,solution good enough for the tolerances given,solution good enough for the tolerances given,1.248198e-04,1.625127e-04,6.690623e-05,1.672763e-12,2.552896e-04,5.172968e-12,7.639110e-04,8.345712e-14,1.248185e-05,2.210897e-05,3.660903e-05,1.248185e-05,4.576593e-04,2.418604e+01,7.195631e-04,1.135803e-03,1.157368e+02,3.000000e-01,false
6,3.162000e+02,0,15,CONTINUE,8.507248e-04,6.698411e-04,1.000000e-09,8.507248e-05,2.228290e-14,7.181982e-04,3.492524e-01,2.385680e+01,1.698448e-04,4.095912e+01,1.252408e+01,2.400675e+00,1.047260e-05,5.832951e+04,REACHED_FORCE,REACHED_FORCE,REACHED_FORCE,3,3,1,3,4,1,2,0,0,2.046884e-04,1.574075e-05,6.204541e-04,6.021124e-05,9.754867e-06,NaN,4.971008e-04,1.886277e-03,1.184040e-04,solution good enough for the tolerances given,solution good enough for the tolerances given,solution good enough for the tolerances given,4.856392e-05,1.462207e-04,7.001832e-05,6.572587e-12,2.046884e-04,1.998418e-11,6.204541e-04,3.143866e-13,9.754867e-06,1.574075e-05,6.021124e-05,9.754867e-06,2.573720e-04,1.363717e+01,7.195631e-04,1.135803e-03,1.157368e+02,3.000000e-01,false
6,1.000000e+03,1,11,CONTINUE,8.507248e-04,5.377612e-04,1.000000e-09,8.507248e-05,2.228290e-14,7.181982e-04,3.806068e-01,3.631844e-02,6.448644e-05,6.681283e+00,5.429912e+00,4.700902e+00,1.047260e-05,5.832951e+04,REFINE_STALLED,REFINE_STALLED,REACHED_FORCE,2,2,1,3,3,1,1,0,0,5.400759e-04,6.402714e-04,6.440694e-04,7.652477e-04,1.285002e-05,NaN,3.466770e-04,1.953820e-03,8.306121e-05,solution good enough for the tolerances given,solution good enough for the tolerances given,solution good enough for the tolerances given,5.288773e-05,1.102163e-05,8.306121e-05,2.823310e-11,5.400759e-04,3.372576e-11,6.440694e-04,6.732477e-13,1.285002e-05,6.402714e-04,7.652477e-04,1.285002e-05,1.447246e-04,7.723282e+00,7.195631e-04,1.135803e-03,1.157368e+02,3.000000e-01,false
6,3.162000e+03,0,15,CONTINUE,8.507248e-04,7.064137e-04,1.000000e-09,8.507248e-05,2.228290e-14,7.181982e-04,3.241340e-01,2.336999e+01,1.970601e-04,4.307174e+01,1.353020e+01,2.388988e+00,1.047260e-05,5.832951e+04,REACHED_FORCE,REACHED_FORCE,REACHED_FORCE,2,4,2,2,6,3,1,0,0,1.915616e-04,9.282861e-05,6.433707e-04,3.120402e-04,6.730443e-06,NaN,1.811078e-04,8.853068e-04,4.341242e-05,solution good enough for the tolerances given,solution good enough for the tolerances given,solution good enough for the tolerances given,6.192248e-06,3.934050e-05,4.341242e-05,6.444900e-11,1.915616e-04,2.168333e-10,6.433707e-04,2.265725e-12,6.730443e-06,4.501554e-05,7.338846e-05,6.730443e-06,8.138818e-05,4.422768e+00,7.195631e-04,1.135803e-03,1.157368e+02,3.000000e-01,false
6,1.000000e+04,0,6,CONTINUE,8.507248e-04,7.266686e-04,1.000000e-09,8.507248e-05,2.228290e-14,7.181982e-04,3.014534e-01,2.370591e+01,2.029753e-04,4.710065e+01,1.444316e+01,2.420765e+00,1.047260e-05,5.832951e+04,REACHED_FORCE,REACHED_FORCE,REACHED_FORCE,1,0,0,2,2,1,1,0,0,7.215414e-05,NaN,2.142974e-04,3.535839e-05,2.688636e-06,NaN,7.229894e-05,2.822143e-04,1.733034e-05,solution good enough for the tolerances given,solution good enough for the tolerances given,solution good enough for the tolerances given,7.229894e-05,4.722256e-06,1.733034e-05,2.369813e-10,7.215414e-05,8.329853e-10,2.142974e-04,1.044279e-11,2.688636e-06,7.215414e-05,3.535839e-05,2.688636e-06,4.576592e-05,2.769018e+00,7.195631e-04,1.135803e-03,1.157368e+02,3.000000e-01,false
6,3.162000e+04,0,4,CONTINUE,8.507248e-04,6.796930e-04,1.000000e-09,8.507248e-05,2.228290e-14,7.181982e-04,3.291559e-01,2.491353e+01,1.712682e-04,4.573054e+01,1.341002e+01,2.360152e+00,1.047260e-05,5.832951e+04,REACHED_FORCE,REACHED_FORCE,REACHED_FORCE,1,0,0,2,0,0,1,0,0,2.268710e-05,NaN,5.996908e-05,NaN,9.276325e-07,NaN,2.493967e-05,8.992115e-05,5.978050e-06,solution good enough for the tolerances given,solution good enough for the tolerances given,solution good enough for the tolerances given,2.493967e-05,4.104174e-07,5.978050e-06,4.787444e-10,2.268710e-05,1.527376e-09,5.996908e-05,2.362031e-11,9.276325e-07,2.268710e-05,5.996908e-05,9.276325e-07,2.573718e-05,2.544650e+00,7.195631e-04,1.135803e-03,1.157368e+02,3.000000e-01,false
6,1.000000e+05,0,3,CONTINUE,8.507248e-04,6.690931e-04,1.000000e-09,8.507248e-05,2.228290e-14,7.181982e-04,3.463642e-01,2.444096e+01,1.705389e-04,4.249350e+01,1.278636e+01,2.345377e+00,1.047260e-05,5.832951e+04,REACHED_FORCE,REACHED_FORCE,REACHED_FORCE,1,0,0,1,0,0,1,0,0,7.153775e-06,NaN,1.375632e-05,NaN,3.020083e-07,NaN,8.119092e-06,2.845741e-05,1.946139e-06,solution good enough for the tolerances given,solution good enough for the tolerances given,solution good enough for the tolerances given,8.119092e-06,2.845741e-05,1.946139e-06,1.082928e-09,7.153775e-06,3.336551e-09,1.375632e-05,5.554050e-11,3.020083e-07,7.153775e-06,1.375632e-05,3.020083e-07,1.447243e-05,2.510340e+00,7.195631e-04,1.135803e-03,1.157368e+02,3.000000e-01,true
6,3.162000e+05,0,3,CONTINUE,8.507248e-04,6.659374e-04,1.000000e-09,8.507248e-05,2.228290e-14,7.181982e-04,3.522311e-01,2.433718e+01,1.701242e-04,4.157728e+01,1.258196e+01,2.342361e+00,1.047260e-05,5.832951e+04,REACHED_FORCE,REACHED_FORCE,REACHED_FORCE,1,0,0,1,0,0,1,0,0,2.260209e-06,NaN,4.279290e-06,NaN,9.641515e-08,NaN,2.591944e-06,9.000622e-06,6.212854e-07,solution good enough for the tolerances given,solution good enough for the tolerances given,solution good enough for the tolerances given,2.591944e-06,9.000622e-06,6.212854e-07,7.365984e-09,2.260209e-06,2.251092e-08,4.279290e-06,3.831422e-10,9.641515e-08,2.260209e-06,4.279290e-06,9.641515e-08,8.138859e-06,2.493844e+00,7.195631e-04,1.135803e-03,1.157368e+02,3.000000e-01,false
6,1.000000e+06,0,3,CONTINUE,8.507248e-04,6.649211e-04,1.000000e-09,8.507248e-05,2.228290e-14,7.181982e-04,3.541181e-01,2.430419e+01,1.699879e-04,4.128983e+01,1.251765e+01,2.341392e+00,1.047260e-05,5.832951e+04,REACHED_FORCE,REACHED_FORCE,REACHED_FORCE,1,0,0,1,0,0,1,0,0,7.144496e-07,NaN,1.346010e-06,NaN,3.057794e-08,NaN,8.220269e-07,2.846022e-06,1.970386e-07,solution good enough for the tolerances given,solution good enough for the tolerances given,solution good enough for the tolerances given,8.220269e-07,2.846022e-06,1.970386e-07,1.565430e-08,7.144496e-07,4.764426e-08,1.346010e-06,8.161965e-10,3.057794e-08,7.144496e-07,1.346010e-06,3.057794e-08,4.576774e-06,2.487724e+00,7.195631e-04,1.135803e-03,1.157368e+02,3.000000e-01,false
6,3.162000e+06,0,3,CONTINUE,8.507248e-04,6.645890e-04,1.000000e-09,8.507248e-05,2.228290e-14,7.181982e-04,3.546768e-01,2.429363e+01,1.699151e-04,4.120373e+01,1.249899e+01,2.341018e+00,1.047260e-05,5.832951e+04,REACHED_FORCE,REACHED_FORCE,REACHED_FORCE,1,0,0,1,0,0,1,0,0,2.259256e-07,NaN,4.250376e-07,NaN,9.679626e-09,NaN,2.602169e-07,9.000620e-07,6.237359e-08,solution good enough for the tolerances given,solution good enough for the tolerances given,solution good enough for the tolerances given,2.602169e-07,9.000620e-07,6.237359e-08,7.456835e-08,2.259256e-07,2.267205e-07,4.250376e-07,3.891069e-09,9.679626e-09,2.259256e-07,4.250376e-07,9.679626e-09,2.573549e-06,2.485681e+00,7.195631e-04,1.135803e-03,1.157368e+02,3.000000e-01,false
6,1.000000e+07,0,3,CONTINUE,8.507248e-04,6.644910e-04,1.000000e-09,8.507248e-05,2.228290e-14,7.181982e-04,3.548876e-01,2.429038e+01,1.699159e-04,4.117279e+01,1.249175e+01,2.340953e+00,1.047260e-05,5.832951e+04,REACHED_FORCE,REACHED_FORCE,REACHED_FORCE,1,0,0,1,0,0,1,0,0,1.874031e-07,NaN,5.701380e-07,NaN,9.799491e-09,NaN,8.230526e-08,2.846009e-07,1.972844e-08,solution good enough for the tolerances given,solution good enough for the tolerances given,solution good enough for the tolerances given,8.230526e-08,2.846009e-07,1.972844e-08,1.874031e-07,7.143534e-08,5.701380e-07,1.343159e-07,9.799491e-09,3.061617e-09,1.874031e-07,5.701380e-07,9.799491e-09,1.446945e-06,2.485023e+00,7.195631e-04,1.135803e-03,1.157368e+02,3.000000e-01,false
6,3.162000e+07,0,3,CONTINUE,8.507248e-04,6.644756e-04,1.000000e-09,8.507248e-05,2.228290e-14,7.181982e-04,3.550255e-01,2.428955e+01,1.699670e-04,4.115583e+01,1.248664e+01,2.341046e+00,1.047260e-05,5.832951e+04,REACHED_FORCE,REACHED_FORCE,REACHED_FORCE,1,0,0,1,0,0,1,0,0,4.677630e-07,NaN,1.414760e-06,NaN,2.429492e-08,NaN,2.603196e-08,9.000830e-08,6.239822e-09,solution good enough for the tolerances given,solution good enough for the tolerances given,solution good enough for the tolerances given,2.603196e-08,9.000830e-08,6.239822e-09,4.677630e-07,2.259160e-08,1.414760e-06,4.245900e-08,2.429492e-08,9.683456e-10,4.677630e-07,1.414760e-06,2.429492e-08,8.127751e-07,2.484814e+00,7.195631e-04,1.135803e-03,1.157368e+02,3.000000e-01,false
6,1.000000e+08,0,3,CONTINUE,8.507248e-04,6.646602e-04,1.000000e-09,8.507248e-05,2.228290e-14,7.181982e-04,3.559076e-01,2.429164e+01,1.705761e-04,4.107175e+01,1.245191e+01,2.342401e+00,1.047260e-05,5.832951e+04,REACHED_FORCE,REACHED_FORCE,REACHED_FORCE,1,0,0,1,0,0,1,0,0,2.427216e-06,NaN,7.467504e-06,NaN,1.267431e-07,NaN,8.231555e-09,2.846621e-08,1.973079e-09,solution good enough for the tolerances given,solution good enough for the tolerances given,solution good enough for the tolerances given,8.231555e-09,2.846621e-08,1.973079e-09,2.427216e-06,7.143357e-09,7.467504e-06,1.338274e-08,1.267431e-07,3.061982e-10,2.427216e-06,7.467504e-06,1.267431e-07,4.559236e-07,2.484748e+00,7.195631e-04,1.135803e-03,1.157368e+02,3.000000e-01,false
6,3.162000e+08,0,3,CONTINUE,8.507248e-04,6.649297e-04,1.000000e-09,8.507248e-05,2.228290e-14,7.181983e-04,3.573894e-01,2.429503e+01,1.716109e-04,4.098008e+01,1.239364e+01,2.344789e+00,1.047260e-05,5.832951e+04,REACHED_FORCE,REACHED_FORCE,REACHED_FORCE,1,0,0,1,0,0,1,0,0,6.140666e-06,NaN,1.810193e-05,NaN,3.208086e-07,NaN,2.603300e-09,9.005033e-09,6.240032e-10,solution good enough for the tolerances given,solution good enough for the tolerances given,solution good enough for the tolerances given,2.603300e-09,9.005033e-09,6.240032e-10,6.140666e-06,2.259049e-09,1.810193e-05,4.209648e-09,3.208086e-07,9.683780e-11,6.140666e-06,1.810193e-05,3.208086e-07,2.600413e-07,2.484727e+00,7.195631e-04,1.135803e-03,1.157368e+02,3.000000e-01,false
6,1.000000e+09,0,3,CONTINUE,8.507248e-04,6.661471e-04,1.000000e-09,8.507248e-05,2.228290e-14,7.181983e-04,3.629373e-01,2.431051e+01,1.755044e-04,4.058381e+01,1.218045e+01,2.353463e+00,1.047260e-05,5.832951e+04,REACHED_FORCE,REACHED_FORCE,REACHED_FORCE,1,0,0,1,0,0,1,0,0,1.718476e-05,NaN,5.377621e-05,NaN,8.984277e-07,NaN,8.231665e-10,2.850600e-09,1.973034e-10,solution good enough for the tolerances given,solution good enough for the tolerances given,solution good enough for the tolerances given,8.231665e-10,2.850600e-09,1.973034e-10,1.718476e-05,7.142183e-10,5.377621e-05,1.304780e-09,8.984277e-07,3.061914e-11,1.718476e-05,5.377621e-05,8.984277e-07,1.407254e-07,2.484720e+00,7.195631e-04,1.135803e-03,1.157368e+02,3.000000e-01,false
6,3.162000e+09,0,4,CONTINUE,8.507248e-04,7.009946e-04,1.000000e-09,8.507248e-05,2.228290e-14,7.181987e-04,3.283790e-01,2.468117e+01,1.548367e-04,4.541975e+01,1.346789e+01,2.351753e+00,1.047260e-05,5.832951e+04,REACHED_FORCE,REACHED_FORCE,REACHED_FORCE,1,0,0,1,1,1,1,0,0,5.830937e-05,NaN,1.949699e-04,3.197597e-06,3.040218e-06,NaN,2.603324e-10,1.056096e-09,6.239521e-11,solution good enough for the tolerances given,solution good enough for the tolerances given,solution good enough for the tolerances given,2.603324e-10,1.056096e-09,6.239521e-11,5.830937e-05,2.258669e-10,1.949699e-04,4.569883e-10,3.040218e-06,9.682966e-12,5.830937e-05,3.197597e-06,3.040218e-06,7.934009e-08,2.484718e+00,7.195631e-04,1.135803e-03,1.157368e+02,3.000000e-01,false
6,1.000000e+10,0,5,CONTINUE,8.507248e-04,6.645637e-04,1.000000e-09,8.507248e-05,2.228290e-14,7.182002e-04,3.551002e-01,2.429786e+01,1.706426e-04,4.121031e+01,1.248188e+01,2.341803e+00,1.047260e-05,5.832951e+04,REACHED_FORCE,REACHED_FORCE,REACHED_FORCE,1,1,1,1,1,1,1,0,0,2.719733e-04,3.009399e-06,8.195045e-04,4.448712e-06,1.418552e-05,NaN,8.231835e-11,2.854125e-10,1.973111e-11,solution good enough for the tolerances given,solution good enough for the tolerances given,solution good enough for the tolerances given,8.231835e-11,2.854125e-10,1.973111e-11,2.719733e-04,7.140790e-11,8.195045e-04,1.341462e-10,1.418552e-05,3.061999e-12,3.009399e-06,4.448712e-06,1.418552e-05,6.025209e-08,2.484717e+00,7.195631e-04,1.135803e-03,1.157368e+02,3.000000e-01,false
6,3.162000e+10,1,7,CONTINUE,8.507248e-04,3.536059e-03,1.000000e-09,8.507248e-05,2.228290e-14,3.511311e-04,1.321630e-03,3.474110e+00,1.905111e-05,8.360464e+01,7.065132e+02,7.652087e+00,1.047260e-05,5.832951e+04,REFINE_STALLED,REFINE_STALLED,REFINE_STALLED,1,1,1,1,1,1,1,2,2,6.738254e-01,2.213618e+00,2.572857e+01,4.937933e+01,1.516971e+01,5.590064e-01,1.655832e-10,6.060720e-09,5.226711e-10,solution good enough for the tolerances given,solution good enough for the tolerances given,solution good enough for the tolerances given,1.655832e-10,6.060720e-09,5.226711e-10,6.738254e-01,5.216102e-11,2.572857e+01,1.841148e-09,1.516971e+01,7.326546e-11,2.213618e+00,4.937933e+01,2.963236e-01,4.472137e-05,2.484717e+00,7.195631e-04,1.135803e-03,1.157368e+02,3.000000e-01,false
6,1.000000e+11,1,8,CONTINUE,8.507248e-04,1.409013e-02,1.000000e-09,8.507248e-05,2.228290e-14,2.944341e-04,1.315093e-01,3.457084e+00,4.682858e-05,9.201739e-01,6.230375e+01,1.493563e+01,1.047260e-05,5.832951e+04,REFINE_STALLED,REFINE_STALLED,REFINE_STALLED,1,1,1,1,1,1,1,3,3,7.744863e-01,8.782322e-01,1.962342e+00,2.027416e+00,4.641815e+01,2.259428e+00,6.980711e-11,4.669117e-10,3.820419e-10,solution good enough for the tolerances given,solution good enough for the tolerances given,solution good enough for the tolerances given,6.980711e-11,4.669117e-10,3.820419e-10,7.744863e-01,1.323779e-11,1.962342e+00,8.209257e-11,4.641815e+01,5.027646e-11,8.782322e-01,2.027416e+00,6.706240e-01,4.472137e-05,2.484717e+00,7.195631e-04,1.135803e-03,1.157368e+02,3.000000e-01,false
6,3.162000e+11,1,8,CONTINUE,8.507248e-04,8.491566e-04,1.000000e-09,8.507248e-05,2.228290e-14,2.335108e-04,5.277303e-05,3.631847e+00,1.797171e-05,4.991919e-02,2.076559e+01,6.763825e+00,1.047260e-05,5.832951e+04,REFINE_STALLED,REFINE_STALLED,REFINE_STALLED,1,2,2,1,1,1,1,2,2,1.291800e+00,6.191081e-01,9.935056e-01,9.681788e-01,1.412739e+02,6.325174e+00,3.018672e-11,5.905439e-11,2.999542e-10,solution good enough for the tolerances given,solution good enough for the tolerances given,solution good enough for the tolerances given,3.018672e-11,5.905439e-11,2.999542e-10,1.291800e+00,4.750103e-12,9.935056e-01,9.272633e-12,1.412739e+02,3.839487e-11,8.498919e-01,9.681788e-01,3.978608e+00,4.472137e-05,2.484717e+00,7.195631e-04,1.135803e-03,1.157368e+02,3.000000e-01,false
6,1.000000e+12,1,9,CONTINUE,8.507248e-04,8.496215e-04,1.000000e-09,8.507248e-05,2.228290e-14,1.647820e-04,2.217555e-04,3.631840e+00,1.800807e-05,1.419421e-02,2.726139e+01,6.768742e+00,1.047260e-05,5.832951e+04,REFINE_STALLED,REFINE_STALLED,REFINE_STALLED,1,2,2,1,2,2,1,2,2,2.329357e+00,7.431869e-01,2.174414e+00,9.075805e-01,4.315375e+02,1.505839e+01,1.426781e-11,2.646818e-11,2.620543e-10,solution good enough for the tolerances given,solution good enough for the tolerances given,solution good enough for the tolerances given,1.426781e-11,2.646818e-11,2.620543e-10,2.329357e+00,2.116222e-12,2.174414e+00,4.058939e-12,4.315375e+02,3.779691e-11,7.673950e-01,7.751628e-01,1.004773e+01,4.472137e-05,2.484717e+00,7.195631e-04,1.135803e-03,1.157368e+02,3.000000e-01,false
6,3.162000e+12,1,8,CONTINUE,8.507248e-04,1.588866e-03,1.000000e-09,8.507248e-05,2.228290e-14,9.800462e-05,2.241907e-02,3.630675e+00,2.278797e-05,3.464179e-02,4.050453e+01,7.666616e+00,1.047260e-05,5.832951e+04,REFINE_STALLED,REFINE_STALLED,REFINE_STALLED,1,2,2,1,1,1,1,2,2,5.414391e+00,2.083287e+00,5.268432e+00,2.781482e+00,1.327261e+03,5.064531e+01,7.552008e-12,1.335942e-11,2.461097e-10,solution good enough for the tolerances given,solution good enough for the tolerances given,solution good enough for the tolerances given,7.552008e-12,1.335942e-11,2.461097e-10,5.414391e+00,1.197258e-12,5.268432e+00,1.987060e-12,1.327261e+03,3.768371e-11,1.474604e+00,2.781482e+00,2.730795e+01,4.472137e-05,2.484717e+00,7.195631e-04,1.135803e-03,1.157368e+02,3.000000e-01,false
6,1.000000e+13,1,7,CONTINUE,8.507248e-04,3.653407e-03,1.000000e-09,8.507248e-05,2.228290e-14,5.001120e-05,4.396404e-03,3.631904e+00,1.891057e-05,1.153027e-02,1.209863e+02,7.286450e+00,1.047260e-05,5.832951e+04,REFINE_STALLED,REFINE_STALLED,REFINE_STALLED,1,1,1,1,1,1,1,2,2,9.822745e+00,7.717278e+00,2.461450e+01,2.325275e+01,4.107472e+03,1.671819e+02,4.299553e-12,1.190489e-11,2.365851e-10,solution good enough for the tolerances given,solution good enough for the tolerances given,solution good enough for the tolerances given,4.299553e-12,1.190489e-11,2.365851e-10,9.822745e+00,7.329434e-13,2.461450e+01,2.277490e-12,4.107472e+03,3.887596e-11,7.717278e+00,2.325275e+01,9.369279e+01,4.472137e-05,2.484717e+00,7.195631e-04,1.135803e-03,1.157368e+02,3.000000e-01,false
6,3.162000e+13,1,9,CONTINUE,8.507248e-04,3.050307e-03,1.000000e-09,8.507248e-05,2.228290e-14,2.201456e-05,4.150438e-03,3.631915e+00,1.885780e-05,1.161204e-02,1.507091e+02,7.379765e+00,1.047260e-05,5.832951e+04,REFINE_STALLED,REFINE_STALLED,REFINE_STALLED,1,3,3,1,1,1,1,2,2,3.972980e+01,1.195240e+01,4.353402e+01,2.796391e+01,1.278736e+04,3.618612e+02,2.657133e-12,5.572467e-12,2.324362e-10,solution good enough for the tolerances given,solution good enough for the tolerances given,solution good enough for the tolerances given,2.657133e-12,5.572467e-12,2.324362e-10,3.972980e+01,3.942272e-13,4.353402e+01,8.795523e-13,1.278736e+04,4.064921e-11,6.506901e+00,2.796391e+01,2.784431e+02,4.450238e-05,2.484717e+00,7.195631e-04,1.135803e-03,1.157368e+02,3.000000e-01,false
6,1.000000e+14,1,9,CONTINUE,8.507248e-04,8.497922e-04,1.000000e-09,8.507248e-05,2.228290e-14,8.241619e-06,4.475860e-05,3.631843e+00,1.796996e-05,4.269477e-03,1.536350e+02,6.769501e+00,1.047260e-05,5.832951e+04,REFINE_STALLED,REFINE_STALLED,REFINE_STALLED,1,2,2,1,2,2,1,2,2,1.272035e+02,9.973685e+00,1.169338e+02,2.795610e+01,4.009912e+04,6.572231e+02,1.938283e-12,2.722839e-12,2.321830e-10,solution good enough for the tolerances given,solution good enough for the tolerances given,solution good enough for the tolerances given,1.938283e-12,2.722839e-12,2.321830e-10,1.272035e+02,2.581135e-13,1.169338e+02,3.761551e-13,4.009912e+04,4.183285e-11,5.504132e+00,2.709725e+01,5.261806e+02,4.413753e-05,2.484717e+00,7.195631e-04,1.135803e-03,1.157368e+02,3.000000e-01,false
6,3.162000e+14,1,9,CONTINUE,8.507248e-04,8.508373e-04,1.000000e-09,8.507248e-05,2.228290e-14,2.782276e-06,9.234409e-05,3.631844e+00,1.798020e-05,6.526733e-03,1.890325e+02,6.779750e+00,1.047260e-05,5.832951e+04,REFINE_STALLED,REFINE_STALLED,REFINE_STALLED,1,2,2,1,2,2,1,2,2,4.001172e+02,9.725418e+00,4.022515e+02,3.586368e+01,1.263499e+05,8.900385e+02,1.676616e-12,2.014882e-12,2.325932e-10,solution good enough for the tolerances given,solution good enough for the tolerances given,solution good enough for the tolerances given,1.676616e-12,2.014882e-12,2.325932e-10,4.001172e+02,2.156005e-13,4.022515e+02,2.686760e-13,1.263499e+05,4.233996e-11,6.245494e+00,3.475525e+01,8.203146e+02,4.401239e-05,2.484717e+00,7.195631e-04,1.135803e-03,1.157368e+02,3.000000e-01,false
6,1.000000e+15,1,9,CONTINUE,8.507248e-04,8.533146e-04,1.000000e-09,8.507248e-05,2.228290e-14,8.995714e-07,2.067030e-04,3.631846e+00,1.800487e-05,8.283428e-03,2.090343e+02,6.804551e+00,1.047260e-05,5.832951e+04,REFINE_STALLED,REFINE_STALLED,REFINE_STALLED,1,2,2,1,2,2,1,2,2,1.261388e+03,9.871150e+00,1.271958e+03,4.975728e+01,3.990969e+05,9.950102e+02,1.589991e-12,1.709815e-12,2.328120e-10,solution good enough for the tolerances given,solution good enough for the tolerances given,solution good enough for the tolerances given,1.589991e-12,1.709815e-12,2.328120e-10,1.261388e+03,2.020881e-13,1.271958e+03,2.213393e-13,3.990969e+05,4.251857e-11,7.485869e+00,5.011865e+01,9.683046e+02,4.397159e-05,2.484717e+00,7.195631e-04,1.135803e-03,1.157368e+02,3.000000e-01,false
6,3.162000e+15,1,9,CONTINUE,8.507248e-04,8.567993e-04,1.000000e-09,8.507248e-05,2.228290e-14,2.865597e-07,3.670787e-04,3.631848e+00,1.803973e-05,8.808849e-03,2.172120e+02,6.839664e+00,1.047260e-05,5.832951e+04,REFINE_STALLED,REFINE_STALLED,REFINE_STALLED,1,2,2,1,2,2,1,2,2,3.983697e+03,9.950623e+00,3.997812e+03,5.580337e+01,1.261435e+06,1.032717e+03,1.562221e-12,1.601554e-12,2.328923e-10,solution good enough for the tolerances given,solution good enough for the tolerances given,solution good enough for the tolerances given,1.562221e-12,1.601554e-12,2.328923e-10,3.983697e+03,1.978041e-13,3.997812e+03,2.042076e-13,1.261435e+06,4.257706e-11,7.965228e+00,5.701493e+01,1.023714e+03,4.395856e-05,2.484717e+00,7.195631e-04,1.135803e-03,1.157368e+02,3.000000e-01,false
6,1.000000e+16,1,9,CONTINUE,8.507248e-04,8.594947e-04,1.000000e-09,8.507248e-05,2.228290e-14,9.081956e-08,4.910777e-04,3.631850e+00,1.806654e-05,8.970623e-03,2.200307e+02,6.866882e+00,1.047260e-05,5.832951e+04,REFINE_STALLED,REFINE_STALLED,REFINE_STALLED,1,2,2,1,2,2,1,2,2,1.259351e+04,9.983967e+00,1.260878e+04,5.792915e+01,3.988843e+06,1.045157e+03,1.553401e-12,1.565985e-12,2.329189e-10,solution good enough for the tolerances given,solution good enough for the tolerances given,solution good enough for the tolerances given,1.553401e-12,1.565985e-12,2.329189e-10,1.259351e+04,1.963124e-13,1.260878e+04,1.983792e-13,3.988843e+06,4.259588e-11,8.127090e+00,5.946790e+01,1.042250e+03,4.395443e-05,2.484717e+00,7.195631e-04,1.135803e-03,1.157368e+02,3.000000e-01,false
6,3.162000e+16,1,9,CONTINUE,8.507248e-04,8.607853e-04,1.000000e-09,8.507248e-05,2.228290e-14,2.874320e-08,5.504476e-04,3.631851e+00,1.807938e-05,9.021526e-03,2.209485e+02,6.879924e+00,1.047260e-05,5.832951e+04,REFINE_STALLED,REFINE_STALLED,REFINE_STALLED,1,2,2,1,2,2,1,2,2,3.981531e+04,9.992527e+00,3.983123e+04,5.863162e+01,1.261221e+07,1.049144e+03,1.550608e-12,1.554603e-12,2.329275e-10,solution good enough for the tolerances given,solution good enough for the tolerances given,solution good enough for the tolerances given,1.550608e-12,1.554603e-12,2.329275e-10,3.981531e+04,1.962089e-13,3.983123e+04,1.965994e-13,1.261221e+07,4.260175e-11,8.179414e+00,6.027373e+01,1.048219e+03,4.395313e-05,2.484717e+00,7.195631e-04,1.135803e-03,1.157368e+02,3.000000e-01,false
6,1.000000e+17,1,9,CONTINUE,8.507248e-04,8.612704e-04,1.000000e-09,8.507248e-05,2.228290e-14,9.090710e-09,5.727724e-04,3.631851e+00,1.808421e-05,9.037421e-03,2.212416e+02,6.884828e+00,1.047260e-05,5.832951e+04,REFINE_STALLED,REFINE_STALLED,REFINE_STALLED,1,2,2,1,2,2,1,2,2,1.259127e+05,9.998044e+00,1.259289e+05,5.887498e+01,3.988626e+07,1.050412e+03,1.549724e-12,1.550990e-12,2.329302e-10,solution good enough for the tolerances given,solution good enough for the tolerances given,solution good enough for the tolerances given,1.549724e-12,1.550990e-12,2.329302e-10,1.259127e+05,1.962949e-13,1.259289e+05,1.956548e-13,3.988626e+07,4.260368e-11,8.196075e+00,6.053154e+01,1.050116e+03,4.395270e-05,2.484717e+00,7.195631e-04,1.135803e-03,1.157368e+02,3.000000e-01,false
6,3.162000e+17,1,9,CONTINUE,8.507248e-04,8.614587e-04,1.000000e-09,8.507248e-05,2.228290e-14,2.875197e-09,5.814630e-04,3.631852e+00,1.808609e-05,9.042434e-03,2.213332e+02,6.886728e+00,1.047260e-05,5.832951e+04,REFINE_STALLED,REFINE_STALLED,REFINE_STALLED,1,2,2,1,2,2,1,2,2,3.981321e+05,1.031839e+01,3.981469e+05,5.910198e+01,1.261200e+08,1.050817e+03,1.549445e-12,1.549844e-12,2.329312e-10,solution good enough for the tolerances given,solution good enough for the tolerances given,solution good enough for the tolerances given,1.549445e-12,1.549844e-12,2.329312e-10,3.981321e+05,1.986673e-13,3.981469e+05,1.963706e-13,1.261200e+08,4.260430e-11,8.201411e+00,6.061286e+01,1.050715e+03,4.395258e-05,2.484717e+00,7.195631e-04,1.135803e-03,1.157368e+02,3.000000e-01,false
6,1.000000e+18,1,9,CONTINUE,8.507248e-04,8.615935e-04,1.000000e-09,8.507248e-05,2.228290e-14,9.091584e-10,5.877458e-04,3.631852e+00,1.808745e-05,9.044065e-03,2.213597e+02,6.888082e+00,1.047260e-05,5.832951e+04,REFINE_STALLED,REFINE_STALLED,REFINE_STALLED,1,2,2,1,2,2,1,2,2,1.259107e+06,1.332426e+01,1.259130e+06,6.071716e+01,3.988605e+08,1.050956e+03,1.549357e-12,1.549483e-12,2.329313e-10,solution good enough for the tolerances given,solution good enough for the tolerances given,solution good enough for the tolerances given,1.549357e-12,1.549483e-12,2.329313e-10,1.259107e+06,2.031364e-13,1.259130e+06,1.955380e-13,3.988605e+08,4.260427e-11,8.203436e+00,6.063819e+01,1.050896e+03,4.395254e-05,2.484717e+00,7.195631e-04,1.135803e-03,1.157368e+02,3.000000e-01,false
7,1.000000e+00,0,49,CONTINUE,6.690931e-04,1.006773e-04,1.000000e-09,6.690931e-05,2.225555e-14,1.321406e-02,8.653672e-01,3.519172e+01,1.705389e-06,8.783618e+00,2.339197e+00,3.509667e-01,1.844912e-05,1.371439e+04,REACHED_FORCE,REACHED_FORCE,REACHED_FORCE,14,4,1,12,3,1,16,0,0,2.504551e-04,1.523580e-05,3.049601e-04,6.670040e-06,2.528843e-05,NaN,7.075547e-03,1.885161e-02,7.119190e-03,solution good enough for the tolerances given,solution good enough for the tolerances given,solution good enough for the tolerances given,1.338721e-03,2.295299e-04,1.574580e-04,9.414930e-15,2.504551e-04,1.827611e-14,3.049601e-04,1.467359e-15,2.528843e-05,1.523580e-05,6.670040e-06,2.528843e-05,6.074410e-03,1.171182e+02,6.970693e-05,1.103184e-04,2.362358e+01,4.250000e-01,false
7,3.162000e+00,0,35,CONTINUE,6.690931e-04,1.112964e-04,1.000000e-09,6.690931e-05,2.225555e-14,2.585726e-03,8.518819e-01,3.510186e+01,3.857772e-06,8.848192e+00,2.341095e+00,3.807784e-01,1.844912e-05,1.371439e+04,REACHED_FORCE,REACHED_FORCE,REACHED_FORCE,10,3,1,8,3,1,11,0,0,1.232306e-04,4.256581e-06,2.072046e-04,1.272247e-05,1.679520e-05,NaN,5.193855e-03,1.145626e-02,3.969742e-03,solution good enough for the tolerances given,solution good enough for the tolerances given,solution good enough for the tolerances given,1.828063e-04,9.417539e-05,1.277628e-04,1.432021e-14,1.232306e-04,2.774670e-14,2.072046e-04,2.206032e-15,1.679520e-05,4.256581e-06,1.272247e-05,1.679520e-05,3.416044e-03,6.587367e+01,6.970693e-05,1.103184e-04,2.362358e+01,4.250000e-01,false
7,1.000000e+01,0,24,CONTINUE,6.690931e-04,1.114645e-04,1.000000e-09,6.690931e-05,2.225555e-14,2.585236e-03,8.516230e-01,3.510200e+01,3.864457e-06,8.850982e+00,2.339711e+00,3.822242e-01,1.844912e-05,1.371439e+04,REACHED_FORCE,REACHED_FORCE,REACHED_FORCE,7,2,1,5,3,1,7,0,0,7.212208e-05,5.245563e-06,1.463973e-04,9.714423e-06,1.143496e-05,NaN,4.130476e-03,5.561724e-03,1.871747e-03,solution good enough for the tolerances given,solution good enough for the tolerances given,solution good enough for the tolerances given,7.436539e-05,1.192772e-04,7.858398e-05,8.505977e-14,7.212208e-05,1.615739e-13,1.463973e-04,1.296543e-14,1.143496e-05,5.245563e-06,9.714423e-06,1.143496e-05,1.920899e-03,3.705828e+01,6.970693e-05,1.103184e-04,2.362358e+01,4.250000e-01,false
7,3.162000e+01,0,14,CONTINUE,6.690931e-04,1.077145e-04,1.000000e-09,6.690931e-05,2.225555e-14,2.585236e-03,8.571832e-01,3.517500e+01,2.737572e-06,8.853783e+00,2.336575e+00,3.734061e-01,1.844912e-05,1.371439e+04,REACHED_FORCE,REACHED_FORCE,REACHED_FORCE,5,0,0,4,0,0,5,0,0,1.499465e-05,NaN,4.043694e-05,NaN,3.432330e-06,NaN,3.605012e-03,2.388947e-03,8.242751e-04,solution good enough for the tolerances given,solution good enough for the tolerances given,solution good enough for the tolerances given,6.839801e-05,4.907892e-05,2.251524e-05,3.361109e-13,1.499465e-05,6.400623e-13,4.043694e-05,5.101715e-14,3.432330e-06,1.499465e-05,4.043694e-05,3.432330e-06,1.080248e-03,2.086620e+01,6.970693e-05,1.103184e-04,2.362358e+01,4.250000e-01,false
7,1.000000e+02,0,11,CONTINUE,6.690931e-04,9.349523e-05,1.000000e-09,6.690931e-05,2.225555e-14,2.585236e-03,8.671990e-01,3.325366e+01,1.102316e-05,7.184381e+00,2.442130e+00,2.424273e-01,1.844912e-05,1.371439e+04,REACHED_FORCE,REACHED_FORCE,REACHED_FORCE,3,0,0,3,2,1,3,0,0,6.666646e-05,NaN,8.868952e-05,3.768717e-06,7.541899e-06,NaN,3.033861e-03,6.513755e-04,4.394922e-04,solution good enough for the tolerances given,solution good enough for the tolerances given,solution good enough for the tolerances given,1.444414e-04,1.240767e-04,6.138468e-05,9.161999e-13,6.666646e-05,1.424957e-12,8.868952e-05,1.446675e-13,7.541899e-06,6.666646e-05,3.768717e-06,7.541899e-06,6.074415e-04,1.177356e+01,6.970693e-05,1.103184e-04,2.362358e+01,4.250000e-01,false
7,3.162000e+02,0,8,CONTINUE,6.690931e-04,1.061998e-04,1.000000e-09,6.690931e-05,2.225555e-14,2.585236e-03,8.585822e-01,3.517181e+01,2.565478e-06,8.836666e+00,2.335043e+00,3.706413e-01,1.844912e-05,1.371439e+04,REACHED_FORCE,REACHED_FORCE,REACHED_FORCE,3,0,0,2,0,0,3,0,0,3.652819e-06,NaN,4.121682e-06,NaN,4.523217e-07,NaN,2.091016e-03,3.284334e-04,2.633873e-04,solution good enough for the tolerances given,solution good enough for the tolerances given,solution good enough for the tolerances given,7.599546e-06,2.162024e-05,3.793419e-06,3.619004e-12,3.652819e-06,6.874786e-12,4.121682e-06,5.497807e-13,4.523217e-07,3.652819e-06,4.121682e-06,4.523217e-07,3.416045e-04,6.681353e+00,6.970693e-05,1.103184e-04,2.362358e+01,4.250000e-01,false
7,1.000000e+03,0,6,CONTINUE,6.690931e-04,1.018623e-04,1.000000e-09,6.690931e-05,2.225555e-14,2.585236e-03,8.648073e-01,3.496583e+01,2.646650e-06,8.604551e+00,2.341310e+00,3.504747e-01,1.844912e-05,1.371439e+04,REACHED_FORCE,REACHED_FORCE,REACHED_FORCE,2,0,0,2,0,0,2,0,0,8.698587e-06,NaN,1.608015e-05,NaN,1.307226e-06,NaN,1.058901e-03,1.037670e-04,1.293910e-04,solution good enough for the tolerances given,solution good enough for the tolerances given,solution good enough for the tolerances given,1.471487e-05,3.032988e-06,9.753913e-06,7.887567e-12,8.698587e-06,1.473475e-11,1.608015e-05,1.214735e-12,1.307226e-06,8.698587e-06,1.608015e-05,1.307226e-06,1.920899e-04,3.841264e+00,6.970693e-05,1.103184e-04,2.362358e+01,4.250000e-01,false
7,3.162000e+03,0,5,CONTINUE,6.690931e-04,1.093859e-04,1.000000e-09,6.690931e-05,2.225555e-14,2.585236e-03,8.574996e-01,3.356084e+01,1.705389e-06,7.519171e+00,2.262543e+00,4.290207e-01,1.844912e-05,1.371439e+04,REACHED_FORCE,REACHED_FORCE,REACHED_FORCE,2,0,0,1,1,1,1,0,0,4.080228e-05,NaN,7.074678e-05,2.121781e-05,7.834937e-06,NaN,4.136940e-04,3.445116e-05,5.018437e-05,solution good enough for the tolerances given,solution good enough for the tolerances given,solution good enough for the tolerances given,1.528908e-06,3.445116e-05,5.018437e-05,1.377023e-11,4.080228e-05,2.349939e-11,7.074678e-05,2.655843e-12,7.834937e-06,4.080228e-05,2.121781e-05,7.834937e-06,1.080248e-04,2.579419e+00,6.970693e-05,1.103184e-04,2.362358e+01,4.250000e-01,false
7,1.000000e+04,0,4,CONTINUE,6.690931e-04,1.133458e-04,1.000000e-09,6.690931e-05,2.225555e-14,2.585236e-03,8.607169e-01,3.408357e+01,5.468514e-06,7.920702e+00,2.306084e+00,3.880182e-01,1.844912e-05,1.371439e+04,REACHED_FORCE,REACHED_FORCE,REACHED_FORCE,2,0,0,1,0,0,1,0,0,1.623900e-05,NaN,3.060753e-05,NaN,2.669485e-06,NaN,1.413346e-04,1.153086e-05,1.711019e-05,solution good enough for the tolerances given,solution good enough for the tolerances given,solution good enough for the tolerances given,1.547852e-07,1.153086e-05,1.711019e-05,6.514421e-11,1.623900e-05,1.195189e-10,3.060753e-05,1.068235e-11,2.669485e-06,1.623900e-05,3.060753e-05,2.669485e-06,6.074413e-05,2.532528e+00,6.970693e-05,1.103184e-04,2.362358e+01,4.250000e-01,false
7,3.162000e+04,0,3,CONTINUE,6.690931e-04,1.136909e-04,1.000000e-09,6.690931e-05,2.225555e-14,2.585236e-03,8.528805e-01,3.489473e+01,4.595003e-06,8.666066e+00,2.327347e+00,3.895244e-01,1.844912e-05,1.371439e+04,REACHED_FORCE,REACHED_FORCE,REACHED_FORCE,1,0,0,1,0,0,1,0,0,1.357318e-06,NaN,1.077436e-05,NaN,8.655329e-07,NaN,4.586472e-05,3.690921e-06,5.549042e-06,solution good enough for the tolerances given,solution good enough for the tolerances given,solution good enough for the tolerances given,4.586472e-05,3.690921e-06,5.549042e-06,2.033170e-10,1.357318e-06,3.828027e-10,1.077436e-05,3.128440e-11,8.655329e-07,1.357318e-06,1.077436e-05,8.655329e-07,3.416044e-05,2.503549e+00,6.970693e-05,1.103184e-04,2.362358e+01,4.250000e-01,true
7,1.000000e+05,0,3,CONTINUE,6.690931e-04,1.103552e-04,1.000000e-09,6.690931e-05,2.225555e-14,2.585236e-03,8.546465e-01,3.514843e+01,3.101962e-06,8.858051e+00,2.326952e+00,3.863291e-01,1.844912e-05,1.371439e+04,REACHED_FORCE,REACHED_FORCE,REACHED_FORCE,1,0,0,1,0,0,1,0,0,4.223794e-07,NaN,3.529905e-06,NaN,2.758848e-07,NaN,1.462317e-05,1.182265e-06,1.768877e-06,solution good enough for the tolerances given,solution good enough for the tolerances given,solution good enough for the tolerances given,1.462317e-05,1.182265e-06,1.768877e-06,7.764102e-10,4.223794e-07,1.484610e-09,3.529905e-06,1.181594e-10,2.758848e-07,4.223794e-07,3.529905e-06,2.758848e-07,1.920905e-05,2.491181e+00,6.970693e-05,1.103184e-04,2.362358e+01,4.250000e-01,false
7,3.162000e+05,0,3,CONTINUE,6.690931e-04,1.092360e-04,1.000000e-09,6.690931e-05,2.225555e-14,2.585236e-03,8.552645e-01,3.523119e+01,2.606283e-06,8.920077e+00,2.326695e+00,3.853033e-01,1.844912e-05,1.371439e+04,REACHED_FORCE,REACHED_FORCE,REACHED_FORCE,1,0,0,1,0,0,1,0,0,1.328913e-07,NaN,1.128967e-06,NaN,8.747284e-08,NaN,4.636865e-06,3.765285e-07,5.608597e-07,solution good enough for the tolerances given,solution good enough for the tolerances given,solution good enough for the tolerances given,4.636865e-06,3.765285e-07,5.608597e-07,1.462656e-09,1.328913e-07,2.808718e-09,1.128967e-06,2.232052e-10,8.747284e-08,1.328913e-07,1.128967e-06,8.747284e-08,1.080251e-05,2.486818e+00,6.970693e-05,1.103184e-04,2.362358e+01,4.250000e-01,false
7,1.000000e+06,0,3,CONTINUE,6.690931e-04,1.088693e-04,1.000000e-09,6.690931e-05,2.225555e-14,2.585236e-03,8.554668e-01,3.525764e+01,2.446938e-06,8.939824e+00,2.326606e+00,3.849715e-01,1.844912e-05,1.371439e+04,REACHED_FORCE,REACHED_FORCE,REACHED_FORCE,1,0,0,1,0,0,1,0,0,4.195116e-08,NaN,3.582500e-07,NaN,2.768127e-08,NaN,1.467402e-06,1.193545e-07,1.774886e-07,solution good enough for the tolerances given,solution good enough for the tolerances given,solution good enough for the tolerances given,1.467402e-06,1.193545e-07,1.774886e-07,6.175509e-09,4.195116e-08,1.182631e-08,3.582500e-07,9.338900e-10,2.768127e-08,4.195116e-08,3.582500e-07,2.768127e-08,6.074364e-06,2.485387e+00,6.970693e-05,1.103184e-04,2.362358e+01,4.250000e-01,false
7,3.162000e+06,0,3,CONTINUE,6.690931e-04,1.087929e-04,1.000000e-09,6.690931e-05,2.225555e-14,2.585236e-03,8.555280e-01,3.526600e+01,2.397115e-06,8.946096e+00,2.326540e+00,3.849046e-01,1.844912e-05,1.371439e+04,REACHED_FORCE,REACHED_FORCE,REACHED_FORCE,1,0,0,1,0,0,1,0,0,2.402942e-08,NaN,1.134280e-07,NaN,8.756592e-09,NaN,4.641965e-07,3.778230e-08,5.614626e-08,solution good enough for the tolerances given,solution good enough for the tolerances given,solution good enough for the tolerances given,4.641965e-07,3.778230e-08,5.614626e-08,2.402942e-08,1.326036e-08,4.612921e-08,1.134280e-07,3.651342e-09,8.756592e-09,2.402942e-08,1.134280e-07,8.756592e-09,3.416231e-06,2.484930e+00,6.970693e-05,1.103184e-04,2.362358e+01,4.250000e-01,false
7,1.000000e+07,0,3,CONTINUE,6.690931e-04,1.087545e-04,1.000000e-09,6.690931e-05,2.225555e-14,2.585236e-03,8.555486e-01,3.526865e+01,2.381043e-06,8.948074e+00,2.326531e+00,3.848713e-01,1.844912e-05,1.371439e+04,REACHED_FORCE,REACHED_FORCE,REACHED_FORCE,1,0,0,1,0,0,1,0,0,6.339184e-08,NaN,1.219514e-07,NaN,9.638136e-09,NaN,1.467912e-07,1.194987e-08,1.775490e-08,solution good enough for the tolerances given,solution good enough for the tolerances given,solution good enough for the tolerances given,1.467912e-07,1.194987e-08,1.775490e-08,6.339184e-08,4.192245e-09,1.219514e-07,3.587866e-08,9.638136e-09,2.769058e-09,6.339184e-08,1.219514e-07,9.638136e-09,1.921367e-06,2.484784e+00,6.970693e-05,1.103184e-04,2.362358e+01,4.250000e-01,false
7,3.162000e+07,0,3,CONTINUE,6.690931e-04,1.088662e-04,1.000000e-09,6.690931e-05,2.225555e-14,2.585236e-03,8.555467e-01,3.526941e+01,2.378088e-06,8.948720e+00,2.326416e+00,3.849749e-01,1.844912e-05,1.371439e+04,REACHED_FORCE,REACHED_FORCE,REACHED_FORCE,1,0,0,1,0,0,1,0,0,1.934095e-07,NaN,3.711176e-07,NaN,2.932198e-08,NaN,4.642476e-08,3.781058e-09,5.615235e-09,solution good enough for the tolerances given,solution good enough for the tolerances given,solution good enough for the tolerances given,4.642476e-08,3.781058e-09,5.615235e-09,1.934095e-07,1.325755e-09,3.711176e-07,1.134870e-08,2.932198e-08,8.757531e-10,1.934095e-07,3.711176e-07,2.932198e-08,1.081194e-06,2.484738e+00,6.970693e-05,1.103184e-04,2.362358e+01,4.250000e-01,false
7,1.000000e+08,0,3,CONTINUE,6.690931e-04,1.094882e-04,1.000000e-09,6.690931e-05,2.225555e-14,2.585236e-03,8.555075e-01,3.526911e+01,2.388060e-06,8.948925e+00,2.325866e+00,3.855343e-01,1.844912e-05,1.371439e+04,REACHED_FORCE,REACHED_FORCE,REACHED_FORCE,1,0,0,1,0,0,1,0,0,6.327080e-07,NaN,1.218079e-06,NaN,9.639441e-08,NaN,1.467963e-08,1.197959e-09,1.775558e-09,solution good enough for the tolerances given,solution good enough for the tolerances given,solution good enough for the tolerances given,1.467963e-08,1.197959e-09,1.775558e-09,6.327080e-07,4.192029e-10,1.218079e-06,3.589456e-09,9.639441e-08,2.769163e-10,6.327080e-07,1.218079e-06,9.639441e-08,6.091354e-07,2.484724e+00,6.970693e-05,1.103184e-04,2.362358e+01,4.250000e-01,false
7,3.162000e+08,0,3,CONTINUE,6.690931e-04,1.077976e-04,1.000000e-09,6.690931e-05,2.225555e-14,2.585236e-03,8.556809e-01,3.526968e+01,2.354037e-06,8.947931e+00,2.327326e+00,3.838904e-01,1.844912e-05,1.371439e+04,REACHED_FORCE,REACHED_FORCE,REACHED_FORCE,1,0,0,1,0,0,1,0,0,1.424651e-06,NaN,2.725546e-06,NaN,2.154927e-07,NaN,4.642528e-09,3.766634e-10,5.615319e-10,solution good enough for the tolerances given,solution good enough for the tolerances given,solution good enough for the tolerances given,4.642528e-09,3.766634e-10,5.615319e-10,1.424651e-06,1.325775e-10,2.725546e-06,1.134205e-09,2.154927e-07,8.757657e-11,1.424651e-06,2.725546e-06,2.154927e-07,3.418444e-07,2.484719e+00,6.970693e-05,1.103184e-04,2.362358e+01,4.250000e-01,false
7,1.000000e+09,0,3,CONTINUE,6.690931e-04,1.184987e-04,1.000000e-09,6.690931e-05,2.225555e-14,2.585238e-03,8.548346e-01,3.526176e+01,2.557988e-06,8.949924e+00,2.317896e+00,3.938791e-01,1.844912e-05,1.371439e+04,REACHED_FORCE,REACHED_FORCE,REACHED_FORCE,1,0,0,1,0,0,1,0,0,6.601046e-06,NaN,1.272241e-05,NaN,1.007673e-06,NaN,1.467969e-09,1.235606e-10,1.775601e-10,solution good enough for the tolerances given,solution good enough for the tolerances given,solution good enough for the tolerances given,1.467969e-09,1.235606e-10,1.775601e-10,6.601046e-06,4.193559e-11,1.272241e-05,3.602922e-10,1.007673e-06,2.769222e-11,6.601046e-06,1.272241e-05,1.007673e-06,1.961364e-07,2.484718e+00,6.970693e-05,1.103184e-04,2.362358e+01,4.250000e-01,false
7,3.162000e+09,0,3,CONTINUE,6.690931e-04,1.540324e-04,1.000000e-09,6.690931e-05,2.225555e-14,2.585239e-03,8.520244e-01,3.523594e+01,3.128127e-06,9.013861e+00,2.287304e+00,4.264282e-01,1.844912e-05,1.371439e+04,REACHED_FORCE,REACHED_FORCE,REACHED_FORCE,1,0,0,1,0,0,1,0,0,3.394880e-05,NaN,6.595053e-05,NaN,5.181045e-06,NaN,4.642538e-10,4.490220e-11,5.615943e-11,solution good enough for the tolerances given,solution good enough for the tolerances given,solution good enough for the tolerances given,4.642538e-10,4.490220e-11,5.615943e-11,3.394880e-05,1.334266e-11,6.595053e-05,1.156555e-10,5.181045e-06,8.758579e-12,3.394880e-05,6.595053e-05,5.181045e-06,1.150143e-07,2.484717e+00,6.970693e-05,1.103184e-04,2.362358e+01,4.250000e-01,false
7,1.000000e+10,0,4,CONTINUE,6.690931e-04,1.250387e-04,1.000000e-09,6.690931e-05,2.225555e-14,2.585258e-03,8.343461e-01,3.501880e+01,6.727764e-06,8.964572e+00,2.271340e+00,4.774011e-01,1.844912e-05,1.371439e+04,REACHED_FORCE,REACHED_FORCE,REACHED_FORCE,1,0,0,1,1,1,1,0,0,4.364247e-05,NaN,8.385458e-05,8.482835e-07,6.669618e-06,NaN,1.467981e-10,1.537027e-11,1.776158e-11,solution good enough for the tolerances given,solution good enough for the tolerances given,solution good enough for the tolerances given,1.467981e-10,1.537027e-11,1.776158e-11,4.364247e-05,4.202790e-12,8.385458e-05,3.680621e-11,6.669618e-06,2.770094e-12,4.364247e-05,8.482835e-07,6.669618e-06,6.721974e-08,2.484717e+00,6.970693e-05,1.103184e-04,2.362358e+01,4.250000e-01,false
7,3.162000e+10,0,5,CONTINUE,6.690931e-04,1.041440e-04,1.000000e-09,6.690931e-05,2.225555e-14,2.585260e-03,8.810097e-01,3.420470e+01,5.192515e-06,8.430780e+00,2.247848e+00,3.929110e-01,1.844912e-05,1.371439e+04,REACHED_FORCE,REACHED_FORCE,REACHED_FORCE,1,1,1,1,1,1,1,0,0,3.311793e-04,3.160898e-05,6.058261e-04,2.958837e-05,5.340366e-05,NaN,4.642574e-11,3.501301e-12,5.614045e-12,solution good enough for the tolerances given,solution good enough for the tolerances given,solution good enough for the tolerances given,4.642574e-11,3.501301e-12,5.614045e-12,3.311793e-04,1.643085e-12,6.058261e-04,1.023529e-11,5.340366e-05,8.756328e-13,3.160898e-05,2.958837e-05,5.340366e-05,6.025209e-08,2.484717e+00,6.970693e-05,1.103184e-04,2.362358e+01,4.250000e-01,false
7,1.000000e+11,1,9,CONTINUE,6.690931e-04,5.351767e-04,1.000000e-09,6.690931e-05,2.225555e-14,9.572714e-04,7.307165e-03,2.444146e+01,1.693930e-04,4.683428e-02,8.246475e-01,2.351045e+00,1.844912e-05,1.371439e+04,REFINE_STALLED,REFINE_STALLED,REFINE_STALLED,1,2,2,1,2,2,1,2,2,2.081620e-01,6.167713e-02,2.324087e-01,6.466629e-02,4.420905e+01,1.800787e+00,2.582905e-12,2.187313e-11,3.000586e-10,solution good enough for the tolerances given,solution good enough for the tolerances given,solution good enough for the tolerances given,2.582905e-12,2.187313e-11,3.000586e-10,2.081620e-01,3.667637e-13,2.324087e-01,3.305380e-12,4.420905e+01,3.760802e-11,7.535667e-02,7.889930e-02,1.199616e+00,4.472137e-05,2.484717e+00,6.970693e-05,1.103184e-04,2.362358e+01,4.250000e-01,false
7,3.162000e+11,1,9,CONTINUE,6.690931e-04,5.358927e-04,1.000000e-09,6.690931e-05,2.225555e-14,6.513465e-04,4.719420e-03,2.444108e+01,1.697997e-04,1.847130e-02,1.428208e+00,2.351924e+00,1.844912e-05,1.371439e+04,REFINE_STALLED,REFINE_STALLED,REFINE_STALLED,1,2,2,1,2,2,1,2,2,4.160225e-01,1.175676e-01,4.438532e-01,1.401698e-01,1.354198e+02,4.563850e+00,3.289178e-12,9.616876e-12,2.603942e-10,solution good enough for the tolerances given,solution good enough for the tolerances given,solution good enough for the tolerances given,3.289178e-12,9.616876e-12,2.603942e-10,4.160225e-01,4.553834e-13,4.438532e-01,1.419175e-12,1.354198e+02,3.739807e-11,1.369566e-01,1.557850e-01,2.794101e+00,4.472137e-05,2.484717e+00,6.970693e-05,1.103184e-04,2.362358e+01,4.250000e-01,false
7,1.000000e+12,1,9,CONTINUE,6.690931e-04,5.363296e-04,1.000000e-09,6.690931e-05,2.225555e-14,3.699272e-04,2.565221e-03,2.444099e+01,1.701374e-04,8.329609e-03,2.359117e+00,2.351297e+00,1.844912e-05,1.371439e+04,REFINE_STALLED,REFINE_STALLED,REFINE_STALLED,1,2,2,1,2,2,1,2,2,1.010799e+00,4.716250e-01,9.983864e-01,4.684218e-01,4.172371e+02,1.668848e+01,2.724137e-12,4.793422e-12,2.439537e-10,solution good enough for the tolerances given,solution good enough for the tolerances given,solution good enough for the tolerances given,2.724137e-12,4.793422e-12,2.439537e-10,1.010799e+00,4.571031e-13,9.983864e-01,7.424124e-13,4.172371e+02,3.770517e-11,2.993079e-01,3.630518e-01,8.351923e+00,4.472137e-05,2.484717e+00,6.970693e-05,1.103184e-04,2.362358e+01,4.250000e-01,false
7,3.162000e+12,1,7,CONTINUE,6.690931e-04,8.614841e-03,1.000000e-09,6.690931e-05,2.225555e-14,1.799731e-04,1.812661e-02,2.444086e+01,1.679435e-04,4.682237e-03,1.249740e+01,2.566606e+00,1.844912e-05,1.371439e+04,REFINE_STALLED,REFINE_STALLED,REFINE_STALLED,1,1,1,1,1,1,1,2,2,2.266766e+00,1.395763e+00,2.530393e+00,2.720713e+00,1.292511e+03,5.025490e+01,1.934101e-12,4.097710e-12,2.349839e-10,solution good enough for the tolerances given,solution good enough for the tolerances given,solution good enough for the tolerances given,1.934101e-12,4.097710e-12,2.349839e-10,2.266766e+00,3.237346e-13,2.530393e+00,7.210232e-13,1.292511e+03,3.925287e-11,1.395763e+00,2.720713e+00,3.096975e+01,4.472137e-05,2.484717e+00,6.970693e-05,1.103184e-04,2.362358e+01,4.250000e-01,false
7,1.000000e+13,1,10,CONTINUE,6.690931e-04,5.373684e-04,1.000000e-09,6.690931e-05,2.225555e-14,7.480926e-05,1.067760e-03,2.444098e+01,1.703859e-04,1.410104e-02,9.400287e+00,2.355262e+00,1.844912e-05,1.371439e+04,REFINE_STALLED,REFINE_STALLED,REFINE_STALLED,1,3,3,1,2,2,1,2,2,8.162074e+00,1.600550e+00,8.129623e+00,2.350154e+00,4.031841e+03,9.543988e+01,1.386655e-12,1.933513e-12,2.322060e-10,solution good enough for the tolerances given,solution good enough for the tolerances given,solution good enough for the tolerances given,1.386655e-12,1.933513e-12,2.322060e-10,8.162074e+00,1.945303e-13,8.129623e+00,2.823489e-13,4.031841e+03,4.100796e-11,7.760657e-01,1.469431e+00,7.811005e+01,4.433735e-05,2.484717e+00,6.970693e-05,1.103184e-04,2.362358e+01,4.250000e-01,false
7,3.162000e+13,1,9,CONTINUE,6.690931e-04,5.411160e-04,1.000000e-09,6.690931e-05,2.225555e-14,2.683174e-05,4.006596e-03,2.444099e+01,1.699117e-04,5.795084e-03,1.017108e+01,2.385073e+00,1.844912e-05,1.371439e+04,REFINE_STALLED,REFINE_STALLED,REFINE_STALLED,1,2,2,1,2,2,1,2,2,2.577750e+01,1.393855e+00,2.558699e+01,2.280227e+00,1.266212e+04,1.624422e+02,1.132797e-12,1.218834e-12,2.323357e-10,solution good enough for the tolerances given,solution good enough for the tolerances given,solution good enough for the tolerances given,1.132797e-12,1.218834e-12,2.323357e-10,2.577750e+01,1.472802e-13,2.558699e+01,1.619240e-13,1.266212e+04,4.200777e-11,8.446281e-01,1.968103e+00,1.381463e+02,4.407999e-05,2.484717e+00,6.970693e-05,1.103184e-04,2.362358e+01,4.250000e-01,false
7,1.000000e+14,1,9,CONTINUE,6.690931e-04,5.521194e-04,1.000000e-09,6.690931e-05,2.225555e-14,8.886415e-06,1.087218e-02,2.444105e+01,1.688379e-04,5.955524e-03,1.231416e+01,2.474672e+00,1.844912e-05,1.371439e+04,REFINE_STALLED,REFINE_STALLED,REFINE_STALLED,1,2,2,1,2,2,1,2,2,8.116661e+01,1.394632e+00,8.152647e+01,2.750458e+00,3.993895e+04,2.027273e+02,1.040155e-12,1.078588e-12,2.326879e-10,solution good enough for the tolerances given,solution good enough for the tolerances given,solution good enough for the tolerances given,1.040155e-12,1.078588e-12,2.326879e-10,8.116661e+01,1.323064e-13,8.152647e+01,1.389459e-13,3.993895e+04,4.240445e-11,1.057349e+00,2.772589e+00,1.914516e+02,4.399349e-05,2.484717e+00,6.970693e-05,1.103184e-04,2.362358e+01,4.250000e-01,false
7,3.162000e+14,1,9,CONTINUE,6.690931e-04,6.343527e-04,1.000000e-09,6.690931e-05,2.225555e-14,2.854294e-06,1.008777e-02,2.444105e+01,1.689631e-04,5.976921e-03,1.339919e+01,2.475163e+00,1.844912e-05,1.371439e+04,REFINE_STALLED,REFINE_STALLED,REFINE_STALLED,1,2,2,1,2,2,1,2,2,2.561256e+02,1.413648e+00,2.568039e+02,3.427394e+00,1.261734e+05,2.192340e+02,1.009490e-12,1.023386e-12,2.328478e-10,solution good enough for the tolerances given,solution good enough for the tolerances given,solution good enough for the tolerances given,1.009490e-12,1.023386e-12,2.328478e-10,2.561256e+02,1.275182e-13,2.568039e+02,1.299237e-13,1.261734e+05,4.253990e-11,1.205362e+00,3.556328e+00,2.151487e+02,4.396555e-05,2.484717e+00,6.970693e-05,1.103184e-04,2.362358e+01,4.250000e-01,false
7,1.000000e+15,1,9,CONTINUE,6.690931e-04,6.601714e-04,1.000000e-09,6.690931e-05,2.225555e-14,9.070524e-07,9.424555e-03,2.444104e+01,1.691355e-04,5.964271e-03,1.497125e+01,2.481395e+00,1.844912e-05,1.371439e+04,REFINE_STALLED,REFINE_STALLED,REFINE_STALLED,1,2,2,1,2,2,1,2,2,8.094200e+02,1.422227e+00,8.101848e+02,3.688921e+00,3.989140e+05,2.249483e+02,9.996517e-13,1.005396e-12,2.329042e-10,solution good enough for the tolerances given,solution good enough for the tolerances given,solution good enough for the tolerances given,9.996517e-13,1.005396e-12,2.329042e-10,8.094200e+02,1.259725e-13,8.101848e+02,1.269301e-13,3.989140e+05,4.258407e-11,1.259346e+00,3.866548e+00,2.235974e+02,4.395663e-05,2.484717e+00,6.970693e-05,1.103184e-04,2.362358e+01,4.250000e-01,false
7,3.162000e+15,1,9,CONTINUE,6.690931e-04,6.677757e-04,1.000000e-09,6.690931e-05,2.225555e-14,2.873175e-07,9.226071e-03,2.444104e+01,1.691895e-04,5.960200e-03,1.553308e+01,2.483696e+00,1.844912e-05,1.371439e+04,REFINE_STALLED,REFINE_STALLED,REFINE_STALLED,1,2,2,1,2,2,1,2,2,2.558779e+03,1.424856e+00,2.559546e+03,3.777658e+00,1.261251e+06,2.268074e+02,9.965260e-13,9.984973e-13,2.329228e-10,solution good enough for the tolerances given,solution good enough for the tolerances given,solution good enough for the tolerances given,9.965260e-13,9.984973e-13,2.329228e-10,2.558779e+03,1.254062e-13,2.559546e+03,1.257986e-13,1.261251e+06,4.259804e-11,1.277206e+00,3.972405e+00,2.263742e+02,4.395381e-05,2.484717e+00,6.970693e-05,1.103184e-04,2.362358e+01,4.250000e-01,false
7,1.000000e+16,1,9,CONTINUE,6.690931e-04,6.701374e-04,1.000000e-09,6.690931e-05,2.225555e-14,9.089558e-08,9.163836e-03,2.444104e+01,1.692066e-04,5.958950e-03,1.571643e+01,2.484437e+00,1.844912e-05,1.371439e+04,REFINE_STALLED,REFINE_STALLED,REFINE_STALLED,1,2,2,1,2,2,1,2,2,8.091589e+03,1.426521e+00,8.092396e+03,3.806677e+00,3.988658e+06,2.274019e+02,9.955376e-13,9.961760e-13,2.329287e-10,solution good enough for the tolerances given,solution good enough for the tolerances given,solution good enough for the tolerances given,9.955376e-13,9.961760e-13,2.329287e-10,8.091589e+03,1.255480e-13,8.092396e+03,1.253084e-13,3.988658e+06,4.260257e-11,1.282969e+00,4.006775e+00,2.272638e+02,4.395292e-05,2.484717e+00,6.970693e-05,1.103184e-04,2.362358e+01,4.250000e-01,false
7,3.162000e+16,1,9,CONTINUE,6.690931e-04,6.709041e-04,1.000000e-09,6.690931e-05,2.225555e-14,2.875085e-08,9.144801e-03,2.444104e+01,1.692120e-04,5.958672e-03,1.577661e+01,2.484697e+00,1.844912e-05,1.371439e+04,REFINE_STALLED,REFINE_STALLED,REFINE_STALLED,1,2,2,1,2,2,1,2,2,2.558505e+04,1.428157e+00,2.558610e+04,3.820369e+00,1.261202e+07,2.275906e+02,9.952242e-13,9.954289e-13,2.329306e-10,solution good enough for the tolerances given,solution good enough for the tolerances given,solution good enough for the tolerances given,9.952242e-13,9.954289e-13,2.329306e-10,2.558505e+04,1.249204e-13,2.558610e+04,1.244766e-13,1.261202e+07,4.260391e-11,1.284788e+00,4.017677e+00,2.275457e+02,4.395265e-05,2.484717e+00,6.970693e-05,1.103184e-04,2.362358e+01,4.250000e-01,false
7,1.000000e+17,1,9,CONTINUE,6.690931e-04,6.712174e-04,1.000000e-09,6.690931e-05,2.225555e-14,9.091468e-09,9.139829e-03,2.444104e+01,1.692138e-04,5.958462e-03,1.579959e+01,2.484832e+00,1.844912e-05,1.371439e+04,REFINE_STALLED,REFINE_STALLED,REFINE_STALLED,1,2,2,1,2,2,1,2,2,8.091347e+04,1.470628e+00,8.091511e+04,3.882032e+00,3.988607e+07,2.276516e+02,9.951247e-13,9.951906e-13,2.329311e-10,solution good enough for the tolerances given,solution good enough for the tolerances given,solution good enough for the tolerances given,9.951247e-13,9.951906e-13,2.329311e-10,8.091347e+04,1.260744e-13,8.091511e+04,1.231225e-13,3.988607e+07,4.260430e-11,1.285384e+00,4.021106e+00,2.276350e+02,4.395256e-05,2.484717e+00,6.970693e-05,1.103184e-04,2.362358e+01,4.250000e-01,false
7,3.162000e+17,1,9,CONTINUE,6.690931e-04,6.715426e-04,1.000000e-09,6.690931e-05,2.225555e-14,2.875274e-09,9.141734e-03,2.444104e+01,1.692146e-04,5.958116e-03,1.582035e+01,2.485055e+00,1.844912e-05,1.371439e+04,REFINE_STALLED,REFINE_STALLED,REFINE_STALLED,1,2,2,1,2,2,1,2,2,2.558492e+05,2.523912e+00,2.558504e+05,4.329113e+00,1.261197e+08,2.276747e+02,9.950935e-13,9.951146e-13,2.329313e-10,solution good enough for the tolerances given,solution good enough for the tolerances given,solution good enough for the tolerances given,9.950935e-13,9.951146e-13,2.329313e-10,2.558492e+05,1.211363e-13,2.558504e+05,1.252511e-13,1.261197e+08,4.260443e-11,1.285632e+00,4.022092e+00,2.276609e+02,4.395253e-05,2.484717e+00,6.970693e-05,1.103184e-04,2.362358e+01,4.250000e-01,false
7,1.000000e+18,1,11,CONTINUE,6.690931e-04,6.712016e-04,1.000000e-09,6.690931e-05,2.225555e-14,9.091661e-10,9.135601e-03,2.444104e+01,1.692144e-04,5.958473e-03,1.580063e+01,2.484775e+00,1.844912e-05,1.371439e+04,REFINE_STALLED,REFINE_STALLED,REFINE_STALLED,1,3,3,1,3,3,1,2,2,8.091281e+05,2.514408e+01,8.091317e+05,2.514657e+01,3.988603e+08,2.276936e+02,9.950838e-13,9.950906e-13,2.329314e-10,solution good enough for the tolerances given,solution good enough for the tolerances given,solution good enough for the tolerances given,9.950838e-13,9.950906e-13,2.329314e-10,8.091281e+05,1.255167e-13,8.091317e+05,1.201651e-13,3.988603e+08,4.260456e-11,1.285588e+00,4.022554e+00,2.276631e+02,4.395252e-05,2.484717e+00,6.970693e-05,1.103184e-04,2.362358e+01,4.250000e-01,false
8,1.000000e+00,0,38,CONTINUE,1.136909e-04,6.976672e-05,1.000000e-09,1.136909e-05,2.221230e-14,1.349630e-02,4.474837e-01,3.962011e+01,2.395006e-06,7.463075e+00,4.325898e-01,1.983299e-01,4.798594e-07,1.945298e+03,REACHED_FORCE,REACHED_FORCE,REACHED_FORCE,12,0,0,12,2,1,12,0,0,5.678438e-06,NaN,2.643149e-05,1.200820e-06,1.614477e-06,NaN,8.258978e-03,1.049243e-02,3.042218e-03,solution good enough for the tolerances given,solution good enough for the tolerances given,solution good enough for the tolerances given,2.701984e-05,7.080378e-05,1.325151e-05,2.700356e-15,5.678438e-06,1.521291e-14,2.643149e-05,1.436805e-15,1.614477e-06,5.678438e-06,1.200820e-06,1.614477e-06,9.796558e-04,4.412682e+01,7.439334e-06,1.136780e-05,5.137813e+00,4.500000e-01,false
8,3.162000e+00,0,28,CONTINUE,1.136909e-04,6.973447e-05,1.000000e-09,1.136909e-05,2.221230e-14,1.124889e-02,4.477274e-01,3.961393e+01,2.394482e-06,7.449254e+00,4.327489e-01,1.981578e-01,4.798594e-07,1.945298e+03,REACHED_FORCE,REACHED_FORCE,REACHED_FORCE,8,2,1,8,3,1,7,0,0,1.306819e-05,1.791931e-06,8.015998e-05,1.467663e-06,7.326960e-06,NaN,6.163823e-03,7.099493e-03,1.842695e-03,solution good enough for the tolerances given,solution good enough for the tolerances given,solution good enough for the tolerances given,3.883636e-05,6.023968e-05,4.907294e-05,4.672947e-15,1.306819e-05,2.579993e-14,8.015998e-05,2.480825e-15,7.326960e-06,1.791931e-06,1.467663e-06,7.326960e-06,5.509251e-04,2.483782e+01,7.439334e-06,1.136780e-05,5.137813e+00,4.500000e-01,false
8,1.000000e+01,0,19,CONTINUE,1.136909e-04,6.973054e-05,1.000000e-09,1.136909e-05,2.221230e-14,1.124889e-02,4.477162e-01,3.961477e+01,2.393870e-06,7.450771e+00,4.327070e-01,1.981775e-01,4.798594e-07,1.945298e+03,REACHED_FORCE,REACHED_FORCE,REACHED_FORCE,6,0,0,6,2,1,5,0,0,6.731023e-06,NaN,3.211849e-05,5.930359e-07,3.235215e-06,NaN,5.111975e-03,4.858816e-03,1.165780e-03,solution good enough for the tolerances given,solution good enough for the tolerances given,solution good enough for the tolerances given,6.977086e-06,1.102463e-05,2.286626e-05,5.295274e-14,6.731023e-06,2.960542e-13,3.211849e-05,2.818752e-14,3.235215e-06,6.731023e-06,5.930359e-07,3.235215e-06,3.097944e-04,1.400275e+01,7.439334e-06,1.136780e-05,5.137813e+00,4.500000e-01,false
8,3.162000e+01,0,12,CONTINUE,1.136909e-04,6.983067e-05,1.000000e-09,1.136909e-05,2.221230e-14,1.124889e-02,4.468817e-01,3.960742e+01,2.398438e-06,7.453069e+00,4.325189e-01,1.986221e-01,4.798594e-07,1.945298e+03,REACHED_FORCE,REACHED_FORCE,REACHED_FORCE,4,0,0,4,0,0,4,0,0,1.590471e-06,NaN,1.039514e-05,NaN,6.508821e-07,NaN,4.027542e-03,2.908144e-03,6.724451e-04,solution good enough for the tolerances given,solution good enough for the tolerances given,solution good enough for the tolerances given,1.436405e-05,2.384293e-05,4.441974e-06,1.129660e-13,1.590471e-06,6.302307e-13,1.039514e-05,5.982780e-14,6.508821e-07,1.590471e-06,1.039514e-05,6.508821e-07,1.742178e-04,7.930026e+00,7.439334e-06,1.136780e-05,5.137813e+00,4.500000e-01,false
8,1.000000e+02,0,10,CONTINUE,1.136909e-04,6.961419e-05,1.000000e-09,1.136909e-05,2.221230e-14,1.124889e-02,4.488889e-01,3.962558e+01,2.389101e-06,7.448315e+00,4.326110e-01,1.977574e-01,4.798594e-07,1.945298e+03,REACHED_FORCE,REACHED_FORCE,REACHED_FORCE,3,0,0,4,0,0,3,0,0,2.381475e-06,NaN,7.151875e-06,NaN,6.795403e-07,NaN,2.536431e-03,1.496610e-03,3.375724e-04,solution good enough for the tolerances given,solution good enough for the tolerances given,solution good enough for the tolerances given,1.192374e-05,2.982450e-07,5.524599e-06,3.907655e-13,2.381475e-06,2.173493e-12,7.151875e-06,2.066807e-13,6.795403e-07,2.381475e-06,7.151875e-06,6.795403e-07,9.796558e-05,4.538692e+00,7.439334e-06,1.136780e-05,5.137813e+00,4.500000e-01,false
8,3.162000e+02,0,9,CONTINUE,1.136909e-04,6.976026e-05,1.000000e-09,1.136909e-05,2.221230e-14,1.124889e-02,4.475163e-01,3.961910e+01,2.394847e-06,7.460939e+00,4.325913e-01,1.983148e-01,4.798594e-07,1.945298e+03,REACHED_FORCE,REACHED_FORCE,REACHED_FORCE,3,0,0,3,0,0,3,0,0,8.252070e-08,NaN,2.732340e-07,NaN,2.372311e-08,NaN,1.178521e-03,6.400188e-04,1.427171e-04,solution good enough for the tolerances given,solution good enough for the tolerances given,solution good enough for the tolerances given,4.155413e-07,6.191309e-07,1.849074e-07,3.246745e-13,8.252070e-08,1.747741e-12,2.732340e-07,1.652045e-13,2.372311e-08,8.252070e-08,2.732340e-07,2.372311e-08,5.509252e-05,2.668449e+00,7.439334e-06,1.136780e-05,5.137813e+00,4.500000e-01,false
8,1.000000e+03,0,6,CONTINUE,1.136909e-04,6.977869e-05,1.000000e-09,1.136909e-05,2.221230e-14,1.124889e-02,4.474406e-01,3.958786e+01,2.398511e-06,7.412841e+00,4.325001e-01,1.984158e-01,4.798594e-07,1.945298e+03,REACHED_FORCE,REACHED_FORCE,REACHED_FORCE,2,0,0,2,0,0,2,0,0,1.975973e-07,NaN,2.946467e-06,NaN,2.070264e-07,NaN,4.380020e-04,2.315017e-04,5.143699e-05,solution good enough for the tolerances given,solution good enough for the tolerances given,solution good enough for the tolerances given,2.627399e-06,6.530384e-06,1.532809e-06,3.962090e-12,1.975973e-07,2.200785e-11,2.946467e-06,2.098286e-12,2.070264e-07,1.975973e-07,2.946467e-06,2.070264e-07,3.097946e-05,2.541552e+00,7.439334e-06,1.136780e-05,5.137813e+00,4.500000e-01,false
8,3.162000e+03,0,6,CONTINUE,1.136909e-04,6.976791e-05,1.000000e-09,1.136909e-05,2.221230e-14,1.124889e-02,4.474555e-01,3.961544e+01,2.395466e-06,7.456178e+00,4.325791e-01,1.983478e-01,4.798594e-07,1.945298e+03,REACHED_FORCE,REACHED_FORCE,REACHED_FORCE,2,0,0,2,0,0,2,0,0,2.091719e-08,NaN,3.067949e-07,NaN,2.147363e-08,NaN,1.466663e-04,7.692471e-05,1.705895e-05,solution good enough for the tolerances given,solution good enough for the tolerances given,solution good enough for the tolerances given,2.674476e-07,6.784132e-07,1.595642e-07,5.675208e-12,2.091719e-08,3.155488e-11,3.067949e-07,2.986279e-12,2.147363e-08,2.091719e-08,3.067949e-07,2.147363e-08,1.742184e-05,2.508560e+00,7.439334e-06,1.136780e-05,5.137813e+00,4.500000e-01,false
8,1.000000e+04,0,5,CONTINUE,1.136909e-04,6.922570e-05,1.000000e-09,1.136909e-05,2.221230e-14,1.124889e-02,4.537403e-01,3.946839e+01,2.386766e-06,7.123712e+00,4.299421e-01,1.968869e-01,4.798594e-07,1.945298e+03,REACHED_FORCE,REACHED_FORCE,REACHED_FORCE,2,0,0,2,0,0,1,0,0,1.487983e-06,NaN,8.227512e-06,NaN,8.160116e-07,NaN,4.725521e-05,2.459956e-05,5.479719e-06,solution good enough for the tolerances given,solution good enough for the tolerances given,solution good enough for the tolerances given,2.689031e-08,6.830709e-08,5.479719e-06,9.824591e-12,1.487983e-06,5.401229e-11,8.227512e-06,5.347928e-12,8.160116e-07,1.487983e-06,8.227512e-06,8.160116e-07,9.796576e-06,2.493127e+00,7.439334e-06,1.136780e-05,5.137813e+00,4.500000e-01,false
8,3.162000e+04,0,4,CONTINUE,1.136909e-04,6.953302e-05,1.000000e-09,1.136909e-05,2.221230e-14,1.124889e-02,4.500049e-01,3.956654e+01,2.391070e-06,7.337089e+00,4.320185e-01,1.975198e-01,4.798594e-07,1.945298e+03,REACHED_FORCE,REACHED_FORCE,REACHED_FORCE,2,0,0,1,0,0,1,0,0,4.862494e-07,NaN,3.892334e-06,NaN,2.595288e-07,NaN,1.503487e-05,7.846770e-06,1.741782e-06,solution good enough for the tolerances given,solution good enough for the tolerances given,solution good enough for the tolerances given,2.694284e-09,7.846770e-06,1.741782e-06,4.680441e-11,4.862494e-07,2.566731e-10,3.892334e-06,2.471598e-11,2.595288e-07,4.862494e-07,3.892334e-06,2.595288e-07,5.509067e-06,2.487478e+00,7.439334e-06,1.136780e-05,5.137813e+00,4.500000e-01,false
8,1.000000e+05,0,3,CONTINUE,1.136909e-04,6.968089e-05,1.000000e-09,1.136909e-05,2.221230e-14,1.124889e-02,4.483579e-01,3.960230e+01,2.394499e-06,7.420432e+00,4.325286e-01,1.979923e-01,4.798594e-07,1.945298e+03,REACHED_FORCE,REACHED_FORCE,REACHED_FORCE,1,0,0,1,0,0,1,0,0,5.808524e-07,NaN,1.242222e-06,NaN,8.221023e-08,NaN,4.763114e-06,2.483065e-06,5.516380e-07,solution good enough for the tolerances given,solution good enough for the tolerances given,solution good enough for the tolerances given,4.763114e-06,2.483065e-06,5.516380e-07,1.596432e-10,5.808524e-07,8.710604e-10,1.242222e-06,8.281738e-11,8.221023e-08,5.808524e-07,1.242222e-06,8.221023e-08,3.098356e-06,2.485601e+00,7.439334e-06,1.136780e-05,5.137813e+00,4.500000e-01,true
8,3.162000e+05,0,3,CONTINUE,1.136909e-04,6.974053e-05,1.000000e-09,1.136909e-05,2.221230e-14,1.124889e-02,4.477452e-01,3.961343e+01,2.394915e-06,7.448168e+00,4.325684e-01,1.982291e-01,4.798594e-07,1.945298e+03,REACHED_FORCE,REACHED_FORCE,REACHED_FORCE,1,0,0,1,0,0,1,0,0,1.839188e-07,NaN,3.943272e-07,NaN,2.601420e-08,NaN,1.507272e-06,7.870259e-07,1.745474e-07,solution good enough for the tolerances given,solution good enough for the tolerances given,solution good enough for the tolerances given,1.507272e-06,7.870259e-07,1.745474e-07,7.650370e-10,1.839188e-07,4.260290e-09,3.943272e-07,4.052998e-10,2.601420e-08,1.839188e-07,3.943272e-07,2.601420e-08,1.741828e-06,2.484998e+00,7.439334e-06,1.136780e-05,5.137813e+00,4.500000e-01,false
8,1.000000e+06,0,3,CONTINUE,1.136909e-04,6.975133e-05,1.000000e-09,1.136909e-05,2.221230e-14,1.124889e-02,4.475528e-01,3.961682e+01,2.395043e-06,7.456727e+00,4.325814e-01,1.983032e-01,4.798594e-07,1.945298e+03,REACHED_FORCE,REACHED_FORCE,REACHED_FORCE,1,0,0,1,0,0,1,0,0,5.817732e-08,NaN,1.248296e-07,NaN,8.227167e-09,NaN,4.766906e-07,2.490254e-07,5.520080e-08,solution good enough for the tolerances given,solution good enough for the tolerances given,solution good enough for the tolerances given,4.766906e-07,2.490254e-07,5.520080e-08,2.838421e-09,5.817732e-08,1.572725e-08,1.248296e-07,1.488850e-09,8.227167e-09,5.817732e-08,1.248296e-07,8.227167e-09,9.789487e-07,2.484806e+00,7.439334e-06,1.136780e-05,5.137813e+00,4.500000e-01,false
8,3.162000e+06,0,3,CONTINUE,1.136909e-04,6.977571e-05,1.000000e-09,1.136909e-05,2.221230e-14,1.124889e-02,4.474877e-01,3.961823e+01,2.395094e-06,7.460110e+00,4.325841e-01,1.983293e-01,4.798594e-07,1.945298e+03,REACHED_FORCE,REACHED_FORCE,REACHED_FORCE,1,0,0,1,0,0,1,0,0,1.840111e-08,NaN,3.949552e-08,NaN,3.319909e-09,NaN,1.507652e-07,7.877788e-08,1.745845e-08,solution good enough for the tolerances given,solution good enough for the tolerances given,solution good enough for the tolerances given,1.507652e-07,7.877788e-08,1.745845e-08,6.308169e-09,1.840111e-08,3.501250e-08,3.949552e-08,3.319909e-09,2.602035e-09,1.840111e-08,3.949552e-08,3.319909e-09,5.513910e-07,2.484745e+00,7.439334e-06,1.136780e-05,5.137813e+00,4.500000e-01,false
8,1.000000e+07,0,3,CONTINUE,1.136909e-04,6.975812e-05,1.000000e-09,1.136909e-05,2.221230e-14,1.124889e-02,4.474722e-01,3.961824e+01,2.395097e-06,7.460408e+00,4.325868e-01,1.983342e-01,4.798594e-07,1.945298e+03,REACHED_FORCE,REACHED_FORCE,REACHED_FORCE,1,0,0,1,0,0,1,0,0,2.064925e-08,NaN,1.149038e-07,NaN,1.090436e-08,NaN,4.767286e-08,2.490958e-08,5.520452e-09,solution good enough for the tolerances given,solution good enough for the tolerances given,solution good enough for the tolerances given,4.767286e-08,2.490958e-08,5.520452e-09,2.064925e-08,5.818684e-09,1.149038e-07,1.248899e-08,1.090436e-08,8.227785e-10,2.064925e-08,1.149038e-07,1.090436e-08,3.090748e-07,2.484726e+00,7.439334e-06,1.136780e-05,5.137813e+00,4.500000e-01,false
8,3.162000e+07,0,3,CONTINUE,1.136909e-04,6.989558e-05,1.000000e-09,1.136909e-05,2.221230e-14,1.124889e-02,4.474444e-01,3.962028e+01,2.395178e-06,7.470866e+00,4.325673e-01,1.983565e-01,4.798594e-07,1.945298e+03,REACHED_FORCE,REACHED_FORCE,REACHED_FORCE,1,0,0,1,0,0,1,0,0,6.701165e-08,NaN,3.745929e-07,NaN,3.532490e-08,NaN,1.507690e-08,7.881375e-09,1.745884e-09,solution good enough for the tolerances given,solution good enough for the tolerances given,solution good enough for the tolerances given,1.507690e-08,7.881375e-09,1.745884e-09,6.701165e-08,1.840242e-09,3.745929e-07,3.951643e-09,3.532490e-08,2.602100e-10,6.701165e-08,3.745929e-07,3.532490e-08,1.688592e-07,2.484720e+00,7.439334e-06,1.136780e-05,5.137813e+00,4.500000e-01,false
8,1.000000e+08,0,3,CONTINUE,1.136909e-04,6.961076e-05,1.000000e-09,1.136909e-05,2.221230e-14,1.124889e-02,4.476222e-01,3.961054e+01,2.395085e-06,7.528504e+00,4.324114e-01,1.983475e-01,4.798594e-07,1.945298e+03,REACHED_FORCE,REACHED_FORCE,REACHED_FORCE,1,0,0,1,0,0,1,0,0,1.134102e-07,NaN,6.407790e-07,NaN,5.856088e-08,NaN,4.767324e-09,2.489038e-09,5.520503e-10,solution good enough for the tolerances given,solution good enough for the tolerances given,solution good enough for the tolerances given,4.767324e-09,2.489038e-09,5.520503e-10,1.134102e-07,5.820827e-10,6.407790e-07,1.246902e-09,5.856088e-08,8.227869e-11,1.134102e-07,6.407790e-07,5.856088e-08,8.475275e-08,2.484718e+00,7.439334e-06,1.136780e-05,5.137813e+00,4.500000e-01,false
8,3.162000e+08,0,3,CONTINUE,1.136909e-04,7.058357e-05,1.000000e-09,1.136909e-05,2.221230e-14,1.124889e-02,4.476097e-01,3.961869e+01,2.395608e-06,7.631923e+00,4.320924e-01,1.985080e-01,4.798594e-07,1.945298e+03,REACHED_FORCE,REACHED_FORCE,REACHED_FORCE,1,0,0,1,0,0,1,0,0,4.147126e-07,NaN,2.340666e-06,NaN,2.222658e-07,NaN,1.507694e-09,7.892894e-10,1.745904e-10,solution good enough for the tolerances given,solution good enough for the tolerances given,solution good enough for the tolerances given,1.507694e-09,7.892894e-10,1.745904e-10,4.147126e-07,1.841854e-10,2.340666e-06,3.951513e-10,2.222658e-07,2.602128e-11,4.147126e-07,2.340666e-06,2.222658e-07,6.721974e-08,2.484717e+00,7.439334e-06,1.136780e-05,5.137813e+00,4.500000e-01,false
8,1.000000e+09,0,4,CONTINUE,1.136909e-04,6.929050e-05,1.000000e-09,1.136909e-05,2.221230e-14,1.124889e-02,4.491931e-01,3.947527e+01,2.391208e-06,7.207687e+00,4.330376e-01,1.972952e-01,4.798594e-07,1.945298e+03,REACHED_FORCE,REACHED_FORCE,REACHED_FORCE,1,0,0,1,1,1,1,0,0,3.412652e-06,NaN,1.832530e-05,3.886468e-08,1.796897e-06,NaN,4.767332e-10,2.421148e-10,5.520543e-11,solution good enough for the tolerances given,solution good enough for the tolerances given,solution good enough for the tolerances given,4.767332e-10,2.421148e-10,5.520543e-11,3.412652e-06,5.820236e-11,1.832530e-05,1.208238e-10,1.796897e-06,8.228009e-12,3.412652e-06,3.886468e-08,1.796897e-06,6.025209e-08,2.484717e+00,7.439334e-06,1.136780e-05,5.137813e+00,4.500000e-01,false
8,3.162000e+09,1,7,CONTINUE,1.136909e-04,1.066224e-04,1.000000e-09,1.136909e-05,2.221230e-14,8.119498e-03,1.531888e-04,3.489505e+01,4.594746e-06,1.451484e+00,6.199592e-01,3.894608e-01,4.798594e-07,1.945298e+03,REFINE_STALLED,REFINE_STALLED,REFINE_STALLED,1,1,1,1,1,1,1,2,2,1.505437e-02,2.640749e-02,5.084945e-02,9.797007e-02,1.490368e+00,5.577594e-02,1.225199e-10,1.917767e-10,4.352319e-10,solution good enough for the tolerances given,solution good enough for the tolerances given,solution good enough for the tolerances given,1.225199e-10,1.917767e-10,4.352319e-10,1.505437e-02,1.425065e-11,5.084945e-02,1.420941e-11,1.490368e+00,5.808295e-11,2.640749e-02,9.797007e-02,3.505503e-02,4.472137e-05,2.484717e+00,7.439334e-06,1.136780e-05,5.137813e+00,4.500000e-01,false
8,1.000000e+10,1,8,CONTINUE,1.136909e-04,1.066296e-04,1.000000e-09,1.136909e-05,2.221230e-14,6.375007e-03,2.844080e-04,3.489484e+01,4.594603e-06,2.619174e-01,2.393001e-01,3.894923e-01,4.798594e-07,1.945298e+03,REFINE_STALLED,REFINE_STALLED,REFINE_STALLED,1,1,1,1,1,1,1,3,3,1.261980e-02,1.746730e-02,2.491196e-02,4.369448e-02,4.527127e+00,2.483377e-01,3.656214e-11,5.663971e-11,3.285346e-10,solution good enough for the tolerances given,solution good enough for the tolerances given,solution good enough for the tolerances given,3.656214e-11,5.663971e-11,3.285346e-10,1.261980e-02,5.016363e-12,2.491196e-02,7.428681e-12,4.527127e+00,3.892626e-11,1.746730e-02,4.369448e-02,7.175953e-02,4.472137e-05,2.484717e+00,7.439334e-06,1.136780e-05,5.137813e+00,4.500000e-01,false
8,3.162000e+10,1,9,CONTINUE,1.136909e-04,1.066380e-04,1.000000e-09,1.136909e-05,2.221230e-14,4.622163e-03,1.213402e-03,3.489478e+01,4.592666e-06,2.842212e-02,1.488913e-01,3.895599e-01,4.798594e-07,1.945298e+03,REFINE_STALLED,REFINE_STALLED,REFINE_STALLED,1,2,2,1,2,2,1,2,2,1.888133e-02,8.678622e-03,3.505756e-02,1.720944e-02,1.373987e+01,6.392634e-01,1.074516e-11,1.727430e-11,2.679868e-10,solution good enough for the tolerances given,solution good enough for the tolerances given,solution good enough for the tolerances given,1.074516e-11,1.727430e-11,2.679868e-10,1.888133e-02,1.612169e-12,3.505756e-02,2.600109e-12,1.373987e+01,3.656518e-11,9.681827e-03,1.657397e-02,4.441607e-01,4.472137e-05,2.484717e+00,7.439334e-06,1.136780e-05,5.137813e+00,4.500000e-01,false
8,1.000000e+11,1,9,CONTINUE,1.136909e-04,1.066767e-04,1.000000e-09,1.136909e-05,2.221230e-14,2.932694e-03,3.637780e-03,3.489477e+01,4.587963e-06,6.206757e-03,1.713614e-01,3.898164e-01,4.798594e-07,1.945298e+03,REFINE_STALLED,REFINE_STALLED,REFINE_STALLED,1,2,2,1,2,2,1,2,2,2.733871e-02,9.440771e-03,4.551895e-02,1.740394e-02,4.207583e+01,1.504157e+00,2.995021e-12,5.631117e-12,2.440633e-10,solution good enough for the tolerances given,solution good enough for the tolerances given,solution good enough for the tolerances given,2.995021e-12,5.631117e-12,2.440633e-10,2.733871e-02,4.450408e-13,4.551895e-02,8.490774e-13,4.207583e+01,3.701837e-11,1.138723e-02,1.722018e-02,8.925050e-01,4.472137e-05,2.484717e+00,7.439334e-06,1.136780e-05,5.137813e+00,4.500000e-01,false
8,3.162000e+11,1,7,CONTINUE,1.136909e-04,1.270308e-03,1.000000e-09,1.136909e-05,2.221230e-14,1.565982e-03,2.432579e-01,3.489444e+01,4.269860e-06,1.110170e-03,3.442957e-01,4.611153e-01,4.798594e-07,1.945298e+03,REFINE_STALLED,REFINE_STALLED,REFINE_STALLED,1,1,1,1,1,1,1,2,2,4.083236e-02,2.427681e-02,6.312521e-02,3.598265e-02,1.299624e+02,5.028072e+00,7.217584e-13,2.202540e-12,2.342599e-10,solution good enough for the tolerances given,solution good enough for the tolerances given,solution good enough for the tolerances given,7.217584e-13,2.202540e-12,2.342599e-10,4.083236e-02,9.967541e-14,6.312521e-02,3.342261e-13,1.299624e+02,3.851065e-11,2.427681e-02,3.598265e-02,2.770753e+00,4.472137e-05,2.484717e+00,7.439334e-06,1.136780e-05,5.137813e+00,4.500000e-01,false
8,1.000000e+12,1,9,CONTINUE,1.136909e-04,1.066640e-04,1.000000e-09,1.136909e-05,2.221230e-14,6.973876e-04,1.218143e-03,3.489474e+01,4.592665e-06,3.766950e-03,2.054540e-01,3.897062e-01,4.798594e-07,1.945298e+03,REFINE_STALLED,REFINE_STALLED,REFINE_STALLED,1,2,2,1,2,2,1,2,2,1.432779e-01,4.003198e-02,1.465148e-01,5.936011e-02,4.044407e+02,1.105098e+01,9.729478e-14,7.156257e-13,2.314867e-10,solution good enough for the tolerances given,solution good enough for the tolerances given,solution good enough for the tolerances given,9.729478e-14,7.156257e-13,2.314867e-10,1.432779e-01,1.156134e-14,1.465148e-01,1.078555e-13,4.044407e+02,4.049641e-11,2.960643e-02,4.675346e-02,8.464675e+00,4.461221e-05,2.484717e+00,7.439334e-06,1.136780e-05,5.137813e+00,4.500000e-01,false
8,3.162000e+12,1,9,CONTINUE,1.136909e-04,1.067823e-04,1.000000e-09,1.136909e-05,2.221230e-14,2.610702e-04,4.938983e-03,3.489475e+01,4.585451e-06,1.867245e-03,2.336574e-01,3.904287e-01,4.798594e-07,1.945298e+03,REFINE_STALLED,REFINE_STALLED,REFINE_STALLED,1,2,2,1,2,2,1,2,2,4.426044e-01,3.568113e-02,4.407923e-01,4.803831e-02,1.267886e+03,1.953024e+01,1.143698e-13,3.405911e-13,2.319045e-10,solution good enough for the tolerances given,solution good enough for the tolerances given,solution good enough for the tolerances given,1.143698e-13,3.405911e-13,2.319045e-10,4.426044e-01,1.407677e-14,4.407923e-01,4.828555e-14,1.267886e+03,4.178062e-11,3.203324e-02,4.881649e-02,1.600641e+01,4.417642e-05,2.484717e+00,7.439334e-06,1.136780e-05,5.137813e+00,4.500000e-01,false
8,1.000000e+13,1,9,CONTINUE,1.136909e-04,1.070594e-04,1.000000e-09,1.136909e-05,2.221230e-14,8.803492e-05,1.394316e-02,3.489476e+01,4.567443e-06,1.495752e-03,2.361179e-01,3.921406e-01,4.798594e-07,1.945298e+03,REFINE_STALLED,REFINE_STALLED,REFINE_STALLED,1,2,2,1,2,2,1,2,2,1.371981e+00,3.654350e-02,1.365497e+00,4.839960e-02,3.995785e+03,2.563397e+01,1.609321e-13,2.297249e-13,2.325142e-10,solution good enough for the tolerances given,solution good enough for the tolerances given,solution good enough for the tolerances given,1.609321e-13,2.297249e-13,2.325142e-10,1.371981e+00,2.047054e-14,1.365497e+00,3.117468e-14,3.995785e+03,4.232358e-11,3.359007e-02,4.969169e-02,2.384953e+01,4.402516e-05,2.484717e+00,7.439334e-06,1.136780e-05,5.137813e+00,4.500000e-01,false
8,3.162000e+13,1,9,CONTINUE,1.136909e-04,1.074088e-04,1.000000e-09,1.136909e-05,2.221230e-14,2.845596e-05,2.761510e-02,3.489479e+01,4.538048e-06,1.396245e-03,2.227552e-01,3.943467e-01,4.798594e-07,1.945298e+03,REFINE_STALLED,REFINE_STALLED,REFINE_STALLED,1,2,2,1,2,2,1,2,2,4.303899e+00,3.896376e-02,4.294876e+00,4.780347e-02,1.261929e+04,2.829438e+01,1.755734e-13,1.964605e-13,2.327879e-10,solution good enough for the tolerances given,solution good enough for the tolerances given,solution good enough for the tolerances given,1.755734e-13,1.964605e-13,2.327879e-10,4.303899e+00,2.274389e-14,4.294876e+00,2.603055e-14,1.261929e+04,4.251328e-11,4.047905e-02,4.916664e-02,2.762370e+01,4.397569e-05,2.484717e+00,7.439334e-06,1.136780e-05,5.137813e+00,4.500000e-01,false
8,1.000000e+14,1,9,CONTINUE,1.136909e-04,1.076206e-04,1.000000e-09,1.136909e-05,2.221230e-14,9.061698e-06,4.081951e-02,3.489482e+01,4.506244e-06,1.363233e-03,2.018747e-01,3.957677e-01,4.798594e-07,1.945298e+03,REFINE_STALLED,REFINE_STALLED,REFINE_STALLED,1,2,2,1,2,2,1,2,2,1.357422e+01,4.083263e-02,1.356450e+01,4.655577e-02,3.989336e+04,2.923851e+01,1.801642e-13,1.864990e-13,2.328845e-10,solution good enough for the tolerances given,solution good enough for the tolerances given,solution good enough for the tolerances given,1.801642e-13,1.864990e-13,2.328845e-10,1.357422e+01,2.348174e-14,1.356450e+01,2.448056e-14,3.989336e+04,4.257540e-11,4.320148e-02,4.795355e-02,2.901384e+01,4.395985e-05,2.484717e+00,7.439334e-06,1.136780e-05,5.137813e+00,4.500000e-01,false
8,3.162000e+14,1,9,CONTINUE,1.136909e-04,1.076685e-04,1.000000e-09,1.136909e-05,2.221230e-14,2.872286e-06,4.873328e-02,3.489483e+01,4.485042e-06,1.351200e-03,1.863756e-01,3.961697e-01,4.798594e-07,1.945298e+03,REFINE_STALLED,REFINE_STALLED,REFINE_STALLED,1,2,2,1,2,2,1,2,2,4.288386e+01,4.145675e-02,4.287394e+01,4.558040e-02,1.261269e+05,2.954860e+01,1.816110e-13,1.835562e-13,2.329164e-10,solution good enough for the tolerances given,solution good enough for the tolerances given,solution good enough for the tolerances given,1.816110e-13,1.835562e-13,2.329164e-10,4.288386e+01,2.371409e-14,4.287394e+01,2.401637e-14,1.261269e+05,4.259536e-11,4.411765e-02,4.698829e-02,2.947624e+01,4.395483e-05,2.484717e+00,7.439334e-06,1.136780e-05,5.137813e+00,4.500000e-01,false
8,1.000000e+15,1,9,CONTINUE,1.136909e-04,1.076685e-04,1.000000e-09,1.136909e-05,2.221230e-14,9.088672e-07,5.209215e-02,3.489484e+01,4.475488e-06,1.346977e-03,1.792609e-01,3.962232e-01,4.798594e-07,1.945298e+03,REFINE_STALLED,REFINE_STALLED,REFINE_STALLED,1,2,2,1,2,2,1,2,2,1.355845e+02,4.166503e-02,1.355752e+02,4.511828e-02,3.988679e+05,2.964781e+01,1.820679e-13,1.826746e-13,2.329268e-10,solution good enough for the tolerances given,solution good enough for the tolerances given,solution good enough for the tolerances given,1.820679e-13,1.826746e-13,2.329268e-10,1.355845e+02,2.379859e-14,1.355752e+02,2.387805e-14,3.988679e+05,4.260146e-11,4.441307e-02,4.653269e-02,2.962473e+01,4.395324e-05,2.484717e+00,7.439334e-06,1.136780e-05,5.137813e+00,4.500000e-01,false
8,3.162000e+15,1,9,CONTINUE,1.136909e-04,1.076653e-04,1.000000e-09,1.136909e-05,2.221230e-14,2.874994e-07,5.330552e-02,3.489484e+01,4.471952e-06,1.345551e-03,1.766283e-01,3.962246e-01,4.798594e-07,1.945298e+03,REFINE_STALLED,REFINE_STALLED,REFINE_STALLED,1,2,2,1,2,2,1,2,2,4.286760e+02,4.179218e-02,4.286676e+02,4.493185e-02,1.261202e+06,2.967937e+01,1.822122e-13,1.824029e-13,2.329298e-10,solution good enough for the tolerances given,solution good enough for the tolerances given,solution good enough for the tolerances given,1.822122e-13,1.824029e-13,2.329298e-10,4.286760e+02,2.384044e-14,4.286676e+02,2.379655e-14,1.261202e+06,4.260365e-11,4.450765e-02,4.636211e-02,2.967197e+01,4.395273e-05,2.484717e+00,7.439334e-06,1.136780e-05,5.137813e+00,4.500000e-01,false
8,1.000000e+16,1,9,CONTINUE,1.136909e-04,1.076636e-04,1.000000e-09,1.136909e-05,2.221230e-14,9.091384e-08,5.377376e-02,3.489484e+01,4.470574e-06,1.345066e-03,1.756003e-01,3.962223e-01,4.798594e-07,1.945298e+03,REFINE_STALLED,REFINE_STALLED,REFINE_STALLED,1,2,2,1,2,2,1,2,2,1.355677e+03,4.225289e-02,1.355672e+03,4.461567e-02,3.988605e+06,2.968947e+01,1.822579e-13,1.823181e-13,2.329308e-10,solution good enough for the tolerances given,solution good enough for the tolerances given,solution good enough for the tolerances given,1.822579e-13,1.823181e-13,2.329308e-10,1.355677e+03,2.396755e-14,1.355672e+03,2.395877e-14,3.988605e+06,4.260420e-11,4.453786e-02,4.629490e-02,2.968690e+01,4.395258e-05,2.484717e+00,7.439334e-06,1.136780e-05,5.137813e+00,4.500000e-01,false
8,3.162000e+16,1,9,CONTINUE,1.136909e-04,1.076616e-04,1.000000e-09,1.136909e-05,2.221230e-14,2.875264e-08,5.414573e-02,3.489484e+01,4.469465e-06,1.344808e-03,1.747374e-01,3.962168e-01,4.798594e-07,1.945298e+03,REFINE_STALLED,REFINE_STALLED,REFINE_STALLED,1,2,2,1,2,2,1,2,2,4.286619e+03,4.681506e-02,4.286608e+03,5.017412e-02,1.261196e+07,2.969303e+01,1.822724e-13,1.822914e-13,2.329312e-10,solution good enough for the tolerances given,solution good enough for the tolerances given,solution good enough for the tolerances given,1.822724e-13,1.822914e-13,2.329312e-10,4.286619e+03,2.299727e-14,4.286608e+03,2.339832e-14,1.261196e+07,4.260440e-11,4.454860e-02,4.623765e-02,2.969138e+01,4.395254e-05,2.484717e+00,7.439334e-06,1.136780e-05,5.137813e+00,4.500000e-01,false
8,1.000000e+17,1,11,CONTINUE,1.136909e-04,1.076634e-04,1.000000e-09,1.136909e-05,2.221230e-14,9.091653e-09,5.383406e-02,3.489484e+01,4.470397e-06,1.344913e-03,1.754725e-01,3.962223e-01,4.798594e-07,1.945298e+03,REFINE_STALLED,REFINE_STALLED,REFINE_STALLED,1,3,3,1,3,3,1,2,2,1.355660e+04,2.503976e-01,1.355653e+04,2.504757e-01,3.988600e+07,2.969535e+01,1.822770e-13,1.822828e-13,2.329313e-10,solution good enough for the tolerances given,solution good enough for the tolerances given,solution good enough for the tolerances given,1.822770e-13,1.822828e-13,2.329313e-10,1.355660e+04,2.284241e-14,1.355653e+04,2.177114e-14,3.988600e+07,4.260446e-11,4.454917e-02,4.628691e-02,2.969221e+01,4.395252e-05,2.484717e+00,7.439334e-06,1.136780e-05,5.137813e+00,4.500000e-01,false
8,3.162000e+17,1,11,CONTINUE,1.136909e-04,1.076634e-04,1.000000e-09,1.136909e-05,2.221230e-14,2.875293e-09,5.383268e-02,3.489484e+01,4.470399e-06,1.344912e-03,1.754704e-01,3.962220e-01,4.798594e-07,1.945298e+03,REFINE_STALLED,REFINE_STALLED,REFINE_STALLED,1,3,3,1,3,3,1,2,2,4.286562e+04,2.537059e+00,4.286563e+04,2.537209e+00,1.261197e+08,2.969991e+01,1.822785e-13,1.822801e-13,2.329314e-10,solution good enough for the tolerances given,solution good enough for the tolerances given,solution good enough for the tolerances given,1.822785e-13,1.822801e-13,2.329314e-10,4.286562e+04,3.188866e-14,4.286563e+04,3.161141e-14,1.261197e+08,4.260453e-11,4.455028e-02,4.628689e-02,2.969059e+01,4.395251e-05,2.484717e+00,7.439334e-06,1.136780e-05,5.137813e+00,4.500000e-01,false
8,1.000000e+18,1,11,CONTINUE,1.136909e-04,1.076654e-04,1.000000e-09,1.136909e-05,2.221230e-14,9.091683e-10,5.379887e-02,3.489484e+01,4.470551e-06,1.344967e-03,1.757270e-01,3.962332e-01,4.798594e-07,1.945298e+03,REFINE_STALLED,REFINE_STALLED,REFINE_STALLED,1,3,3,1,3,3,1,2,2,1.355620e+05,2.537546e+01,1.355627e+05,2.537659e+01,3.988606e+08,2.971333e+01,1.822789e-13,1.822794e-13,2.329315e-10,solution good enough for the tolerances given,solution good enough for the tolerances given,solution good enough for the tolerances given,1.822789e-13,1.822794e-13,2.329315e-10,1.355620e+05,6.486929e-14,1.355627e+05,7.092969e-14,3.988606e+08,4.260449e-11,4.455071e-02,4.630392e-02,2.968406e+01,4.395250e-05,2.484717e+00,7.439334e-06,1.136780e-05,5.137813e+00,4.500000e-01,false
9,1.000000e+00,0,38,CONTINUE,6.968089e-05,3.252551e-05,1.000000e-09,6.968089e-06,2.220881e-14,2.292078e-02,5.958330e-01,4.640207e+01,8.654608e-07,8.066882e+00,2.430765e-01,5.766284e-02,2.235916e-07,7.721450e+02,REACHED_FORCE,REACHED_FORCE,REACHED_FORCE,12,0,0,12,5,1,9,0,0,4.357325e-06,NaN,3.535125e-05,2.353297e-06,3.151418e-06,NaN,9.922229e-03,6.254601e-03,5.420077e-04,solution good enough for the tolerances given,solution good enough for the tolerances given,solution good enough for the tolerances given,3.056242e-05,1.315227e-05,2.207235e-05,1.038722e-15,4.357325e-06,1.249790e-14,3.535125e-05,1.096413e-15,3.151418e-06,4.357325e-06,2.353297e-06,3.151418e-06,6.687283e-04,2.782644e+01,3.630993e-06,5.525524e-06,5.042582e+00,5.250000e-01,false
9,3.162000e+00,0,25,CONTINUE,6.968089e-05,3.254176e-05,1.000000e-09,6.968089e-06,2.220881e-14,2.261320e-02,5.957455e-01,4.641602e+01,8.652182e-07,8.084627e+00,2.430907e-01,5.769086e-02,2.235916e-07,7.721450e+02,REACHED_FORCE,REACHED_FORCE,REACHED_FORCE,8,0,0,8,3,1,6,0,0,2.186829e-06,NaN,1.807824e-05,1.075018e-06,1.567592e-06,NaN,6.797375e-03,3.570115e-03,3.062755e-04,solution good enough for the tolerances given,solution good enough for the tolerances given,solution good enough for the tolerances given,9.148427e-06,8.334300e-06,1.221092e-05,2.777004e-15,2.186829e-06,3.243414e-14,1.807824e-05,2.849796e-15,1.567592e-06,2.186829e-06,1.075018e-06,1.567592e-06,3.760701e-04,1.568760e+01,3.630993e-06,5.525524e-06,5.042582e+00,5.250000e-01,false
9,1.000000e+01,0,16,CONTINUE,6.968089e-05,3.254114e-05,1.000000e-09,6.968089e-06,2.220881e-14,2.261320e-02,5.957291e-01,4.641424e+01,8.652418e-07,8.082734e+00,2.430613e-01,5.770632e-02,2.235916e-07,7.721450e+02,REACHED_FORCE,REACHED_FORCE,REACHED_FORCE,5,0,0,5,2,1,4,0,0,1.680932e-06,NaN,1.029885e-05,5.077472e-07,9.395763e-07,NaN,4.906700e-03,2.226491e-03,1.990005e-04,solution good enough for the tolerances given,solution good enough for the tolerances given,solution good enough for the tolerances given,9.363177e-06,1.862253e-05,5.709620e-06,1.132949e-14,1.680932e-06,1.312443e-13,1.029885e-05,1.150906e-14,9.395763e-07,1.680932e-06,5.077472e-07,9.395763e-07,2.114705e-04,8.880637e+00,3.630993e-06,5.525524e-06,5.042582e+00,5.250000e-01,false
9,3.162000e+01,0,11,CONTINUE,6.968089e-05,3.251345e-05,1.000000e-09,6.968089e-06,2.220881e-14,2.261320e-02,5.961327e-01,4.641348e+01,8.645693e-07,8.076360e+00,2.430112e-01,5.768321e-02,2.235916e-07,7.721450e+02,REACHED_FORCE,REACHED_FORCE,REACHED_FORCE,4,0,0,4,0,0,3,0,0,9.200894e-07,NaN,4.005335e-06,NaN,3.472668e-07,NaN,3.312522e-03,1.372149e-03,1.308797e-04,solution good enough for the tolerances given,solution good enough for the tolerances given,solution good enough for the tolerances given,2.987853e-06,2.816438e-06,2.344866e-06,1.879917e-14,9.200894e-07,2.199577e-13,4.005335e-06,1.923785e-14,3.472668e-07,9.200894e-07,4.005335e-06,3.472668e-07,1.189238e-04,5.079492e+00,3.630993e-06,5.525524e-06,5.042582e+00,5.250000e-01,false
9,1.000000e+02,0,9,CONTINUE,6.968089e-05,3.253334e-05,1.000000e-09,6.968089e-06,2.220881e-14,2.261320e-02,5.958006e-01,4.640989e+01,8.652105e-07,8.076600e+00,2.430933e-01,5.767645e-02,2.235916e-07,7.721450e+02,REACHED_FORCE,REACHED_FORCE,REACHED_FORCE,3,0,0,3,1,1,2,0,0,7.984445e-07,NaN,7.742495e-06,3.725259e-07,6.792282e-07,NaN,1.720040e-03,6.875640e-04,6.758233e-05,solution good enough for the tolerances given,solution good enough for the tolerances given,solution good enough for the tolerances given,1.244846e-06,2.446921e-06,4.226158e-06,1.448708e-13,7.984445e-07,1.710680e-12,7.742495e-06,1.504261e-13,6.792282e-07,7.984445e-07,3.725259e-07,6.792282e-07,6.687284e-05,3.199897e+00,3.630993e-06,5.525524e-06,5.042582e+00,5.250000e-01,false
9,3.162000e+02,0,8,CONTINUE,6.968089e-05,3.253648e-05,1.000000e-09,6.968089e-06,2.220881e-14,2.261320e-02,5.957732e-01,4.640990e+01,8.652913e-07,8.076989e+00,2.430406e-01,5.771457e-02,2.235916e-07,7.721450e+02,REACHED_FORCE,REACHED_FORCE,REACHED_FORCE,3,0,0,3,0,0,2,0,0,7.535025e-08,NaN,8.210171e-07,NaN,7.187551e-08,NaN,6.861903e-04,2.713372e-04,2.692448e-05,solution good enough for the tolerances given,solution good enough for the tolerances given,solution good enough for the tolerances given,4.464148e-08,8.375657e-08,4.416563e-07,2.546516e-13,7.535025e-08,2.955575e-12,8.210171e-07,2.585732e-13,7.187551e-08,7.535025e-08,8.210171e-07,7.187551e-08,3.760699e-05,2.756530e+00,3.630993e-06,5.525524e-06,5.042582e+00,5.250000e-01,false
9,1.000000e+03,0,6,CONTINUE,6.968089e-05,3.254117e-05,1.000000e-09,6.968089e-06,2.220881e-14,2.261320e-02,5.957081e-01,4.641233e+01,8.653372e-07,8.080756e+00,2.430479e-01,5.772461e-02,2.235916e-07,7.721450e+02,REACHED_FORCE,REACHED_FORCE,REACHED_FORCE,2,0,0,2,0,0,2,0,0,1.288976e-07,NaN,1.920532e-07,NaN,7.311190e-09,NaN,2.366454e-04,9.328385e-05,9.281843e-06,solution good enough for the tolerances given,solution good enough for the tolerances given,solution good enough for the tolerances given,9.505196e-07,7.726282e-07,4.475960e-08,1.429466e-12,1.288976e-07,1.654601e-11,1.920532e-07,1.447618e-12,7.311190e-09,1.288976e-07,1.920532e-07,7.311190e-09,2.114704e-05,2.580498e+00,3.630993e-06,5.525524e-06,5.042582e+00,5.250000e-01,false
9,3.162000e+03,0,5,CONTINUE,6.968089e-05,3.241687e-05,1.000000e-09,6.968089e-06,2.220881e-14,2.261320e-02,5.986671e-01,4.628207e+01,8.663309e-07,7.886957e+00,2.425649e-01,5.730687e-02,2.235916e-07,7.721450e+02,REACHED_FORCE,REACHED_FORCE,REACHED_FORCE,2,0,0,2,0,0,1,0,0,4.554894e-07,NaN,5.298125e-06,NaN,4.747665e-07,NaN,7.705259e-05,3.028266e-05,3.021850e-06,solution good enough for the tolerances given,solution good enough for the tolerances given,solution good enough for the tolerances given,9.543333e-08,7.799791e-08,3.021850e-06,2.136467e-12,4.554894e-07,2.520907e-11,5.298125e-06,2.260484e-12,4.747665e-07,4.554894e-07,5.298125e-06,4.747665e-07,1.189232e-05,2.516460e+00,3.630993e-06,5.525524e-06,5.042582e+00,5.250000e-01,false
9,1.000000e+04,0,5,CONTINUE,6.968089e-05,3.249945e-05,1.000000e-09,6.968089e-06,2.220881e-14,2.261320e-02,5.966696e-01,4.636992e+01,8.656232e-07,8.017466e+00,2.428901e-01,5.758776e-02,2.235916e-07,7.721450e+02,REACHED_FORCE,REACHED_FORCE,REACHED_FORCE,2,0,0,2,0,0,1,0,0,1.472442e-07,NaN,1.718409e-06,NaN,1.514972e-07,NaN,2.459406e-05,9.674916e-06,9.644955e-07,solution good enough for the tolerances given,solution good enough for the tolerances given,solution good enough for the tolerances given,9.553185e-09,7.834176e-09,9.644955e-07,1.419201e-11,1.472442e-07,1.638299e-10,1.718409e-06,1.442176e-11,1.514972e-07,1.472442e-07,1.718409e-06,1.514972e-07,6.687149e-06,2.494923e+00,3.630993e-06,5.525524e-06,5.042582e+00,5.250000e-01,false
9,3.162000e+04,0,4,CONTINUE,6.968089e-05,3.252131e-05,1.000000e-09,6.968089e-06,2.220881e-14,2.261320e-02,5.960864e-01,4.639419e+01,8.655275e-07,8.054107e+00,2.430604e-01,5.762655e-02,2.235916e-07,7.721450e+02,REACHED_FORCE,REACHED_FORCE,REACHED_FORCE,2,0,0,1,0,0,1,0,0,4.689737e-08,NaN,1.017504e-06,NaN,4.805115e-08,NaN,7.801301e-06,3.069859e-06,3.059370e-07,solution good enough for the tolerances given,solution good enough for the tolerances given,solution good enough for the tolerances given,9.558508e-10,3.069859e-06,3.059370e-07,5.153231e-11,4.689737e-08,6.073155e-10,1.017504e-06,5.333270e-11,4.805115e-08,4.689737e-08,1.017504e-06,4.805115e-08,3.760695e-06,2.487963e+00,3.630993e-06,5.525524e-06,5.042582e+00,5.250000e-01,false
9,1.000000e+05,0,3,CONTINUE,6.968089e-05,3.253604e-05,1.000000e-09,6.968089e-06,2.220881e-14,2.261320e-02,5.958396e-01,4.641005e+01,8.655989e-07,8.076266e+00,2.430908e-01,5.767154e-02,2.235916e-07,7.721450e+02,REACHED_FORCE,REACHED_FORCE,REACHED_FORCE,1,0,0,1,0,0,1,0,0,3.650261e-07,NaN,3.223791e-07,NaN,1.520776e-08,NaN,2.469110e-06,9.707771e-07,9.682863e-08,solution good enough for the tolerances given,solution good enough for the tolerances given,solution good enough for the tolerances given,2.469110e-06,9.707771e-07,9.682863e-08,6.499228e-11,3.650261e-07,7.511102e-10,3.223791e-07,6.576853e-11,1.520776e-08,3.650261e-07,3.223791e-07,1.520776e-08,2.114455e-06,2.485745e+00,3.630993e-06,5.525524e-06,5.042582e+00,5.250000e-01,true
9,3.162000e+05,0,3,CONTINUE,6.968089e-05,3.254055e-05,1.000000e-09,6.968089e-06,2.220881e-14,2.261320e-02,5.957618e-01,4.641108e+01,8.653851e-07,8.078540e+00,2.430561e-01,5.770684e-02,2.235916e-07,7.721450e+02,REACHED_FORCE,REACHED_FORCE,REACHED_FORCE,1,0,0,1,0,0,1,0,0,1.154958e-07,NaN,1.020339e-07,NaN,4.810940e-09,NaN,7.811038e-07,3.073177e-07,3.063174e-08,solution good enough for the tolerances given,solution good enough for the tolerances given,solution good enough for the tolerances given,7.811038e-07,3.073177e-07,3.063174e-08,3.368793e-10,1.154958e-07,3.966833e-09,1.020339e-07,3.473717e-10,4.810940e-09,1.154958e-07,1.020339e-07,4.810940e-09,1.189160e-06,2.485042e+00,3.630993e-06,5.525524e-06,5.042582e+00,5.250000e-01,false
9,1.000000e+06,0,3,CONTINUE,6.968089e-05,3.253694e-05,1.000000e-09,6.968089e-06,2.220881e-14,2.261320e-02,5.957384e-01,4.641133e+01,8.653155e-07,8.079160e+00,2.430450e-01,5.771771e-02,2.235916e-07,7.721450e+02,REACHED_FORCE,REACHED_FORCE,REACHED_FORCE,1,0,0,1,0,0,1,0,0,3.652522e-08,NaN,3.227069e-08,NaN,1.521360e-09,NaN,2.470084e-07,9.720311e-08,9.686673e-09,solution good enough for the tolerances given,solution good enough for the tolerances given,solution good enough for the tolerances given,2.470084e-07,9.720311e-08,9.686673e-09,9.598569e-10,3.652522e-08,1.124744e-08,3.227069e-08,9.842814e-10,1.521360e-09,3.652522e-08,3.227069e-08,1.521360e-09,6.697356e-07,2.484820e+00,3.630993e-06,5.525524e-06,5.042582e+00,5.250000e-01,false
9,3.162000e+06,0,3,CONTINUE,6.968089e-05,3.251789e-05,1.000000e-09,6.968089e-06,2.220881e-14,2.261320e-02,5.957351e-01,4.641113e+01,8.652883e-07,8.079147e+00,2.430412e-01,5.772023e-02,2.235916e-07,7.721450e+02,REACHED_FORCE,REACHED_FORCE,REACHED_FORCE,1,0,0,1,0,0,1,0,0,1.155184e-08,NaN,3.775298e-08,NaN,3.304984e-09,NaN,7.812013e-08,3.074268e-08,3.063556e-09,solution good enough for the tolerances given,solution good enough for the tolerances given,solution good enough for the tolerances given,7.812013e-08,3.074268e-08,3.063556e-09,3.232261e-09,1.155184e-08,3.775298e-08,1.020609e-08,3.304984e-09,4.811525e-10,1.155184e-08,3.775298e-08,3.304984e-09,3.769599e-07,2.484750e+00,3.630993e-06,5.525524e-06,5.042582e+00,5.250000e-01,false
9,1.000000e+07,0,3,CONTINUE,6.968089e-05,3.261956e-05,1.000000e-09,6.968089e-06,2.220881e-14,2.261320e-02,5.957113e-01,4.641259e+01,8.653134e-07,8.081218e+00,2.430405e-01,5.772703e-02,2.235916e-07,7.721450e+02,REACHED_FORCE,REACHED_FORCE,REACHED_FORCE,1,0,0,1,0,0,1,0,0,1.058790e-08,NaN,1.246346e-07,NaN,1.091183e-08,NaN,2.470182e-08,9.723361e-09,9.687066e-10,solution good enough for the tolerances given,solution good enough for the tolerances given,solution good enough for the tolerances given,2.470182e-08,9.723361e-09,9.687066e-10,1.058790e-08,3.652756e-09,1.246346e-07,3.228006e-09,1.091183e-08,1.521419e-10,1.058790e-08,1.246346e-07,1.091183e-08,2.151536e-07,2.484727e+00,3.630993e-06,5.525524e-06,5.042582e+00,5.250000e-01,false
9,3.162000e+07,0,3,CONTINUE,6.968089e-05,3.266140e-05,1.000000e-09,6.968089e-06,2.220881e-14,2.261320e-02,5.957037e-01,4.641311e+01,8.653187e-07,8.082918e+00,2.430401e-01,5.772931e-02,2.235916e-07,7.721450e+02,REACHED_FORCE,REACHED_FORCE,REACHED_FORCE,1,0,0,1,0,0,1,0,0,1.940358e-08,NaN,2.255056e-07,NaN,1.970812e-08,NaN,7.812111e-09,3.075339e-09,3.063611e-10,solution good enough for the tolerances given,solution good enough for the tolerances given,solution good enough for the tolerances given,7.812111e-09,3.075339e-09,3.063611e-10,1.940358e-08,1.155215e-09,2.255056e-07,1.020970e-09,1.970812e-08,4.811604e-11,1.940358e-08,2.255056e-07,1.970812e-08,1.274791e-07,2.484720e+00,3.630993e-06,5.525524e-06,5.042582e+00,5.250000e-01,false
9,1.000000e+08,0,3,CONTINUE,6.968089e-05,3.236720e-05,1.000000e-09,6.968089e-06,2.220881e-14,2.261320e-02,5.958024e-01,4.640764e+01,8.651889e-07,8.105107e+00,2.430256e-01,5.771184e-02,2.235916e-07,7.721450e+02,REACHED_FORCE,REACHED_FORCE,REACHED_FORCE,1,0,0,1,0,0,1,0,0,9.336232e-08,NaN,1.097245e-06,NaN,9.616735e-08,NaN,2.470192e-09,9.716646e-10,9.687265e-11,solution good enough for the tolerances given,solution good enough for the tolerances given,solution good enough for the tolerances given,2.470192e-09,9.716646e-10,9.687265e-11,9.336232e-08,3.652899e-10,1.097245e-06,3.225492e-10,9.616735e-08,1.521453e-11,9.336232e-08,1.097245e-06,9.616735e-08,7.353007e-08,2.484718e+00,3.630993e-06,5.525524e-06,5.042582e+00,5.250000e-01,false
9,3.162000e+08,0,3,CONTINUE,6.968089e-05,3.295035e-05,1.000000e-09,6.968089e-06,2.220881e-14,2.261320e-02,5.961767e-01,4.639785e+01,8.652589e-07,8.264854e+00,2.427814e-01,5.776889e-02,2.235916e-07,7.721450e+02,REACHED_FORCE,REACHED_FORCE,REACHED_FORCE,1,0,0,1,0,0,1,0,0,2.987967e-07,NaN,3.490566e-06,NaN,3.063202e-07,NaN,7.812122e-10,3.074980e-10,3.063725e-11,solution good enough for the tolerances given,solution good enough for the tolerances given,solution good enough for the tolerances given,7.812122e-10,3.074980e-10,3.063725e-11,2.987967e-07,1.155502e-10,3.490566e-06,1.019245e-10,3.063202e-07,4.811797e-12,2.987967e-07,3.490566e-06,3.063202e-07,6.025209e-08,2.484717e+00,3.630993e-06,5.525524e-06,5.042582e+00,5.250000e-01,false
9,1.000000e+09,1,11,CONTINUE,6.968089e-05,6.169971e-04,1.000000e-09,6.968089e-06,2.220881e-14,1.925434e-02,3.809463e-06,3.048286e+01,2.950235e-06,1.692547e+06,2.198885e+04,2.810843e-01,2.235916e-07,7.721450e+02,REFINE_STALLED,REFINE_STALLED,REFINE_STALLED,1,1,1,1,1,1,1,6,6,6.362425e-02,3.962707e-01,1.953121e+02,1.066414e+03,4.817065e-01,1.732661e-02,2.282566e-10,2.252336e-07,4.316206e-10,solution good enough for the tolerances given,solution good enough for the tolerances given,solution good enough for the tolerances given,2.282566e-10,2.252336e-07,4.316206e-10,6.362425e-02,1.827737e-11,1.953121e+02,8.813413e-08,4.817065e-01,4.908636e-11,3.962707e-01,1.066414e+03,4.120185e-04,4.472137e-05,2.484717e+00,3.630993e-06,5.525524e-06,5.042582e+00,5.250000e-01,false
9,3.162000e+09,1,8,CONTINUE,6.968089e-05,6.544045e-05,1.000000e-09,6.968089e-06,2.220881e-14,1.602335e-02,1.554008e-05,3.960259e+01,2.394470e-06,1.311481e+01,2.795540e+00,1.979710e-01,2.235916e-07,7.721450e+02,REFINE_STALLED,REFINE_STALLED,REFINE_STALLED,1,1,1,1,1,1,1,3,3,1.600754e-02,6.897333e-02,1.248922e-01,5.081879e-01,1.467454e+00,7.231859e-02,6.943606e-11,3.838024e-10,3.464542e-10,solution good enough for the tolerances given,solution good enough for the tolerances given,solution good enough for the tolerances given,6.943606e-11,3.838024e-10,3.464542e-10,1.600754e-02,7.721316e-12,1.248922e-01,4.806180e-11,1.467454e+00,3.552329e-11,6.897333e-02,5.081879e-01,2.346678e-02,4.472137e-05,2.484717e+00,3.630993e-06,5.525524e-06,5.042582e+00,5.250000e-01,false
9,1.000000e+10,1,8,CONTINUE,6.968089e-05,6.544324e-05,1.000000e-09,6.968089e-06,2.220881e-14,1.218667e-02,3.124685e-04,3.960233e+01,2.394299e-06,8.481510e-02,9.280679e-02,1.979914e-01,2.235916e-07,7.721450e+02,REFINE_STALLED,REFINE_STALLED,REFINE_STALLED,1,1,1,1,2,2,1,2,2,1.221280e-02,8.384496e-03,7.036914e-02,1.973704e-02,4.441427e+00,2.315882e-01,2.111970e-11,3.512559e-11,2.839320e-10,solution good enough for the tolerances given,solution good enough for the tolerances given,solution good enough for the tolerances given,2.111970e-11,3.512559e-11,2.839320e-10,1.221280e-02,3.145981e-12,7.036914e-02,5.349974e-12,4.441427e+00,3.831844e-11,8.384496e-03,2.483711e-02,1.412613e-01,4.472137e-05,2.484717e+00,3.630993e-06,5.525524e-06,5.042582e+00,5.250000e-01,false
9,3.162000e+10,1,8,CONTINUE,6.968089e-05,6.544528e-05,1.000000e-09,6.968089e-06,2.220881e-14,8.163486e-03,3.933959e-04,3.960231e+01,2.394249e-06,3.303344e-02,1.231930e-01,1.980178e-01,2.235916e-07,7.721450e+02,REFINE_STALLED,REFINE_STALLED,REFINE_STALLED,1,1,1,1,2,2,1,2,2,1.450076e-02,8.485225e-03,1.892106e-01,4.249740e-02,1.352135e+01,4.598829e-01,6.353239e-12,1.403013e-11,2.552262e-10,solution good enough for the tolerances given,solution good enough for the tolerances given,solution good enough for the tolerances given,6.353239e-12,1.403013e-11,2.552262e-10,1.450076e-02,9.532762e-13,1.892106e-01,2.291744e-12,1.352135e+01,3.951467e-11,8.485225e-03,2.894847e-02,3.566296e-01,4.472137e-05,2.484717e+00,3.630993e-06,5.525524e-06,5.042582e+00,5.250000e-01,false
9,1.000000e+11,1,10,CONTINUE,6.968089e-05,1.704168e-03,1.000000e-09,6.968089e-06,2.220881e-14,4.570173e-03,1.770225e-01,3.960161e+01,2.282182e-06,1.322493e-02,2.007820e-01,2.236307e-01,2.235916e-07,7.721450e+02,REFINE_STALLED,REFINE_STALLED,REFINE_STALLED,1,1,1,1,3,3,1,3,3,1.801931e-02,9.481447e-03,4.106311e-01,1.904246e-01,4.155290e+01,1.661596e+00,1.844010e-12,5.911972e-12,2.411895e-10,solution good enough for the tolerances given,solution good enough for the tolerances given,solution good enough for the tolerances given,1.844010e-12,5.911972e-12,2.411895e-10,1.801931e-02,2.762404e-13,4.106311e-01,9.722312e-13,4.155290e+01,4.024202e-11,9.481447e-03,4.845830e-02,5.349155e-01,4.472137e-05,2.484717e+00,3.630993e-06,5.525524e-06,5.042582e+00,5.250000e-01,false
9,3.162000e+11,1,8,CONTINUE,6.968089e-05,1.489189e-03,1.000000e-09,6.968089e-06,2.220881e-14,2.113849e-03,3.148210e-02,3.960261e+01,2.364770e-06,7.887157e-03,4.572273e-01,2.031490e-01,2.235916e-07,7.721450e+02,REFINE_STALLED,REFINE_STALLED,REFINE_STALLED,1,2,2,1,1,1,1,2,2,2.653912e-02,1.316638e-02,4.553179e-01,4.263333e-01,1.286928e+02,4.273550e+00,4.875872e-13,1.995768e-12,2.345730e-10,solution good enough for the tolerances given,solution good enough for the tolerances given,solution good enough for the tolerances given,4.875872e-13,1.995768e-12,2.345730e-10,2.653912e-02,7.243654e-14,4.553179e-01,3.400331e-13,1.286928e+02,4.128052e-11,1.373694e-02,4.263333e-01,3.005660e+00,4.472137e-05,2.484717e+00,3.630993e-06,5.525524e-06,5.042582e+00,5.250000e-01,false
9,1.000000e+12,1,8,CONTINUE,6.968089e-05,3.596344e-04,1.000000e-09,6.968089e-06,2.220881e-14,8.113951e-04,2.095450e-02,3.960279e+01,2.374468e-06,1.520854e-02,5.983106e-01,1.964962e-01,2.235916e-07,7.721450e+02,REFINE_STALLED,REFINE_STALLED,REFINE_STALLED,1,2,2,1,1,1,1,2,2,7.867446e-02,1.350693e-02,5.733372e-01,5.836792e-01,4.020967e+02,7.125180e+00,8.518305e-14,7.344346e-13,2.329374e-10,solution good enough for the tolerances given,solution good enough for the tolerances given,solution good enough for the tolerances given,8.518305e-14,7.344346e-13,2.329374e-10,7.867446e-02,1.385119e-14,5.733372e-01,1.046607e-13,4.020967e+02,4.206923e-11,1.423251e-02,5.836792e-01,5.952220e+00,4.424001e-05,2.484717e+00,3.630993e-06,5.525524e-06,5.042582e+00,5.250000e-01,false
9,3.162000e+12,1,8,CONTINUE,6.968089e-05,1.195541e-04,1.000000e-09,6.968089e-06,2.220881e-14,2.767076e-04,1.882546e-02,3.960274e+01,2.375739e-06,1.508003e-02,6.959108e-01,1.945011e-01,2.235916e-07,7.721450e+02,REFINE_STALLED,REFINE_STALLED,REFINE_STALLED,1,2,2,1,1,1,1,2,2,2.389978e-01,1.497924e-02,6.038490e-01,6.462005e-01,1.264750e+03,9.902406e+00,5.079587e-14,2.703064e-13,2.328339e-10,solution good enough for the tolerances given,solution good enough for the tolerances given,solution good enough for the tolerances given,5.079587e-14,2.703064e-13,2.328339e-10,2.389978e-01,6.270173e-15,6.038490e-01,3.968820e-14,1.264750e+03,4.242116e-11,1.582760e-02,6.462005e-01,9.048737e+00,4.404601e-05,2.484717e+00,3.630993e-06,5.525524e-06,5.042582e+00,5.250000e-01,false
9,1.000000e+13,1,8,CONTINUE,6.968089e-05,8.891073e-05,1.000000e-09,6.968089e-06,2.220881e-14,8.979413e-05,1.893946e-02,3.960271e+01,2.374224e-06,1.397149e-02,7.032093e-01,1.938477e-01,2.235916e-07,7.721450e+02,REFINE_STALLED,REFINE_STALLED,REFINE_STALLED,1,2,2,1,1,1,1,2,2,7.465759e-01,1.590303e-02,8.236165e-01,6.434140e-01,3.992270e+03,1.120396e+01,8.571784e-14,1.359547e-13,2.328877e-10,solution good enough for the tolerances given,solution good enough for the tolerances given,solution good enough for the tolerances given,8.571784e-14,1.359547e-13,2.328877e-10,7.465759e-01,1.101491e-14,8.236165e-01,2.095410e-14,3.992270e+03,4.254502e-11,1.684352e-02,6.434140e-01,1.086854e+01,4.398236e-05,2.484717e+00,3.630993e-06,5.525524e-06,5.042582e+00,5.250000e-01,false
9,3.162000e+13,1,9,CONTINUE,6.968089e-05,6.804956e-05,1.000000e-09,6.968089e-06,2.220881e-14,2.863924e-05,1.996745e-02,3.960271e+01,2.371582e-06,1.320046e-02,6.770139e-01,1.934473e-01,2.235916e-07,7.721450e+02,REFINE_STALLED,REFINE_STALLED,REFINE_STALLED,1,2,2,1,2,2,1,2,2,2.351691e+00,1.620945e-02,2.363034e+00,6.159632e-01,1.261568e+04,1.167988e+01,9.723117e-14,1.089717e-13,2.329164e-10,solution good enough for the tolerances given,solution good enough for the tolerances given,solution good enough for the tolerances given,9.723117e-14,1.089717e-13,2.329164e-10,2.351691e+00,1.258081e-14,2.363034e+00,1.549016e-14,1.261568e+04,4.258564e-11,1.738632e-02,6.108666e-01,1.156572e+01,4.396198e-05,2.484717e+00,3.630993e-06,5.525524e-06,5.042582e+00,5.250000e-01,false
9,1.000000e+14,1,9,CONTINUE,6.968089e-05,6.815619e-05,1.000000e-09,6.968089e-06,2.220881e-14,9.080272e-06,2.055839e-02,3.960271e+01,2.369953e-06,1.271365e-02,6.604493e-01,1.932319e-01,2.235916e-07,7.721450e+02,REFINE_STALLED,REFINE_STALLED,REFINE_STALLED,1,2,2,1,2,2,1,2,2,7.428490e+00,1.630731e-02,7.437652e+00,5.960806e-01,3.988974e+04,1.183782e+01,1.008913e-13,1.041202e-13,2.329265e-10,solution good enough for the tolerances given,solution good enough for the tolerances given,solution good enough for the tolerances given,1.008913e-13,1.041202e-13,2.329265e-10,7.428490e+00,1.316493e-14,7.437652e+00,1.389630e-14,3.988974e+04,4.259846e-11,1.760733e-02,5.931491e-01,1.180084e+01,4.395551e-05,2.484717e+00,3.630993e-06,5.525524e-06,5.042582e+00,5.250000e-01,false
9,3.162000e+14,1,9,CONTINUE,6.968089e-05,6.819226e-05,1.000000e-09,6.968089e-06,2.220881e-14,2.874154e-06,2.083577e-02,3.960271e+01,2.369223e-06,1.251749e-02,6.529578e-01,1.931441e-01,2.235916e-07,7.721450e+02,REFINE_STALLED,REFINE_STALLED,REFINE_STALLED,1,2,2,1,2,2,1,2,2,2.347999e+01,1.633893e-02,2.348842e+01,5.874744e-01,1.261232e+05,1.188856e+01,1.020501e-13,1.030225e-13,2.329298e-10,solution good enough for the tolerances given,solution good enough for the tolerances given,solution good enough for the tolerances given,1.020501e-13,1.030225e-13,2.329298e-10,2.347999e+01,1.335951e-14,2.348842e+01,1.345770e-14,1.261232e+05,4.260254e-11,1.767860e-02,5.851951e-01,1.187678e+01,4.395347e-05,2.484717e+00,3.630993e-06,5.525524e-06,5.042582e+00,5.250000e-01,false
9,1.000000e+15,1,9,CONTINUE,6.968089e-05,6.820400e-05,1.000000e-09,6.968089e-06,2.220881e-14,9.090539e-07,2.093690e-02,3.960271e+01,2.368961e-06,1.244946e-02,6.502735e-01,1.931135e-01,2.235916e-07,7.721450e+02,REFINE_STALLED,REFINE_STALLED,REFINE_STALLED,1,2,2,1,2,2,1,2,2,7.424805e+01,1.633256e-02,7.425573e+01,5.844200e-01,3.988639e+05,1.190474e+01,1.024166e-13,1.027194e-13,2.329309e-10,solution good enough for the tolerances given,solution good enough for the tolerances given,solution good enough for the tolerances given,1.024166e-13,1.027194e-13,2.329309e-10,7.424805e+01,1.338960e-14,7.425573e+01,1.341707e-14,3.988639e+05,4.260387e-11,1.770120e-02,5.823502e-01,1.190097e+01,4.395281e-05,2.484717e+00,3.630993e-06,5.525524e-06,5.042582e+00,5.250000e-01,false
9,3.162000e+15,1,9,CONTINUE,6.968089e-05,6.820799e-05,1.000000e-09,6.968089e-06,2.220881e-14,2.875183e-07,2.097435e-02,3.960271e+01,2.368865e-06,1.242528e-02,6.492845e-01,1.931026e-01,2.235916e-07,7.721450e+02,REFINE_STALLED,REFINE_STALLED,REFINE_STALLED,1,2,2,1,2,2,1,2,2,2.347627e+02,1.622479e-02,2.347718e+02,5.834661e-01,1.261199e+06,1.190987e+01,1.025325e-13,1.026279e-13,2.329312e-10,solution good enough for the tolerances given,solution good enough for the tolerances given,solution good enough for the tolerances given,1.025325e-13,1.026279e-13,2.329312e-10,2.347627e+02,1.338447e-14,2.347718e+02,1.344456e-14,1.261199e+06,4.260430e-11,1.770843e-02,5.813031e-01,1.190860e+01,4.395261e-05,2.484717e+00,3.630993e-06,5.525524e-06,5.042582e+00,5.250000e-01,false
9,1.000000e+16,1,9,CONTINUE,6.968089e-05,6.821018e-05,1.000000e-09,6.968089e-06,2.220881e-14,9.091571e-08,2.099626e-02,3.960271e+01,2.368811e-06,1.241246e-02,6.487030e-01,1.930969e-01,2.235916e-07,7.721450e+02,REFINE_STALLED,REFINE_STALLED,REFINE_STALLED,1,2,2,1,2,2,1,2,2,7.424448e+02,1.543432e-02,7.424462e+02,5.836986e-01,3.988606e+06,1.191162e+01,1.025692e-13,1.025993e-13,2.329313e-10,solution good enough for the tolerances given,solution good enough for the tolerances given,solution good enough for the tolerances given,1.025692e-13,1.025993e-13,2.329313e-10,7.424448e+02,1.351337e-14,7.424462e+02,1.344643e-14,3.988606e+06,4.260443e-11,1.771079e-02,5.806928e-01,1.191095e+01,4.395254e-05,2.484717e+00,3.630993e-06,5.525524e-06,5.042582e+00,5.250000e-01,false
9,3.162000e+16,1,9,CONTINUE,6.968089e-05,6.821318e-05,1.000000e-09,6.968089e-06,2.220881e-14,2.875285e-08,2.102818e-02,3.960271e+01,2.368734e-06,1.239545e-02,6.478536e-01,1.930896e-01,2.235916e-07,7.721450e+02,REFINE_STALLED,REFINE_STALLED,REFINE_STALLED,1,2,2,1,2,2,1,2,2,2.347583e+03,2.634409e-02,2.347602e+03,5.925207e-01,1.261196e+07,1.191255e+01,1.025808e-13,1.025903e-13,2.329314e-10,solution good enough for the tolerances given,solution good enough for the tolerances given,solution good enough for the tolerances given,1.025808e-13,1.025903e-13,2.329314e-10,2.347583e+03,1.358636e-14,2.347602e+03,1.385582e-14,1.261196e+07,4.260453e-11,1.771164e-02,5.798130e-01,1.191151e+01,4.395251e-05,2.484717e+00,3.630993e-06,5.525524e-06,5.042582e+00,5.250000e-01,false
9,1.000000e+17,1,10,CONTINUE,6.968089e-05,6.823411e-05,1.000000e-09,6.968089e-06,2.220881e-14,9.091672e-09,2.098420e-02,3.960271e+01,2.368838e-06,1.241815e-02,6.490353e-01,1.930991e-01,2.235916e-07,7.721450e+02,REFINE_STALLED,REFINE_STALLED,REFINE_STALLED,1,3,3,1,2,2,1,2,2,7.424325e+03,2.691432e-01,7.424371e+03,6.931943e-01,3.988602e+07,1.191406e+01,1.025845e-13,1.025875e-13,2.329314e-10,solution good enough for the tolerances given,solution good enough for the tolerances given,solution good enough for the tolerances given,1.025845e-13,1.025875e-13,2.329314e-10,7.424325e+03,1.535485e-14,7.424371e+03,1.468487e-14,3.988602e+07,4.260459e-11,1.771166e-02,5.810288e-01,1.191110e+01,4.395250e-05,2.484717e+00,3.630993e-06,5.525524e-06,5.042582e+00,5.250000e-01,false
9,3.162000e+17,1,11,CONTINUE,6.968089e-05,6.820958e-05,1.000000e-09,6.968089e-06,2.220881e-14,2.875293e-09,2.098300e-02,3.960271e+01,2.368841e-06,1.241867e-02,6.490597e-01,1.930994e-01,2.235916e-07,7.721450e+02,REFINE_STALLED,REFINE_STALLED,REFINE_STALLED,1,3,3,1,3,3,1,2,2,2.347553e+04,2.701004e+00,2.347541e+04,2.700889e+00,1.261195e+08,1.191832e+01,1.025858e-13,1.025867e-13,2.329313e-10,solution good enough for the tolerances given,solution good enough for the tolerances given,solution good enough for the tolerances given,1.025858e-13,1.025867e-13,2.329313e-10,2.347553e+04,3.789773e-14,2.347541e+04,3.220228e-14,1.261195e+08,4.260449e-11,1.771174e-02,5.810590e-01,1.190907e+01,4.395250e-05,2.484717e+00,3.630993e-06,5.525524e-06,5.042582e+00,5.250000e-01,false
9,1.000000e+18,1,11,CONTINUE,6.968089e-05,6.821492e-05,1.000000e-09,6.968089e-06,2.220881e-14,9.091683e-10,2.104747e-02,3.960271e+01,2.368688e-06,1.238532e-02,6.473395e-01,1.930853e-01,2.235916e-07,7.721450e+02,REFINE_STALLED,REFINE_STALLED,REFINE_STALLED,1,3,3,1,3,3,1,2,2,7.423863e+04,2.701520e+01,7.423901e+04,2.701630e+01,3.988605e+08,1.193166e+01,1.025861e-13,1.025864e-13,2.329315e-10,solution good enough for the tolerances given,solution good enough for the tolerances given,solution good enough for the tolerances given,1.025861e-13,1.025864e-13,2.329315e-10,7.423863e+04,6.581670e-14,7.423901e+04,4.387315e-14,3.988605e+08,4.260449e-11,1.771199e-02,5.792767e-01,1.190244e+01,4.395251e-05,2.484717e+00,3.630993e-06,5.525524e-06,5.042582e+00,5.250000e-01,false
10,1.000000e+00,0,32,CONTINUE,3.253604e-05,1.738751e-05,1.000000e-09,3.253604e-06,2.220623e-14,6.532089e-02,5.271480e-01,5.265810e+01,3.875613e-07,8.377706e+00,6.687529e-02,2.661104e-02,7.075134e-08,2.196060e+02,REACHED_FORCE,REACHED_FORCE,REACHED_FORCE,10,0,0,10,3,1,9,0,0,1.110897e-06,NaN,1.039749e-05,3.403246e-07,9.320200e-07,NaN,8.068710e-03,7.341468e-03,9.509048e-04,solution good enough for the tolerances given,solution good enough for the tolerances given,solution good enough for the tolerances given,7.963924e-06,9.405166e-06,4.605636e-06,5.412732e-16,1.110897e-06,1.805935e-14,1.039749e-05,1.522919e-15,9.320200e-07,1.110897e-06,3.403246e-07,9.320200e-07,3.761764e-04,1.489112e+01,1.256446e-06,1.905617e-06,3.600379e+00,6.000000e-01,false
10,3.162000e+00,0,22,CONTINUE,3.253604e-05,1.738763e-05,1.000000e-09,3.253604e-06,2.220623e-14,6.531897e-02,5.271104e-01,5.265466e+01,3.875983e-07,8.373684e+00,6.687858e-02,2.661061e-02,7.075134e-08,2.196060e+02,REACHED_FORCE,REACHED_FORCE,REACHED_FORCE,7,0,0,7,2,1,6,0,0,5.145377e-07,NaN,4.205097e-06,4.257312e-07,3.423477e-07,NaN,5.367039e-03,4.268669e-03,5.015356e-04,solution good enough for the tolerances given,solution good enough for the tolerances given,solution good enough for the tolerances given,3.585374e-06,3.308760e-06,2.888366e-06,1.040840e-15,5.145377e-07,3.532328e-14,4.205097e-06,2.987003e-15,3.423477e-07,5.145377e-07,4.257312e-07,3.423477e-07,2.115488e-04,8.438880e+00,1.256446e-06,1.905617e-06,3.600379e+00,6.000000e-01,false
10,1.000000e+01,0,14,CONTINUE,3.253604e-05,1.739633e-05,1.000000e-09,3.253604e-06,2.220623e-14,6.531897e-02,5.269274e-01,5.264912e+01,3.878414e-07,8.369161e+00,6.686473e-02,2.663782e-02,7.075134e-08,2.196060e+02,REACHED_FORCE,REACHED_FORCE,REACHED_FORCE,5,0,0,5,0,0,4,0,0,2.865222e-07,NaN,2.870487e-06,NaN,2.647393e-07,NaN,3.461792e-03,2.346885e-03,2.623226e-04,solution good enough for the tolerances given,solution good enough for the tolerances given,solution good enough for the tolerances given,1.284571e-06,1.991489e-06,1.809147e-06,4.866554e-15,2.865222e-07,1.601168e-13,2.870487e-06,1.351967e-14,2.647393e-07,2.865222e-07,2.870487e-06,2.647393e-07,1.189574e-04,4.827062e+00,1.256446e-06,1.905617e-06,3.600379e+00,6.000000e-01,false
10,3.162000e+01,0,11,CONTINUE,3.253604e-05,1.738652e-05,1.000000e-09,3.253604e-06,2.220623e-14,6.531897e-02,5.271818e-01,5.265175e+01,3.876105e-07,8.368646e+00,6.687091e-02,2.661563e-02,7.075134e-08,2.196060e+02,REACHED_FORCE,REACHED_FORCE,REACHED_FORCE,4,0,0,4,0,0,3,0,0,7.683938e-08,NaN,1.890914e-06,NaN,1.647406e-07,NaN,1.798990e-03,1.122496e-03,1.237040e-04,solution good enough for the tolerances given,solution good enough for the tolerances given,solution good enough for the tolerances given,1.683139e-07,3.111417e-07,9.043494e-07,7.989734e-15,7.683938e-08,2.688642e-13,1.890914e-06,2.274013e-14,1.647406e-07,7.683938e-08,1.890914e-06,1.647406e-07,6.689761e-05,2.803618e+00,1.256446e-06,1.905617e-06,3.600379e+00,6.000000e-01,false
10,1.000000e+02,0,9,CONTINUE,3.253604e-05,1.738772e-05,1.000000e-09,3.253604e-06,2.220623e-14,6.531897e-02,5.270985e-01,5.265187e+01,3.876342e-07,8.370128e+00,6.688826e-02,2.660445e-02,7.075134e-08,2.196060e+02,REACHED_FORCE,REACHED_FORCE,REACHED_FORCE,3,0,0,3,1,1,2,0,0,1.397473e-07,NaN,4.449212e-06,2.190152e-07,3.773051e-07,NaN,7.248043e-04,4.397026e-04,4.828491e-05,solution good enough for the tolerances given,solution good enough for the tolerances given,solution good enough for the tolerances given,1.900363e-07,2.324952e-07,2.294749e-06,2.963393e-14,1.397473e-07,9.604740e-13,4.449212e-06,8.143460e-14,3.773051e-07,1.397473e-07,2.190152e-07,3.773051e-07,3.761765e-05,2.579997e+00,1.256446e-06,1.905617e-06,3.600379e+00,6.000000e-01,false
10,3.162000e+02,0,6,CONTINUE,3.253604e-05,1.738678e-05,1.000000e-09,3.253604e-06,2.220623e-14,6.531897e-02,5.271563e-01,5.265132e+01,3.876302e-07,8.368473e+00,6.688576e-02,2.660398e-02,7.075134e-08,2.196060e+02,REACHED_FORCE,REACHED_FORCE,REACHED_FORCE,2,0,0,2,0,0,2,0,0,2.657711e-07,NaN,7.911715e-07,NaN,3.962191e-08,NaN,2.513741e-04,1.511813e-04,1.658375e-05,solution good enough for the tolerances given,solution good enough for the tolerances given,solution good enough for the tolerances given,1.883491e-06,2.107840e-06,2.419033e-07,7.990080e-14,2.657711e-07,2.649488e-12,7.911715e-07,2.238807e-13,3.962191e-08,2.657711e-07,7.911715e-07,3.962191e-08,2.115484e-05,2.517460e+00,1.256446e-06,1.905617e-06,3.600379e+00,6.000000e-01,false
10,1.000000e+03,0,6,CONTINUE,3.253604e-05,1.738685e-05,1.000000e-09,3.253604e-06,2.220623e-14,6.531897e-02,5.271463e-01,5.265529e+01,3.875727e-07,8.373959e+00,6.687485e-02,2.660886e-02,7.075134e-08,2.196060e+02,REACHED_FORCE,REACHED_FORCE,REACHED_FORCE,2,0,0,2,0,0,2,0,0,2.685433e-08,NaN,8.037878e-08,NaN,4.019673e-09,NaN,8.200315e-05,4.919281e-05,5.393576e-06,solution good enough for the tolerances given,solution good enough for the tolerances given,solution good enough for the tolerances given,1.901490e-07,2.143063e-07,2.457954e-08,4.076304e-13,2.685433e-08,1.396587e-11,8.037878e-08,1.179143e-12,4.019673e-09,2.685433e-08,8.037878e-08,4.019673e-09,1.189585e-05,2.495402e+00,1.256446e-06,1.905617e-06,3.600379e+00,6.000000e-01,false
10,3.162000e+03,0,5,CONTINUE,3.253604e-05,1.738032e-05,1.000000e-09,3.253604e-06,2.220623e-14,6.531897e-02,5.278679e-01,5.260470e+01,3.879883e-07,8.294751e+00,6.688121e-02,2.655319e-02,7.075134e-08,2.196060e+02,REACHED_FORCE,REACHED_FORCE,REACHED_FORCE,2,0,0,2,0,0,1,0,0,9.057342e-08,NaN,3.020597e-06,NaN,2.573177e-07,NaN,2.619681e-05,1.570137e-05,1.721397e-06,solution good enough for the tolerances given,solution good enough for the tolerances given,solution good enough for the tolerances given,1.907647e-08,2.154536e-08,1.721397e-06,7.277603e-13,9.057342e-08,2.497644e-11,3.020597e-06,2.129864e-12,2.573177e-07,9.057342e-08,3.020597e-06,2.573177e-07,6.689687e-06,2.488132e+00,1.256446e-06,1.905617e-06,3.600379e+00,6.000000e-01,false
10,1.000000e+04,0,5,CONTINUE,3.253604e-05,1.738487e-05,1.000000e-09,3.253604e-06,2.220623e-14,6.531897e-02,5.273724e-01,5.263951e+01,3.877023e-07,8.349207e+00,6.687643e-02,2.659148e-02,7.075134e-08,2.196060e+02,REACHED_FORCE,REACHED_FORCE,REACHED_FORCE,2,0,0,2,0,0,1,0,0,2.893738e-08,NaN,9.642272e-07,NaN,8.162170e-08,NaN,8.310084e-06,4.979571e-06,5.458931e-07,solution good enough for the tolerances given,solution good enough for the tolerances given,solution good enough for the tolerances given,1.909156e-09,2.157823e-09,5.458931e-07,4.000094e-12,2.893738e-08,1.302898e-10,9.642272e-07,1.102225e-11,8.162170e-08,2.893738e-08,9.642272e-07,8.162170e-08,3.761569e-06,2.485801e+00,1.256446e-06,1.905617e-06,3.600379e+00,6.000000e-01,false
10,3.162000e+04,0,3,CONTINUE,3.253604e-05,1.739249e-05,1.000000e-09,3.253604e-06,2.220623e-14,6.531897e-02,5.269922e-01,5.264393e+01,3.879195e-07,8.361167e+00,6.690971e-02,2.659800e-02,7.075134e-08,2.196060e+02,REACHED_FORCE,REACHED_FORCE,REACHED_FORCE,1,0,0,1,0,0,1,0,0,3.985024e-07,NaN,5.399290e-07,NaN,2.583921e-08,NaN,2.630787e-06,1.574096e-06,1.728011e-07,solution good enough for the tolerances given,solution good enough for the tolerances given,solution good enough for the tolerances given,2.630787e-06,1.574096e-06,1.728011e-07,9.490488e-12,3.985024e-07,3.106208e-10,5.399290e-07,2.625622e-11,2.583921e-08,3.985024e-07,5.399290e-07,2.583921e-08,2.114875e-06,2.485060e+00,1.256446e-06,1.905617e-06,3.600379e+00,6.000000e-01,true
10,1.000000e+05,0,3,CONTINUE,3.253604e-05,1.738772e-05,1.000000e-09,3.253604e-06,2.220623e-14,6.531897e-02,5.270968e-01,5.265198e+01,3.876782e-07,8.370303e+00,6.688505e-02,2.660578e-02,7.075134e-08,2.196060e+02,REACHED_FORCE,REACHED_FORCE,REACHED_FORCE,1,0,0,1,0,0,1,0,0,1.260734e-07,NaN,1.709630e-07,NaN,8.172950e-09,NaN,8.321228e-07,4.983540e-07,5.465568e-08,solution good enough for the tolerances given,solution good enough for the tolerances given,solution good enough for the tolerances given,8.321228e-07,4.983540e-07,5.465568e-08,4.851252e-11,1.260734e-07,1.586358e-09,1.709630e-07,1.339258e-10,8.172950e-09,1.260734e-07,1.709630e-07,8.172950e-09,1.189533e-06,2.484826e+00,1.256446e-06,1.905617e-06,3.600379e+00,6.000000e-01,false
10,3.162000e+05,0,3,CONTINUE,3.253604e-05,1.738776e-05,1.000000e-09,3.253604e-06,2.220623e-14,6.531897e-02,5.271298e-01,5.265454e+01,3.876018e-07,8.373233e+00,6.687725e-02,2.660826e-02,7.075134e-08,2.196060e+02,REACHED_FORCE,REACHED_FORCE,REACHED_FORCE,1,0,0,1,0,0,1,0,0,3.987812e-08,NaN,5.409190e-08,NaN,2.585000e-09,NaN,2.631903e-07,1.576700e-07,1.728676e-08,solution good enough for the tolerances given,solution good enough for the tolerances given,solution good enough for the tolerances given,2.631903e-07,1.576700e-07,1.728676e-08,6.194954e-11,3.987812e-08,2.066042e-09,5.409190e-08,1.746246e-10,2.585000e-09,3.987812e-08,5.409190e-08,2.585000e-09,6.697356e-07,2.484751e+00,1.256446e-06,1.905617e-06,3.600379e+00,6.000000e-01,false
10,1.000000e+06,0,3,CONTINUE,3.253604e-05,1.738425e-05,1.000000e-09,3.253604e-06,2.220623e-14,6.531897e-02,5.271417e-01,5.265528e+01,3.875770e-07,8.374303e+00,6.687464e-02,2.660900e-02,7.075134e-08,2.196060e+02,REACHED_FORCE,REACHED_FORCE,REACHED_FORCE,1,0,0,1,0,0,1,0,0,1.261014e-08,NaN,1.710606e-08,NaN,8.174030e-10,NaN,8.322344e-08,4.986127e-08,5.466234e-09,solution good enough for the tolerances given,solution good enough for the tolerances given,solution good enough for the tolerances given,8.322344e-08,4.986127e-08,5.466234e-09,2.533256e-10,1.261014e-08,8.577499e-09,1.710606e-08,7.238204e-10,8.174030e-10,1.261014e-08,1.710606e-08,8.174030e-10,3.769599e-07,2.484728e+00,1.256446e-06,1.905617e-06,3.600379e+00,6.000000e-01,false
10,3.162000e+06,0,3,CONTINUE,3.253604e-05,1.740302e-05,1.000000e-09,3.253604e-06,2.220623e-14,6.531897e-02,5.271435e-01,5.265577e+01,3.875701e-07,8.374874e+00,6.687396e-02,2.660935e-02,7.075134e-08,2.196060e+02,REACHED_FORCE,REACHED_FORCE,REACHED_FORCE,1,0,0,1,0,0,1,0,0,3.988104e-09,NaN,3.048887e-08,NaN,2.574505e-09,NaN,2.632014e-08,1.576985e-08,1.728743e-09,solution good enough for the tolerances given,solution good enough for the tolerances given,solution good enough for the tolerances given,2.632014e-08,1.576985e-08,1.728743e-09,9.216705e-10,3.988104e-09,3.048887e-08,5.410298e-09,2.574505e-09,2.585107e-10,3.988104e-09,3.048887e-08,2.574505e-09,2.151536e-07,2.484720e+00,1.256446e-06,1.905617e-06,3.600379e+00,6.000000e-01,false
10,1.000000e+07,0,3,CONTINUE,3.253604e-05,1.743401e-05,1.000000e-09,3.253604e-06,2.220623e-14,6.531897e-02,5.271889e-01,5.265536e+01,3.875502e-07,8.388748e+00,6.686835e-02,2.660942e-02,7.075134e-08,2.196060e+02,REACHED_FORCE,REACHED_FORCE,REACHED_FORCE,1,0,0,1,0,0,1,0,0,2.713049e-09,NaN,9.510406e-08,NaN,8.047572e-09,NaN,8.322456e-09,4.986556e-09,5.466305e-10,solution good enough for the tolerances given,solution good enough for the tolerances given,solution good enough for the tolerances given,8.322456e-09,4.986556e-09,5.466305e-10,2.713049e-09,1.261066e-09,9.510406e-08,1.710614e-09,8.047572e-09,8.174138e-11,2.713049e-09,9.510406e-08,8.047572e-09,1.274791e-07,2.484718e+00,1.256446e-06,1.905617e-06,3.600379e+00,6.000000e-01,false
10,3.162000e+07,0,3,CONTINUE,3.253604e-05,1.722119e-05,1.000000e-09,3.253604e-06,2.220623e-14,6.531897e-02,5.271811e-01,5.265343e+01,3.875490e-07,8.372003e+00,6.687039e-02,2.660829e-02,7.075134e-08,2.196060e+02,REACHED_FORCE,REACHED_FORCE,REACHED_FORCE,1,0,0,1,0,0,1,0,0,7.212839e-09,NaN,2.482070e-07,NaN,2.094669e-08,NaN,2.632025e-09,1.576701e-09,1.728754e-10,solution good enough for the tolerances given,solution good enough for the tolerances given,solution good enough for the tolerances given,2.632025e-09,1.576701e-09,1.728754e-10,7.212839e-09,3.988038e-10,2.482070e-07,5.408495e-10,2.094669e-08,2.585127e-11,7.212839e-09,2.482070e-07,2.094669e-08,7.353007e-08,2.484717e+00,1.256446e-06,1.905617e-06,3.600379e+00,6.000000e-01,false
10,1.000000e+08,0,3,CONTINUE,3.253604e-05,1.715716e-05,1.000000e-09,3.253604e-06,2.220623e-14,6.531897e-02,5.278604e-01,5.264081e+01,3.872739e-07,8.549290e+00,6.679103e-02,2.660520e-02,7.075134e-08,2.196060e+02,REACHED_FORCE,REACHED_FORCE,REACHED_FORCE,1,0,0,1,0,0,1,0,0,2.929465e-08,NaN,9.816331e-07,NaN,8.317021e-08,NaN,8.322467e-10,4.984104e-10,5.466364e-11,solution good enough for the tolerances given,solution good enough for the tolerances given,solution good enough for the tolerances given,8.322467e-10,4.984104e-10,5.466364e-11,2.929465e-08,1.261182e-10,9.816331e-07,1.706760e-10,8.317021e-08,8.174247e-12,2.929465e-08,9.816331e-07,8.317021e-08,6.025209e-08,2.484717e+00,1.256446e-06,1.905617e-06,3.600379e+00,6.000000e-01,false
10,3.162000e+08,1,20,CONTINUE,3.253604e-05,3.202819e-05,1.000000e-09,3.253604e-06,2.220623e-14,6.041753e-02,2.823659e-03,4.578235e+01,9.162573e-07,1.571651e+02,3.442483e+00,6.631951e-02,7.075134e-08,2.196060e+02,REFINE_STALLED,REACHED_FORCE,REACHED_FORCE,1,1,1,1,9,9,1,7,7,1.606015e-03,1.237050e-03,4.754051e-02,6.133900e-03,1.552401e-01,3.577860e-03,2.599887e-10,9.598889e-09,3.691053e-10,solution good enough for the tolerances given,solution good enough for the tolerances given,solution good enough for the tolerances given,2.599887e-10,9.598889e-09,3.691053e-10,1.606015e-03,3.854034e-11,4.754051e-02,1.447944e-09,1.552401e-01,5.392885e-11,1.237050e-03,1.482070e-06,1.042294e-06,4.472137e-05,2.484717e+00,1.256446e-06,1.905617e-06,3.600379e+00,6.000000e-01,false
10,1.000000e+09,1,13,CONTINUE,3.253604e-05,7.314244e-04,1.000000e-09,3.253604e-06,2.220623e-14,5.345891e-02,4.074942e-09,3.868006e+01,1.010229e-06,1.341114e+09,4.974137e+06,7.603772e-02,7.075134e-08,2.196060e+02,REFINE_STALLED,REFINE_STALLED,REFINE_STALLED,1,1,1,2,2,1,1,6,6,2.184036e-01,5.117724e+00,2.644245e+04,5.823906e+05,4.791415e-01,2.083680e-02,8.208631e-11,4.710802e-05,3.476490e-10,solution good enough for the tolerances given,solution good enough for the tolerances given,solution good enough for the tolerances given,8.208631e-11,1.813330e-12,3.476490e-10,2.184036e-01,5.783555e-11,2.644245e+04,6.783153e-06,4.791415e-01,5.025731e-11,5.117724e+00,5.823906e+05,3.000368e-04,4.472137e-05,2.484717e+00,1.256446e-06,1.905617e-06,3.600379e+00,6.000000e-01,false
10,3.162000e+09,1,7,CONTINUE,3.253604e-05,3.069500e-05,1.000000e-09,3.253604e-06,2.220623e-14,4.203329e-02,1.041615e-04,4.641009e+01,8.655803e-07,2.751284e-01,6.635686e-02,5.767628e-02,7.075134e-08,2.196060e+02,REFINE_STALLED,REFINE_STALLED,REFINE_STALLED,1,1,1,1,1,1,1,2,2,1.130560e-02,2.283209e-02,1.581517e-02,2.346046e-02,1.457774e+00,7.020122e-02,2.607972e-11,4.388768e-11,3.141732e-10,solution good enough for the tolerances given,solution good enough for the tolerances given,solution good enough for the tolerances given,2.607972e-11,4.388768e-11,3.141732e-10,1.130560e-02,3.757179e-12,1.581517e-02,6.190704e-12,1.457774e+00,4.598609e-11,2.283209e-02,2.346046e-02,4.304157e-02,4.472137e-05,2.484717e+00,1.256446e-06,1.905617e-06,3.600379e+00,6.000000e-01,false
10,1.000000e+10,1,8,CONTINUE,3.253604e-05,3.069840e-05,1.000000e-09,3.253604e-06,2.220623e-14,2.804385e-02,1.211945e-03,4.641008e+01,8.653993e-07,1.711853e-02,2.756654e-02,5.770001e-02,7.075134e-08,2.196060e+02,REFINE_STALLED,REFINE_STALLED,REFINE_STALLED,1,1,1,1,2,2,1,2,2,1.266944e-02,7.144810e-03,1.750185e-02,5.687245e-03,4.421012e+00,2.099630e-01,8.165778e-12,1.188115e-11,2.842020e-10,solution good enough for the tolerances given,solution good enough for the tolerances given,solution good enough for the tolerances given,8.165778e-12,1.188115e-11,2.842020e-10,1.266944e-02,1.232073e-12,1.750185e-02,1.720124e-12,4.421012e+00,4.455136e-11,7.144810e-03,5.543336e-03,1.145251e-01,4.472137e-05,2.484717e+00,1.256446e-06,1.905617e-06,3.600379e+00,6.000000e-01,false
10,3.162000e+10,1,8,CONTINUE,3.253604e-05,3.069828e-05,1.000000e-09,3.253604e-06,2.220623e-14,1.543908e-02,6.918266e-04,4.641006e+01,8.654850e-07,9.500588e-03,3.024563e-02,5.768929e-02,7.075134e-08,2.196060e+02,REFINE_STALLED,REFINE_STALLED,REFINE_STALLED,1,1,1,1,2,2,1,2,2,1.647068e-02,1.015285e-02,4.403038e-02,1.270200e-02,1.345747e+01,6.228149e-01,2.492038e-12,3.998309e-12,2.624118e-10,solution good enough for the tolerances given,solution good enough for the tolerances given,solution good enough for the tolerances given,2.492038e-12,3.998309e-12,2.624118e-10,1.647068e-02,3.695687e-13,4.403038e-02,5.891137e-13,1.345747e+01,4.353028e-11,1.015285e-02,9.845058e-03,3.363952e-01,4.472137e-05,2.484717e+00,1.256446e-06,1.905617e-06,3.600379e+00,6.000000e-01,false
10,1.000000e+11,1,7,CONTINUE,3.253604e-05,1.273913e-03,1.000000e-09,3.253604e-06,2.220623e-14,6.905801e-03,2.096238e-01,4.640949e+01,8.311287e-07,2.766814e-03,6.271764e-02,6.533622e-02,7.075134e-08,2.196060e+02,REFINE_STALLED,REFINE_STALLED,REFINE_STALLED,1,1,1,1,1,1,1,2,2,1.787060e-02,1.294747e-02,8.521819e-02,5.124401e-02,4.123525e+01,1.704361e+00,7.444717e-13,1.418836e-12,2.469329e-10,solution good enough for the tolerances given,solution good enough for the tolerances given,solution good enough for the tolerances given,7.444717e-13,1.418836e-12,2.469329e-10,1.787060e-02,1.071813e-13,8.521819e-02,2.139207e-13,4.123525e+01,4.294634e-11,1.294747e-02,5.124401e-02,1.190167e+00,4.472137e-05,2.484717e+00,1.256446e-06,1.905617e-06,3.600379e+00,6.000000e-01,false
10,3.162000e+11,1,7,CONTINUE,3.253604e-05,3.139253e-04,1.000000e-09,3.253604e-06,2.220623e-14,2.582919e-03,1.231039e-01,4.641048e+01,8.453409e-07,2.471117e-03,9.410914e-02,6.262009e-02,7.075134e-08,2.196060e+02,REFINE_STALLED,REFINE_STALLED,REFINE_STALLED,1,1,1,1,1,1,1,2,2,1.713538e-02,1.575752e-02,1.216325e-01,1.038068e-01,1.278387e+02,2.704508e+00,2.080762e-13,5.379799e-13,2.383519e-10,solution good enough for the tolerances given,solution good enough for the tolerances given,solution good enough for the tolerances given,2.080762e-13,5.379799e-13,2.383519e-10,1.713538e-02,2.926550e-14,1.216325e-01,7.880273e-14,1.278387e+02,4.271404e-11,1.575752e-02,1.038068e-01,2.379241e+00,4.465498e-05,2.484717e+00,1.256446e-06,1.905617e-06,3.600379e+00,6.000000e-01,false
10,1.000000e+12,1,7,CONTINUE,3.253604e-05,7.597059e-05,1.000000e-09,3.253604e-06,2.220623e-14,8.756950e-04,9.662263e-02,4.641052e+01,8.496953e-07,3.099766e-03,1.174185e-01,6.174872e-02,7.075134e-08,2.196060e+02,REFINE_STALLED,REFINE_STALLED,REFINE_STALLED,1,1,1,1,1,1,1,2,2,3.036238e-02,1.730294e-02,1.385628e-01,1.407740e-01,4.007571e+02,3.212612e+00,4.381445e-14,2.061192e-13,2.347885e-10,solution good enough for the tolerances given,solution good enough for the tolerances given,solution good enough for the tolerances given,4.381445e-14,2.061192e-13,2.347885e-10,3.036238e-02,5.387900e-15,1.385628e-01,2.983874e-14,4.007571e+02,4.263930e-11,1.730294e-02,1.407740e-01,3.078458e+00,4.419680e-05,2.484717e+00,1.256446e-06,1.905617e-06,3.600379e+00,6.000000e-01,false
10,3.162000e+12,1,8,CONTINUE,3.253604e-05,4.949389e-05,1.000000e-09,3.253604e-06,2.220623e-14,2.840095e-04,1.209556e-01,4.641062e+01,8.258362e-07,2.960334e-03,9.298202e-02,5.950972e-02,7.075134e-08,2.196060e+02,REFINE_STALLED,REFINE_STALLED,REFINE_STALLED,1,2,2,1,1,1,1,2,2,8.728061e-02,1.789811e-02,1.008780e-01,1.181739e-01,1.263158e+03,3.446047e+00,2.316580e-14,7.881424e-14,2.335349e-10,solution good enough for the tolerances given,solution good enough for the tolerances given,solution good enough for the tolerances given,2.316580e-14,7.881424e-14,2.335349e-10,8.728061e-02,2.603140e-15,1.008780e-01,1.148726e-14,1.263158e+03,4.261549e-11,1.787602e-02,1.181739e-01,3.358193e+00,4.403246e-05,2.484717e+00,1.256446e-06,1.905617e-06,3.600379e+00,6.000000e-01,false
10,1.000000e+13,1,9,CONTINUE,3.253604e-05,3.073983e-05,1.000000e-09,3.253604e-06,2.220623e-14,9.055898e-05,5.303806e-02,4.641030e+01,8.472845e-07,2.961246e-03,9.198351e-02,5.806627e-02,7.075134e-08,2.196060e+02,REFINE_STALLED,REFINE_STALLED,REFINE_STALLED,1,2,2,1,2,2,1,2,2,2.780274e-01,1.809907e-02,2.958881e-01,1.188958e-01,3.990582e+03,3.600216e+00,3.549868e-14,5.233672e-14,2.331241e-10,solution good enough for the tolerances given,solution good enough for the tolerances given,solution good enough for the tolerances given,3.549868e-14,5.233672e-14,2.331241e-10,2.780274e-01,4.560138e-15,2.958881e-01,7.324056e-15,3.990582e+03,4.260805e-11,1.814147e-02,1.176107e-01,3.563355e+00,4.397808e-05,2.484717e+00,1.256446e-06,1.905617e-06,3.600379e+00,6.000000e-01,false
10,3.162000e+13,1,9,CONTINUE,3.253604e-05,3.073398e-05,1.000000e-09,3.253604e-06,2.220623e-14,2.871695e-05,5.449246e-02,4.641031e+01,8.464748e-07,2.959651e-03,9.232735e-02,5.803503e-02,7.075134e-08,2.196060e+02,REFINE_STALLED,REFINE_STALLED,REFINE_STALLED,1,2,2,1,2,2,1,2,2,8.947169e-01,1.816396e-02,9.126412e-01,1.190430e-01,1.261395e+04,3.651179e+00,4.005939e-14,4.519517e-14,2.329925e-10,solution good enough for the tolerances given,solution good enough for the tolerances given,solution good enough for the tolerances given,4.005939e-14,4.519517e-14,2.329925e-10,8.947169e-01,5.197040e-15,9.126412e-01,6.049074e-15,1.261395e+04,4.260554e-11,1.822942e-02,1.184846e-01,3.639269e+00,4.396063e-05,2.484717e+00,1.256446e-06,1.905617e-06,3.600379e+00,6.000000e-01,false
10,1.000000e+14,1,9,CONTINUE,3.253604e-05,3.073222e-05,1.000000e-09,3.253604e-06,2.220623e-14,9.088080e-06,5.520457e-02,4.641031e+01,8.461264e-07,2.959228e-03,9.244008e-02,5.802736e-02,7.075134e-08,2.196060e+02,REFINE_STALLED,REFINE_STALLED,REFINE_STALLED,1,2,2,1,2,2,1,2,2,2.845456e+00,1.818457e-02,2.863397e+00,1.190914e-01,3.988805e+04,3.667527e+00,4.153703e-14,4.313753e-14,2.329508e-10,solution good enough for the tolerances given,solution good enough for the tolerances given,solution good enough for the tolerances given,4.153703e-14,4.313753e-14,2.329508e-10,2.845456e+00,5.432915e-15,2.863397e+00,5.649703e-15,3.988805e+04,4.260489e-11,1.825762e-02,1.187645e-01,3.663743e+00,4.395509e-05,2.484717e+00,1.256446e-06,1.905617e-06,3.600379e+00,6.000000e-01,false
10,3.162000e+14,1,9,CONTINUE,3.253604e-05,3.073168e-05,1.000000e-09,3.253604e-06,2.220623e-14,2.874934e-06,5.546157e-02,4.641031e+01,8.460043e-07,2.959116e-03,9.247553e-02,5.802518e-02,7.075134e-08,2.196060e+02,REFINE_STALLED,REFINE_STALLED,REFINE_STALLED,1,2,2,1,2,2,1,2,2,9.013249e+00,1.819188e-02,9.031220e+00,1.191065e-01,1.261217e+05,3.672687e+00,4.200711e-14,4.251089e-14,2.329376e-10,solution good enough for the tolerances given,solution good enough for the tolerances given,solution good enough for the tolerances given,4.200711e-14,4.251089e-14,2.329376e-10,9.013249e+00,5.514714e-15,9.031220e+00,5.568745e-15,1.261217e+05,4.260476e-11,1.826659e-02,1.188526e-01,3.671527e+00,4.395333e-05,2.484717e+00,1.256446e-06,1.905617e-06,3.600379e+00,6.000000e-01,false
10,1.000000e+15,1,9,CONTINUE,3.253604e-05,3.073149e-05,1.000000e-09,3.253604e-06,2.220623e-14,9.091319e-07,5.554922e-02,4.641031e+01,8.459630e-07,2.959041e-03,9.248548e-02,5.802448e-02,7.075134e-08,2.196060e+02,REFINE_STALLED,REFINE_STALLED,REFINE_STALLED,1,2,2,1,2,2,1,2,2,2.852083e+01,1.820101e-02,2.853882e+01,1.191263e-01,3.988619e+05,3.674271e+00,4.215611e-14,4.231511e-14,2.329333e-10,solution good enough for the tolerances given,solution good enough for the tolerances given,solution good enough for the tolerances given,4.215611e-14,4.231511e-14,2.329333e-10,2.852083e+01,5.508896e-15,2.853882e+01,5.530245e-15,3.988619e+05,4.260466e-11,1.826939e-02,1.188788e-01,3.674031e+00,4.395277e-05,2.484717e+00,1.256446e-06,1.905617e-06,3.600379e+00,6.000000e-01,false
10,3.162000e+15,1,9,CONTINUE,3.253604e-05,3.073141e-05,1.000000e-09,3.253604e-06,2.220623e-14,2.875258e-07,5.558932e-02,4.641031e+01,8.459441e-07,2.958963e-03,9.248356e-02,5.802415e-02,7.075134e-08,2.196060e+02,REFINE_STALLED,REFINE_STALLED,REFINE_STALLED,1,2,2,1,2,2,1,2,2,9.019892e+01,1.828800e-02,9.021700e+01,1.192689e-01,1.261198e+06,3.674596e+00,4.220321e-14,4.225350e-14,2.329320e-10,solution good enough for the tolerances given,solution good enough for the tolerances given,solution good enough for the tolerances given,4.220321e-14,4.225350e-14,2.329320e-10,9.019892e+01,5.617742e-15,9.021700e+01,5.554270e-15,1.261198e+06,4.260453e-11,1.827029e-02,1.188809e-01,3.674912e+00,4.395261e-05,2.484717e+00,1.256446e-06,1.905617e-06,3.600379e+00,6.000000e-01,false
10,1.000000e+16,1,9,CONTINUE,3.253604e-05,3.073128e-05,1.000000e-09,3.253604e-06,2.220623e-14,9.091648e-08,5.563894e-02,4.641031e+01,8.459212e-07,2.958829e-03,9.246868e-02,5.802373e-02,7.075134e-08,2.196060e+02,REFINE_STALLED,REFINE_STALLED,REFINE_STALLED,1,2,2,1,2,2,1,2,2,2.852749e+02,1.907664e-02,2.852927e+02,1.207970e-01,3.988607e+06,3.674125e+00,4.221814e-14,4.223405e-14,2.329317e-10,solution good enough for the tolerances given,solution good enough for the tolerances given,solution good enough for the tolerances given,4.221814e-14,4.223405e-14,2.329317e-10,2.852749e+02,5.698894e-15,2.852927e+02,5.720826e-15,3.988607e+06,4.260453e-11,1.827056e-02,1.188636e-01,3.675470e+00,4.395253e-05,2.484717e+00,1.256446e-06,1.905617e-06,3.600379e+00,6.000000e-01,false
10,3.162000e+16,1,9,CONTINUE,3.253604e-05,3.073102e-05,1.000000e-09,3.253604e-06,2.220623e-14,2.875290e-08,5.575764e-02,4.641031e+01,8.458676e-07,2.958428e-03,9.242819e-02,5.802292e-02,7.075134e-08,2.196060e+02,REFINE_STALLED,REFINE_STALLED,REFINE_STALLED,1,2,2,1,2,2,1,2,2,9.020531e+02,2.691053e-02,9.020718e+02,1.363456e-01,1.261196e+07,3.672177e+00,4.222289e-14,4.222793e-14,2.329315e-10,solution good enough for the tolerances given,solution good enough for the tolerances given,solution good enough for the tolerances given,4.222289e-14,4.222793e-14,2.329315e-10,9.020531e+02,6.046360e-15,9.020718e+02,5.731319e-15,1.261196e+07,4.260456e-11,1.827052e-02,1.188130e-01,3.676550e+00,4.395251e-05,2.484717e+00,1.256446e-06,1.905617e-06,3.600379e+00,6.000000e-01,false
10,1.000000e+17,1,11,CONTINUE,3.253604e-05,3.073144e-05,1.000000e-09,3.253604e-06,2.220623e-14,9.091679e-09,5.558006e-02,4.641031e+01,8.459485e-07,2.959069e-03,9.249413e-02,5.802426e-02,7.075134e-08,2.196060e+02,REFINE_STALLED,REFINE_STALLED,REFINE_STALLED,1,3,3,1,3,3,1,2,2,2.852787e+03,2.034979e-01,2.852803e+03,2.925891e-01,3.988603e+07,3.665873e+00,4.222438e-14,4.222597e-14,2.329315e-10,solution good enough for the tolerances given,solution good enough for the tolerances given,solution good enough for the tolerances given,4.222438e-14,4.222597e-14,2.329315e-10,2.852787e+03,7.307394e-15,2.852803e+03,7.116849e-15,3.988603e+07,4.260443e-11,1.827073e-02,1.188960e-01,3.679737e+00,4.395252e-05,2.484717e+00,1.256446e-06,1.905617e-06,3.600379e+00,6.000000e-01,false
10,3.162000e+17,1,11,CONTINUE,3.253604e-05,3.073131e-05,1.000000e-09,3.253604e-06,2.220623e-14,2.875296e-09,5.563172e-02,4.641031e+01,8.459246e-07,2.958887e-03,9.247405e-02,5.802383e-02,7.075134e-08,2.196060e+02,REFINE_STALLED,REFINE_STALLED,REFINE_STALLED,1,3,3,1,3,3,1,2,2,9.020260e+03,2.034760e+00,9.020287e+03,2.034880e+00,1.261196e+08,3.645889e+00,4.222485e-14,4.222535e-14,2.329314e-10,solution good enough for the tolerances given,solution good enough for the tolerances given,solution good enough for the tolerances given,4.222485e-14,4.222535e-14,2.329314e-10,9.020260e+03,1.565911e-14,9.020287e+03,1.792965e-14,1.261196e+08,4.260449e-11,1.827071e-02,1.188707e-01,3.689738e+00,4.395251e-05,2.484717e+00,1.256446e-06,1.905617e-06,3.600379e+00,6.000000e-01,false
10,1.000000e+18,1,11,CONTINUE,3.253604e-05,3.074024e-05,1.000000e-09,3.253604e-06,2.220623e-14,9.091685e-10,5.394327e-02,4.641030e+01,8.468623e-07,2.971128e-03,9.375104e-02,5.806564e-02,7.075134e-08,2.196060e+02,REFINE_STALLED,REFINE_STALLED,REFINE_STALLED,1,3,3,1,3,3,1,2,2,2.852460e+04,2.034649e+01,2.852461e+04,2.034603e+01,3.988599e+08,3.582676e+00,4.222496e-14,4.222515e-14,2.329314e-10,solution good enough for the tolerances given,solution good enough for the tolerances given,solution good enough for the tolerances given,4.222496e-14,4.222515e-14,2.329314e-10,2.852460e+04,9.062457e-14,2.852461e+04,6.912416e-14,3.988599e+08,4.260453e-11,1.827143e-02,1.204721e-01,3.721351e+00,4.395252e-05,2.484717e+00,1.256446e-06,1.905617e-06,3.600379e+00,6.000000e-01,false
11,1.000000e+00,0,31,CONTINUE,1.739249e-05,6.896210e-06,1.000000e-09,1.739249e-06,2.220530e-14,1.213414e-01,6.485409e-01,5.951661e+01,1.287394e-07,7.493002e+00,4.064523e-02,1.536955e-02,2.830551e-08,1.275164e+02,REACHED_FORCE,REACHED_FORCE,REACHED_FORCE,10,0,0,10,3,1,8,0,0,7.349631e-07,NaN,1.772072e-06,4.677870e-07,1.711335e-07,NaN,6.927174e-03,3.338852e-03,6.886642e-04,solution good enough for the tolerances given,solution good enough for the tolerances given,solution good enough for the tolerances given,5.135007e-06,2.698803e-06,1.378931e-06,1.420057e-16,7.349631e-07,1.083619e-14,1.772072e-06,1.024156e-15,1.711335e-07,7.349631e-07,4.677870e-07,1.711335e-07,2.379348e-04,1.137925e+01,5.289418e-07,7.946348e-07,3.755019e+00,5.500000e-01,false
11,3.162000e+00,0,21,CONTINUE,1.739249e-05,6.897720e-06,1.000000e-09,1.739249e-06,2.220530e-14,1.131747e-01,6.484512e-01,5.951379e+01,1.287783e-07,7.490964e+00,4.064699e-02,1.536746e-02,2.830551e-08,1.275164e+02,REACHED_FORCE,REACHED_FORCE,REACHED_FORCE,7,0,0,6,3,1,5,0,0,1.779553e-07,NaN,2.224460e-06,9.300344e-08,2.247906e-07,NaN,3.519577e-03,1.393399e-03,2.741803e-04,solution good enough for the tolerances given,solution good enough for the tolerances given,solution good enough for the tolerances given,1.169087e-06,2.148554e-06,1.786105e-06,3.441529e-16,1.779553e-07,2.642970e-14,2.224460e-06,2.496981e-15,2.247906e-07,1.779553e-07,9.300344e-08,2.247906e-07,1.338064e-04,6.434484e+00,5.289418e-07,7.946348e-07,3.755019e+00,5.500000e-01,false
11,1.000000e+01,0,13,CONTINUE,1.739249e-05,6.895833e-06,1.000000e-09,1.739249e-06,2.220530e-14,1.131747e-01,6.485665e-01,5.951314e+01,1.287455e-07,7.488920e+00,4.064533e-02,1.536784e-02,2.830551e-08,1.275164e+02,REACHED_FORCE,REACHED_FORCE,REACHED_FORCE,5,0,0,4,0,0,4,0,0,7.824345e-08,NaN,5.587123e-07,NaN,3.811640e-08,NaN,1.771166e-03,5.192707e-04,1.177121e-04,solution good enough for the tolerances given,solution good enough for the tolerances given,solution good enough for the tolerances given,4.743392e-07,1.548719e-06,3.045360e-07,1.260899e-15,7.824345e-08,9.349833e-14,5.587123e-07,8.828220e-15,3.811640e-08,7.824345e-08,5.587123e-07,3.811640e-08,7.524158e-05,3.638898e+00,5.289418e-07,7.946348e-07,3.755019e+00,5.500000e-01,false
11,3.162000e+01,0,9,CONTINUE,1.739249e-05,6.895990e-06,1.000000e-09,1.739249e-06,2.220530e-14,1.131747e-01,6.485436e-01,5.951376e+01,1.287441e-07,7.489863e+00,4.064780e-02,1.536823e-02,2.830551e-08,1.275164e+02,REACHED_FORCE,REACHED_FORCE,REACHED_FORCE,3,0,0,3,0,0,3,0,0,2.027643e-07,NaN,3.829647e-07,NaN,2.608780e-08,NaN,7.663726e-04,1.803332e-04,4.753190e-05,solution good enough for the tolerances given,solution good enough for the tolerances given,solution good enough for the tolerances given,1.525699e-06,7.947689e-07,1.544677e-07,2.720112e-15,2.027643e-07,1.928028e-13,3.829647e-07,1.820461e-14,2.608780e-08,2.027643e-07,3.829647e-07,2.608780e-08,4.231330e-05,2.809183e+00,5.289418e-07,7.946348e-07,3.755019e+00,5.500000e-01,false
11,1.000000e+02,0,8,CONTINUE,1.739249e-05,6.900848e-06,1.000000e-09,1.739249e-06,2.220530e-14,1.131747e-01,6.483057e-01,5.950525e+01,1.288861e-07,7.483326e+00,4.066535e-02,1.537010e-02,2.830551e-08,1.275164e+02,REACHED_FORCE,REACHED_FORCE,REACHED_FORCE,3,0,0,3,0,0,2,0,0,1.504077e-08,NaN,9.557966e-07,NaN,9.024012e-08,NaN,2.788723e-04,5.957107e-05,1.691056e-05,solution good enough for the tolerances given,solution good enough for the tolerances given,solution good enough for the tolerances given,6.848498e-08,2.965543e-08,5.949391e-07,8.258195e-15,1.504077e-08,6.299056e-13,9.557966e-07,5.951561e-14,9.024012e-08,1.504077e-08,9.557966e-07,9.024012e-08,2.379346e-05,2.592850e+00,5.289418e-07,7.946348e-07,3.755019e+00,5.500000e-01,false
11,3.162000e+02,0,6,CONTINUE,1.739249e-05,6.897368e-06,1.000000e-09,1.739249e-06,2.220530e-14,1.131747e-01,6.484719e-01,5.951354e+01,1.287728e-07,7.490449e+00,4.064742e-02,1.536834e-02,2.830551e-08,1.275164e+02,REACHED_FORCE,REACHED_FORCE,REACHED_FORCE,2,0,0,2,0,0,2,0,0,1.024771e-07,NaN,8.798163e-08,NaN,9.415357e-09,NaN,9.277722e-05,1.915447e-05,5.586549e-06,solution good enough for the tolerances given,solution good enough for the tolerances given,solution good enough for the tolerances given,7.423268e-07,1.909040e-07,6.163694e-08,9.600765e-14,1.024771e-07,7.042435e-12,8.798163e-08,6.647992e-13,9.415357e-09,1.024771e-07,8.798163e-08,9.415357e-09,1.338072e-05,2.519558e+00,5.289418e-07,7.946348e-07,3.755019e+00,5.500000e-01,false
11,1.000000e+03,0,6,CONTINUE,1.739249e-05,6.897184e-06,1.000000e-09,1.739249e-06,2.220530e-14,1.131747e-01,6.484776e-01,5.951414e+01,1.287668e-07,7.491040e+00,4.064665e-02,1.536831e-02,2.830551e-08,1.275164e+02,REACHED_FORCE,REACHED_FORCE,REACHED_FORCE,2,0,0,2,0,0,2,0,0,1.033572e-08,NaN,8.914825e-09,NaN,9.535568e-10,NaN,2.983170e-05,6.089463e-06,1.792354e-06,solution good enough for the tolerances given,solution good enough for the tolerances given,solution good enough for the tolerances given,7.473555e-08,1.962629e-08,6.229388e-09,1.146405e-13,1.033572e-08,8.187786e-12,8.914825e-09,7.728843e-13,9.535568e-10,1.033572e-08,8.914825e-09,9.535568e-10,7.524021e-06,2.495802e+00,5.289418e-07,7.946348e-07,3.755019e+00,5.500000e-01,false
11,3.162000e+03,0,5,CONTINUE,1.739249e-05,6.906154e-06,1.000000e-09,1.739249e-06,2.220530e-14,1.131747e-01,6.480702e-01,5.949521e+01,1.290358e-07,7.475090e+00,4.067233e-02,1.536692e-02,2.830551e-08,1.275164e+02,REACHED_FORCE,REACHED_FORCE,REACHED_FORCE,2,0,0,2,0,0,1,0,0,1.256986e-08,NaN,9.265408e-07,NaN,8.767095e-08,NaN,9.485269e-06,1.929213e-06,5.695003e-07,solution good enough for the tolerances given,solution good enough for the tolerances given,solution good enough for the tolerances given,7.491150e-09,1.980645e-09,5.695003e-07,3.899802e-13,1.256986e-08,2.836712e-11,9.265408e-07,2.683355e-12,8.767095e-08,1.256986e-08,9.265408e-07,8.767095e-08,4.231111e-06,2.488229e+00,5.289418e-07,7.946348e-07,3.755019e+00,5.500000e-01,false
11,1.000000e+04,0,4,CONTINUE,1.739249e-05,6.899765e-06,1.000000e-09,1.739249e-06,2.220530e-14,1.131747e-01,6.483640e-01,5.950871e+01,1.288428e-07,7.486433e+00,4.065289e-02,1.536762e-02,2.830551e-08,1.275164e+02,REACHED_FORCE,REACHED_FORCE,REACHED_FORCE,2,0,0,1,0,0,1,0,0,4.031023e-09,NaN,2.794094e-07,NaN,2.776456e-08,NaN,3.004367e-06,6.103692e-07,1.803441e-07,solution good enough for the tolerances given,solution good enough for the tolerances given,solution good enough for the tolerances given,7.494980e-10,6.103692e-07,1.803441e-07,1.311200e-12,4.031023e-09,9.021173e-11,2.794094e-07,8.518453e-12,2.776456e-08,4.031023e-09,2.794094e-07,2.776456e-08,2.378945e-06,2.485828e+00,5.289418e-07,7.946348e-07,3.755019e+00,5.500000e-01,false
11,3.162000e+04,0,3,CONTINUE,1.739249e-05,6.898377e-06,1.000000e-09,1.739249e-06,2.220530e-14,1.131747e-01,6.484051e-01,5.951147e+01,1.288155e-07,7.488964e+00,4.064919e-02,1.536775e-02,2.830551e-08,1.275164e+02,REACHED_FORCE,REACHED_FORCE,REACHED_FORCE,1,0,0,1,0,0,1,0,0,1.328906e-07,NaN,8.838956e-08,NaN,8.785007e-09,NaN,9.506614e-07,1.931906e-07,5.706172e-08,solution good enough for the tolerances given,solution good enough for the tolerances given,solution good enough for the tolerances given,9.506614e-07,1.931906e-07,5.706172e-08,3.658470e-12,1.328906e-07,2.638256e-10,8.838956e-08,2.491477e-11,8.785007e-09,1.328906e-07,8.838956e-08,8.785007e-09,1.337993e-06,2.485069e+00,5.289418e-07,7.946348e-07,3.755019e+00,5.500000e-01,true
11,1.000000e+05,0,3,CONTINUE,1.739249e-05,6.897874e-06,1.000000e-09,1.739249e-06,2.220530e-14,1.131747e-01,6.484550e-01,5.951334e+01,1.287818e-07,7.490437e+00,4.064740e-02,1.536813e-02,2.830551e-08,1.275164e+02,REACHED_FORCE,REACHED_FORCE,REACHED_FORCE,1,0,0,1,0,0,1,0,0,4.203062e-08,NaN,2.796493e-08,NaN,2.778250e-09,NaN,3.006506e-07,6.106388e-08,1.804561e-08,solution good enough for the tolerances given,solution good enough for the tolerances given,solution good enough for the tolerances given,3.006506e-07,6.106388e-08,1.804561e-08,1.759511e-11,4.203062e-08,1.223624e-09,2.796493e-08,1.154779e-10,2.778250e-09,4.203062e-08,2.796493e-08,2.778250e-09,7.535372e-07,2.484828e+00,5.289418e-07,7.946348e-07,3.755019e+00,5.500000e-01,false
11,3.162000e+05,0,3,CONTINUE,1.739249e-05,6.900426e-06,1.000000e-09,1.739249e-06,2.220530e-14,1.131747e-01,6.484709e-01,5.951397e+01,1.287710e-07,7.491011e+00,4.064682e-02,1.536826e-02,2.830551e-08,1.275164e+02,REACHED_FORCE,REACHED_FORCE,REACHED_FORCE,1,0,0,1,0,0,1,0,0,1.329348e-08,NaN,8.845728e-09,NaN,8.786802e-10,NaN,9.508755e-08,1.930945e-08,5.707292e-09,solution good enough for the tolerances given,solution good enough for the tolerances given,solution good enough for the tolerances given,9.508755e-08,1.930945e-08,5.707292e-09,5.412148e-11,1.329348e-08,3.965535e-09,8.845728e-09,3.743485e-10,8.786802e-10,1.329348e-08,8.845728e-09,8.786802e-10,4.242176e-07,2.484752e+00,5.289418e-07,7.946348e-07,3.755019e+00,5.500000e-01,false
11,1.000000e+06,0,3,CONTINUE,1.739249e-05,6.901447e-06,1.000000e-09,1.739249e-06,2.220530e-14,1.131747e-01,6.484757e-01,5.951416e+01,1.287677e-07,7.491108e+00,4.064664e-02,1.536830e-02,2.830551e-08,1.275164e+02,REACHED_FORCE,REACHED_FORCE,REACHED_FORCE,1,0,0,1,0,0,1,0,0,4.203508e-09,NaN,6.471843e-09,NaN,6.105226e-10,NaN,3.006720e-08,6.105409e-09,1.804672e-09,solution good enough for the tolerances given,solution good enough for the tolerances given,solution good enough for the tolerances given,3.006720e-08,6.105409e-09,1.804672e-09,9.075390e-11,4.203508e-09,6.471843e-09,2.797181e-09,6.105226e-10,2.778429e-10,4.203508e-09,6.471843e-09,6.105226e-10,2.427173e-07,2.484728e+00,5.289418e-07,7.946348e-07,3.755019e+00,5.500000e-01,false
11,3.162000e+06,0,3,CONTINUE,1.739249e-05,6.935604e-06,1.000000e-09,1.739249e-06,2.220530e-14,1.131747e-01,6.484939e-01,5.951405e+01,1.287651e-07,7.498639e+00,4.064571e-02,1.536831e-02,2.830551e-08,1.275164e+02,REACHED_FORCE,REACHED_FORCE,REACHED_FORCE,1,0,0,1,0,0,1,0,0,1.329402e-09,NaN,4.757968e-08,NaN,4.491283e-09,NaN,9.508969e-09,1.930787e-09,5.707405e-10,solution good enough for the tolerances given,solution good enough for the tolerances given,solution good enough for the tolerances given,9.508969e-09,1.930787e-09,5.707405e-10,6.269581e-10,1.329402e-09,4.757968e-08,8.846112e-10,4.491283e-09,8.786981e-11,1.329402e-09,4.757968e-08,4.491283e-09,1.342657e-07,2.484721e+00,5.289418e-07,7.946348e-07,3.755019e+00,5.500000e-01,false
11,1.000000e+07,0,3,CONTINUE,1.739249e-05,6.907482e-06,1.000000e-09,1.739249e-06,2.220530e-14,1.131747e-01,6.494754e-01,5.947893e+01,1.287006e-07,7.882369e+00,4.059571e-02,1.536128e-02,2.830551e-08,1.275164e+02,REACHED_FORCE,REACHED_FORCE,REACHED_FORCE,1,0,0,1,0,0,1,0,0,1.248885e-09,NaN,8.923924e-08,NaN,8.482339e-09,NaN,3.006741e-09,6.104992e-10,1.804689e-10,solution good enough for the tolerances given,solution good enough for the tolerances given,solution good enough for the tolerances given,3.006741e-09,6.104992e-10,1.804689e-10,1.248885e-09,4.203813e-10,8.923924e-08,2.780403e-10,8.482339e-09,2.778447e-11,1.248885e-09,8.923924e-08,8.482339e-09,7.353007e-08,2.484718e+00,5.289418e-07,7.946348e-07,3.755019e+00,5.500000e-01,false
11,3.162000e+07,0,3,CONTINUE,1.739249e-05,7.124941e-06,1.000000e-09,1.739249e-06,2.220530e-14,1.131747e-01,6.485942e-01,5.951310e+01,1.287577e-07,7.545199e+00,4.064059e-02,1.536837e-02,2.830551e-08,1.275164e+02,REACHED_FORCE,REACHED_FORCE,REACHED_FORCE,1,0,0,1,0,0,1,0,0,3.550533e-09,NaN,2.600074e-07,NaN,2.456819e-08,NaN,9.508991e-10,1.930477e-10,5.707416e-11,solution good enough for the tolerances given,solution good enough for the tolerances given,solution good enough for the tolerances given,9.508991e-10,1.930477e-10,5.707416e-11,3.550533e-09,1.329414e-10,2.600074e-07,8.844411e-11,2.456819e-08,8.786911e-12,3.550533e-09,2.600074e-07,2.456819e-08,6.025209e-08,2.484717e+00,5.289418e-07,7.946348e-07,3.755019e+00,5.500000e-01,false
11,1.000000e+08,1,8,CONTINUE,1.739249e-05,1.645874e-05,1.000000e-09,1.739249e-06,2.220530e-14,1.093133e-01,1.560985e-02,5.322176e+01,3.831339e-07,2.617685e+01,3.473604e-02,2.624022e-02,2.830551e-08,1.275164e+02,REFINE_STALLED,REFINE_STALLED,REACHED_FORCE,1,1,1,1,1,1,1,3,3,3.167933e-04,3.515533e-04,3.746121e-04,2.060510e-04,4.975091e-02,2.227768e-04,3.034528e-10,2.694984e-10,3.943224e-10,solution good enough for the tolerances given,solution good enough for the tolerances given,solution good enough for the tolerances given,3.034528e-10,2.694984e-10,3.943224e-10,3.167933e-04,3.408878e-11,3.746121e-04,3.363447e-11,4.975091e-02,5.773171e-11,3.515533e-04,2.060510e-04,9.431212e-07,4.472137e-05,2.484717e+00,5.289418e-07,7.946348e-07,3.755019e+00,5.500000e-01,false
11,3.162000e+08,1,18,CONTINUE,1.739249e-05,1.698132e-05,1.000000e-09,1.739249e-06,2.220530e-14,1.022239e-01,6.371977e-03,5.172236e+01,4.075274e-07,1.022545e+02,1.448040e-01,2.680515e-02,2.830551e-08,1.275164e+02,REFINE_STALLED,REACHED_FORCE,REACHED_FORCE,1,1,1,1,8,8,1,6,6,1.164265e-03,7.359961e-04,2.307167e-02,1.045416e-02,1.562411e-01,1.949615e-03,9.804833e-11,4.021649e-10,3.853901e-10,solution good enough for the tolerances given,solution good enough for the tolerances given,solution good enough for the tolerances given,9.804833e-11,4.021649e-10,3.853901e-10,1.164265e-03,1.308170e-11,2.307167e-02,8.208843e-11,1.562411e-01,5.565683e-11,7.359961e-04,1.592113e-06,5.139721e-07,4.472137e-05,2.484717e+00,5.289418e-07,7.946348e-07,3.755019e+00,5.500000e-01,false
11,1.000000e+09,1,15,CONTINUE,1.739249e-05,1.644476e-05,1.000000e-09,1.739249e-06,2.220530e-14,8.679086e-02,2.000249e-06,5.318990e+01,3.840260e-07,1.930143e+05,2.098444e+02,2.633014e-02,2.830551e-08,1.275164e+02,REFINE_STALLED,REFINE_STALLED,REFINE_ITMAX,1,1,1,1,1,1,1,10,10,9.442381e-03,1.222555e-02,3.162661e+00,4.871910e+00,4.855869e-01,1.379884e-02,3.300627e-11,4.896690e-09,3.644243e-10,solution good enough for the tolerances given,solution good enough for the tolerances given,solution good enough for the tolerances given,3.300627e-11,4.896690e-09,3.644243e-10,9.442381e-03,4.736522e-12,3.162661e+00,2.112072e-09,4.855869e-01,5.125575e-11,1.222555e-02,4.871910e+00,1.101401e-05,4.472137e-05,2.484717e+00,5.289418e-07,7.946348e-07,3.755019e+00,5.500000e-01,false
11,3.162000e+09,1,9,CONTINUE,1.739249e-05,1.644505e-05,1.000000e-09,1.739249e-06,2.220530e-14,6.363837e-02,2.508948e-09,5.264408e+01,3.879184e-07,4.258335e+04,1.503245e+03,2.659607e-02,2.830551e-08,1.275164e+02,REFINE_STALLED,REFINE_STALLED,REFINE_STALLED,1,1,1,1,1,1,1,4,4,4.054772e-02,2.977895e-01,5.974589e+01,5.124979e+02,1.483575e+00,6.635337e-02,1.173801e-11,7.492721e-09,3.299211e-10,solution good enough for the tolerances given,solution good enough for the tolerances given,solution good enough for the tolerances given,1.173801e-11,7.492721e-09,3.299211e-10,4.054772e-02,3.506965e-12,5.974589e+01,7.680444e-09,1.483575e+00,4.985207e-11,2.977895e-01,5.124979e+02,7.974969e-03,4.472137e-05,2.484717e+00,5.289418e-07,7.946348e-07,3.755019e+00,5.500000e-01,false
11,1.000000e+10,1,7,CONTINUE,1.739249e-05,1.644519e-05,1.000000e-09,1.739249e-06,2.220530e-14,3.903334e-02,1.119562e-04,5.264393e+01,3.879130e-07,2.223339e-02,2.427851e-02,2.659791e-02,2.830551e-08,1.275164e+02,REFINE_STALLED,REFINE_STALLED,REFINE_STALLED,1,1,1,1,1,1,1,2,2,1.278453e-02,1.189496e-02,6.917216e-03,7.816432e-03,4.470193e+00,2.292611e-01,4.213601e-12,5.053256e-12,2.927506e-10,solution good enough for the tolerances given,solution good enough for the tolerances given,solution good enough for the tolerances given,4.213601e-12,5.053256e-12,2.927506e-10,1.278453e-02,6.335990e-13,6.917216e-03,7.324073e-13,4.470193e+00,4.765094e-11,1.189496e-02,7.816432e-03,1.262307e-01,4.472137e-05,2.484717e+00,5.289418e-07,7.946348e-07,3.755019e+00,5.500000e-01,false
11,3.162000e+10,1,7,CONTINUE,1.739249e-05,1.644528e-05,1.000000e-09,1.739249e-06,2.220530e-14,1.915298e-02,2.202151e-04,5.264393e+01,3.879069e-07,1.472559e-03,1.764078e-02,2.659935e-02,2.830551e-08,1.275164e+02,REFINE_STALLED,REFINE_STALLED,REFINE_STALLED,1,1,1,1,1,1,1,2,2,1.700447e-02,8.994396e-03,1.050698e-02,6.967037e-03,1.345589e+01,6.877134e-01,1.464099e-12,1.829337e-12,2.625692e-10,solution good enough for the tolerances given,solution good enough for the tolerances given,solution good enough for the tolerances given,1.464099e-12,1.829337e-12,2.625692e-10,1.700447e-02,2.081714e-13,1.050698e-02,2.719071e-13,1.345589e+01,4.508438e-11,8.994396e-03,6.967037e-03,4.210829e-01,4.472137e-05,2.484717e+00,5.289418e-07,7.946348e-07,3.755019e+00,5.500000e-01,false
11,1.000000e+11,1,7,CONTINUE,1.739249e-05,1.644622e-05,1.000000e-09,1.739249e-06,2.220530e-14,7.677279e-03,1.171911e-03,5.264393e+01,3.878522e-07,1.196288e-03,1.708226e-02,2.660940e-02,2.830551e-08,1.275164e+02,REFINE_STALLED,REFINE_STALLED,REFINE_STALLED,1,1,1,1,1,1,1,2,2,1.820569e-02,1.117810e-02,1.631893e-02,1.102403e-02,4.105922e+01,1.371002e+00,4.814756e-13,6.491723e-13,2.443584e-10,solution good enough for the tolerances given,solution good enough for the tolerances given,solution good enough for the tolerances given,4.814756e-13,6.491723e-13,2.443584e-10,1.820569e-02,6.582977e-14,1.631893e-02,9.106956e-14,4.105922e+01,4.340629e-11,1.117810e-02,1.102403e-02,1.105898e+00,4.472137e-05,2.484717e+00,5.289418e-07,7.946348e-07,3.755019e+00,5.500000e-01,false
11,3.162000e+11,1,7,CONTINUE,1.739249e-05,1.646413e-05,1.000000e-09,1.739249e-06,2.220530e-14,2.704578e-03,2.138995e-02,5.264391e+01,3.866894e-07,6.864526e-04,1.839699e-02,2.684232e-02,2.830551e-08,1.275164e+02,REFINE_STALLED,REFINE_STALLED,REFINE_STALLED,1,1,1,1,1,1,1,2,2,1.827782e-02,1.505458e-02,1.956276e-02,1.857694e-02,1.274824e+02,2.015346e+00,1.450320e-13,2.273862e-13,2.367242e-10,solution good enough for the tolerances given,solution good enough for the tolerances given,solution good enough for the tolerances given,1.450320e-13,2.273862e-13,2.367242e-10,1.827782e-02,1.962064e-14,1.956276e-02,3.306303e-14,1.274824e+02,4.281139e-11,1.505458e-02,1.857694e-02,1.749869e+00,4.447637e-05,2.484717e+00,5.289418e-07,7.946348e-07,3.755019e+00,5.500000e-01,false
11,1.000000e+12,1,7,CONTINUE,1.739249e-05,2.333396e-05,1.000000e-09,1.739249e-06,2.220530e-14,8.908491e-04,3.159418e-01,5.264370e+01,3.697486e-07,4.635289e-04,1.964758e-02,3.087588e-02,2.830551e-08,1.275164e+02,REFINE_STALLED,REFINE_STALLED,REFINE_STALLED,1,1,1,1,1,1,1,2,2,1.965185e-02,1.661420e-02,1.875407e-02,2.226709e-02,4.003019e+02,2.514046e+00,3.569783e-14,8.676940e-14,2.341378e-10,solution good enough for the tolerances given,solution good enough for the tolerances given,solution good enough for the tolerances given,3.569783e-14,8.676940e-14,2.341378e-10,1.965185e-02,4.391456e-15,1.875407e-02,1.271660e-14,4.003019e+02,4.265940e-11,1.661420e-02,2.226709e-02,2.376459e+00,4.412392e-05,2.484717e+00,5.289418e-07,7.946348e-07,3.755019e+00,5.500000e-01,false
11,3.162000e+12,1,9,CONTINUE,1.739249e-05,1.642354e-05,1.000000e-09,1.739249e-06,2.220530e-14,2.856534e-04,5.285940e-02,5.264394e+01,3.819555e-07,1.284934e-04,1.279182e-02,2.677617e-02,2.830551e-08,1.275164e+02,REFINE_STALLED,REFINE_STALLED,REFINE_STALLED,1,2,2,1,2,2,1,2,2,4.630998e-02,1.739099e-02,4.514582e-02,1.838924e-02,1.262663e+03,2.714234e+00,1.124515e-14,3.804903e-14,2.333125e-10,solution good enough for the tolerances given,solution good enough for the tolerances given,solution good enough for the tolerances given,1.124515e-14,3.804903e-14,2.333125e-10,4.630998e-02,1.606808e-15,4.514582e-02,5.456582e-15,1.262663e+03,4.262045e-11,1.720454e-02,1.812939e-02,2.664986e+00,4.400736e-05,2.484717e+00,5.289418e-07,7.946348e-07,3.755019e+00,5.500000e-01,false
11,1.000000e+13,1,9,CONTINUE,1.739249e-05,1.642666e-05,1.000000e-09,1.739249e-06,2.220530e-14,9.072785e-05,5.450905e-02,5.264394e+01,3.818997e-07,1.171107e-04,1.318887e-02,2.681412e-02,2.830551e-08,1.275164e+02,REFINE_STALLED,REFINE_STALLED,REFINE_STALLED,1,2,2,1,2,2,1,2,2,1.412694e-01,1.764608e-02,1.402282e-01,1.901928e-02,3.990074e+03,2.782976e+00,1.702227e-14,2.649001e-14,2.330518e-10,solution good enough for the tolerances given,solution good enough for the tolerances given,solution good enough for the tolerances given,1.702227e-14,2.649001e-14,2.330518e-10,1.412694e-01,2.154509e-15,1.402282e-01,3.654844e-15,3.990074e+03,4.260939e-11,1.758155e-02,1.892041e-02,2.766761e+00,4.396992e-05,2.484717e+00,5.289418e-07,7.946348e-07,3.755019e+00,5.500000e-01,false
11,3.162000e+13,1,9,CONTINUE,1.739249e-05,1.642714e-05,1.000000e-09,1.739249e-06,2.220530e-14,2.873398e-05,5.516854e-02,5.264394e+01,3.818465e-07,1.178504e-04,1.328713e-02,2.682359e-02,2.830551e-08,1.275164e+02,REFINE_STALLED,REFINE_STALLED,REFINE_STALLED,1,2,2,1,2,2,1,2,2,4.414291e-01,1.772772e-02,4.424892e-01,1.918507e-02,1.261344e+04,2.805283e+00,1.986413e-14,2.289037e-14,2.329695e-10,solution good enough for the tolerances given,solution good enough for the tolerances given,solution good enough for the tolerances given,1.986413e-14,2.289037e-14,2.329695e-10,4.414291e-01,2.599844e-15,4.424892e-01,3.073088e-15,1.261344e+04,4.260596e-11,1.770261e-02,1.914008e-02,2.800086e+00,4.395801e-05,2.484717e+00,5.289418e-07,7.946348e-07,3.755019e+00,5.500000e-01,false
11,1.000000e+14,1,9,CONTINUE,1.739249e-05,1.642724e-05,1.000000e-09,1.739249e-06,2.220530e-14,9.089791e-06,5.539572e-02,5.264394e+01,3.818256e-07,1.185223e-04,1.331517e-02,2.682635e-02,2.830551e-08,1.275164e+02,REFINE_STALLED,REFINE_STALLED,REFINE_STALLED,1,2,2,1,2,2,1,2,2,1.390756e+00,1.775370e-02,1.398285e+00,1.923411e-02,3.988748e+04,2.812422e+00,2.081049e-14,2.176902e-14,2.329434e-10,solution good enough for the tolerances given,solution good enough for the tolerances given,solution good enough for the tolerances given,2.081049e-14,2.176902e-14,2.329434e-10,1.390756e+00,2.742183e-15,1.398285e+00,2.889096e-15,3.988748e+04,4.260508e-11,1.774107e-02,1.920641e-02,2.810761e+00,4.395425e-05,2.484717e+00,5.289418e-07,7.946348e-07,3.755019e+00,5.500000e-01,false
11,3.162000e+14,1,9,CONTINUE,1.739249e-05,1.642726e-05,1.000000e-09,1.739249e-06,2.220530e-14,2.875104e-06,5.547032e-02,5.264394e+01,3.818185e-07,1.187692e-04,1.332378e-02,2.682720e-02,2.830551e-08,1.275164e+02,REFINE_STALLED,REFINE_STALLED,REFINE_STALLED,1,2,2,1,2,2,1,2,2,4.409667e+00,1.776240e-02,4.420212e+00,1.925040e-02,1.261212e+05,2.814682e+00,2.111351e-14,2.141680e-14,2.329353e-10,solution good enough for the tolerances given,solution good enough for the tolerances given,solution good enough for the tolerances given,2.111351e-14,2.141680e-14,2.329353e-10,4.409667e+00,2.787110e-15,4.420212e+00,2.831098e-15,1.261212e+05,4.260472e-11,1.775324e-02,1.922715e-02,2.814142e+00,4.395307e-05,2.484717e+00,5.289418e-07,7.946348e-07,3.755019e+00,5.500000e-01,false
11,1.000000e+15,1,9,CONTINUE,1.739249e-05,1.642728e-05,1.000000e-09,1.739249e-06,2.220530e-14,9.091492e-07,5.549715e-02,5.264394e+01,3.818160e-07,1.188220e-04,1.332676e-02,2.682751e-02,2.830551e-08,1.275164e+02,REFINE_STALLED,REFINE_STALLED,REFINE_STALLED,1,2,2,1,2,2,1,2,2,1.396740e+01,1.777000e-02,1.397795e+01,1.926553e-02,3.988616e+05,2.815422e+00,2.120974e-14,2.130562e-14,2.329326e-10,solution good enough for the tolerances given,solution good enough for the tolerances given,solution good enough for the tolerances given,2.120974e-14,2.130562e-14,2.329326e-10,1.396740e+01,2.804720e-15,1.397795e+01,2.806086e-15,3.988616e+05,4.260466e-11,1.775709e-02,1.923397e-02,2.815196e+00,4.395269e-05,2.484717e+00,5.289418e-07,7.946348e-07,3.755019e+00,5.500000e-01,false
11,3.162000e+15,1,9,CONTINUE,1.739249e-05,1.642728e-05,1.000000e-09,1.739249e-06,2.220530e-14,2.875276e-07,5.551412e-02,5.264394e+01,3.818147e-07,1.187915e-04,1.332826e-02,2.682771e-02,2.830551e-08,1.275164e+02,REFINE_STALLED,REFINE_STALLED,REFINE_STALLED,1,2,2,1,2,2,1,2,2,4.418656e+01,1.782240e-02,4.419705e+01,1.937225e-02,1.261197e+06,2.815738e+00,2.124020e-14,2.127053e-14,2.329317e-10,solution good enough for the tolerances given,solution good enough for the tolerances given,solution good enough for the tolerances given,2.124020e-14,2.127053e-14,2.329317e-10,4.418656e+01,2.816046e-15,4.419705e+01,2.799745e-15,1.261197e+06,4.260446e-11,1.775834e-02,1.923670e-02,2.815493e+00,4.395255e-05,2.484717e+00,5.289418e-07,7.946348e-07,3.755019e+00,5.500000e-01,false
11,1.000000e+16,1,9,CONTINUE,1.739249e-05,1.642731e-05,1.000000e-09,1.739249e-06,2.220530e-14,9.091661e-08,5.554176e-02,5.264394e+01,3.818130e-07,1.185840e-04,1.333086e-02,2.682808e-02,2.830551e-08,1.275164e+02,REFINE_STALLED,REFINE_STALLED,REFINE_STALLED,1,2,2,1,2,2,1,2,2,1.397639e+02,1.834073e-02,1.397742e+02,2.040358e-02,3.988609e+06,2.816080e+00,2.124984e-14,2.125941e-14,2.329316e-10,solution good enough for the tolerances given,solution good enough for the tolerances given,solution good enough for the tolerances given,2.124984e-14,2.125941e-14,2.329316e-10,1.397639e+02,2.886865e-15,1.397742e+02,2.937473e-15,3.988609e+06,4.260443e-11,1.775869e-02,1.923978e-02,2.815461e+00,4.395252e-05,2.484717e+00,5.289418e-07,7.946348e-07,3.755019e+00,5.500000e-01,false
11,3.162000e+16,1,9,CONTINUE,1.739249e-05,1.642717e-05,1.000000e-09,1.739249e-06,2.220530e-14,2.875294e-08,5.552249e-02,5.264394e+01,3.818092e-07,1.195038e-04,1.332050e-02,2.682695e-02,2.830551e-08,1.275164e+02,REFINE_STALLED,REFINE_STALLED,REFINE_STALLED,1,2,2,1,2,2,1,2,2,4.419532e+02,2.348325e-02,4.419629e+02,3.070864e-02,1.261197e+07,2.816963e+00,2.125287e-14,2.125590e-14,2.329316e-10,solution good enough for the tolerances given,solution good enough for the tolerances given,solution good enough for the tolerances given,2.125287e-14,2.125590e-14,2.329316e-10,4.419532e+02,2.823436e-15,4.419629e+02,3.114047e-15,1.261197e+07,4.260456e-11,1.775876e-02,1.922962e-02,2.815061e+00,4.395252e-05,2.484717e+00,5.289418e-07,7.946348e-07,3.755019e+00,5.500000e-01,false
11,1.000000e+17,1,11,CONTINUE,1.739249e-05,1.642727e-05,1.000000e-09,1.739249e-06,2.220530e-14,9.091679e-09,5.550235e-02,5.264394e+01,3.818153e-07,1.189047e-04,1.332744e-02,2.682756e-02,2.830551e-08,1.275164e+02,REFINE_STALLED,REFINE_STALLED,REFINE_STALLED,1,3,3,1,3,3,1,2,2,1.397704e+03,1.344056e-01,1.397715e+03,1.344025e-01,3.988601e+07,2.819708e+00,2.125382e-14,2.125478e-14,2.329314e-10,solution good enough for the tolerances given,solution good enough for the tolerances given,solution good enough for the tolerances given,2.125382e-14,2.125478e-14,2.329314e-10,1.397704e+03,4.666404e-15,1.397715e+03,2.864511e-15,3.988601e+07,4.260459e-11,1.775886e-02,1.923637e-02,2.813708e+00,4.395251e-05,2.484717e+00,5.289418e-07,7.946348e-07,3.755019e+00,5.500000e-01,false
11,3.162000e+17,1,11,CONTINUE,1.739249e-05,1.642724e-05,1.000000e-09,1.739249e-06,2.220530e-14,2.875296e-09,5.539609e-02,5.264394e+01,3.818241e-07,1.193494e-04,1.332249e-02,2.682660e-02,2.830551e-08,1.275164e+02,REFINE_STALLED,REFINE_STALLED,REFINE_STALLED,1,3,3,1,3,3,1,2,2,4.419404e+03,1.344326e+00,4.419405e+03,1.344331e+00,1.261196e+08,2.828357e+00,2.125413e-14,2.125442e-14,2.329315e-10,solution good enough for the tolerances given,solution good enough for the tolerances given,solution good enough for the tolerances given,2.125413e-14,2.125442e-14,2.329315e-10,4.419404e+03,8.552211e-15,4.419405e+03,1.242597e-14,1.261196e+08,4.260449e-11,1.775889e-02,1.923137e-02,2.809392e+00,4.395252e-05,2.484717e+00,5.289418e-07,7.946348e-07,3.755019e+00,5.500000e-01,false
11,1.000000e+18,1,11,CONTINUE,1.739249e-05,1.642407e-05,1.000000e-09,1.739249e-06,2.220530e-14,9.091685e-10,5.407595e-02,5.264394e+01,3.818160e-07,1.436160e-04,1.306044e-02,2.679430e-02,2.830551e-08,1.275164e+02,REFINE_STALLED,REFINE_STALLED,REFINE_STALLED,1,3,3,1,3,3,1,2,2,1.397495e+04,1.343974e+01,1.397499e+04,1.343994e+01,3.988599e+08,2.855702e+00,2.125422e-14,2.125432e-14,2.329314e-10,solution good enough for the tolerances given,solution good enough for the tolerances given,solution good enough for the tolerances given,2.125422e-14,2.125432e-14,2.329314e-10,1.397495e+04,3.477959e-14,1.397499e+04,2.444031e-14,3.988599e+08,4.260453e-11,1.775922e-02,1.895626e-02,2.795717e+00,4.395252e-05,2.484717e+00,5.289418e-07,7.946348e-07,3.755019e+00,5.500000e-01,false
12,1.000000e+00,0,31,CONTINUE,6.898377e-06,2.557722e-06,1.000000e-09,6.898377e-07,2.220476e-14,5.171502e-02,6.759400e-01,6.811576e+01,3.988459e-08,9.002109e+00,1.278427e-02,1.661889e-02,8.421392e-09,1.542132e+02,REACHED_FORCE,REACHED_FORCE,REACHED_FORCE,11,0,0,8,5,1,7,0,0,3.668664e-08,NaN,2.396364e-06,1.237423e-07,1.847144e-07,NaN,3.904385e-03,1.992788e-03,3.445282e-04,solution good enough for the tolerances given,solution good enough for the tolerances given,solution good enough for the tolerances given,2.982072e-07,1.801272e-06,1.358189e-06,3.537965e-17,3.668664e-08,1.198990e-14,2.396364e-06,9.409111e-16,1.847144e-07,3.668664e-08,1.237423e-07,1.847144e-07,1.297825e-04,1.245794e+01,1.654149e-07,2.471484e-07,5.501640e+00,4.500000e-01,false
12,3.162000e+00,0,21,CONTINUE,6.898377e-06,2.558100e-06,1.000000e-09,6.898377e-07,2.220476e-14,5.171494e-02,6.758944e-01,6.811740e+01,3.988984e-08,9.004429e+00,1.278542e-02,1.661978e-02,8.421392e-09,1.542132e+02,REACHED_FORCE,REACHED_FORCE,REACHED_FORCE,7,0,0,6,3,1,5,0,0,1.968682e-07,NaN,9.344689e-07,5.716628e-08,8.047867e-08,NaN,1.785354e-03,9.425025e-04,1.298367e-04,solution good enough for the tolerances given,solution good enough for the tolerances given,solution good enough for the tolerances given,1.501470e-06,8.873137e-07,5.446044e-07,1.491688e-16,1.968682e-07,4.831101e-14,9.344689e-07,3.795281e-15,8.047867e-08,1.968682e-07,5.716628e-08,8.047867e-08,7.298526e-05,7.029681e+00,1.654149e-07,2.471484e-07,5.501640e+00,4.500000e-01,false
12,1.000000e+01,0,15,CONTINUE,6.898377e-06,2.557413e-06,1.000000e-09,6.898377e-07,2.220476e-14,5.171494e-02,6.759768e-01,6.811331e+01,3.988116e-08,8.999047e+00,1.278319e-02,1.661754e-02,8.421392e-09,1.542132e+02,REACHED_FORCE,REACHED_FORCE,REACHED_FORCE,5,0,0,4,3,1,3,0,0,1.056823e-07,NaN,1.716166e-06,4.116959e-08,1.357552e-07,NaN,7.320525e-04,3.824625e-04,4.613043e-05,solution good enough for the tolerances given,solution good enough for the tolerances given,solution good enough for the tolerances given,9.324072e-07,5.614050e-07,9.196215e-07,2.833002e-16,1.056823e-07,1.009343e-13,1.716166e-06,7.945189e-15,1.357552e-07,1.056823e-07,4.116959e-08,1.357552e-07,4.104084e-05,3.978925e+00,1.654149e-07,2.471484e-07,5.501640e+00,4.500000e-01,false
12,3.162000e+01,0,10,CONTINUE,6.898377e-06,2.558935e-06,1.000000e-09,6.898377e-07,2.220476e-14,5.171494e-02,6.757849e-01,6.811383e+01,3.990650e-08,9.002153e+00,1.278805e-02,1.661724e-02,8.421392e-09,1.542132e+02,REACHED_FORCE,REACHED_FORCE,REACHED_FORCE,4,0,0,3,0,0,3,0,0,4.277248e-08,NaN,1.304816e-07,NaN,9.347126e-09,NaN,2.720436e-04,1.378454e-04,1.555811e-05,solution good enough for the tolerances given,solution good enough for the tolerances given,solution good enough for the tolerances given,3.440779e-07,3.057445e-07,7.265796e-08,6.616255e-16,4.277248e-08,2.090502e-13,1.304816e-07,1.641769e-14,9.347126e-09,4.277248e-08,1.304816e-07,9.347126e-09,2.307993e-05,2.910846e+00,1.654149e-07,2.471484e-07,5.501640e+00,4.500000e-01,false
12,1.000000e+02,0,8,CONTINUE,6.898377e-06,2.558172e-06,1.000000e-09,6.898377e-07,2.220476e-14,5.171494e-02,6.759087e-01,6.811437e+01,3.989422e-08,9.001072e+00,1.278903e-02,1.662016e-02,8.421392e-09,1.542132e+02,REACHED_FORCE,REACHED_FORCE,REACHED_FORCE,3,0,0,3,0,0,2,0,0,2.962495e-08,NaN,1.558829e-07,NaN,1.235427e-08,NaN,9.350979e-05,4.601821e-05,5.059190e-06,solution good enough for the tolerances given,solution good enough for the tolerances given,solution good enough for the tolerances given,2.567527e-07,1.341474e-08,1.058195e-07,2.266435e-15,2.962495e-08,6.242818e-13,1.558829e-07,4.903025e-14,1.235427e-08,2.962495e-08,1.558829e-07,1.235427e-08,1.297818e-05,2.627441e+00,1.654149e-07,2.471484e-07,5.501640e+00,4.500000e-01,false
12,3.162000e+02,0,6,CONTINUE,6.898377e-06,2.558083e-06,1.000000e-09,6.898377e-07,2.220476e-14,5.171494e-02,6.758948e-01,6.811449e+01,3.989156e-08,9.001375e+00,1.278081e-02,1.661855e-02,8.421392e-09,1.542132e+02,REACHED_FORCE,REACHED_FORCE,REACHED_FORCE,2,0,0,2,0,0,2,0,0,9.005495e-08,NaN,2.686403e-08,NaN,1.398164e-09,NaN,3.061128e-05,1.482929e-05,1.616337e-06,solution good enough for the tolerances given,solution good enough for the tolerances given,solution good enough for the tolerances given,5.954589e-07,1.102678e-07,1.158084e-08,1.278692e-14,9.005495e-08,4.316438e-12,2.686403e-08,3.391046e-13,1.398164e-09,9.005495e-08,2.686403e-08,1.398164e-09,7.298583e-06,2.530789e+00,1.654149e-07,2.471484e-07,5.501640e+00,4.500000e-01,false
12,1.000000e+03,0,6,CONTINUE,6.898377e-06,2.558170e-06,1.000000e-09,6.898377e-07,2.220476e-14,5.171494e-02,6.758862e-01,6.811552e+01,3.989188e-08,9.002568e+00,1.278294e-02,1.661806e-02,8.421392e-09,1.542132e+02,REACHED_FORCE,REACHED_FORCE,REACHED_FORCE,2,0,0,2,1,1,1,0,0,8.120316e-09,NaN,8.474970e-07,3.250704e-09,6.657622e-08,NaN,9.797834e-06,4.719309e-06,5.128156e-07,solution good enough for the tolerances given,solution good enough for the tolerances given,solution good enough for the tolerances given,6.324763e-08,1.122675e-08,5.128156e-07,3.093024e-14,8.120316e-09,1.009784e-11,8.474970e-07,7.934743e-13,6.657622e-08,8.120316e-09,3.250704e-09,6.657622e-08,4.103988e-06,2.499384e+00,1.654149e-07,2.471484e-07,5.501640e+00,4.500000e-01,false
12,3.162000e+03,0,5,CONTINUE,6.898377e-06,2.557351e-06,1.000000e-09,6.898377e-07,2.220476e-14,5.171494e-02,6.760027e-01,6.811589e+01,3.987900e-08,9.001402e+00,1.278582e-02,1.662019e-02,8.421392e-09,1.542132e+02,REACHED_FORCE,REACHED_FORCE,REACHED_FORCE,2,0,0,2,0,0,1,0,0,1.076479e-09,NaN,2.685555e-07,NaN,2.109636e-08,NaN,3.111031e-06,1.495528e-06,1.623570e-07,solution good enough for the tolerances given,solution good enough for the tolerances given,solution good enough for the tolerances given,6.450663e-09,1.129351e-09,1.623570e-07,2.442617e-13,1.076479e-09,8.094535e-11,2.685555e-07,6.359564e-12,2.109636e-08,1.076479e-09,2.685555e-07,2.109636e-08,2.307794e-06,2.489366e+00,1.654149e-07,2.471484e-07,5.501640e+00,4.500000e-01,false
12,1.000000e+04,0,4,CONTINUE,6.898377e-06,2.557641e-06,1.000000e-09,6.898377e-07,2.220476e-14,5.171494e-02,6.759515e-01,6.811649e+01,3.988299e-08,9.002722e+00,1.278489e-02,1.661969e-02,8.421392e-09,1.542132e+02,REACHED_FORCE,REACHED_FORCE,REACHED_FORCE,2,0,0,1,0,0,1,0,0,2.557664e-10,NaN,1.614517e-07,NaN,6.674815e-09,NaN,9.849682e-07,4.731879e-07,5.135503e-08,solution good enough for the tolerances given,solution good enough for the tolerances given,solution good enough for the tolerances given,6.489769e-10,4.731879e-07,5.135503e-08,3.260913e-13,2.557664e-10,1.144626e-10,1.614517e-07,8.992102e-12,6.674815e-09,2.557664e-10,1.614517e-07,6.674815e-09,1.298348e-06,2.486188e+00,1.654149e-07,2.471484e-07,5.501640e+00,4.500000e-01,false
12,3.162000e+04,0,3,CONTINUE,6.898377e-06,2.558539e-06,1.000000e-09,6.898377e-07,2.220476e-14,5.171494e-02,6.758998e-01,6.811498e+01,3.989106e-08,9.001847e+00,1.278296e-02,1.661833e-02,8.421392e-09,1.542132e+02,REACHED_FORCE,REACHED_FORCE,REACHED_FORCE,1,0,0,1,0,0,1,0,0,4.449990e-08,NaN,5.106195e-08,NaN,2.111362e-09,NaN,3.116283e-07,1.496501e-07,1.624309e-08,solution good enough for the tolerances given,solution good enough for the tolerances given,solution good enough for the tolerances given,3.116283e-07,1.496501e-07,1.624309e-08,1.619241e-12,4.449990e-08,5.728583e-10,5.106195e-08,4.500899e-11,2.111362e-09,4.449990e-08,5.106195e-08,2.111362e-09,7.306623e-07,2.485182e+00,1.654149e-07,2.471484e-07,5.501640e+00,4.500000e-01,true
12,1.000000e+05,0,3,CONTINUE,6.898377e-06,2.557390e-06,1.000000e-09,6.898377e-07,2.220476e-14,5.171494e-02,6.758924e-01,6.811535e+01,3.989140e-08,9.002353e+00,1.278309e-02,1.661809e-02,8.421392e-09,1.542132e+02,REACHED_FORCE,REACHED_FORCE,REACHED_FORCE,1,0,0,1,0,0,1,0,0,1.407266e-08,NaN,1.614869e-08,NaN,6.676544e-10,NaN,9.854954e-08,4.732850e-08,5.136243e-09,solution good enough for the tolerances given,solution good enough for the tolerances given,solution good enough for the tolerances given,9.854954e-08,4.732850e-08,5.136243e-09,3.464506e-12,1.407266e-08,1.107724e-09,1.614869e-08,8.699207e-11,6.676544e-10,1.407266e-08,1.614869e-08,6.676544e-10,4.127500e-07,2.484864e+00,1.654149e-07,2.471484e-07,5.501640e+00,4.500000e-01,false
12,3.162000e+05,0,3,CONTINUE,6.898377e-06,2.561390e-06,1.000000e-09,6.898377e-07,2.220476e-14,5.171494e-02,6.758898e-01,6.811551e+01,3.989152e-08,9.002556e+00,1.278314e-02,1.661803e-02,8.421392e-09,1.542132e+02,REACHED_FORCE,REACHED_FORCE,REACHED_FORCE,1,0,0,1,0,0,1,0,0,4.450736e-09,NaN,5.107418e-09,NaN,2.405179e-10,NaN,3.116811e-08,1.496884e-08,1.624382e-09,solution good enough for the tolerances given,solution good enough for the tolerances given,solution good enough for the tolerances given,3.116811e-08,1.496884e-08,1.624382e-09,8.805981e-12,4.450736e-09,3.061808e-09,5.107418e-09,2.405179e-10,2.111534e-10,4.450736e-09,5.107418e-09,2.405179e-10,2.299270e-07,2.484764e+00,1.654149e-07,2.471484e-07,5.501640e+00,4.500000e-01,false
12,1.000000e+06,0,3,CONTINUE,6.898377e-06,2.571734e-06,1.000000e-09,6.898377e-07,2.220476e-14,5.171494e-02,6.759256e-01,6.811456e+01,3.989010e-08,9.016530e+00,1.278251e-02,1.661771e-02,8.421392e-09,1.542132e+02,REACHED_FORCE,REACHED_FORCE,REACHED_FORCE,1,0,0,1,0,0,1,0,0,1.407341e-09,NaN,1.531195e-08,NaN,1.203138e-09,NaN,9.855482e-09,4.733262e-09,5.136317e-10,solution good enough for the tolerances given,solution good enough for the tolerances given,solution good enough for the tolerances given,9.855482e-09,4.733262e-09,5.136317e-10,4.607958e-11,1.407341e-09,1.531195e-08,1.614856e-09,1.203138e-09,6.676715e-11,1.407341e-09,1.531195e-08,1.203138e-09,1.309163e-07,2.484732e+00,1.654149e-07,2.471484e-07,5.501640e+00,4.500000e-01,false
12,3.162000e+06,0,3,CONTINUE,6.898377e-06,2.494915e-06,1.000000e-09,6.898377e-07,2.220476e-14,5.171494e-02,6.759011e-01,6.811490e+01,3.989041e-08,9.002875e+00,1.278299e-02,1.661785e-02,8.421392e-09,1.542132e+02,REACHED_FORCE,REACHED_FORCE,REACHED_FORCE,1,0,0,1,0,0,1,0,0,4.450808e-10,NaN,5.698849e-08,NaN,4.476668e-09,NaN,3.116863e-09,1.496879e-09,1.624391e-10,solution good enough for the tolerances given,solution good enough for the tolerances given,solution good enough for the tolerances given,3.116863e-09,1.496879e-09,1.624391e-10,1.692565e-10,4.450808e-10,5.698849e-08,5.107191e-10,4.476668e-09,2.111548e-11,4.450808e-10,5.698849e-08,4.476668e-09,7.353007e-08,2.484722e+00,1.654149e-07,2.471484e-07,5.501640e+00,4.500000e-01,false
12,1.000000e+07,0,3,CONTINUE,6.898377e-06,2.637380e-06,1.000000e-09,6.898377e-07,2.220476e-14,5.171494e-02,6.760521e-01,6.811167e+01,3.988491e-08,9.063760e+00,1.278034e-02,1.661677e-02,8.421392e-09,1.542132e+02,REACHED_FORCE,REACHED_FORCE,REACHED_FORCE,1,0,0,1,0,0,1,0,0,2.932297e-10,NaN,1.069125e-07,NaN,8.404459e-09,NaN,9.855535e-10,4.733491e-10,5.136352e-11,solution good enough for the tolerances given,solution good enough for the tolerances given,solution good enough for the tolerances given,9.855535e-10,4.733491e-10,5.136352e-11,2.932297e-10,1.407353e-10,1.069125e-07,1.614450e-10,8.404459e-09,6.676718e-12,2.932297e-10,1.069125e-07,8.404459e-09,6.025209e-08,2.484718e+00,1.654149e-07,2.471484e-07,5.501640e+00,4.500000e-01,false
12,3.162000e+07,0,12,CONTINUE,6.898377e-06,2.475049e-06,1.000000e-09,6.898377e-07,2.220476e-14,5.152501e-02,6.779065e-01,6.798622e+01,3.982786e-08,8.840859e+00,1.272494e-02,1.658519e-02,8.421392e-09,1.542132e+02,REACHED_FORCE,REACHED_FORCE,REACHED_FORCE,1,3,3,1,3,3,1,3,3,1.124632e-04,4.707885e-06,1.157195e-04,2.049941e-05,1.577035e-02,7.793482e-05,3.182871e-10,1.345473e-10,4.433336e-10,solution good enough for the tolerances given,solution good enough for the tolerances given,solution good enough for the tolerances given,3.182871e-10,1.345473e-10,4.433336e-10,1.124632e-04,4.434009e-11,1.157195e-04,1.986386e-11,1.577035e-02,6.205708e-11,2.526195e-08,5.755684e-07,2.798991e-07,4.472137e-05,2.484717e+00,1.654149e-07,2.471484e-07,5.501640e+00,4.500000e-01,false
12,1.000000e+08,1,15,CONTINUE,6.898377e-06,5.794549e-06,1.000000e-09,6.898377e-07,2.220476e-14,5.113737e-02,1.404763e-01,6.093693e+01,1.111186e-07,7.176179e+00,1.218331e-02,1.514447e-02,8.421392e-09,1.542132e+02,REFINE_STALLED,REFINE_STALLED,REACHED_FORCE,1,4,4,1,3,3,1,5,5,3.256404e-04,4.544633e-05,3.332944e-04,1.002409e-04,4.977502e-02,6.167299e-04,1.051591e-10,3.598131e-11,4.348805e-10,solution good enough for the tolerances given,solution good enough for the tolerances given,solution good enough for the tolerances given,1.051591e-10,3.598131e-11,4.348805e-10,3.256404e-04,1.393815e-11,3.332944e-04,4.832306e-12,4.977502e-02,6.057389e-11,1.661992e-06,1.350919e-05,5.159294e-07,4.472137e-05,2.484717e+00,1.654149e-07,2.471484e-07,5.501640e+00,4.500000e-01,false
12,3.162000e+08,1,16,CONTINUE,6.898377e-06,6.541961e-06,1.000000e-09,6.898377e-07,2.220476e-14,5.007079e-02,1.011093e-04,6.062340e+01,1.265316e-07,7.776970e+03,4.101413e+00,1.558007e-02,8.421392e-09,1.542132e+02,REFINE_STALLED,REFINE_STALLED,REFINE_ITMAX,1,2,2,1,1,1,1,10,10,8.077590e-04,3.714467e-04,1.887575e-02,2.229702e-02,1.565976e-01,3.466527e-03,3.723447e-11,4.932753e-10,4.173251e-10,solution good enough for the tolerances given,solution good enough for the tolerances given,solution good enough for the tolerances given,3.723447e-11,4.932753e-10,4.173251e-10,8.077590e-04,4.337692e-12,1.887575e-02,7.321856e-11,1.565976e-01,5.851252e-11,2.240850e-04,2.229702e-02,1.976974e-06,4.472137e-05,2.484717e+00,1.654149e-07,2.471484e-07,5.501640e+00,4.500000e-01,false
12,1.000000e+09,1,7,CONTINUE,6.898377e-06,6.538247e-06,1.000000e-09,6.898377e-07,2.220476e-14,4.757075e-02,6.081185e-05,5.951161e+01,1.288143e-07,1.611712e+00,2.683085e-02,1.536772e-02,8.421392e-09,1.542132e+02,REFINE_STALLED,REFINE_STALLED,REFINE_STALLED,1,1,1,1,1,1,1,2,2,4.864971e-03,8.756932e-03,8.995850e-03,1.924263e-02,4.898946e-01,1.201450e-02,1.410448e-11,5.805160e-11,3.912277e-10,solution good enough for the tolerances given,solution good enough for the tolerances given,solution good enough for the tolerances given,1.410448e-11,5.805160e-11,3.912277e-10,4.864971e-03,1.288753e-12,8.995850e-03,4.373488e-12,4.898946e-01,5.515167e-11,8.756932e-03,1.924263e-02,6.651130e-03,4.472137e-05,2.484717e+00,1.654149e-07,2.471484e-07,5.501640e+00,4.500000e-01,false
12,3.162000e+09,1,8,CONTINUE,6.898377e-06,6.538019e-06,1.000000e-09,6.898377e-07,2.220476e-14,4.261262e-02,1.825419e-04,5.951154e+01,1.288127e-07,2.654047e-01,8.568382e-02,1.536548e-02,8.421392e-09,1.542132e+02,REFINE_STALLED,REFINE_STALLED,REFINE_STALLED,1,1,1,1,1,1,1,3,3,1.016279e-02,1.262317e-02,8.390630e-03,5.209940e-03,1.515738e+00,4.142332e-02,5.316575e-12,3.568860e-11,3.614872e-10,solution good enough for the tolerances given,solution good enough for the tolerances given,solution good enough for the tolerances given,5.316575e-12,3.568860e-11,3.614872e-10,1.016279e-02,7.542915e-13,8.390630e-03,5.102549e-12,1.515738e+00,5.128077e-11,1.262317e-02,5.209940e-03,1.425716e-02,4.472137e-05,2.484717e+00,1.654149e-07,2.471484e-07,5.501640e+00,4.500000e-01,false
12,1.000000e+10,1,8,CONTINUE,6.898377e-06,1.370546e-03,1.000000e-09,6.898377e-07,2.220476e-14,3.350386e-02,5.004917e-03,5.948987e+01,1.287921e-07,3.009764e+00,1.307129e+00,1.544805e-02,8.421392e-09,1.542132e+02,REFINE_STALLED,REFINE_STALLED,REFINE_STALLED,1,1,1,1,1,1,1,3,3,1.348145e-02,3.290002e-02,1.152331e-01,3.044581e-01,4.611667e+00,2.007596e-01,2.055596e-12,3.807855e-11,3.282996e-10,solution good enough for the tolerances given,solution good enough for the tolerances given,solution good enough for the tolerances given,2.055596e-12,3.807855e-11,3.282996e-10,1.348145e-02,3.962951e-13,1.152331e-01,8.176377e-12,4.611667e+00,4.776346e-11,3.290002e-02,3.044581e-01,5.121738e-02,4.472137e-05,2.484717e+00,1.654149e-07,2.471484e-07,5.501640e+00,4.500000e-01,false
12,3.162000e+10,1,7,CONTINUE,6.898377e-06,6.538261e-06,1.000000e-09,6.898377e-07,2.220476e-14,1.977364e-02,8.049697e-05,5.951147e+01,1.288145e-07,2.971650e-03,1.429582e-02,1.536767e-02,8.421392e-09,1.542132e+02,REFINE_STALLED,REFINE_STALLED,REFINE_STALLED,1,1,1,1,1,1,1,2,2,1.733667e-02,1.360875e-02,7.167116e-03,5.046627e-03,1.383714e+01,7.278537e-01,8.291651e-13,9.723767e-13,2.913706e-10,solution good enough for the tolerances given,solution good enough for the tolerances given,solution good enough for the tolerances given,8.291651e-13,9.723767e-13,2.913706e-10,1.733667e-02,1.421567e-13,7.167116e-03,1.601004e-13,1.383714e+01,4.748620e-11,1.360875e-02,5.046627e-03,3.790980e-01,4.472137e-05,2.484717e+00,1.654149e-07,2.471484e-07,5.501640e+00,4.500000e-01,false
12,1.000000e+11,1,7,CONTINUE,6.898377e-06,6.538853e-06,1.000000e-09,6.898377e-07,2.220476e-14,7.812039e-03,5.421150e-04,5.951147e+01,1.288085e-07,3.789417e-04,9.904188e-03,1.536663e-02,8.421392e-09,1.542132e+02,REFINE_STALLED,REFINE_STALLED,REFINE_STALLED,1,1,1,1,1,1,1,2,2,1.861001e-02,1.005145e-02,8.477755e-03,6.377213e-03,4.172212e+01,1.715512e+00,3.123995e-13,3.298735e-13,2.598278e-10,solution good enough for the tolerances given,solution good enough for the tolerances given,solution good enough for the tolerances given,3.123995e-13,3.298735e-13,2.598278e-10,1.861001e-02,4.199799e-14,8.477755e-03,4.849272e-14,4.172212e+01,4.533456e-11,1.005145e-02,6.377213e-03,1.262121e+00,4.472137e-05,2.484717e+00,1.654149e-07,2.471484e-07,5.501640e+00,4.500000e-01,false
12,3.162000e+11,1,7,CONTINUE,6.898377e-06,2.948979e-05,1.000000e-09,6.898377e-07,2.220476e-14,2.719540e-03,2.268212e-01,5.951151e+01,1.258908e-07,1.692212e-04,1.144550e-02,1.556764e-02,8.421392e-09,1.542132e+02,REFINE_STALLED,REFINE_STALLED,REFINE_STALLED,1,1,1,1,1,1,1,2,2,1.839223e-02,1.474021e-02,9.864610e-03,9.074017e-03,1.283253e+02,2.584134e+00,1.051743e-13,1.317106e-13,2.428312e-10,solution good enough for the tolerances given,solution good enough for the tolerances given,solution good enough for the tolerances given,1.051743e-13,1.317106e-13,2.428312e-10,1.839223e-02,1.406340e-14,9.864610e-03,2.078623e-14,1.283253e+02,4.369075e-11,1.474021e-02,9.074017e-03,2.305086e+00,4.472137e-05,2.484717e+00,1.654149e-07,2.471484e-07,5.501640e+00,4.500000e-01,false
12,1.000000e+12,1,7,CONTINUE,6.898377e-06,1.169234e-05,1.000000e-09,6.898377e-07,2.220476e-14,8.922507e-04,1.594200e-01,5.951153e+01,1.267597e-07,2.675586e-04,1.329050e-02,1.570768e-02,8.421392e-09,1.542132e+02,REFINE_STALLED,REFINE_STALLED,REFINE_STALLED,1,1,1,1,1,1,1,2,2,1.876778e-02,1.682854e-02,1.078875e-02,1.101809e-02,4.012211e+02,3.017430e+00,3.149926e-14,5.020902e-14,2.362249e-10,solution good enough for the tolerances given,solution good enough for the tolerances given,solution good enough for the tolerances given,3.149926e-14,5.020902e-14,2.362249e-10,1.876778e-02,3.958074e-15,1.078875e-02,8.012282e-15,4.012211e+02,4.297629e-11,1.682854e-02,1.101809e-02,2.903793e+00,4.444201e-05,2.484717e+00,1.654149e-07,2.471484e-07,5.501640e+00,4.500000e-01,false
12,3.162000e+12,1,7,CONTINUE,6.898377e-06,8.790254e-06,1.000000e-09,6.898377e-07,2.220476e-14,2.857870e-04,1.403989e-01,5.951154e+01,1.270050e-07,3.085656e-04,1.423058e-02,1.575131e-02,8.421392e-09,1.542132e+02,REFINE_STALLED,REFINE_STALLED,REFINE_STALLED,1,1,1,1,1,1,1,2,2,2.054828e-02,1.767247e-02,1.979453e-02,1.290795e-02,1.263608e+03,3.179659e+00,8.574744e-15,2.088877e-14,2.339895e-10,solution good enough for the tolerances given,solution good enough for the tolerances given,solution good enough for the tolerances given,8.574744e-15,2.088877e-14,2.339895e-10,2.054828e-02,1.333379e-15,1.979453e-02,3.315377e-15,1.263608e+03,4.272507e-11,1.767247e-02,1.290795e-02,3.140497e+00,4.410944e-05,2.484717e+00,1.654149e-07,2.471484e-07,5.501640e+00,4.500000e-01,false
12,1.000000e+13,1,9,CONTINUE,6.898377e-06,6.579932e-06,1.000000e-09,6.898377e-07,2.220476e-14,9.074090e-05,4.519238e-02,5.951149e+01,1.280435e-07,3.687878e-04,1.331606e-02,1.545473e-02,8.421392e-09,1.542132e+02,REFINE_STALLED,REFINE_STALLED,REFINE_STALLED,1,2,2,1,2,2,1,2,2,5.130312e-02,1.823835e-02,5.372716e-02,1.283197e-02,3.991041e+03,3.233976e+00,5.860461e-15,1.139666e-14,2.332680e-10,solution good enough for the tolerances given,solution good enough for the tolerances given,solution good enough for the tolerances given,5.860461e-15,1.139666e-14,2.332680e-10,5.130312e-02,6.665238e-16,5.372716e-02,1.723059e-15,3.991041e+03,4.264312e-11,1.809480e-02,1.271254e-02,3.221244e+00,4.400237e-05,2.484717e+00,1.654149e-07,2.471484e-07,5.501640e+00,4.500000e-01,false
12,3.162000e+13,1,9,CONTINUE,6.898377e-06,6.580436e-06,1.000000e-09,6.898377e-07,2.220476e-14,2.873530e-05,4.574897e-02,5.951150e+01,1.280394e-07,3.739108e-04,1.350519e-02,1.546137e-02,8.421392e-09,1.542132e+02,REFINE_STALLED,REFINE_STALLED,REFINE_STALLED,1,2,2,1,2,2,1,2,2,1.585034e-01,1.842358e-02,1.624974e-01,1.312009e-02,1.261440e+04,3.251465e+00,6.928521e-15,8.770264e-15,2.330380e-10,solution good enough for the tolerances given,solution good enough for the tolerances given,solution good enough for the tolerances given,6.928521e-15,8.770264e-15,2.330380e-10,1.585034e-01,9.024632e-16,1.624974e-01,1.238160e-15,1.261440e+04,4.261676e-11,1.837268e-02,1.307583e-02,3.247402e+00,4.396830e-05,2.484717e+00,1.654149e-07,2.471484e-07,5.501640e+00,4.500000e-01,false
12,1.000000e+14,1,9,CONTINUE,6.898377e-06,6.580627e-06,1.000000e-09,6.898377e-07,2.220476e-14,9.089916e-06,4.596265e-02,5.951150e+01,1.280373e-07,3.756172e-04,1.356556e-02,1.546361e-02,8.421392e-09,1.542132e+02,REFINE_STALLED,REFINE_STALLED,REFINE_STALLED,1,2,2,1,2,2,1,2,2,4.975406e-01,1.848280e-02,5.063754e-01,1.321278e-02,3.988845e+04,3.257028e+00,7.413499e-15,7.997786e-15,2.329651e-10,solution good enough for the tolerances given,solution good enough for the tolerances given,solution good enough for the tolerances given,7.413499e-15,7.997786e-15,2.329651e-10,4.975406e-01,9.787790e-16,5.063754e-01,1.083474e-15,3.988845e+04,4.260838e-11,1.846180e-02,1.319320e-02,3.255741e+00,4.395750e-05,2.484717e+00,1.654149e-07,2.471484e-07,5.501640e+00,4.500000e-01,false
12,3.162000e+14,1,9,CONTINUE,6.898377e-06,6.580691e-06,1.000000e-09,6.898377e-07,2.220476e-14,2.875118e-06,4.603482e-02,5.951150e+01,1.280365e-07,3.761696e-04,1.358472e-02,1.546433e-02,8.421392e-09,1.542132e+02,REFINE_STALLED,REFINE_STALLED,REFINE_STALLED,1,2,2,1,2,2,1,2,2,1.578646e+00,1.850177e-02,1.593590e+00,1.324241e-02,1.261220e+05,3.258790e+00,7.577838e-15,7.762561e-15,2.329420e-10,solution good enough for the tolerances given,solution good enough for the tolerances given,solution good enough for the tolerances given,7.577838e-15,7.762561e-15,2.329420e-10,1.578646e+00,1.002823e-15,1.593590e+00,1.033488e-15,1.261220e+05,4.260577e-11,1.849010e-02,1.323058e-02,3.258390e+00,4.395409e-05,2.484717e+00,1.654149e-07,2.471484e-07,5.501640e+00,4.500000e-01,false
12,1.000000e+15,1,9,CONTINUE,6.898377e-06,6.580714e-06,1.000000e-09,6.898377e-07,2.220476e-14,9.091507e-07,4.605984e-02,5.951150e+01,1.280362e-07,3.763409e-04,1.359084e-02,1.546456e-02,8.421392e-09,1.542132e+02,REFINE_STALLED,REFINE_STALLED,REFINE_STALLED,1,2,2,1,2,2,1,2,2,5.017280e+00,1.850842e-02,5.032229e+00,1.325367e-02,3.988626e+05,3.259339e+00,7.630815e-15,7.689213e-15,2.329348e-10,solution good enough for the tolerances given,solution good enough for the tolerances given,solution good enough for the tolerances given,7.630815e-15,7.689213e-15,2.329348e-10,5.017280e+00,1.008778e-15,5.032229e+00,1.017710e-15,3.988626e+05,4.260489e-11,1.849901e-02,1.324246e-02,3.259232e+00,4.395302e-05,2.484717e+00,1.654149e-07,2.471484e-07,5.501640e+00,4.500000e-01,false
12,3.162000e+15,1,9,CONTINUE,6.898377e-06,6.580725e-06,1.000000e-09,6.898377e-07,2.220476e-14,2.875278e-07,4.607215e-02,5.951150e+01,1.280361e-07,3.763904e-04,1.359287e-02,1.546465e-02,8.421392e-09,1.542132e+02,REFINE_STALLED,REFINE_STALLED,REFINE_STALLED,1,2,2,1,2,2,1,2,2,1.588937e+01,1.851933e-02,1.590432e+01,1.327744e-02,1.261197e+06,3.259486e+00,7.647655e-15,7.666127e-15,2.329324e-10,solution good enough for the tolerances given,solution good enough for the tolerances given,solution good enough for the tolerances given,7.647655e-15,7.666127e-15,2.329324e-10,1.588937e+01,1.006024e-15,1.590432e+01,1.013186e-15,1.261197e+06,4.260466e-11,1.850188e-02,1.324629e-02,3.259511e+00,4.395267e-05,2.484717e+00,1.654149e-07,2.471484e-07,5.501640e+00,4.500000e-01,false
12,1.000000e+16,1,9,CONTINUE,6.898377e-06,6.580737e-06,1.000000e-09,6.898377e-07,2.220476e-14,9.091666e-08,4.608457e-02,5.951150e+01,1.280359e-07,3.764004e-04,1.359369e-02,1.546470e-02,8.421392e-09,1.542132e+02,REFINE_STALLED,REFINE_STALLED,REFINE_STALLED,1,2,2,1,2,2,1,2,2,5.027565e+01,1.862092e-02,5.029061e+01,1.347977e-02,3.988604e+06,3.259450e+00,7.652995e-15,7.658837e-15,2.329317e-10,solution good enough for the tolerances given,solution good enough for the tolerances given,solution good enough for the tolerances given,7.652995e-15,7.658837e-15,2.329317e-10,5.027565e+01,1.019515e-15,5.029061e+01,1.007563e-15,3.988604e+06,4.260449e-11,1.850278e-02,1.324763e-02,3.259638e+00,4.395257e-05,2.484717e+00,1.654149e-07,2.471484e-07,5.501640e+00,4.500000e-01,false
12,3.162000e+16,1,9,CONTINUE,6.898377e-06,6.580790e-06,1.000000e-09,6.898377e-07,2.220476e-14,2.875295e-08,4.614552e-02,5.951150e+01,1.280347e-07,3.764672e-04,1.359217e-02,1.546483e-02,8.421392e-09,1.542132e+02,REFINE_STALLED,REFINE_STALLED,REFINE_STALLED,1,2,2,1,2,2,1,2,2,1.589960e+02,1.962226e-02,1.590111e+02,1.550510e-02,1.261196e+07,3.259177e+00,7.654694e-15,7.656537e-15,2.329316e-10,solution good enough for the tolerances given,solution good enough for the tolerances given,solution good enough for the tolerances given,7.654694e-15,7.656537e-15,2.329316e-10,1.589960e+02,1.035137e-15,1.590111e+02,1.055319e-15,1.261196e+07,4.260453e-11,1.850304e-02,1.324694e-02,3.259811e+00,4.395252e-05,2.484717e+00,1.654149e-07,2.471484e-07,5.501640e+00,4.500000e-01,false
12,1.000000e+17,1,10,CONTINUE,6.898377e-06,6.580729e-06,1.000000e-09,6.898377e-07,2.220476e-14,9.091683e-09,4.606684e-02,5.951150e+01,1.280370e-07,3.762327e-04,1.359824e-02,1.546473e-02,8.421392e-09,1.542132e+02,REFINE_STALLED,REFINE_STALLED,REFINE_STALLED,1,2,2,1,3,3,1,2,2,5.028554e+02,2.978654e-02,5.028711e+02,3.580661e-02,3.988606e+07,3.258262e+00,7.655224e-15,7.655808e-15,2.329316e-10,solution good enough for the tolerances given,solution good enough for the tolerances given,solution good enough for the tolerances given,7.655224e-15,7.655808e-15,2.329316e-10,5.028554e+02,9.327032e-16,5.028711e+02,1.142169e-15,3.988606e+07,4.260466e-11,1.850313e-02,1.325082e-02,3.260279e+00,4.395251e-05,2.484717e+00,1.654149e-07,2.471484e-07,5.501640e+00,4.500000e-01,false
12,3.162000e+17,1,11,CONTINUE,6.898377e-06,6.580718e-06,1.000000e-09,6.898377e-07,2.220476e-14,2.875294e-09,4.606544e-02,5.951150e+01,1.280362e-07,3.764270e-04,1.359343e-02,1.546466e-02,8.421392e-09,1.542132e+02,REFINE_STALLED,REFINE_STALLED,REFINE_STALLED,1,3,3,1,3,3,1,2,2,1.590019e+03,2.641758e-01,1.590035e+03,2.641917e-01,1.261197e+08,3.255361e+00,7.655387e-15,7.655568e-15,2.329316e-10,solution good enough for the tolerances given,solution good enough for the tolerances given,solution good enough for the tolerances given,7.655387e-15,7.655568e-15,2.329316e-10,1.590019e+03,1.541843e-15,1.590035e+03,2.050957e-15,1.261197e+08,4.260456e-11,1.850316e-02,1.324778e-02,3.261737e+00,4.395252e-05,2.484717e+00,1.654149e-07,2.471484e-07,5.501640e+00,4.500000e-01,false
12,1.000000e+18,1,11,CONTINUE,6.898377e-06,6.580655e-06,1.000000e-09,6.898377e-07,2.220476e-14,9.091685e-10,4.599455e-02,5.951150e+01,1.280375e-07,3.763963e-04,1.359427e-02,1.546450e-02,8.421392e-09,1.542132e+02,REFINE_STALLED,REFINE_STALLED,REFINE_STALLED,1,3,3,1,3,3,1,2,2,5.028221e+03,2.641301e+00,5.028245e+03,2.641562e+00,3.988599e+08,3.246163e+00,7.655442e-15,7.655495e-15,2.329314e-10,solution good enough for the tolerances given,solution good enough for the tolerances given,solution good enough for the tolerances given,7.655442e-15,7.655495e-15,2.329314e-10,5.028221e+03,5.811203e-15,5.028245e+03,3.845342e-15,3.988599e+08,4.260453e-11,1.850317e-02,1.324833e-02,3.266336e+00,4.395252e-05,2.484717e+00,1.654149e-07,2.471484e-07,5.501640e+00,4.500000e-01,false
13,1.000000e+00,0,28,CONTINUE,2.558539e-06,6.457553e-07,1.000000e-09,2.558539e-07,2.220456e-14,2.115436e-02,7.608204e-01,7.188690e+01,9.412700e-09,3.505552e+00,6.465277e-03,1.664031e-02,2.313328e-09,2.804241e+03,REACHED_FORCE,REACHED_FORCE,REACHED_FORCE,10,0,0,9,0,0,9,0,0,3.958714e-09,NaN,1.042959e-07,NaN,1.247524e-08,NaN,1.991775e-03,4.549101e-04,9.695231e-05,solution good enough for the tolerances given,solution good enough for the tolerances given,solution good enough for the tolerances given,2.782684e-08,2.759841e-07,1.104078e-07,2.078405e-17,3.958714e-09,6.114811e-15,1.042959e-07,1.232889e-15,1.247524e-08,3.958714e-09,1.042959e-07,1.247524e-08,6.802880e-05,5.299765e+01,4.736033e-08,6.998341e-08,9.637937e-01,4.000000e-01,false
13,3.162000e+00,0,21,CONTINUE,2.558539e-06,6.455211e-07,1.000000e-09,2.558539e-07,2.220456e-14,2.115436e-02,7.609162e-01,7.188724e+01,9.409081e-09,3.505422e+00,6.463688e-03,1.664004e-02,2.313328e-09,2.804241e+03,REACHED_FORCE,REACHED_FORCE,REACHED_FORCE,7,0,0,7,1,1,6,0,0,2.865600e-08,NaN,2.626408e-07,3.101608e-08,5.277702e-08,NaN,8.203938e-04,2.905195e-04,4.122970e-05,solution good enough for the tolerances given,solution good enough for the tolerances given,solution good enough for the tolerances given,2.403311e-07,3.019626e-08,4.307375e-07,6.708841e-17,2.865600e-08,2.890110e-14,2.626408e-07,5.822510e-15,5.277702e-08,2.865600e-08,3.101608e-08,5.277702e-08,3.825708e-05,2.985574e+01,4.736033e-08,6.998341e-08,9.637937e-01,4.000000e-01,false
13,1.000000e+01,0,15,CONTINUE,2.558539e-06,6.454933e-07,1.000000e-09,2.558539e-07,2.220456e-14,2.115436e-02,7.609306e-01,7.189121e+01,9.408042e-09,3.509046e+00,6.463697e-03,1.664092e-02,2.313328e-09,2.804241e+03,REACHED_FORCE,REACHED_FORCE,REACHED_FORCE,5,0,0,5,0,0,5,0,0,4.752537e-08,NaN,6.311912e-08,NaN,8.676677e-09,NaN,3.138198e-04,1.694132e-04,1.637532e-05,solution good enough for the tolerances given,solution good enough for the tolerances given,solution good enough for the tolerances given,3.107263e-07,2.627896e-07,6.483496e-08,7.967218e-17,4.752537e-08,2.570640e-14,6.311912e-08,5.172738e-15,8.676677e-09,4.752537e-08,6.311912e-08,8.676677e-09,2.151264e-05,1.687994e+01,4.736033e-08,6.998341e-08,9.637937e-01,4.000000e-01,false
13,3.162000e+01,0,12,CONTINUE,2.558539e-06,6.456326e-07,1.000000e-09,2.558539e-07,2.220456e-14,2.115436e-02,7.608685e-01,7.188777e+01,9.410702e-09,3.506133e+00,6.464945e-03,1.664029e-02,2.313328e-09,2.804241e+03,REACHED_FORCE,REACHED_FORCE,REACHED_FORCE,4,0,0,4,0,0,4,0,0,4.704890e-09,NaN,3.144693e-08,NaN,4.998116e-09,NaN,1.275359e-04,7.832774e-05,6.042325e-06,solution good enough for the tolerances given,solution good enough for the tolerances given,solution good enough for the tolerances given,4.225529e-08,5.269404e-08,3.258602e-08,3.551128e-16,4.704890e-09,1.390804e-13,3.144693e-08,2.804112e-14,4.998116e-09,4.704890e-09,3.144693e-08,4.998116e-09,1.209789e-05,9.653690e+00,4.736033e-08,6.998341e-08,9.637937e-01,4.000000e-01,false
13,1.000000e+02,0,8,CONTINUE,2.558539e-06,6.419356e-07,1.000000e-09,2.558539e-07,2.220456e-14,2.115436e-02,7.622111e-01,7.189968e+01,9.353448e-09,3.511011e+00,6.426218e-03,1.663750e-02,2.313328e-09,2.804241e+03,REACHED_FORCE,REACHED_FORCE,REACHED_FORCE,3,0,0,3,0,0,2,0,0,1.807952e-08,NaN,1.698574e-07,NaN,3.452689e-08,NaN,5.397940e-05,3.067862e-05,2.128951e-06,solution good enough for the tolerances given,solution good enough for the tolerances given,solution good enough for the tolerances given,1.018140e-07,1.401728e-07,2.540311e-07,2.208495e-15,1.807952e-08,9.800023e-13,1.698574e-07,1.973549e-13,3.452689e-08,1.807952e-08,1.698574e-07,3.452689e-08,6.802761e-06,5.705298e+00,4.736033e-08,6.998341e-08,9.637937e-01,4.000000e-01,false
13,3.162000e+02,0,8,CONTINUE,2.558539e-06,6.451470e-07,1.000000e-09,2.558539e-07,2.220456e-14,2.115436e-02,7.610448e-01,7.188877e+01,9.403327e-09,3.506250e+00,6.459566e-03,1.663981e-02,2.313328e-09,2.804241e+03,REACHED_FORCE,REACHED_FORCE,REACHED_FORCE,3,0,0,3,0,0,2,0,0,5.958040e-10,NaN,2.474957e-08,NaN,4.994528e-09,NaN,2.038985e-05,1.081442e-05,7.184605e-07,solution good enough for the tolerances given,solution good enough for the tolerances given,solution good enough for the tolerances given,3.304486e-09,4.520897e-09,3.838648e-08,3.367016e-15,5.958040e-10,1.458959e-12,2.474957e-08,2.941337e-13,4.994528e-09,5.958040e-10,2.474957e-08,4.994528e-09,3.825946e-06,3.657398e+00,4.736033e-08,6.998341e-08,9.637937e-01,4.000000e-01,false
13,1.000000e+03,0,5,CONTINUE,2.558539e-06,6.445538e-07,1.000000e-09,2.558539e-07,2.220456e-14,2.115436e-02,7.612499e-01,7.189182e+01,9.393264e-09,3.508142e+00,6.444069e-03,1.664034e-02,2.313328e-09,2.804241e+03,REACHED_FORCE,REACHED_FORCE,REACHED_FORCE,2,0,0,2,0,0,1,0,0,2.295982e-08,NaN,1.535888e-07,NaN,3.224868e-08,NaN,6.932132e-06,3.570872e-06,2.336916e-07,solution good enough for the tolerances given,solution good enough for the tolerances given,solution good enough for the tolerances given,1.296124e-07,6.696532e-08,2.336916e-07,8.947118e-15,2.295982e-08,3.651194e-12,1.535888e-07,7.360395e-13,3.224868e-08,2.295982e-08,1.535888e-07,3.224868e-08,2.151002e-06,2.704114e+00,4.736033e-08,6.998341e-08,9.637937e-01,4.000000e-01,false
13,3.162000e+03,0,5,CONTINUE,2.558539e-06,6.452976e-07,1.000000e-09,2.558539e-07,2.220456e-14,2.115436e-02,7.609876e-01,7.188885e+01,9.405344e-09,3.506591e+00,6.458062e-03,1.664030e-02,2.313328e-09,2.804241e+03,REACHED_FORCE,REACHED_FORCE,REACHED_FORCE,2,0,0,2,0,0,1,0,0,2.348194e-09,NaN,5.015091e-08,NaN,1.024917e-08,NaN,2.247900e-06,1.147171e-06,7.465509e-08,solution good enough for the tolerances given,solution good enough for the tolerances given,solution good enough for the tolerances given,1.315072e-08,6.994581e-09,7.465509e-08,2.669018e-14,2.348194e-09,8.649880e-12,5.015091e-08,1.742199e-12,1.024917e-08,2.348194e-09,5.015091e-08,1.024917e-08,1.209317e-06,2.525983e+00,4.736033e-08,6.998341e-08,9.637937e-01,4.000000e-01,false
13,1.000000e+04,0,5,CONTINUE,2.558539e-06,6.455301e-07,1.000000e-09,2.558539e-07,2.220456e-14,2.115436e-02,7.608854e-01,7.188748e+01,9.410007e-09,3.505792e+00,6.462927e-03,1.664027e-02,2.313328e-09,2.804241e+03,REACHED_FORCE,REACHED_FORCE,REACHED_FORCE,2,0,0,2,0,0,1,0,0,2.386017e-10,NaN,1.602468e-08,NaN,3.245935e-09,NaN,7.166014e-07,3.645597e-07,2.368444e-08,solution good enough for the tolerances given,solution good enough for the tolerances given,solution good enough for the tolerances given,1.320628e-09,7.089006e-10,2.368444e-08,1.406588e-13,2.386017e-10,5.283079e-11,1.602468e-08,1.066053e-11,3.245935e-09,2.386017e-10,1.602468e-08,3.245935e-09,6.788286e-07,2.499115e+00,4.736033e-08,6.998341e-08,9.637937e-01,4.000000e-01,false
13,3.162000e+04,0,3,CONTINUE,2.558539e-06,6.463628e-07,1.000000e-09,2.558539e-07,2.220456e-14,2.115436e-02,7.606287e-01,7.188134e+01,9.420879e-09,3.501271e+00,6.465529e-03,1.663993e-02,2.313328e-09,2.804241e+03,REACHED_FORCE,REACHED_FORCE,REACHED_FORCE,1,0,0,1,0,0,1,0,0,2.758850e-08,NaN,1.904261e-08,NaN,1.027064e-09,NaN,2.272192e-07,1.152529e-07,7.498303e-09,solution good enough for the tolerances given,solution good enough for the tolerances given,solution good enough for the tolerances given,2.272192e-07,1.152529e-07,7.498303e-09,3.198269e-13,2.758850e-08,1.236065e-10,1.904261e-08,2.496363e-11,1.027064e-09,2.758850e-08,1.904261e-08,1.027064e-09,3.793088e-07,2.489433e+00,4.736033e-08,6.998341e-08,9.637937e-01,4.000000e-01,true
13,1.000000e+05,0,3,CONTINUE,2.558539e-06,6.459689e-07,1.000000e-09,2.558539e-07,2.220456e-14,2.115436e-02,7.607702e-01,7.188503e+01,9.415008e-09,3.504290e+00,6.465337e-03,1.664014e-02,2.313328e-09,2.804241e+03,REACHED_FORCE,REACHED_FORCE,REACHED_FORCE,1,0,0,1,0,0,1,0,0,8.732189e-09,NaN,6.032430e-09,NaN,3.248095e-10,NaN,7.190598e-08,3.650992e-08,2.371764e-09,solution good enough for the tolerances given,solution good enough for the tolerances given,solution good enough for the tolerances given,7.190598e-08,3.650992e-08,2.371764e-09,1.454395e-12,8.732189e-09,6.078522e-10,6.032430e-09,1.226650e-10,3.248095e-10,8.732189e-09,6.032430e-09,3.248095e-10,2.172079e-07,2.486225e+00,4.736033e-08,6.998341e-08,9.637937e-01,4.000000e-01,false
13,3.162000e+05,0,3,CONTINUE,2.558539e-06,6.450655e-07,1.000000e-09,2.558539e-07,2.220456e-14,2.115436e-02,7.608222e-01,7.188600e+01,9.413005e-09,3.507149e+00,6.465223e-03,1.664015e-02,2.313328e-09,2.804241e+03,REACHED_FORCE,REACHED_FORCE,REACHED_FORCE,1,0,0,1,0,0,1,0,0,2.762475e-09,NaN,1.908913e-09,NaN,2.325541e-10,NaN,2.274660e-08,1.155319e-08,7.501639e-10,solution good enough for the tolerances given,solution good enough for the tolerances given,solution good enough for the tolerances given,2.274660e-08,1.155319e-08,7.501639e-10,1.924830e-12,2.762475e-09,1.151694e-09,1.908913e-09,2.325541e-10,1.027280e-10,2.762475e-09,1.908913e-09,2.325541e-10,1.274791e-07,2.485196e+00,4.736033e-08,6.998341e-08,9.637937e-01,4.000000e-01,false
13,1.000000e+06,0,3,CONTINUE,2.558539e-06,6.377081e-07,1.000000e-09,2.558539e-07,2.220456e-14,2.115436e-02,7.608311e-01,7.188641e+01,9.412502e-09,3.505505e+00,6.465234e-03,1.664019e-02,2.313328e-09,2.804241e+03,REACHED_FORCE,REACHED_FORCE,REACHED_FORCE,1,0,0,1,0,0,1,0,0,8.735816e-10,NaN,6.099750e-09,NaN,1.230623e-09,NaN,7.193069e-09,3.653770e-09,2.372097e-10,solution good enough for the tolerances given,solution good enough for the tolerances given,solution good enough for the tolerances given,7.193069e-09,3.653770e-09,2.372097e-10,1.409918e-11,8.735816e-10,6.099750e-09,6.037074e-10,1.230623e-09,3.248325e-11,8.735816e-10,6.099750e-09,1.230623e-09,7.353007e-08,2.484869e+00,4.736033e-08,6.998341e-08,9.637937e-01,4.000000e-01,false
13,3.162000e+06,0,3,CONTINUE,2.558539e-06,6.272077e-07,1.000000e-09,2.558539e-07,2.220456e-14,2.115436e-02,7.559745e-01,7.184278e+01,9.618410e-09,3.661085e+00,6.461094e-03,1.663009e-02,2.313328e-09,2.804241e+03,REACHED_FORCE,REACHED_FORCE,REACHED_FORCE,1,0,0,1,0,0,1,0,0,2.762843e-10,NaN,2.594235e-08,NaN,5.262472e-09,NaN,2.274907e-09,1.155589e-09,7.501994e-11,solution good enough for the tolerances given,solution good enough for the tolerances given,solution good enough for the tolerances given,2.274907e-09,1.155589e-09,7.501994e-11,5.708212e-11,2.762843e-10,2.594235e-08,1.909687e-10,5.262472e-09,1.027314e-11,2.762843e-10,2.594235e-08,5.262472e-09,6.025209e-08,2.484765e+00,4.736033e-08,6.998341e-08,9.637937e-01,4.000000e-01,false
13,1.000000e+07,0,11,CONTINUE,2.558539e-06,6.484729e-07,1.000000e-09,2.558539e-07,2.220456e-14,2.104703e-02,7.621841e-01,7.241681e+01,9.331850e-09,3.990928e+00,6.503380e-03,1.674695e-02,2.313328e-09,2.804241e+03,REACHED_FORCE,REACHED_FORCE,REACHED_FORCE,1,2,2,1,3,3,1,3,3,1.188195e-05,2.055860e-06,2.045909e-05,3.649079e-06,4.991215e-03,1.097006e-05,7.277993e-10,3.501967e-10,4.314189e-10,solution good enough for the tolerances given,solution good enough for the tolerances given,solution good enough for the tolerances given,7.277993e-10,3.501967e-10,4.314189e-10,1.188195e-05,8.820677e-11,2.045909e-05,5.389039e-11,4.991215e-03,5.972604e-11,1.512820e-07,2.775792e-08,2.427729e-08,4.472137e-05,2.484732e+00,4.736033e-08,6.998341e-08,9.637937e-01,4.000000e-01,false
13,3.162000e+07,1,9,CONTINUE,2.558539e-06,1.129060e-05,1.000000e-09,2.558539e-07,2.220456e-14,2.082619e-02,6.918569e-01,1.044065e+02,1.755679e-08,3.709431e+01,1.376101e-02,2.438114e-02,2.313328e-09,2.804241e+03,REFINE_STALLED,REFINE_STALLED,REACHED_FORCE,1,1,1,1,1,1,1,4,4,2.682216e-05,4.023029e-05,5.957780e-05,6.459089e-05,1.577392e-02,9.131570e-05,2.357948e-10,3.224104e-10,4.388106e-10,solution good enough for the tolerances given,solution good enough for the tolerances given,solution good enough for the tolerances given,2.357948e-10,3.224104e-10,4.388106e-10,2.682216e-05,3.271108e-11,5.957780e-05,3.754132e-11,1.577392e-02,6.102956e-11,4.023029e-05,6.459089e-05,2.284599e-07,4.472137e-05,2.484722e+00,4.736033e-08,6.998341e-08,9.637937e-01,4.000000e-01,false
13,1.000000e+08,1,16,CONTINUE,2.558539e-06,4.923599e-06,1.000000e-09,2.558539e-07,2.220456e-14,2.021387e-02,3.017370e-01,1.128947e+02,4.413475e-08,1.049465e+02,3.446668e-02,2.404223e-02,2.313328e-09,2.804241e+03,REFINE_STALLED,REFINE_STALLED,REACHED_FORCE,1,1,1,1,3,3,1,9,9,8.318255e-05,5.220499e-05,7.309310e-04,3.627066e-04,4.981922e-02,5.746539e-04,7.965944e-11,4.772585e-10,4.361562e-10,solution good enough for the tolerances given,solution good enough for the tolerances given,solution good enough for the tolerances given,7.965944e-11,4.772585e-10,4.361562e-10,8.318255e-05,1.004692e-11,7.309310e-04,7.026887e-11,4.981922e-02,6.145930e-11,5.220499e-05,6.716056e-05,8.988344e-08,4.472137e-05,2.484719e+00,4.736033e-08,6.998341e-08,9.637937e-01,4.000000e-01,false
13,3.162000e+08,1,8,CONTINUE,2.558539e-06,2.428743e-06,1.000000e-09,2.558539e-07,2.220456e-14,1.885097e-02,1.089178e-05,6.811620e+01,3.989028e-08,7.924534e+01,6.041310e-01,1.661538e-02,2.313328e-09,2.804241e+03,REFINE_STALLED,REFINE_STALLED,REFINE_STALLED,1,1,1,1,1,1,1,3,3,1.600313e-03,5.172100e-03,2.101462e-02,8.071124e-02,1.570816e-01,2.441685e-03,2.897414e-11,2.496357e-10,4.265049e-10,solution good enough for the tolerances given,solution good enough for the tolerances given,solution good enough for the tolerances given,2.897414e-11,2.496357e-10,4.265049e-10,1.600313e-03,8.322395e-12,2.101462e-02,9.424749e-11,1.570816e-01,6.127371e-11,5.172100e-03,8.071124e-02,6.139178e-04,4.472137e-05,2.484717e+00,4.736033e-08,6.998341e-08,9.637937e-01,4.000000e-01,false
13,1.000000e+09,1,8,CONTINUE,2.558539e-06,8.977647e-05,1.000000e-09,2.558539e-07,2.220456e-14,1.682574e-02,5.816859e-01,6.805821e+01,3.846651e-08,6.900523e-02,1.251828e-02,1.814656e-02,2.313328e-09,2.804241e+03,REFINE_STALLED,REFINE_STALLED,REFINE_STALLED,1,1,1,1,1,1,1,3,3,1.158716e-03,1.144904e-03,1.097993e-03,6.211693e-04,4.940527e-01,8.971985e-03,1.110990e-11,4.006137e-12,4.077309e-10,solution good enough for the tolerances given,solution good enough for the tolerances given,solution good enough for the tolerances given,1.110990e-11,4.006137e-12,4.077309e-10,1.158716e-03,1.956906e-12,1.097993e-03,1.321239e-12,4.940527e-01,6.040599e-11,1.144904e-03,6.211693e-04,2.397276e-03,4.472137e-05,2.484717e+00,4.736033e-08,6.998341e-08,9.637937e-01,4.000000e-01,false
13,3.162000e+09,1,8,CONTINUE,2.558539e-06,6.527105e-05,1.000000e-09,2.558539e-07,2.220456e-14,1.481401e-02,1.778702e-01,6.812200e+01,3.945547e-08,2.789895e-02,2.723374e-02,1.552237e-02,2.313328e-09,2.804241e+03,REFINE_STALLED,REFINE_STALLED,REFINE_STALLED,1,1,1,1,2,2,1,2,2,2.371322e-03,4.048134e-03,1.969490e-03,7.494212e-04,1.546278e+00,3.565569e-02,4.242604e-12,7.974942e-12,3.871872e-10,solution good enough for the tolerances given,solution good enough for the tolerances given,solution good enough for the tolerances given,4.242604e-12,7.974942e-12,3.871872e-10,2.371322e-03,6.780036e-13,1.969490e-03,1.583102e-12,1.546278e+00,5.927080e-11,4.048134e-03,1.249779e-03,1.995508e-02,4.472137e-05,2.484717e+00,4.736033e-08,6.998341e-08,9.637937e-01,4.000000e-01,false
13,1.000000e+10,1,8,CONTINUE,2.558539e-06,4.788317e-04,1.000000e-09,2.558539e-07,2.220456e-14,1.279325e-02,1.864562e-01,6.811142e+01,3.945451e-08,1.334747e-02,3.712147e-02,1.539927e-02,2.313328e-09,2.804241e+03,REFINE_STALLED,REFINE_STALLED,REFINE_STALLED,1,1,1,1,2,2,1,2,2,4.501976e-03,3.117802e-03,4.982746e-03,2.442615e-03,4.802424e+00,1.068821e-01,1.676344e-12,2.590306e-12,3.755122e-10,solution good enough for the tolerances given,solution good enough for the tolerances given,solution good enough for the tolerances given,1.676344e-12,2.590306e-12,3.755122e-10,4.501976e-03,2.134532e-13,4.982746e-03,4.357978e-13,4.802424e+00,5.702341e-11,3.117802e-03,3.391430e-03,6.014398e-02,4.472137e-05,2.484717e+00,4.736033e-08,6.998341e-08,9.637937e-01,4.000000e-01,false
13,3.162000e+10,1,9,CONTINUE,2.558539e-06,2.428899e-06,1.000000e-09,2.558539e-07,2.220456e-14,1.000782e-02,1.952592e-05,6.811498e+01,3.989102e-08,5.970960e-02,2.295450e-02,1.661846e-02,2.313328e-09,2.804241e+03,REFINE_STALLED,REFINE_STALLED,REFINE_STALLED,1,1,1,1,1,1,1,4,4,9.803886e-03,6.658303e-03,1.528498e-02,9.562106e-03,1.469328e+01,5.436911e-01,7.161507e-13,1.772323e-12,3.517001e-10,solution good enough for the tolerances given,solution good enough for the tolerances given,solution good enough for the tolerances given,7.161507e-13,1.772323e-12,3.517001e-10,9.803886e-03,9.117344e-14,1.528498e-02,3.146367e-13,1.469328e+01,5.153506e-11,6.658303e-03,9.562106e-03,7.741885e-02,4.472137e-05,2.484717e+00,4.736033e-08,6.998341e-08,9.637937e-01,4.000000e-01,false
13,1.000000e+11,1,8,CONTINUE,2.558539e-06,5.071922e-04,1.000000e-09,2.558539e-07,2.220456e-14,6.205770e-03,3.014144e-02,6.811462e+01,3.982035e-08,8.246238e-03,1.340683e-01,1.749813e-02,2.313328e-09,2.804241e+03,REFINE_STALLED,REFINE_STALLED,REFINE_STALLED,1,1,1,1,1,1,1,3,3,1.699344e-02,3.421023e-02,3.225932e-02,2.241206e-02,4.420912e+01,2.659779e+00,2.998105e-13,1.694617e-12,3.086708e-10,solution good enough for the tolerances given,solution good enough for the tolerances given,solution good enough for the tolerances given,2.998105e-13,1.694617e-12,3.086708e-10,1.699344e-02,5.993765e-14,3.225932e-02,2.544270e-13,4.420912e+01,4.627386e-11,3.421023e-02,2.241206e-02,6.179098e-01,4.472137e-05,2.484717e+00,4.736033e-08,6.998341e-08,9.637937e-01,4.000000e-01,false
13,3.162000e+11,1,8,CONTINUE,2.558539e-06,8.747202e-04,1.000000e-09,2.558539e-07,2.220456e-14,2.550286e-03,9.915456e-02,6.811474e+01,3.966028e-08,1.570123e-03,1.872196e-02,1.642224e-02,2.313328e-09,2.804241e+03,REFINE_STALLED,REFINE_STALLED,REFINE_STALLED,1,1,1,1,2,2,1,2,2,2.045485e-02,1.154728e-02,2.826629e-02,1.069414e-02,1.331448e+02,7.129008e+00,1.120854e-13,1.703078e-13,2.695759e-10,solution good enough for the tolerances given,solution good enough for the tolerances given,solution good enough for the tolerances given,1.120854e-13,1.703078e-13,2.695759e-10,2.045485e-02,1.458169e-14,2.826629e-02,2.710240e-14,1.331448e+02,4.432679e-11,1.154728e-02,8.260943e-03,5.029488e+00,4.472137e-05,2.484717e+00,4.736033e-08,6.998341e-08,9.637937e-01,4.000000e-01,false
13,1.000000e+12,1,7,CONTINUE,2.558539e-06,2.428803e-06,1.000000e-09,2.558539e-07,2.220456e-14,8.689232e-04,3.402655e-05,6.811498e+01,3.989098e-08,3.097621e-04,4.308395e-02,1.661815e-02,2.313328e-09,2.804241e+03,REFINE_STALLED,REFINE_STALLED,REFINE_STALLED,1,1,1,1,1,1,1,2,2,2.176698e-02,1.586401e-02,5.934015e-02,3.107100e-02,4.084388e+02,1.114650e+01,3.722975e-14,7.658928e-14,2.478820e-10,solution good enough for the tolerances given,solution good enough for the tolerances given,solution good enough for the tolerances given,3.722975e-14,7.658928e-14,2.478820e-10,2.176698e-02,4.754825e-15,5.934015e-02,1.156325e-14,4.084388e+02,4.302859e-11,1.586401e-02,3.107100e-02,9.896520e+00,4.472137e-05,2.484717e+00,4.736033e-08,6.998341e-08,9.637937e-01,4.000000e-01,false
13,3.162000e+12,1,7,CONTINUE,2.558539e-06,2.428604e-06,1.000000e-09,2.558539e-07,2.220456e-14,2.830692e-04,6.152113e-05,6.811498e+01,3.989092e-08,5.387830e-04,6.345149e-02,1.661817e-02,2.313328e-09,2.804241e+03,REFINE_STALLED,REFINE_STALLED,REFINE_STALLED,1,1,1,1,1,1,1,2,2,2.212618e-02,1.863736e-02,8.105594e-02,6.940356e-02,1.272815e+03,2.788903e+01,1.117361e-14,3.301202e-14,2.384204e-10,solution good enough for the tolerances given,solution good enough for the tolerances given,solution good enough for the tolerances given,1.117361e-14,3.301202e-14,2.384204e-10,2.212618e-02,1.408508e-15,8.105594e-02,4.991459e-15,1.272815e+03,4.263428e-11,1.863736e-02,6.940356e-02,1.965061e+01,4.472137e-05,2.484717e+00,4.736033e-08,6.998341e-08,9.637937e-01,4.000000e-01,false
13,1.000000e+13,1,7,CONTINUE,2.558539e-06,2.427615e-06,1.000000e-09,2.558539e-07,2.220456e-14,9.045258e-05,2.172798e-04,6.811498e+01,3.989056e-08,6.979055e-04,7.543774e-02,1.661815e-02,2.313328e-09,2.804241e+03,REFINE_STALLED,REFINE_STALLED,REFINE_STALLED,1,1,1,1,1,1,1,2,2,2.383058e-02,1.890295e-02,9.179267e-02,8.971650e-02,4.001389e+03,4.388142e+01,3.167716e-15,1.289081e-14,2.347893e-10,solution good enough for the tolerances given,solution good enough for the tolerances given,solution good enough for the tolerances given,3.167716e-15,1.289081e-14,2.347893e-10,2.383058e-02,4.636307e-16,9.179267e-02,1.812450e-15,4.001389e+03,4.258844e-11,1.890295e-02,8.971650e-02,3.869987e+01,4.428111e-05,2.484717e+00,4.736033e-08,6.998341e-08,9.637937e-01,4.000000e-01,false
13,3.162000e+13,1,8,CONTINUE,2.558539e-06,2.450600e-06,1.000000e-09,2.558539e-07,2.220456e-14,2.870585e-05,9.025042e-03,6.811497e+01,3.982854e-08,6.334095e-04,7.320203e-02,1.663063e-02,2.313328e-09,2.804241e+03,REFINE_STALLED,REFINE_STALLED,REFINE_STALLED,1,2,2,1,1,1,1,2,2,5.201929e-02,1.873352e-02,9.405602e-02,8.751879e-02,1.262524e+04,5.193915e+01,2.074534e-15,4.746163e-15,2.335338e-10,solution good enough for the tolerances given,solution good enough for the tolerances given,solution good enough for the tolerances given,2.074534e-15,4.746163e-15,2.335338e-10,5.201929e-02,2.575789e-16,9.405602e-02,7.759645e-16,1.262524e+04,4.259575e-11,1.878382e-02,8.751879e-02,4.982369e+01,4.405946e-05,2.484717e+00,4.736033e-08,6.998341e-08,9.637937e-01,4.000000e-01,false
13,1.000000e+14,1,8,CONTINUE,2.558539e-06,3.153219e-06,1.000000e-09,2.558539e-07,2.220456e-14,9.086952e-06,8.650832e-03,6.811497e+01,3.983752e-08,6.684799e-04,7.582360e-02,1.663147e-02,2.313328e-09,2.804241e+03,REFINE_STALLED,REFINE_STALLED,REFINE_STALLED,1,2,2,1,1,1,1,2,2,1.661268e-01,1.863437e-02,1.699538e-01,9.125413e-02,3.989946e+04,5.495888e+01,2.371423e-15,2.965791e-15,2.331234e-10,solution good enough for the tolerances given,solution good enough for the tolerances given,solution good enough for the tolerances given,2.371423e-15,2.965791e-15,2.331234e-10,1.661268e-01,3.088326e-16,1.699538e-01,4.874551e-16,3.989946e+04,4.260130e-11,1.868247e-02,9.125413e-02,5.423026e+01,4.398665e-05,2.484717e+00,4.736033e-08,6.998341e-08,9.637937e-01,4.000000e-01,false
13,3.162000e+14,1,9,CONTINUE,2.558539e-06,2.530152e-06,1.000000e-09,2.558539e-07,2.220456e-14,2.874820e-06,8.503188e-03,6.811497e+01,3.984180e-08,6.795683e-04,7.692263e-02,1.663137e-02,2.313328e-09,2.804241e+03,REFINE_STALLED,REFINE_STALLED,REFINE_STALLED,1,2,2,1,2,2,1,2,2,5.269016e-01,1.859757e-02,5.347805e-01,9.280819e-02,1.261329e+05,5.596907e+01,2.521278e-15,2.657444e-15,2.329921e-10,solution good enough for the tolerances given,solution good enough for the tolerances given,solution good enough for the tolerances given,2.521278e-15,2.657444e-15,2.329921e-10,5.269016e-01,3.344557e-16,5.347805e-01,3.917198e-16,1.261329e+05,4.260342e-11,1.864600e-02,9.275519e-02,5.573218e+01,4.396333e-05,2.484717e+00,4.736033e-08,6.998341e-08,9.637937e-01,4.000000e-01,false
13,1.000000e+15,1,9,CONTINUE,2.558539e-06,2.535419e-06,1.000000e-09,2.558539e-07,2.220456e-14,9.091207e-07,8.437470e-03,6.811497e+01,3.984346e-08,6.859822e-04,7.741628e-02,1.663147e-02,2.313328e-09,2.804241e+03,REFINE_STALLED,REFINE_STALLED,REFINE_STALLED,1,2,2,1,2,2,1,2,2,1.673053e+00,1.858550e-02,1.688264e+00,9.335893e-02,3.988731e+05,5.629437e+01,2.573015e-15,2.609945e-15,2.329505e-10,solution good enough for the tolerances given,solution good enough for the tolerances given,solution good enough for the tolerances given,2.573015e-15,2.609945e-15,2.329505e-10,1.673053e+00,3.425927e-16,1.688264e+00,3.608073e-16,3.988731e+05,4.260427e-11,1.863403e-02,9.348372e-02,5.621883e+01,4.395594e-05,2.484717e+00,4.736033e-08,6.998341e-08,9.637937e-01,4.000000e-01,false
13,3.162000e+15,1,9,CONTINUE,2.558539e-06,2.536591e-06,1.000000e-09,2.558539e-07,2.220456e-14,2.875250e-07,8.416127e-03,6.811497e+01,3.984401e-08,6.880990e-04,7.757782e-02,1.663150e-02,2.313328e-09,2.804241e+03,REFINE_STALLED,REFINE_STALLED,REFINE_STALLED,1,2,2,1,2,2,1,2,2,5.319780e+00,1.858115e-02,5.335028e+00,9.354233e-02,1.261209e+06,5.639768e+01,2.589771e-15,2.600812e-15,2.329375e-10,solution good enough for the tolerances given,solution good enough for the tolerances given,solution good enough for the tolerances given,2.589771e-15,2.600812e-15,2.329375e-10,5.319780e+00,3.453718e-16,5.335028e+00,3.507978e-16,1.261209e+06,4.260449e-11,1.863019e-02,9.372156e-02,5.637391e+01,4.395359e-05,2.484717e+00,4.736033e-08,6.998341e-08,9.637937e-01,4.000000e-01,false
13,1.000000e+16,1,9,CONTINUE,2.558539e-06,2.536923e-06,1.000000e-09,2.558539e-07,2.220456e-14,9.091639e-08,8.409106e-03,6.811497e+01,3.984420e-08,6.888104e-04,7.763112e-02,1.663151e-02,2.313328e-09,2.804241e+03,REFINE_STALLED,REFINE_STALLED,REFINE_STALLED,1,2,2,1,2,2,1,2,2,1.685371e+01,1.857946e-02,1.686896e+01,9.359530e-02,3.988612e+06,5.643034e+01,2.595108e-15,2.598534e-15,2.329333e-10,solution good enough for the tolerances given,solution good enough for the tolerances given,solution good enough for the tolerances given,2.595108e-15,2.598534e-15,2.329333e-10,1.685371e+01,3.459485e-16,1.686896e+01,3.478875e-16,3.988612e+06,4.260446e-11,1.862898e-02,9.379975e-02,5.642337e+01,4.395285e-05,2.484717e+00,4.736033e-08,6.998341e-08,9.637937e-01,4.000000e-01,false
13,3.162000e+16,1,9,CONTINUE,2.558539e-06,2.537080e-06,1.000000e-09,2.558539e-07,2.220456e-14,2.875289e-08,8.406191e-03,6.811497e+01,3.984429e-08,6.891172e-04,7.765286e-02,1.663152e-02,2.313328e-09,2.804241e+03,REFINE_STALLED,REFINE_STALLED,REFINE_STALLED,1,2,2,1,2,2,1,2,2,5.332110e+01,1.856632e-02,5.333642e+01,9.358853e-02,1.261198e+07,5.643993e+01,2.596802e-15,2.597876e-15,2.329321e-10,solution good enough for the tolerances given,solution good enough for the tolerances given,solution good enough for the tolerances given,2.596802e-15,2.597876e-15,2.329321e-10,5.332110e+01,3.460836e-16,5.333642e+01,3.508070e-16,1.261198e+07,4.260459e-11,1.862857e-02,9.383108e-02,5.643924e+01,4.395262e-05,2.484717e+00,4.736033e-08,6.998341e-08,9.637937e-01,4.000000e-01,false
13,1.000000e+17,1,9,CONTINUE,2.558539e-06,2.537274e-06,1.000000e-09,2.558539e-07,2.220456e-14,9.091674e-09,8.402791e-03,6.811497e+01,3.984444e-08,6.895285e-04,7.767732e-02,1.663151e-02,2.313328e-09,2.804241e+03,REFINE_STALLED,REFINE_STALLED,REFINE_STALLED,1,2,2,1,2,2,1,2,2,1.686603e+02,1.843820e-02,1.686754e+02,9.332147e-02,3.988603e+07,5.644072e+01,2.597335e-15,2.597676e-15,2.329315e-10,solution good enough for the tolerances given,solution good enough for the tolerances given,solution good enough for the tolerances given,2.597335e-15,2.597676e-15,2.329315e-10,1.686603e+02,3.485773e-16,1.686754e+02,3.451689e-16,3.988603e+07,4.260449e-11,1.862846e-02,9.386475e-02,5.644529e+01,4.395256e-05,2.484717e+00,4.736033e-08,6.998341e-08,9.637937e-01,4.000000e-01,false
13,3.162000e+17,1,9,CONTINUE,2.558539e-06,2.537651e-06,1.000000e-09,2.558539e-07,2.220456e-14,2.875294e-09,8.394009e-03,6.811497e+01,3.984484e-08,6.906252e-04,7.773932e-02,1.663149e-02,2.313328e-09,2.804241e+03,REFINE_STALLED,REFINE_STALLED,REFINE_STALLED,1,2,2,1,2,2,1,2,2,5.333330e+02,2.242972e-02,5.333471e+02,9.029478e-02,1.261195e+08,5.643422e+01,2.597505e-15,2.597615e-15,2.329314e-10,solution good enough for the tolerances given,solution good enough for the tolerances given,solution good enough for the tolerances given,2.597505e-15,2.597615e-15,2.329314e-10,5.333330e+02,3.875636e-16,5.333471e+02,3.840404e-16,1.261195e+08,4.260459e-11,1.862830e-02,9.394875e-02,5.645069e+01,4.395253e-05,2.484717e+00,4.736033e-08,6.998341e-08,9.637937e-01,4.000000e-01,false
13,1.000000e+18,1,10,CONTINUE,2.558539e-06,2.537010e-06,1.000000e-09,2.558539e-07,2.220456e-14,9.091683e-10,8.406492e-03,6.811497e+01,3.984426e-08,6.890628e-04,7.765178e-02,1.663153e-02,2.313328e-09,2.804241e+03,REFINE_STALLED,REFINE_STALLED,REFINE_STALLED,1,3,3,1,2,2,1,2,2,1.686709e+03,1.090445e-01,1.686725e+03,1.386758e-01,3.988605e+08,5.641021e+01,2.597560e-15,2.597593e-15,2.329315e-10,solution good enough for the tolerances given,solution good enough for the tolerances given,solution good enough for the tolerances given,2.597560e-15,2.597593e-15,2.329315e-10,1.686709e+03,4.226146e-16,1.686725e+03,3.993685e-16,3.988605e+08,4.260453e-11,1.862839e-02,9.382993e-02,5.646324e+01,4.395252e-05,2.484717e+00,4.736033e-08,6.998341e-08,9.637937e-01,4.000000e-01,false
14,1.000000e+00,0,22,CONTINUE,6.463628e-07,6.362409e-08,1.000000e-09,6.463628e-08,2.220448e-14,3.181056e-02,9.060077e-01,7.528036e+01,8.653448e-10,2.653186e+00,5.161386e-03,1.608782e-02,5.214132e-10,2.778575e+03,REACHED_FORCE,REACHED_FORCE,REACHED_FORCE,8,0,0,7,0,0,7,0,0,1.275123e-09,NaN,1.895261e-08,NaN,4.560114e-09,NaN,1.161243e-03,5.617805e-05,6.740361e-05,solution good enough for the tolerances given,solution good enough for the tolerances given,solution good enough for the tolerances given,8.718153e-09,1.437200e-08,2.577175e-08,8.632957e-18,1.275123e-09,5.927948e-15,1.895261e-08,1.579777e-15,4.560114e-09,1.275123e-09,1.895261e-08,4.560114e-09,3.229881e-05,5.275494e+01,1.084150e-08,1.587427e-08,7.271667e-02,0.000000e+00,false
14,3.162000e+00,0,17,CONTINUE,6.463628e-07,6.363542e-08,1.000000e-09,6.463628e-08,2.220448e-14,3.181056e-02,9.059914e-01,7.528086e+01,8.654840e-10,2.653619e+00,5.161386e-03,1.608793e-02,5.214132e-10,2.778575e+03,REACHED_FORCE,REACHED_FORCE,REACHED_FORCE,6,0,0,5,0,0,6,0,0,3.585303e-09,NaN,1.990701e-08,NaN,3.204061e-10,NaN,7.191415e-04,4.046744e-05,3.620107e-05,solution good enough for the tolerances given,solution good enough for the tolerances given,solution good enough for the tolerances given,2.548694e-08,1.619187e-07,1.770248e-09,1.385603e-17,3.585303e-09,2.323989e-14,1.990701e-08,6.193917e-15,3.204061e-10,3.585303e-09,1.990701e-08,3.204061e-10,1.816374e-05,2.971949e+01,1.084150e-08,1.587427e-08,7.271667e-02,0.000000e+00,false
14,1.000000e+01,0,13,CONTINUE,6.463628e-07,6.368411e-08,1.000000e-09,6.463628e-08,2.220448e-14,3.181056e-02,9.059299e-01,7.527872e+01,8.662568e-10,2.652129e+00,5.162126e-03,1.608765e-02,5.214132e-10,2.778575e+03,REACHED_FORCE,REACHED_FORCE,REACHED_FORCE,5,0,0,4,0,0,4,0,0,1.196785e-09,NaN,4.020365e-08,NaN,1.163692e-08,NaN,3.466778e-04,2.960690e-05,1.641140e-05,solution good enough for the tolerances given,solution good enough for the tolerances given,solution good enough for the tolerances given,7.652025e-09,5.231442e-08,7.415472e-08,3.493777e-17,1.196785e-09,2.792038e-14,4.020365e-08,7.447617e-15,1.163692e-08,1.196785e-09,4.020365e-08,1.163692e-08,1.021385e-05,1.680374e+01,1.084150e-08,1.587427e-08,7.271667e-02,0.000000e+00,false
14,3.162000e+01,0,10,CONTINUE,6.463628e-07,6.374320e-08,1.000000e-09,6.463628e-08,2.220448e-14,3.181056e-02,9.058402e-01,7.527823e+01,8.671309e-10,2.652011e+00,5.163366e-03,1.608784e-02,5.214132e-10,2.778575e+03,REACHED_FORCE,REACHED_FORCE,REACHED_FORCE,4,0,0,3,0,0,3,0,0,7.442008e-10,NaN,2.415140e-08,NaN,5.068037e-09,NaN,1.382091e-04,1.861440e-05,6.108046e-06,solution good enough for the tolerances given,solution good enough for the tolerances given,solution good enough for the tolerances given,5.016053e-09,9.417729e-08,4.032208e-08,1.322241e-16,7.442008e-10,2.053060e-13,2.415140e-08,5.476101e-14,5.068037e-09,7.442008e-10,2.415140e-08,5.068037e-09,5.744016e-06,9.611555e+00,1.084150e-08,1.587427e-08,7.271667e-02,0.000000e+00,false
14,1.000000e+02,0,8,CONTINUE,6.463628e-07,6.368678e-08,1.000000e-09,6.463628e-08,2.220448e-14,3.181056e-02,9.059222e-01,7.527847e+01,8.662781e-10,2.651958e+00,5.162417e-03,1.608768e-02,5.214132e-10,2.778575e+03,REACHED_FORCE,REACHED_FORCE,REACHED_FORCE,3,0,0,3,0,0,2,0,0,6.497748e-09,NaN,1.534471e-08,NaN,4.134764e-09,NaN,5.025817e-05,8.829396e-06,2.049643e-06,solution good enough for the tolerances given,solution good enough for the tolerances given,solution good enough for the tolerances given,4.758293e-08,3.079948e-09,2.425740e-08,1.732004e-16,6.497748e-09,3.601183e-13,1.534471e-08,9.602703e-14,4.134764e-09,6.497748e-09,1.534471e-08,4.134764e-09,3.229703e-06,5.682759e+00,1.084150e-08,1.587427e-08,7.271667e-02,0.000000e+00,false
14,3.162000e+02,0,7,CONTINUE,6.463628e-07,6.363112e-08,1.000000e-09,6.463628e-08,2.220448e-14,3.181056e-02,9.059956e-01,7.528061e+01,8.654193e-10,2.653410e+00,5.161562e-03,1.608794e-02,5.214132e-10,2.778575e+03,REACHED_FORCE,REACHED_FORCE,REACHED_FORCE,3,0,0,2,0,0,2,0,0,2.051370e-10,NaN,6.472138e-09,NaN,4.890850e-10,NaN,1.705559e-05,3.328764e-06,6.612314e-07,solution good enough for the tolerances given,solution good enough for the tolerances given,solution good enough for the tolerances given,1.511054e-09,3.715801e-08,3.113388e-09,9.574797e-16,2.051370e-10,1.065852e-12,6.472138e-09,2.839617e-13,4.890850e-10,2.051370e-10,6.472138e-09,4.890850e-10,1.816215e-06,3.646284e+00,1.084150e-08,1.587427e-08,7.271667e-02,0.000000e+00,false
14,1.000000e+03,0,7,CONTINUE,6.463628e-07,6.363792e-08,1.000000e-09,6.463628e-08,2.220448e-14,3.181056e-02,9.059990e-01,7.528028e+01,8.654334e-10,2.653149e+00,5.161393e-03,1.608781e-02,5.214132e-10,2.778575e+03,REACHED_FORCE,REACHED_FORCE,REACHED_FORCE,3,0,0,2,0,0,2,0,0,6.456929e-12,NaN,6.611958e-10,NaN,5.232418e-11,NaN,5.542960e-06,1.120964e-06,2.104302e-07,solution good enough for the tolerances given,solution good enough for the tolerances given,solution good enough for the tolerances given,4.782759e-11,3.768038e-09,3.442111e-10,3.093596e-15,6.456929e-12,5.322212e-12,6.611958e-10,1.418808e-12,5.232418e-11,6.456929e-12,6.611958e-10,5.232418e-11,1.022208e-06,2.844295e+00,1.084150e-08,1.587427e-08,7.271667e-02,0.000000e+00,false
14,3.162000e+03,0,6,CONTINUE,6.463628e-07,6.364693e-08,1.000000e-09,6.463628e-08,2.220448e-14,3.181056e-02,9.059957e-01,7.528003e+01,8.654707e-10,2.652987e+00,5.161431e-03,1.608777e-02,5.214132e-10,2.778575e+03,REACHED_FORCE,REACHED_FORCE,REACHED_FORCE,2,0,0,2,0,0,2,0,0,1.083652e-09,NaN,6.661045e-11,NaN,5.356378e-12,NaN,1.769434e-06,3.618527e-07,6.668625e-08,solution good enough for the tolerances given,solution good enough for the tolerances given,solution good enough for the tolerances given,7.680305e-09,3.785993e-10,3.562747e-11,7.244921e-15,1.083652e-09,1.274175e-11,6.661045e-11,3.397120e-12,5.356378e-12,1.083652e-09,6.661045e-11,5.356378e-12,5.745968e-07,2.611457e+00,1.084150e-08,1.587427e-08,7.271667e-02,0.000000e+00,false
14,1.000000e+04,0,5,CONTINUE,6.463628e-07,6.360335e-08,1.000000e-09,6.463628e-08,2.220448e-14,3.181056e-02,9.060209e-01,7.528184e+01,8.650315e-10,2.654300e+00,5.161410e-03,1.608817e-02,5.214132e-10,2.778575e+03,REACHED_FORCE,REACHED_FORCE,REACHED_FORCE,2,0,0,2,0,0,1,0,0,1.013351e-10,NaN,1.230431e-08,NaN,3.276796e-09,NaN,5.611902e-07,1.152144e-07,2.109990e-08,solution good enough for the tolerances given,solution good enough for the tolerances given,solution good enough for the tolerances given,7.746857e-10,3.790177e-11,2.109990e-08,1.938329e-14,1.013351e-10,2.860822e-11,1.230431e-08,7.621537e-12,3.276796e-09,1.013351e-10,1.230431e-08,3.276796e-09,3.228575e-07,2.526733e+00,1.084150e-08,1.587427e-08,7.271667e-02,0.000000e+00,false
14,3.162000e+04,0,4,CONTINUE,6.463628e-07,6.389178e-08,1.000000e-09,6.463628e-08,2.220448e-14,3.181056e-02,9.059526e-01,7.528040e+01,8.658339e-10,2.653374e+00,5.161970e-03,1.608797e-02,5.214132e-10,2.778575e+03,REACHED_FORCE,REACHED_FORCE,REACHED_FORCE,2,0,0,1,0,0,1,0,0,8.858932e-12,NaN,5.754135e-09,NaN,1.036571e-09,NaN,1.776507e-07,3.651546e-08,6.674333e-09,solution good enough for the tolerances given,solution good enough for the tolerances given,solution good enough for the tolerances given,7.769806e-11,3.651546e-08,6.674333e-09,7.856980e-14,8.858932e-12,1.405725e-10,5.754135e-09,3.747635e-11,1.036571e-09,8.858932e-12,5.754135e-09,1.036571e-09,1.800673e-07,2.498233e+00,1.084150e-08,1.587427e-08,7.271667e-02,0.000000e+00,false
14,1.000000e+05,0,3,CONTINUE,6.463628e-07,6.339104e-08,1.000000e-09,6.463628e-08,2.220448e-14,3.181056e-02,9.059239e-01,7.527911e+01,8.662951e-10,2.655655e+00,5.161961e-03,1.608769e-02,5.214132e-10,2.778575e+03,REACHED_FORCE,REACHED_FORCE,REACHED_FORCE,1,0,0,1,0,0,1,0,0,6.512713e-09,NaN,1.817983e-09,NaN,3.277904e-10,NaN,5.619031e-08,1.153493e-08,2.110561e-09,solution good enough for the tolerances given,solution good enough for the tolerances given,solution good enough for the tolerances given,5.619031e-08,1.153493e-08,2.110561e-09,2.872325e-13,6.512713e-09,2.752678e-10,1.817983e-09,7.339793e-11,3.277904e-10,6.512713e-09,1.817983e-09,3.277904e-10,1.110860e-07,2.489015e+00,1.084150e-08,1.587427e-08,7.271667e-02,0.000000e+00,true
14,3.162000e+05,0,3,CONTINUE,6.463628e-07,6.414851e-08,1.000000e-09,6.463628e-08,2.220448e-14,3.181056e-02,9.061614e-01,7.526936e+01,8.654220e-10,2.729768e+00,5.160399e-03,1.608547e-02,5.214132e-10,2.778575e+03,REACHED_FORCE,REACHED_FORCE,REACHED_FORCE,1,0,0,1,0,0,1,0,0,2.059839e-09,NaN,1.012407e-09,NaN,2.708310e-10,NaN,1.777222e-08,3.652874e-09,6.674888e-10,solution good enough for the tolerances given,solution good enough for the tolerances given,solution good enough for the tolerances given,1.777222e-08,3.652874e-09,6.674888e-10,7.501304e-13,2.059839e-09,1.012407e-09,5.753236e-10,2.708310e-10,1.036675e-10,2.059839e-09,1.012407e-09,2.708310e-10,6.721974e-08,2.486079e+00,1.084150e-08,1.587427e-08,7.271667e-02,0.000000e+00,false
14,1.000000e+06,0,3,CONTINUE,6.463628e-07,6.538211e-08,1.000000e-09,6.463628e-08,2.220448e-14,3.181056e-02,9.060377e-01,7.527750e+01,8.654410e-10,2.670706e+00,5.161159e-03,1.608722e-02,5.214132e-10,2.778575e+03,REACHED_FORCE,REACHED_FORCE,REACHED_FORCE,1,0,0,1,0,0,1,0,0,6.513343e-10,NaN,2.779364e-09,NaN,7.416702e-10,NaN,5.619747e-09,1.155517e-09,2.110596e-10,solution good enough for the tolerances given,solution good enough for the tolerances given,solution good enough for the tolerances given,5.619747e-09,1.155517e-09,2.110596e-10,1.626618e-12,6.513343e-10,2.779364e-09,1.820481e-10,7.416702e-10,3.277949e-11,6.513343e-10,2.779364e-09,7.416702e-10,6.025209e-08,2.485148e+00,1.084150e-08,1.587427e-08,7.271667e-02,0.000000e+00,false
14,3.162000e+06,0,9,CONTINUE,6.463628e-07,6.238183e-08,1.000000e-09,6.463628e-08,2.220448e-14,2.942524e-02,9.071970e-01,7.514289e+01,8.633535e-10,2.542544e+00,5.153806e-03,1.605856e-02,5.214132e-10,2.778575e+03,REACHED_FORCE,REACHED_FORCE,REACHED_FORCE,1,2,2,1,2,2,1,2,2,2.757572e-06,3.466148e-07,4.028498e-06,5.213080e-07,1.578620e-03,5.672965e-07,1.808616e-09,2.903337e-10,8.440102e-10,solution good enough for the tolerances given,solution good enough for the tolerances given,solution good enough for the tolerances given,1.808616e-09,2.903337e-10,8.440102e-10,2.757572e-06,2.404694e-10,4.028498e-06,3.113515e-11,1.578620e-03,1.305711e-10,7.951263e-09,1.194938e-08,8.510408e-09,4.472137e-05,2.484853e+00,1.084150e-08,1.587427e-08,7.271667e-02,0.000000e+00,false
14,1.000000e+07,0,12,CONTINUE,6.463628e-07,6.177348e-08,1.000000e-09,6.463628e-08,2.220448e-14,2.548297e-02,9.071701e-01,7.514208e+01,8.629446e-10,2.541989e+00,5.153988e-03,1.605844e-02,5.214132e-10,2.778575e+03,REACHED_FORCE,REACHED_FORCE,REACHED_FORCE,1,3,3,1,3,3,1,3,3,8.168922e-06,1.607952e-06,1.186179e-05,2.414288e-06,4.992216e-03,5.345424e-06,5.931238e-10,4.463595e-11,8.183634e-10,solution good enough for the tolerances given,solution good enough for the tolerances given,solution good enough for the tolerances given,5.931238e-10,4.463595e-11,8.183634e-10,8.168922e-06,8.120096e-11,1.186179e-05,2.510703e-11,4.992216e-03,1.282586e-10,1.275217e-08,1.914530e-08,1.158717e-08,4.472137e-05,2.484760e+00,1.084150e-08,1.587427e-08,7.271667e-02,0.000000e+00,false
14,3.162000e+07,0,17,CONTINUE,6.463628e-07,6.131948e-08,1.000000e-09,6.463628e-08,2.220448e-14,1.856133e-02,9.079930e-01,7.470076e+01,8.601894e-10,2.195975e+00,5.148310e-03,1.596582e-02,5.214132e-10,2.778575e+03,REACHED_FORCE,REACHED_FORCE,REACHED_FORCE,1,4,4,1,5,5,1,5,5,2.292771e-05,7.047014e-06,3.303848e-05,1.052068e-05,1.578300e-02,4.488523e-05,2.078135e-10,2.942075e-11,7.684270e-10,solution good enough for the tolerances given,solution good enough for the tolerances given,solution good enough for the tolerances given,2.078135e-10,2.942075e-11,7.684270e-10,2.292771e-05,2.866984e-11,3.303848e-05,1.544584e-11,1.578300e-02,1.207382e-10,5.371709e-08,1.686719e-08,1.444016e-08,4.472137e-05,2.484731e+00,1.084150e-08,1.587427e-08,7.271667e-02,0.000000e+00,false
14,1.000000e+08,1,14,CONTINUE,6.463628e-07,6.138222e-07,1.000000e-09,6.463628e-08,2.220448e-14,1.155451e-02,4.059119e-03,7.028251e+01,9.632604e-09,2.785442e+02,8.797228e-02,1.636118e-02,5.214132e-10,2.778575e+03,REFINE_STALLED,REFINE_STALLED,REACHED_FORCE,1,1,1,1,1,1,1,9,9,3.987372e-05,3.825951e-05,4.886789e-05,4.457987e-05,4.989602e-02,2.878016e-04,8.177146e-11,3.374849e-11,6.677180e-10,solution good enough for the tolerances given,solution good enough for the tolerances given,solution good enough for the tolerances given,8.177146e-11,3.374849e-11,6.677180e-10,3.987372e-05,1.357246e-11,4.886789e-05,6.710962e-12,4.989602e-02,1.038916e-10,3.825951e-05,4.457987e-05,3.733874e-08,4.472137e-05,2.484721e+00,1.084150e-08,1.587427e-08,7.271667e-02,0.000000e+00,false
14,3.162000e+08,1,8,CONTINUE,6.463628e-07,3.658799e-06,1.000000e-09,6.463628e-08,2.220448e-14,7.461573e-03,8.467186e-04,7.185507e+01,9.424890e-09,2.193185e+01,3.087890e+00,1.697677e-02,5.214132e-10,2.778575e+03,REFINE_STALLED,REFINE_STALLED,REFINE_STALLED,1,1,1,1,1,1,1,3,3,1.474727e-03,5.529789e-03,1.345063e-02,3.945410e-02,1.576479e-01,1.252950e-03,3.387638e-11,7.381563e-09,5.452349e-10,solution good enough for the tolerances given,solution good enough for the tolerances given,solution good enough for the tolerances given,3.387638e-11,7.381563e-09,5.452349e-10,1.474727e-03,2.753280e-11,1.345063e-02,1.537667e-09,1.576479e-01,8.040045e-11,5.529789e-03,3.945410e-02,3.214424e-04,4.472137e-05,2.484718e+00,1.084150e-08,1.587427e-08,7.271667e-02,0.000000e+00,false
14,1.000000e+09,1,8,CONTINUE,6.463628e-07,6.138150e-07,1.000000e-09,6.463628e-08,2.220448e-14,5.701568e-03,3.435285e-05,7.188150e+01,9.420800e-09,3.377565e+00,3.244184e-01,1.663858e-02,5.214132e-10,2.778575e+03,REFINE_STALLED,REFINE_STALLED,REFINE_STALLED,1,1,1,1,1,1,1,3,3,8.040539e-04,1.049128e-03,5.517013e-03,7.065213e-03,4.978201e-01,4.710348e-03,1.284485e-11,5.393465e-11,4.698989e-10,solution good enough for the tolerances given,solution good enough for the tolerances given,solution good enough for the tolerances given,1.284485e-11,5.393465e-11,4.698989e-10,8.040539e-04,3.469391e-12,5.517013e-03,1.254758e-11,4.978201e-01,6.336552e-11,1.049128e-03,7.065213e-03,1.225347e-03,4.472137e-05,2.484717e+00,1.084150e-08,1.587427e-08,7.271667e-02,0.000000e+00,false
14,3.162000e+09,1,8,CONTINUE,6.463628e-07,6.137571e-07,1.000000e-09,6.463628e-08,2.220448e-14,4.865741e-03,2.976116e-06,7.188137e+01,9.420870e-09,6.736281e+00,1.311637e+00,1.663840e-02,5.214132e-10,2.778575e+03,REFINE_STALLED,REFINE_STALLED,REFINE_STALLED,1,1,1,1,1,1,1,3,3,1.416428e-03,2.641382e-03,2.734741e-02,5.292860e-02,1.569300e+00,1.927314e-02,4.414608e-12,2.337150e-11,4.390733e-10,solution good enough for the tolerances given,solution good enough for the tolerances given,solution good enough for the tolerances given,4.414608e-12,2.337150e-11,4.390733e-10,1.416428e-03,1.336405e-12,2.734741e-02,2.217603e-11,1.569300e+00,6.056673e-11,2.641382e-03,5.292860e-02,4.419552e-03,4.472137e-05,2.484717e+00,1.084150e-08,1.587427e-08,7.271667e-02,0.000000e+00,false
14,1.000000e+10,1,8,CONTINUE,6.463628e-07,6.137920e-07,1.000000e-09,6.463628e-08,2.220448e-14,4.287178e-03,6.145155e-06,7.188134e+01,9.420868e-09,4.798391e-01,2.801374e-01,1.663926e-02,5.214132e-10,2.778575e+03,REFINE_STALLED,REFINE_STALLED,REFINE_STALLED,1,1,1,1,1,1,1,3,3,1.456528e-03,1.885567e-03,1.053201e-02,1.699576e-02,4.931175e+00,7.984986e-02,1.460390e-12,3.368146e-12,4.228816e-10,solution good enough for the tolerances given,solution good enough for the tolerances given,solution good enough for the tolerances given,1.460390e-12,3.368146e-12,4.228816e-10,1.456528e-03,3.327167e-13,1.053201e-02,1.341006e-12,4.931175e+00,6.195760e-11,1.885567e-03,1.699576e-02,1.756738e-02,4.472137e-05,2.484717e+00,1.084150e-08,1.587427e-08,7.271667e-02,0.000000e+00,false
14,3.162000e+10,1,8,CONTINUE,6.463628e-07,6.138218e-07,1.000000e-09,6.463628e-08,2.220448e-14,3.729569e-03,3.724505e-06,7.188134e+01,9.420873e-09,4.690128e-02,9.959351e-02,1.663994e-02,5.214132e-10,2.778575e+03,REFINE_STALLED,REFINE_STALLED,REFINE_STALLED,1,2,2,1,1,1,1,2,2,1.694853e-03,7.093047e-04,8.840624e-03,1.381575e-02,1.537977e+01,2.983084e-01,5.126651e-13,6.000384e-13,4.010442e-10,solution good enough for the tolerances given,solution good enough for the tolerances given,solution good enough for the tolerances given,5.126651e-13,6.000384e-13,4.010442e-10,1.694853e-03,7.707086e-14,8.840624e-03,1.818503e-13,1.537977e+01,6.048754e-11,9.713614e-04,1.381575e-02,1.533631e-01,4.472137e-05,2.484717e+00,1.084150e-08,1.587427e-08,7.271667e-02,0.000000e+00,false
14,1.000000e+11,1,8,CONTINUE,6.463628e-07,3.456068e-05,1.000000e-09,6.463628e-08,2.220448e-14,2.789888e-03,2.401072e-03,7.188129e+01,9.419849e-09,1.456054e-02,1.450554e-01,1.653489e-02,5.214132e-10,2.778575e+03,REFINE_STALLED,REFINE_STALLED,REFINE_STALLED,1,1,1,1,1,1,1,3,3,7.361536e-03,6.537596e-03,1.073244e-02,1.975580e-02,4.727720e+01,1.882673e+00,2.046969e-13,1.043691e-12,3.676637e-10,solution good enough for the tolerances given,solution good enough for the tolerances given,solution good enough for the tolerances given,2.046969e-13,1.043691e-12,3.676637e-10,7.361536e-03,2.576555e-14,1.073244e-02,1.639742e-13,4.727720e+01,5.406637e-11,6.537596e-03,1.975580e-02,3.499780e-01,4.472137e-05,2.484717e+00,1.084150e-08,1.587427e-08,7.271667e-02,0.000000e+00,false
14,3.162000e+11,1,9,CONTINUE,6.463628e-07,8.594618e-05,1.000000e-09,6.463628e-08,2.220448e-14,1.575860e-03,4.316866e-05,7.188129e+01,9.420867e-09,7.732991e-01,5.956659e+00,1.656698e-02,5.214132e-10,2.778575e+03,REFINE_STALLED,REFINE_STALLED,REFINE_STALLED,1,1,1,1,1,1,1,4,4,1.657314e-02,4.161938e-02,3.420679e-01,1.394050e+00,1.424082e+02,8.200905e+00,8.568546e-14,2.651627e-12,3.197713e-10,solution good enough for the tolerances given,solution good enough for the tolerances given,solution good enough for the tolerances given,8.568546e-14,2.651627e-12,3.197713e-10,1.657314e-02,1.577853e-14,3.420679e-01,6.629916e-13,1.424082e+02,4.870830e-11,4.161938e-02,1.394050e+00,1.052588e+00,4.472137e-05,2.484717e+00,1.084150e-08,1.587427e-08,7.271667e-02,0.000000e+00,false
14,1.000000e+12,1,7,CONTINUE,6.463628e-07,6.138175e-07,1.000000e-09,6.463628e-08,2.220448e-14,7.002125e-04,1.829210e-06,7.188134e+01,9.420878e-09,1.997432e-04,3.282808e-02,1.663990e-02,5.214132e-10,2.778575e+03,REFINE_STALLED,REFINE_STALLED,REFINE_STALLED,1,1,1,1,1,1,1,2,2,1.791718e-02,1.229955e-02,1.625076e-02,1.830715e-02,4.263025e+02,2.024559e+01,3.353132e-14,5.008497e-14,2.747248e-10,solution good enough for the tolerances given,solution good enough for the tolerances given,solution good enough for the tolerances given,3.353132e-14,5.008497e-14,2.747248e-10,1.791718e-02,4.399682e-15,1.625076e-02,8.518085e-15,4.263025e+02,4.544548e-11,1.229955e-02,1.830715e-02,1.482983e+01,4.472137e-05,2.484717e+00,1.084150e-08,1.587427e-08,7.271667e-02,0.000000e+00,false
14,3.162000e+12,1,7,CONTINUE,6.463628e-07,6.138273e-07,1.000000e-09,6.463628e-08,2.220448e-14,2.604734e-04,1.100156e-05,7.188134e+01,9.420874e-09,9.730566e-05,3.141162e-02,1.663977e-02,5.214132e-10,2.778575e+03,REFINE_STALLED,REFINE_STALLED,REFINE_STALLED,1,1,1,1,1,1,1,2,2,1.921024e-02,1.336797e-02,2.191434e-02,2.274184e-02,1.297361e+03,3.805897e+01,1.176224e-14,1.945900e-14,2.489392e-10,solution good enough for the tolerances given,solution good enough for the tolerances given,solution good enough for the tolerances given,1.176224e-14,1.945900e-14,2.489392e-10,1.921024e-02,1.462213e-15,2.191434e-02,3.021012e-15,1.297361e+03,4.363820e-11,1.336797e-02,2.274184e-02,2.920435e+01,4.472137e-05,2.484717e+00,1.084150e-08,1.587427e-08,7.271667e-02,0.000000e+00,false
14,1.000000e+13,1,7,CONTINUE,6.463628e-07,6.139049e-07,1.000000e-09,6.463628e-08,2.220448e-14,8.789077e-05,8.129563e-05,7.188134e+01,9.420844e-09,9.602143e-05,3.468689e-02,1.663882e-02,5.214132e-10,2.778575e+03,REFINE_STALLED,REFINE_STALLED,REFINE_STALLED,1,1,1,1,1,1,1,2,2,1.984485e-02,1.805465e-02,2.708292e-02,2.721399e-02,4.029313e+03,5.425476e+01,3.688419e-15,7.161300e-15,2.383768e-10,solution good enough for the tolerances given,solution good enough for the tolerances given,solution good enough for the tolerances given,3.688419e-15,7.161300e-15,2.383768e-10,1.984485e-02,4.511517e-16,2.708292e-02,1.114413e-15,4.029313e+03,4.294364e-11,1.805465e-02,2.721399e-02,4.927720e+01,4.472137e-05,2.484717e+00,1.084150e-08,1.587427e-08,7.271667e-02,0.000000e+00,false
14,3.162000e+13,1,7,CONTINUE,6.463628e-07,6.155309e-07,1.000000e-09,6.463628e-08,2.220448e-14,2.843782e-05,1.558504e-03,7.188134e+01,9.420211e-09,9.117621e-05,3.601999e-02,1.661899e-02,5.214132e-10,2.778575e+03,REFINE_STALLED,REFINE_STALLED,REFINE_STALLED,1,1,1,1,1,1,1,2,2,2.133175e-02,2.023496e-02,2.851165e-02,2.911334e-02,1.265446e+04,6.182537e+01,1.041243e-15,2.709360e-15,2.346970e-10,solution good enough for the tolerances given,solution good enough for the tolerances given,solution good enough for the tolerances given,1.041243e-15,2.709360e-15,2.346970e-10,2.133175e-02,1.443581e-16,2.851165e-02,4.304688e-16,1.265446e+04,4.271254e-11,2.023496e-02,2.911334e-02,5.988004e+01,4.431996e-05,2.484717e+00,1.084150e-08,1.587427e-08,7.271667e-02,0.000000e+00,false
14,1.000000e+14,1,8,CONTINUE,6.463628e-07,9.670566e-07,1.000000e-09,6.463628e-08,2.220448e-14,9.059749e-06,1.264605e-02,7.188134e+01,9.413020e-09,8.574450e-05,3.530416e-02,1.647942e-02,5.214132e-10,2.778575e+03,REFINE_STALLED,REFINE_STALLED,REFINE_STALLED,1,2,2,1,1,1,1,2,2,4.662762e-02,2.103423e-02,5.289063e-02,2.912770e-02,3.992907e+04,6.458151e+01,5.266091e-16,1.251441e-15,2.334940e-10,solution good enough for the tolerances given,solution good enough for the tolerances given,solution good enough for the tolerances given,5.266091e-16,1.251441e-15,2.334940e-10,4.662762e-02,7.454290e-17,5.289063e-02,1.987222e-16,3.992907e+04,4.263868e-11,2.079932e-02,2.912770e-02,6.392157e+01,4.406955e-05,2.484717e+00,1.084150e-08,1.587427e-08,7.271667e-02,0.000000e+00,false
14,3.162000e+14,1,9,CONTINUE,6.463628e-07,6.344000e-07,1.000000e-09,6.463628e-08,2.220448e-14,2.872086e-06,1.268481e-02,7.188134e+01,9.412709e-09,8.396509e-05,3.530581e-02,1.647952e-02,5.214132e-10,2.778575e+03,REFINE_STALLED,REFINE_STALLED,REFINE_STALLED,1,2,2,1,2,2,1,2,2,1.423208e-01,2.130023e-02,1.433170e-01,2.923691e-02,1.261629e+05,6.549447e+01,5.968412e-16,8.367352e-16,2.331099e-10,solution good enough for the tolerances given,solution good enough for the tolerances given,solution good enough for the tolerances given,5.968412e-16,8.367352e-16,2.331099e-10,1.423208e-01,7.574588e-17,1.433170e-01,1.266147e-16,1.261629e+05,4.261533e-11,2.121559e-02,2.919732e-02,6.528091e+01,4.398961e-05,2.484717e+00,1.084150e-08,1.587427e-08,7.271667e-02,0.000000e+00,false
14,1.000000e+15,1,9,CONTINUE,6.463628e-07,6.373229e-07,1.000000e-09,6.463628e-08,2.220448e-14,9.088472e-07,1.256920e-02,7.188134e+01,9.413016e-09,8.411742e-05,3.548392e-02,1.648057e-02,5.214132e-10,2.778575e+03,REFINE_STALLED,REFINE_STALLED,REFINE_STALLED,1,2,2,1,2,2,1,2,2,4.450064e-01,2.138578e-02,4.387566e-01,2.936521e-02,3.989041e+05,6.578749e+01,6.443823e-16,7.195520e-16,2.329880e-10,solution good enough for the tolerances given,solution good enough for the tolerances given,solution good enough for the tolerances given,6.443823e-16,7.195520e-16,2.329880e-10,4.450064e-01,8.759102e-17,4.387566e-01,1.037112e-16,3.989041e+05,4.260799e-11,2.134965e-02,2.937103e-02,6.571956e+01,4.396425e-05,2.484717e+00,1.084150e-08,1.587427e-08,7.271667e-02,0.000000e+00,false
14,3.162000e+15,1,9,CONTINUE,6.463628e-07,6.380186e-07,1.000000e-09,6.463628e-08,2.220448e-14,2.874973e-07,1.251823e-02,7.188134e+01,9.413161e-09,8.423080e-05,3.555982e-02,1.648101e-02,5.214132e-10,2.778575e+03,REFINE_STALLED,REFINE_STALLED,REFINE_STALLED,1,2,2,1,2,2,1,2,2,1.402030e+00,2.141305e-02,1.395769e+00,2.941783e-02,1.261239e+06,6.588041e+01,6.612959e-16,6.849189e-16,2.329492e-10,solution good enough for the tolerances given,solution good enough for the tolerances given,solution good enough for the tolerances given,6.612959e-16,6.849189e-16,2.329492e-10,1.402030e+00,9.130534e-17,1.395769e+00,9.641127e-17,1.261239e+06,4.260560e-11,2.139226e-02,2.943801e-02,6.585905e+01,4.395624e-05,2.484717e+00,1.084150e-08,1.587427e-08,7.271667e-02,0.000000e+00,false
14,1.000000e+16,1,9,CONTINUE,6.463628e-07,6.382168e-07,1.000000e-09,6.463628e-08,2.220448e-14,9.091363e-08,1.250027e-02,7.188134e+01,9.413214e-09,8.427561e-05,3.558639e-02,1.648117e-02,5.214132e-10,2.778575e+03,REFINE_STALLED,REFINE_STALLED,REFINE_STALLED,1,2,2,1,2,2,1,2,2,4.428915e+00,2.142180e-02,4.422648e+00,2.943576e-02,3.988647e+06,6.590967e+01,6.668132e-16,6.742643e-16,2.329372e-10,solution good enough for the tolerances given,solution good enough for the tolerances given,solution good enough for the tolerances given,6.668132e-16,6.742643e-16,2.329372e-10,4.428915e+00,9.244152e-17,4.422648e+00,9.405837e-17,3.988647e+06,4.260489e-11,2.140575e-02,2.946069e-02,6.590336e+01,4.395369e-05,2.484717e+00,1.084150e-08,1.587427e-08,7.271667e-02,0.000000e+00,false
14,3.162000e+16,1,9,CONTINUE,6.463628e-07,6.382867e-07,1.000000e-09,6.463628e-08,2.220448e-14,2.875262e-08,1.249366e-02,7.188134e+01,9.413233e-09,8.429347e-05,3.559599e-02,1.648122e-02,5.214132e-10,2.778575e+03,REFINE_STALLED,REFINE_STALLED,REFINE_STALLED,1,2,2,1,2,2,1,2,2,1.399915e+01,2.142840e-02,1.399290e+01,2.944039e-02,1.261201e+07,6.591813e+01,6.685734e-16,6.709289e-16,2.329332e-10,solution good enough for the tolerances given,solution good enough for the tolerances given,solution good enough for the tolerances given,6.685734e-16,6.709289e-16,2.329332e-10,1.399915e+01,9.286221e-17,1.399290e+01,9.312419e-17,1.261201e+07,4.260462e-11,2.141004e-02,2.946872e-02,6.591780e+01,4.395288e-05,2.484717e+00,1.084150e-08,1.587427e-08,7.271667e-02,0.000000e+00,false
14,1.000000e+17,1,9,CONTINUE,6.463628e-07,6.383362e-07,1.000000e-09,6.463628e-08,2.220448e-14,9.091646e-09,1.248921e-02,7.188134e+01,9.413248e-09,8.430994e-05,3.560221e-02,1.648126e-02,5.214132e-10,2.778575e+03,REFINE_STALLED,REFINE_STALLED,REFINE_STALLED,1,2,2,1,2,2,1,2,2,4.426800e+01,2.147117e-02,4.426175e+01,2.941096e-02,3.988607e+07,6.591878e+01,6.691326e-16,6.698762e-16,2.329320e-10,solution good enough for the tolerances given,solution good enough for the tolerances given,solution good enough for the tolerances given,6.691326e-16,6.698762e-16,2.329320e-10,4.426800e+01,9.269268e-17,4.426175e+01,9.376785e-17,3.988607e+07,4.260459e-11,2.141138e-02,2.947314e-02,6.592361e+01,4.395263e-05,2.484717e+00,1.084150e-08,1.587427e-08,7.271667e-02,0.000000e+00,false
14,3.162000e+17,1,9,CONTINUE,6.463628e-07,6.383884e-07,1.000000e-09,6.463628e-08,2.220448e-14,2.875292e-09,1.248457e-02,7.188134e+01,9.413264e-09,8.433019e-05,3.560854e-02,1.648129e-02,5.214132e-10,2.778575e+03,REFINE_STALLED,REFINE_STALLED,REFINE_STALLED,1,2,2,1,2,2,1,2,2,1.399706e+02,2.188133e-02,1.399646e+02,2.910196e-02,1.261198e+08,6.591165e+01,6.693090e-16,6.695450e-16,2.329318e-10,solution good enough for the tolerances given,solution good enough for the tolerances given,solution good enough for the tolerances given,6.693090e-16,6.695450e-16,2.329318e-10,1.399706e+02,9.254073e-17,1.399646e+02,9.490876e-17,1.261198e+08,4.260456e-11,2.141180e-02,2.947729e-02,6.592891e+01,4.395255e-05,2.484717e+00,1.084150e-08,1.587427e-08,7.271667e-02,0.000000e+00,false
14,1.000000e+18,1,9,CONTINUE,6.463628e-07,6.384352e-07,1.000000e-09,6.463628e-08,2.220448e-14,9.091681e-10,1.247665e-02,7.188134e+01,9.413291e-09,8.436513e-05,3.561889e-02,1.648135e-02,5.214132e-10,2.778575e+03,REFINE_STALLED,REFINE_STALLED,REFINE_STALLED,1,2,2,1,2,2,1,2,2,4.426616e+02,2.601494e-02,4.426550e+02,2.580622e-02,3.988604e+08,6.588674e+01,6.693654e-16,6.694398e-16,2.329315e-10,solution good enough for the tolerances given,solution good enough for the tolerances given,solution good enough for the tolerances given,6.693654e-16,6.694398e-16,2.329315e-10,4.426616e+02,1.002114e-16,4.426550e+02,1.157701e-16,3.988604e+08,4.260433e-11,2.141188e-02,2.948386e-02,6.594197e+01,4.395252e-05,2.484717e+00,1.084150e-08,1.587427e-08,7.271667e-02,0.000000e+00,false
15,1.000000e+00,0,14,CONTINUE,6.339104e-08,7.625127e-10,1.000000e-09,6.339104e-09,2.220446e-14,2.531400e-01,9.879747e-01,7.529289e+01,1.041378e-11,9.872515e-03,9.090641e-04,1.600179e-02,4.159796e-11,2.650261e+04,REACHED_FORCE,REACHED_FORCE,REACHED_FORCE,5,0,0,4,0,0,5,0,0,4.670212e-10,NaN,2.141668e-10,NaN,1.065732e-10,NaN,2.048653e-04,4.246100e-06,5.850410e-05,solution good enough for the tolerances given,solution good enough for the tolerances given,solution good enough for the tolerances given,3.287376e-09,1.400005e-09,7.633370e-10,1.732004e-17,4.670212e-10,1.732004e-17,2.141668e-10,8.261388e-16,1.065732e-10,4.670212e-10,2.141668e-10,1.065732e-10,9.129644e-06,1.628003e+02,9.838624e-10,1.425984e-09,6.479904e-03,0.000000e+00,false
15,3.162000e+00,0,11,CONTINUE,6.339104e-08,7.625983e-10,1.000000e-09,6.339104e-09,2.220446e-14,2.531400e-01,9.879649e-01,7.529431e+01,1.041465e-11,1.088638e-02,9.090519e-04,1.600209e-02,4.159796e-11,2.650261e+04,REACHED_FORCE,REACHED_FORCE,REACHED_FORCE,4,0,0,3,0,0,4,0,0,6.039741e-10,NaN,6.807491e-10,NaN,7.695911e-11,NaN,1.288734e-04,2.945575e-06,2.324512e-05,solution good enough for the tolerances given,solution good enough for the tolerances given,solution good enough for the tolerances given,3.747288e-09,4.360729e-09,6.001487e-10,2.771206e-17,6.039741e-10,6.674826e-17,6.807491e-10,4.340348e-15,7.695911e-11,6.039741e-10,6.807491e-10,7.695911e-11,5.134408e-06,9.155823e+01,9.838624e-10,1.425984e-09,6.479904e-03,0.000000e+00,false
15,1.000000e+01,0,11,CONTINUE,6.339104e-08,7.625418e-10,1.000000e-09,6.339104e-09,2.220446e-14,2.531400e-01,9.879730e-01,7.529326e+01,1.041415e-11,1.013260e-02,9.090602e-04,1.600187e-02,4.159796e-11,2.650261e+04,REACHED_FORCE,REACHED_FORCE,REACHED_FORCE,4,0,0,3,0,0,4,0,0,6.194191e-12,NaN,2.318547e-11,NaN,7.933918e-13,NaN,6.419293e-05,1.501275e-06,8.886489e-06,solution good enough for the tolerances given,solution good enough for the tolerances given,solution good enough for the tolerances given,3.835619e-11,1.483755e-10,6.131423e-12,3.464008e-17,6.194191e-12,1.388106e-16,2.318547e-11,9.724153e-15,7.933918e-13,6.194191e-12,2.318547e-11,7.933918e-13,2.887182e-06,5.149334e+01,9.838624e-10,1.425984e-09,6.479904e-03,0.000000e+00,false
15,3.162000e+01,0,8,CONTINUE,6.339104e-08,7.625328e-10,1.000000e-09,6.339104e-09,2.220446e-14,2.531400e-01,9.879727e-01,7.529313e+01,1.041399e-11,1.004226e-02,9.090621e-04,1.600184e-02,4.159796e-11,2.650261e+04,REACHED_FORCE,REACHED_FORCE,REACHED_FORCE,3,0,0,2,0,0,3,0,0,2.128724e-10,NaN,2.349044e-10,NaN,3.449645e-11,NaN,2.503323e-05,5.887577e-07,3.142502e-06,solution good enough for the tolerances given,solution good enough for the tolerances given,solution good enough for the tolerances given,1.124854e-09,1.606401e-09,2.967123e-10,3.783008e-17,2.128724e-10,2.909225e-16,2.349044e-10,2.052306e-14,3.449645e-11,2.128724e-10,2.349044e-10,3.449645e-11,1.623953e-06,2.897316e+01,9.838624e-10,1.425984e-09,6.479904e-03,0.000000e+00,false
15,1.000000e+02,0,8,CONTINUE,6.339104e-08,7.625393e-10,1.000000e-09,6.339104e-09,2.220446e-14,2.531400e-01,9.879732e-01,7.529323e+01,1.041411e-11,1.011535e-02,9.090604e-04,1.600186e-02,4.159796e-11,2.650261e+04,REACHED_FORCE,REACHED_FORCE,REACHED_FORCE,3,0,0,2,0,0,3,0,0,6.744855e-12,NaN,2.361763e-11,NaN,1.090647e-12,NaN,8.552365e-06,2.014416e-07,1.040134e-06,solution good enough for the tolerances given,solution good enough for the tolerances given,solution good enough for the tolerances given,3.566555e-11,1.616380e-10,9.389118e-12,5.196012e-17,6.744855e-12,6.259976e-16,2.361763e-11,4.349242e-14,1.090647e-12,6.744855e-12,2.361763e-11,1.090647e-12,9.135793e-07,1.631746e+01,9.838624e-10,1.425984e-09,6.479904e-03,0.000000e+00,false
15,3.162000e+02,0,6,CONTINUE,6.339104e-08,7.626919e-10,1.000000e-09,6.339104e-09,2.220446e-14,2.531400e-01,9.879708e-01,7.529300e+01,1.041626e-11,9.946672e-03,9.090657e-04,1.600181e-02,4.159796e-11,2.650261e+04,REACHED_FORCE,REACHED_FORCE,REACHED_FORCE,2,0,0,2,0,0,2,0,0,6.348789e-10,NaN,5.934063e-12,NaN,3.070677e-10,NaN,2.775545e-06,6.542852e-08,3.341895e-07,solution good enough for the tolerances given,solution good enough for the tolerances given,solution good enough for the tolerances given,4.483036e-09,1.624112e-11,1.933991e-09,2.402107e-16,6.348789e-10,2.445623e-15,5.934063e-12,1.732224e-13,3.070677e-10,6.348789e-10,5.934063e-12,3.070677e-10,5.121128e-07,9.215020e+00,9.838624e-10,1.425984e-09,6.479904e-03,0.000000e+00,false
15,1.000000e+03,0,6,CONTINUE,6.339104e-08,7.625659e-10,1.000000e-09,6.339104e-09,2.220446e-14,2.531400e-01,9.879731e-01,7.529321e+01,1.041434e-11,1.009794e-02,9.090609e-04,1.600186e-02,4.159796e-11,2.650261e+04,REACHED_FORCE,REACHED_FORCE,REACHED_FORCE,2,0,0,2,0,0,2,0,0,6.359258e-11,NaN,6.031377e-13,NaN,3.097252e-11,NaN,8.849621e-07,2.085791e-08,1.062162e-07,solution good enough for the tolerances given,solution good enough for the tolerances given,solution good enough for the tolerances given,4.487310e-10,1.621116e-12,1.948479e-10,7.828658e-16,6.359258e-11,9.491381e-15,6.031377e-13,6.639207e-13,3.097252e-11,6.359258e-11,6.031377e-13,3.097252e-11,2.879351e-07,5.228200e+00,9.838624e-10,1.425984e-09,6.479904e-03,0.000000e+00,false
15,3.162000e+03,0,6,CONTINUE,6.339104e-08,7.625391e-10,1.000000e-09,6.339104e-09,2.220446e-14,2.531400e-01,9.879733e-01,7.529323e+01,1.041414e-11,1.011443e-02,9.090604e-04,1.600186e-02,4.159796e-11,2.650261e+04,REACHED_FORCE,REACHED_FORCE,REACHED_FORCE,2,0,0,2,0,0,2,0,0,6.364177e-12,NaN,6.050979e-14,NaN,3.106365e-12,NaN,2.806159e-07,6.614011e-09,3.364669e-08,solution good enough for the tolerances given,solution good enough for the tolerances given,solution good enough for the tolerances given,4.489694e-11,1.621354e-13,1.953513e-11,2.418395e-15,6.364177e-12,2.894430e-14,6.050979e-14,2.036295e-12,3.106365e-12,6.364177e-12,6.050979e-14,3.106365e-12,1.635147e-07,3.537544e+00,9.838624e-10,1.425984e-09,6.479904e-03,0.000000e+00,false
15,1.000000e+04,0,5,CONTINUE,6.339104e-08,7.619757e-10,1.000000e-09,6.339104e-09,2.220446e-14,2.531400e-01,9.879792e-01,7.529330e+01,1.040825e-11,1.041776e-02,9.090519e-04,1.600188e-02,4.159796e-11,2.650261e+04,REACHED_FORCE,REACHED_FORCE,REACHED_FORCE,2,0,0,1,0,0,2,0,0,6.364268e-13,NaN,2.851039e-10,NaN,1.202705e-11,NaN,8.880517e-08,2.093126e-09,1.064463e-08,solution good enough for the tolerances given,solution good enough for the tolerances given,solution good enough for the tolerances given,4.489411e-12,2.093126e-09,1.954677e-12,1.324654e-14,6.364268e-13,1.717512e-13,2.851039e-10,1.202705e-11,3.108747e-13,6.364268e-13,2.851039e-10,1.202705e-11,8.475275e-08,2.874683e+00,9.838624e-10,1.425984e-09,6.479904e-03,0.000000e+00,false
15,3.162000e+04,0,4,CONTINUE,6.339104e-08,7.620979e-10,1.000000e-09,6.339104e-09,2.220446e-14,2.531400e-01,9.879752e-01,7.529326e+01,1.041213e-11,1.016223e-02,9.090576e-04,1.600187e-02,4.159796e-11,2.650261e+04,REACHED_FORCE,REACHED_FORCE,REACHED_FORCE,2,0,0,1,0,0,1,0,0,4.206178e-13,NaN,9.494479e-11,NaN,3.870752e-10,NaN,2.809258e-08,6.621435e-10,3.366967e-09,solution good enough for the tolerances given,solution good enough for the tolerances given,solution good enough for the tolerances given,4.490359e-13,6.621435e-10,3.366967e-09,2.951776e-14,4.206178e-13,3.862886e-13,9.494479e-11,2.698634e-11,3.870752e-10,4.206178e-13,9.494479e-11,3.870752e-10,6.025209e-08,2.617616e+00,9.838624e-10,1.425984e-09,6.479904e-03,0.000000e+00,true
15,1.000000e+05,0,7,CONTINUE,6.339104e-08,9.048046e-10,1.000000e-09,6.339104e-09,2.220446e-14,2.459366e-01,9.855278e-01,7.529261e+01,1.253479e-11,9.692125e-03,9.090583e-04,1.600189e-02,4.159796e-11,2.650261e+04,REACHED_FORCE,REACHED_FORCE,REACHED_FORCE,2,1,1,1,1,1,1,1,1,8.840703e-09,1.372245e-10,7.847436e-09,1.194515e-10,4.992599e-05,1.490681e-10,8.878039e-09,2.046405e-10,6.357193e-10,solution good enough for the tolerances given,solution good enough for the tolerances given,solution good enough for the tolerances given,4.658194e-14,2.046405e-10,6.357193e-10,8.840703e-09,1.367001e-10,7.847436e-09,9.009039e-11,4.992599e-05,7.059625e-11,1.372245e-10,1.194515e-10,1.490681e-10,4.472137e-05,2.527951e+00,9.838624e-10,1.425984e-09,6.479904e-03,0.000000e+00,false
15,3.162000e+05,0,6,CONTINUE,6.339104e-08,8.058378e-09,1.000000e-09,6.339104e-09,2.220446e-14,2.316846e-01,8.675907e-01,7.543110e+01,1.146763e-10,1.238889e-01,9.087180e-04,1.603927e-02,4.159796e-11,2.650261e+04,REACHED_FORCE,REACHED_FORCE,REACHED_FORCE,1,1,1,1,1,1,1,1,1,2.463273e-08,3.704010e-09,2.206546e-08,3.218991e-09,1.578655e-04,1.277152e-09,2.803996e-09,6.130623e-11,7.098614e-10,solution good enough for the tolerances given,solution good enough for the tolerances given,solution good enough for the tolerances given,2.803996e-09,6.130623e-11,7.098614e-10,2.463273e-08,2.545514e-10,2.206546e-08,3.398008e-10,1.578655e-04,1.175095e-10,3.704010e-09,3.218991e-09,1.277152e-09,4.472137e-05,2.498522e+00,9.838624e-10,1.425984e-09,6.479904e-03,0.000000e+00,false
15,1.000000e+06,0,7,CONTINUE,6.339104e-08,7.586828e-10,1.000000e-09,6.339104e-09,2.220446e-14,1.958116e-01,9.880846e-01,7.527728e+01,1.041042e-11,1.311710e-03,9.091923e-04,1.599847e-02,4.159796e-11,2.650261e+04,REACHED_FORCE,REACHED_FORCE,REACHED_FORCE,1,1,1,1,1,1,1,2,2,8.953930e-08,5.203603e-11,7.944067e-08,5.558683e-11,4.992592e-04,1.271490e-08,8.828266e-10,1.611993e-11,8.690372e-10,solution good enough for the tolerances given,solution good enough for the tolerances given,solution good enough for the tolerances given,8.828266e-10,1.611993e-11,8.690372e-10,8.953930e-08,1.198675e-10,7.944067e-08,1.273829e-12,4.992592e-04,1.390071e-10,5.203603e-11,5.558683e-11,1.708290e-12,4.472137e-05,2.489096e+00,9.838624e-10,1.425984e-09,6.479904e-03,0.000000e+00,false
15,3.162000e+06,0,9,CONTINUE,6.339104e-08,7.573291e-10,1.000000e-09,6.339104e-09,2.220446e-14,1.315443e-01,9.880150e-01,7.528696e+01,1.041122e-11,5.628419e-03,9.091113e-04,1.600053e-02,4.159796e-11,2.650261e+04,REACHED_FORCE,REACHED_FORCE,REACHED_FORCE,1,2,2,1,2,2,1,2,2,2.732200e-07,1.034495e-08,2.425746e-07,9.013515e-09,1.578651e-03,1.264666e-07,2.754073e-10,1.757198e-12,9.241123e-10,solution good enough for the tolerances given,solution good enough for the tolerances given,solution good enough for the tolerances given,2.754073e-10,1.757198e-12,9.241123e-10,2.732200e-07,2.725294e-11,2.425746e-07,8.868030e-12,1.578651e-03,1.455881e-10,5.580847e-11,4.890487e-11,3.338167e-10,4.472137e-05,2.486103e+00,9.838624e-10,1.425984e-09,6.479904e-03,0.000000e+00,false
15,1.000000e+07,0,10,CONTINUE,6.339104e-08,1.111620e-09,1.000000e-09,6.339104e-09,2.220446e-14,6.480295e-02,9.823252e-01,7.525633e+01,1.550257e-11,1.639608e-02,9.093948e-04,1.599440e-02,4.159796e-11,2.650261e+04,REACHED_FORCE,REACHED_FORCE,REACHED_FORCE,1,2,2,1,2,2,1,3,3,8.789754e-07,1.737546e-08,7.804459e-07,1.510870e-08,4.992503e-03,1.248790e-06,8.332848e-11,2.765503e-12,9.374254e-10,solution good enough for the tolerances given,solution good enough for the tolerances given,solution good enough for the tolerances given,8.332848e-11,2.765503e-12,9.374254e-10,8.789754e-07,1.042504e-11,7.804459e-07,1.228297e-12,4.992503e-03,1.469908e-10,2.618512e-10,2.275735e-10,1.093359e-10,4.472137e-05,2.485155e+00,9.838624e-10,1.425984e-09,6.479904e-03,0.000000e+00,false
15,3.162000e+07,0,12,CONTINUE,6.339104e-08,1.122468e-08,1.000000e-09,6.339104e-09,2.220446e-14,2.528814e-02,8.191983e-01,7.487791e+01,1.611352e-10,3.463331e-01,9.165401e-04,1.592563e-02,4.159796e-11,2.650261e+04,REACHED_FORCE,REACHED_FORCE,REACHED_FORCE,1,3,3,1,2,2,1,4,4,2.678144e-06,1.539250e-07,2.380161e-06,1.337532e-07,1.578571e-02,1.201207e-05,2.271491e-11,4.108346e-12,9.277567e-10,solution good enough for the tolerances given,solution good enough for the tolerances given,solution good enough for the tolerances given,2.271491e-11,4.108346e-12,9.277567e-10,2.678144e-06,2.263426e-12,2.380161e-06,1.287436e-12,1.578571e-02,1.453574e-10,3.676422e-10,6.080619e-09,3.047627e-10,4.472137e-05,2.484856e+00,9.838624e-10,1.425984e-09,6.479904e-03,0.000000e+00,false
15,1.000000e+08,1,10,CONTINUE,6.339104e-08,5.972306e-08,1.000000e-09,6.339104e-09,2.220446e-14,9.100243e-03,3.007458e-02,7.095321e+01,9.061610e-10,1.017187e+02,3.050247e-02,1.517361e-02,4.159796e-11,2.650261e+04,REFINE_STALLED,REFINE_STALLED,REACHED_FORCE,1,1,1,1,1,1,1,5,5,3.300823e-06,5.234423e-06,6.260407e-07,6.306670e-07,4.991795e-02,1.069360e-04,3.935733e-12,3.659862e-12,8.849102e-10,solution good enough for the tolerances given,solution good enough for the tolerances given,solution good enough for the tolerances given,3.935733e-12,3.659862e-12,8.849102e-10,3.300823e-06,4.563056e-12,6.260407e-07,2.034835e-13,4.991795e-02,1.388365e-10,5.234423e-06,6.306670e-07,6.247052e-09,4.472137e-05,2.484761e+00,9.838624e-10,1.425984e-09,6.479904e-03,0.000000e+00,false
15,3.162000e+08,1,28,CONTINUE,6.339104e-08,1.143627e-08,1.000000e-09,6.339104e-09,2.220446e-14,3.490560e-03,8.158942e-01,7.469357e+01,1.645837e-10,5.075097e-01,9.258593e-04,1.588675e-02,4.159796e-11,2.650261e+04,REACHED_FORCE,REACHED_FORCE,REFINE_ITMAX,1,8,8,1,7,7,1,10,10,1.937188e-05,6.448042e-06,1.742615e-05,5.622340e-06,1.577950e-01,7.751220e-04,1.696735e-12,3.718326e-12,7.780096e-10,solution good enough for the tolerances given,solution good enough for the tolerances given,solution good enough for the tolerances given,1.696735e-12,3.718326e-12,7.780096e-10,1.937188e-05,5.299505e-13,1.742615e-05,7.841862e-13,1.577950e-01,1.221654e-10,2.323622e-09,6.238423e-09,6.587820e-09,4.472137e-05,2.484731e+00,9.838624e-10,1.425984e-09,6.479904e-03,0.000000e+00,false
15,1.000000e+09,1,18,CONTINUE,6.339104e-08,6.054149e-08,1.000000e-09,6.339104e-09,2.220446e-14,1.653109e-03,9.445593e-18,7.528430e+01,8.662354e-10,3.884194e+14,2.363786e+11,1.608897e-02,4.159796e-11,2.650261e+04,REFINE_STALLED,REFINE_STALLED,REFINE_ITMAX,1,1,1,2,3,1,1,10,10,2.038682e-02,5.658391e+00,1.052309e+07,2.966333e+09,4.987301e-01,3.787144e-03,2.039408e-12,6.403824e-04,6.096592e-10,solution good enough for the tolerances given,solution good enough for the tolerances given,solution good enough for the tolerances given,2.039408e-12,7.160645e-11,6.096592e-10,2.038682e-02,1.999687e-10,1.052309e+07,1.036153e-01,4.987301e-01,9.310666e-11,5.658391e+00,2.966333e+09,1.096713e-05,4.472137e-05,2.484721e+00,9.838624e-10,1.425984e-09,6.479904e-03,0.000000e+00,false
15,3.162000e+09,1,8,CONTINUE,6.339104e-08,6.053941e-08,1.000000e-09,6.339104e-09,2.220446e-14,1.039321e-03,8.417599e-05,7.527911e+01,8.662838e-10,3.097188e-02,1.922094e-02,1.608783e-02,4.159796e-11,2.650261e+04,REFINE_STALLED,REFINE_STALLED,REFINE_STALLED,1,1,1,1,1,1,1,3,3,1.195619e-04,1.420818e-04,1.952496e-04,2.906528e-04,1.575306e+00,1.306548e-02,1.146811e-12,6.867885e-13,4.847097e-10,solution good enough for the tolerances given,solution good enough for the tolerances given,solution good enough for the tolerances given,1.146811e-12,6.867885e-13,4.847097e-10,1.195619e-04,2.771528e-13,1.952496e-04,1.290453e-13,1.575306e+00,6.531559e-11,1.420818e-04,2.906528e-04,4.236398e-03,4.472137e-05,2.484718e+00,9.838624e-10,1.425984e-09,6.479904e-03,0.000000e+00,false
15,1.000000e+10,1,9,CONTINUE,6.339104e-08,2.525689e-06,1.000000e-09,6.339104e-09,2.220446e-14,7.800074e-04,5.505780e-02,7.527820e+01,8.588496e-10,1.171012e-02,1.071652e-02,1.608271e-02,4.159796e-11,2.650261e+04,REFINE_STALLED,REFINE_STALLED,REFINE_STALLED,1,2,2,1,1,1,1,3,3,1.426296e-04,4.270266e-05,1.953158e-04,2.337899e-04,4.972249e+00,4.824184e-02,4.691741e-13,4.657596e-13,4.397839e-10,solution good enough for the tolerances given,solution good enough for the tolerances given,solution good enough for the tolerances given,4.691741e-13,4.657596e-13,4.397839e-10,1.426296e-04,6.060896e-14,1.953158e-04,7.094492e-14,4.972249e+00,5.695069e-11,3.310600e-05,2.337899e-04,1.202635e-02,4.472137e-05,2.484717e+00,9.838624e-10,1.425984e-09,6.479904e-03,0.000000e+00,false
15,3.162000e+10,1,8,CONTINUE,6.339104e-08,3.521793e-06,1.000000e-09,6.339104e-09,2.220446e-14,6.142341e-04,4.442184e-03,7.527893e+01,8.661891e-10,2.919039e-02,6.627441e-02,1.614963e-02,4.159796e-11,2.650261e+04,REFINE_STALLED,REFINE_STALLED,REFINE_STALLED,1,1,1,1,1,1,1,3,3,6.234449e-04,7.656102e-04,1.559349e-03,3.135928e-03,1.566215e+01,2.062806e-01,1.776506e-13,2.707921e-13,4.286704e-10,solution good enough for the tolerances given,solution good enough for the tolerances given,solution good enough for the tolerances given,1.776506e-13,2.707921e-13,4.286704e-10,6.234449e-04,2.905575e-14,1.559349e-03,1.167364e-13,1.566215e+01,6.003707e-11,7.656102e-04,3.135928e-03,5.279580e-02,4.472137e-05,2.484717e+00,9.838624e-10,1.425984e-09,6.479904e-03,0.000000e+00,false
15,1.000000e+11,1,8,CONTINUE,6.339104e-08,4.140377e-06,1.000000e-09,6.339104e-09,2.220446e-14,5.090356e-04,4.504622e-03,7.527910e+01,8.661856e-10,1.282584e-03,4.373264e-02,1.612122e-02,4.159796e-11,2.650261e+04,REFINE_STALLED,REFINE_STALLED,REFINE_STALLED,1,1,1,1,1,1,1,3,3,2.149666e-03,2.680977e-03,1.999656e-03,2.574740e-03,4.915526e+01,8.615312e-01,7.607063e-14,2.994581e-13,4.201591e-10,solution good enough for the tolerances given,solution good enough for the tolerances given,solution good enough for the tolerances given,7.607063e-14,2.994581e-13,4.201591e-10,2.149666e-03,1.051550e-14,1.999656e-03,5.547548e-14,4.915526e+01,6.230146e-11,2.680977e-03,2.574740e-03,2.145938e-01,4.472137e-05,2.484717e+00,9.838624e-10,1.425984e-09,6.479904e-03,0.000000e+00,false
15,3.162000e+11,1,8,CONTINUE,6.339104e-08,6.053950e-08,1.000000e-09,6.339104e-09,2.220446e-14,4.245654e-04,4.158946e-07,7.527911e+01,8.662951e-10,1.295754e-02,1.024368e-01,1.608769e-02,4.159796e-11,2.650261e+04,REFINE_STALLED,REFINE_STALLED,REFINE_STALLED,1,1,1,1,1,1,1,3,3,6.175578e-03,8.897537e-03,1.761786e-02,1.386705e-02,1.530389e+02,3.119853e+00,3.802462e-14,2.753366e-13,3.998560e-10,solution good enough for the tolerances given,solution good enough for the tolerances given,solution good enough for the tolerances given,3.802462e-14,2.753366e-13,3.998560e-10,6.175578e-03,5.097981e-15,1.761786e-02,3.881563e-14,1.530389e+02,6.004755e-11,8.897537e-03,1.386705e-02,1.216318e+00,4.472137e-05,2.484717e+00,9.838624e-10,1.425984e-09,6.479904e-03,0.000000e+00,false
15,1.000000e+12,1,8,CONTINUE,6.339104e-08,6.053870e-08,1.000000e-09,6.339104e-09,2.220446e-14,3.198497e-04,1.337517e-07,7.527911e+01,8.662951e-10,4.271378e-03,1.240545e-01,1.608768e-02,4.159796e-11,2.650261e+04,REFINE_STALLED,REFINE_STALLED,REFINE_STALLED,1,1,1,1,1,1,1,3,3,1.314679e-02,1.919290e-02,4.916789e-02,3.092113e-02,4.692646e+02,1.699708e+01,1.919539e-14,2.564620e-13,3.648340e-10,solution good enough for the tolerances given,solution good enough for the tolerances given,solution good enough for the tolerances given,1.919539e-14,2.564620e-13,3.648340e-10,1.314679e-02,4.669299e-15,4.916789e-02,3.601713e-14,4.692646e+02,5.294275e-11,1.919290e-02,3.092113e-02,3.034362e+00,4.472137e-05,2.484717e+00,9.838624e-10,1.425984e-09,6.479904e-03,0.000000e+00,false
15,3.162000e+12,1,8,CONTINUE,6.339104e-08,6.026909e-06,1.000000e-09,6.339104e-09,2.220446e-14,1.841377e-04,7.328797e-06,7.527911e+01,8.662950e-10,1.407865e-02,1.753110e+00,1.608559e-02,4.159796e-11,2.650261e+04,REFINE_STALLED,REFINE_STALLED,REFINE_STALLED,1,1,1,1,1,1,1,3,3,2.040992e-02,4.947121e-02,2.523435e-01,4.462935e-01,1.410956e+03,8.100650e+01,8.813061e-15,1.379977e-13,3.152496e-10,solution good enough for the tolerances given,solution good enough for the tolerances given,solution good enough for the tolerances given,8.813061e-15,1.379977e-13,3.152496e-10,2.040992e-02,2.260945e-15,2.523435e-01,3.331170e-14,1.410956e+03,5.004184e-11,4.947121e-02,4.462935e-01,1.856490e+01,4.472137e-05,2.484717e+00,9.838624e-10,1.425984e-09,6.479904e-03,0.000000e+00,false
15,1.000000e+13,1,7,CONTINUE,6.339104e-08,6.053927e-08,1.000000e-09,6.339104e-09,2.220446e-14,7.623148e-05,7.306434e-06,7.527911e+01,8.662950e-10,2.419826e-06,5.232361e-03,1.608768e-02,4.159796e-11,2.650261e+04,REFINE_STALLED,REFINE_STALLED,REFINE_STALLED,1,1,1,1,1,1,1,2,2,2.225713e-02,1.352639e-02,7.129772e-03,4.284646e-03,4.229137e+03,2.196193e+02,3.543096e-15,3.174194e-15,2.710885e-10,solution good enough for the tolerances given,solution good enough for the tolerances given,solution good enough for the tolerances given,3.543096e-15,3.174194e-15,2.710885e-10,2.225713e-02,4.741023e-16,7.129772e-03,4.021604e-16,4.229137e+03,4.650479e-11,1.352639e-02,4.284646e-03,1.529176e+02,4.472137e-05,2.484717e+00,9.838624e-10,1.425984e-09,6.479904e-03,0.000000e+00,false
15,3.162000e+13,1,7,CONTINUE,6.339104e-08,8.617198e-07,1.000000e-09,6.339104e-09,2.220446e-14,2.694686e-05,2.078873e-03,7.527911e+01,8.662448e-10,3.003062e-06,6.346165e-03,1.608666e-02,4.159796e-11,2.650261e+04,REFINE_STALLED,REFINE_STALLED,REFINE_STALLED,1,1,1,1,1,1,1,2,2,2.285322e-02,1.629176e-02,9.289281e-03,7.739726e-03,1.291486e+04,3.515782e+02,1.247455e-15,1.254338e-15,2.471182e-10,solution good enough for the tolerances given,solution good enough for the tolerances given,solution good enough for the tolerances given,1.247455e-15,1.254338e-15,2.471182e-10,2.285322e-02,1.717083e-16,9.289281e-03,1.899714e-16,1.291486e+04,4.417402e-11,1.629176e-02,7.739726e-03,3.077746e+02,4.472137e-05,2.484717e+00,9.838624e-10,1.425984e-09,6.479904e-03,0.000000e+00,false
15,1.000000e+14,1,7,CONTINUE,6.339104e-08,3.296062e-07,1.000000e-09,6.339104e-09,2.220446e-14,8.893319e-06,2.450994e-03,7.527911e+01,8.662358e-10,3.894112e-06,8.016760e-03,1.608667e-02,4.159796e-11,2.650261e+04,REFINE_STALLED,REFINE_STALLED,REFINE_STALLED,1,1,1,1,1,1,1,2,2,2.338268e-02,2.052707e-02,1.030619e-02,9.606498e-03,4.021779e+04,4.210482e+02,3.895909e-16,4.814877e-16,2.376851e-10,solution good enough for the tolerances given,solution good enough for the tolerances given,solution good enough for the tolerances given,3.895909e-16,4.814877e-16,2.376851e-10,2.338268e-02,5.168035e-17,1.030619e-02,7.720323e-17,4.021779e+04,4.315138e-11,2.052707e-02,9.606498e-03,4.023778e+02,4.472137e-05,2.484717e+00,9.838624e-10,1.425984e-09,6.479904e-03,0.000000e+00,false
15,3.162000e+14,1,7,CONTINUE,6.339104e-08,1.886440e-07,1.000000e-09,6.339104e-09,2.220446e-14,2.854753e-06,2.341562e-03,7.527911e+01,8.662384e-10,4.065172e-06,8.897498e-03,1.608677e-02,4.159796e-11,2.650261e+04,REFINE_STALLED,REFINE_STALLED,REFINE_STALLED,1,1,1,1,1,1,1,2,2,2.499106e-02,2.185444e-02,1.615475e-02,1.025801e-02,1.264620e+05,4.480172e+02,1.057454e-16,1.942611e-16,2.344641e-10,solution good enough for the tolerances given,solution good enough for the tolerances given,solution good enough for the tolerances given,1.057454e-16,1.942611e-16,2.344641e-10,2.499106e-02,1.366798e-17,1.615475e-02,3.217793e-17,1.264620e+05,4.278359e-11,2.185444e-02,1.025801e-02,4.414235e+02,4.433150e-05,2.484717e+00,9.838624e-10,1.425984e-09,6.479904e-03,0.000000e+00,false
15,1.000000e+15,1,8,CONTINUE,6.339104e-08,6.153660e-08,1.000000e-09,6.339104e-09,2.220446e-14,9.070906e-07,2.258550e-03,7.527911e+01,8.662404e-10,4.156071e-06,9.211883e-03,1.608679e-02,4.159796e-11,2.650261e+04,REFINE_STALLED,REFINE_STALLED,REFINE_STALLED,1,1,1,1,2,2,1,2,2,4.239179e-02,2.226862e-02,4.500272e-02,1.046085e-02,3.992063e+05,4.572049e+02,4.652187e-17,1.016764e-16,2.334192e-10,solution good enough for the tolerances given,solution good enough for the tolerances given,solution good enough for the tolerances given,4.652187e-17,1.016764e-16,2.334192e-10,4.239179e-02,6.537828e-18,4.500272e-02,1.671950e-17,3.992063e+05,4.266184e-11,2.226862e-02,1.038210e-02,4.550405e+02,4.407305e-05,2.484717e+00,9.838624e-10,1.425984e-09,6.479904e-03,0.000000e+00,false
15,3.162000e+15,1,9,CONTINUE,6.339104e-08,6.277003e-08,1.000000e-09,6.339104e-09,2.220446e-14,2.873209e-07,2.208199e-03,7.527911e+01,8.662294e-10,4.228064e-06,9.198023e-03,1.608691e-02,4.159796e-11,2.650261e+04,REFINE_STALLED,REFINE_STALLED,REFINE_STALLED,1,2,2,1,2,2,1,2,2,1.331153e-01,2.239882e-02,1.357756e-01,1.055257e-02,1.261544e+06,4.601826e+02,5.531109e-17,7.480436e-17,2.330860e-10,solution good enough for the tolerances given,solution good enough for the tolerances given,solution good enough for the tolerances given,5.531109e-17,7.480436e-17,2.330860e-10,1.331153e-01,7.359322e-18,1.357756e-01,1.168063e-17,1.261544e+06,4.262283e-11,2.240177e-02,1.052458e-02,4.594893e+02,4.399070e-05,2.484717e+00,9.838624e-10,1.425984e-09,6.479904e-03,0.000000e+00,false
15,1.000000e+16,1,9,CONTINUE,6.339104e-08,6.310447e-08,1.000000e-09,6.339104e-09,2.220446e-14,9.089595e-08,2.203765e-03,7.527911e+01,8.662355e-10,4.204831e-06,9.314339e-03,1.608687e-02,4.159796e-11,2.650261e+04,REFINE_STALLED,REFINE_STALLED,REFINE_STALLED,1,2,2,1,2,2,1,2,2,4.201123e-01,2.243982e-02,4.228081e-01,1.056065e-02,3.988951e+06,4.611317e+02,6.102426e-17,6.726381e-17,2.329804e-10,solution good enough for the tolerances given,solution good enough for the tolerances given,solution good enough for the tolerances given,6.102426e-17,6.726381e-17,2.329804e-10,4.201123e-01,8.720590e-18,4.228081e-01,1.009372e-17,3.988951e+06,4.261040e-11,2.246309e-02,1.054897e-02,4.609123e+02,4.396459e-05,2.484717e+00,9.838624e-10,1.425984e-09,6.479904e-03,0.000000e+00,false
15,3.162000e+16,1,9,CONTINUE,6.339104e-08,6.320593e-08,1.000000e-09,6.339104e-09,2.220446e-14,2.875085e-08,2.202625e-03,7.527911e+01,8.662376e-10,4.196252e-06,9.354453e-03,1.608686e-02,4.159796e-11,2.650261e+04,REFINE_STALLED,REFINE_STALLED,REFINE_STALLED,1,2,2,1,2,2,1,2,2,1.327537e+00,2.245289e-02,1.330249e+00,1.056295e-02,1.261231e+07,4.614328e+02,6.302755e-17,6.500336e-17,2.329469e-10,solution good enough for the tolerances given,solution good enough for the tolerances given,solution good enough for the tolerances given,6.302755e-17,6.500336e-17,2.329469e-10,1.327537e+00,9.151967e-18,1.330249e+00,9.587141e-18,1.261231e+07,4.260642e-11,2.248255e-02,1.055649e-02,4.613634e+02,4.395635e-05,2.484717e+00,9.838624e-10,1.425984e-09,6.479904e-03,0.000000e+00,false
15,1.000000e+17,1,9,CONTINUE,6.339104e-08,6.323850e-08,1.000000e-09,6.339104e-09,2.220446e-14,9.091479e-09,2.202337e-03,7.527911e+01,8.662384e-10,4.193245e-06,9.367839e-03,1.608686e-02,4.159796e-11,2.650261e+04,REFINE_STALLED,REFINE_STALLED,REFINE_STALLED,1,2,2,1,2,2,1,2,2,4.197563e+00,2.245752e-02,4.200279e+00,1.056318e-02,3.988641e+07,4.615266e+02,6.367822e-17,6.430309e-17,2.329364e-10,solution good enough for the tolerances given,solution good enough for the tolerances given,solution good enough for the tolerances given,6.367822e-17,6.430309e-17,2.329364e-10,4.197563e+00,9.262864e-18,4.200279e+00,9.435352e-18,3.988641e+07,4.260518e-11,2.248868e-02,1.055881e-02,4.615065e+02,4.395373e-05,2.484717e+00,9.838624e-10,1.425984e-09,6.479904e-03,0.000000e+00,false
15,3.162000e+17,1,9,CONTINUE,6.339104e-08,6.325200e-08,1.000000e-09,6.339104e-09,2.220446e-14,2.875275e-09,2.202387e-03,7.527911e+01,8.662386e-10,4.191914e-06,9.372802e-03,1.608685e-02,4.159796e-11,2.650261e+04,REFINE_STALLED,REFINE_STALLED,REFINE_STALLED,1,2,2,1,2,2,1,2,2,1.327185e+01,2.245500e-02,1.327458e+01,1.056040e-02,1.261200e+08,4.615539e+02,6.388562e-17,6.408331e-17,2.329330e-10,solution good enough for the tolerances given,solution good enough for the tolerances given,solution good enough for the tolerances given,6.388562e-17,6.408331e-17,2.329330e-10,1.327185e+01,9.321732e-18,1.327458e+01,9.410891e-18,1.261200e+08,4.260449e-11,2.249062e-02,1.055948e-02,4.615535e+02,4.395290e-05,2.484717e+00,9.838624e-10,1.425984e-09,6.479904e-03,0.000000e+00,false
15,1.000000e+18,1,9,CONTINUE,6.339104e-08,6.326355e-08,1.000000e-09,6.339104e-09,2.220446e-14,9.091657e-10,2.202681e-03,7.527911e+01,8.662389e-10,4.190671e-06,9.376055e-03,1.608685e-02,4.159796e-11,2.650261e+04,REFINE_STALLED,REFINE_STALLED,REFINE_STALLED,1,2,2,1,2,2,1,2,2,4.197214e+01,2.243149e-02,4.197487e+01,1.053095e-02,3.988601e+08,4.615539e+02,6.395135e-17,6.401388e-17,2.329317e-10,solution good enough for the tolerances given,solution good enough for the tolerances given,solution good enough for the tolerances given,6.395135e-17,6.401388e-17,2.329317e-10,4.197214e+01,9.169669e-18,4.197487e+01,9.315736e-18,3.988601e+08,4.260466e-11,2.249123e-02,1.055956e-02,4.615723e+02,4.395263e-05,2.484717e+00,9.838624e-10,1.425984e-09,6.479904e-03,0.000000e+00,false
