iter,alpha,state,ncraig,ipm_status,mu,mu_next,rho,force_tol,floor_tol,sigma2min,step,tau,kappa,norm_dp,norm_dy,norm_y,hdiag_min,hdiag_max,pstat,cstat,wstat,pbase,prefn,ppass,cbase,crefn,cpass,wbase,wrefn,wpass,pres0,pres1,cres0,cres1,wres0,wres1,r0_p,r0_c,r0_w,craig_p,craig_c,craig_w,r1_p,r1_c,r1_w,p_res0_dual,p_res0_prim,c_res0_dual,c_res0_prim,w_res0_dual,w_res0_prim,p_res_exit,c_res_exit,w_res_exit,Ldiag_min,Ldiag_max,ipm_pres,ipm_dres,bar_hdiag_med,bar_hdiag_frac_mid,chosen
1,1.000000e+00,0,7,CONTINUE,1.000000e+00,3.407354e-01,1.000000e-09,1.000000e-01,2.415746e-13,1.030884e+00,6.822644e-01,2.217573e+00,3.123574e-01,5.755243e+00,1.570071e+00,1.071203e+00,1.000000e+00,1.000000e+00,REACHED_FORCE,REACHED_FORCE,REACHED_FORCE,3,0,0,2,0,0,2,0,0,8.900355e-03,NaN,2.297307e-02,NaN,1.021010e-02,NaN,1.098310e+00,5.087213e-01,4.485914e-01,solution good enough for the tolerances given,solution good enough for the tolerances given,solution good enough for the tolerances given,2.084883e-02,9.187710e-02,4.523297e-02,3.119337e-15,8.900355e-03,3.661193e-15,2.297307e-02,4.749091e-16,1.021010e-02,8.900355e-03,2.297307e-02,1.021010e-02,1.248142e+00,3.041651e+00,8.685592e+00,1.811938e+00,1.000000e+00,1.000000e+00,false
1,3.162000e+00,0,6,CONTINUE,1.000000e+00,3.398487e-01,1.000000e-09,1.000000e-01,2.415746e-13,1.030882e+00,6.826812e-01,2.219718e+00,3.092438e-01,5.761444e+00,1.594407e+00,1.088471e+00,1.000000e+00,1.000000e+00,REACHED_FORCE,REACHED_FORCE,REACHED_FORCE,2,0,0,2,0,0,2,0,0,5.012797e-03,NaN,3.595373e-03,NaN,1.640158e-03,NaN,3.922823e-01,1.924823e-01,1.572931e-01,solution good enough for the tolerances given,solution good enough for the tolerances given,solution good enough for the tolerances given,2.159288e-02,1.371701e-02,7.497229e-03,6.175910e-15,5.012797e-03,7.464650e-15,3.595373e-03,1.422635e-15,1.640158e-03,5.012797e-03,3.595373e-03,1.640158e-03,7.325959e-01,2.927097e+00,8.685592e+00,1.811938e+00,1.000000e+00,1.000000e+00,false
1,1.000000e+01,0,4,CONTINUE,1.000000e+00,3.390872e-01,1.000000e-09,1.000000e-01,2.415746e-13,1.030882e+00,6.830085e-01,2.225497e+00,3.051905e-01,5.772962e+00,1.581700e+00,1.080314e+00,1.000000e+00,1.000000e+00,REACHED_FORCE,REACHED_FORCE,REACHED_FORCE,2,0,0,1,0,0,1,0,0,1.270453e-02,NaN,2.002648e-02,NaN,1.410069e-02,NaN,1.302280e-01,6.612077e-02,5.177148e-02,solution good enough for the tolerances given,solution good enough for the tolerances given,solution good enough for the tolerances given,2.600229e-03,6.612077e-02,5.177148e-02,2.808449e-14,1.270453e-02,3.146534e-14,2.002648e-02,4.468748e-15,1.410069e-02,1.270453e-02,2.002648e-02,1.410069e-02,4.201142e-01,2.889921e+00,8.685592e+00,1.811938e+00,1.000000e+00,1.000000e+00,false
1,3.162000e+01,0,3,CONTINUE,1.000000e+00,3.398148e-01,1.000000e-09,1.000000e-01,2.415746e-13,1.030882e+00,6.823734e-01,2.219374e+00,3.098998e-01,5.766077e+00,1.588545e+00,1.083981e+00,1.000000e+00,1.000000e+00,REACHED_FORCE,REACHED_FORCE,REACHED_FORCE,1,0,0,1,0,0,1,0,0,8.408786e-03,NaN,6.464772e-03,NaN,4.514566e-03,NaN,4.188933e-02,2.132250e-02,1.660180e-02,solution good enough for the tolerances given,solution good enough for the tolerances given,solution good enough for the tolerances given,4.188933e-02,2.132250e-02,1.660180e-02,7.494776e-14,8.408786e-03,8.465515e-14,6.464772e-03,1.057980e-14,4.514566e-03,8.408786e-03,6.464772e-03,4.514566e-03,2.380207e-01,2.878067e+00,8.685592e+00,1.811938e+00,1.000000e+00,1.000000e+00,true
1,1.000000e+02,0,3,CONTINUE,1.000000e+00,3.395598e-01,1.000000e-09,1.000000e-01,2.415746e-13,1.030882e+00,6.828235e-01,2.220443e+00,3.097206e-01,5.764416e+00,1.597724e+00,1.090964e+00,1.000000e+00,1.000000e+00,REACHED_FORCE,REACHED_FORCE,REACHED_FORCE,1,0,0,1,0,0,1,0,0,2.675394e-03,NaN,2.059678e-03,NaN,1.433170e-03,NaN,1.331906e-02,6.790953e-03,5.273346e-03,solution good enough for the tolerances given,solution good enough for the tolerances given,solution good enough for the tolerances given,1.331906e-02,6.790953e-03,5.273346e-03,2.204750e-13,2.675394e-03,1.756536e-13,2.059678e-03,3.307208e-14,1.433170e-03,2.675394e-03,2.059678e-03,1.433170e-03,1.341800e-01,2.874307e+00,8.685592e+00,1.811938e+00,1.000000e+00,1.000000e+00,false
1,3.162000e+02,0,3,CONTINUE,1.000000e+00,3.394744e-01,1.000000e-09,1.000000e-01,2.415746e-13,1.030882e+00,6.829710e-01,2.220788e+00,3.096610e-01,5.763886e+00,1.600677e+00,1.093216e+00,1.000000e+00,1.000000e+00,REACHED_FORCE,REACHED_FORCE,REACHED_FORCE,1,0,0,1,0,0,1,0,0,8.477849e-04,NaN,6.529520e-04,NaN,4.538192e-04,NaN,4.219699e-03,2.152655e-03,1.670143e-03,solution good enough for the tolerances given,solution good enough for the tolerances given,solution good enough for the tolerances given,4.219699e-03,2.152655e-03,1.670143e-03,7.463232e-13,8.477849e-04,7.159913e-13,6.529520e-04,1.194511e-13,4.538192e-04,8.477849e-04,6.529520e-04,4.538192e-04,7.551967e-02,2.873118e+00,8.685592e+00,1.811938e+00,1.000000e+00,1.000000e+00,false
1,1.000000e+03,0,3,CONTINUE,1.000000e+00,3.394469e-01,1.000000e-09,1.000000e-01,2.415746e-13,1.030882e+00,6.830182e-01,2.220898e+00,3.096419e-01,5.763718e+00,1.601617e+00,1.093933e+00,1.000000e+00,1.000000e+00,REACHED_FORCE,REACHED_FORCE,REACHED_FORCE,1,0,0,1,0,0,1,0,0,2.682380e-04,NaN,2.066207e-04,NaN,1.435549e-04,NaN,1.335020e-03,6.811709e-04,5.283423e-04,solution good enough for the tolerances given,solution good enough for the tolerances given,solution good enough for the tolerances given,1.335020e-03,6.811709e-04,5.283423e-04,4.401372e-12,2.682380e-04,3.965871e-12,2.066207e-04,5.067991e-13,1.435549e-04,2.682380e-04,2.066207e-04,1.435549e-04,4.247697e-02,2.872741e+00,8.685592e+00,1.811938e+00,1.000000e+00,1.000000e+00,false
1,3.162000e+03,0,3,CONTINUE,1.000000e+00,3.394382e-01,1.000000e-09,1.000000e-01,2.415746e-13,1.030882e+00,6.830332e-01,2.220932e+00,3.096358e-01,5.763664e+00,1.601914e+00,1.094161e+00,1.000000e+00,1.000000e+00,REACHED_FORCE,REACHED_FORCE,REACHED_FORCE,1,0,0,1,0,0,1,0,0,8.484863e-05,NaN,6.536067e-05,NaN,4.540577e-05,NaN,4.222826e-04,2.154743e-04,1.671155e-04,solution good enough for the tolerances given,solution good enough for the tolerances given,solution good enough for the tolerances given,4.222826e-04,2.154743e-04,1.671155e-04,7.069212e-12,8.484863e-05,9.078604e-12,6.536067e-05,1.487005e-12,4.540577e-05,8.484863e-05,6.536067e-05,4.540577e-05,2.388957e-02,2.872622e+00,8.685592e+00,1.811938e+00,1.000000e+00,1.000000e+00,false
1,1.000000e+04,0,3,CONTINUE,1.000000e+00,3.394354e-01,1.000000e-09,1.000000e-01,2.415746e-13,1.030882e+00,6.830380e-01,2.220943e+00,3.096339e-01,5.763648e+00,1.602008e+00,1.094233e+00,1.000000e+00,1.000000e+00,REACHED_FORCE,REACHED_FORCE,REACHED_FORCE,1,0,0,1,0,0,1,0,0,2.683082e-05,NaN,2.066862e-05,NaN,1.435788e-05,NaN,1.335333e-04,6.813800e-05,5.284436e-05,solution good enough for the tolerances given,solution good enough for the tolerances given,solution good enough for the tolerances given,1.335333e-04,6.813800e-05,5.284436e-05,2.143458e-11,2.683082e-05,3.313509e-11,2.066862e-05,4.621522e-12,1.435788e-05,2.683082e-05,2.066862e-05,1.435788e-05,1.343385e-02,2.872585e+00,8.685592e+00,1.811938e+00,1.000000e+00,1.000000e+00,false
1,3.162000e+04,0,3,CONTINUE,1.000000e+00,3.394345e-01,1.000000e-09,1.000000e-01,2.415746e-13,1.030882e+00,6.830395e-01,2.220947e+00,3.096333e-01,5.763642e+00,1.602038e+00,1.094255e+00,1.000000e+00,1.000000e+00,REACHED_FORCE,REACHED_FORCE,REACHED_FORCE,1,0,0,1,0,0,1,0,0,8.485566e-06,NaN,6.536722e-06,NaN,4.540816e-06,NaN,4.223139e-05,2.154952e-05,1.671256e-05,solution good enough for the tolerances given,solution good enough for the tolerances given,solution good enough for the tolerances given,4.223139e-05,2.154952e-05,1.671256e-05,5.304795e-11,8.485566e-06,8.340647e-11,6.536722e-06,1.214726e-11,4.540816e-06,8.485566e-06,6.536722e-06,4.540816e-06,7.554803e-03,2.872573e+00,8.685592e+00,1.811938e+00,1.000000e+00,1.000000e+00,false
1,1.000000e+05,0,3,CONTINUE,1.000000e+00,3.394342e-01,1.000000e-09,1.000000e-01,2.415746e-13,1.030882e+00,6.830399e-01,2.220948e+00,3.096331e-01,5.763641e+00,1.602048e+00,1.094262e+00,1.000000e+00,1.000000e+00,REACHED_FORCE,REACHED_FORCE,REACHED_FORCE,1,0,0,1,0,0,1,0,0,2.683153e-06,NaN,2.066927e-06,NaN,1.435812e-06,NaN,1.335364e-05,6.814009e-06,5.284537e-06,solution good enough for the tolerances given,solution good enough for the tolerances given,solution good enough for the tolerances given,1.335364e-05,6.814009e-06,5.284537e-06,2.559559e-10,2.683153e-06,3.145807e-10,2.066927e-06,3.473707e-11,1.435812e-06,2.683153e-06,2.066927e-06,1.435812e-06,4.248202e-03,2.872569e+00,8.685592e+00,1.811938e+00,1.000000e+00,1.000000e+00,false
1,3.162000e+05,0,3,CONTINUE,1.000000e+00,3.394342e-01,1.000000e-09,1.000000e-01,2.415746e-13,1.030882e+00,6.830401e-01,2.220948e+00,3.096330e-01,5.763640e+00,1.602051e+00,1.094265e+00,1.000000e+00,1.000000e+00,REACHED_FORCE,REACHED_FORCE,REACHED_FORCE,1,0,0,1,0,0,1,0,0,8.485636e-07,NaN,6.536788e-07,NaN,4.540840e-07,NaN,4.223171e-06,2.154973e-06,1.671266e-06,solution good enough for the tolerances given,solution good enough for the tolerances given,solution good enough for the tolerances given,4.223171e-06,2.154973e-06,1.671266e-06,7.203892e-10,8.485636e-07,1.016211e-09,6.536788e-07,1.361907e-10,4.540840e-07,8.485636e-07,6.536788e-07,4.540840e-07,2.389047e-03,2.872568e+00,8.685592e+00,1.811938e+00,1.000000e+00,1.000000e+00,false
1,1.000000e+06,0,3,CONTINUE,1.000000e+00,3.394341e-01,1.000000e-09,1.000000e-01,2.415746e-13,1.030882e+00,6.830401e-01,2.220948e+00,3.096330e-01,5.763640e+00,1.602052e+00,1.094265e+00,1.000000e+00,1.000000e+00,REACHED_FORCE,REACHED_FORCE,REACHED_FORCE,1,0,0,1,0,0,1,0,0,2.683160e-07,NaN,2.066934e-07,NaN,1.435814e-07,NaN,1.335367e-06,6.814030e-07,5.284547e-07,solution good enough for the tolerances given,solution good enough for the tolerances given,solution good enough for the tolerances given,1.335367e-06,6.814030e-07,5.284547e-07,2.310863e-09,2.683160e-07,2.379447e-09,2.066934e-07,6.122225e-10,1.435814e-07,2.683160e-07,2.066934e-07,1.435814e-07,1.343401e-03,2.872568e+00,8.685592e+00,1.811938e+00,1.000000e+00,1.000000e+00,false
1,3.162000e+06,0,3,CONTINUE,1.000000e+00,3.394341e-01,1.000000e-09,1.000000e-01,2.415746e-13,1.030882e+00,6.830401e-01,2.220948e+00,3.096330e-01,5.763640e+00,1.602052e+00,1.094266e+00,1.000000e+00,1.000000e+00,REACHED_FORCE,REACHED_FORCE,REACHED_FORCE,1,0,0,1,0,0,1,0,0,8.485643e-08,NaN,6.536795e-08,NaN,4.540842e-08,NaN,4.223174e-07,2.154975e-07,1.671268e-07,solution good enough for the tolerances given,solution good enough for the tolerances given,solution good enough for the tolerances given,4.223174e-07,2.154975e-07,1.671268e-07,6.824679e-09,8.485643e-08,5.557591e-09,6.536795e-08,1.454982e-09,4.540842e-08,8.485643e-08,6.536795e-08,4.540842e-08,7.554831e-04,2.872567e+00,8.685592e+00,1.811938e+00,1.000000e+00,1.000000e+00,false
1,1.000000e+07,0,3,CONTINUE,1.000000e+00,3.394341e-01,1.000000e-09,1.000000e-01,2.415746e-13,1.030882e+00,6.830401e-01,2.220948e+00,3.096330e-01,5.763640e+00,1.602052e+00,1.094266e+00,1.000000e+00,1.000000e+00,REACHED_FORCE,REACHED_FORCE,REACHED_FORCE,1,0,0,1,0,0,1,0,0,2.940115e-08,NaN,2.300503e-08,NaN,1.435814e-08,NaN,1.335368e-07,6.814032e-08,5.284548e-08,solution good enough for the tolerances given,solution good enough for the tolerances given,solution good enough for the tolerances given,1.335368e-07,6.814032e-08,5.284548e-08,2.940115e-08,2.683160e-08,2.300503e-08,2.066935e-08,3.408619e-09,1.435814e-08,2.940115e-08,2.300503e-08,1.435814e-08,4.248207e-04,2.872567e+00,8.685592e+00,1.811938e+00,1.000000e+00,1.000000e+00,false
1,3.162000e+07,0,3,CONTINUE,1.000000e+00,3.394341e-01,1.000000e-09,1.000000e-01,2.415746e-13,1.030882e+00,6.830401e-01,2.220948e+00,3.096329e-01,5.763640e+00,1.602052e+00,1.094266e+00,1.000000e+00,1.000000e+00,REACHED_FORCE,REACHED_FORCE,REACHED_FORCE,1,0,0,1,0,0,1,0,0,9.291222e-08,NaN,7.874682e-08,NaN,1.265921e-08,NaN,4.223174e-08,2.154975e-08,1.671268e-08,solution good enough for the tolerances given,solution good enough for the tolerances given,solution good enough for the tolerances given,4.223174e-08,2.154975e-08,1.671268e-08,9.291222e-08,8.485644e-09,7.874682e-08,6.536795e-09,1.265921e-08,4.540842e-09,9.291222e-08,7.874682e-08,1.265921e-08,2.389048e-04,2.872567e+00,8.685592e+00,1.811938e+00,1.000000e+00,1.000000e+00,false
1,1.000000e+08,0,3,CONTINUE,1.000000e+00,3.394342e-01,1.000000e-09,1.000000e-01,2.415746e-13,1.030882e+00,6.830401e-01,2.220948e+00,3.096328e-01,5.763640e+00,1.602052e+00,1.094266e+00,1.000000e+00,1.000000e+00,REACHED_FORCE,REACHED_FORCE,REACHED_FORCE,1,0,0,1,0,0,1,0,0,1.986374e-07,NaN,3.008096e-07,NaN,3.929360e-08,NaN,1.335367e-08,6.814034e-09,5.284548e-09,solution good enough for the tolerances given,solution good enough for the tolerances given,solution good enough for the tolerances given,1.335367e-08,6.814034e-09,5.284548e-09,1.986374e-07,2.683159e-09,3.008096e-07,2.066933e-09,3.929360e-08,1.435814e-09,1.986374e-07,3.008096e-07,3.929360e-08,1.343401e-04,2.872567e+00,8.685592e+00,1.811938e+00,1.000000e+00,1.000000e+00,false
1,3.162000e+08,0,3,CONTINUE,1.000000e+00,3.394348e-01,1.000000e-09,1.000000e-01,2.415746e-13,1.030882e+00,6.830395e-01,2.220947e+00,3.096327e-01,5.763639e+00,1.602052e+00,1.094265e+00,1.000000e+00,1.000000e+00,REACHED_FORCE,REACHED_FORCE,REACHED_FORCE,1,0,0,1,0,0,1,0,0,8.420957e-07,NaN,9.128233e-07,NaN,1.668739e-07,NaN,4.223173e-09,2.154973e-09,1.671268e-09,solution good enough for the tolerances given,solution good enough for the tolerances given,solution good enough for the tolerances given,4.223173e-09,2.154973e-09,1.671268e-09,8.420957e-07,8.485632e-10,9.128233e-07,6.536794e-10,1.668739e-07,4.540841e-10,8.420957e-07,9.128233e-07,1.668739e-07,7.554832e-05,2.872567e+00,8.685592e+00,1.811938e+00,1.000000e+00,1.000000e+00,false
1,1.000000e+09,0,3,CONTINUE,1.000000e+00,3.394346e-01,1.000000e-09,1.000000e-01,2.415746e-13,1.030882e+00,6.830399e-01,2.220949e+00,3.096327e-01,5.763640e+00,1.602055e+00,1.094268e+00,1.000000e+00,1.000000e+00,REACHED_FORCE,REACHED_FORCE,REACHED_FORCE,1,0,0,1,0,0,1,0,0,2.004716e-06,NaN,2.772890e-06,NaN,3.570414e-07,NaN,1.335368e-09,6.814044e-10,5.284552e-10,solution good enough for the tolerances given,solution good enough for the tolerances given,solution good enough for the tolerances given,1.335368e-09,6.814044e-10,5.284552e-10,2.004716e-06,2.683156e-10,2.772890e-06,2.066944e-10,3.570414e-07,1.435815e-10,2.004716e-06,2.772890e-06,3.570414e-07,4.248208e-05,2.872567e+00,8.685592e+00,1.811938e+00,1.000000e+00,1.000000e+00,false
1,3.162000e+09,0,3,CONTINUE,1.000000e+00,3.394290e-01,1.000000e-09,1.000000e-01,2.415746e-13,1.030883e+00,6.830443e-01,2.220944e+00,3.096256e-01,5.763640e+00,1.602051e+00,1.094272e+00,1.000000e+00,1.000000e+00,REACHED_FORCE,REACHED_FORCE,REACHED_FORCE,1,0,0,1,0,0,1,0,0,7.279829e-06,NaN,6.937298e-06,NaN,1.490853e-06,NaN,4.223171e-10,2.154968e-10,1.671268e-10,solution good enough for the tolerances given,solution good enough for the tolerances given,solution good enough for the tolerances given,4.223171e-10,2.154968e-10,1.671268e-10,7.279829e-06,8.485664e-11,6.937298e-06,6.536726e-11,1.490853e-06,4.540858e-11,7.279829e-06,6.937298e-06,1.490853e-06,2.389048e-05,2.872567e+00,8.685592e+00,1.811938e+00,1.000000e+00,1.000000e+00,false
1,1.000000e+10,0,3,CONTINUE,1.000000e+00,3.394296e-01,1.000000e-09,1.000000e-01,2.415746e-13,1.030879e+00,6.830408e-01,2.220918e+00,3.096181e-01,5.763626e+00,1.602042e+00,1.094260e+00,1.000000e+00,1.000000e+00,REACHED_FORCE,REACHED_FORCE,REACHED_FORCE,1,0,0,1,0,0,1,0,0,2.222847e-05,NaN,1.988868e-05,NaN,3.751381e-06,NaN,1.335353e-10,6.813969e-11,5.284570e-11,solution good enough for the tolerances given,solution good enough for the tolerances given,solution good enough for the tolerances given,1.335353e-10,6.813969e-11,5.284570e-11,2.222847e-05,2.683151e-11,1.988868e-05,2.066810e-11,3.751381e-06,1.435830e-11,2.222847e-05,1.988868e-05,3.751381e-06,1.343401e-05,2.872567e+00,8.685592e+00,1.811938e+00,1.000000e+00,1.000000e+00,false
1,3.162000e+10,0,3,CONTINUE,1.000000e+00,3.394037e-01,1.000000e-09,1.000000e-01,2.415746e-13,1.030890e+00,6.830695e-01,2.220876e+00,3.095730e-01,5.763674e+00,1.602204e+00,1.094417e+00,1.000000e+00,1.000000e+00,REACHED_FORCE,REACHED_FORCE,REACHED_FORCE,1,0,0,1,0,0,1,0,0,9.746074e-05,NaN,8.033248e-05,NaN,2.453398e-05,NaN,4.223471e-11,2.155103e-11,1.671273e-11,solution good enough for the tolerances given,solution good enough for the tolerances given,solution good enough for the tolerances given,4.223471e-11,2.155103e-11,1.671273e-11,9.746074e-05,8.485256e-12,8.033248e-05,6.534776e-12,2.453398e-05,4.540967e-12,9.746074e-05,8.033248e-05,2.453398e-05,7.554856e-06,2.872567e+00,8.685592e+00,1.811938e+00,1.000000e+00,1.000000e+00,false
1,1.000000e+11,0,3,CONTINUE,1.000000e+00,3.393439e-01,1.000000e-09,1.000000e-01,2.415746e-13,1.030879e+00,6.831144e-01,2.220850e+00,3.095347e-01,5.763749e+00,1.602042e+00,1.094378e+00,1.000000e+00,1.000000e+00,REACHED_FORCE,REACHED_FORCE,REACHED_FORCE,1,0,0,1,0,0,1,0,0,2.865504e-04,NaN,3.039461e-04,NaN,5.311975e-05,NaN,1.335260e-11,6.815897e-12,5.284984e-12,solution good enough for the tolerances given,solution good enough for the tolerances given,solution good enough for the tolerances given,1.335260e-11,6.815897e-12,5.284984e-12,2.865504e-04,2.683015e-12,3.039461e-04,2.066561e-12,5.311975e-05,1.435994e-12,2.865504e-04,3.039461e-04,5.311975e-05,4.248265e-06,2.872567e+00,8.685592e+00,1.811938e+00,1.000000e+00,1.000000e+00,false
1,3.162000e+11,0,3,CONTINUE,1.000000e+00,3.396196e-01,1.000000e-09,1.000000e-01,2.415746e-13,1.030749e+00,6.828287e-01,2.220456e+00,3.091944e-01,5.763465e+00,1.601289e+00,1.093406e+00,1.000000e+00,1.000000e+00,REACHED_FORCE,REACHED_FORCE,REACHED_FORCE,1,0,0,1,0,0,1,0,0,1.142119e-03,NaN,8.389085e-04,NaN,1.514086e-04,NaN,4.222748e-12,2.153217e-12,1.671344e-12,solution good enough for the tolerances given,solution good enough for the tolerances given,solution good enough for the tolerances given,4.222748e-12,2.153217e-12,1.671344e-12,1.142119e-03,8.479361e-13,8.389085e-04,6.522760e-13,1.514086e-04,4.540568e-13,1.142119e-03,8.389085e-04,1.514086e-04,2.389099e-06,2.872567e+00,8.685592e+00,1.811938e+00,1.000000e+00,1.000000e+00,false
1,1.000000e+12,0,3,CONTINUE,1.000000e+00,3.394038e-01,1.000000e-09,1.000000e-01,2.415746e-13,1.031280e+00,6.831209e-01,2.221068e+00,3.059470e-01,5.761596e+00,1.604973e+00,1.096390e+00,1.000000e+00,1.000000e+00,REACHED_FORCE,REACHED_FORCE,REACHED_FORCE,1,0,0,1,0,0,1,0,0,1.914830e-03,NaN,2.951791e-03,NaN,4.743563e-04,NaN,1.336288e-12,6.822269e-13,5.286228e-13,solution good enough for the tolerances given,solution good enough for the tolerances given,solution good enough for the tolerances given,1.336288e-12,6.822269e-13,5.286228e-13,1.914830e-03,2.675306e-13,2.951791e-03,2.079031e-13,4.743563e-04,1.436529e-13,1.914830e-03,2.951791e-03,4.743563e-04,1.343681e-06,2.872567e+00,8.685592e+00,1.811938e+00,1.000000e+00,1.000000e+00,false
1,3.162000e+12,0,3,CONTINUE,1.000000e+00,3.346422e-01,1.000000e-09,1.000000e-01,2.415746e-13,1.029854e+00,6.866421e-01,2.219023e+00,3.019316e-01,5.762404e+00,1.601733e+00,1.099817e+00,1.000000e+00,1.000000e+00,REACHED_FORCE,REACHED_FORCE,REACHED_FORCE,1,0,0,1,0,0,1,0,0,6.104038e-03,NaN,8.964345e-03,NaN,1.246073e-03,NaN,4.222646e-13,2.160043e-13,1.673496e-13,solution good enough for the tolerances given,solution good enough for the tolerances given,solution good enough for the tolerances given,4.222646e-13,2.160043e-13,1.673496e-13,6.104038e-03,8.343329e-14,8.964345e-03,6.393529e-14,1.246073e-03,4.555894e-14,6.104038e-03,8.964345e-03,1.246073e-03,7.556672e-07,2.872567e+00,8.685592e+00,1.811938e+00,1.000000e+00,1.000000e+00,false
1,1.000000e+13,0,3,CONTINUE,1.000000e+00,3.246932e-01,1.000000e-09,1.000000e-01,2.415746e-13,1.049790e+00,6.956775e-01,2.221119e+00,2.927058e-01,5.774330e+00,1.629724e+00,1.133762e+00,1.000000e+00,1.000000e+00,REACHED_FORCE,REACHED_FORCE,REACHED_FORCE,1,0,0,1,0,0,1,0,0,2.771530e-02,NaN,2.108298e-02,NaN,5.304609e-03,NaN,1.345417e-13,6.863796e-14,5.340624e-14,solution good enough for the tolerances given,solution good enough for the tolerances given,solution good enough for the tolerances given,1.345417e-13,6.863796e-14,5.340624e-14,2.771530e-02,2.629962e-14,2.108298e-02,2.040488e-14,5.304609e-03,1.450172e-14,2.771530e-02,2.108298e-02,5.304609e-03,4.248231e-07,2.872567e+00,8.685592e+00,1.811938e+00,1.000000e+00,1.000000e+00,false
1,3.162000e+13,0,3,CONTINUE,1.000000e+00,3.801228e-01,1.000000e-09,1.000000e-01,2.415746e-13,1.736937e+00,6.535726e-01,2.210101e+00,2.849419e-01,5.806842e+00,1.814131e+00,1.185667e+00,1.000000e+00,1.000000e+00,REACHED_FORCE,REACHED_FORCE,REACHED_FORCE,1,0,0,1,0,0,1,0,0,5.577957e-02,NaN,9.958705e-02,NaN,1.136523e-02,NaN,4.487276e-14,2.619379e-14,1.701650e-14,solution good enough for the tolerances given,solution good enough for the tolerances given,solution good enough for the tolerances given,4.487276e-14,2.619379e-14,1.701650e-14,5.577957e-02,7.255068e-15,9.958705e-02,7.538469e-15,1.136523e-02,4.579142e-15,5.577957e-02,9.958705e-02,1.136523e-02,2.405221e-07,2.872567e+00,8.685592e+00,1.811938e+00,1.000000e+00,1.000000e+00,false
1,1.000000e+14,0,5,CONTINUE,1.000000e+00,3.429991e-01,1.000000e-09,1.000000e-01,2.415746e-13,1.668000e+00,6.822983e-01,2.275989e+00,3.082680e-01,5.747983e+00,1.576070e+00,1.075350e+00,1.000000e+00,1.000000e+00,REACHED_FORCE,REACHED_FORCE,REACHED_FORCE,1,1,1,1,1,1,1,0,0,2.528704e-01,1.927530e-02,2.733806e-01,4.992677e-02,4.358719e-02,NaN,1.680519e-14,1.004382e-14,5.886518e-15,solution good enough for the tolerances given,solution good enough for the tolerances given,solution good enough for the tolerances given,1.680519e-14,1.004382e-14,5.886518e-15,2.528704e-01,3.174092e-15,2.733806e-01,3.117412e-15,4.358719e-02,1.615829e-15,1.927530e-02,4.992677e-02,4.358719e-02,1.332800e-07,2.872567e+00,8.685592e+00,1.811938e+00,1.000000e+00,1.000000e+00,false
1,3.162000e+14,1,7,CONTINUE,1.000000e+00,4.510394e-01,1.000000e-09,1.000000e-01,2.415746e-13,8.901802e-01,5.656145e-01,2.143530e+00,3.918397e-01,5.924297e+00,1.594302e+00,9.017602e-01,1.000000e+00,1.000000e+00,REFINE_STALLED,REFINE_STALLED,REACHED_FORCE,1,1,1,1,2,2,1,1,1,6.837909e-01,4.821515e-01,7.677030e-01,3.726313e-01,1.921011e-01,7.219329e-02,9.908960e-15,8.555808e-15,2.493558e-15,solution good enough for the tolerances given,solution good enough for the tolerances given,solution good enough for the tolerances given,9.908960e-15,8.555808e-15,2.493558e-15,6.837909e-01,2.267209e-15,7.677030e-01,3.174092e-15,1.921011e-01,6.717492e-16,4.821515e-01,2.426946e-01,7.219329e-02,7.108470e-08,2.872567e+00,8.685592e+00,1.811938e+00,1.000000e+00,1.000000e+00,false
1,1.000000e+15,1,10,CONTINUE,1.000000e+00,1.293010e+00,1.000000e-09,1.000000e-01,2.415746e-13,1.030881e-06,1.278089e-01,4.253552e+00,4.311910e-01,4.317427e+00,1.239982e+01,1.584808e+00,1.000000e+00,1.000000e+00,REFINE_STALLED,REFINE_STALLED,REFINE_STALLED,1,3,3,1,2,2,1,2,2,3.749067e+05,6.137798e+00,3.749080e+05,5.848012e+00,2.442122e+04,1.716339e-01,1.463977e-09,1.463975e-09,1.014700e-10,solution good enough for the tolerances given,solution good enough for the tolerances given,solution good enough for the tolerances given,1.463977e-09,1.463975e-09,1.014700e-10,3.749067e+05,3.794764e-10,3.749080e+05,3.933716e-10,2.442122e+04,1.744113e-11,7.475915e-01,4.014276e+00,1.716425e-01,4.248210e-05,2.872567e+00,8.685592e+00,1.811938e+00,1.000000e+00,1.000000e+00,false
1,3.162000e+15,1,11,CONTINUE,1.000000e+00,1.293020e+00,1.000000e-09,1.000000e-01,2.415746e-13,3.260221e-07,1.278065e-01,4.253577e+00,4.311722e-01,4.317504e+00,1.240009e+01,1.584811e+00,1.000000e+00,1.000000e+00,REFINE_STALLED,REFINE_STALLED,REFINE_STALLED,1,3,3,1,3,3,1,2,2,1.185471e+06,5.957602e+01,1.185471e+06,5.959103e+01,7.721990e+04,1.716215e-01,1.463976e-09,1.463975e-09,1.014700e-10,solution good enough for the tolerances given,solution good enough for the tolerances given,solution good enough for the tolerances given,1.463976e-09,1.463975e-09,1.014700e-10,1.185471e+06,4.528877e-10,1.185471e+06,3.318917e-10,7.721990e+04,1.744113e-11,7.476026e-01,4.014421e+00,1.716495e-01,4.248208e-05,2.872567e+00,8.685592e+00,1.811938e+00,1.000000e+00,1.000000e+00,false
1,1.000000e+16,1,11,CONTINUE,1.000000e+00,1.293021e+00,1.000000e-09,1.000000e-01,2.415746e-13,1.030882e-07,1.278051e-01,4.253571e+00,4.311678e-01,4.317526e+00,1.240020e+01,1.584808e+00,1.000000e+00,1.000000e+00,REFINE_STALLED,REFINE_STALLED,REFINE_STALLED,1,3,3,1,3,3,1,2,2,3.749244e+06,5.945527e+02,3.749245e+06,5.933228e+02,2.442128e+05,1.715812e-01,1.463973e-09,1.463973e-09,1.014699e-10,solution good enough for the tolerances given,solution good enough for the tolerances given,solution good enough for the tolerances given,1.463973e-09,1.463973e-09,1.014699e-10,3.749244e+06,8.511973e-10,3.749245e+06,1.013114e-09,2.442128e+05,1.744107e-11,7.476064e-01,4.014466e+00,1.716696e-01,4.248208e-05,2.872567e+00,8.685592e+00,1.811938e+00,1.000000e+00,1.000000e+00,false
1,3.162000e+16,1,11,CONTINUE,1.000000e+00,1.293022e+00,1.000000e-09,1.000000e-01,2.415746e-13,3.260221e-08,1.278044e-01,4.253565e+00,4.311670e-01,4.317534e+00,1.240023e+01,1.584805e+00,1.000000e+00,1.000000e+00,REFINE_STALLED,REFINE_STALLED,REFINE_STALLED,1,3,3,1,3,3,1,2,2,1.185651e+07,5.928564e+03,1.185651e+07,5.926326e+03,7.721969e+05,1.714537e-01,1.463973e-09,1.463973e-09,1.014698e-10,solution good enough for the tolerances given,solution good enough for the tolerances given,solution good enough for the tolerances given,1.463973e-09,1.463973e-09,1.014698e-10,1.185651e+07,2.995304e-09,1.185651e+07,2.528914e-09,7.721969e+05,1.744107e-11,7.476090e-01,4.014485e+00,1.717334e-01,4.248208e-05,2.872567e+00,8.685592e+00,1.811938e+00,1.000000e+00,1.000000e+00,false
1,1.000000e+17,1,11,CONTINUE,1.000000e+00,1.293025e+00,1.000000e-09,1.000000e-01,2.415746e-13,1.030882e-08,1.278026e-01,4.253559e+00,4.311705e-01,4.317585e+00,1.240036e+01,1.584798e+00,1.000000e+00,1.000000e+00,REFINE_STALLED,REFINE_STALLED,REFINE_STALLED,1,3,3,1,3,3,1,2,2,3.751092e+07,5.928648e+04,3.751092e+07,5.928147e+04,2.442112e+06,1.710499e-01,1.463973e-09,1.463973e-09,1.014699e-10,solution good enough for the tolerances given,solution good enough for the tolerances given,solution good enough for the tolerances given,1.463973e-09,1.463973e-09,1.014699e-10,3.751092e+07,8.867608e-09,3.751092e+07,5.330285e-09,2.442112e+06,1.744101e-11,7.476234e-01,4.014563e+00,1.719355e-01,4.248208e-05,2.872567e+00,8.685592e+00,1.811938e+00,1.000000e+00,1.000000e+00,false
1,3.162000e+17,1,11,CONTINUE,1.000000e+00,1.293108e+00,1.000000e-09,1.000000e-01,2.415746e-13,3.260221e-09,1.277852e-01,4.253414e+00,4.312638e-01,4.317983e+00,1.240121e+01,1.584690e+00,1.000000e+00,1.000000e+00,REFINE_STALLED,REFINE_STALLED,REFINE_STALLED,1,3,3,1,3,3,1,2,2,1.187500e+08,5.928990e+05,1.187500e+08,5.928862e+05,7.721992e+06,1.697735e-01,1.463973e-09,1.463973e-09,1.014698e-10,solution good enough for the tolerances given,solution good enough for the tolerances given,solution good enough for the tolerances given,1.463973e-09,1.463973e-09,1.014698e-10,1.187500e+08,1.869422e-08,1.187500e+08,2.473273e-08,7.721992e+06,1.744107e-11,7.475589e-01,4.015742e+00,1.725737e-01,4.248208e-05,2.872567e+00,8.685592e+00,1.811938e+00,1.000000e+00,1.000000e+00,false
1,1.000000e+18,1,13,CONTINUE,1.000000e+00,1.293019e+00,1.000000e-09,1.000000e-01,2.415746e-13,1.030882e-09,1.278044e-01,4.253561e+00,4.311686e-01,4.317526e+00,1.240023e+01,1.584804e+00,1.000000e+00,1.000000e+00,REFINE_STALLED,REFINE_STALLED,REFINE_STALLED,1,4,4,1,4,4,1,2,2,3.769592e+08,5.930167e+06,3.769592e+08,5.929978e+06,2.442123e+07,1.657367e-01,1.463973e-09,1.463973e-09,1.014698e-10,solution good enough for the tolerances given,solution good enough for the tolerances given,solution good enough for the tolerances given,1.463973e-09,1.463973e-09,1.014698e-10,3.769592e+08,1.023193e-07,3.769592e+08,7.576895e-08,2.442123e+07,1.744107e-11,7.475978e-01,4.014469e+00,1.745921e-01,4.248208e-05,2.872567e+00,8.685592e+00,1.811938e+00,1.000000e+00,1.000000e+00,false
2,1.000000e+00,0,9,CONTINUE,3.398148e-01,1.060451e-01,1.000000e-09,3.398148e-02,9.181874e-14,4.742486e-01,7.055193e-01,3.680969e+00,8.677336e-02,3.761060e+00,1.300950e+00,1.590732e+00,1.526261e-01,2.004206e+02,REACHED_FORCE,REACHED_FORCE,REACHED_FORCE,3,0,0,3,0,0,3,0,0,1.501285e-02,NaN,9.904327e-03,NaN,3.600666e-03,NaN,4.308970e-01,2.417455e-01,3.141875e-01,solution good enough for the tolerances given,solution good enough for the tolerances given,solution good enough for the tolerances given,5.014473e-02,1.210415e-02,1.681554e-02,7.364228e-16,1.501285e-02,9.707392e-16,9.904327e-03,2.071189e-16,3.600666e-03,1.501285e-02,9.904327e-03,3.600666e-03,1.073386e+00,1.426846e+01,1.241119e+00,2.593162e-01,1.225751e+00,8.600000e-01,false
2,3.162000e+00,0,7,CONTINUE,3.398148e-01,1.063360e-01,1.000000e-09,3.398148e-02,9.181874e-14,4.742486e-01,7.046221e-01,3.679758e+00,8.696734e-02,3.760881e+00,1.319998e+00,1.599586e+00,1.526261e-01,2.004206e+02,REACHED_FORCE,REACHED_FORCE,REACHED_FORCE,3,0,0,2,0,0,2,0,0,3.347244e-03,NaN,7.664754e-03,NaN,2.737751e-03,NaN,1.936184e-01,9.723621e-02,1.216621e-01,solution good enough for the tolerances given,solution good enough for the tolerances given,solution good enough for the tolerances given,3.511753e-03,8.117947e-03,1.221860e-02,2.945691e-15,3.347244e-03,3.037744e-15,7.664754e-03,7.531597e-16,2.737751e-03,3.347244e-03,7.664754e-03,2.737751e-03,6.831341e-01,8.085064e+00,1.241119e+00,2.593162e-01,1.225751e+00,8.600000e-01,false
2,1.000000e+01,0,6,CONTINUE,3.398148e-01,1.075099e-01,1.000000e-09,3.398148e-02,9.181874e-14,4.742486e-01,7.012986e-01,3.675857e+00,8.764287e-02,3.771610e+00,1.353786e+00,1.609499e+00,1.526261e-01,2.004206e+02,REACHED_FORCE,REACHED_FORCE,REACHED_FORCE,2,0,0,2,0,0,2,0,0,2.039025e-03,NaN,1.400735e-03,NaN,4.794690e-04,NaN,7.487087e-02,3.440080e-02,4.225203e-02,solution good enough for the tolerances given,solution good enough for the tolerances given,solution good enough for the tolerances given,5.705031e-03,1.383750e-03,1.808015e-03,9.238759e-15,2.039025e-03,1.166561e-14,1.400735e-03,2.226005e-15,4.794690e-04,2.039025e-03,1.400735e-03,4.794690e-04,3.875435e-01,4.600341e+00,1.241119e+00,2.593162e-01,1.225751e+00,8.600000e-01,false
2,3.162000e+01,0,3,CONTINUE,3.398148e-01,1.064935e-01,1.000000e-09,3.398148e-02,9.181874e-14,4.742486e-01,7.035741e-01,3.664316e+00,8.728255e-02,3.746330e+00,1.305877e+00,1.588572e+00,1.526261e-01,2.004206e+02,REACHED_FORCE,REACHED_FORCE,REACHED_FORCE,1,0,0,1,0,0,1,0,0,8.575631e-03,NaN,6.932937e-03,NaN,2.610431e-03,NaN,2.580252e-02,1.129286e-02,1.385085e-02,solution good enough for the tolerances given,solution good enough for the tolerances given,solution good enough for the tolerances given,2.580252e-02,1.129286e-02,1.385085e-02,3.581693e-14,8.575631e-03,3.541524e-14,6.932937e-03,7.832861e-15,2.610431e-03,8.575631e-03,6.932937e-03,2.610431e-03,2.185785e-01,2.879288e+00,1.241119e+00,2.593162e-01,1.225751e+00,8.600000e-01,true
2,1.000000e+02,0,3,CONTINUE,3.398148e-01,1.072491e-01,1.000000e-09,3.398148e-02,9.181874e-14,4.742486e-01,7.018214e-01,3.672050e+00,8.752881e-02,3.765035e+00,1.345035e+00,1.605709e+00,1.526261e-01,2.004206e+02,REACHED_FORCE,REACHED_FORCE,REACHED_FORCE,1,0,0,1,0,0,1,0,0,2.765089e-03,NaN,2.245433e-03,NaN,8.367581e-04,NaN,8.411341e-03,3.628721e-03,4.433686e-03,solution good enough for the tolerances given,solution good enough for the tolerances given,solution good enough for the tolerances given,8.411341e-03,3.628721e-03,4.433686e-03,1.107647e-13,2.765089e-03,1.257609e-13,2.245433e-03,1.714694e-14,8.367581e-04,2.765089e-03,2.245433e-03,8.367581e-04,1.230256e-01,2.874694e+00,1.241119e+00,2.593162e-01,1.225751e+00,8.600000e-01,false
2,3.162000e+02,0,3,CONTINUE,3.398148e-01,1.074945e-01,1.000000e-09,3.398148e-02,9.181874e-14,4.742486e-01,7.012545e-01,3.674590e+00,8.760235e-02,3.771204e+00,1.358220e+00,1.611548e+00,1.526261e-01,2.004206e+02,REACHED_FORCE,REACHED_FORCE,REACHED_FORCE,1,0,0,1,0,0,1,0,0,8.800742e-04,NaN,7.157145e-04,NaN,2.657940e-04,NaN,2.686931e-03,1.153668e-03,1.407775e-03,solution good enough for the tolerances given,solution good enough for the tolerances given,solution good enough for the tolerances given,2.686931e-03,1.153668e-03,1.407775e-03,3.044774e-13,8.800742e-04,4.567161e-13,7.157145e-04,7.502726e-14,2.657940e-04,8.800742e-04,7.157145e-04,2.657940e-04,6.920599e-02,2.873240e+00,1.241119e+00,2.593162e-01,1.225751e+00,8.600000e-01,false
2,1.000000e+03,0,3,CONTINUE,3.398148e-01,1.075728e-01,1.000000e-09,3.398148e-02,9.181874e-14,4.742486e-01,7.010738e-01,3.675404e+00,8.762512e-02,3.773182e+00,1.362476e+00,1.613441e+00,1.526261e-01,2.004206e+02,REACHED_FORCE,REACHED_FORCE,REACHED_FORCE,1,0,0,1,0,0,1,0,0,2.788480e-04,NaN,2.268762e-04,NaN,8.416157e-05,NaN,8.523396e-04,3.654059e-04,4.457045e-04,solution good enough for the tolerances given,solution good enough for the tolerances given,solution good enough for the tolerances given,8.523396e-04,3.654059e-04,4.457045e-04,1.032498e-12,2.788480e-04,9.863380e-13,2.268762e-04,2.089286e-13,8.416157e-05,2.788480e-04,2.268762e-04,8.416157e-05,3.891935e-02,2.872780e+00,1.241119e+00,2.593162e-01,1.225751e+00,8.600000e-01,false
2,3.162000e+03,0,3,CONTINUE,3.398148e-01,1.075976e-01,1.000000e-09,3.398148e-02,9.181874e-14,4.742486e-01,7.010166e-01,3.675662e+00,8.763227e-02,3.773811e+00,1.363831e+00,1.614044e+00,1.526261e-01,2.004206e+02,REACHED_FORCE,REACHED_FORCE,REACHED_FORCE,1,0,0,1,0,0,1,0,0,8.824432e-05,NaN,7.180785e-05,NaN,2.662834e-05,NaN,2.698320e-04,1.156235e-04,1.410133e-04,solution good enough for the tolerances given,solution good enough for the tolerances given,solution good enough for the tolerances given,2.698320e-04,1.156235e-04,1.410133e-04,2.746769e-12,8.824432e-05,3.851726e-12,7.180785e-05,6.340266e-13,2.662834e-05,8.824432e-05,7.180785e-05,2.662834e-05,2.188757e-02,2.872635e+00,1.241119e+00,2.593162e-01,1.225751e+00,8.600000e-01,false
2,1.000000e+04,0,3,CONTINUE,3.398148e-01,1.076055e-01,1.000000e-09,3.398148e-02,9.181874e-14,4.742486e-01,7.009985e-01,3.675744e+00,8.763453e-02,3.774010e+00,1.364260e+00,1.614235e+00,1.526261e-01,2.004206e+02,REACHED_FORCE,REACHED_FORCE,REACHED_FORCE,1,0,0,1,0,0,1,0,0,2.790858e-05,NaN,2.271135e-05,NaN,8.421062e-06,NaN,8.534841e-05,3.656636e-05,4.459410e-05,solution good enough for the tolerances given,solution good enough for the tolerances given,solution good enough for the tolerances given,8.534841e-05,3.656636e-05,4.459410e-05,1.166606e-11,2.790858e-05,1.463138e-11,2.271135e-05,2.195513e-12,8.421062e-06,2.790858e-05,2.271135e-05,8.421062e-06,1.230786e-02,2.872589e+00,1.241119e+00,2.593162e-01,1.225751e+00,8.600000e-01,false
2,3.162000e+04,0,3,CONTINUE,3.398148e-01,1.076080e-01,1.000000e-09,3.398148e-02,9.181874e-14,4.742486e-01,7.009927e-01,3.675770e+00,8.763524e-02,3.774073e+00,1.364396e+00,1.614295e+00,1.526261e-01,2.004206e+02,REACHED_FORCE,REACHED_FORCE,REACHED_FORCE,1,0,0,1,0,0,1,0,0,8.826814e-06,NaN,7.183162e-06,NaN,2.663325e-06,NaN,2.699466e-05,1.156494e-05,1.410370e-05,solution good enough for the tolerances given,solution good enough for the tolerances given,solution good enough for the tolerances given,2.699466e-05,1.156494e-05,1.410370e-05,2.791412e-11,8.826814e-06,3.647225e-11,7.183162e-06,7.293620e-12,2.663325e-06,8.826814e-06,7.183162e-06,2.663325e-06,6.921544e-03,2.872574e+00,1.241119e+00,2.593162e-01,1.225751e+00,8.600000e-01,false
2,1.000000e+05,0,3,CONTINUE,3.398148e-01,1.076088e-01,1.000000e-09,3.398148e-02,9.181874e-14,4.742486e-01,7.009909e-01,3.675778e+00,8.763547e-02,3.774092e+00,1.364439e+00,1.614315e+00,1.526261e-01,2.004206e+02,REACHED_FORCE,REACHED_FORCE,REACHED_FORCE,1,0,0,1,0,0,1,0,0,2.791096e-06,NaN,2.271373e-06,NaN,8.421552e-07,NaN,8.535988e-06,3.656895e-06,4.459647e-06,solution good enough for the tolerances given,solution good enough for the tolerances given,solution good enough for the tolerances given,8.535988e-06,3.656895e-06,4.459647e-06,1.278192e-10,2.791096e-06,1.128514e-10,2.271373e-06,2.531751e-11,8.421552e-07,2.791096e-06,2.271373e-06,8.421552e-07,3.892103e-03,2.872569e+00,1.241119e+00,2.593162e-01,1.225751e+00,8.600000e-01,false
2,3.162000e+05,0,3,CONTINUE,3.398148e-01,1.076090e-01,1.000000e-09,3.398148e-02,9.181874e-14,4.742486e-01,7.009903e-01,3.675780e+00,8.763554e-02,3.774099e+00,1.364452e+00,1.614321e+00,1.526261e-01,2.004206e+02,REACHED_FORCE,REACHED_FORCE,REACHED_FORCE,1,0,0,1,0,0,1,0,0,8.827052e-07,NaN,7.183400e-07,NaN,2.663374e-07,NaN,2.699581e-06,1.156519e-06,1.410394e-06,solution good enough for the tolerances given,solution good enough for the tolerances given,solution good enough for the tolerances given,2.699581e-06,1.156519e-06,1.410394e-06,2.369438e-10,8.827052e-07,4.436250e-10,7.183400e-07,9.960770e-11,2.663374e-07,8.827052e-07,7.183400e-07,2.663374e-07,2.188787e-03,2.872568e+00,1.241119e+00,2.593162e-01,1.225751e+00,8.600000e-01,false
2,1.000000e+06,0,3,CONTINUE,3.398148e-01,1.076091e-01,1.000000e-09,3.398148e-02,9.181874e-14,4.742486e-01,7.009902e-01,3.675781e+00,8.763556e-02,3.774101e+00,1.364457e+00,1.614323e+00,1.526261e-01,2.004206e+02,REACHED_FORCE,REACHED_FORCE,REACHED_FORCE,1,0,0,1,0,0,1,0,0,2.791120e-07,NaN,2.271397e-07,NaN,8.421602e-08,NaN,8.536103e-07,3.656920e-07,4.459671e-07,solution good enough for the tolerances given,solution good enough for the tolerances given,solution good enough for the tolerances given,8.536103e-07,3.656920e-07,4.459671e-07,1.155869e-09,2.791120e-07,1.127859e-09,2.271397e-07,2.194760e-10,8.421602e-08,2.791120e-07,2.271397e-07,8.421602e-08,1.230792e-03,2.872568e+00,1.241119e+00,2.593162e-01,1.225751e+00,8.600000e-01,false
2,3.162000e+06,0,3,CONTINUE,3.398148e-01,1.076091e-01,1.000000e-09,3.398148e-02,9.181874e-14,4.742486e-01,7.009901e-01,3.675782e+00,8.763557e-02,3.774101e+00,1.364458e+00,1.614323e+00,1.526261e-01,2.004206e+02,REACHED_FORCE,REACHED_FORCE,REACHED_FORCE,1,0,0,1,0,0,1,0,0,8.827076e-08,NaN,7.183423e-08,NaN,2.663379e-08,NaN,2.699593e-07,1.156522e-07,1.410396e-07,solution good enough for the tolerances given,solution good enough for the tolerances given,solution good enough for the tolerances given,2.699593e-07,1.156522e-07,1.410396e-07,4.180843e-09,8.827076e-08,4.432496e-09,7.183423e-08,6.783765e-10,2.663379e-08,8.827076e-08,7.183423e-08,2.663379e-08,6.921554e-04,2.872567e+00,1.241119e+00,2.593162e-01,1.225751e+00,8.600000e-01,false
2,1.000000e+07,0,3,CONTINUE,3.398148e-01,1.076091e-01,1.000000e-09,3.398148e-02,9.181874e-14,4.742486e-01,7.009901e-01,3.675782e+00,8.763557e-02,3.774102e+00,1.364458e+00,1.614323e+00,1.526261e-01,2.004206e+02,REACHED_FORCE,REACHED_FORCE,REACHED_FORCE,1,0,0,1,0,0,1,0,0,2.791122e-08,NaN,2.271399e-08,NaN,8.421607e-09,NaN,8.536114e-08,3.656923e-08,4.459673e-08,solution good enough for the tolerances given,solution good enough for the tolerances given,solution good enough for the tolerances given,8.536114e-08,3.656923e-08,4.459673e-08,1.057264e-08,2.791122e-08,1.104112e-08,2.271399e-08,2.100606e-09,8.421607e-09,2.791122e-08,2.271399e-08,8.421607e-09,3.892105e-04,2.872567e+00,1.241119e+00,2.593162e-01,1.225751e+00,8.600000e-01,false
2,3.162000e+07,0,3,CONTINUE,3.398148e-01,1.076092e-01,1.000000e-09,3.398148e-02,9.181874e-14,4.742486e-01,7.009900e-01,3.675781e+00,8.763558e-02,3.774102e+00,1.364459e+00,1.614323e+00,1.526261e-01,2.004206e+02,REACHED_FORCE,REACHED_FORCE,REACHED_FORCE,1,0,0,1,0,0,1,0,0,2.441538e-08,NaN,3.175145e-08,NaN,8.171216e-09,NaN,2.699594e-08,1.156522e-08,1.410396e-08,solution good enough for the tolerances given,solution good enough for the tolerances given,solution good enough for the tolerances given,2.699594e-08,1.156522e-08,1.410396e-08,2.441538e-08,8.827079e-09,3.175145e-08,7.183425e-09,8.171216e-09,2.663380e-09,2.441538e-08,3.175145e-08,8.171216e-09,2.188787e-04,2.872567e+00,1.241119e+00,2.593162e-01,1.225751e+00,8.600000e-01,false
2,1.000000e+08,0,3,CONTINUE,3.398148e-01,1.076091e-01,1.000000e-09,3.398148e-02,9.181874e-14,4.742486e-01,7.009901e-01,3.675781e+00,8.763558e-02,3.774102e+00,1.364458e+00,1.614323e+00,1.526261e-01,2.004206e+02,REACHED_FORCE,REACHED_FORCE,REACHED_FORCE,1,0,0,1,0,0,1,0,0,1.076025e-07,NaN,1.542765e-07,NaN,1.522825e-08,NaN,8.536113e-09,3.656923e-09,4.459673e-09,solution good enough for the tolerances given,solution good enough for the tolerances given,solution good enough for the tolerances given,8.536113e-09,3.656923e-09,4.459673e-09,1.076025e-07,2.791122e-09,1.542765e-07,2.271399e-09,1.522825e-08,8.421606e-10,1.076025e-07,1.542765e-07,1.522825e-08,1.230792e-04,2.872567e+00,1.241119e+00,2.593162e-01,1.225751e+00,8.600000e-01,false
2,3.162000e+08,0,3,CONTINUE,3.398148e-01,1.076093e-01,1.000000e-09,3.398148e-02,9.181874e-14,4.742486e-01,7.009895e-01,3.675780e+00,8.763572e-02,3.774102e+00,1.364458e+00,1.614323e+00,1.526261e-01,2.004206e+02,REACHED_FORCE,REACHED_FORCE,REACHED_FORCE,1,0,0,1,0,0,1,0,0,4.057617e-07,NaN,3.123253e-07,NaN,7.650593e-08,NaN,2.699593e-09,1.156521e-09,1.410396e-09,solution good enough for the tolerances given,solution good enough for the tolerances given,solution good enough for the tolerances given,2.699593e-09,1.156521e-09,1.410396e-09,4.057617e-07,8.827081e-10,3.123253e-07,7.183421e-10,7.650593e-08,2.663379e-10,4.057617e-07,3.123253e-07,7.650593e-08,6.921552e-05,2.872567e+00,1.241119e+00,2.593162e-01,1.225751e+00,8.600000e-01,false
2,1.000000e+09,0,3,CONTINUE,3.398148e-01,1.076092e-01,1.000000e-09,3.398148e-02,9.181874e-14,4.742485e-01,7.009898e-01,3.675781e+00,8.763561e-02,3.774103e+00,1.364456e+00,1.614322e+00,1.526261e-01,2.004206e+02,REACHED_FORCE,REACHED_FORCE,REACHED_FORCE,1,0,0,1,0,0,1,0,0,9.196034e-07,NaN,8.463532e-07,NaN,2.145625e-07,NaN,8.536103e-10,3.656908e-10,4.459670e-10,solution good enough for the tolerances given,solution good enough for the tolerances given,solution good enough for the tolerances given,8.536103e-10,3.656908e-10,4.459670e-10,9.196034e-07,2.791122e-10,8.463532e-07,2.271398e-10,2.145625e-07,8.421606e-11,9.196034e-07,8.463532e-07,2.145625e-07,3.892102e-05,2.872567e+00,1.241119e+00,2.593162e-01,1.225751e+00,8.600000e-01,false
2,3.162000e+09,0,3,CONTINUE,3.398148e-01,1.076095e-01,1.000000e-09,3.398148e-02,9.181874e-14,4.742474e-01,7.009883e-01,3.675769e+00,8.763629e-02,3.774099e+00,1.364454e+00,1.614318e+00,1.526261e-01,2.004206e+02,REACHED_FORCE,REACHED_FORCE,REACHED_FORCE,1,0,0,1,0,0,1,0,0,2.462611e-06,NaN,4.207699e-06,NaN,8.419734e-07,NaN,2.699585e-10,1.156530e-10,1.410395e-10,solution good enough for the tolerances given,solution good enough for the tolerances given,solution good enough for the tolerances given,2.699585e-10,1.156530e-10,1.410395e-10,2.462611e-06,8.827083e-11,4.207699e-06,7.183385e-11,8.419734e-07,2.663378e-11,2.462611e-06,4.207699e-06,8.419734e-07,2.188787e-05,2.872567e+00,1.241119e+00,2.593162e-01,1.225751e+00,8.600000e-01,false
2,1.000000e+10,0,3,CONTINUE,3.398148e-01,1.076161e-01,1.000000e-09,3.398148e-02,9.181874e-14,4.742478e-01,7.009714e-01,3.675754e+00,8.763892e-02,3.774081e+00,1.364461e+00,1.614323e+00,1.526261e-01,2.004206e+02,REACHED_FORCE,REACHED_FORCE,REACHED_FORCE,1,0,0,1,0,0,1,0,0,9.116039e-06,NaN,7.888621e-06,NaN,1.814155e-06,NaN,8.536049e-11,3.656849e-11,4.459644e-11,solution good enough for the tolerances given,solution good enough for the tolerances given,solution good enough for the tolerances given,8.536049e-11,3.656849e-11,4.459644e-11,9.116039e-06,2.791138e-11,7.888621e-06,2.271409e-11,1.814155e-06,8.421517e-12,9.116039e-06,7.888621e-06,1.814155e-06,1.230789e-05,2.872567e+00,1.241119e+00,2.593162e-01,1.225751e+00,8.600000e-01,false
2,3.162000e+10,0,3,CONTINUE,3.398148e-01,1.076196e-01,1.000000e-09,3.398148e-02,9.181874e-14,4.742695e-01,7.009579e-01,3.675617e+00,8.764462e-02,3.774065e+00,1.364366e+00,1.614251e+00,1.526261e-01,2.004206e+02,REACHED_FORCE,REACHED_FORCE,REACHED_FORCE,1,0,0,1,0,0,1,0,0,2.592198e-05,NaN,2.471272e-05,NaN,8.508825e-06,NaN,2.699533e-11,1.156430e-11,1.410387e-11,solution good enough for the tolerances given,solution good enough for the tolerances given,solution good enough for the tolerances given,2.699533e-11,1.156430e-11,1.410387e-11,2.592198e-05,8.827151e-12,2.471272e-05,7.182971e-12,8.508825e-06,2.663370e-12,2.592198e-05,2.471272e-05,8.508825e-06,6.921650e-06,2.872567e+00,1.241119e+00,2.593162e-01,1.225751e+00,8.600000e-01,false
2,1.000000e+11,0,3,CONTINUE,3.398148e-01,1.076372e-01,1.000000e-09,3.398148e-02,9.181874e-14,4.742578e-01,7.009027e-01,3.675344e+00,8.766491e-02,3.774149e+00,1.364076e+00,1.614133e+00,1.526261e-01,2.004206e+02,REACHED_FORCE,REACHED_FORCE,REACHED_FORCE,1,0,0,1,0,0,1,0,0,7.854977e-05,NaN,9.590512e-05,NaN,1.889179e-05,NaN,8.535352e-12,3.655628e-12,4.459252e-12,solution good enough for the tolerances given,solution good enough for the tolerances given,solution good enough for the tolerances given,8.535352e-12,3.655628e-12,4.459252e-12,7.854977e-05,2.790934e-12,9.590512e-05,2.270610e-12,1.889179e-05,8.420803e-13,7.854977e-05,9.590512e-05,1.889179e-05,3.892028e-06,2.872567e+00,1.241119e+00,2.593162e-01,1.225751e+00,8.600000e-01,false
2,3.162000e+11,0,3,CONTINUE,3.398148e-01,1.076937e-01,1.000000e-09,3.398148e-02,9.181874e-14,4.742253e-01,7.007118e-01,3.674758e+00,8.775471e-02,3.773944e+00,1.363625e+00,1.613757e+00,1.526261e-01,2.004206e+02,REACHED_FORCE,REACHED_FORCE,REACHED_FORCE,1,0,0,1,0,0,1,0,0,2.928187e-04,NaN,2.650636e-04,NaN,6.287542e-05,NaN,2.698996e-12,1.155568e-12,1.409874e-12,solution good enough for the tolerances given,solution good enough for the tolerances given,solution good enough for the tolerances given,2.698996e-12,1.155568e-12,1.409874e-12,2.928187e-04,8.823977e-13,2.650636e-04,7.179684e-13,6.287542e-05,2.662660e-13,2.928187e-04,2.650636e-04,6.287542e-05,2.188189e-06,2.872567e+00,1.241119e+00,2.593162e-01,1.225751e+00,8.600000e-01,false
2,1.000000e+12,0,3,CONTINUE,3.398148e-01,1.078451e-01,1.000000e-09,3.398148e-02,9.181874e-14,4.743128e-01,7.001314e-01,3.670746e+00,8.797894e-02,3.772106e+00,1.358817e+00,1.610407e+00,1.526261e-01,2.004206e+02,REACHED_FORCE,REACHED_FORCE,REACHED_FORCE,1,0,0,1,0,0,1,0,0,1.002055e-03,NaN,1.517700e-03,NaN,2.166907e-04,NaN,8.519520e-13,3.651088e-13,4.455643e-13,solution good enough for the tolerances given,solution good enough for the tolerances given,solution good enough for the tolerances given,8.519520e-13,3.651088e-13,4.455643e-13,1.002055e-03,2.790934e-13,1.517700e-03,2.258140e-13,2.166907e-04,8.419670e-14,1.002055e-03,1.517700e-03,2.166907e-04,1.231669e-06,2.872567e+00,1.241119e+00,2.593162e-01,1.225751e+00,8.600000e-01,false
2,3.162000e+12,0,3,CONTINUE,3.398148e-01,1.092195e-01,1.000000e-09,3.398148e-02,9.181874e-14,4.739728e-01,6.960983e-01,3.660266e+00,8.901796e-02,3.767228e+00,1.355167e+00,1.609308e+00,1.526261e-01,2.004206e+02,REACHED_FORCE,REACHED_FORCE,REACHED_FORCE,1,0,0,1,0,0,1,0,0,2.863132e-03,NaN,3.484246e-03,NaN,5.856308e-04,NaN,2.691498e-13,1.148966e-13,1.405389e-13,solution good enough for the tolerances given,solution good enough for the tolerances given,solution good enough for the tolerances given,2.691498e-13,1.148966e-13,1.405389e-13,2.863132e-03,8.751426e-14,3.484246e-03,7.068024e-14,5.856308e-04,2.655468e-14,2.863132e-03,3.484246e-03,5.856308e-04,6.925434e-07,2.872567e+00,1.241119e+00,2.593162e-01,1.225751e+00,8.600000e-01,false
2,1.000000e+13,0,3,CONTINUE,3.398148e-01,1.143617e-01,1.000000e-09,3.398148e-02,9.181874e-14,4.740631e-01,6.801830e-01,3.588926e+00,9.455350e-02,3.768126e+00,1.344005e+00,1.584794e+00,1.526261e-01,2.004206e+02,REACHED_FORCE,REACHED_FORCE,REACHED_FORCE,1,0,0,1,0,0,1,0,0,1.188237e-02,NaN,1.518205e-02,NaN,1.977116e-03,NaN,8.420973e-14,3.589431e-14,4.452250e-14,solution good enough for the tolerances given,solution good enough for the tolerances given,solution good enough for the tolerances given,8.420973e-14,3.589431e-14,4.452250e-14,1.188237e-02,2.788667e-14,1.518205e-02,2.227533e-14,1.977116e-03,8.349705e-15,1.188237e-02,1.518205e-02,1.977116e-03,3.908538e-07,2.872567e+00,1.241119e+00,2.593162e-01,1.225751e+00,8.600000e-01,false
2,3.162000e+13,0,4,CONTINUE,3.398148e-01,1.083343e-01,1.000000e-09,3.398148e-02,9.181874e-14,5.104976e-01,6.997283e-01,3.676499e+00,8.296074e-02,3.766447e+00,1.335102e+00,1.606681e+00,1.526261e-01,2.004206e+02,REACHED_FORCE,REACHED_FORCE,REACHED_FORCE,1,0,0,1,1,1,1,0,0,2.229563e-02,NaN,4.218680e-02,1.011896e-03,9.961647e-03,NaN,2.629362e-14,1.129437e-14,1.369946e-14,solution good enough for the tolerances given,solution good enough for the tolerances given,solution good enough for the tolerances given,2.629362e-14,1.129437e-14,1.369946e-14,2.229563e-02,9.295556e-15,4.218680e-02,7.425109e-15,9.961647e-03,2.601976e-15,2.229563e-02,1.011896e-03,9.961647e-03,2.210199e-07,2.872567e+00,1.241119e+00,2.593162e-01,1.225751e+00,8.600000e-01,false
2,1.000000e+14,0,5,CONTINUE,3.398148e-01,1.146349e-01,1.000000e-09,3.398148e-02,9.181874e-14,6.004800e-01,6.855243e-01,3.694652e+00,9.013014e-02,3.708083e+00,1.475834e+00,1.657034e+00,1.526261e-01,2.004206e+02,REACHED_FORCE,REACHED_FORCE,REACHED_FORCE,1,1,1,1,1,1,1,0,0,1.269831e-01,1.008725e-02,1.224809e-01,1.548760e-02,2.203574e-02,NaN,9.071505e-15,4.970686e-15,4.449124e-15,solution good enough for the tolerances given,solution good enough for the tolerances given,solution good enough for the tolerances given,9.071505e-15,4.970686e-15,4.449124e-15,1.269831e-01,3.174092e-15,1.224809e-01,3.174092e-15,2.203574e-02,8.785434e-16,1.008725e-02,1.548760e-02,2.203574e-02,1.264405e-07,2.872567e+00,1.241119e+00,2.593162e-01,1.225751e+00,8.600000e-01,false
2,3.162000e+14,1,8,CONTINUE,3.398148e-01,1.384866e-01,1.000000e-09,3.398148e-02,9.181874e-14,8.378167e-01,5.571085e-01,2.679880e+00,1.480584e-01,4.006816e+00,8.419267e-01,1.263189e+00,1.526261e-01,2.004206e+02,REFINE_STALLED,REFINE_STALLED,REFINE_STALLED,1,2,2,1,2,2,1,1,1,3.434657e-01,1.549138e-01,4.887289e-01,1.594466e-01,8.443742e-02,4.722963e-02,3.444873e-15,3.207157e-15,1.174255e-15,solution good enough for the tolerances given,solution good enough for the tolerances given,solution good enough for the tolerances given,3.444873e-15,3.207157e-15,1.174255e-15,3.434657e-01,1.133604e-15,4.887289e-01,5.668022e-16,8.443742e-02,3.117412e-16,1.496236e-01,1.592399e-01,4.722963e-02,7.884953e-08,2.872567e+00,1.241119e+00,2.593162e-01,1.225751e+00,8.600000e-01,false
2,1.000000e+15,1,10,CONTINUE,3.398148e-01,3.733296e-01,1.000000e-09,3.398148e-02,9.181874e-14,1.030875e-06,9.213398e-04,2.689159e+00,2.680300e-01,1.255498e+02,1.041116e+03,1.533507e+00,1.526261e-01,2.004206e+02,REFINE_STALLED,REFINE_STALLED,REFINE_STALLED,1,3,3,1,2,2,1,2,2,4.616792e+05,7.198886e+01,4.613719e+05,3.782362e+02,2.442120e+04,9.315205e-01,4.651078e-10,4.657993e-10,1.014708e-10,solution good enough for the tolerances given,solution good enough for the tolerances given,solution good enough for the tolerances given,4.651078e-10,4.657993e-10,1.014708e-10,4.616792e+05,1.183832e-10,4.613719e+05,1.191826e-10,2.442120e+04,1.744135e-11,1.470795e+01,3.215952e+02,9.314621e-01,4.248235e-05,2.872567e+00,1.241119e+00,2.593162e-01,1.225751e+00,8.600000e-01,false
2,3.162000e+15,1,10,CONTINUE,3.398148e-01,3.733282e-01,1.000000e-09,3.398148e-02,9.181874e-14,3.260216e-07,9.211613e-04,2.689137e+00,2.680318e-01,1.255685e+02,1.041277e+03,1.533478e+00,1.526261e-01,2.004206e+02,REFINE_STALLED,REFINE_STALLED,REFINE_STALLED,1,3,3,1,2,2,1,2,2,1.459810e+06,8.465384e+01,1.459511e+06,3.920647e+02,7.721957e+04,9.316001e-01,4.651025e-10,4.653213e-10,1.014702e-10,solution good enough for the tolerances given,solution good enough for the tolerances given,solution good enough for the tolerances given,4.651025e-10,4.653213e-10,1.014702e-10,1.459810e+06,2.187597e-10,1.459511e+06,1.302985e-10,7.721957e+04,1.744118e-11,1.470922e+01,3.216478e+02,9.316032e-01,4.248216e-05,2.872567e+00,1.241119e+00,2.593162e-01,1.225751e+00,8.600000e-01,false
2,1.000000e+16,1,10,CONTINUE,3.398148e-01,3.733279e-01,1.000000e-09,3.398148e-02,9.181874e-14,1.030881e-07,9.210814e-04,2.689123e+00,2.680328e-01,1.255758e+02,1.041349e+03,1.533473e+00,1.526261e-01,2.004206e+02,REFINE_STALLED,REFINE_STALLED,REFINE_STALLED,1,3,3,1,2,2,1,2,2,4.616798e+06,3.105660e+02,4.616491e+06,4.848028e+02,2.442106e+05,9.315963e-01,4.651021e-10,4.651704e-10,1.014700e-10,solution good enough for the tolerances given,solution good enough for the tolerances given,solution good enough for the tolerances given,4.651021e-10,4.651704e-10,1.014700e-10,4.616798e+06,5.088182e-10,4.616491e+06,7.809972e-10,2.442106e+05,1.744110e-11,1.470977e+01,3.216686e+02,9.316666e-01,4.248211e-05,2.872567e+00,1.241119e+00,2.593162e-01,1.225751e+00,8.600000e-01,false
2,3.162000e+16,1,11,CONTINUE,3.398148e-01,3.733278e-01,1.000000e-09,3.398148e-02,9.181874e-14,3.260222e-08,9.210904e-04,2.689133e+00,2.680320e-01,1.255770e+02,1.041351e+03,1.533470e+00,1.526261e-01,2.004206e+02,REFINE_STALLED,REFINE_STALLED,REFINE_STALLED,1,3,3,1,3,3,1,2,2,1.459894e+07,2.985696e+03,1.459868e+07,3.109499e+03,7.721952e+05,9.314889e-01,4.651002e-10,4.651224e-10,1.014699e-10,solution good enough for the tolerances given,solution good enough for the tolerances given,solution good enough for the tolerances given,4.651002e-10,4.651224e-10,1.014699e-10,1.459894e+07,6.936827e-10,1.459868e+07,1.778305e-09,7.721952e+05,1.744110e-11,1.470984e+01,3.216730e+02,9.317352e-01,4.248209e-05,2.872567e+00,1.241119e+00,2.593162e-01,1.225751e+00,8.600000e-01,false
2,1.000000e+17,1,11,CONTINUE,3.398148e-01,3.733279e-01,1.000000e-09,3.398148e-02,9.181874e-14,1.030882e-08,9.210843e-04,2.689133e+00,2.680319e-01,1.255781e+02,1.041359e+03,1.533470e+00,1.526261e-01,2.004206e+02,REFINE_STALLED,REFINE_STALLED,REFINE_STALLED,1,3,3,1,3,3,1,2,2,4.617704e+07,2.979240e+04,4.617692e+07,2.990084e+04,2.442117e+06,9.311350e-01,4.651004e-10,4.651084e-10,1.014699e-10,solution good enough for the tolerances given,solution good enough for the tolerances given,solution good enough for the tolerances given,4.651004e-10,4.651084e-10,1.014699e-10,4.617704e+07,4.368032e-09,4.617692e+07,5.662598e-09,2.442117e+06,1.744110e-11,1.470986e+01,3.216753e+02,9.319177e-01,4.248208e-05,2.872567e+00,1.241119e+00,2.593162e-01,1.225751e+00,8.600000e-01,false
2,3.162000e+17,1,11,CONTINUE,3.398148e-01,3.733276e-01,1.000000e-09,3.398148e-02,9.181874e-14,3.260222e-09,9.210861e-04,2.689128e+00,2.680332e-01,1.255764e+02,1.041348e+03,1.533467e+00,1.526261e-01,2.004206e+02,REFINE_STALLED,REFINE_STALLED,REFINE_STALLED,1,3,3,1,3,3,1,2,2,1.460825e+08,2.977632e+05,1.460827e+08,2.978132e+05,7.721959e+06,9.300081e-01,4.651003e-10,4.651030e-10,1.014699e-10,solution good enough for the tolerances given,solution good enough for the tolerances given,solution good enough for the tolerances given,4.651003e-10,4.651030e-10,1.014699e-10,1.460825e+08,1.861803e-08,1.460827e+08,2.043274e-08,7.721959e+06,1.744107e-11,1.470945e+01,3.216701e+02,9.324830e-01,4.248208e-05,2.872567e+00,1.241119e+00,2.593162e-01,1.225751e+00,8.600000e-01,false
2,1.000000e+18,1,11,CONTINUE,3.398148e-01,3.733172e-01,1.000000e-09,3.398148e-02,9.181874e-14,1.030882e-09,9.207923e-04,2.688962e+00,2.680539e-01,1.255719e+02,1.041805e+03,1.533551e+00,1.526261e-01,2.004206e+02,REFINE_STALLED,REFINE_STALLED,REFINE_STALLED,1,3,3,1,3,3,1,2,2,4.626985e+08,2.976449e+06,4.626976e+08,2.976205e+06,2.442123e+07,9.264387e-01,4.651002e-10,4.651003e-10,1.014698e-10,solution good enough for the tolerances given,solution good enough for the tolerances given,solution good enough for the tolerances given,4.651002e-10,4.651003e-10,1.014698e-10,4.626985e+08,5.510786e-08,4.626976e+08,5.691015e-08,2.442123e+07,1.744107e-11,1.469593e+01,3.217738e+02,9.342683e-01,4.248208e-05,2.872567e+00,1.241119e+00,2.593162e-01,1.225751e+00,8.600000e-01,false
3,1.000000e+00,0,16,CONTINUE,1.064935e-01,3.758976e-02,1.000000e-09,1.064935e-02,4.296320e-14,1.252585e-01,6.733305e-01,4.515561e+00,2.367746e-02,8.062942e-01,1.504950e+00,1.353015e+00,1.424851e-01,2.190930e+02,REACHED_FORCE,REACHED_FORCE,REACHED_FORCE,5,0,0,4,3,1,4,0,0,5.313115e-03,NaN,1.143221e-02,2.211643e-03,5.528699e-03,NaN,3.213924e-01,2.387601e-01,1.644104e-01,solution good enough for the tolerances given,solution good enough for the tolerances given,solution good enough for the tolerances given,1.449379e-02,1.766957e-02,1.704366e-02,4.351590e-16,5.313115e-03,5.355803e-16,1.143221e-02,1.506319e-16,5.528699e-03,5.313115e-03,2.211643e-03,5.528699e-03,1.116964e+00,1.494225e+01,2.239622e-01,4.655682e-02,2.499420e+00,6.200000e-01,false
3,3.162000e+00,0,9,CONTINUE,1.064935e-01,3.942370e-02,1.000000e-09,1.064935e-02,4.296320e-14,1.252577e-01,6.558090e-01,4.471717e+00,2.563479e-02,8.023996e-01,1.466650e+00,1.341947e+00,1.424851e-01,2.190930e+02,REACHED_FORCE,REACHED_FORCE,REACHED_FORCE,3,0,0,3,0,0,3,0,0,3.434614e-03,NaN,3.388889e-03,NaN,1.943190e-03,NaN,1.404579e-01,1.268615e-01,7.395490e-02,solution good enough for the tolerances given,solution good enough for the tolerances given,solution good enough for the tolerances given,1.176116e-02,9.097620e-03,7.651275e-03,8.033704e-16,3.434614e-03,7.950019e-16,3.388889e-03,3.347377e-16,1.943190e-03,3.434614e-03,3.388889e-03,1.943190e-03,6.887825e-01,8.526940e+00,2.239622e-01,4.655682e-02,2.499420e+00,6.200000e-01,false
3,1.000000e+01,0,6,CONTINUE,1.064935e-01,3.941468e-02,1.000000e-09,1.064935e-02,4.296320e-14,1.252577e-01,6.548990e-01,4.468179e+00,2.585282e-02,8.102282e-01,1.454070e+00,1.336024e+00,1.424851e-01,2.190930e+02,REACHED_FORCE,REACHED_FORCE,REACHED_FORCE,2,0,0,2,0,0,2,0,0,3.297550e-03,NaN,3.850147e-03,NaN,1.539720e-03,NaN,5.323213e-02,5.481731e-02,2.915695e-02,solution good enough for the tolerances given,solution good enough for the tolerances given,solution good enough for the tolerances given,7.487788e-03,6.194278e-03,5.266283e-03,3.347377e-15,3.297550e-03,2.661164e-15,3.850147e-03,1.749004e-15,1.539720e-03,3.297550e-03,3.850147e-03,1.539720e-03,3.891949e-01,4.951770e+00,2.239622e-01,4.655682e-02,2.499420e+00,6.200000e-01,false
3,3.162000e+01,0,5,CONTINUE,1.064935e-01,3.903620e-02,1.000000e-09,1.064935e-02,4.296320e-14,1.252577e-01,6.581779e-01,4.495540e+00,2.525415e-02,8.131927e-01,1.480891e+00,1.343809e+00,1.424851e-01,2.190930e+02,REACHED_FORCE,REACHED_FORCE,REACHED_FORCE,2,0,0,2,0,0,1,0,0,1.899200e-03,NaN,3.011118e-03,NaN,2.119171e-03,NaN,1.862033e-02,1.978150e-02,1.057394e-02,solution good enough for the tolerances given,solution good enough for the tolerances given,solution good enough for the tolerances given,1.383812e-03,1.009503e-03,1.057394e-02,7.389334e-15,1.899200e-03,8.560916e-15,3.011118e-03,4.719801e-15,2.119171e-03,1.899200e-03,3.011118e-03,2.119171e-03,2.192121e-01,2.948484e+00,2.239622e-01,4.655682e-02,2.499420e+00,6.200000e-01,false
3,1.000000e+02,0,3,CONTINUE,1.064935e-01,3.853156e-02,1.000000e-09,1.064935e-02,4.296320e-14,1.252577e-01,6.632179e-01,4.492571e+00,2.495422e-02,8.118370e-01,1.491140e+00,1.339338e+00,1.424851e-01,2.190930e+02,REACHED_FORCE,REACHED_FORCE,REACHED_FORCE,1,0,0,1,0,0,1,0,0,1.825977e-03,NaN,2.069423e-03,NaN,7.740148e-04,NaN,6.165883e-03,6.698565e-03,3.567494e-03,solution good enough for the tolerances given,solution good enough for the tolerances given,solution good enough for the tolerances given,6.165883e-03,6.698565e-03,3.567494e-03,3.012639e-14,1.825977e-03,3.585040e-14,2.069423e-03,1.141455e-14,7.740148e-04,1.825977e-03,2.069423e-03,7.740148e-04,1.233279e-01,2.873891e+00,2.239622e-01,4.655682e-02,2.499420e+00,6.200000e-01,true
3,3.162000e+02,0,3,CONTINUE,1.064935e-01,3.838714e-02,1.000000e-09,1.064935e-02,4.296320e-14,1.252577e-01,6.647123e-01,4.489582e+00,2.477490e-02,8.074214e-01,1.521089e+00,1.340647e+00,1.424851e-01,2.190930e+02,REACHED_FORCE,REACHED_FORCE,REACHED_FORCE,1,0,0,1,0,0,1,0,0,5.854592e-04,NaN,6.538761e-04,NaN,2.574594e-04,NaN,1.983702e-03,2.147868e-03,1.155877e-03,solution good enough for the tolerances given,solution good enough for the tolerances given,solution good enough for the tolerances given,1.983702e-03,2.147868e-03,1.155877e-03,7.658798e-14,5.854592e-04,8.155883e-14,6.538761e-04,3.919778e-14,2.574594e-04,5.854592e-04,6.538761e-04,2.574594e-04,6.936634e-02,2.872986e+00,2.239622e-01,4.655682e-02,2.499420e+00,6.200000e-01,false
3,1.000000e+03,0,3,CONTINUE,1.064935e-01,3.833396e-02,1.000000e-09,1.064935e-02,4.296320e-14,1.252577e-01,6.652522e-01,4.488698e+00,2.471099e-02,8.060216e-01,1.531170e+00,1.341251e+00,1.424851e-01,2.190930e+02,REACHED_FORCE,REACHED_FORCE,REACHED_FORCE,1,0,0,1,0,0,1,0,0,1.859670e-04,NaN,2.066712e-04,NaN,8.276560e-05,NaN,6.308559e-04,6.821655e-04,3.684632e-04,solution good enough for the tolerances given,solution good enough for the tolerances given,solution good enough for the tolerances given,6.308559e-04,6.821655e-04,3.684632e-04,2.609615e-13,1.859670e-04,2.537311e-13,2.066712e-04,1.036850e-13,8.276560e-05,1.859670e-04,2.066712e-04,8.276560e-05,3.900779e-02,2.872700e+00,2.239622e-01,4.655682e-02,2.499420e+00,6.200000e-01,false
3,3.162000e+03,0,3,CONTINUE,1.064935e-01,3.831633e-02,1.000000e-09,1.064935e-02,4.296320e-14,1.252577e-01,6.654302e-01,4.488425e+00,2.469000e-02,8.055788e-01,1.534423e+00,1.341463e+00,1.424851e-01,2.190930e+02,REACHED_FORCE,REACHED_FORCE,REACHED_FORCE,1,0,0,1,0,0,1,0,0,5.889912e-05,NaN,6.535160e-05,NaN,2.631381e-05,NaN,1.998808e-04,2.160417e-04,1.168332e-04,solution good enough for the tolerances given,solution good enough for the tolerances given,solution good enough for the tolerances given,1.998808e-04,2.160417e-04,1.168332e-04,9.210139e-13,5.889912e-05,9.301021e-13,6.535160e-05,3.313401e-13,2.631381e-05,5.889912e-05,6.535160e-05,2.631381e-05,2.193700e-02,2.872609e+00,2.239622e-01,4.655682e-02,2.499420e+00,6.200000e-01,false
3,1.000000e+04,0,3,CONTINUE,1.064935e-01,3.831067e-02,1.000000e-09,1.064935e-02,4.296320e-14,1.252577e-01,6.654873e-01,4.488340e+00,2.468329e-02,8.054387e-01,1.535459e+00,1.341532e+00,1.424851e-01,2.190930e+02,REACHED_FORCE,REACHED_FORCE,REACHED_FORCE,1,0,0,1,0,0,1,0,0,1.863256e-05,NaN,2.066322e-05,NaN,8.334400e-06,NaN,6.323950e-05,6.834278e-05,3.697338e-05,solution good enough for the tolerances given,solution good enough for the tolerances given,solution good enough for the tolerances given,6.323950e-05,6.834278e-05,3.697338e-05,3.261081e-12,1.863256e-05,2.285137e-12,2.066322e-05,1.792836e-12,8.334400e-06,1.863256e-05,2.066322e-05,8.334400e-06,1.233560e-02,2.872581e+00,2.239622e-01,4.655682e-02,2.499420e+00,6.200000e-01,false
3,3.162000e+04,0,3,CONTINUE,1.064935e-01,3.830887e-02,1.000000e-09,1.064935e-02,4.296320e-14,1.252577e-01,6.655054e-01,4.488313e+00,2.468115e-02,8.053944e-01,1.535787e+00,1.341555e+00,1.424851e-01,2.190930e+02,REACHED_FORCE,REACHED_FORCE,REACHED_FORCE,1,0,0,1,0,0,1,0,0,5.893517e-06,NaN,6.534759e-06,NaN,2.637201e-06,NaN,2.000357e-05,2.161682e-05,1.169611e-05,solution good enough for the tolerances given,solution good enough for the tolerances given,solution good enough for the tolerances given,2.000357e-05,2.161682e-05,1.169611e-05,8.292121e-12,5.893517e-06,9.596795e-12,6.534759e-06,4.380578e-12,2.637201e-06,5.893517e-06,6.534759e-06,2.637201e-06,6.937134e-03,2.872572e+00,2.239622e-01,4.655682e-02,2.499420e+00,6.200000e-01,false
3,1.000000e+05,0,3,CONTINUE,1.064935e-01,3.830830e-02,1.000000e-09,1.064935e-02,4.296320e-14,1.252577e-01,6.655111e-01,4.488304e+00,2.468048e-02,8.053804e-01,1.535891e+00,1.341562e+00,1.424851e-01,2.190930e+02,REACHED_FORCE,REACHED_FORCE,REACHED_FORCE,1,0,0,1,0,0,1,0,0,1.863617e-06,NaN,2.066281e-06,NaN,8.340230e-07,NaN,6.325501e-06,6.835543e-06,3.698619e-06,solution good enough for the tolerances given,solution good enough for the tolerances given,solution good enough for the tolerances given,6.325501e-06,6.835543e-06,3.698619e-06,3.214323e-11,1.863617e-06,4.338602e-11,2.066281e-06,1.046795e-11,8.340230e-07,1.863617e-06,2.066281e-06,8.340230e-07,3.900868e-03,2.872569e+00,2.239622e-01,4.655682e-02,2.499420e+00,6.200000e-01,false
3,3.162000e+05,0,3,CONTINUE,1.064935e-01,3.830812e-02,1.000000e-09,1.064935e-02,4.296320e-14,1.252577e-01,6.655129e-01,4.488301e+00,2.468027e-02,8.053760e-01,1.535924e+00,1.341564e+00,1.424851e-01,2.190930e+02,REACHED_FORCE,REACHED_FORCE,REACHED_FORCE,1,0,0,1,0,0,1,0,0,5.893878e-07,NaN,6.534719e-07,NaN,2.637784e-07,NaN,2.000512e-06,2.161809e-06,1.169740e-06,solution good enough for the tolerances given,solution good enough for the tolerances given,solution good enough for the tolerances given,2.000512e-06,2.161809e-06,1.169740e-06,7.039439e-11,5.893878e-07,1.113513e-10,6.534719e-07,7.851275e-11,2.637784e-07,5.893878e-07,6.534719e-07,2.637784e-07,2.193716e-03,2.872568e+00,2.239622e-01,4.655682e-02,2.499420e+00,6.200000e-01,false
3,1.000000e+06,0,3,CONTINUE,1.064935e-01,3.830806e-02,1.000000e-09,1.064935e-02,4.296320e-14,1.252577e-01,6.655135e-01,4.488301e+00,2.468020e-02,8.053746e-01,1.535934e+00,1.341565e+00,1.424851e-01,2.190930e+02,REACHED_FORCE,REACHED_FORCE,REACHED_FORCE,1,0,0,1,0,0,1,0,0,1.863653e-07,NaN,2.066277e-07,NaN,8.340813e-08,NaN,6.325656e-07,6.835670e-07,3.698748e-07,solution good enough for the tolerances given,solution good enough for the tolerances given,solution good enough for the tolerances given,6.325656e-07,6.835670e-07,3.698748e-07,2.816441e-10,1.863653e-07,3.697848e-10,2.066277e-07,1.943458e-10,8.340813e-08,1.863653e-07,2.066277e-07,8.340813e-08,1.233563e-03,2.872567e+00,2.239622e-01,4.655682e-02,2.499420e+00,6.200000e-01,false
3,3.162000e+06,0,3,CONTINUE,1.064935e-01,3.830804e-02,1.000000e-09,1.064935e-02,4.296320e-14,1.252577e-01,6.655137e-01,4.488300e+00,2.468018e-02,8.053742e-01,1.535937e+00,1.341565e+00,1.424851e-01,2.190930e+02,REACHED_FORCE,REACHED_FORCE,REACHED_FORCE,1,0,0,1,0,0,1,0,0,5.893914e-08,NaN,6.534715e-08,NaN,2.637842e-08,NaN,2.000528e-07,2.161821e-07,1.169752e-07,solution good enough for the tolerances given,solution good enough for the tolerances given,solution good enough for the tolerances given,2.000528e-07,2.161821e-07,1.169752e-07,1.050671e-09,5.893914e-08,1.085514e-09,6.534715e-08,6.519597e-10,2.637842e-08,5.893914e-08,6.534715e-08,2.637842e-08,6.937139e-04,2.872567e+00,2.239622e-01,4.655682e-02,2.499420e+00,6.200000e-01,false
3,1.000000e+07,0,3,CONTINUE,1.064935e-01,3.830804e-02,1.000000e-09,1.064935e-02,4.296320e-14,1.252577e-01,6.655138e-01,4.488300e+00,2.468017e-02,8.053740e-01,1.535938e+00,1.341565e+00,1.424851e-01,2.190930e+02,REACHED_FORCE,REACHED_FORCE,REACHED_FORCE,1,0,0,1,0,0,1,0,0,1.863656e-08,NaN,2.066277e-08,NaN,8.340872e-09,NaN,6.325672e-08,6.835682e-08,3.698761e-08,solution good enough for the tolerances given,solution good enough for the tolerances given,solution good enough for the tolerances given,6.325672e-08,6.835682e-08,3.698761e-08,2.993977e-09,1.863656e-08,3.548432e-09,2.066277e-08,2.086628e-09,8.340872e-09,1.863656e-08,2.066277e-08,8.340872e-09,3.900869e-04,2.872567e+00,2.239622e-01,4.655682e-02,2.499420e+00,6.200000e-01,false
3,3.162000e+07,0,3,CONTINUE,1.064935e-01,3.830803e-02,1.000000e-09,1.064935e-02,4.296320e-14,1.252577e-01,6.655138e-01,4.488300e+00,2.468017e-02,8.053740e-01,1.535939e+00,1.341565e+00,1.424851e-01,2.190930e+02,REACHED_FORCE,REACHED_FORCE,REACHED_FORCE,1,0,0,1,0,0,1,0,0,1.008355e-08,NaN,6.857545e-09,NaN,4.753599e-09,NaN,2.000529e-08,2.161823e-08,1.169754e-08,solution good enough for the tolerances given,solution good enough for the tolerances given,solution good enough for the tolerances given,2.000529e-08,2.161823e-08,1.169754e-08,1.008355e-08,5.893918e-09,6.857545e-09,6.534714e-09,4.753599e-09,2.637848e-09,1.008355e-08,6.857545e-09,4.753599e-09,2.193716e-04,2.872567e+00,2.239622e-01,4.655682e-02,2.499420e+00,6.200000e-01,false
3,1.000000e+08,0,3,CONTINUE,1.064935e-01,3.830803e-02,1.000000e-09,1.064935e-02,4.296320e-14,1.252577e-01,6.655138e-01,4.488300e+00,2.468017e-02,8.053740e-01,1.535939e+00,1.341565e+00,1.424851e-01,2.190930e+02,REACHED_FORCE,REACHED_FORCE,REACHED_FORCE,1,0,0,1,0,0,1,0,0,2.886628e-08,NaN,4.149725e-08,NaN,1.309569e-08,NaN,6.325673e-09,6.835683e-09,3.698762e-09,solution good enough for the tolerances given,solution good enough for the tolerances given,solution good enough for the tolerances given,6.325673e-09,6.835683e-09,3.698762e-09,2.886628e-08,1.863657e-09,4.149725e-08,2.066277e-09,1.309569e-08,8.340878e-10,2.886628e-08,4.149725e-08,1.309569e-08,1.233563e-04,2.872567e+00,2.239622e-01,4.655682e-02,2.499420e+00,6.200000e-01,false
3,3.162000e+08,0,3,CONTINUE,1.064935e-01,3.830803e-02,1.000000e-09,1.064935e-02,4.296320e-14,1.252577e-01,6.655138e-01,4.488301e+00,2.468016e-02,8.053738e-01,1.535939e+00,1.341565e+00,1.424851e-01,2.190930e+02,REACHED_FORCE,REACHED_FORCE,REACHED_FORCE,1,0,0,1,0,0,1,0,0,6.394571e-08,NaN,9.047015e-08,NaN,4.067083e-08,NaN,2.000529e-09,2.161823e-09,1.169754e-09,solution good enough for the tolerances given,solution good enough for the tolerances given,solution good enough for the tolerances given,2.000529e-09,2.161823e-09,1.169754e-09,6.394571e-08,5.893916e-10,9.047015e-08,6.534715e-10,4.067083e-08,2.637850e-10,6.394571e-08,9.047015e-08,4.067083e-08,6.937138e-05,2.872567e+00,2.239622e-01,4.655682e-02,2.499420e+00,6.200000e-01,false
3,1.000000e+09,0,3,CONTINUE,1.064935e-01,3.830802e-02,1.000000e-09,1.064935e-02,4.296320e-14,1.252577e-01,6.655141e-01,4.488302e+00,2.468014e-02,8.053733e-01,1.535938e+00,1.341565e+00,1.424851e-01,2.190930e+02,REACHED_FORCE,REACHED_FORCE,REACHED_FORCE,1,0,0,1,0,0,1,0,0,2.990552e-07,NaN,2.814224e-07,NaN,1.853084e-07,NaN,6.325665e-10,6.835681e-10,3.698760e-10,solution good enough for the tolerances given,solution good enough for the tolerances given,solution good enough for the tolerances given,6.325665e-10,6.835681e-10,3.698760e-10,2.990552e-07,1.863656e-10,2.814224e-07,2.066277e-10,1.853084e-07,8.340874e-11,2.990552e-07,2.814224e-07,1.853084e-07,3.900870e-05,2.872567e+00,2.239622e-01,4.655682e-02,2.499420e+00,6.200000e-01,false
3,3.162000e+09,0,3,CONTINUE,1.064935e-01,3.830791e-02,1.000000e-09,1.064935e-02,4.296320e-14,1.252576e-01,6.655149e-01,4.488304e+00,2.468005e-02,8.053715e-01,1.535939e+00,1.341566e+00,1.424851e-01,2.190930e+02,REACHED_FORCE,REACHED_FORCE,REACHED_FORCE,1,0,0,1,0,0,1,0,0,6.761064e-07,NaN,1.140785e-06,NaN,3.464605e-07,NaN,2.000522e-10,2.161826e-10,1.169754e-10,solution good enough for the tolerances given,solution good enough for the tolerances given,solution good enough for the tolerances given,2.000522e-10,2.161826e-10,1.169754e-10,6.761064e-07,5.893933e-11,1.140785e-06,6.534722e-11,3.464605e-07,2.637856e-11,6.761064e-07,1.140785e-06,3.464605e-07,2.193714e-05,2.872567e+00,2.239622e-01,4.655682e-02,2.499420e+00,6.200000e-01,false
3,1.000000e+10,0,3,CONTINUE,1.064935e-01,3.830777e-02,1.000000e-09,1.064935e-02,4.296320e-14,1.252576e-01,6.655166e-01,4.488314e+00,2.467976e-02,8.053657e-01,1.535942e+00,1.341567e+00,1.424851e-01,2.190930e+02,REACHED_FORCE,REACHED_FORCE,REACHED_FORCE,1,0,0,1,0,0,1,0,0,3.505212e-06,NaN,3.349008e-06,NaN,1.275565e-06,NaN,6.325659e-11,6.835709e-11,3.698777e-11,solution good enough for the tolerances given,solution good enough for the tolerances given,solution good enough for the tolerances given,6.325659e-11,6.835709e-11,3.698777e-11,3.505212e-06,1.863663e-11,3.349008e-06,2.066277e-11,1.275565e-06,8.340980e-12,3.505212e-06,3.349008e-06,1.275565e-06,1.233564e-05,2.872567e+00,2.239622e-01,4.655682e-02,2.499420e+00,6.200000e-01,false
3,3.162000e+10,0,3,CONTINUE,1.064935e-01,3.830684e-02,1.000000e-09,1.064935e-02,4.296320e-14,1.252568e-01,6.655221e-01,4.488321e+00,2.467933e-02,8.053617e-01,1.535936e+00,1.341564e+00,1.424851e-01,2.190930e+02,REACHED_FORCE,REACHED_FORCE,REACHED_FORCE,1,0,0,1,0,0,1,0,0,5.510789e-06,NaN,7.519490e-06,NaN,5.771004e-06,NaN,2.000541e-11,2.161804e-11,1.169754e-11,solution good enough for the tolerances given,solution good enough for the tolerances given,solution good enough for the tolerances given,2.000541e-11,2.161804e-11,1.169754e-11,5.510789e-06,5.893950e-12,7.519490e-06,6.534897e-12,5.771004e-06,2.637862e-12,5.510789e-06,7.519490e-06,5.771004e-06,6.937351e-06,2.872567e+00,2.239622e-01,4.655682e-02,2.499420e+00,6.200000e-01,false
3,1.000000e+11,0,3,CONTINUE,1.064935e-01,3.830322e-02,1.000000e-09,1.064935e-02,4.296320e-14,1.252548e-01,6.655555e-01,4.488449e+00,2.467566e-02,8.052904e-01,1.535963e+00,1.341599e+00,1.424851e-01,2.190930e+02,REACHED_FORCE,REACHED_FORCE,REACHED_FORCE,1,0,0,1,0,0,1,0,0,3.139142e-05,NaN,3.482336e-05,NaN,1.942456e-05,NaN,6.325456e-12,6.835602e-12,3.698941e-12,solution good enough for the tolerances given,solution good enough for the tolerances given,solution good enough for the tolerances given,6.325456e-12,6.835602e-12,3.698941e-12,3.139142e-05,1.863759e-12,3.482336e-05,2.066285e-12,1.942456e-05,8.342018e-13,3.139142e-05,3.482336e-05,1.942456e-05,3.900576e-06,2.872567e+00,2.239622e-01,4.655682e-02,2.499420e+00,6.200000e-01,false
3,3.162000e+11,0,3,CONTINUE,1.064935e-01,3.830145e-02,1.000000e-09,1.064935e-02,4.296320e-14,1.252430e-01,6.656065e-01,4.488342e+00,2.466968e-02,8.052782e-01,1.535726e+00,1.341478e+00,1.424851e-01,2.190930e+02,REACHED_FORCE,REACHED_FORCE,REACHED_FORCE,1,0,0,1,0,0,1,0,0,9.438367e-05,NaN,1.049040e-04,NaN,5.322080e-05,NaN,2.000663e-12,2.161297e-12,1.169624e-12,solution good enough for the tolerances given,solution good enough for the tolerances given,solution good enough for the tolerances given,2.000663e-12,2.161297e-12,1.169624e-12,9.438367e-05,5.892476e-13,1.049040e-04,6.532431e-13,5.322080e-05,2.637898e-13,9.438367e-05,1.049040e-04,5.322080e-05,2.194066e-06,2.872567e+00,2.239622e-01,4.655682e-02,2.499420e+00,6.200000e-01,false
3,1.000000e+12,0,3,CONTINUE,1.064935e-01,3.826723e-02,1.000000e-09,1.064935e-02,4.296320e-14,1.252461e-01,6.659366e-01,4.490070e+00,2.463374e-02,8.046564e-01,1.536321e+00,1.342017e+00,1.424851e-01,2.190930e+02,REACHED_FORCE,REACHED_FORCE,REACHED_FORCE,1,0,0,1,0,0,1,0,0,2.850575e-04,NaN,4.138528e-04,NaN,1.536933e-04,NaN,6.323014e-13,6.837919e-13,3.697748e-13,solution good enough for the tolerances given,solution good enough for the tolerances given,solution good enough for the tolerances given,6.323014e-13,6.837919e-13,3.697748e-13,2.850575e-04,1.863646e-13,4.138528e-04,2.067234e-13,1.536933e-04,8.337306e-14,2.850575e-04,4.138528e-04,1.536933e-04,1.232390e-06,2.872567e+00,2.239622e-01,4.655682e-02,2.499420e+00,6.200000e-01,false
3,3.162000e+12,0,3,CONTINUE,1.064935e-01,3.823501e-02,1.000000e-09,1.064935e-02,4.296320e-14,1.251901e-01,6.662596e-01,4.489716e+00,2.461692e-02,8.050210e-01,1.535178e+00,1.341923e+00,1.424851e-01,2.190930e+02,REACHED_FORCE,REACHED_FORCE,REACHED_FORCE,1,0,0,1,0,0,1,0,0,9.498788e-04,NaN,1.031151e-03,NaN,5.739461e-04,NaN,1.996270e-13,2.162428e-13,1.169908e-13,solution good enough for the tolerances given,solution good enough for the tolerances given,solution good enough for the tolerances given,1.996270e-13,2.162428e-13,1.169908e-13,9.498788e-04,5.877739e-14,1.031151e-03,6.530270e-14,5.739461e-04,2.640944e-14,9.498788e-04,1.031151e-03,5.739461e-04,6.912597e-07,2.872567e+00,2.239622e-01,4.655682e-02,2.499420e+00,6.200000e-01,false
3,1.000000e+13,0,3,CONTINUE,1.064935e-01,3.793296e-02,1.000000e-09,1.064935e-02,4.296320e-14,1.251695e-01,6.689283e-01,4.504716e+00,2.424224e-02,7.976245e-01,1.536084e+00,1.347338e+00,1.424851e-01,2.190930e+02,REACHED_FORCE,REACHED_FORCE,REACHED_FORCE,1,0,0,1,0,0,1,0,0,2.825546e-03,NaN,2.944033e-03,NaN,1.158511e-03,NaN,6.285781e-14,6.834094e-14,3.702475e-14,solution good enough for the tolerances given,solution good enough for the tolerances given,solution good enough for the tolerances given,6.285781e-14,6.834094e-14,3.702475e-14,2.825546e-03,1.864779e-14,2.944033e-03,2.080873e-14,1.158511e-03,8.367418e-15,2.825546e-03,2.944033e-03,1.158511e-03,3.885747e-07,2.872567e+00,2.239622e-01,4.655682e-02,2.499420e+00,6.200000e-01,false
3,3.162000e+13,0,3,CONTINUE,1.064935e-01,3.817677e-02,1.000000e-09,1.064935e-02,4.296320e-14,1.243920e-01,6.643813e-01,4.526475e+00,2.459122e-02,7.876081e-01,1.537589e+00,1.343275e+00,1.424851e-01,2.190930e+02,REACHED_FORCE,REACHED_FORCE,REACHED_FORCE,1,0,0,1,0,0,1,0,0,8.327910e-03,NaN,1.018373e-02,NaN,8.029000e-03,NaN,1.952344e-14,2.152356e-14,1.179593e-14,solution good enough for the tolerances given,solution good enough for the tolerances given,solution good enough for the tolerances given,1.952344e-14,2.152356e-14,1.179593e-14,8.327910e-03,5.668022e-15,1.018373e-02,6.628043e-15,8.029000e-03,2.741906e-15,8.327910e-03,1.018373e-02,8.029000e-03,2.269677e-07,2.872567e+00,2.239622e-01,4.655682e-02,2.499420e+00,6.200000e-01,false
3,1.000000e+14,0,6,CONTINUE,1.064935e-01,3.836612e-02,1.000000e-09,1.064935e-02,4.296320e-14,1.286743e-01,6.653403e-01,4.492542e+00,2.462618e-02,8.041288e-01,1.534733e+00,1.342871e+00,1.424851e-01,2.190930e+02,REACHED_FORCE,REACHED_FORCE,REACHED_FORCE,1,1,1,1,1,1,1,1,1,2.148665e-02,8.784189e-04,2.195226e-02,1.429093e-03,1.330801e-02,6.802102e-04,5.880721e-15,6.508697e-15,3.740979e-15,solution good enough for the tolerances given,solution good enough for the tolerances given,solution good enough for the tolerances given,5.880721e-15,6.508697e-15,3.740979e-15,2.148665e-02,1.303645e-15,2.195226e-02,1.473686e-15,1.330801e-02,8.927135e-16,8.784189e-04,1.429093e-03,6.802102e-04,1.115101e-07,2.872567e+00,2.239622e-01,4.655682e-02,2.499420e+00,6.200000e-01,false
3,3.162000e+14,1,7,CONTINUE,1.064935e-01,3.823775e-02,1.000000e-09,1.064935e-02,4.296320e-14,1.382804e-01,6.662786e-01,4.490109e+00,2.457149e-02,8.616464e-01,1.495832e+00,1.338558e+00,1.424851e-01,2.190930e+02,REFINE_STALLED,REFINE_STALLED,REFINE_STALLED,1,1,1,1,1,1,1,2,2,9.390308e-02,5.535436e-02,1.239110e-01,9.654879e-02,4.422939e-02,1.221684e-02,2.148475e-15,2.112357e-15,1.226337e-15,solution good enough for the tolerances given,solution good enough for the tolerances given,solution good enough for the tolerances given,2.148475e-15,2.112357e-15,1.226337e-15,9.390308e-02,5.101220e-16,1.239110e-01,3.436238e-16,4.422939e-02,3.117412e-16,5.535436e-02,9.654879e-02,1.773573e-02,4.214685e-08,2.872567e+00,2.239622e-01,4.655682e-02,2.499420e+00,6.200000e-01,false
3,1.000000e+15,1,10,CONTINUE,1.064935e-01,1.083409e-01,1.000000e-09,1.064935e-02,4.296320e-14,1.030863e-06,1.188997e-02,3.745155e+00,8.747406e-02,1.500533e+00,4.867092e+01,1.708986e+00,1.424851e-01,2.190930e+02,REFINE_STALLED,REFINE_STALLED,REFINE_STALLED,1,3,3,1,2,2,1,2,2,9.481760e+04,1.391742e+01,9.480365e+04,2.803462e+01,2.442131e+04,9.348255e-01,1.407182e-10,1.407160e-10,1.014721e-10,solution good enough for the tolerances given,solution good enough for the tolerances given,solution good enough for the tolerances given,1.407182e-10,1.407160e-10,1.014721e-10,9.481760e+04,3.665210e-11,9.480365e+04,3.514332e-11,2.442131e+04,1.744172e-11,4.821132e+00,1.972394e+01,9.347555e-01,4.248337e-05,2.872567e+00,2.239622e-01,4.655682e-02,2.499420e+00,6.200000e-01,false
3,3.162000e+15,1,10,CONTINUE,1.064935e-01,1.083417e-01,1.000000e-09,1.064935e-02,4.296320e-14,3.260203e-07,1.188415e-02,3.745093e+00,8.747468e-02,1.500107e+00,4.869397e+01,1.709027e+00,1.424851e-01,2.190930e+02,REFINE_STALLED,REFINE_STALLED,REFINE_STALLED,1,3,3,1,2,2,1,2,2,2.998099e+05,1.560478e+01,2.997973e+05,2.963454e+01,7.721970e+04,9.349195e-01,1.407156e-10,1.407155e-10,1.014706e-10,solution good enough for the tolerances given,solution good enough for the tolerances given,solution good enough for the tolerances given,1.407156e-10,1.407155e-10,1.014706e-10,2.998099e+05,4.022323e-11,2.997973e+05,3.510529e-11,7.721970e+04,1.744124e-11,4.822881e+00,1.974292e+01,9.349192e-01,4.248249e-05,2.872567e+00,2.239622e-01,4.655682e-02,2.499420e+00,6.200000e-01,false
3,1.000000e+16,1,11,CONTINUE,1.064935e-01,1.083416e-01,1.000000e-09,1.064935e-02,4.296320e-14,1.030881e-07,1.188186e-02,3.745068e+00,8.747493e-02,1.499933e+00,4.870127e+01,1.709022e+00,1.424851e-01,2.190930e+02,REFINE_STALLED,REFINE_STALLED,REFINE_STALLED,1,3,3,1,3,3,1,2,2,9.481747e+05,5.495787e+01,9.481579e+05,6.144119e+01,2.442124e+05,9.349186e-01,1.407151e-10,1.407147e-10,1.014702e-10,solution good enough for the tolerances given,solution good enough for the tolerances given,solution good enough for the tolerances given,1.407151e-10,1.407147e-10,1.014702e-10,9.481747e+05,4.298680e-11,9.481579e+05,9.434451e-11,2.442124e+05,1.744116e-11,4.823450e+00,1.974870e+01,9.349872e-01,4.248221e-05,2.872567e+00,2.239622e-01,4.655682e-02,2.499420e+00,6.200000e-01,false
3,3.162000e+16,1,11,CONTINUE,1.064935e-01,1.083415e-01,1.000000e-09,1.064935e-02,4.296320e-14,3.260218e-08,1.188116e-02,3.745063e+00,8.747495e-02,1.499922e+00,4.870340e+01,1.709019e+00,1.424851e-01,2.190930e+02,REFINE_STALLED,REFINE_STALLED,REFINE_STALLED,1,3,3,1,3,3,1,2,2,2.998250e+06,5.381313e+02,2.998241e+06,5.469126e+02,7.721994e+05,9.348153e-01,1.407148e-10,1.407149e-10,1.014699e-10,solution good enough for the tolerances given,solution good enough for the tolerances given,solution good enough for the tolerances given,1.407148e-10,1.407149e-10,1.014699e-10,2.998250e+06,4.369052e-10,2.998241e+06,2.432162e-10,7.721994e+05,1.744104e-11,4.823629e+00,1.975091e+01,9.350605e-01,4.248212e-05,2.872567e+00,2.239622e-01,4.655682e-02,2.499420e+00,6.200000e-01,false
3,1.000000e+17,1,11,CONTINUE,1.064935e-01,1.083415e-01,1.000000e-09,1.064935e-02,4.296320e-14,1.030882e-08,1.188098e-02,3.745061e+00,8.747496e-02,1.499911e+00,4.870410e+01,1.709019e+00,1.424851e-01,2.190930e+02,REFINE_STALLED,REFINE_STALLED,REFINE_STALLED,1,3,3,1,3,3,1,2,2,9.483399e+06,5.369145e+03,9.483412e+06,5.376666e+03,2.442124e+06,9.344601e-01,1.407149e-10,1.407149e-10,1.014699e-10,solution good enough for the tolerances given,solution good enough for the tolerances given,solution good enough for the tolerances given,1.407149e-10,1.407149e-10,1.014699e-10,9.483399e+06,6.033361e-10,9.483412e+06,4.951879e-10,2.442124e+06,1.744104e-11,4.823684e+00,1.975162e+01,9.352432e-01,4.248209e-05,2.872567e+00,2.239622e-01,4.655682e-02,2.499420e+00,6.200000e-01,false
3,3.162000e+17,1,11,CONTINUE,1.064935e-01,1.083413e-01,1.000000e-09,1.064935e-02,4.296320e-14,3.260222e-09,1.188092e-02,3.745059e+00,8.747502e-02,1.499893e+00,4.870416e+01,1.709017e+00,1.424851e-01,2.190930e+02,REFINE_STALLED,REFINE_STALLED,REFINE_STALLED,1,3,3,1,3,3,1,2,2,2.999922e+07,5.371126e+04,2.999928e+07,5.372178e+04,7.722035e+06,9.333340e-01,1.407147e-10,1.407148e-10,1.014699e-10,solution good enough for the tolerances given,solution good enough for the tolerances given,solution good enough for the tolerances given,1.407147e-10,1.407148e-10,1.014699e-10,2.999922e+07,1.805298e-09,2.999928e+07,1.782389e-09,7.722035e+06,1.744107e-11,4.823688e+00,1.975163e+01,9.358098e-01,4.248209e-05,2.872567e+00,2.239622e-01,4.655682e-02,2.499420e+00,6.200000e-01,false
3,1.000000e+18,1,11,CONTINUE,1.064935e-01,1.083364e-01,1.000000e-09,1.064935e-02,4.296320e-14,1.030882e-09,1.187594e-02,3.745016e+00,8.747554e-02,1.499710e+00,4.870674e+01,1.708861e+00,1.424851e-01,2.190930e+02,REFINE_STALLED,REFINE_STALLED,REFINE_STALLED,1,3,3,1,3,3,1,2,2,9.500179e+07,5.371720e+05,9.500177e+07,5.372059e+05,2.442123e+07,9.297648e-01,1.407148e-10,1.407148e-10,1.014698e-10,solution good enough for the tolerances given,solution good enough for the tolerances given,solution good enough for the tolerances given,1.407148e-10,1.407148e-10,1.014698e-10,9.500179e+07,5.584838e-09,9.500177e+07,5.293337e-09,2.442123e+07,1.744107e-11,4.823276e+00,1.975262e+01,9.375953e-01,4.248208e-05,2.872567e+00,2.239622e-01,4.655682e-02,2.499420e+00,6.200000e-01,false
4,1.000000e+00,0,16,CONTINUE,3.853156e-02,8.845453e-03,1.000000e-09,3.853156e-03,2.915399e-14,7.261793e-02,7.774285e-01,4.898314e+00,4.767964e-03,5.629697e-01,6.656786e-01,1.350966e+00,1.439736e-01,8.790105e+02,REACHED_FORCE,REACHED_FORCE,REACHED_FORCE,6,0,0,4,0,0,6,0,0,1.508104e-03,NaN,2.232411e-03,NaN,1.282130e-03,NaN,2.639435e-01,4.614682e-02,1.223314e-01,solution good enough for the tolerances given,solution good enough for the tolerances given,solution good enough for the tolerances given,6.540505e-03,7.625710e-03,5.874915e-03,6.694753e-16,1.508104e-03,6.694753e-16,2.232411e-03,1.673688e-16,1.282130e-03,1.508104e-03,2.232411e-03,1.282130e-03,6.022376e-01,2.968702e+01,6.150868e-02,1.278882e-02,1.180496e+00,5.400000e-01,false
4,3.162000e+00,0,11,CONTINUE,3.853156e-02,8.876049e-03,1.000000e-09,3.853156e-03,2.915399e-14,7.261667e-02,7.777828e-01,4.899547e+00,4.781730e-03,5.629774e-01,6.728292e-01,1.347877e+00,1.439736e-01,8.790105e+02,REACHED_FORCE,REACHED_FORCE,REACHED_FORCE,4,0,0,3,0,0,4,0,0,8.904883e-04,NaN,1.376758e-03,NaN,6.422962e-04,NaN,1.234799e-01,2.956348e-02,5.057282e-02,solution good enough for the tolerances given,solution good enough for the tolerances given,solution good enough for the tolerances given,3.714739e-03,4.153102e-03,3.070485e-03,8.033704e-16,8.904883e-04,5.355803e-16,1.376758e-03,5.021065e-16,6.422962e-04,8.904883e-04,1.376758e-03,6.422962e-04,3.399389e-01,1.673871e+01,6.150868e-02,1.278882e-02,1.180496e+00,5.400000e-01,false
4,1.000000e+01,0,8,CONTINUE,3.853156e-02,8.709965e-03,1.000000e-09,3.853156e-03,2.915399e-14,7.261667e-02,7.818763e-01,4.892910e+00,4.698558e-03,5.626427e-01,6.807300e-01,1.346147e+00,1.439736e-01,8.790105e+02,REACHED_FORCE,REACHED_FORCE,REACHED_FORCE,3,0,0,2,0,0,3,0,0,4.742262e-04,NaN,7.008294e-04,NaN,2.770506e-04,NaN,4.847495e-02,1.586249e-02,2.042910e-02,solution good enough for the tolerances given,solution good enough for the tolerances given,solution good enough for the tolerances given,1.704402e-03,3.069453e-03,1.350181e-03,8.033704e-16,4.742262e-04,1.495859e-15,7.008294e-04,1.468661e-15,2.770506e-04,4.742262e-04,7.008294e-04,2.770506e-04,1.913815e-01,9.485937e+00,6.150868e-02,1.278882e-02,1.180496e+00,5.400000e-01,false
4,3.162000e+01,0,6,CONTINUE,3.853156e-02,8.715489e-03,1.000000e-09,3.853156e-03,2.915399e-14,7.261667e-02,7.812880e-01,4.887850e+00,4.728606e-03,5.596751e-01,6.868854e-01,1.345038e+00,1.439736e-01,8.790105e+02,REACHED_FORCE,REACHED_FORCE,REACHED_FORCE,2,0,0,2,0,0,2,0,0,3.471708e-04,NaN,2.750573e-04,NaN,2.391147e-04,NaN,1.704635e-02,6.712513e-03,7.902816e-03,solution good enough for the tolerances given,solution good enough for the tolerances given,solution good enough for the tolerances given,1.228507e-03,6.105040e-04,1.152865e-03,4.134010e-15,3.471708e-04,6.694753e-15,2.750573e-04,5.583843e-15,2.391147e-04,3.471708e-04,2.750573e-04,2.391147e-04,1.076672e-01,5.452515e+00,6.150868e-02,1.278882e-02,1.180496e+00,5.400000e-01,false
4,1.000000e+02,0,4,CONTINUE,3.853156e-02,8.453869e-03,1.000000e-09,3.853156e-03,2.915399e-14,7.261667e-02,7.876234e-01,4.898397e+00,4.528832e-03,5.641209e-01,6.829114e-01,1.350136e+00,1.439736e-01,8.790105e+02,REACHED_FORCE,REACHED_FORCE,REACHED_FORCE,2,0,0,1,0,0,1,0,0,1.859672e-04,NaN,5.327547e-04,NaN,6.408167e-04,NaN,5.648611e-03,2.423780e-03,2.800877e-03,solution good enough for the tolerances given,solution good enough for the tolerances given,solution good enough for the tolerances given,1.776286e-04,2.423780e-03,2.800877e-03,1.193340e-14,1.859672e-04,1.452761e-14,5.327547e-04,1.174929e-14,6.408167e-04,1.859672e-04,5.327547e-04,6.408167e-04,6.055034e-02,3.248486e+00,6.150868e-02,1.278882e-02,1.180496e+00,5.400000e-01,false
4,3.162000e+02,0,3,CONTINUE,3.853156e-02,8.615215e-03,1.000000e-09,3.853156e-03,2.915399e-14,7.261667e-02,7.835704e-01,4.890263e+00,4.675021e-03,5.616161e-01,6.899730e-01,1.346979e+00,1.439736e-01,8.790105e+02,REACHED_FORCE,REACHED_FORCE,REACHED_FORCE,1,0,0,1,0,0,1,0,0,4.893459e-04,NaN,1.859849e-04,NaN,2.086960e-04,NaN,1.818312e-03,8.047076e-04,9.279122e-04,solution good enough for the tolerances given,solution good enough for the tolerances given,solution good enough for the tolerances given,1.818312e-03,8.047076e-04,9.279122e-04,4.286734e-14,4.893459e-04,4.046560e-14,1.859849e-04,6.721532e-14,2.086960e-04,4.893459e-04,1.859849e-04,2.086960e-04,3.405274e-02,2.872668e+00,6.150868e-02,1.278882e-02,1.180496e+00,5.400000e-01,true
4,1.000000e+03,0,3,CONTINUE,3.853156e-02,8.744758e-03,1.000000e-09,3.853156e-03,2.915399e-14,7.261667e-02,7.804786e-01,4.890830e+00,4.737508e-03,5.628961e-01,6.922768e-01,1.346176e+00,1.439736e-01,8.790105e+02,REACHED_FORCE,REACHED_FORCE,REACHED_FORCE,1,0,0,1,0,0,1,0,0,1.554694e-04,NaN,5.974545e-05,NaN,6.664601e-05,NaN,5.784150e-04,2.598369e-04,2.981636e-04,solution good enough for the tolerances given,solution good enough for the tolerances given,solution good enough for the tolerances given,5.784150e-04,2.598369e-04,2.981636e-04,9.827898e-14,1.554694e-04,1.548496e-13,5.974545e-05,1.469833e-13,6.664601e-05,1.554694e-04,5.974545e-05,6.664601e-05,1.914866e-02,2.872599e+00,6.150868e-02,1.278882e-02,1.180496e+00,5.400000e-01,false
4,3.162000e+03,0,3,CONTINUE,3.853156e-02,8.786565e-03,1.000000e-09,3.853156e-03,2.915399e-14,7.261667e-02,7.794818e-01,4.891008e+00,4.757706e-03,5.633058e-01,6.930461e-01,1.345918e+00,1.439736e-01,8.790105e+02,REACHED_FORCE,REACHED_FORCE,REACHED_FORCE,1,0,0,1,0,0,1,0,0,4.924328e-05,NaN,1.898824e-05,NaN,2.114467e-05,NaN,1.832833e-04,8.272827e-05,9.479134e-05,solution good enough for the tolerances given,solution good enough for the tolerances given,solution good enough for the tolerances given,1.832833e-04,8.272827e-05,9.479134e-05,3.076511e-13,4.924328e-05,4.740638e-13,1.898824e-05,4.104051e-13,2.114467e-05,4.924328e-05,1.898824e-05,2.114467e-05,1.076859e-02,2.872577e+00,6.150868e-02,1.278882e-02,1.180496e+00,5.400000e-01,false
4,1.000000e+04,0,3,CONTINUE,3.853156e-02,8.799874e-03,1.000000e-09,3.853156e-03,2.915399e-14,7.261667e-02,7.791646e-01,4.891064e+00,4.764139e-03,5.634359e-01,6.932936e-01,1.345836e+00,1.439736e-01,8.790105e+02,REACHED_FORCE,REACHED_FORCE,REACHED_FORCE,1,0,0,1,0,0,1,0,0,1.557829e-05,NaN,6.013410e-06,NaN,6.692755e-06,NaN,5.799014e-05,2.621449e-05,3.002322e-05,solution good enough for the tolerances given,solution good enough for the tolerances given,solution good enough for the tolerances given,5.799014e-05,2.621449e-05,3.002322e-05,7.936776e-13,1.557829e-05,1.701605e-12,6.013410e-06,1.710493e-12,6.692755e-06,1.557829e-05,6.013410e-06,6.692755e-06,6.055367e-03,2.872571e+00,6.150868e-02,1.278882e-02,1.180496e+00,5.400000e-01,false
4,3.162000e+04,0,3,CONTINUE,3.853156e-02,8.804090e-03,1.000000e-09,3.853156e-03,2.915399e-14,7.261667e-02,7.790641e-01,4.891081e+00,4.766178e-03,5.634770e-01,6.933723e-01,1.345810e+00,1.439736e-01,8.790105e+02,REACHED_FORCE,REACHED_FORCE,REACHED_FORCE,1,0,0,1,0,0,1,0,0,4.927480e-06,NaN,1.902706e-06,NaN,2.117304e-06,NaN,1.834331e-05,8.296073e-06,9.500050e-06,solution good enough for the tolerances given,solution good enough for the tolerances given,solution good enough for the tolerances given,1.834331e-05,8.296073e-06,9.500050e-06,2.797980e-12,4.927480e-06,3.050611e-12,1.902706e-06,4.881128e-12,2.117304e-06,4.927480e-06,1.902706e-06,2.117304e-06,3.405334e-03,2.872568e+00,6.150868e-02,1.278882e-02,1.180496e+00,5.400000e-01,false
4,1.000000e+05,0,3,CONTINUE,3.853156e-02,8.805425e-03,1.000000e-09,3.853156e-03,2.915399e-14,7.261667e-02,7.790323e-01,4.891087e+00,4.766823e-03,5.634901e-01,6.933972e-01,1.345802e+00,1.439736e-01,8.790105e+02,REACHED_FORCE,REACHED_FORCE,REACHED_FORCE,1,0,0,1,0,0,1,0,0,1.558145e-06,NaN,6.017289e-07,NaN,6.695598e-07,NaN,5.800516e-06,2.623778e-06,3.004421e-06,solution good enough for the tolerances given,solution good enough for the tolerances given,solution good enough for the tolerances given,5.800516e-06,2.623778e-06,3.004421e-06,1.404344e-11,1.558145e-06,1.268415e-11,6.017289e-07,1.870240e-11,6.695598e-07,1.558145e-06,6.017289e-07,6.695598e-07,1.914876e-03,2.872568e+00,6.150868e-02,1.278882e-02,1.180496e+00,5.400000e-01,false
4,3.162000e+05,0,3,CONTINUE,3.853156e-02,8.805847e-03,1.000000e-09,3.853156e-03,2.915399e-14,7.261667e-02,7.790222e-01,4.891088e+00,4.767027e-03,5.634942e-01,6.934051e-01,1.345799e+00,1.439736e-01,8.790105e+02,REACHED_FORCE,REACHED_FORCE,REACHED_FORCE,1,0,0,1,0,0,1,0,0,4.927795e-07,NaN,1.903094e-07,NaN,2.117588e-07,NaN,1.834481e-06,8.298404e-07,9.502151e-07,solution good enough for the tolerances given,solution good enough for the tolerances given,solution good enough for the tolerances given,1.834481e-06,8.298404e-07,9.502151e-07,3.053751e-11,4.927795e-07,7.515048e-11,1.903094e-07,5.137555e-11,2.117588e-07,4.927795e-07,1.903094e-07,2.117588e-07,1.076861e-03,2.872567e+00,6.150868e-02,1.278882e-02,1.180496e+00,5.400000e-01,false
4,1.000000e+06,0,3,CONTINUE,3.853156e-02,8.805980e-03,1.000000e-09,3.853156e-03,2.915399e-14,7.261667e-02,7.790190e-01,4.891089e+00,4.767091e-03,5.634955e-01,6.934076e-01,1.345798e+00,1.439736e-01,8.790105e+02,REACHED_FORCE,REACHED_FORCE,REACHED_FORCE,1,0,0,1,0,0,1,0,0,1.558177e-07,NaN,6.017677e-08,NaN,6.695883e-08,NaN,5.800666e-07,2.624011e-07,3.004631e-07,solution good enough for the tolerances given,solution good enough for the tolerances given,solution good enough for the tolerances given,5.800666e-07,2.624011e-07,3.004631e-07,1.166045e-10,1.558177e-07,1.287201e-10,6.017677e-08,1.308756e-10,6.695883e-08,1.558177e-07,6.017677e-08,6.695883e-08,6.055370e-04,2.872567e+00,6.150868e-02,1.278882e-02,1.180496e+00,5.400000e-01,false
4,3.162000e+06,0,3,CONTINUE,3.853156e-02,8.806022e-03,1.000000e-09,3.853156e-03,2.915399e-14,7.261667e-02,7.790180e-01,4.891089e+00,4.767112e-03,5.634959e-01,6.934084e-01,1.345798e+00,1.439736e-01,8.790105e+02,REACHED_FORCE,REACHED_FORCE,REACHED_FORCE,1,0,0,1,0,0,1,0,0,4.927827e-08,NaN,1.903133e-08,NaN,2.117617e-08,NaN,1.834496e-07,8.298637e-08,9.502362e-08,solution good enough for the tolerances given,solution good enough for the tolerances given,solution good enough for the tolerances given,1.834496e-07,8.298637e-08,9.502362e-08,4.542774e-10,4.927827e-08,3.432976e-10,1.903133e-08,3.780029e-10,2.117617e-08,4.927827e-08,1.903133e-08,2.117617e-08,3.405334e-04,2.872567e+00,6.150868e-02,1.278882e-02,1.180496e+00,5.400000e-01,false
4,1.000000e+07,0,3,CONTINUE,3.853156e-02,8.806036e-03,1.000000e-09,3.853156e-03,2.915399e-14,7.261667e-02,7.790177e-01,4.891089e+00,4.767118e-03,5.634960e-01,6.934086e-01,1.345798e+00,1.439736e-01,8.790105e+02,REACHED_FORCE,REACHED_FORCE,REACHED_FORCE,1,0,0,1,0,0,1,0,0,1.558180e-08,NaN,6.017716e-09,NaN,6.695911e-09,NaN,5.800681e-08,2.624035e-08,3.004652e-08,solution good enough for the tolerances given,solution good enough for the tolerances given,solution good enough for the tolerances given,5.800681e-08,2.624035e-08,3.004652e-08,1.174522e-09,1.558180e-08,1.631841e-09,6.017716e-09,2.180207e-09,6.695911e-09,1.558180e-08,6.017716e-09,6.695911e-09,1.914876e-04,2.872567e+00,6.150868e-02,1.278882e-02,1.180496e+00,5.400000e-01,false
4,3.162000e+07,0,3,CONTINUE,3.853156e-02,8.806040e-03,1.000000e-09,3.853156e-03,2.915399e-14,7.261667e-02,7.790176e-01,4.891089e+00,4.767121e-03,5.634961e-01,6.934087e-01,1.345798e+00,1.439736e-01,8.790105e+02,REACHED_FORCE,REACHED_FORCE,REACHED_FORCE,1,0,0,1,0,0,1,0,0,4.927830e-09,NaN,4.567826e-09,NaN,7.088907e-09,NaN,1.834498e-08,8.298661e-09,9.502383e-09,solution good enough for the tolerances given,solution good enough for the tolerances given,solution good enough for the tolerances given,1.834498e-08,8.298661e-09,9.502383e-09,3.175568e-09,4.927830e-09,4.567826e-09,1.903137e-09,7.088907e-09,2.117620e-09,4.927830e-09,4.567826e-09,7.088907e-09,1.076861e-04,2.872567e+00,6.150868e-02,1.278882e-02,1.180496e+00,5.400000e-01,false
4,1.000000e+08,0,3,CONTINUE,3.853156e-02,8.806042e-03,1.000000e-09,3.853156e-03,2.915399e-14,7.261666e-02,7.790176e-01,4.891089e+00,4.767121e-03,5.634961e-01,6.934087e-01,1.345798e+00,1.439736e-01,8.790105e+02,REACHED_FORCE,REACHED_FORCE,REACHED_FORCE,1,0,0,1,0,0,1,0,0,1.116966e-08,NaN,1.779497e-08,NaN,1.470998e-08,NaN,5.800683e-09,2.624037e-09,3.004654e-09,solution good enough for the tolerances given,solution good enough for the tolerances given,solution good enough for the tolerances given,5.800683e-09,2.624037e-09,3.004654e-09,1.116966e-08,1.558180e-09,1.779497e-08,6.017720e-10,1.470998e-08,6.695913e-10,1.116966e-08,1.779497e-08,1.470998e-08,6.055371e-05,2.872567e+00,6.150868e-02,1.278882e-02,1.180496e+00,5.400000e-01,false
4,3.162000e+08,0,3,CONTINUE,3.853156e-02,8.806040e-03,1.000000e-09,3.853156e-03,2.915399e-14,7.261666e-02,7.790175e-01,4.891089e+00,4.767124e-03,5.634962e-01,6.934087e-01,1.345798e+00,1.439736e-01,8.790105e+02,REACHED_FORCE,REACHED_FORCE,REACHED_FORCE,1,0,0,1,0,0,1,0,0,3.238281e-08,NaN,4.047987e-08,NaN,4.286605e-08,NaN,1.834498e-09,8.298665e-10,9.502380e-10,solution good enough for the tolerances given,solution good enough for the tolerances given,solution good enough for the tolerances given,1.834498e-09,8.298665e-10,9.502380e-10,3.238281e-08,4.927830e-10,4.047987e-08,1.903137e-10,4.286605e-08,2.117619e-10,3.238281e-08,4.047987e-08,4.286605e-08,3.405335e-05,2.872567e+00,6.150868e-02,1.278882e-02,1.180496e+00,5.400000e-01,false
4,1.000000e+09,0,3,CONTINUE,3.853156e-02,8.806051e-03,1.000000e-09,3.853156e-03,2.915399e-14,7.261666e-02,7.790173e-01,4.891089e+00,4.767127e-03,5.634965e-01,6.934083e-01,1.345797e+00,1.439736e-01,8.790105e+02,REACHED_FORCE,REACHED_FORCE,REACHED_FORCE,1,0,0,1,0,0,1,0,0,8.505088e-08,NaN,1.568375e-07,NaN,1.487564e-07,NaN,5.800681e-10,2.624041e-10,3.004650e-10,solution good enough for the tolerances given,solution good enough for the tolerances given,solution good enough for the tolerances given,5.800681e-10,2.624041e-10,3.004650e-10,8.505088e-08,1.558179e-10,1.568375e-07,6.017694e-11,1.487564e-07,6.695907e-11,8.505088e-08,1.568375e-07,1.487564e-07,1.914877e-05,2.872567e+00,6.150868e-02,1.278882e-02,1.180496e+00,5.400000e-01,false
4,3.162000e+09,0,3,CONTINUE,3.853156e-02,8.806031e-03,1.000000e-09,3.853156e-03,2.915399e-14,7.261660e-02,7.790170e-01,4.891089e+00,4.767133e-03,5.634965e-01,6.934090e-01,1.345798e+00,1.439736e-01,8.790105e+02,REACHED_FORCE,REACHED_FORCE,REACHED_FORCE,1,0,0,1,0,0,1,0,0,3.745000e-07,NaN,3.894851e-07,NaN,8.556172e-07,NaN,1.834497e-10,8.298698e-11,9.502372e-11,solution good enough for the tolerances given,solution good enough for the tolerances given,solution good enough for the tolerances given,1.834497e-10,8.298698e-11,9.502372e-11,3.745000e-07,4.927826e-11,3.894851e-07,1.903148e-11,8.556172e-07,2.117623e-11,3.745000e-07,3.894851e-07,8.556172e-07,1.076858e-05,2.872567e+00,6.150868e-02,1.278882e-02,1.180496e+00,5.400000e-01,false
4,1.000000e+10,0,3,CONTINUE,3.853156e-02,8.805810e-03,1.000000e-09,3.853156e-03,2.915399e-14,7.261636e-02,7.790230e-01,4.891081e+00,4.767015e-03,5.634935e-01,6.934060e-01,1.345798e+00,1.439736e-01,8.790105e+02,REACHED_FORCE,REACHED_FORCE,REACHED_FORCE,1,0,0,1,0,0,1,0,0,8.198843e-07,NaN,1.062686e-06,NaN,1.395102e-06,NaN,5.800684e-11,2.624007e-11,3.004644e-11,solution good enough for the tolerances given,solution good enough for the tolerances given,solution good enough for the tolerances given,5.800684e-11,2.624007e-11,3.004644e-11,8.198843e-07,1.558175e-11,1.062686e-06,6.017707e-12,1.395102e-06,6.695918e-12,8.198843e-07,1.062686e-06,1.395102e-06,6.055228e-06,2.872567e+00,6.150868e-02,1.278882e-02,1.180496e+00,5.400000e-01,false
4,3.162000e+10,0,3,CONTINUE,3.853156e-02,8.805654e-03,1.000000e-09,3.853156e-03,2.915399e-14,7.261561e-02,7.790219e-01,4.891086e+00,4.767078e-03,5.634951e-01,6.934105e-01,1.345805e+00,1.439736e-01,8.790105e+02,REACHED_FORCE,REACHED_FORCE,REACHED_FORCE,1,0,0,1,0,0,1,0,0,3.858454e-06,NaN,4.099859e-06,NaN,4.576018e-06,NaN,1.834493e-11,8.298771e-12,9.502241e-12,solution good enough for the tolerances given,solution good enough for the tolerances given,solution good enough for the tolerances given,1.834493e-11,8.298771e-12,9.502241e-12,3.858454e-06,4.927807e-12,4.099859e-06,1.903212e-12,4.576018e-06,2.117669e-12,3.858454e-06,4.099859e-06,4.576018e-06,3.405559e-06,2.872567e+00,6.150868e-02,1.278882e-02,1.180496e+00,5.400000e-01,false
4,1.000000e+11,0,3,CONTINUE,3.853156e-02,8.807206e-03,1.000000e-09,3.853156e-03,2.915399e-14,7.261481e-02,7.789850e-01,4.891185e+00,4.767701e-03,5.635041e-01,6.934351e-01,1.345835e+00,1.439736e-01,8.790105e+02,REACHED_FORCE,REACHED_FORCE,REACHED_FORCE,1,0,0,1,0,0,1,0,0,9.311071e-06,NaN,1.552624e-05,NaN,1.850927e-05,NaN,5.800583e-12,2.624491e-12,3.005121e-12,solution good enough for the tolerances given,solution good enough for the tolerances given,solution good enough for the tolerances given,5.800583e-12,2.624491e-12,3.005121e-12,9.311071e-06,1.558238e-12,1.552624e-05,6.022167e-13,1.850927e-05,6.697548e-13,9.311071e-06,1.552624e-05,1.850927e-05,1.914785e-06,2.872567e+00,6.150868e-02,1.278882e-02,1.180496e+00,5.400000e-01,false
4,3.162000e+11,0,3,CONTINUE,3.853156e-02,8.806469e-03,1.000000e-09,3.853156e-03,2.915399e-14,7.261479e-02,7.789483e-01,4.890901e+00,4.769705e-03,5.635177e-01,6.932695e-01,1.345762e+00,1.439736e-01,8.790105e+02,REACHED_FORCE,REACHED_FORCE,REACHED_FORCE,1,0,0,1,0,0,1,0,0,3.968965e-05,NaN,5.585307e-05,NaN,7.050991e-05,NaN,1.834190e-12,8.300442e-13,9.500693e-13,solution good enough for the tolerances given,solution good enough for the tolerances given,solution good enough for the tolerances given,1.834190e-12,8.300442e-13,9.500693e-13,3.968965e-05,4.927619e-13,5.585307e-05,1.904243e-13,7.050991e-05,2.118246e-13,3.968965e-05,5.585307e-05,7.050991e-05,1.075364e-06,2.872567e+00,6.150868e-02,1.278882e-02,1.180496e+00,5.400000e-01,false
4,1.000000e+12,0,3,CONTINUE,3.853156e-02,8.832789e-03,1.000000e-09,3.853156e-03,2.915399e-14,7.259889e-02,7.783732e-01,4.892212e+00,4.780053e-03,5.639013e-01,6.938028e-01,1.345949e+00,1.439736e-01,8.790105e+02,REACHED_FORCE,REACHED_FORCE,REACHED_FORCE,1,0,0,1,0,0,1,0,0,1.167995e-04,NaN,1.316979e-04,NaN,1.065898e-04,NaN,5.800086e-13,2.631721e-13,3.006456e-13,solution good enough for the tolerances given,solution good enough for the tolerances given,solution good enough for the tolerances given,5.800086e-13,2.631721e-13,3.006456e-13,1.167995e-04,1.558246e-13,1.316979e-04,6.059470e-14,1.065898e-04,6.697831e-14,1.167995e-04,1.316979e-04,1.065898e-04,6.063876e-07,2.872567e+00,6.150868e-02,1.278882e-02,1.180496e+00,5.400000e-01,false
4,3.162000e+12,0,3,CONTINUE,3.853156e-02,8.784570e-03,1.000000e-09,3.853156e-03,2.915399e-14,7.253824e-02,7.792725e-01,4.891673e+00,4.756278e-03,5.635310e-01,6.940839e-01,1.346160e+00,1.439736e-01,8.790105e+02,REACHED_FORCE,REACHED_FORCE,REACHED_FORCE,1,0,0,1,0,0,1,0,0,3.590323e-04,NaN,4.177212e-04,NaN,4.651003e-04,NaN,1.834509e-13,8.299779e-14,9.513082e-14,solution good enough for the tolerances given,solution good enough for the tolerances given,solution good enough for the tolerances given,1.834509e-13,8.299779e-14,9.513082e-14,3.590323e-04,4.927637e-14,4.177212e-04,1.910478e-14,4.651003e-04,2.108504e-14,3.590323e-04,4.177212e-04,4.651003e-04,3.397988e-07,2.872567e+00,6.150868e-02,1.278882e-02,1.180496e+00,5.400000e-01,false
4,1.000000e+13,0,3,CONTINUE,3.853156e-02,8.794681e-03,1.000000e-09,3.853156e-03,2.915399e-14,7.230052e-02,7.788825e-01,4.886022e+00,4.836493e-03,5.661463e-01,6.951300e-01,1.345283e+00,1.439736e-01,8.790105e+02,REACHED_FORCE,REACHED_FORCE,REACHED_FORCE,1,0,0,1,0,0,1,0,0,1.415717e-03,NaN,1.947558e-03,NaN,1.517518e-03,NaN,5.808332e-14,2.713195e-14,3.028368e-14,solution good enough for the tolerances given,solution good enough for the tolerances given,solution good enough for the tolerances given,5.808332e-14,2.713195e-14,3.028368e-14,1.415717e-03,1.558706e-14,1.947558e-03,6.394238e-15,1.517518e-03,6.688266e-15,1.415717e-03,1.947558e-03,1.517518e-03,1.884864e-07,2.872567e+00,6.150868e-02,1.278882e-02,1.180496e+00,5.400000e-01,false
4,3.162000e+13,0,6,CONTINUE,3.853156e-02,8.793843e-03,1.000000e-09,3.853156e-03,2.915399e-14,7.164428e-02,7.792556e-01,4.891398e+00,4.756852e-03,5.632187e-01,6.935429e-01,1.346100e+00,1.439736e-01,8.790105e+02,REACHED_FORCE,REACHED_FORCE,REACHED_FORCE,1,1,1,1,1,1,1,1,1,4.445908e-03,1.936175e-04,5.005086e-03,1.624002e-04,6.108316e-03,1.624622e-03,1.804621e-14,8.467813e-15,1.045373e-14,solution good enough for the tolerances given,solution good enough for the tolerances given,solution good enough for the tolerances given,1.804621e-14,8.467813e-15,1.045373e-14,4.445908e-03,4.491908e-15,5.005086e-03,1.967866e-15,6.108316e-03,2.267209e-15,1.936175e-04,1.624002e-04,1.624622e-03,9.424322e-08,2.872567e+00,6.150868e-02,1.278882e-02,1.180496e+00,5.400000e-01,false
4,1.000000e+14,1,7,CONTINUE,3.853156e-02,9.684756e-03,1.000000e-09,3.853156e-03,2.915399e-14,7.014953e-02,7.595515e-01,4.937203e+00,4.983890e-03,5.652242e-01,7.096029e-01,1.361846e+00,1.439736e-01,8.790105e+02,REACHED_FORCE,REFINE_STALLED,REFINE_STALLED,1,1,1,1,1,1,1,2,2,1.166071e-02,6.064448e-04,9.394891e-03,1.040546e-02,2.065987e-02,4.766088e-03,5.781325e-15,2.922890e-15,3.221591e-15,solution good enough for the tolerances given,solution good enough for the tolerances given,solution good enough for the tolerances given,5.781325e-15,2.922890e-15,3.221591e-15,1.166071e-02,1.411692e-15,9.394891e-03,6.066555e-16,2.065987e-02,7.935231e-16,6.064448e-04,1.040546e-02,7.527152e-03,4.214685e-08,2.872567e+00,6.150868e-02,1.278882e-02,1.180496e+00,5.400000e-01,false
4,3.162000e+14,1,9,CONTINUE,3.853156e-02,3.863319e-02,1.000000e-09,3.853156e-03,2.915399e-14,3.259551e-06,1.081980e-03,4.496809e+00,2.492353e-02,8.872325e-01,1.787052e+02,1.331073e+00,1.439736e-01,8.790105e+02,REFINE_STALLED,REFINE_STALLED,REFINE_STALLED,1,2,2,1,2,2,1,2,2,7.020348e+03,1.480699e+01,7.031401e+03,1.298196e+02,7.722525e+03,1.791817e+00,4.618979e-11,4.615111e-11,1.014824e-10,solution good enough for the tolerances given,solution good enough for the tolerances given,solution good enough for the tolerances given,4.618979e-11,4.615111e-11,1.014824e-10,7.020348e+03,1.214102e-11,7.031401e+03,1.217959e-11,7.722525e+03,1.744558e-11,9.059909e+00,1.238547e+02,1.788618e+00,4.249217e-05,2.872567e+00,6.150868e-02,1.278882e-02,1.180496e+00,5.400000e-01,false
4,1.000000e+15,1,9,CONTINUE,3.853156e-02,3.863373e-02,1.000000e-09,3.853156e-03,2.915399e-14,1.030815e-06,1.066791e-03,4.496786e+00,2.492375e-02,8.956998e-01,1.810600e+02,1.331066e+00,1.439736e-01,8.790105e+02,REFINE_STALLED,REFINE_STALLED,REFINE_STALLED,1,2,2,1,2,2,1,2,2,2.219314e+04,1.483509e+01,2.220434e+04,1.313777e+02,2.442165e+04,1.796223e+00,4.618604e-11,4.617300e-11,1.014737e-10,solution good enough for the tolerances given,solution good enough for the tolerances given,solution good enough for the tolerances given,4.618604e-11,4.617300e-11,1.014737e-10,2.219314e+04,1.266072e-11,2.220434e+04,1.303138e-11,2.442165e+04,1.744246e-11,9.113423e+00,1.255622e+02,1.795203e+00,4.248527e-05,2.872567e+00,6.150868e-02,1.278882e-02,1.180496e+00,5.400000e-01,false
4,3.162000e+15,1,9,CONTINUE,3.853156e-02,3.863391e-02,1.000000e-09,3.853156e-03,2.915399e-14,3.260156e-07,1.062025e-03,4.496778e+00,2.492382e-02,8.983999e-01,1.818124e+02,1.331063e+00,1.439736e-01,8.790105e+02,REFINE_STALLED,REFINE_STALLED,REFINE_STALLED,1,2,2,1,2,2,1,2,2,7.016575e+04,1.473125e+01,7.017707e+04,1.316665e+02,7.722049e+04,1.797628e+00,4.618476e-11,4.618067e-11,1.014712e-10,solution good enough for the tolerances given,solution good enough for the tolerances given,solution good enough for the tolerances given,4.618476e-11,4.618067e-11,1.014712e-10,7.016575e+04,1.218222e-11,7.017707e+04,1.141928e-11,7.722049e+04,1.744150e-11,9.130403e+00,1.261078e+02,1.797293e+00,4.248309e-05,2.872567e+00,6.150868e-02,1.278882e-02,1.180496e+00,5.400000e-01,false
4,1.000000e+16,1,9,CONTINUE,3.853156e-02,3.863398e-02,1.000000e-09,3.853156e-03,2.915399e-14,1.030876e-07,1.060556e-03,4.496776e+00,2.492384e-02,8.992449e-01,1.820462e+02,1.331063e+00,1.439736e-01,8.790105e+02,REFINE_STALLED,REFINE_STALLED,REFINE_STALLED,1,2,2,1,2,2,1,2,2,2.218960e+05,1.347926e+01,2.219075e+05,1.306112e+02,2.442127e+05,1.798061e+00,4.618442e-11,4.618317e-11,1.014702e-10,solution good enough for the tolerances given,solution good enough for the tolerances given,solution good enough for the tolerances given,4.618442e-11,4.618317e-11,1.014702e-10,2.218960e+05,1.804982e-11,2.219075e+05,1.693996e-11,2.442127e+05,1.744118e-11,9.135719e+00,1.262781e+02,1.797918e+00,4.248240e-05,2.872567e+00,6.150868e-02,1.278882e-02,1.180496e+00,5.400000e-01,false
4,3.162000e+16,1,10,CONTINUE,3.853156e-02,3.863408e-02,1.000000e-09,3.853156e-03,2.915399e-14,3.260215e-08,1.060085e-03,4.496776e+00,2.492384e-02,8.995170e-01,1.821209e+02,1.331064e+00,1.439736e-01,8.790105e+02,REFINE_STALLED,REFINE_STALLED,REFINE_STALLED,1,3,3,1,2,2,1,2,2,7.016427e+05,7.130351e+01,7.016525e+05,1.197526e+02,7.721990e+05,1.798270e+00,4.618434e-11,4.618387e-11,1.014700e-10,solution good enough for the tolerances given,solution good enough for the tolerances given,solution good enough for the tolerances given,4.618434e-11,4.618387e-11,1.014700e-10,7.016427e+05,4.183953e-11,7.016525e+05,4.517618e-11,7.721990e+05,1.744110e-11,9.137332e+00,1.263330e+02,1.798112e+00,4.248218e-05,2.872567e+00,6.150868e-02,1.278882e-02,1.180496e+00,5.400000e-01,false
4,1.000000e+17,1,11,CONTINUE,3.853156e-02,3.863398e-02,1.000000e-09,3.853156e-03,2.915399e-14,1.030881e-08,1.059928e-03,4.496775e+00,2.492385e-02,8.996002e-01,1.821463e+02,1.331062e+00,1.439736e-01,8.790105e+02,REFINE_STALLED,REFINE_STALLED,REFINE_STALLED,1,3,3,1,3,3,1,2,2,2.219147e+06,7.276296e+02,2.219163e+06,7.144905e+02,2.442123e+06,1.798492e+00,4.618432e-11,4.618413e-11,1.014699e-10,solution good enough for the tolerances given,solution good enough for the tolerances given,solution good enough for the tolerances given,4.618432e-11,4.618413e-11,1.014699e-10,2.219147e+06,1.175706e-10,2.219163e+06,1.100580e-10,2.442123e+06,1.744110e-11,9.137897e+00,1.263497e+02,1.798081e+00,4.248211e-05,2.872567e+00,6.150868e-02,1.278882e-02,1.180496e+00,5.400000e-01,false
4,3.162000e+17,1,11,CONTINUE,3.853156e-02,3.863398e-02,1.000000e-09,3.853156e-03,2.915399e-14,3.260221e-09,1.059858e-03,4.496775e+00,2.492385e-02,8.996437e-01,1.821574e+02,1.331062e+00,1.439736e-01,8.790105e+02,REFINE_STALLED,REFINE_STALLED,REFINE_STALLED,1,3,3,1,3,3,1,2,2,7.018674e+06,7.296841e+03,7.018686e+06,7.280786e+03,7.722013e+06,1.799094e+00,4.618431e-11,4.618427e-11,1.014700e-10,solution good enough for the tolerances given,solution good enough for the tolerances given,solution good enough for the tolerances given,4.618431e-11,4.618427e-11,1.014700e-10,7.018674e+06,2.753696e-10,7.018686e+06,5.542121e-10,7.722013e+06,1.744113e-11,9.138186e+00,1.263579e+02,1.797832e+00,4.248210e-05,2.872567e+00,6.150868e-02,1.278882e-02,1.180496e+00,5.400000e-01,false
4,1.000000e+18,1,11,CONTINUE,3.853156e-02,3.863397e-02,1.000000e-09,3.853156e-03,2.915399e-14,1.030882e-09,1.059862e-03,4.496775e+00,2.492385e-02,8.996331e-01,1.821567e+02,1.331062e+00,1.439736e-01,8.790105e+02,REFINE_STALLED,REFINE_STALLED,REFINE_STALLED,1,3,3,1,3,3,1,2,2,2.221427e+07,7.300755e+04,2.221422e+07,7.296913e+04,2.442119e+07,1.800902e+00,4.618429e-11,4.618424e-11,1.014699e-10,solution good enough for the tolerances given,solution good enough for the tolerances given,solution good enough for the tolerances given,4.618429e-11,4.618424e-11,1.014699e-10,2.221427e+07,1.056389e-09,2.221422e+07,8.385573e-10,2.442119e+07,1.744107e-11,9.138180e+00,1.263576e+02,1.796915e+00,4.248208e-05,2.872567e+00,6.150868e-02,1.278882e-02,1.180496e+00,5.400000e-01,false
5,1.000000e+00,0,18,CONTINUE,8.615215e-03,7.167288e-04,1.000000e-09,8.615215e-04,2.371190e-14,1.065850e-01,9.197625e-01,5.132159e+00,2.675390e-04,1.247178e-01,5.823902e-01,1.350636e+00,1.180345e-02,1.914107e+03,REACHED_FORCE,REACHED_FORCE,REACHED_FORCE,7,0,0,4,0,0,7,0,0,1.007990e-04,NaN,1.300017e-04,NaN,1.476685e-04,NaN,1.129459e-01,6.267464e-03,1.235649e-01,solution good enough for the tolerances given,solution good enough for the tolerances given,solution good enough for the tolerances given,3.349030e-04,7.486614e-04,6.683159e-04,1.071161e-15,1.007990e-04,6.694753e-16,1.300017e-04,1.841057e-16,1.476685e-04,1.007990e-04,1.300017e-04,1.476685e-04,2.425007e-01,4.377660e+01,1.223723e-02,2.542785e-03,2.352196e-01,2.200000e-01,false
5,3.162000e+00,0,13,CONTINUE,8.615215e-03,7.061645e-04,1.000000e-09,8.615215e-04,2.371190e-14,1.065850e-01,9.209779e-01,5.132539e+00,2.605907e-04,1.234473e-01,5.811172e-01,1.350504e+00,1.180345e-02,1.914107e+03,REACHED_FORCE,REACHED_FORCE,REACHED_FORCE,5,0,0,3,0,0,5,0,0,5.802532e-05,NaN,9.207483e-05,NaN,4.769413e-05,NaN,6.909196e-02,2.737610e-03,5.105584e-02,solution good enough for the tolerances given,solution good enough for the tolerances given,solution good enough for the tolerances given,2.135823e-04,3.644265e-04,2.090030e-04,5.355803e-16,5.802532e-05,4.016852e-16,9.207483e-05,6.004357e-16,4.769413e-05,5.802532e-05,9.207483e-05,4.769413e-05,1.364571e-01,2.464944e+01,1.223723e-02,2.542785e-03,2.352196e-01,2.200000e-01,false
5,1.000000e+01,0,9,CONTINUE,8.615215e-03,7.028106e-04,1.000000e-09,8.615215e-04,2.371190e-14,1.065850e-01,9.214977e-01,5.132300e+00,2.583109e-04,1.230060e-01,5.807596e-01,1.350434e+00,1.180345e-02,1.914107e+03,REACHED_FORCE,REACHED_FORCE,REACHED_FORCE,4,0,0,2,0,0,3,0,0,2.012613e-05,NaN,7.111136e-05,NaN,2.433100e-04,NaN,3.532709e-02,1.160904e-03,2.195711e-02,solution good enough for the tolerances given,solution good enough for the tolerances given,solution good enough for the tolerances given,7.774963e-05,3.083722e-04,9.485542e-04,6.694753e-16,2.012613e-05,6.014817e-16,7.111136e-05,2.079558e-15,2.433100e-04,2.012613e-05,7.111136e-05,2.433100e-04,7.674689e-02,1.391370e+01,1.223723e-02,2.542785e-03,2.352196e-01,2.200000e-01,false
5,3.162000e+01,0,7,CONTINUE,8.615215e-03,7.122298e-04,1.000000e-09,8.615215e-04,2.371190e-14,1.065850e-01,9.200211e-01,5.135341e+00,2.625482e-04,1.244527e-01,5.815163e-01,1.351607e+00,1.180345e-02,1.914107e+03,REACHED_FORCE,REACHED_FORCE,REACHED_FORCE,3,0,0,1,0,0,3,0,0,1.662480e-05,NaN,1.163325e-04,NaN,1.404300e-05,NaN,1.445968e-02,4.582968e-04,8.769098e-03,solution good enough for the tolerances given,solution good enough for the tolerances given,solution good enough for the tolerances given,7.375010e-05,4.582968e-04,5.695108e-05,9.372654e-16,1.662480e-05,1.383931e-15,1.163325e-04,5.214585e-15,1.404300e-05,1.662480e-05,1.163325e-04,1.404300e-05,4.316247e-02,7.909173e+00,1.223723e-02,2.542785e-03,2.352196e-01,2.200000e-01,false
5,1.000000e+02,0,5,CONTINUE,8.615215e-03,7.008629e-04,1.000000e-09,8.615215e-04,2.371190e-14,1.065850e-01,9.214743e-01,5.134399e+00,2.563567e-04,1.227285e-01,5.806253e-01,1.351117e+00,1.180345e-02,1.914107e+03,REACHED_FORCE,REACHED_FORCE,REACHED_FORCE,2,0,0,1,0,0,2,0,0,3.849816e-05,NaN,3.313265e-05,NaN,2.438868e-05,NaN,5.096934e-03,1.498381e-04,3.102459e-03,solution good enough for the tolerances given,solution good enough for the tolerances given,solution good enough for the tolerances given,1.383187e-04,1.498381e-04,1.136443e-04,2.415341e-15,3.849816e-05,6.099286e-15,3.313265e-05,1.858631e-14,2.438868e-05,3.849816e-05,3.313265e-05,2.438868e-05,2.427145e-02,4.567528e+00,1.223723e-02,2.542785e-03,2.352196e-01,2.200000e-01,false
5,3.162000e+02,0,5,CONTINUE,8.615215e-03,6.970843e-04,1.000000e-09,8.615215e-04,2.371190e-14,1.065850e-01,9.219774e-01,5.135069e+00,2.538110e-04,1.227285e-01,5.801409e-01,1.351064e+00,1.180345e-02,1.914107e+03,REACHED_FORCE,REACHED_FORCE,REACHED_FORCE,2,0,0,1,0,0,2,0,0,4.134201e-06,NaN,1.355744e-05,NaN,2.542776e-06,NaN,1.675708e-03,5.371441e-05,1.023039e-03,solution good enough for the tolerances given,solution good enough for the tolerances given,solution good enough for the tolerances given,1.507305e-05,5.371441e-05,1.196710e-05,6.159173e-15,4.134201e-06,1.269388e-14,1.355744e-05,4.102210e-14,2.542776e-06,4.134201e-06,1.355744e-05,2.542776e-06,1.364952e-02,2.872584e+00,1.223723e-02,2.542785e-03,2.352196e-01,2.200000e-01,false
5,1.000000e+03,0,3,CONTINUE,8.615215e-03,7.230536e-04,1.000000e-09,8.615215e-04,2.371190e-14,1.065850e-01,9.189946e-01,5.133241e+00,2.716767e-04,1.213577e-01,5.819026e-01,1.350765e+00,1.180345e-02,1.914107e+03,REACHED_FORCE,REACHED_FORCE,REACHED_FORCE,1,0,0,1,0,0,1,0,0,1.404496e-04,NaN,1.989627e-05,NaN,7.032519e-05,NaN,5.366933e-04,1.476908e-05,3.280364e-04,solution good enough for the tolerances given,solution good enough for the tolerances given,solution good enough for the tolerances given,5.366933e-04,1.476908e-05,3.280364e-04,2.646624e-14,1.404496e-04,4.887170e-14,1.989627e-05,1.469205e-13,7.032519e-05,1.404496e-04,1.989627e-05,7.032519e-05,7.675367e-03,2.872572e+00,1.223723e-02,2.542785e-03,2.352196e-01,2.200000e-01,true
5,3.162000e+03,0,3,CONTINUE,8.615215e-03,7.042604e-04,1.000000e-09,8.615215e-04,2.371190e-14,1.065850e-01,9.211747e-01,5.134522e+00,2.588282e-04,1.221646e-01,5.805562e-01,1.350922e+00,1.180345e-02,1.914107e+03,REACHED_FORCE,REACHED_FORCE,REACHED_FORCE,1,0,0,1,0,0,1,0,0,4.453460e-05,NaN,6.039001e-06,NaN,2.235201e-05,NaN,1.704313e-04,5.181640e-06,1.042110e-04,solution good enough for the tolerances given,solution good enough for the tolerances given,solution good enough for the tolerances given,1.704313e-04,5.181640e-06,1.042110e-04,8.102430e-14,4.453460e-05,1.837362e-13,6.039001e-06,5.264670e-13,2.235201e-05,4.453460e-05,6.039001e-06,2.235201e-05,4.316368e-03,2.872569e+00,1.223723e-02,2.542785e-03,2.352196e-01,2.200000e-01,false
5,1.000000e+04,0,3,CONTINUE,8.615215e-03,6.981702e-04,1.000000e-09,8.615215e-04,2.371190e-14,1.065850e-01,9.218819e-01,5.134940e+00,2.546697e-04,1.224155e-01,5.801208e-01,1.350973e+00,1.180345e-02,1.914107e+03,REACHED_FORCE,REACHED_FORCE,REACHED_FORCE,1,0,0,1,0,0,1,0,0,1.409356e-05,NaN,1.883945e-06,NaN,7.078922e-06,NaN,5.396082e-05,1.713317e-06,3.299872e-05,solution good enough for the tolerances given,solution good enough for the tolerances given,solution good enough for the tolerances given,5.396082e-05,1.713317e-06,3.299872e-05,1.923267e-13,1.409356e-05,5.632285e-13,1.883945e-06,1.314364e-12,7.078922e-06,1.409356e-05,1.883945e-06,7.078922e-06,2.427166e-03,2.872568e+00,1.223723e-02,2.542785e-03,2.352196e-01,2.200000e-01,false
5,3.162000e+04,0,3,CONTINUE,8.615215e-03,6.962297e-04,1.000000e-09,8.615215e-04,2.371190e-14,1.065850e-01,9.221072e-01,5.135073e+00,2.533453e-04,1.224943e-01,5.799822e-01,1.350990e+00,1.180345e-02,1.914107e+03,REACHED_FORCE,REACHED_FORCE,REACHED_FORCE,1,0,0,1,0,0,1,0,0,4.458342e-06,NaN,5.932413e-07,NaN,2.239873e-06,NaN,1.707247e-05,5.499830e-07,1.044076e-05,solution good enough for the tolerances given,solution good enough for the tolerances given,solution good enough for the tolerances given,1.707247e-05,5.499830e-07,1.044076e-05,6.187898e-13,4.458342e-06,1.741585e-12,5.932413e-07,6.388518e-12,2.239873e-06,4.458342e-06,5.932413e-07,2.239873e-06,1.364956e-03,2.872567e+00,1.223723e-02,2.542785e-03,2.352196e-01,2.200000e-01,false
5,1.000000e+05,0,3,CONTINUE,8.615215e-03,6.956145e-04,1.000000e-09,8.615215e-04,2.371190e-14,1.065850e-01,9.221787e-01,5.135116e+00,2.529255e-04,1.225192e-01,5.799382e-01,1.350995e+00,1.180345e-02,1.914107e+03,REACHED_FORCE,REACHED_FORCE,REACHED_FORCE,1,0,0,1,0,0,1,0,0,1.409845e-06,NaN,1.873260e-07,NaN,7.083603e-07,NaN,5.399020e-06,1.747379e-07,3.301841e-06,solution good enough for the tolerances given,solution good enough for the tolerances given,solution good enough for the tolerances given,5.399020e-06,1.747379e-07,3.301841e-06,1.796220e-12,1.409845e-06,5.382306e-12,1.873260e-07,1.519699e-11,7.083603e-07,1.409845e-06,1.873260e-07,7.083603e-07,7.675373e-04,2.872567e+00,1.223723e-02,2.542785e-03,2.352196e-01,2.200000e-01,false
5,3.162000e+05,0,3,CONTINUE,8.615215e-03,6.954198e-04,1.000000e-09,8.615215e-04,2.371190e-14,1.065850e-01,9.222013e-01,5.135129e+00,2.527926e-04,1.225271e-01,5.799243e-01,1.350996e+00,1.180345e-02,1.914107e+03,REACHED_FORCE,REACHED_FORCE,REACHED_FORCE,1,0,0,1,0,0,1,0,0,4.458831e-07,NaN,5.921717e-08,NaN,2.240341e-07,NaN,1.707541e-06,5.534576e-08,1.044273e-06,solution good enough for the tolerances given,solution good enough for the tolerances given,solution good enough for the tolerances given,1.707541e-06,5.534576e-08,1.044273e-06,8.925847e-12,4.458831e-07,1.226090e-11,5.921717e-08,4.868719e-11,2.240341e-07,4.458831e-07,5.921717e-08,2.240341e-07,4.316369e-04,2.872567e+00,1.223723e-02,2.542785e-03,2.352196e-01,2.200000e-01,false
5,1.000000e+06,0,3,CONTINUE,8.615215e-03,6.953583e-04,1.000000e-09,8.615215e-04,2.371190e-14,1.065850e-01,9.222085e-01,5.135134e+00,2.527506e-04,1.225296e-01,5.799199e-01,1.350997e+00,1.180345e-02,1.914107e+03,REACHED_FORCE,REACHED_FORCE,REACHED_FORCE,1,0,0,1,0,0,1,0,0,1.409894e-07,NaN,1.872190e-08,NaN,7.084072e-08,NaN,5.399314e-07,1.750874e-08,3.302039e-07,solution good enough for the tolerances given,solution good enough for the tolerances given,solution good enough for the tolerances given,5.399314e-07,1.750874e-08,3.302039e-07,2.474988e-11,1.409894e-07,4.600135e-11,1.872190e-08,1.249002e-10,7.084072e-08,1.409894e-07,1.872190e-08,7.084072e-08,2.427166e-04,2.872567e+00,1.223723e-02,2.542785e-03,2.352196e-01,2.200000e-01,false
5,3.162000e+06,0,3,CONTINUE,8.615215e-03,6.953388e-04,1.000000e-09,8.615215e-04,2.371190e-14,1.065850e-01,9.222107e-01,5.135135e+00,2.527373e-04,1.225304e-01,5.799186e-01,1.350997e+00,1.180345e-02,1.914107e+03,REACHED_FORCE,REACHED_FORCE,REACHED_FORCE,1,0,0,1,0,0,1,0,0,4.458880e-08,NaN,5.920647e-09,NaN,2.240388e-08,NaN,1.707570e-07,5.538078e-09,1.044293e-07,solution good enough for the tolerances given,solution good enough for the tolerances given,solution good enough for the tolerances given,1.707570e-07,5.538078e-09,1.044293e-07,4.793162e-11,4.458880e-08,1.479605e-10,5.920647e-09,5.304255e-10,2.240388e-08,4.458880e-08,5.920647e-09,2.240388e-08,1.364956e-04,2.872567e+00,1.223723e-02,2.542785e-03,2.352196e-01,2.200000e-01,false
5,1.000000e+07,0,3,CONTINUE,8.615215e-03,6.953326e-04,1.000000e-09,8.615215e-04,2.371190e-14,1.065850e-01,9.222115e-01,5.135135e+00,2.527331e-04,1.225306e-01,5.799181e-01,1.350997e+00,1.180345e-02,1.914107e+03,REACHED_FORCE,REACHED_FORCE,REACHED_FORCE,1,0,0,1,0,0,1,0,0,1.409899e-08,NaN,1.872083e-09,NaN,7.084119e-09,NaN,5.399344e-08,1.751224e-09,3.302058e-08,solution good enough for the tolerances given,solution good enough for the tolerances given,solution good enough for the tolerances given,5.399344e-08,1.751224e-09,3.302058e-08,2.283745e-10,1.409899e-08,7.640390e-10,1.872083e-09,2.461320e-09,7.084119e-09,1.409899e-08,1.872083e-09,7.084119e-09,7.675372e-05,2.872567e+00,1.223723e-02,2.542785e-03,2.352196e-01,2.200000e-01,false
5,3.162000e+07,0,3,CONTINUE,8.615215e-03,6.953305e-04,1.000000e-09,8.615215e-04,2.371190e-14,1.065850e-01,9.222117e-01,5.135135e+00,2.527317e-04,1.225307e-01,5.799180e-01,1.350997e+00,1.180345e-02,1.914107e+03,REACHED_FORCE,REACHED_FORCE,REACHED_FORCE,1,0,0,1,0,0,1,0,0,4.458884e-09,NaN,1.396026e-09,NaN,3.210923e-09,NaN,1.707573e-08,5.538429e-10,1.044295e-08,solution good enough for the tolerances given,solution good enough for the tolerances given,solution good enough for the tolerances given,1.707573e-08,5.538429e-10,1.044295e-08,5.225797e-10,4.458884e-09,1.396026e-09,5.920539e-10,3.210923e-09,2.240393e-09,4.458884e-09,1.396026e-09,3.210923e-09,4.316366e-05,2.872567e+00,1.223723e-02,2.542785e-03,2.352196e-01,2.200000e-01,false
5,1.000000e+08,0,3,CONTINUE,8.615215e-03,6.953295e-04,1.000000e-09,8.615215e-04,2.371190e-14,1.065850e-01,9.222118e-01,5.135135e+00,2.527311e-04,1.225307e-01,5.799179e-01,1.350997e+00,1.180345e-02,1.914107e+03,REACHED_FORCE,REACHED_FORCE,REACHED_FORCE,1,0,0,1,0,0,1,0,0,3.541487e-09,NaN,4.827502e-09,NaN,1.771506e-08,NaN,5.399347e-09,1.751262e-10,3.302061e-09,solution good enough for the tolerances given,solution good enough for the tolerances given,solution good enough for the tolerances given,5.399347e-09,1.751262e-10,3.302061e-09,3.541487e-09,1.409899e-09,4.827502e-09,1.872071e-10,1.771506e-08,7.084124e-10,3.541487e-09,4.827502e-09,1.771506e-08,2.427168e-05,2.872567e+00,1.223723e-02,2.542785e-03,2.352196e-01,2.200000e-01,false
5,3.162000e+08,0,3,CONTINUE,8.615215e-03,6.953295e-04,1.000000e-09,8.615215e-04,2.371190e-14,1.065850e-01,9.222117e-01,5.135136e+00,2.527318e-04,1.225308e-01,5.799179e-01,1.350997e+00,1.180345e-02,1.914107e+03,REACHED_FORCE,REACHED_FORCE,REACHED_FORCE,1,0,0,1,0,0,1,0,0,5.571748e-09,NaN,1.159279e-08,NaN,3.598263e-08,NaN,1.707573e-09,5.538461e-11,1.044295e-09,solution good enough for the tolerances given,solution good enough for the tolerances given,solution good enough for the tolerances given,1.707573e-09,5.538461e-11,1.044295e-09,5.571748e-09,4.458885e-10,1.159279e-08,5.920526e-11,3.598263e-08,2.240395e-10,5.571748e-09,1.159279e-08,3.598263e-08,1.364966e-05,2.872567e+00,1.223723e-02,2.542785e-03,2.352196e-01,2.200000e-01,false
5,1.000000e+09,0,3,CONTINUE,8.615215e-03,6.953214e-04,1.000000e-09,8.615215e-04,2.371190e-14,1.065849e-01,9.222125e-01,5.135136e+00,2.527268e-04,1.225308e-01,5.799182e-01,1.350997e+00,1.180345e-02,1.914107e+03,REACHED_FORCE,REACHED_FORCE,REACHED_FORCE,1,0,0,1,0,0,1,0,0,1.825500e-08,NaN,4.390058e-08,NaN,1.345009e-07,NaN,5.399347e-10,1.751257e-11,3.302067e-10,solution good enough for the tolerances given,solution good enough for the tolerances given,solution good enough for the tolerances given,5.399347e-10,1.751257e-11,3.302067e-10,1.825500e-08,1.409899e-10,4.390058e-08,1.872069e-11,1.345009e-07,7.084140e-11,1.825500e-08,4.390058e-08,1.345009e-07,7.675241e-06,2.872567e+00,1.223723e-02,2.542785e-03,2.352196e-01,2.200000e-01,false
5,3.162000e+09,0,3,CONTINUE,8.615215e-03,6.953203e-04,1.000000e-09,8.615215e-04,2.371190e-14,1.065845e-01,9.222131e-01,5.135133e+00,2.527283e-04,1.225301e-01,5.799173e-01,1.350997e+00,1.180345e-02,1.914107e+03,REACHED_FORCE,REACHED_FORCE,REACHED_FORCE,1,0,0,1,0,0,1,0,0,8.737981e-08,NaN,1.208629e-07,NaN,4.302733e-07,NaN,1.707572e-10,5.538577e-12,1.044301e-10,solution good enough for the tolerances given,solution good enough for the tolerances given,solution good enough for the tolerances given,1.707572e-10,5.538577e-12,1.044301e-10,8.737981e-08,4.458881e-11,1.208629e-07,5.920455e-12,4.302733e-07,2.240399e-11,8.737981e-08,1.208629e-07,4.302733e-07,4.316298e-06,2.872567e+00,1.223723e-02,2.542785e-03,2.352196e-01,2.200000e-01,false
5,1.000000e+10,0,3,CONTINUE,8.615215e-03,6.952680e-04,1.000000e-09,8.615215e-04,2.371190e-14,1.065821e-01,9.222140e-01,5.135124e+00,2.527314e-04,1.225275e-01,5.799163e-01,1.350995e+00,1.180345e-02,1.914107e+03,REACHED_FORCE,REACHED_FORCE,REACHED_FORCE,1,0,0,1,0,0,1,0,0,1.656323e-07,NaN,4.106991e-07,NaN,1.324083e-06,NaN,5.399349e-11,1.751244e-12,3.302113e-11,solution good enough for the tolerances given,solution good enough for the tolerances given,solution good enough for the tolerances given,5.399349e-11,1.751244e-12,3.302113e-11,1.656323e-07,1.409899e-11,4.106991e-07,1.871940e-12,1.324083e-06,7.084302e-12,1.656323e-07,4.106991e-07,1.324083e-06,2.427380e-06,2.872567e+00,1.223723e-02,2.542785e-03,2.352196e-01,2.200000e-01,false
5,3.162000e+10,0,3,CONTINUE,8.615215e-03,6.953299e-04,1.000000e-09,8.615215e-04,2.371190e-14,1.065796e-01,9.222015e-01,5.135080e+00,2.528118e-04,1.225163e-01,5.799123e-01,1.350984e+00,1.180345e-02,1.914107e+03,REACHED_FORCE,REACHED_FORCE,REACHED_FORCE,1,0,0,1,0,0,1,0,0,6.958868e-07,NaN,1.437525e-06,NaN,4.496333e-06,NaN,1.707572e-11,5.540117e-13,1.044398e-11,solution good enough for the tolerances given,solution good enough for the tolerances given,solution good enough for the tolerances given,1.707572e-11,5.540117e-13,1.044398e-11,6.958868e-07,4.458814e-12,1.437525e-06,5.919412e-13,4.496333e-06,2.240679e-12,6.958868e-07,1.437525e-06,4.496333e-06,1.363762e-06,2.872567e+00,1.223723e-02,2.542785e-03,2.352196e-01,2.200000e-01,false
5,1.000000e+11,0,3,CONTINUE,8.615215e-03,6.948232e-04,1.000000e-09,8.615215e-04,2.371190e-14,1.065381e-01,9.222547e-01,5.135010e+00,2.526555e-04,1.224971e-01,5.798506e-01,1.350964e+00,1.180345e-02,1.914107e+03,REACHED_FORCE,REACHED_FORCE,REACHED_FORCE,1,0,0,1,0,0,1,0,0,2.363591e-06,NaN,6.832574e-06,NaN,1.520583e-05,NaN,5.399333e-12,1.751495e-13,3.300810e-12,solution good enough for the tolerances given,solution good enough for the tolerances given,solution good enough for the tolerances given,5.399333e-12,1.751495e-13,3.300810e-12,2.363591e-06,1.409850e-12,6.832574e-06,1.869845e-13,1.520583e-05,7.080848e-13,2.363591e-06,6.832574e-06,1.520583e-05,7.691078e-07,2.872567e+00,1.223723e-02,2.542785e-03,2.352196e-01,2.200000e-01,false
5,3.162000e+11,0,3,CONTINUE,8.615215e-03,6.943209e-04,1.000000e-09,8.615215e-04,2.371190e-14,1.064777e-01,9.224219e-01,5.135200e+00,2.517906e-04,1.225314e-01,5.799730e-01,1.351082e+00,1.180345e-02,1.914107e+03,REACHED_FORCE,REACHED_FORCE,REACHED_FORCE,1,0,0,1,0,0,1,0,0,6.947977e-06,NaN,1.515906e-05,NaN,5.396253e-05,NaN,1.707636e-12,5.534703e-14,1.044717e-12,solution good enough for the tolerances given,solution good enough for the tolerances given,solution good enough for the tolerances given,1.707636e-12,5.534703e-14,1.044717e-12,6.947977e-06,4.458865e-13,1.515906e-05,5.919629e-14,5.396253e-05,2.240817e-13,6.947977e-06,1.515906e-05,5.396253e-05,4.277438e-07,2.872567e+00,1.223723e-02,2.542785e-03,2.352196e-01,2.200000e-01,false
5,1.000000e+12,0,3,CONTINUE,8.615215e-03,6.760875e-04,1.000000e-09,8.615215e-04,2.371190e-14,1.060394e-01,9.241822e-01,5.135109e+00,2.436045e-04,1.223547e-01,5.799427e-01,1.351247e+00,1.180345e-02,1.914107e+03,REACHED_FORCE,REACHED_FORCE,REACHED_FORCE,1,0,0,1,0,0,1,0,0,1.985532e-05,NaN,4.970930e-05,NaN,1.283793e-04,NaN,5.399335e-13,1.741758e-14,3.304706e-13,solution good enough for the tolerances given,solution good enough for the tolerances given,solution good enough for the tolerances given,5.399335e-13,1.741758e-14,3.304706e-13,1.985532e-05,1.409411e-13,4.970930e-05,1.863672e-14,1.283793e-04,7.088216e-14,1.985532e-05,4.970930e-05,1.283793e-04,2.493441e-07,2.872567e+00,1.223723e-02,2.542785e-03,2.352196e-01,2.200000e-01,false
5,3.162000e+12,0,3,CONTINUE,8.615215e-03,6.558473e-04,1.000000e-09,8.615215e-04,2.371190e-14,1.059581e-01,9.261569e-01,5.141418e+00,2.295809e-04,1.238851e-01,5.802721e-01,1.352409e+00,1.180345e-02,1.914107e+03,REACHED_FORCE,REACHED_FORCE,REACHED_FORCE,1,0,0,1,0,0,1,0,0,8.624197e-05,NaN,1.174014e-04,NaN,4.319916e-04,NaN,1.705995e-13,5.838624e-15,1.048277e-13,solution good enough for the tolerances given,solution good enough for the tolerances given,solution good enough for the tolerances given,1.705995e-13,5.838624e-15,1.048277e-13,8.624197e-05,4.457545e-14,1.174014e-04,6.013860e-15,4.319916e-04,2.240640e-14,8.624197e-05,1.174014e-04,4.319916e-04,1.332800e-07,2.872567e+00,1.223723e-02,2.542785e-03,2.352196e-01,2.200000e-01,false
5,1.000000e+13,0,4,CONTINUE,8.615215e-03,6.898832e-04,1.000000e-09,8.615215e-04,2.371190e-14,1.045404e-01,9.222345e-01,5.118822e+00,2.624199e-04,1.181616e-01,5.783617e-01,1.346937e+00,1.180345e-02,1.914107e+03,REACHED_FORCE,REACHED_FORCE,REACHED_FORCE,1,0,0,1,0,0,1,1,1,2.331278e-04,NaN,2.683468e-04,NaN,1.501358e-03,1.889500e-04,5.391807e-14,1.629040e-15,3.321653e-14,solution good enough for the tolerances given,solution good enough for the tolerances given,solution good enough for the tolerances given,5.391807e-14,1.629040e-15,3.321653e-14,2.331278e-04,1.366348e-14,2.683468e-04,4.676118e-16,1.501358e-03,7.180676e-15,2.331278e-04,2.683468e-04,1.889500e-04,8.429370e-08,2.872567e+00,1.223723e-02,2.542785e-03,2.352196e-01,2.200000e-01,false
5,3.162000e+13,0,5,CONTINUE,8.615215e-03,7.253418e-04,1.000000e-09,8.615215e-04,2.371190e-14,9.662743e-02,9.191818e-01,5.145325e+00,2.624220e-04,1.256216e-01,5.818567e-01,1.353672e+00,1.180345e-02,1.914107e+03,REACHED_FORCE,REACHED_FORCE,REACHED_FORCE,1,0,0,1,1,1,1,1,1,6.232509e-04,NaN,1.133024e-03,1.661044e-04,4.394464e-03,3.536000e-04,1.702973e-14,4.793427e-16,1.181274e-14,solution good enough for the tolerances given,solution good enough for the tolerances given,solution good enough for the tolerances given,1.702973e-14,4.793427e-16,1.181274e-14,6.232509e-04,4.278028e-15,1.133024e-03,1.784541e-16,4.394464e-03,2.571865e-15,6.232509e-04,1.661044e-04,3.536000e-04,4.214685e-08,2.872567e+00,1.223723e-02,2.542785e-03,2.352196e-01,2.200000e-01,false
5,1.000000e+14,1,11,CONTINUE,8.615215e-03,8.607190e-03,1.000000e-09,8.615215e-04,2.371190e-14,1.026959e-05,5.899281e-03,4.891877e+00,4.657815e-03,6.057152e-02,1.462447e+01,1.332169e+00,1.180345e-02,1.914107e+03,REFINE_STALLED,REFINE_STALLED,REFINE_STALLED,1,3,3,1,3,3,1,2,2,5.317529e+02,7.665890e+00,5.309621e+02,7.465880e+00,2.445334e+03,8.574795e+00,1.008097e-11,1.002970e-11,1.017503e-10,solution good enough for the tolerances given,solution good enough for the tolerances given,solution good enough for the tolerances given,1.008097e-11,1.002970e-11,1.017503e-10,5.317529e+02,2.657346e-12,5.309621e+02,2.630855e-12,2.445334e+03,1.752093e-11,1.918394e+00,2.429023e+00,8.478372e+00,4.261068e-05,2.872567e+00,1.223723e-02,2.542785e-03,2.352196e-01,2.200000e-01,false
5,3.162000e+14,1,11,CONTINUE,8.615215e-03,8.606968e-03,1.000000e-09,8.615215e-04,2.371190e-14,3.256285e-06,5.781331e-03,4.891826e+00,4.658171e-03,5.991142e-02,1.538453e+01,1.331778e+00,1.180345e-02,1.914107e+03,REFINE_STALLED,REFINE_STALLED,REFINE_STALLED,1,3,3,1,3,3,1,2,2,1.668352e+03,7.720932e+00,1.667536e+03,7.458892e+00,7.725229e+03,8.708182e+00,1.006609e-11,1.004906e-11,1.015588e-10,solution good enough for the tolerances given,solution good enough for the tolerances given,solution good enough for the tolerances given,1.006609e-11,1.004906e-11,1.015588e-10,1.668352e+03,2.628786e-12,1.667536e+03,2.624415e-12,7.725229e+03,1.746635e-11,1.970285e+00,2.720475e+00,8.677005e+00,4.252281e-05,2.872567e+00,1.223723e-02,2.542785e-03,2.352196e-01,2.200000e-01,false
5,1.000000e+15,1,11,CONTINUE,8.615215e-03,8.607197e-03,1.000000e-09,8.615215e-04,2.371190e-14,1.030489e-06,5.742738e-03,4.891809e+00,4.658289e-03,5.968494e-02,1.564601e+01,1.331649e+00,1.180345e-02,1.914107e+03,REFINE_STALLED,REFINE_STALLED,REFINE_STALLED,1,3,3,1,3,3,1,2,2,5.263155e+03,7.734768e+00,5.262326e+03,7.463770e+00,2.442456e+04,8.750934e+00,1.006140e-11,1.005593e-11,1.014980e-10,solution good enough for the tolerances given,solution good enough for the tolerances given,solution good enough for the tolerances given,1.006140e-11,1.005593e-11,1.014980e-10,5.263155e+03,2.630026e-12,5.262326e+03,2.631209e-12,2.442456e+04,1.744909e-11,1.987351e+00,2.820383e+00,8.741012e+00,4.249496e-05,2.872567e+00,1.223723e-02,2.542785e-03,2.352196e-01,2.200000e-01,false
5,3.162000e+15,1,11,CONTINUE,8.615215e-03,8.607298e-03,1.000000e-09,8.615215e-04,2.371190e-14,3.259827e-07,5.730382e-03,4.891803e+00,4.658327e-03,5.961140e-02,1.573097e+01,1.331607e+00,1.180345e-02,1.914107e+03,REFINE_STALLED,REFINE_STALLED,REFINE_STALLED,1,3,3,1,3,3,1,2,2,1.662903e+04,7.747254e+00,1.662812e+04,7.488557e+00,7.722301e+04,8.764527e+00,1.005992e-11,1.005815e-11,1.014789e-10,solution good enough for the tolerances given,solution good enough for the tolerances given,solution good enough for the tolerances given,1.005992e-11,1.005815e-11,1.014789e-10,1.662903e+04,2.651543e-12,1.662812e+04,2.698361e-12,7.722301e+04,1.744368e-11,1.992821e+00,2.852814e+00,8.761415e+00,4.248616e-05,2.872567e+00,1.223723e-02,2.542785e-03,2.352196e-01,2.200000e-01,false
5,1.000000e+16,1,11,CONTINUE,8.615215e-03,8.607334e-03,1.000000e-09,8.615215e-04,2.371190e-14,1.030843e-07,5.726493e-03,4.891802e+00,4.658339e-03,5.958835e-02,1.575802e+01,1.331594e+00,1.180345e-02,1.914107e+03,REFINE_STALLED,REFINE_STALLED,REFINE_STALLED,1,3,3,1,3,3,1,2,2,5.257725e+04,7.930861e+00,5.257641e+04,7.448739e+00,2.442158e+05,8.768757e+00,1.005946e-11,1.005889e-11,1.014727e-10,solution good enough for the tolerances given,solution good enough for the tolerances given,solution good enough for the tolerances given,1.005946e-11,1.005889e-11,1.014727e-10,5.257725e+04,2.696455e-12,5.257641e+04,2.724866e-12,2.442158e+05,1.744189e-11,1.994553e+00,2.863122e+00,8.767862e+00,4.248338e-05,2.872567e+00,1.223723e-02,2.542785e-03,2.352196e-01,2.200000e-01,false
5,3.162000e+16,1,11,CONTINUE,8.615215e-03,8.607345e-03,1.000000e-09,8.615215e-04,2.371190e-14,3.260182e-08,5.725246e-03,4.891801e+00,4.658343e-03,5.958078e-02,1.576667e+01,1.331590e+00,1.180345e-02,1.914107e+03,REFINE_STALLED,REFINE_STALLED,REFINE_STALLED,1,3,3,1,3,3,1,2,2,1.662373e+05,9.281159e+00,1.662358e+05,8.510110e+00,7.721996e+05,8.769977e+00,1.005930e-11,1.005911e-11,1.014708e-10,solution good enough for the tolerances given,solution good enough for the tolerances given,solution good enough for the tolerances given,1.005930e-11,1.005911e-11,1.014708e-10,1.662373e+05,3.160340e-12,1.662358e+05,3.296585e-12,7.721996e+05,1.744127e-11,1.995107e+00,2.866428e+00,8.769976e+00,4.248249e-05,2.872567e+00,1.223723e-02,2.542785e-03,2.352196e-01,2.200000e-01,false
5,1.000000e+17,1,11,CONTINUE,8.615215e-03,8.607349e-03,1.000000e-09,8.615215e-04,2.371190e-14,1.030878e-08,5.724873e-03,4.891801e+00,4.658344e-03,5.957839e-02,1.576933e+01,1.331589e+00,1.180345e-02,1.914107e+03,REFINE_STALLED,REFINE_STALLED,REFINE_STALLED,1,3,3,1,3,3,1,2,2,5.257313e+05,2.923991e+01,5.257295e+05,3.008760e+01,2.442143e+06,8.769956e+00,1.005924e-11,1.005917e-11,1.014703e-10,solution good enough for the tolerances given,solution good enough for the tolerances given,solution good enough for the tolerances given,1.005924e-11,1.005917e-11,1.014703e-10,5.257313e+05,6.576681e-12,5.257295e+05,7.511971e-12,2.442143e+06,1.744121e-11,1.995274e+00,2.867446e+00,8.770860e+00,4.248221e-05,2.872567e+00,1.223723e-02,2.542785e-03,2.352196e-01,2.200000e-01,false
5,3.162000e+17,1,11,CONTINUE,8.615215e-03,8.607350e-03,1.000000e-09,8.615215e-04,2.371190e-14,3.260218e-09,5.724761e-03,4.891801e+00,4.658344e-03,5.957786e-02,1.577003e+01,1.331588e+00,1.180345e-02,1.914107e+03,REFINE_STALLED,REFINE_STALLED,REFINE_STALLED,1,3,3,1,3,3,1,2,2,1.662460e+06,2.977995e+02,1.662464e+06,3.007713e+02,7.721979e+06,8.768615e+00,1.005922e-11,1.005923e-11,1.014700e-10,solution good enough for the tolerances given,solution good enough for the tolerances given,solution good enough for the tolerances given,1.005922e-11,1.005923e-11,1.014700e-10,1.662460e+06,1.085243e-11,1.662464e+06,2.183341e-11,7.721979e+06,1.744101e-11,1.995320e+00,2.867722e+00,8.771793e+00,4.248212e-05,2.872567e+00,1.223723e-02,2.542785e-03,2.352196e-01,2.200000e-01,false
5,1.000000e+18,1,11,CONTINUE,8.615215e-03,8.607352e-03,1.000000e-09,8.615215e-04,2.371190e-14,1.030882e-09,5.724702e-03,4.891801e+00,4.658344e-03,5.957764e-02,1.577041e+01,1.331588e+00,1.180345e-02,1.914107e+03,REFINE_STALLED,REFINE_STALLED,REFINE_STALLED,1,3,3,1,3,3,1,2,2,5.258757e+06,3.008243e+03,5.258777e+06,3.009599e+03,2.442116e+07,8.764037e+00,1.005922e-11,1.005923e-11,1.014699e-10,solution good enough for the tolerances given,solution good enough for the tolerances given,solution good enough for the tolerances given,1.005922e-11,1.005923e-11,1.014699e-10,5.258757e+06,5.357711e-11,5.258777e+06,3.479852e-11,2.442116e+07,1.744107e-11,1.995338e+00,2.867865e+00,8.774161e+00,4.248209e-05,2.872567e+00,1.223723e-02,2.542785e-03,2.352196e-01,2.200000e-01,false
6,1.000000e+00,0,10,CONTINUE,7.230536e-04,7.425268e-06,1.000000e-09,7.230536e-05,2.232694e-14,1.477474e+00,9.897664e-01,5.141641e+00,2.788392e-06,4.469270e-03,3.129105e-02,1.346796e+00,1.804041e-03,2.234939e+04,REACHED_FORCE,REACHED_FORCE,REACHED_FORCE,4,0,0,2,0,0,4,0,0,1.428926e-06,NaN,3.813616e-06,NaN,5.979825e-06,NaN,1.994793e-02,9.285504e-05,9.972923e-02,solution good enough for the tolerances given,solution good enough for the tolerances given,solution good enough for the tolerances given,6.442095e-06,1.753186e-05,2.720980e-05,6.694753e-16,1.428926e-06,1.071161e-15,3.813616e-06,3.682114e-16,5.979825e-06,1.428926e-06,3.813616e-06,5.979825e-06,7.430978e-02,1.495050e+02,9.451871e-04,1.962294e-04,1.583831e-02,0.000000e+00,false
6,3.162000e+00,0,7,CONTINUE,7.230536e-04,7.370101e-06,1.000000e-09,7.230536e-05,2.232694e-14,1.477474e+00,9.895076e-01,5.143587e+00,2.758382e-06,4.667541e-03,3.122902e-02,1.347309e+00,1.804041e-03,2.234939e+04,REACHED_FORCE,REACHED_FORCE,REACHED_FORCE,3,0,0,1,0,0,3,0,0,3.739505e-06,NaN,1.171776e-05,NaN,2.131730e-05,NaN,8.349063e-03,3.846429e-05,3.638781e-02,solution good enough for the tolerances given,solution good enough for the tolerances given,solution good enough for the tolerances given,1.431983e-05,3.846429e-05,9.360629e-05,5.355803e-16,3.739505e-06,2.677901e-16,1.171776e-05,4.696788e-16,2.131730e-05,3.739505e-06,1.171776e-05,2.131730e-05,4.179168e-02,8.408603e+01,9.451871e-04,1.962294e-04,1.583831e-02,0.000000e+00,false
6,1.000000e+01,0,6,CONTINUE,7.230536e-04,7.568257e-06,1.000000e-09,7.230536e-05,2.232694e-14,1.477474e+00,9.894167e-01,5.142685e+00,2.836597e-06,4.548197e-03,3.127007e-02,1.347070e+00,1.804041e-03,2.234939e+04,REACHED_FORCE,REACHED_FORCE,REACHED_FORCE,2,0,0,1,0,0,3,0,0,1.452583e-05,NaN,4.560125e-06,NaN,7.082474e-07,NaN,2.962334e-03,1.528943e-05,1.217092e-02,solution good enough for the tolerances given,solution good enough for the tolerances given,solution good enough for the tolerances given,5.138664e-05,1.528943e-05,3.083763e-06,4.016852e-16,1.452583e-05,5.355803e-16,4.560125e-06,1.230161e-15,7.082474e-07,1.452583e-05,4.560125e-06,7.082474e-07,2.350058e-02,4.729980e+01,9.451871e-04,1.962294e-04,1.583831e-02,0.000000e+00,false
6,3.162000e+01,0,5,CONTINUE,7.230536e-04,7.463102e-06,1.000000e-09,7.230536e-05,2.232694e-14,1.477474e+00,9.896436e-01,5.142056e+00,2.801680e-06,4.504942e-03,3.128384e-02,1.346905e+00,1.804041e-03,2.234939e+04,REACHED_FORCE,REACHED_FORCE,REACHED_FORCE,2,0,0,1,0,0,2,0,0,1.488509e-06,NaN,1.408108e-06,NaN,6.331068e-06,NaN,9.752623e-04,4.537605e-06,3.924802e-03,solution good enough for the tolerances given,solution good enough for the tolerances given,solution good enough for the tolerances given,5.269443e-06,4.537605e-06,2.594138e-05,5.355803e-16,1.488509e-06,5.355803e-16,1.408108e-06,4.887170e-15,6.331068e-06,1.488509e-06,1.408108e-06,6.331068e-06,1.321601e-02,2.662923e+01,9.451871e-04,1.962294e-04,1.583831e-02,0.000000e+00,false
6,1.000000e+02,0,5,CONTINUE,7.230536e-04,7.469971e-06,1.000000e-09,7.230536e-05,2.232694e-14,1.477474e+00,9.896579e-01,5.141902e+00,2.805250e-06,4.493955e-03,3.128867e-02,1.346864e+00,1.804041e-03,2.234939e+04,REACHED_FORCE,REACHED_FORCE,REACHED_FORCE,2,0,0,1,0,0,2,0,0,1.495185e-07,NaN,4.332711e-07,NaN,6.472028e-07,NaN,3.124549e-04,1.437546e-06,1.248941e-03,solution good enough for the tolerances given,solution good enough for the tolerances given,solution good enough for the tolerances given,5.310314e-07,1.437546e-06,2.653695e-06,6.694753e-16,1.495185e-07,8.033704e-16,4.332711e-07,1.435083e-14,6.472028e-07,1.495185e-07,4.332711e-07,6.472028e-07,7.431593e-03,1.502387e+01,9.451871e-04,1.962294e-04,1.583831e-02,0.000000e+00,false
6,3.162000e+02,0,5,CONTINUE,7.230536e-04,7.476626e-06,1.000000e-09,7.230536e-05,2.232694e-14,1.477474e+00,9.896562e-01,5.141857e+00,2.808017e-06,4.490781e-03,3.129026e-02,1.346852e+00,1.804041e-03,2.234939e+04,REACHED_FORCE,REACHED_FORCE,REACHED_FORCE,2,0,0,1,0,0,2,0,0,1.497637e-08,NaN,1.361616e-07,NaN,6.518926e-08,NaN,9.923122e-05,4.560021e-07,3.957882e-04,solution good enough for the tolerances given,solution good enough for the tolerances given,solution good enough for the tolerances given,5.324538e-08,4.560021e-07,2.673551e-07,9.372654e-16,1.497637e-08,8.033704e-16,1.361616e-07,4.621053e-14,6.518926e-08,1.497637e-08,1.361616e-07,6.518926e-08,4.179278e-03,8.525871e+00,9.451871e-04,1.962294e-04,1.583831e-02,0.000000e+00,false
6,1.000000e+03,0,4,CONTINUE,7.230536e-04,7.767461e-06,1.000000e-09,7.230536e-05,2.232694e-14,1.477474e+00,9.892584e-01,5.142928e+00,2.924003e-06,4.515000e-03,3.127731e-02,1.347132e+00,1.804041e-03,2.234939e+04,REACHED_FORCE,REACHED_FORCE,REACHED_FORCE,1,0,0,1,0,0,2,0,0,8.496647e-06,NaN,5.151629e-08,NaN,6.532336e-09,NaN,3.141873e-05,1.754517e-07,1.252290e-04,solution good enough for the tolerances given,solution good enough for the tolerances given,solution good enough for the tolerances given,3.141873e-05,1.754517e-07,2.679255e-08,1.539793e-15,8.496647e-06,2.210445e-15,5.151629e-08,1.362048e-13,6.532336e-09,8.496647e-06,5.151629e-08,6.532336e-09,2.350078e-03,4.891282e+00,9.451871e-04,1.962294e-04,1.583831e-02,0.000000e+00,false
6,3.162000e+03,0,3,CONTINUE,7.230536e-04,7.571339e-06,1.000000e-09,7.230536e-05,2.232694e-14,1.477474e+00,9.895290e-01,5.142182e+00,2.845812e-06,4.493406e-03,3.128641e-02,1.346937e+00,1.804041e-03,2.234939e+04,REACHED_FORCE,REACHED_FORCE,REACHED_FORCE,1,0,0,1,0,0,1,0,0,2.720728e-06,NaN,9.399734e-08,NaN,1.042747e-05,NaN,9.940539e-06,4.878562e-08,3.961245e-05,solution good enough for the tolerances given,solution good enough for the tolerances given,solution good enough for the tolerances given,9.940539e-06,4.878562e-08,3.961245e-05,4.150747e-15,2.720728e-06,5.435597e-15,9.399734e-08,3.868898e-13,1.042747e-05,2.720728e-06,9.399734e-08,1.042747e-05,1.321604e-03,2.872567e+00,9.451871e-04,1.962294e-04,1.583831e-02,0.000000e+00,true
6,1.000000e+04,0,3,CONTINUE,7.230536e-04,7.509209e-06,1.000000e-09,7.230536e-05,2.232694e-14,1.477474e+00,9.896147e-01,5.141946e+00,2.821038e-06,4.490244e-03,3.128953e-02,1.346876e+00,1.804041e-03,2.234939e+04,REACHED_FORCE,REACHED_FORCE,REACHED_FORCE,1,0,0,1,0,0,1,0,0,8.601077e-07,NaN,2.888814e-08,NaN,3.297351e-06,NaN,3.143618e-06,1.475373e-08,1.252626e-05,solution good enough for the tolerances given,solution good enough for the tolerances given,solution good enough for the tolerances given,3.143618e-06,1.475373e-08,1.252626e-05,2.530584e-14,8.601077e-07,3.105643e-14,2.888814e-08,1.626139e-12,3.297351e-06,8.601077e-07,2.888814e-08,3.297351e-06,7.431600e-04,2.872567e+00,9.451871e-04,1.962294e-04,1.583831e-02,0.000000e+00,false
6,3.162000e+04,0,3,CONTINUE,7.230536e-04,7.489556e-06,1.000000e-09,7.230536e-05,2.232694e-14,1.477474e+00,9.896418e-01,5.141872e+00,2.813200e-06,4.489597e-03,3.129055e-02,1.346856e+00,1.804041e-03,2.234939e+04,REACHED_FORCE,REACHED_FORCE,REACHED_FORCE,1,0,0,1,0,0,1,0,0,2.719952e-07,NaN,9.052672e-09,NaN,1.042824e-06,NaN,9.942284e-07,4.599051e-09,3.961581e-06,solution good enough for the tolerances given,solution good enough for the tolerances given,solution good enough for the tolerances given,9.942284e-07,4.599051e-09,3.961581e-06,8.310127e-14,2.719952e-07,1.353710e-13,9.052672e-09,1.250592e-11,1.042824e-06,2.719952e-07,9.052672e-09,1.042824e-06,4.179279e-04,2.872567e+00,9.451871e-04,1.962294e-04,1.583831e-02,0.000000e+00,false
6,1.000000e+05,0,3,CONTINUE,7.230536e-04,7.483339e-06,1.000000e-09,7.230536e-05,2.232694e-14,1.477474e+00,9.896504e-01,5.141848e+00,2.810721e-06,4.489427e-03,3.129087e-02,1.346850e+00,1.804041e-03,2.234939e+04,REACHED_FORCE,REACHED_FORCE,REACHED_FORCE,1,0,0,1,0,0,1,0,0,8.600300e-08,NaN,2.854118e-09,NaN,3.297427e-07,NaN,3.143792e-07,1.447540e-09,1.252660e-06,solution good enough for the tolerances given,solution good enough for the tolerances given,solution good enough for the tolerances given,3.143792e-07,1.447540e-09,1.252660e-06,1.370786e-13,8.600300e-08,2.004569e-13,2.854118e-09,1.442935e-11,3.297427e-07,8.600300e-08,2.854118e-09,3.297427e-07,2.350078e-04,2.872567e+00,9.451871e-04,1.962294e-04,1.583831e-02,0.000000e+00,false
6,3.162000e+05,0,3,CONTINUE,7.230536e-04,7.481373e-06,1.000000e-09,7.230536e-05,2.232694e-14,1.477474e+00,9.896531e-01,5.141841e+00,2.809937e-06,4.489377e-03,3.129097e-02,1.346848e+00,1.804041e-03,2.234939e+04,REACHED_FORCE,REACHED_FORCE,REACHED_FORCE,1,0,0,1,0,0,1,0,0,2.719874e-08,NaN,9.017972e-10,NaN,1.042831e-07,NaN,9.942459e-08,4.571251e-10,3.961615e-07,solution good enough for the tolerances given,solution good enough for the tolerances given,solution good enough for the tolerances given,9.942459e-08,4.571251e-10,3.961615e-07,8.259986e-13,2.719874e-08,6.515334e-13,9.017972e-10,7.885730e-11,1.042831e-07,2.719874e-08,9.017972e-10,1.042831e-07,1.321604e-04,2.872567e+00,9.451871e-04,1.962294e-04,1.583831e-02,0.000000e+00,false
6,1.000000e+06,0,3,CONTINUE,7.230536e-04,7.480751e-06,1.000000e-09,7.230536e-05,2.232694e-14,1.477474e+00,9.896540e-01,5.141838e+00,2.809689e-06,4.489361e-03,3.129100e-02,1.346847e+00,1.804041e-03,2.234939e+04,REACHED_FORCE,REACHED_FORCE,REACHED_FORCE,1,0,0,1,0,0,1,0,0,8.600223e-09,NaN,2.850649e-10,NaN,3.297435e-08,NaN,3.143810e-08,1.444762e-10,1.252664e-07,solution good enough for the tolerances given,solution good enough for the tolerances given,solution good enough for the tolerances given,3.143810e-08,1.444762e-10,1.252664e-07,2.842839e-12,8.600223e-09,2.643154e-12,2.850649e-10,2.063611e-10,3.297435e-08,8.600223e-09,2.850649e-10,3.297435e-08,7.431600e-05,2.872567e+00,9.451871e-04,1.962294e-04,1.583831e-02,0.000000e+00,false
6,3.162000e+06,0,3,CONTINUE,7.230536e-04,7.480556e-06,1.000000e-09,7.230536e-05,2.232694e-14,1.477474e+00,9.896542e-01,5.141837e+00,2.809611e-06,4.489356e-03,3.129101e-02,1.346847e+00,1.804041e-03,2.234939e+04,REACHED_FORCE,REACHED_FORCE,REACHED_FORCE,1,0,0,1,0,0,1,0,0,2.719866e-09,NaN,9.014508e-11,NaN,1.042832e-08,NaN,9.942476e-09,4.568476e-11,3.961618e-08,solution good enough for the tolerances given,solution good enough for the tolerances given,solution good enough for the tolerances given,9.942476e-09,4.568476e-11,3.961618e-08,6.670798e-12,2.719866e-09,6.130248e-12,9.014508e-11,4.361419e-10,1.042832e-08,2.719866e-09,9.014508e-11,1.042832e-08,4.179280e-05,2.872567e+00,9.451871e-04,1.962294e-04,1.583831e-02,0.000000e+00,false
6,1.000000e+07,0,3,CONTINUE,7.230536e-04,7.480493e-06,1.000000e-09,7.230536e-05,2.232694e-14,1.477473e+00,9.896543e-01,5.141837e+00,2.809586e-06,4.489355e-03,3.129102e-02,1.346847e+00,1.804041e-03,2.234939e+04,REACHED_FORCE,REACHED_FORCE,REACHED_FORCE,1,0,0,1,0,0,1,0,0,8.600215e-10,NaN,2.850306e-11,NaN,3.297436e-09,NaN,3.143811e-09,1.444482e-11,1.252664e-08,solution good enough for the tolerances given,solution good enough for the tolerances given,solution good enough for the tolerances given,3.143811e-09,1.444482e-11,1.252664e-08,1.700253e-11,8.600215e-10,1.703247e-11,2.850306e-11,1.837012e-09,3.297436e-09,8.600215e-10,2.850306e-11,3.297436e-09,2.350075e-05,2.872567e+00,9.451871e-04,1.962294e-04,1.583831e-02,0.000000e+00,false
6,3.162000e+07,0,3,CONTINUE,7.230536e-04,7.480487e-06,1.000000e-09,7.230536e-05,2.232694e-14,1.477473e+00,9.896543e-01,5.141837e+00,2.809582e-06,4.489355e-03,3.129102e-02,1.346847e+00,1.804041e-03,2.234939e+04,REACHED_FORCE,REACHED_FORCE,REACHED_FORCE,1,0,0,1,0,0,1,0,0,2.719865e-10,NaN,7.297532e-11,NaN,4.940990e-09,NaN,9.942478e-10,4.568212e-12,3.961619e-09,solution good enough for the tolerances given,solution good enough for the tolerances given,solution good enough for the tolerances given,9.942478e-10,4.568212e-12,3.961619e-09,5.446436e-11,2.719865e-10,7.297532e-11,9.014184e-12,4.940990e-09,1.042832e-09,2.719865e-10,7.297532e-11,4.940990e-09,1.321598e-05,2.872567e+00,9.451871e-04,1.962294e-04,1.583831e-02,0.000000e+00,false
6,1.000000e+08,0,3,CONTINUE,7.230536e-04,7.480518e-06,1.000000e-09,7.230536e-05,2.232694e-14,1.477466e+00,9.896543e-01,5.141837e+00,2.809588e-06,4.489355e-03,3.129101e-02,1.346847e+00,1.804041e-03,2.234939e+04,REACHED_FORCE,REACHED_FORCE,REACHED_FORCE,1,0,0,1,0,0,1,0,0,1.403332e-10,NaN,1.811007e-10,NaN,1.522756e-08,NaN,3.143812e-10,1.444473e-12,1.252663e-09,solution good enough for the tolerances given,solution good enough for the tolerances given,solution good enough for the tolerances given,3.143812e-10,1.444473e-12,1.252663e-09,1.403332e-10,8.600214e-11,1.811007e-10,2.850320e-12,1.522756e-08,3.297436e-10,1.403332e-10,1.811007e-10,1.522756e-08,7.431363e-06,2.872567e+00,9.451871e-04,1.962294e-04,1.583831e-02,0.000000e+00,false
6,3.162000e+08,0,3,CONTINUE,7.230536e-04,7.480439e-06,1.000000e-09,7.230536e-05,2.232694e-14,1.477430e+00,9.896544e-01,5.141837e+00,2.809569e-06,4.489356e-03,3.129101e-02,1.346847e+00,1.804041e-03,2.234939e+04,REACHED_FORCE,REACHED_FORCE,REACHED_FORCE,1,0,0,1,0,0,1,0,0,7.132164e-10,NaN,6.367382e-10,NaN,5.359598e-08,NaN,9.942477e-11,4.568273e-13,3.961619e-10,solution good enough for the tolerances given,solution good enough for the tolerances given,solution good enough for the tolerances given,9.942477e-11,4.568273e-13,3.961619e-10,7.132164e-10,2.719865e-11,6.367382e-10,9.014376e-13,5.359598e-08,1.042833e-10,7.132164e-10,6.367382e-10,5.359598e-08,4.179344e-06,2.872567e+00,9.451871e-04,1.962294e-04,1.583831e-02,0.000000e+00,false
6,1.000000e+09,0,3,CONTINUE,7.230536e-04,7.480354e-06,1.000000e-09,7.230536e-05,2.232694e-14,1.477410e+00,9.896546e-01,5.141838e+00,2.809508e-06,4.489359e-03,3.129101e-02,1.346847e+00,1.804041e-03,2.234939e+04,REACHED_FORCE,REACHED_FORCE,REACHED_FORCE,1,0,0,1,0,0,1,0,0,1.718153e-09,NaN,1.970463e-09,NaN,1.909418e-07,NaN,3.143811e-11,1.444623e-13,1.252661e-10,solution good enough for the tolerances given,solution good enough for the tolerances given,solution good enough for the tolerances given,3.143811e-11,1.444623e-13,1.252661e-10,1.718153e-09,8.600220e-12,1.970463e-09,2.850575e-13,1.909418e-07,3.297454e-11,1.718153e-09,1.970463e-09,1.909418e-07,2.350041e-06,2.872567e+00,9.451871e-04,1.962294e-04,1.583831e-02,0.000000e+00,false
6,3.162000e+09,0,3,CONTINUE,7.230536e-04,7.481963e-06,1.000000e-09,7.230536e-05,2.232694e-14,1.477287e+00,9.896518e-01,5.141847e+00,2.810130e-06,4.489422e-03,3.129085e-02,1.346850e+00,1.804041e-03,2.234939e+04,REACHED_FORCE,REACHED_FORCE,REACHED_FORCE,1,0,0,1,0,0,1,0,0,6.530765e-09,NaN,7.795797e-09,NaN,6.136658e-07,NaN,9.942461e-12,4.570809e-14,3.961757e-11,solution good enough for the tolerances given,solution good enough for the tolerances given,solution good enough for the tolerances given,9.942461e-12,4.570809e-14,3.961757e-11,6.530765e-09,2.719890e-12,7.795797e-09,9.024977e-14,6.136658e-07,1.042873e-11,6.530765e-09,7.795797e-09,6.136658e-07,1.322767e-06,2.872567e+00,9.451871e-04,1.962294e-04,1.583831e-02,0.000000e+00,false
6,1.000000e+10,0,3,CONTINUE,7.230536e-04,7.481714e-06,1.000000e-09,7.230536e-05,2.232694e-14,1.477103e+00,9.896519e-01,5.141847e+00,2.809782e-06,4.489429e-03,3.129048e-02,1.346850e+00,1.804041e-03,2.234939e+04,REACHED_FORCE,REACHED_FORCE,REACHED_FORCE,1,0,0,1,0,0,1,0,0,2.002730e-08,NaN,1.813354e-08,NaN,1.256193e-06,NaN,3.143803e-12,1.444423e-14,1.252490e-11,solution good enough for the tolerances given,solution good enough for the tolerances given,solution good enough for the tolerances given,3.143803e-12,1.444423e-14,1.252490e-11,2.002730e-08,8.600133e-13,1.813354e-08,2.853456e-14,1.256193e-06,3.297195e-12,2.002730e-08,1.813354e-08,1.256193e-06,7.432678e-07,2.872567e+00,9.451871e-04,1.962294e-04,1.583831e-02,0.000000e+00,false
6,3.162000e+10,0,3,CONTINUE,7.230536e-04,7.490377e-06,1.000000e-09,7.230536e-05,2.232694e-14,1.474296e+00,9.896375e-01,5.141911e+00,2.812688e-06,4.489939e-03,3.128795e-02,1.346867e+00,1.804041e-03,2.234939e+04,REACHED_FORCE,REACHED_FORCE,REACHED_FORCE,1,0,0,1,0,0,1,0,0,3.709533e-08,NaN,4.685471e-08,NaN,6.257255e-06,NaN,9.942331e-13,4.552851e-15,3.960986e-12,solution good enough for the tolerances given,solution good enough for the tolerances given,solution good enough for the tolerances given,9.942331e-13,4.552851e-15,3.960986e-12,3.709533e-08,2.719957e-13,4.685471e-08,9.095211e-15,6.257255e-06,1.042789e-12,3.709533e-08,4.685471e-08,6.257255e-06,4.150983e-07,2.872567e+00,9.451871e-04,1.962294e-04,1.583831e-02,0.000000e+00,false
6,1.000000e+11,0,3,CONTINUE,7.230536e-04,7.537021e-06,1.000000e-09,7.230536e-05,2.232694e-14,1.477365e+00,9.895638e-01,5.141981e+00,2.831293e-06,4.490830e-03,3.128782e-02,1.346885e+00,1.804041e-03,2.234939e+04,REACHED_FORCE,REACHED_FORCE,REACHED_FORCE,1,0,0,1,0,0,1,0,0,1.611824e-07,NaN,1.490113e-07,NaN,1.241166e-05,NaN,3.143859e-13,1.448381e-15,1.252826e-12,solution good enough for the tolerances given,solution good enough for the tolerances given,solution good enough for the tolerances given,3.143859e-13,1.448381e-15,1.252826e-12,1.611824e-07,8.601124e-14,1.490113e-07,2.901402e-15,1.241166e-05,3.299001e-13,1.611824e-07,1.490113e-07,1.241166e-05,2.384186e-07,2.872567e+00,9.451871e-04,1.962294e-04,1.583831e-02,0.000000e+00,false
6,3.162000e+11,0,4,CONTINUE,7.230536e-04,8.282934e-06,1.000000e-09,7.230536e-05,2.232694e-14,1.450395e+00,9.885450e-01,5.141905e+00,3.119981e-06,4.490679e-03,3.128042e-02,1.346873e+00,1.804041e-03,2.234939e+04,REACHED_FORCE,REACHED_FORCE,REACHED_FORCE,1,0,0,1,0,0,1,1,1,6.576875e-07,NaN,7.574533e-07,NaN,8.830378e-05,4.331705e-07,9.940272e-14,4.512195e-16,3.942812e-13,solution good enough for the tolerances given,solution good enough for the tolerances given,solution good enough for the tolerances given,9.940272e-14,4.512195e-16,3.942812e-13,6.576875e-07,2.688336e-14,7.574533e-07,1.388223e-16,8.830378e-05,1.040720e-13,6.576875e-07,7.574533e-07,4.331705e-07,1.332800e-07,2.872567e+00,9.451871e-04,1.962294e-04,1.583831e-02,0.000000e+00,false
6,1.000000e+12,0,4,CONTINUE,7.230536e-04,9.755533e-06,1.000000e-09,7.230536e-05,2.232694e-14,1.384020e+00,9.864972e-01,5.143084e+00,3.666581e-06,4.528612e-03,3.127154e-02,1.347189e+00,1.804041e-03,2.234939e+04,REACHED_FORCE,REACHED_FORCE,REACHED_FORCE,1,0,0,1,0,0,1,1,1,1.933084e-06,NaN,1.840267e-06,NaN,2.076810e-04,1.540573e-05,3.143079e-14,1.628297e-16,1.251863e-13,solution good enough for the tolerances given,solution good enough for the tolerances given,solution good enough for the tolerances given,3.143079e-14,1.628297e-16,1.251863e-13,1.933084e-06,8.494450e-15,1.840267e-06,4.549916e-17,2.076810e-04,3.300914e-14,1.933084e-06,1.840267e-06,1.540573e-05,8.429370e-08,2.872567e+00,9.451871e-04,1.962294e-04,1.583831e-02,0.000000e+00,false
6,3.162000e+12,1,7,CONTINUE,7.230536e-04,8.103480e-04,1.000000e-09,7.230536e-05,2.232694e-14,1.709802e-04,4.097034e-05,5.133215e+00,2.716723e-04,1.993601e-01,1.076527e+02,1.351774e+00,1.804041e-03,2.234939e+04,REFINE_STALLED,REFINE_STALLED,REFINE_STALLED,1,1,1,1,1,1,1,2,2,3.770199e+00,3.545612e+00,1.971652e+01,1.090132e+01,8.858965e+01,1.648371e+01,1.368523e-12,1.960143e-11,1.523418e-10,solution good enough for the tolerances given,solution good enough for the tolerances given,solution good enough for the tolerances given,1.368523e-12,1.960143e-11,1.523418e-10,3.770199e+00,1.109305e-12,1.971652e+01,5.049022e-12,8.858965e+01,3.112195e-11,3.545612e+00,1.090132e+01,1.232383e+01,4.472134e-05,2.872567e+00,9.451871e-04,1.962294e-04,1.583831e-02,0.000000e+00,false
6,1.000000e+13,1,7,CONTINUE,7.230536e-04,7.814575e-04,1.000000e-09,7.230536e-05,2.232694e-14,7.755868e-05,2.050791e-05,5.133241e+00,2.716739e-04,3.302358e-02,1.435905e+02,1.351776e+00,1.804041e-03,2.234939e+04,REFINE_STALLED,REFINE_STALLED,REFINE_STALLED,1,1,1,1,1,1,1,2,2,7.138806e+00,4.521960e+00,2.953411e+01,3.083894e+01,2.593809e+02,4.124609e+01,1.012439e-12,1.434845e-11,1.230615e-10,solution good enough for the tolerances given,solution good enough for the tolerances given,solution good enough for the tolerances given,1.012439e-12,1.434845e-11,1.230615e-10,7.138806e+00,4.727711e-13,2.953411e+01,3.606067e-12,2.593809e+02,2.366986e-11,4.521960e+00,3.083894e+01,2.791981e+01,4.472134e-05,2.872567e+00,9.451871e-04,1.962294e-04,1.583831e-02,0.000000e+00,false
6,3.162000e+13,1,11,CONTINUE,7.230536e-04,7.922734e-04,1.000000e-09,7.230536e-05,2.232694e-14,2.935116e-05,4.600726e-04,5.133254e+00,2.716162e-04,6.692223e-03,7.731970e+00,1.351560e+00,1.804041e-03,2.234939e+04,REFINE_STALLED,REFINE_STALLED,REFINE_STALLED,1,3,3,1,3,3,1,2,2,1.851592e+01,5.231076e+00,1.830437e+01,6.034183e+00,7.930157e+02,6.959124e+01,8.864712e-13,8.998486e-13,1.093941e-10,solution good enough for the tolerances given,solution good enough for the tolerances given,solution good enough for the tolerances given,8.864712e-13,8.998486e-13,1.093941e-10,1.851592e+01,2.888765e-13,1.830437e+01,2.933104e-13,7.930157e+02,1.983921e-11,1.159688e+00,1.492973e+00,5.947220e+01,4.472134e-05,2.872567e+00,9.451871e-04,1.962294e-04,1.583831e-02,0.000000e+00,false
6,1.000000e+14,1,11,CONTINUE,7.230536e-04,7.271895e-04,1.000000e-09,7.230536e-05,2.232694e-14,9.952121e-06,1.946120e-04,5.133246e+00,2.716512e-04,5.777009e-03,6.964779e+00,1.350565e+00,1.804041e-03,2.234939e+04,REFINE_STALLED,REFINE_STALLED,REFINE_STALLED,1,3,3,1,3,3,1,2,2,5.005818e+01,6.106700e+00,5.001539e+01,7.478009e+00,2.465978e+03,8.623064e+01,8.445797e-13,8.129368e-13,1.041311e-10,solution good enough for the tolerances given,solution good enough for the tolerances given,solution good enough for the tolerances given,8.445797e-13,8.129368e-13,1.041311e-10,5.005818e+01,2.378577e-13,5.001539e+01,2.256103e-13,2.465978e+03,1.826565e-11,1.185463e+00,2.343679e+00,8.160973e+01,4.376510e-05,2.872567e+00,9.451871e-04,1.962294e-04,1.583831e-02,0.000000e+00,false
6,3.162000e+14,1,11,CONTINUE,7.230536e-04,7.233326e-04,1.000000e-09,7.230536e-05,2.232694e-14,3.223398e-06,1.385108e-04,5.133245e+00,2.716586e-04,6.070412e-03,9.118153e+00,1.350553e+00,1.804041e-03,2.234939e+04,REFINE_STALLED,REFINE_STALLED,REFINE_STALLED,1,3,3,1,3,3,1,2,2,1.478711e+02,6.518187e+00,1.477563e+02,8.386343e+00,7.747034e+03,9.395538e+01,8.311470e-13,8.208331e-13,1.023294e-10,solution good enough for the tolerances given,solution good enough for the tolerances given,solution good enough for the tolerances given,8.311470e-13,8.208331e-13,1.023294e-10,1.478711e+02,2.233883e-13,1.477563e+02,2.195132e-13,7.747034e+03,1.770985e-11,1.389785e+00,3.158002e+00,9.131085e+01,4.289303e-05,2.872567e+00,9.451871e-04,1.962294e-04,1.583831e-02,0.000000e+00,false
6,1.000000e+15,1,11,CONTINUE,7.230536e-04,7.230327e-04,1.000000e-09,7.230536e-05,2.232694e-14,1.027163e-06,1.226158e-04,5.133244e+00,2.716606e-04,6.190866e-03,1.013298e+01,1.350557e+00,1.804041e-03,2.234939e+04,REFINE_STALLED,REFINE_STALLED,REFINE_STALLED,1,3,3,1,3,3,1,2,2,4.566637e+02,6.641911e+00,4.565432e+02,8.756368e+00,2.444658e+04,9.855707e+01,8.268808e-13,8.236819e-13,1.017435e-10,solution good enough for the tolerances given,solution good enough for the tolerances given,solution good enough for the tolerances given,8.268808e-13,8.236819e-13,1.017435e-10,4.566637e+02,2.190952e-13,4.565432e+02,2.183628e-13,2.444658e+04,1.752683e-11,1.497480e+00,3.574594e+00,9.745437e+01,4.261256e-05,2.872567e+00,9.451871e-04,1.962294e-04,1.583831e-02,0.000000e+00,false
6,3.162000e+15,1,11,CONTINUE,7.230536e-04,7.230072e-04,1.000000e-09,7.230536e-05,2.232694e-14,3.256490e-07,1.177405e-04,5.133244e+00,2.716613e-04,6.232012e-03,1.050757e+01,1.350559e+00,1.804041e-03,2.234939e+04,REFINE_STALLED,REFINE_STALLED,REFINE_STALLED,1,3,3,1,3,3,1,2,2,1.432826e+03,6.680322e+00,1.432703e+03,8.886389e+00,7.724559e+04,1.000824e+02,8.255326e-13,8.245303e-13,1.015567e-10,solution good enough for the tolerances given,solution good enough for the tolerances given,solution good enough for the tolerances given,8.255326e-13,8.245303e-13,1.015567e-10,1.432826e+03,2.177619e-13,1.432703e+03,2.178252e-13,7.724559e+04,1.746833e-11,1.536985e+00,3.731165e+00,9.972556e+01,4.252340e-05,2.872567e+00,9.451871e-04,1.962294e-04,1.583831e-02,0.000000e+00,false
6,1.000000e+16,1,11,CONTINUE,7.230536e-04,7.230053e-04,1.000000e-09,7.230536e-05,2.232694e-14,1.030509e-07,1.162075e-04,5.133244e+00,2.716615e-04,6.245448e-03,1.063249e+01,1.350559e+00,1.804041e-03,2.234939e+04,REFINE_STALLED,REFINE_STALLED,REFINE_STALLED,1,3,3,1,3,3,1,2,2,4.520190e+03,6.698756e+00,4.520062e+03,8.932060e+00,2.442393e+05,1.005723e+02,8.251057e-13,8.247888e-13,1.014973e-10,solution good enough for the tolerances given,solution good enough for the tolerances given,solution good enough for the tolerances given,8.251057e-13,8.247888e-13,1.014973e-10,4.520190e+03,2.128108e-13,4.520062e+03,2.174771e-13,2.442393e+05,1.744969e-11,1.550065e+00,3.783593e+00,1.004586e+02,4.249516e-05,2.872567e+00,9.451871e-04,1.962294e-04,1.583831e-02,0.000000e+00,false
6,3.162000e+16,1,11,CONTINUE,7.230536e-04,7.230054e-04,1.000000e-09,7.230536e-05,2.232694e-14,3.259849e-08,1.157236e-04,5.133244e+00,2.716615e-04,6.249749e-03,1.067269e+01,1.350560e+00,1.804041e-03,2.234939e+04,REFINE_STALLED,REFINE_STALLED,REFINE_STALLED,1,3,3,1,3,3,1,2,2,1.428167e+04,6.726303e+00,1.428153e+04,8.969248e+00,7.722259e+05,1.007279e+02,8.249705e-13,8.248713e-13,1.014786e-10,solution good enough for the tolerances given,solution good enough for the tolerances given,solution good enough for the tolerances given,8.249705e-13,8.248713e-13,1.014786e-10,1.428167e+04,2.229317e-13,1.428153e+04,2.278797e-13,7.722259e+05,1.744379e-11,1.554266e+00,3.800495e+00,1.006921e+02,4.248622e-05,2.872567e+00,9.451871e-04,1.962294e-04,1.583831e-02,0.000000e+00,false
6,1.000000e+17,1,11,CONTINUE,7.230536e-04,7.230054e-04,1.000000e-09,7.230536e-05,2.232694e-14,1.030844e-08,1.155706e-04,5.133244e+00,2.716615e-04,6.251101e-03,1.068546e+01,1.350560e+00,1.804041e-03,2.234939e+04,REFINE_STALLED,REFINE_STALLED,REFINE_STALLED,1,3,3,1,3,3,1,2,2,4.515536e+04,6.834382e+00,4.515520e+04,9.049512e+00,2.442143e+06,1.007768e+02,8.249277e-13,8.248960e-13,1.014726e-10,solution good enough for the tolerances given,solution good enough for the tolerances given,solution good enough for the tolerances given,8.249277e-13,8.248960e-13,1.014726e-10,4.515536e+04,2.380507e-13,4.515520e+04,2.168043e-13,2.442143e+06,1.744189e-11,1.555594e+00,3.805860e+00,1.007662e+02,4.248339e-05,2.872567e+00,9.451871e-04,1.962294e-04,1.583831e-02,0.000000e+00,false
6,3.162000e+17,1,11,CONTINUE,7.230536e-04,7.230054e-04,1.000000e-09,7.230536e-05,2.232694e-14,3.260185e-09,1.155228e-04,5.133244e+00,2.716616e-04,6.251529e-03,1.068947e+01,1.350560e+00,1.804041e-03,2.234939e+04,REFINE_STALLED,REFINE_STALLED,REFINE_STALLED,1,3,3,1,3,3,1,2,2,1.427709e+05,7.716073e+00,1.427704e+05,9.937782e+00,7.722012e+06,1.007908e+02,8.249147e-13,8.249040e-13,1.014707e-10,solution good enough for the tolerances given,solution good enough for the tolerances given,solution good enough for the tolerances given,8.249147e-13,8.249040e-13,1.014707e-10,1.427709e+05,2.327750e-13,1.427704e+05,2.900619e-13,7.722012e+06,1.744127e-11,1.556015e+00,3.807547e+00,1.007901e+02,4.248249e-05,2.872567e+00,9.451871e-04,1.962294e-04,1.583831e-02,0.000000e+00,false
6,1.000000e+18,1,11,CONTINUE,7.230536e-04,7.230054e-04,1.000000e-09,7.230536e-05,2.232694e-14,1.030879e-09,1.155066e-04,5.133244e+00,2.716616e-04,6.251680e-03,1.069082e+01,1.350560e+00,1.804041e-03,2.234939e+04,REFINE_STALLED,REFINE_STALLED,REFINE_STALLED,1,3,3,1,3,3,1,2,2,4.515188e+05,2.258525e+01,4.515176e+05,2.301259e+01,2.442111e+07,1.007918e+02,8.249102e-13,8.249068e-13,1.014700e-10,solution good enough for the tolerances given,solution good enough for the tolerances given,solution good enough for the tolerances given,8.249102e-13,8.249068e-13,1.014700e-10,4.515188e+05,2.542648e-13,4.515176e+05,3.864721e-13,2.442111e+07,1.744110e-11,1.556156e+00,3.808115e+00,1.007999e+02,4.248222e-05,2.872567e+00,9.451871e-04,1.962294e-04,1.583831e-02,0.000000e+00,false
7,1.000000e+00,0,6,CONTINUE,7.571339e-06,7.574432e-08,1.000000e-09,7.571339e-07,2.220574e-14,1.444390e+02,9.899947e-01,5.142481e+00,2.846832e-08,9.000116e-05,3.057798e-04,1.346958e+00,1.914273e-05,2.113987e+06,REACHED_FORCE,REACHED_FORCE,REACHED_FORCE,2,0,0,1,0,0,3,0,0,1.595930e-07,NaN,9.537212e-10,NaN,3.523386e-09,NaN,3.084625e-04,4.677620e-09,6.306516e-03,solution good enough for the tolerances given,solution good enough for the tolerances given,solution good enough for the tolerances given,5.668684e-07,4.677620e-09,1.528961e-08,5.355803e-16,1.595930e-07,4.016852e-16,9.537212e-10,2.008426e-16,3.523386e-09,1.595930e-07,9.537212e-10,3.523386e-09,7.608446e-03,1.453956e+03,9.882069e-06,2.051141e-06,1.594545e-04,0.000000e+00,false
7,3.162000e+00,0,6,CONTINUE,7.571339e-06,7.571666e-08,1.000000e-09,7.571339e-07,2.220574e-14,1.444390e+02,9.899973e-01,5.142301e+00,2.845914e-08,4.831591e-05,3.061285e-04,1.346911e+00,1.914273e-05,2.113987e+06,REACHED_FORCE,REACHED_FORCE,REACHED_FORCE,2,0,0,1,0,0,3,0,0,1.598723e-08,NaN,9.051218e-10,NaN,1.115241e-10,NaN,9.796694e-05,2.982293e-09,2.001958e-03,solution good enough for the tolerances given,solution good enough for the tolerances given,solution good enough for the tolerances given,5.684860e-08,2.982293e-09,4.844260e-10,3.347377e-16,1.598723e-08,9.372654e-16,9.051218e-10,4.351590e-16,1.115241e-10,1.598723e-08,9.051218e-10,1.115241e-10,4.278734e-03,8.176566e+02,9.882069e-06,2.051141e-06,1.594545e-04,0.000000e+00,false
7,1.000000e+01,0,5,CONTINUE,7.571339e-06,7.571395e-08,1.000000e-09,7.571339e-07,2.220574e-14,1.444390e+02,9.899992e-01,5.142275e+00,2.845829e-08,4.716281e-05,3.067916e-04,1.346904e+00,1.914273e-05,2.113987e+06,REACHED_FORCE,REACHED_FORCE,REACHED_FORCE,2,0,0,1,0,0,2,0,0,1.595509e-09,NaN,3.093388e-10,NaN,4.155366e-08,NaN,3.101881e-05,1.038943e-09,6.337725e-04,solution good enough for the tolerances given,solution good enough for the tolerances given,solution good enough for the tolerances given,5.688671e-09,1.038943e-09,1.509691e-07,2.677901e-16,1.595509e-09,5.355803e-16,3.093388e-10,1.656951e-15,4.155366e-08,1.595509e-09,3.093388e-10,4.155366e-08,2.406004e-03,4.597836e+02,9.882069e-06,2.051141e-06,1.594545e-04,0.000000e+00,false
7,3.162000e+01,0,5,CONTINUE,7.571339e-06,7.571369e-08,1.000000e-09,7.571339e-07,2.220574e-14,1.444390e+02,9.899997e-01,5.142270e+00,2.845822e-08,4.715537e-05,3.069233e-04,1.346903e+00,1.914273e-05,2.113987e+06,REACHED_FORCE,REACHED_FORCE,REACHED_FORCE,2,0,0,1,0,0,2,0,0,1.596115e-10,NaN,9.883332e-11,NaN,4.157223e-09,NaN,9.814044e-06,3.317099e-10,2.005096e-04,solution good enough for the tolerances given,solution good enough for the tolerances given,solution good enough for the tolerances given,5.691192e-10,3.317099e-10,1.510522e-08,5.355803e-16,1.596115e-10,5.355803e-16,9.883332e-11,8.201073e-15,4.157223e-09,1.596115e-10,9.883332e-11,4.157223e-09,1.353055e-03,2.585698e+02,9.882069e-06,2.051141e-06,1.594545e-04,0.000000e+00,false
7,1.000000e+02,0,5,CONTINUE,7.571339e-06,7.571366e-08,1.000000e-09,7.571339e-07,2.220574e-14,1.444390e+02,9.899999e-01,5.142269e+00,2.845822e-08,4.716190e-05,3.069545e-04,1.346903e+00,1.914273e-05,2.113987e+06,REACHED_FORCE,REACHED_FORCE,REACHED_FORCE,2,0,0,1,0,0,2,0,0,1.595922e-11,NaN,3.129864e-11,NaN,4.156850e-10,NaN,3.103618e-06,1.049937e-10,6.340868e-05,solution good enough for the tolerances given,solution good enough for the tolerances given,solution good enough for the tolerances given,5.690674e-11,1.049937e-10,1.510435e-09,5.355803e-16,1.595922e-11,4.686327e-16,3.129864e-11,1.895452e-14,4.156850e-10,1.595922e-11,3.129864e-11,4.156850e-10,7.608453e-04,1.454036e+02,9.882069e-06,2.051141e-06,1.594545e-04,0.000000e+00,false
7,3.162000e+02,0,5,CONTINUE,7.571339e-06,7.571366e-08,1.000000e-09,7.571339e-07,2.220574e-14,1.444390e+02,9.899999e-01,5.142269e+00,2.845822e-08,4.716427e-05,3.069633e-04,1.346903e+00,1.914273e-05,2.113987e+06,REACHED_FORCE,REACHED_FORCE,REACHED_FORCE,2,0,0,1,0,0,2,0,0,1.596228e-12,NaN,9.901468e-12,NaN,4.157693e-11,NaN,9.815783e-07,3.320898e-11,2.005410e-05,solution good enough for the tolerances given,solution good enough for the tolerances given,solution good enough for the tolerances given,5.691826e-12,3.320898e-11,1.510757e-10,5.355803e-16,1.596228e-12,4.016852e-16,9.901468e-12,3.568931e-14,4.157693e-11,1.596228e-12,9.901468e-12,4.157693e-11,4.278735e-04,8.177982e+01,9.882069e-06,2.051141e-06,1.594545e-04,0.000000e+00,false
7,1.000000e+03,0,4,CONTINUE,7.571339e-06,7.575838e-08,1.000000e-09,7.571339e-07,2.220574e-14,1.444390e+02,9.899961e-01,5.143291e+00,2.847011e-08,3.762272e-04,3.855685e-04,1.347170e+00,1.914273e-05,2.113987e+06,REACHED_FORCE,REACHED_FORCE,REACHED_FORCE,1,0,0,1,0,0,2,0,0,8.398071e-08,NaN,1.311322e-11,NaN,4.157012e-12,NaN,3.103792e-07,5.175016e-11,6.341182e-06,solution good enough for the tolerances given,solution good enough for the tolerances given,solution good enough for the tolerances given,3.103792e-07,5.175016e-11,1.510513e-11,8.033704e-16,8.398071e-08,5.355803e-16,1.311322e-11,1.694024e-13,4.157012e-12,8.398071e-08,1.311322e-11,4.157012e-12,2.406004e-04,4.600344e+01,9.882069e-06,2.051141e-06,1.594545e-04,0.000000e+00,false
7,3.162000e+03,0,4,CONTINUE,7.571339e-06,7.572780e-08,1.000000e-09,7.571339e-07,2.220574e-14,1.444390e+02,9.899987e-01,5.142592e+00,2.846198e-08,1.263392e-04,3.092355e-04,1.346987e+00,1.914273e-05,2.113987e+06,REACHED_FORCE,REACHED_FORCE,REACHED_FORCE,1,0,0,1,0,0,2,0,0,2.655948e-08,NaN,8.325195e-13,NaN,4.157778e-13,NaN,9.815957e-08,3.258057e-12,2.005441e-06,solution good enough for the tolerances given,solution good enough for the tolerances given,solution good enough for the tolerances given,9.815957e-08,3.258057e-12,1.510770e-12,5.355803e-16,2.655948e-08,5.355803e-16,8.325195e-13,3.470895e-13,4.157778e-13,2.655948e-08,8.325195e-13,4.157778e-13,1.353055e-04,2.590099e+01,9.882069e-06,2.051141e-06,1.594545e-04,0.000000e+00,false
7,1.000000e+04,0,3,CONTINUE,7.571339e-06,7.571813e-08,1.000000e-09,7.571339e-07,2.220574e-14,1.444390e+02,9.899996e-01,5.142371e+00,2.845941e-08,5.946029e-05,3.051049e-04,1.346930e+00,1.914273e-05,2.113987e+06,REACHED_FORCE,REACHED_FORCE,REACHED_FORCE,1,0,0,1,0,0,1,0,0,8.366848e-09,NaN,3.109314e-11,NaN,1.636596e-07,NaN,3.103810e-08,5.230221e-13,6.341214e-07,solution good enough for the tolerances given,solution good enough for the tolerances given,solution good enough for the tolerances given,3.103810e-08,5.230221e-13,6.341214e-07,5.355803e-16,8.366848e-09,8.033704e-16,3.109314e-11,1.326984e-12,1.636596e-07,8.366848e-09,3.109314e-11,1.636596e-07,7.608452e-05,1.461556e+01,9.882069e-06,2.051141e-06,1.594545e-04,0.000000e+00,true
7,3.162000e+04,0,3,CONTINUE,7.571339e-06,7.571508e-08,1.000000e-09,7.571339e-07,2.220574e-14,1.444390e+02,9.899998e-01,5.142301e+00,2.845860e-08,4.833163e-05,3.061212e-04,1.346911e+00,1.914273e-05,2.113987e+06,REACHED_FORCE,REACHED_FORCE,REACHED_FORCE,1,0,0,1,0,0,1,0,0,2.649722e-09,NaN,6.145585e-12,NaN,5.175827e-08,NaN,9.815974e-09,2.755033e-13,2.005445e-07,solution good enough for the tolerances given,solution good enough for the tolerances given,solution good enough for the tolerances given,9.815974e-09,2.755033e-13,2.005445e-07,9.972829e-16,2.649722e-09,8.707357e-16,6.145585e-12,5.472387e-12,5.175827e-08,2.649722e-09,6.145585e-12,5.175827e-08,4.278736e-05,8.297546e+00,9.882069e-06,2.051141e-06,1.594545e-04,0.000000e+00,false
7,1.000000e+05,0,3,CONTINUE,7.571339e-06,7.571411e-08,1.000000e-09,7.571339e-07,2.220574e-14,1.444389e+02,9.899999e-01,5.142279e+00,2.845834e-08,4.721721e-05,3.066741e-04,1.346905e+00,1.914273e-05,2.113987e+06,REACHED_FORCE,REACHED_FORCE,REACHED_FORCE,1,0,0,1,0,0,1,0,0,8.382080e-10,NaN,1.574426e-12,NaN,1.636597e-08,NaN,3.103811e-09,9.928899e-14,6.341217e-08,solution good enough for the tolerances given,solution good enough for the tolerances given,solution good enough for the tolerances given,3.103811e-09,9.928899e-14,6.341217e-08,1.708799e-15,8.382080e-10,1.887577e-15,1.574426e-12,1.078260e-11,1.636597e-08,8.382080e-10,1.574426e-12,1.636597e-08,2.406002e-05,4.763290e+00,9.882069e-06,2.051141e-06,1.594545e-04,0.000000e+00,false
7,3.162000e+05,0,3,CONTINUE,7.571339e-06,7.571380e-08,1.000000e-09,7.571339e-07,2.220574e-14,1.444389e+02,9.900000e-01,5.142272e+00,2.845826e-08,4.714964e-05,3.068719e-04,1.346904e+00,1.914273e-05,2.113987e+06,REACHED_FORCE,REACHED_FORCE,REACHED_FORCE,1,0,0,1,0,0,1,0,0,2.651245e-10,NaN,4.610441e-13,NaN,5.175829e-09,NaN,9.815976e-10,3.263610e-14,2.005445e-08,solution good enough for the tolerances given,solution good enough for the tolerances given,solution good enough for the tolerances given,9.815976e-10,3.263610e-14,2.005445e-08,5.172994e-15,2.651245e-10,6.642560e-15,4.610441e-13,3.978550e-11,5.175829e-09,2.651245e-10,4.610441e-13,5.175829e-09,1.353045e-05,2.872567e+00,9.882069e-06,2.051141e-06,1.594545e-04,0.000000e+00,false
7,1.000000e+06,0,3,CONTINUE,7.571339e-06,7.571371e-08,1.000000e-09,7.571339e-07,2.220574e-14,1.444386e+02,9.900000e-01,5.142270e+00,2.845824e-08,4.715719e-05,3.069368e-04,1.346903e+00,1.914273e-05,2.113987e+06,REACHED_FORCE,REACHED_FORCE,REACHED_FORCE,1,0,0,1,0,0,1,0,0,8.383603e-11,NaN,1.420933e-13,NaN,1.636597e-09,NaN,3.103812e-10,1.044343e-14,6.341218e-09,solution good enough for the tolerances given,solution good enough for the tolerances given,solution good enough for the tolerances given,3.103812e-10,1.044343e-14,6.341218e-09,1.903191e-14,8.383603e-11,2.070115e-14,1.420933e-13,1.461599e-10,1.636597e-09,8.383603e-11,1.420933e-13,1.636597e-09,7.608411e-06,2.872567e+00,9.882069e-06,2.051141e-06,1.594545e-04,0.000000e+00,false
7,3.162000e+06,0,3,CONTINUE,7.571339e-06,7.571368e-08,1.000000e-09,7.571339e-07,2.220574e-14,1.444369e+02,9.900000e-01,5.142269e+00,2.845823e-08,4.716245e-05,3.069574e-04,1.346903e+00,1.914273e-05,2.113987e+06,REACHED_FORCE,REACHED_FORCE,REACHED_FORCE,1,0,0,1,0,0,1,0,0,2.651397e-11,NaN,6.828648e-14,NaN,6.529722e-10,NaN,9.815976e-11,3.315181e-15,2.005445e-09,solution good enough for the tolerances given,solution good enough for the tolerances given,solution good enough for the tolerances given,9.815976e-11,3.315181e-15,2.005445e-09,6.828648e-14,2.651397e-11,6.828648e-14,4.457057e-14,6.529722e-10,5.175828e-10,2.651397e-11,6.828648e-14,6.529722e-10,4.278891e-06,2.872567e+00,9.882069e-06,2.051141e-06,1.594545e-04,0.000000e+00,false
7,1.000000e+07,0,3,CONTINUE,7.571339e-06,7.571368e-08,1.000000e-09,7.571339e-07,2.220574e-14,1.444297e+02,9.900000e-01,5.142269e+00,2.845823e-08,4.716429e-05,3.069636e-04,1.346903e+00,1.914273e-05,2.113987e+06,REACHED_FORCE,REACHED_FORCE,REACHED_FORCE,1,0,0,1,0,0,1,0,0,8.383754e-12,NaN,1.826312e-13,NaN,1.041957e-09,NaN,3.103812e-11,1.049384e-15,6.341235e-10,solution good enough for the tolerances given,solution good enough for the tolerances given,solution good enough for the tolerances given,3.103812e-11,1.049384e-15,6.341235e-10,1.543533e-13,8.383754e-12,1.826312e-13,1.405854e-14,1.041957e-09,1.636602e-10,8.383754e-12,1.826312e-13,1.041957e-09,2.405695e-06,2.872567e+00,9.882069e-06,2.051141e-06,1.594545e-04,0.000000e+00,false
7,3.162000e+07,0,3,CONTINUE,7.571339e-06,7.571418e-08,1.000000e-09,7.571339e-07,2.220574e-14,1.444277e+02,9.899999e-01,5.142269e+00,2.845838e-08,4.716434e-05,3.069638e-04,1.346903e+00,1.914273e-05,2.113987e+06,REACHED_FORCE,REACHED_FORCE,REACHED_FORCE,1,0,0,1,0,0,1,0,0,2.651411e-12,NaN,1.235431e-12,NaN,4.422202e-09,NaN,9.815976e-12,3.320495e-16,2.005457e-10,solution good enough for the tolerances given,solution good enough for the tolerances given,solution good enough for the tolerances given,9.815976e-12,3.320495e-16,2.005457e-10,6.242188e-13,2.651411e-12,1.235431e-12,4.445802e-15,4.422202e-09,5.175861e-11,2.651411e-12,1.235431e-12,4.422202e-09,1.352645e-06,2.872567e+00,9.882069e-06,2.051141e-06,1.594545e-04,0.000000e+00,false
7,1.000000e+08,0,3,CONTINUE,7.571339e-06,7.571502e-08,1.000000e-09,7.571339e-07,2.220574e-14,1.443133e+02,9.899998e-01,5.142269e+00,2.845869e-08,4.716517e-05,3.069664e-04,1.346903e+00,1.914273e-05,2.113987e+06,REACHED_FORCE,REACHED_FORCE,REACHED_FORCE,1,0,0,1,0,0,1,0,0,2.211693e-12,NaN,2.187644e-12,NaN,1.840407e-08,NaN,3.103812e-12,1.052497e-16,6.341315e-11,solution good enough for the tolerances given,solution good enough for the tolerances given,solution good enough for the tolerances given,3.103812e-12,1.052497e-16,6.341315e-11,2.211693e-12,8.383777e-13,2.187644e-12,1.404247e-15,1.840407e-08,1.636625e-11,2.211693e-12,2.187644e-12,1.840407e-08,7.621474e-07,2.872567e+00,9.882069e-06,2.051141e-06,1.594545e-04,0.000000e+00,false
7,3.162000e+08,0,3,CONTINUE,7.571339e-06,7.572407e-08,1.000000e-09,7.571339e-07,2.220574e-14,1.442098e+02,9.899986e-01,5.142269e+00,2.846213e-08,4.716053e-05,3.069471e-04,1.346903e+00,1.914273e-05,2.113987e+06,REACHED_FORCE,REACHED_FORCE,REACHED_FORCE,1,0,0,1,0,0,1,0,0,5.922702e-12,NaN,7.273040e-12,NaN,5.281218e-08,NaN,9.815976e-13,3.292667e-17,2.005580e-11,solution good enough for the tolerances given,solution good enough for the tolerances given,solution good enough for the tolerances given,9.815976e-13,3.292667e-17,2.005580e-11,5.922702e-12,2.651387e-13,7.273040e-12,4.476039e-16,5.281218e-08,5.176165e-12,5.922702e-12,7.273040e-12,5.281218e-08,4.277438e-07,2.872567e+00,9.882069e-06,2.051141e-06,1.594545e-04,0.000000e+00,false
7,1.000000e+09,0,3,CONTINUE,7.571339e-06,7.573070e-08,1.000000e-09,7.571339e-07,2.220574e-14,1.438344e+02,9.899978e-01,5.142268e+00,2.846486e-08,4.718589e-05,3.069934e-04,1.346903e+00,1.914273e-05,2.113987e+06,REACHED_FORCE,REACHED_FORCE,REACHED_FORCE,1,0,0,1,0,0,1,0,0,2.143576e-11,NaN,1.750314e-11,NaN,1.268889e-07,NaN,3.103814e-13,1.023620e-17,6.341614e-12,solution good enough for the tolerances given,solution good enough for the tolerances given,solution good enough for the tolerances given,3.103814e-13,1.023620e-17,6.341614e-12,2.143576e-11,8.383786e-14,1.750314e-11,1.390147e-16,1.268889e-07,1.636659e-12,2.143576e-11,1.750314e-11,1.268889e-07,2.384186e-07,2.872567e+00,9.882069e-06,2.051141e-06,1.594545e-04,0.000000e+00,false
7,3.162000e+09,0,3,CONTINUE,7.571339e-06,7.587945e-08,1.000000e-09,7.571339e-07,2.220574e-14,1.429721e+02,9.899781e-01,5.142272e+00,2.851916e-08,4.724928e-05,3.068655e-04,1.346904e+00,1.914273e-05,2.113987e+06,REACHED_FORCE,REACHED_FORCE,REACHED_FORCE,1,0,0,1,0,0,1,0,0,5.781346e-11,NaN,6.384304e-11,NaN,5.108209e-07,NaN,9.815980e-14,3.182197e-18,2.005745e-12,solution good enough for the tolerances given,solution good enough for the tolerances given,solution good enough for the tolerances given,9.815980e-14,3.182197e-18,2.005745e-12,5.781346e-11,2.651356e-14,6.384304e-11,4.622609e-17,5.108209e-07,5.174869e-13,5.781346e-11,6.384304e-11,5.108209e-07,1.332800e-07,2.872567e+00,9.882069e-06,2.051141e-06,1.594545e-04,0.000000e+00,false
7,1.000000e+10,0,4,CONTINUE,7.571339e-06,7.597852e-08,1.000000e-09,7.571339e-07,2.220574e-14,1.327712e+02,9.899646e-01,5.142282e+00,2.855676e-08,4.731815e-05,3.065936e-04,1.346906e+00,1.914273e-05,2.113987e+06,REACHED_FORCE,REACHED_FORCE,REACHED_FORCE,1,0,0,1,0,0,1,1,1,1.981013e-10,NaN,2.090446e-10,NaN,1.508802e-06,4.093685e-07,3.103824e-14,9.110803e-19,6.350407e-13,solution good enough for the tolerances given,solution good enough for the tolerances given,solution good enough for the tolerances given,3.103824e-14,9.110803e-19,6.350407e-13,1.981013e-10,8.398153e-15,2.090446e-10,2.758940e-19,1.508802e-06,1.637988e-13,1.981013e-10,2.090446e-10,4.093685e-07,8.429370e-08,2.872567e+00,9.882069e-06,2.051141e-06,1.594545e-04,0.000000e+00,false
7,3.162000e+10,1,4,CONTINUE,7.571339e-06,7.665098e-08,1.000000e-09,7.571339e-07,2.220574e-14,1.182964e+02,9.898791e-01,5.142296e+00,2.879073e-08,4.796139e-05,3.062387e-04,1.346910e+00,1.914273e-05,2.113987e+06,REACHED_FORCE,REACHED_FORCE,REFINE_STALLED,1,0,0,1,0,0,1,1,1,6.359260e-10,NaN,9.405360e-10,NaN,4.823565e-06,2.528914e-06,9.815951e-15,2.114436e-19,2.032454e-13,solution good enough for the tolerances given,solution good enough for the tolerances given,solution good enough for the tolerances given,9.815951e-15,2.114436e-19,2.032454e-13,6.359260e-10,2.655979e-15,9.405360e-10,1.055143e-19,4.823565e-06,5.229105e-14,6.359260e-10,9.405360e-10,2.528914e-06,4.214685e-08,2.872567e+00,9.882069e-06,2.051141e-06,1.594545e-04,0.000000e+00,false
7,1.000000e+11,0,16,CONTINUE,7.571339e-06,4.404969e-07,1.000000e-09,7.571339e-07,2.220574e-14,1.320785e-04,9.421988e-01,5.166950e+00,1.577008e-07,9.500940e-03,6.832726e-03,1.353368e+00,1.914273e-05,2.113987e+06,REACHED_FORCE,REACHED_FORCE,REACHED_FORCE,1,3,3,1,3,3,1,7,7,7.180570e-04,2.660032e-05,7.156963e-04,2.660280e-05,2.987065e+00,8.558539e-02,1.708327e-13,1.730094e-13,6.994478e-10,solution good enough for the tolerances given,solution good enough for the tolerances given,solution good enough for the tolerances given,1.708327e-13,1.730094e-13,6.994478e-10,7.180570e-04,4.420797e-14,7.156963e-04,4.600572e-14,2.987065e+00,1.756586e-10,2.415765e-07,2.401058e-07,8.878308e-08,4.472134e-05,2.872567e+00,9.882069e-06,2.051141e-06,1.594545e-04,0.000000e+00,false
7,3.162000e+11,1,29,CONTINUE,7.571339e-06,4.401543e-07,1.000000e-09,7.571339e-07,2.220574e-14,4.934939e-05,9.427617e-01,5.163747e+00,1.569693e-07,8.262813e-03,5.939194e-03,1.352528e+00,1.914273e-05,2.113987e+06,REACHED_FORCE,REACHED_FORCE,REFINE_ITMAX,1,8,8,1,8,8,1,10,10,1.607810e-03,7.416879e-04,1.604522e-03,7.407608e-04,9.512958e+00,5.659683e-01,1.603401e-13,1.614679e-13,6.093581e-10,solution good enough for the tolerances given,solution good enough for the tolerances given,solution good enough for the tolerances given,1.603401e-13,1.614679e-13,6.093581e-10,1.607810e-03,1.305979e-13,1.604522e-03,1.170897e-13,9.512958e+00,1.509542e-10,2.820495e-07,2.816883e-07,1.251337e-05,4.472134e-05,2.872567e+00,9.882069e-06,2.051141e-06,1.594545e-04,0.000000e+00,false
7,1.000000e+12,1,8,CONTINUE,7.571339e-06,7.381740e-06,1.000000e-09,7.571339e-07,2.220574e-14,2.248190e-05,1.559598e-09,5.142185e+00,2.845811e-06,6.592991e+02,1.012512e+05,1.346959e+00,1.914273e-05,2.113987e+06,REFINE_STALLED,REFINE_STALLED,REFINE_STALLED,1,1,1,1,1,1,1,3,3,1.737787e-01,1.211278e+00,1.908825e+02,1.362978e+03,3.253332e+01,2.703395e+00,1.395833e-13,1.012317e-09,4.749921e-10,solution good enough for the tolerances given,solution good enough for the tolerances given,solution good enough for the tolerances given,1.395833e-13,1.012317e-09,4.749921e-10,1.737787e-01,2.812872e-12,1.908825e+02,3.513845e-09,3.253332e+01,1.060130e-10,1.211278e+00,1.362978e+03,6.860771e-01,4.472134e-05,2.872567e+00,9.882069e-06,2.051141e-06,1.594545e-04,0.000000e+00,false
7,3.162000e+12,1,8,CONTINUE,7.571339e-06,7.880801e-06,1.000000e-09,7.571339e-07,2.220574e-14,1.279835e-05,1.407754e-04,5.142181e+00,2.845619e-06,3.319203e-03,1.416935e+00,1.346942e+00,1.914273e-05,2.113987e+06,REFINE_STALLED,REFINE_STALLED,REFINE_STALLED,1,1,1,1,2,2,1,2,2,8.994853e-02,1.030625e-01,1.341978e-01,4.649437e-02,1.107518e+02,9.497750e+00,1.101608e-13,1.032474e-12,3.739663e-10,solution good enough for the tolerances given,solution good enough for the tolerances given,solution good enough for the tolerances given,1.101608e-13,1.032474e-12,3.739663e-10,8.994853e-02,2.202101e-13,1.341978e-01,2.801497e-13,1.107518e+02,8.740580e-11,1.030625e-01,4.047303e-02,5.027057e+00,4.472134e-05,2.872567e+00,9.882069e-06,2.051141e-06,1.594545e-04,0.000000e+00,false
7,1.000000e+13,1,8,CONTINUE,7.571339e-06,7.682579e-06,1.000000e-09,7.571339e-07,2.220574e-14,8.317789e-06,1.998478e-05,5.142182e+00,2.845785e-06,1.734777e-03,4.139124e+00,1.346936e+00,1.914273e-05,2.113987e+06,REFINE_STALLED,REFINE_STALLED,REFINE_STALLED,1,1,1,1,1,1,1,3,3,1.983035e-01,1.554782e-01,2.796384e-01,1.472031e-01,3.545850e+02,4.103801e+01,7.555758e-14,4.170821e-13,3.207757e-10,solution good enough for the tolerances given,solution good enough for the tolerances given,solution good enough for the tolerances given,7.555758e-14,4.170821e-13,3.207757e-10,1.983035e-01,5.285151e-14,2.796384e-01,9.924544e-14,3.545850e+02,7.463306e-11,1.554782e-01,1.472031e-01,1.062558e+01,4.472134e-05,2.872567e+00,9.882069e-06,2.051141e-06,1.594545e-04,0.000000e+00,false
7,3.162000e+13,1,9,CONTINUE,7.571339e-06,7.797979e-06,1.000000e-09,7.571339e-07,2.220574e-14,5.389170e-06,5.762105e-07,5.142182e+00,2.845812e-06,3.121072e-02,8.775490e+01,1.346928e+00,1.914273e-05,2.113987e+06,REFINE_STALLED,REFINE_STALLED,REFINE_STALLED,1,1,1,1,1,1,1,4,4,6.778602e-01,8.674556e-01,6.080765e+00,4.453518e+00,1.060162e+03,2.069586e+02,4.381891e-14,2.789442e-12,2.637018e-10,solution good enough for the tolerances given,solution good enough for the tolerances given,solution good enough for the tolerances given,4.381891e-14,2.789442e-12,2.637018e-10,6.778602e-01,5.019311e-14,6.080765e+00,5.539316e-13,1.060162e+03,6.036829e-11,8.674556e-01,4.453518e+00,2.457662e+01,4.472134e-05,2.872567e+00,9.882069e-06,2.051141e-06,1.594545e-04,0.000000e+00,false
7,1.000000e+14,1,7,CONTINUE,7.571339e-06,9.585009e-06,1.000000e-09,7.571339e-07,2.220574e-14,3.244734e-06,1.076733e-06,5.142182e+00,2.845811e-06,5.355101e-03,1.364348e+02,1.346933e+00,1.914273e-05,2.113987e+06,REFINE_STALLED,REFINE_STALLED,REFINE_STALLED,1,1,1,1,1,1,1,2,2,2.165083e+00,3.154673e+00,1.414957e+01,1.217857e+01,3.103289e+03,7.196956e+02,2.329131e-14,7.277654e-13,1.992700e-10,solution good enough for the tolerances given,solution good enough for the tolerances given,solution good enough for the tolerances given,2.329131e-14,7.277654e-13,1.992700e-10,2.165083e+00,3.386542e-14,1.414957e+01,2.163859e-13,3.103289e+03,4.428054e-11,3.154673e+00,1.217857e+01,3.969062e+02,4.472134e-05,2.872567e+00,9.882069e-06,2.051141e-06,1.594545e-04,0.000000e+00,false
7,3.162000e+14,1,7,CONTINUE,7.571339e-06,8.462832e-06,1.000000e-09,7.571339e-07,2.220574e-14,1.745611e-06,3.963596e-07,5.142182e+00,2.845812e-06,2.058617e-03,1.133013e+02,1.346947e+00,1.914273e-05,2.113987e+06,REFINE_STALLED,REFINE_STALLED,REFINE_STALLED,1,1,1,1,1,1,1,2,2,3.831160e+00,3.523149e+00,2.032294e+01,1.191702e+01,8.800834e+03,1.606812e+03,1.394572e-14,2.049393e-13,1.504826e-10,solution good enough for the tolerances given,solution good enough for the tolerances given,solution good enough for the tolerances given,1.394572e-14,2.049393e-13,1.504826e-10,3.831160e+00,1.109867e-14,2.032294e+01,5.474576e-14,8.800834e+03,3.069089e-11,3.523149e+00,1.191702e+01,1.217310e+03,4.472134e-05,2.872567e+00,9.882069e-06,2.051141e-06,1.594545e-04,0.000000e+00,false
7,1.000000e+15,1,7,CONTINUE,7.571339e-06,8.180038e-06,1.000000e-09,7.571339e-07,2.220574e-14,7.848444e-07,2.209401e-07,5.142182e+00,2.845812e-06,3.312571e-04,1.425370e+02,1.346947e+00,1.914273e-05,2.113987e+06,REFINE_STALLED,REFINE_STALLED,REFINE_STALLED,1,1,1,1,1,1,1,2,2,7.398848e+00,4.559207e+00,3.031103e+01,3.095538e+01,2.588633e+04,4.054496e+03,1.045518e-14,1.462452e-13,1.221186e-10,solution good enough for the tolerances given,solution good enough for the tolerances given,solution good enough for the tolerances given,1.045518e-14,1.462452e-13,1.221186e-10,7.398848e+00,4.784034e-15,3.031103e+01,3.627365e-14,2.588633e+04,2.342548e-11,4.559207e+00,3.095538e+01,2.778367e+03,4.472134e-05,2.872567e+00,9.882069e-06,2.051141e-06,1.594545e-04,0.000000e+00,false
7,3.162000e+15,1,11,CONTINUE,7.571339e-06,8.233228e-06,1.000000e-09,7.571339e-07,2.220574e-14,2.949922e-07,4.808128e-06,5.142182e+00,2.845806e-06,6.699233e-05,6.990926e+00,1.346943e+00,1.914273e-05,2.113987e+06,REFINE_STALLED,REFINE_STALLED,REFINE_STALLED,1,3,3,1,3,3,1,2,2,1.919451e+01,5.263561e+00,1.900440e+01,5.902051e+00,7.920920e+04,6.733269e+03,9.229222e-15,9.170339e-15,1.090104e-10,solution good enough for the tolerances given,solution good enough for the tolerances given,solution good enough for the tolerances given,9.229222e-15,9.170339e-15,1.090104e-10,1.919451e+01,2.970616e-15,1.900440e+01,2.945656e-15,7.920920e+04,1.972834e-11,1.138387e+00,1.495438e+00,5.789038e+03,4.472134e-05,2.872567e+00,9.882069e-06,2.051141e-06,1.594545e-04,0.000000e+00,false
7,1.000000e+16,1,11,CONTINUE,7.571339e-06,7.612803e-06,1.000000e-09,7.571339e-07,2.220574e-14,9.969870e-08,2.120065e-06,5.142182e+00,2.845809e-06,6.015933e-05,6.922257e+00,1.346935e+00,1.914273e-05,2.113987e+06,REFINE_STALLED,REFINE_STALLED,REFINE_STALLED,1,3,3,1,3,3,1,2,2,5.217296e+01,6.095902e+00,5.211578e+01,7.458233e+00,2.464772e+05,8.274976e+03,8.823722e-15,8.511859e-15,1.039963e-10,solution good enough for the tolerances given,solution good enough for the tolerances given,solution good enough for the tolerances given,8.823722e-15,8.511859e-15,1.039963e-10,5.217296e+01,2.470492e-15,5.211578e+01,2.347542e-15,2.464772e+05,1.822442e-11,1.187456e+00,2.348427e+00,7.849799e+03,4.370710e-05,2.872567e+00,9.882069e-06,2.051141e-06,1.594545e-04,0.000000e+00,false
7,3.162000e+16,1,11,CONTINUE,7.571339e-06,7.574704e-06,1.000000e-09,7.571339e-07,2.220574e-14,3.225286e-08,1.533677e-06,5.142182e+00,2.845810e-06,6.316635e-05,8.977088e+00,1.346935e+00,1.914273e-05,2.113987e+06,REFINE_STALLED,REFINE_STALLED,REFINE_STALLED,1,3,3,1,3,3,1,2,2,1.546114e+02,6.486367e+00,1.544922e+02,8.318913e+00,7.745754e+05,8.960395e+03,8.693958e-15,8.593153e-15,1.022851e-10,solution good enough for the tolerances given,solution good enough for the tolerances given,solution good enough for the tolerances given,8.693958e-15,8.593153e-15,1.022851e-10,1.546114e+02,2.328255e-15,1.544922e+02,2.291145e-15,7.745754e+05,1.769593e-11,1.389700e+00,3.129586e+00,8.741495e+03,4.287423e-05,2.872567e+00,9.882069e-06,2.051141e-06,1.594545e-04,0.000000e+00,false
7,1.000000e+17,1,11,CONTINUE,7.571339e-06,7.571644e-06,1.000000e-09,7.571339e-07,2.220574e-14,1.027355e-08,1.365453e-06,5.142182e+00,2.845811e-06,6.436895e-05,9.930334e+00,1.346935e+00,1.914273e-05,2.113987e+06,REFINE_STALLED,REFINE_STALLED,REFINE_STALLED,1,3,3,1,3,3,1,2,2,4.780613e+02,6.604485e+00,4.779358e+02,8.666477e+00,2.444532e+06,9.377527e+03,8.652816e-15,8.621516e-15,1.017293e-10,solution good enough for the tolerances given,solution good enough for the tolerances given,solution good enough for the tolerances given,8.652816e-15,8.621516e-15,1.017293e-10,4.780613e+02,2.289235e-15,4.779358e+02,2.276529e-15,2.444532e+06,1.752246e-11,1.492927e+00,3.521358e+00,9.277746e+03,4.260657e-05,2.872567e+00,9.882069e-06,2.051141e-06,1.594545e-04,0.000000e+00,false
7,3.162000e+17,1,11,CONTINUE,7.571339e-06,7.571364e-06,1.000000e-09,7.571339e-07,2.220574e-14,3.256683e-09,1.313703e-06,5.142182e+00,2.845811e-06,6.477768e-05,1.027975e+01,1.346935e+00,1.914273e-05,2.113987e+06,REFINE_STALLED,REFINE_STALLED,REFINE_STALLED,1,3,3,1,3,3,1,2,2,1.500563e+03,6.641795e+00,1.500442e+03,8.788708e+00,7.724400e+06,9.515487e+03,8.639784e-15,8.629976e-15,1.015521e-10,solution good enough for the tolerances given,solution good enough for the tolerances given,solution good enough for the tolerances given,8.639784e-15,8.629976e-15,1.015521e-10,1.500563e+03,2.262414e-15,1.500442e+03,2.259937e-15,7.724400e+06,1.746695e-11,1.530468e+00,3.667385e+00,9.483228e+03,4.252151e-05,2.872567e+00,9.882069e-06,2.051141e-06,1.594545e-04,0.000000e+00,false
7,1.000000e+18,1,11,CONTINUE,7.571339e-06,7.571336e-06,1.000000e-09,7.571339e-07,2.220574e-14,1.030528e-09,1.297483e-06,5.142182e+00,2.845811e-06,6.491009e-05,1.039588e+01,1.346935e+00,1.914273e-05,2.113987e+06,REFINE_STALLED,REFINE_STALLED,REFINE_STALLED,1,3,3,1,3,3,1,2,2,4.734485e+03,6.661621e+00,4.734385e+03,8.833339e+00,2.442366e+07,9.559770e+03,8.635648e-15,8.632576e-15,1.014958e-10,solution good enough for the tolerances given,solution good enough for the tolerances given,solution good enough for the tolerances given,8.635648e-15,8.632576e-15,1.014958e-10,4.734485e+03,2.292750e-15,4.734385e+03,2.270606e-15,2.442366e+07,1.744920e-11,1.542866e+00,3.716115e+00,9.549509e+03,4.249456e-05,2.872567e+00,9.882069e-06,2.051141e-06,1.594545e-04,0.000000e+00,false
8,1.000000e+00,0,5,CONTINUE,7.571813e-08,7.571816e-10,1.000000e-09,7.571813e-09,2.220447e-14,1.444335e+04,9.900000e-01,5.142374e+00,2.845941e-10,8.710489e-07,3.056066e-06,1.346930e+00,1.914313e-07,2.113840e+08,REACHED_FORCE,REACHED_FORCE,REACHED_FORCE,2,0,0,1,0,0,2,0,0,1.599652e-11,NaN,1.031250e-13,NaN,4.276085e-10,NaN,3.103701e-06,4.700879e-13,6.218689e-05,solution good enough for the tolerances given,solution good enough for the tolerances given,solution good enough for the tolerances given,5.691586e-11,4.700879e-13,1.537949e-09,5.355803e-16,1.599652e-11,8.033704e-16,1.031250e-13,2.008426e-16,4.276085e-10,1.599652e-11,1.031250e-13,4.276085e-10,7.665264e-04,1.453905e+04,9.882356e-08,2.051153e-08,1.594549e-06,0.000000e+00,false
8,3.162000e+00,0,5,CONTINUE,7.571813e-08,7.571814e-10,1.000000e-09,7.571813e-09,2.220447e-14,1.444335e+04,9.900000e-01,5.142372e+00,2.845941e-10,4.833173e-07,3.061219e-06,1.346929e+00,1.914313e-07,2.113840e+08,REACHED_FORCE,REACHED_FORCE,REACHED_FORCE,2,0,0,1,0,0,2,0,0,1.600036e-12,NaN,8.891499e-14,NaN,4.276971e-11,NaN,9.816045e-07,2.953827e-13,1.966767e-05,solution good enough for the tolerances given,solution good enough for the tolerances given,solution good enough for the tolerances given,5.692738e-12,2.953827e-13,1.538280e-10,2.677901e-16,1.600036e-12,5.355803e-16,8.891499e-14,3.347377e-16,4.276971e-11,1.600036e-12,8.891499e-14,4.276971e-11,4.310684e-04,8.176269e+03,9.882356e-08,2.051153e-08,1.594549e-06,0.000000e+00,false
8,1.000000e+01,0,5,CONTINUE,7.571813e-08,7.571813e-10,1.000000e-09,7.571813e-09,2.220447e-14,1.444335e+04,9.900000e-01,5.142372e+00,2.845941e-10,4.718927e-07,3.067780e-06,1.346929e+00,1.914313e-07,2.113840e+08,REACHED_FORCE,REACHED_FORCE,REACHED_FORCE,2,0,0,1,0,0,2,0,0,1.599771e-13,NaN,3.106736e-14,NaN,4.276353e-12,NaN,3.103875e-07,1.040862e-13,6.218987e-06,solution good enough for the tolerances given,solution good enough for the tolerances given,solution good enough for the tolerances given,5.691786e-13,1.040862e-13,1.538024e-11,6.694753e-16,1.599771e-13,5.355803e-16,3.106736e-14,1.740636e-15,4.276353e-12,1.599771e-13,3.106736e-14,4.276353e-12,2.423969e-04,4.597652e+03,9.882356e-08,2.051153e-08,1.594549e-06,0.000000e+00,false
8,3.162000e+01,0,5,CONTINUE,7.571813e-08,7.571813e-10,1.000000e-09,7.571813e-09,2.220447e-14,1.444335e+04,9.900000e-01,5.142372e+00,2.845941e-10,4.718073e-07,3.069096e-06,1.346929e+00,1.914313e-07,2.113840e+08,REACHED_FORCE,REACHED_FORCE,REACHED_FORCE,2,0,0,1,0,0,2,0,0,1.600055e-14,NaN,9.918737e-15,NaN,4.277090e-13,NaN,9.816219e-08,3.325885e-14,1.966796e-06,solution good enough for the tolerances given,solution good enough for the tolerances given,solution good enough for the tolerances given,5.692801e-14,3.325885e-14,1.538289e-12,8.033704e-16,1.600055e-14,5.355803e-16,9.918737e-15,4.209326e-15,4.277090e-13,1.600055e-14,9.918737e-15,4.277090e-13,1.363158e-04,2.585564e+03,9.882356e-08,2.051153e-08,1.594549e-06,0.000000e+00,false
8,1.000000e+02,0,5,CONTINUE,7.571813e-08,7.571813e-10,1.000000e-09,7.571813e-09,2.220447e-14,1.444335e+04,9.900000e-01,5.142372e+00,2.845941e-10,4.718717e-07,3.069408e-06,1.346929e+00,1.914313e-07,2.113840e+08,REACHED_FORCE,REACHED_FORCE,REACHED_FORCE,2,0,0,1,0,0,2,0,0,1.599775e-15,NaN,3.139280e-15,NaN,4.276523e-14,NaN,3.103892e-08,1.052725e-14,6.219017e-07,solution good enough for the tolerances given,solution good enough for the tolerances given,solution good enough for the tolerances given,5.691807e-15,1.052725e-14,1.537996e-13,5.355803e-16,1.599775e-15,4.016852e-16,3.139280e-15,1.325561e-14,4.276523e-14,1.599775e-15,3.139280e-15,4.276523e-14,7.665264e-05,1.453906e+03,9.882356e-08,2.051153e-08,1.594549e-06,0.000000e+00,false
8,3.162000e+02,0,5,CONTINUE,7.571813e-08,7.571813e-10,1.000000e-09,7.571813e-09,2.220447e-14,1.444335e+04,9.900000e-01,5.142372e+00,2.845941e-10,4.718954e-07,3.069496e-06,1.346929e+00,1.914313e-07,2.113840e+08,REACHED_FORCE,REACHED_FORCE,REACHED_FORCE,2,0,0,1,0,0,2,0,0,5.355803e-16,NaN,9.929096e-16,NaN,4.796791e-14,NaN,9.816236e-09,3.329642e-15,1.966799e-07,solution good enough for the tolerances given,solution good enough for the tolerances given,solution good enough for the tolerances given,5.692807e-16,3.329642e-15,1.538219e-14,5.355803e-16,1.600056e-16,5.355803e-16,9.929096e-16,4.796791e-14,4.307697e-15,5.355803e-16,9.929096e-16,4.796791e-14,4.310685e-05,8.176283e+02,9.882356e-08,2.051153e-08,1.594549e-06,0.000000e+00,false
8,1.000000e+03,0,4,CONTINUE,7.571813e-08,7.573348e-10,1.000000e-09,7.571813e-09,2.220447e-14,1.444335e+04,9.900000e-01,5.143394e+00,2.845953e-10,3.744557e-04,2.701206e-04,1.347197e+00,1.914313e-07,2.113840e+08,REACHED_FORCE,REACHED_FORCE,REACHED_FORCE,1,0,0,1,0,0,2,0,0,8.398385e-10,NaN,1.657836e-13,NaN,1.254597e-13,NaN,3.103894e-09,6.472766e-13,6.219020e-08,solution good enough for the tolerances given,solution good enough for the tolerances given,solution good enough for the tolerances given,3.103894e-09,6.472766e-13,1.517555e-15,6.694753e-16,8.398385e-10,6.694753e-16,1.657836e-13,1.254597e-13,4.534418e-16,8.398385e-10,1.657836e-13,1.254597e-13,2.423968e-05,4.597677e+02,9.882356e-08,2.051153e-08,1.594549e-06,0.000000e+00,false
8,3.162000e+03,0,4,CONTINUE,7.571813e-08,7.572299e-10,1.000000e-09,7.571813e-09,2.220447e-14,1.444332e+04,9.900000e-01,5.142695e+00,2.845945e-10,1.184164e-04,8.523988e-05,1.347014e+00,1.914313e-07,2.113840e+08,REACHED_FORCE,REACHED_FORCE,REACHED_FORCE,1,0,0,1,0,0,2,0,0,2.656036e-10,NaN,1.651110e-14,NaN,5.798995e-13,NaN,9.816238e-10,6.451691e-14,1.966800e-08,solution good enough for the tolerances given,solution good enough for the tolerances given,solution good enough for the tolerances given,9.816238e-10,6.451691e-14,2.140005e-16,5.355803e-16,2.656036e-10,4.016852e-16,1.651110e-14,5.798995e-13,1.133604e-16,2.656036e-10,1.651110e-14,5.798995e-13,1.363162e-05,2.585609e+02,9.882356e-08,2.051153e-08,1.594549e-06,0.000000e+00,false
8,1.000000e+04,0,3,CONTINUE,7.571813e-08,7.571967e-10,1.000000e-09,7.571813e-09,2.220447e-14,1.444332e+04,9.900000e-01,5.142474e+00,2.845943e-10,3.743814e-05,2.687308e-05,1.346956e+00,1.914313e-07,2.113840e+08,REACHED_FORCE,REACHED_FORCE,REACHED_FORCE,1,0,0,1,0,0,1,0,0,8.381791e-11,NaN,1.675744e-13,NaN,1.593601e-09,NaN,3.103894e-10,6.382921e-15,6.219021e-09,solution good enough for the tolerances given,solution good enough for the tolerances given,solution good enough for the tolerances given,3.103894e-10,6.382921e-15,6.219021e-09,1.071161e-15,8.381791e-11,5.355803e-16,1.675744e-13,2.389031e-12,1.593601e-09,8.381791e-11,1.675744e-13,1.593601e-09,7.665167e-06,1.453986e+02,9.882356e-08,2.051153e-08,1.594549e-06,0.000000e+00,true
8,3.162000e+04,0,3,CONTINUE,7.571813e-08,7.571864e-10,1.000000e-09,7.571813e-09,2.220447e-14,1.444312e+04,9.900000e-01,5.142404e+00,2.845943e-10,1.184072e-05,8.756116e-06,1.346938e+00,1.914313e-07,2.113840e+08,REACHED_FORCE,REACHED_FORCE,REACHED_FORCE,1,0,0,1,0,0,1,0,0,2.654346e-11,NaN,1.705662e-14,NaN,5.039852e-10,NaN,9.816238e-11,6.171666e-16,1.966801e-09,solution good enough for the tolerances given,solution good enough for the tolerances given,solution good enough for the tolerances given,9.816238e-11,6.171666e-16,1.966801e-09,4.016852e-16,2.654346e-11,5.355803e-16,1.705662e-14,6.150687e-12,5.039852e-10,2.654346e-11,1.705662e-14,5.039852e-10,4.310533e-06,8.177699e+01,9.882356e-08,2.051153e-08,1.594549e-06,0.000000e+00,false
8,1.000000e+05,0,3,CONTINUE,7.571813e-08,7.571830e-10,1.000000e-09,7.571813e-09,2.220447e-14,1.444242e+04,9.900000e-01,5.142382e+00,2.845942e-10,3.763068e-06,3.855985e-06,1.346932e+00,1.914313e-07,2.113840e+08,REACHED_FORCE,REACHED_FORCE,REACHED_FORCE,1,0,0,1,0,0,1,0,0,8.396600e-12,NaN,1.799073e-15,NaN,1.593602e-10,NaN,3.103894e-11,5.507277e-17,6.219026e-10,solution good enough for the tolerances given,solution good enough for the tolerances given,solution good enough for the tolerances given,3.103894e-11,5.507277e-17,6.219026e-10,1.071161e-15,8.396600e-12,4.016852e-16,1.799073e-15,1.530380e-11,1.593602e-10,8.396600e-12,1.799073e-15,1.593602e-10,2.424085e-06,4.600186e+01,9.882356e-08,2.051153e-08,1.594549e-06,0.000000e+00,false
8,3.162000e+05,0,3,CONTINUE,7.571813e-08,7.571820e-10,1.000000e-09,7.571813e-09,2.220447e-14,1.444079e+04,9.900000e-01,5.142375e+00,2.845942e-10,1.264488e-06,3.092420e-06,1.346930e+00,1.914313e-07,2.113840e+08,REACHED_FORCE,REACHED_FORCE,REACHED_FORCE,1,0,0,1,0,0,1,0,0,2.655827e-12,NaN,8.033704e-16,NaN,5.039931e-11,NaN,9.816238e-12,3.559216e-18,1.966827e-10,solution good enough for the tolerances given,solution good enough for the tolerances given,solution good enough for the tolerances given,9.816238e-12,3.559216e-18,1.966827e-10,1.071161e-15,2.655827e-12,8.033704e-16,2.095994e-16,4.738473e-11,5.039931e-11,2.655827e-12,8.033704e-16,5.039931e-11,1.362458e-06,2.590010e+01,9.882356e-08,2.051153e-08,1.594549e-06,0.000000e+00,false
8,1.000000e+06,0,3,CONTINUE,7.571813e-08,7.571822e-10,1.000000e-09,7.571813e-09,2.220447e-14,1.443253e+04,9.900000e-01,5.142373e+00,2.845944e-10,5.955780e-07,3.050959e-06,1.346929e+00,1.914313e-07,2.113840e+08,REACHED_FORCE,REACHED_FORCE,REACHED_FORCE,1,0,0,1,0,0,1,0,0,8.398081e-13,NaN,8.033704e-16,NaN,2.191404e-10,NaN,3.103894e-12,4.999300e-19,6.219123e-11,solution good enough for the tolerances given,solution good enough for the tolerances given,solution good enough for the tolerances given,3.103894e-12,4.999300e-19,6.219123e-11,1.071161e-15,8.398081e-13,8.033704e-16,3.033863e-17,2.191404e-10,1.593653e-11,8.398081e-13,8.033704e-16,2.191404e-10,7.667947e-07,1.461506e+01,9.882356e-08,2.051153e-08,1.594549e-06,0.000000e+00,false
8,3.162000e+06,0,3,CONTINUE,7.571813e-08,7.571825e-10,1.000000e-09,7.571813e-09,2.220447e-14,1.444204e+04,9.900000e-01,5.142372e+00,2.845945e-10,4.844580e-07,3.060905e-06,1.346929e+00,1.914313e-07,2.113840e+08,REACHED_FORCE,REACHED_FORCE,REACHED_FORCE,1,0,0,1,0,0,1,0,0,2.655975e-13,NaN,8.817594e-16,NaN,5.269835e-10,NaN,9.816238e-13,2.710919e-19,1.966843e-11,solution good enough for the tolerances given,solution good enough for the tolerances given,solution good enough for the tolerances given,9.816238e-13,2.710919e-19,1.966843e-11,9.931717e-16,2.655975e-13,8.817594e-16,6.038229e-18,5.269835e-10,5.039796e-12,2.655975e-13,8.817594e-16,5.269835e-10,4.277438e-07,8.297266e+00,9.882356e-08,2.051153e-08,1.594549e-06,0.000000e+00,false
8,1.000000e+07,0,3,CONTINUE,7.571813e-08,7.571858e-10,1.000000e-09,7.571813e-09,2.220447e-14,1.442398e+04,9.899999e-01,5.142372e+00,2.845958e-10,4.727469e-07,3.066378e-06,1.346929e+00,1.914313e-07,2.113840e+08,REACHED_FORCE,REACHED_FORCE,REACHED_FORCE,1,0,0,1,0,0,1,0,0,8.398228e-14,NaN,2.008426e-15,NaN,1.983362e-09,NaN,3.103894e-13,9.868232e-20,6.220914e-12,solution good enough for the tolerances given,solution good enough for the tolerances given,solution good enough for the tolerances given,3.103894e-13,9.868232e-20,6.220914e-12,1.966223e-15,8.398228e-14,2.008426e-15,1.550404e-18,1.983362e-09,1.593929e-12,8.398228e-14,2.008426e-15,1.983362e-09,2.493441e-07,4.763135e+00,9.882356e-08,2.051153e-08,1.594549e-06,0.000000e+00,false
8,3.162000e+07,0,3,CONTINUE,7.571813e-08,7.571916e-10,1.000000e-09,7.571813e-09,2.220447e-14,1.438675e+04,9.899999e-01,5.142372e+00,2.845980e-10,4.722540e-07,3.067811e-06,1.346929e+00,1.914313e-07,2.113840e+08,REACHED_FORCE,REACHED_FORCE,REACHED_FORCE,1,0,0,1,0,0,1,0,0,2.655988e-14,NaN,7.811600e-15,NaN,5.302704e-09,NaN,9.816238e-14,3.227808e-20,1.967582e-12,solution good enough for the tolerances given,solution good enough for the tolerances given,solution good enough for the tolerances given,9.816238e-14,3.227808e-20,1.967582e-12,5.355707e-15,2.655988e-14,7.811600e-15,4.639563e-19,5.302704e-09,5.041139e-13,2.655988e-14,7.811600e-15,5.302704e-09,1.332800e-07,2.872567e+00,9.882356e-08,2.051153e-08,1.594549e-06,0.000000e+00,false
8,1.000000e+08,0,4,CONTINUE,7.571813e-08,7.572016e-10,1.000000e-09,7.571813e-09,2.220447e-14,1.346368e+04,9.899997e-01,5.142372e+00,2.846014e-10,4.765890e-07,3.065217e-06,1.346929e+00,1.914313e-07,2.113840e+08,REACHED_FORCE,REACHED_FORCE,REACHED_FORCE,1,0,0,1,0,0,1,1,1,1.758469e-14,NaN,2.776850e-14,NaN,1.391060e-08,1.193158e-09,3.103894e-14,1.223922e-20,6.223097e-13,solution good enough for the tolerances given,solution good enough for the tolerances given,solution good enough for the tolerances given,3.103894e-14,1.223922e-20,6.223097e-13,1.758469e-14,8.398385e-15,2.776850e-14,3.486513e-21,1.391060e-08,1.593246e-13,1.758469e-14,2.776850e-14,1.193158e-09,8.429370e-08,2.872567e+00,9.882356e-08,2.051153e-08,1.594549e-06,0.000000e+00,false
8,3.162000e+08,0,5,CONTINUE,7.571813e-08,7.572599e-10,1.000000e-09,7.571813e-09,2.220447e-14,1.303100e+04,9.899990e-01,5.142372e+00,2.846233e-10,4.740937e-07,3.065821e-06,1.346929e+00,1.914313e-07,2.113840e+08,REACHED_FORCE,REACHED_FORCE,REACHED_FORCE,1,0,0,1,0,0,1,2,2,5.784267e-14,NaN,4.068597e-14,NaN,4.040322e-08,1.167384e-08,9.816238e-15,3.077574e-21,1.970217e-13,solution good enough for the tolerances given,solution good enough for the tolerances given,solution good enough for the tolerances given,9.816238e-15,3.077574e-21,1.970217e-13,5.784267e-14,2.656036e-15,4.068597e-14,6.621673e-22,4.040322e-08,5.042060e-14,5.784267e-14,4.068597e-14,7.988598e-10,4.214685e-08,2.872567e+00,9.882356e-08,2.051153e-08,1.594549e-06,0.000000e+00,false
8,1.000000e+09,0,7,CONTINUE,7.571813e-08,2.604106e-09,1.000000e-09,7.571813e-09,2.220447e-14,1.205403e-02,9.650033e-01,5.142449e+00,9.957777e-10,2.911645e-05,2.091385e-05,1.346949e+00,1.914313e-07,2.113840e+08,REACHED_FORCE,REACHED_FORCE,REACHED_FORCE,1,1,1,1,1,1,1,2,2,7.490128e-08,4.361190e-10,7.490078e-08,4.361210e-10,2.973661e-02,1.075034e-07,2.756200e-15,1.812617e-15,7.583591e-10,solution good enough for the tolerances given,solution good enough for the tolerances given,solution good enough for the tolerances given,2.756200e-15,1.812617e-15,7.583591e-10,7.490128e-08,1.915003e-15,7.490078e-08,1.660750e-15,2.973661e-02,1.904824e-10,4.361190e-10,4.361210e-10,5.319070e-10,4.472134e-05,2.872567e+00,9.882356e-08,2.051153e-08,1.594549e-06,0.000000e+00,false
8,3.162000e+09,0,7,CONTINUE,7.571813e-08,1.433631e-08,1.000000e-09,7.571813e-09,2.220447e-14,3.812236e-03,8.068734e-01,5.174916e+00,5.409344e-09,1.462764e-02,1.056412e-02,1.355453e+00,1.914313e-07,2.113840e+08,REACHED_FORCE,REACHED_FORCE,REACHED_FORCE,1,1,1,1,1,1,1,2,2,2.391101e-07,4.293694e-09,2.380635e-07,4.296057e-09,9.402751e-02,1.069004e-06,1.590597e-15,1.867187e-15,7.583490e-10,solution good enough for the tolerances given,solution good enough for the tolerances given,solution good enough for the tolerances given,1.590597e-15,1.867187e-15,7.583490e-10,2.391101e-07,1.410930e-14,2.380635e-07,1.418145e-14,9.402751e-02,1.904810e-10,4.293694e-09,4.296057e-09,1.656238e-09,4.472134e-05,2.872567e+00,9.882356e-08,2.051153e-08,1.594549e-06,0.000000e+00,false
8,1.000000e+10,0,9,CONTINUE,7.571813e-08,7.966042e-10,1.000000e-09,7.571813e-09,2.220447e-14,1.205510e-03,9.894777e-01,5.142272e+00,2.997365e-10,3.664418e-05,2.697303e-05,1.346903e+00,1.914313e-07,2.113840e+08,REACHED_FORCE,REACHED_FORCE,REACHED_FORCE,1,2,2,1,2,2,1,2,2,7.701024e-07,3.632393e-08,7.701170e-07,3.632401e-08,2.973677e-01,1.067195e-05,1.674048e-15,1.798108e-15,7.583070e-10,solution good enough for the tolerances given,solution good enough for the tolerances given,solution good enough for the tolerances given,1.674048e-15,1.798108e-15,7.583070e-10,7.701024e-07,1.384826e-13,7.701170e-07,1.385421e-13,2.973677e-01,1.904712e-10,9.978839e-12,9.981023e-12,4.431523e-09,4.472134e-05,2.872567e+00,9.882356e-08,2.051153e-08,1.594549e-06,0.000000e+00,false
8,3.162000e+10,0,8,CONTINUE,7.571813e-08,1.369772e-09,1.000000e-09,7.571813e-09,2.220447e-14,3.813290e-04,9.819458e-01,5.145085e+00,5.063078e-10,1.002255e-03,7.235203e-04,1.347640e+00,1.914313e-07,2.113840e+08,REACHED_FORCE,REACHED_FORCE,REACHED_FORCE,1,1,1,1,1,1,1,3,3,2.357180e-06,2.778629e-10,2.356252e-06,2.777852e-10,9.402848e-01,1.065896e-04,1.753715e-15,1.798331e-15,7.581628e-10,solution good enough for the tolerances given,solution good enough for the tolerances given,solution good enough for the tolerances given,1.753715e-15,1.798331e-15,7.581628e-10,2.357180e-06,1.575821e-15,2.356252e-06,2.054642e-15,9.402848e-01,1.904359e-10,2.778629e-10,2.777852e-10,1.508102e-12,4.472134e-05,2.872567e+00,9.882356e-08,2.051153e-08,1.594549e-06,0.000000e+00,false
8,1.000000e+11,0,10,CONTINUE,7.571813e-08,9.382086e-10,1.000000e-09,7.571813e-09,2.220447e-14,1.206562e-04,9.876283e-01,5.143515e+00,3.489270e-10,4.196364e-04,3.027480e-04,1.347228e+00,1.914313e-07,2.113840e+08,REACHED_FORCE,REACHED_FORCE,REACHED_FORCE,1,2,2,1,2,2,1,3,3,7.351080e-06,1.043544e-07,7.349861e-06,1.043519e-07,2.973798e+00,1.064223e-03,1.782942e-15,1.797647e-15,7.577104e-10,solution good enough for the tolerances given,solution good enough for the tolerances given,solution good enough for the tolerances given,1.782942e-15,1.797647e-15,7.577104e-10,7.351080e-06,2.057977e-14,7.349861e-06,2.153255e-14,2.973798e+00,1.903251e-10,1.233100e-10,1.232469e-10,1.246456e-09,4.472134e-05,2.872567e+00,9.882356e-08,2.051153e-08,1.594549e-06,0.000000e+00,false
8,3.162000e+11,0,11,CONTINUE,7.571813e-08,1.542677e-09,1.000000e-09,7.571813e-09,2.220447e-14,3.823810e-05,9.797086e-01,5.147492e+00,5.633881e-10,1.895533e-03,1.368659e-03,1.348270e+00,1.914313e-07,2.113840e+08,REACHED_FORCE,REACHED_FORCE,REACHED_FORCE,1,2,2,1,2,2,1,4,4,2.343108e-05,1.427920e-07,2.341345e-05,1.427387e-07,9.404201e+00,1.058685e-02,1.791066e-15,1.796861e-15,7.562823e-10,solution good enough for the tolerances given,solution good enough for the tolerances given,solution good enough for the tolerances given,1.791066e-15,1.796861e-15,7.562823e-10,2.343108e-05,2.406082e-14,2.341345e-05,2.575148e-14,9.404201e+00,1.899751e-10,5.520353e-10,5.531390e-10,4.660434e-10,4.472134e-05,2.872567e+00,9.882356e-08,2.051153e-08,1.594549e-06,0.000000e+00,false
8,1.000000e+12,0,14,CONTINUE,7.571813e-08,1.210955e-09,1.000000e-09,7.571813e-09,2.220447e-14,1.217071e-05,9.841466e-01,5.144393e+00,4.455862e-10,7.448426e-04,5.376106e-04,1.347459e+00,1.914313e-07,2.113840e+08,REACHED_FORCE,REACHED_FORCE,REACHED_FORCE,1,3,3,1,3,3,1,5,5,7.304354e-05,1.493825e-06,7.302190e-05,1.493600e-06,2.975132e+01,1.042367e-01,1.788872e-15,1.790812e-15,7.518178e-10,solution good enough for the tolerances given,solution good enough for the tolerances given,solution good enough for the tolerances given,1.788872e-15,1.790812e-15,7.518178e-10,7.304354e-05,6.914633e-14,7.302190e-05,5.420727e-14,2.975132e+01,1.888777e-10,3.276879e-10,3.278205e-10,1.572986e-09,4.472134e-05,2.872567e+00,9.882356e-08,2.051153e-08,1.594549e-06,0.000000e+00,false
8,3.162000e+12,0,18,CONTINUE,7.571813e-08,1.239104e-09,1.000000e-09,7.571813e-09,2.220447e-14,3.928568e-06,9.837014e-01,5.145405e+00,4.554489e-10,1.118450e-03,8.074357e-04,1.347724e+00,1.914313e-07,2.113840e+08,REACHED_FORCE,REACHED_FORCE,REACHED_FORCE,1,4,4,1,4,4,1,7,7,2.295300e-04,5.994417e-06,2.294297e-04,5.991703e-06,9.417085e+01,9.924315e-01,1.773514e-15,1.774705e-15,7.381879e-10,solution good enough for the tolerances given,solution good enough for the tolerances given,solution good enough for the tolerances given,1.773514e-15,1.774705e-15,7.381879e-10,2.295300e-04,2.543508e-13,2.294297e-04,2.238346e-13,9.417085e+01,1.855002e-10,3.499673e-10,3.504828e-10,1.558126e-09,4.472134e-05,2.872567e+00,9.882356e-08,2.051153e-08,1.594549e-06,0.000000e+00,false
8,1.000000e+13,1,25,CONTINUE,7.571813e-08,3.962630e-09,1.000000e-09,7.571813e-09,2.220447e-14,1.320794e-06,9.484085e-01,5.161409e+00,1.415786e-09,7.279618e-03,5.257146e-03,1.351915e+00,1.914313e-07,2.113840e+08,REACHED_FORCE,REACHED_FORCE,REFINE_ITMAX,1,6,6,1,6,6,1,10,10,6.544645e-04,8.162379e-05,6.524875e-04,8.148084e-05,2.987018e+02,8.560275e+00,1.726846e-15,1.732043e-15,6.994714e-10,solution good enough for the tolerances given,solution good enough for the tolerances given,solution good enough for the tolerances given,1.726846e-15,1.732043e-15,6.994714e-10,6.544645e-04,7.896195e-13,6.524875e-04,8.720814e-13,2.987018e+02,1.756569e-10,2.465077e-09,2.459984e-09,8.776540e-08,4.472134e-05,2.872567e+00,9.882356e-08,2.051153e-08,1.594549e-06,0.000000e+00,false
8,3.162000e+13,1,17,CONTINUE,7.571813e-08,8.015756e-08,1.000000e-09,7.571813e-09,2.220447e-14,4.935000e-07,8.608718e-21,5.142193e+00,2.846040e-08,7.500571e+15,5.514673e+15,1.346882e+00,1.914313e-07,2.113840e+08,REFINE_STALLED,REFINE_STALLED,REFINE_ITMAX,1,1,1,2,2,1,1,10,10,8.012137e+00,3.482238e+03,5.180149e+10,6.719853e+12,9.512832e+02,5.660795e+01,1.612173e-15,2.121292e-02,6.093586e-10,solution good enough for the tolerances given,solution good enough for the tolerances given,solution good enough for the tolerances given,1.612173e-15,2.664362e-09,6.093586e-10,8.012137e+00,1.178271e-11,5.180149e+10,5.111901e-02,9.512832e+02,1.509489e-10,3.482238e+03,6.719853e+12,1.251918e-03,4.472134e-05,2.872567e+00,9.882356e-08,2.051153e-08,1.594549e-06,0.000000e+00,false
8,1.000000e+14,1,8,CONTINUE,7.571813e-08,7.382197e-08,1.000000e-09,7.571813e-09,2.220447e-14,2.248244e-07,1.555511e-11,5.142371e+00,2.845941e-08,6.609901e+00,1.014649e+05,1.346930e+00,1.914313e-07,2.113840e+08,REFINE_STALLED,REFINE_STALLED,REFINE_STALLED,1,1,1,1,1,1,1,3,3,1.743288e-01,1.218384e+00,1.915631e+02,1.366377e+03,3.253368e+03,2.703413e+02,1.400880e-15,1.008275e-11,4.749707e-10,solution good enough for the tolerances given,solution good enough for the tolerances given,solution good enough for the tolerances given,1.400880e-15,1.008275e-11,4.749707e-10,1.743288e-01,2.820933e-14,1.915631e+02,3.518400e-11,3.253368e+03,1.060062e-10,1.218384e+00,1.366377e+03,6.862050e+01,4.472134e-05,2.872567e+00,9.882356e-08,2.051153e-08,1.594549e-06,0.000000e+00,false
8,3.162000e+14,1,8,CONTINUE,7.571813e-08,7.880439e-08,1.000000e-09,7.571813e-09,2.220447e-14,1.279876e-07,1.421749e-06,5.142371e+00,2.845939e-08,3.306702e-05,1.406257e+00,1.346930e+00,1.914313e-07,2.113840e+08,REFINE_STALLED,REFINE_STALLED,REFINE_STALLED,1,1,1,1,2,2,1,2,2,8.995926e-02,1.030705e-01,1.343702e-01,4.593705e-02,1.107525e+04,9.496046e+02,1.104363e-15,1.028139e-14,3.739465e-10,solution good enough for the tolerances given,solution good enough for the tolerances given,solution good enough for the tolerances given,1.104363e-15,1.028139e-14,3.739465e-10,8.995926e-02,2.202504e-15,1.343702e-01,2.778909e-15,1.107525e+04,8.740396e-11,1.030705e-01,4.042222e-02,5.026755e+02,4.472134e-05,2.872567e+00,9.882356e-08,2.051153e-08,1.594549e-06,0.000000e+00,false
8,1.000000e+15,1,8,CONTINUE,7.571813e-08,7.683928e-08,1.000000e-09,7.571813e-09,2.220447e-14,8.317981e-08,2.001997e-07,5.142371e+00,2.845941e-08,1.738458e-05,4.155301e+00,1.346930e+00,1.914313e-07,2.113840e+08,REFINE_STALLED,REFINE_STALLED,REFINE_STALLED,1,1,1,1,1,1,1,3,3,1.983382e-01,1.554567e-01,2.796456e-01,1.477030e-01,3.545845e+04,4.103743e+03,7.569025e-16,4.168838e-15,3.207679e-10,solution good enough for the tolerances given,solution good enough for the tolerances given,solution good enough for the tolerances given,7.569025e-16,4.168838e-15,3.207679e-10,1.983382e-01,5.285641e-16,2.796456e-01,9.943212e-16,3.545845e+04,7.463266e-11,1.554567e-01,1.477030e-01,1.062332e+03,4.472134e-05,2.872567e+00,9.882356e-08,2.051153e-08,1.594549e-06,0.000000e+00,false
8,3.162000e+15,1,9,CONTINUE,7.571813e-08,7.799261e-08,1.000000e-09,7.571813e-09,2.220447e-14,5.389218e-08,5.761019e-09,5.142371e+00,2.845941e-08,3.133044e-04,8.807997e+01,1.346929e+00,1.914313e-07,2.113840e+08,REFINE_STALLED,REFINE_STALLED,REFINE_STALLED,1,1,1,1,1,1,1,4,4,6.778685e-01,8.674020e-01,6.079190e+00,4.461082e+00,1.060160e+05,2.069587e+04,4.388042e-16,2.788641e-14,2.636990e-10,solution good enough for the tolerances given,solution good enough for the tolerances given,solution good enough for the tolerances given,4.388042e-16,2.788641e-14,2.636990e-10,6.778685e-01,5.022547e-16,6.079190e+00,5.542523e-15,1.060160e+05,6.036826e-11,8.674020e-01,4.461082e+00,2.457277e+03,4.472134e-05,2.872567e+00,9.882356e-08,2.051153e-08,1.594549e-06,0.000000e+00,false
8,1.000000e+16,1,7,CONTINUE,7.571813e-08,9.585037e-08,1.000000e-09,7.571813e-09,2.220447e-14,3.244742e-08,1.075230e-08,5.142371e+00,2.845941e-08,5.364573e-05,1.366159e+02,1.346929e+00,1.914313e-07,2.113840e+08,REFINE_STALLED,REFINE_STALLED,REFINE_STALLED,1,1,1,1,1,1,1,2,2,2.165585e+00,3.155631e+00,1.415562e+01,1.219759e+01,3.103272e+05,7.196955e+04,2.331852e-16,7.282902e-15,1.992684e-10,solution good enough for the tolerances given,solution good enough for the tolerances given,solution good enough for the tolerances given,2.331852e-16,7.282902e-15,1.992684e-10,2.165585e+00,3.387966e-16,1.415562e+01,2.166473e-15,3.103272e+05,4.428060e-11,3.155631e+00,1.219759e+01,3.969071e+04,4.472134e-05,2.872567e+00,9.882356e-08,2.051153e-08,1.594549e-06,0.000000e+00,false
8,3.162000e+16,1,7,CONTINUE,7.571813e-08,8.463283e-08,1.000000e-09,7.571813e-09,2.220447e-14,1.745612e-08,3.961281e-09,5.142371e+00,2.845941e-08,2.059762e-05,1.133824e+02,1.346930e+00,1.914313e-07,2.113840e+08,REFINE_STALLED,REFINE_STALLED,REFINE_STALLED,1,1,1,1,1,1,1,2,2,3.831740e+00,3.523796e+00,2.032989e+01,1.192311e+01,8.800773e+05,1.606804e+05,1.395738e-16,2.050751e-15,1.504813e-10,solution good enough for the tolerances given,solution good enough for the tolerances given,solution good enough for the tolerances given,1.395738e-16,2.050751e-15,1.504813e-10,3.831740e+00,1.110222e-16,2.032989e+01,5.477573e-16,8.800773e+05,3.069061e-11,3.523796e+00,1.192311e+01,1.217308e+05,4.472134e-05,2.872567e+00,9.882356e-08,2.051153e-08,1.594549e-06,0.000000e+00,false
8,1.000000e+17,1,7,CONTINUE,7.571813e-08,8.180514e-08,1.000000e-09,7.571813e-09,2.220447e-14,7.848449e-09,2.208856e-09,5.142371e+00,2.845941e-08,3.313495e-06,1.425821e+02,1.346930e+00,1.914313e-07,2.113840e+08,REFINE_STALLED,REFINE_STALLED,REFINE_STALLED,1,1,1,1,1,1,1,2,2,7.400092e+00,4.559879e+00,3.031858e+01,3.096253e+01,2.588648e+06,4.054480e+05,1.046105e-16,1.462982e-15,1.221181e-10,solution good enough for the tolerances given,solution good enough for the tolerances given,solution good enough for the tolerances given,1.046105e-16,1.462982e-15,1.221181e-10,7.400092e+00,4.785967e-17,3.031858e+01,3.628868e-16,2.588648e+06,2.342540e-11,4.559879e+00,3.096253e+01,2.778347e+05,4.472134e-05,2.872567e+00,9.882356e-08,2.051153e-08,1.594549e-06,0.000000e+00,false
8,3.162000e+17,1,11,CONTINUE,7.571813e-08,8.233657e-08,1.000000e-09,7.571813e-09,2.220447e-14,2.949923e-09,4.807311e-08,5.142371e+00,2.845941e-08,6.701492e-07,6.995857e+00,1.346930e+00,1.914313e-07,2.113840e+08,REFINE_STALLED,REFINE_STALLED,REFINE_STALLED,1,3,3,1,3,3,1,2,2,1.919818e+01,5.264123e+00,1.900843e+01,5.902734e+00,7.920888e+06,6.733238e+05,9.233195e-17,9.174661e-17,1.090101e-10,solution good enough for the tolerances given,solution good enough for the tolerances given,solution good enough for the tolerances given,9.233195e-17,9.174661e-17,1.090101e-10,1.919818e+01,2.971812e-17,1.900843e+01,2.946785e-17,7.920888e+06,1.972820e-11,1.138566e+00,1.495847e+00,5.789026e+05,4.472134e-05,2.872567e+00,9.882356e-08,2.051153e-08,1.594549e-06,0.000000e+00,false
8,1.000000e+18,1,11,CONTINUE,7.571813e-08,7.613276e-08,1.000000e-09,7.571813e-09,2.220447e-14,9.969874e-10,2.119329e-08,5.142371e+00,2.845941e-08,6.017514e-07,6.923596e+00,1.346929e+00,1.914313e-07,2.113840e+08,REFINE_STALLED,REFINE_STALLED,REFINE_STALLED,1,3,3,1,3,3,1,2,2,5.218374e+01,6.096711e+00,5.212664e+01,7.459949e+00,2.464754e+07,8.274905e+05,8.827084e-17,8.514979e-17,1.039960e-10,solution good enough for the tolerances given,solution good enough for the tolerances given,solution good enough for the tolerances given,8.827084e-17,8.514979e-17,1.039960e-10,5.218374e+01,2.471652e-17,5.212664e+01,2.348705e-17,2.464754e+07,1.822431e-11,1.187725e+00,2.349348e+00,7.849750e+05,4.370708e-05,2.872567e+00,9.882356e-08,2.051153e-08,1.594549e-06,0.000000e+00,false
9,1.000000e+00,0,5,CONTINUE,7.571967e-10,7.571970e-12,1.000000e-09,7.571967e-11,2.220446e-14,1.440430e+06,9.900000e-01,5.142474e+00,2.845944e-12,8.284589e-09,3.160673e-08,1.346956e+00,1.914277e-09,2.113880e+10,REACHED_FORCE,REACHED_FORCE,REACHED_FORCE,2,0,0,1,0,0,2,0,0,1.603883e-15,NaN,4.016852e-16,NaN,4.282191e-14,NaN,3.103894e-08,1.090170e-16,6.217616e-07,solution good enough for the tolerances given,solution good enough for the tolerances given,solution good enough for the tolerances given,5.729543e-15,1.090170e-16,1.541100e-13,5.355803e-16,1.603883e-15,4.016852e-16,3.242468e-17,1.338951e-16,4.282191e-14,1.603883e-15,4.016852e-16,4.282191e-14,9.981213e-05,1.453919e+05,9.882289e-10,2.051113e-10,1.594518e-08,0.000000e+00,false
9,3.162000e+00,0,5,CONTINUE,7.571967e-10,7.571970e-12,1.000000e-09,7.571967e-11,2.220446e-14,1.440430e+06,9.900000e-01,5.142474e+00,2.845944e-12,1.519734e-08,3.347900e-08,1.346956e+00,1.914277e-09,2.113880e+10,REACHED_FORCE,REACHED_FORCE,REACHED_FORCE,2,0,0,1,0,0,2,0,0,8.033704e-16,NaN,8.033704e-16,NaN,4.307697e-15,NaN,9.816241e-09,7.187816e-17,1.966356e-07,solution good enough for the tolerances given,solution good enough for the tolerances given,solution good enough for the tolerances given,5.730553e-16,7.187816e-17,1.538514e-14,8.033704e-16,1.604166e-16,8.033704e-16,2.011390e-17,5.585935e-16,4.307697e-15,8.033704e-16,8.033704e-16,4.307697e-15,5.613096e-05,8.176346e+04,9.882289e-10,2.051113e-10,1.594518e-08,0.000000e+00,false
9,1.000000e+01,0,5,CONTINUE,7.571967e-10,7.571971e-12,1.000000e-09,7.571967e-11,2.220446e-14,1.440429e+06,9.900000e-01,5.142474e+00,2.845944e-12,1.645494e-08,3.388248e-08,1.346956e+00,1.914277e-09,2.113880e+10,REACHED_FORCE,REACHED_FORCE,REACHED_FORCE,2,0,0,1,0,0,2,0,0,5.355803e-16,NaN,5.355803e-16,NaN,1.359872e-15,NaN,3.103896e-09,2.392950e-17,6.217619e-08,solution good enough for the tolerances given,solution good enough for the tolerances given,solution good enough for the tolerances given,5.729547e-17,2.392950e-17,1.481262e-15,5.355803e-16,1.603885e-17,5.355803e-16,6.671818e-18,1.359872e-15,4.817819e-16,5.355803e-16,5.355803e-16,1.359872e-15,3.156339e-05,4.597695e+04,9.882289e-10,2.051113e-10,1.594518e-08,0.000000e+00,false
9,3.162000e+01,0,5,CONTINUE,7.571967e-10,7.571971e-12,1.000000e-09,7.571967e-11,2.220446e-14,1.440431e+06,9.900000e-01,5.142474e+00,2.845944e-12,1.672146e-08,3.397040e-08,1.346956e+00,1.914277e-09,2.113880e+10,REACHED_FORCE,REACHED_FORCE,REACHED_FORCE,2,0,0,1,0,0,2,0,0,5.355803e-16,NaN,5.355803e-16,NaN,3.866220e-15,NaN,9.816243e-10,7.605868e-18,1.966357e-08,solution good enough for the tolerances given,solution good enough for the tolerances given,solution good enough for the tolerances given,5.730543e-18,7.605868e-18,2.156820e-16,5.355803e-16,1.604164e-18,5.355803e-16,2.119862e-18,3.866220e-15,8.502033e-17,5.355803e-16,5.355803e-16,3.866220e-15,1.775013e-05,2.585588e+04,9.882289e-10,2.051113e-10,1.594518e-08,0.000000e+00,false
9,1.000000e+02,0,5,CONTINUE,7.571967e-10,7.571971e-12,1.000000e-09,7.571967e-11,2.220446e-14,1.440424e+06,9.900000e-01,5.142474e+00,2.845944e-12,1.679157e-08,3.399367e-08,1.346956e+00,1.914277e-09,2.113880e+10,REACHED_FORCE,REACHED_FORCE,REACHED_FORCE,2,0,0,1,0,0,2,0,0,2.677901e-16,NaN,5.355803e-16,NaN,2.482080e-14,NaN,3.103896e-10,2.406157e-18,6.217618e-09,solution good enough for the tolerances given,solution good enough for the tolerances given,solution good enough for the tolerances given,5.729567e-19,2.406157e-18,2.366828e-16,2.677901e-16,1.603887e-19,5.355803e-16,6.706047e-19,2.482080e-14,1.133604e-16,2.677901e-16,5.355803e-16,2.482080e-14,9.981242e-06,1.453919e+04,9.882289e-10,2.051113e-10,1.594518e-08,0.000000e+00,false
9,3.162000e+02,0,5,CONTINUE,7.571967e-10,7.571971e-12,1.000000e-09,7.571967e-11,2.220446e-14,1.440411e+06,9.900000e-01,5.142474e+00,2.845944e-12,1.681219e-08,3.400053e-08,1.346956e+00,1.914277e-09,2.113880e+10,REACHED_FORCE,REACHED_FORCE,REACHED_FORCE,2,0,0,1,0,0,2,0,0,5.355803e-16,NaN,4.016852e-16,NaN,5.037802e-14,NaN,9.816243e-11,7.609885e-19,1.966357e-09,solution good enough for the tolerances given,solution good enough for the tolerances given,solution good enough for the tolerances given,5.730568e-20,7.609885e-19,2.170306e-16,5.355803e-16,1.604109e-20,4.016852e-16,2.120927e-19,5.037802e-14,1.133604e-16,5.355803e-16,4.016852e-16,5.037802e-14,5.613052e-06,8.176346e+03,9.882289e-10,2.051113e-10,1.594518e-08,0.000000e+00,false
9,1.000000e+03,0,4,CONTINUE,7.571967e-10,7.573682e-12,1.000000e-09,7.571967e-11,2.220446e-14,1.440359e+06,9.899998e-01,5.143496e+00,2.846022e-12,3.744579e-04,2.704390e-04,1.347224e+00,1.914277e-09,2.113880e+10,REACHED_FORCE,REACHED_FORCE,REACHED_FORCE,1,0,0,1,0,0,2,0,0,8.398390e-12,NaN,1.661935e-15,NaN,1.138443e-13,NaN,3.103896e-11,6.485813e-15,6.217625e-10,solution good enough for the tolerances given,solution good enough for the tolerances given,solution good enough for the tolerances given,3.103896e-11,6.485813e-15,2.144047e-16,5.355803e-16,8.398390e-12,5.355803e-16,1.661935e-15,1.138443e-13,8.502033e-17,8.398390e-12,1.661935e-15,1.138443e-13,3.156233e-06,4.597696e+03,9.882289e-10,2.051113e-10,1.594518e-08,0.000000e+00,false
9,3.162000e+03,0,4,CONTINUE,7.571967e-10,7.572651e-12,1.000000e-09,7.571967e-11,2.220446e-14,1.440312e+06,9.899997e-01,5.142797e+00,2.846023e-12,1.184130e-04,8.551727e-05,1.347041e+00,1.914277e-09,2.113880e+10,REACHED_FORCE,REACHED_FORCE,REACHED_FORCE,1,0,0,1,0,0,2,0,0,2.656037e-12,NaN,6.694753e-16,NaN,5.053859e-13,NaN,9.816243e-12,6.485548e-16,1.966354e-10,solution good enough for the tolerances given,solution good enough for the tolerances given,solution good enough for the tolerances given,9.816243e-12,6.485548e-16,1.982285e-16,4.016852e-16,2.656037e-12,6.694753e-16,1.661855e-16,5.053859e-13,8.502033e-17,2.656037e-12,6.694753e-16,5.053859e-13,1.775428e-06,2.585588e+03,9.882289e-10,2.051113e-10,1.594518e-08,0.000000e+00,false
9,1.000000e+04,0,3,CONTINUE,7.571967e-10,7.572277e-12,1.000000e-09,7.571967e-11,2.220446e-14,1.440097e+06,9.899998e-01,5.142576e+00,2.846006e-12,3.743111e-05,2.703027e-05,1.346983e+00,1.914277e-09,2.113880e+10,REACHED_FORCE,REACHED_FORCE,REACHED_FORCE,1,0,0,1,0,0,1,0,0,8.381941e-13,NaN,1.661150e-15,NaN,1.593248e-11,NaN,3.103896e-12,6.482502e-17,6.217651e-11,solution good enough for the tolerances given,solution good enough for the tolerances given,solution good enough for the tolerances given,3.103896e-12,6.482502e-17,6.217651e-11,5.355803e-16,8.381941e-13,8.033704e-16,1.661150e-15,1.709231e-12,1.593248e-11,8.381941e-13,1.661150e-15,1.593248e-11,9.982666e-07,1.453920e+03,9.882289e-10,2.051113e-10,1.594518e-08,0.000000e+00,true
9,3.162000e+04,0,3,CONTINUE,7.571967e-10,7.572398e-12,1.000000e-09,7.571967e-11,2.220446e-14,1.437963e+06,9.899995e-01,5.142506e+00,2.846082e-12,1.182676e-05,8.538227e-06,1.346964e+00,1.914277e-09,2.113880e+10,REACHED_FORCE,REACHED_FORCE,REACHED_FORCE,1,0,0,1,0,0,1,0,0,2.654393e-13,NaN,4.016852e-16,NaN,5.685343e-12,NaN,9.816243e-13,6.478389e-18,1.966371e-11,solution good enough for the tolerances given,solution good enough for the tolerances given,solution good enough for the tolerances given,9.816243e-13,6.478389e-18,1.966371e-11,4.016852e-16,2.654393e-13,4.016852e-16,1.660119e-16,5.685343e-12,5.038471e-12,2.654393e-13,4.016852e-16,5.685343e-12,5.615188e-07,8.176360e+02,9.882289e-10,2.051113e-10,1.594518e-08,0.000000e+00,false
9,1.000000e+05,0,3,CONTINUE,7.571967e-10,7.572254e-12,1.000000e-09,7.571967e-11,2.220446e-14,1.430304e+06,9.899997e-01,5.142484e+00,2.846043e-12,3.728528e-06,2.689613e-06,1.346959e+00,1.914277e-09,2.113880e+10,REACHED_FORCE,REACHED_FORCE,REACHED_FORCE,1,0,0,1,0,0,1,0,0,8.396748e-14,NaN,5.355803e-16,NaN,1.783626e-11,NaN,3.103896e-13,6.460934e-19,6.217401e-12,solution good enough for the tolerances given,solution good enough for the tolerances given,solution good enough for the tolerances given,3.103896e-13,6.460934e-19,6.217401e-12,4.016852e-16,8.396748e-14,5.355803e-16,1.655788e-17,1.783626e-11,1.593047e-12,8.396748e-14,5.355803e-16,1.783626e-11,3.139869e-07,4.597721e+02,9.882289e-10,2.051113e-10,1.594518e-08,0.000000e+00,false
9,3.162000e+05,0,3,CONTINUE,7.571967e-10,7.572282e-12,1.000000e-09,7.571967e-11,2.220446e-14,1.427572e+06,9.899996e-01,5.142477e+00,2.846062e-12,1.168375e-06,8.408175e-07,1.346957e+00,1.914277e-09,2.113880e+10,REACHED_FORCE,REACHED_FORCE,REACHED_FORCE,1,0,0,1,0,0,1,0,0,2.655874e-14,NaN,1.071161e-15,NaN,4.655036e-11,NaN,9.816243e-14,6.410158e-20,1.967649e-12,solution good enough for the tolerances given,solution good enough for the tolerances given,solution good enough for the tolerances given,9.816243e-14,6.410158e-20,1.967649e-12,5.355803e-16,2.655874e-14,1.071161e-15,1.644373e-18,4.655036e-11,5.040005e-13,2.655874e-14,1.071161e-15,4.655036e-11,1.812804e-07,2.585633e+02,9.882289e-10,2.051113e-10,1.594518e-08,0.000000e+00,false
9,1.000000e+06,0,4,CONTINUE,7.571967e-10,7.571974e-12,1.000000e-09,7.571967e-11,2.220446e-14,1.378512e+06,9.900000e-01,5.142475e+00,2.845945e-12,3.590453e-07,2.577265e-07,1.346956e+00,1.914277e-09,2.113880e+10,REACHED_FORCE,REACHED_FORCE,REACHED_FORCE,1,0,0,1,0,0,1,1,1,8.398391e-15,NaN,5.355803e-16,NaN,1.362711e-10,3.087888e-12,3.103896e-14,6.272896e-21,6.222356e-13,solution good enough for the tolerances given,solution good enough for the tolerances given,solution good enough for the tolerances given,3.103896e-14,6.272896e-21,6.222356e-13,5.355803e-16,8.398391e-15,5.355803e-16,1.571697e-21,1.362711e-10,1.594804e-13,8.398391e-15,5.355803e-16,3.087888e-12,1.032383e-07,1.453999e+02,9.882289e-10,2.051113e-10,1.594518e-08,0.000000e+00,false
9,3.162000e+06,1,4,CONTINUE,7.571967e-10,7.572142e-12,1.000000e-09,7.571967e-11,2.220446e-14,1.263787e+06,9.899998e-01,5.142474e+00,2.846008e-12,1.138898e-07,4.852330e-08,1.346956e+00,1.914277e-09,2.113880e+10,REACHED_FORCE,REACHED_FORCE,REFINE_STALLED,1,0,0,1,0,0,1,1,1,2.656037e-15,NaN,5.355803e-16,NaN,3.231731e-10,5.096837e-10,9.816243e-15,5.252180e-22,1.973367e-13,solution good enough for the tolerances given,solution good enough for the tolerances given,solution good enough for the tolerances given,9.816243e-15,5.252180e-22,1.973367e-13,5.355803e-16,2.656037e-15,5.355803e-16,1.355585e-22,3.231731e-10,5.044185e-14,2.656037e-15,5.355803e-16,5.096837e-10,4.214685e-08,8.177777e+01,9.882289e-10,2.051113e-10,1.594518e-08,0.000000e+00,false
9,1.000000e+07,0,6,CONTINUE,7.571967e-10,1.368456e-11,1.000000e-09,7.571967e-11,2.220446e-14,1.205392e+00,9.819836e-01,5.158585e+00,4.682347e-12,5.950044e-03,4.297259e-03,1.351176e+00,1.914277e-09,2.113880e+10,REACHED_FORCE,REACHED_FORCE,REACHED_FORCE,1,0,0,1,0,0,2,2,1,7.451312e-12,NaN,7.432854e-12,NaN,2.973664e-04,1.066474e-13,3.095403e-15,5.243868e-18,7.583656e-10,solution good enough for the tolerances given,solution good enough for the tolerances given,solution good enough for the tolerances given,3.095403e-15,5.243868e-18,1.696402e-16,7.451312e-12,8.363621e-16,7.432854e-12,2.941290e-18,2.973664e-04,1.417006e-16,7.451312e-12,7.432854e-12,1.066474e-13,4.472134e-05,4.600229e+01,9.882289e-10,2.051113e-10,1.594518e-08,0.000000e+00,false
9,3.162000e+07,0,6,CONTINUE,7.571967e-10,2.700931e-11,1.000000e-09,7.571967e-11,2.220446e-14,3.812119e-01,9.646668e-01,5.192576e+00,8.676811e-12,1.883606e-02,1.360384e-02,1.360079e+00,1.914277e-09,2.113880e+10,REACHED_FORCE,REACHED_FORCE,REACHED_FORCE,1,0,0,1,0,0,2,2,1,2.353618e-11,NaN,2.333181e-11,NaN,9.402696e-04,1.066390e-12,9.732194e-16,5.452064e-18,7.583712e-10,solution good enough for the tolerances given,solution good enough for the tolerances given,solution good enough for the tolerances given,9.732194e-16,5.452064e-18,2.270559e-16,2.353618e-11,2.623348e-16,2.333181e-11,4.801247e-18,9.402696e-04,8.502033e-17,2.353618e-11,2.333181e-11,1.066390e-12,4.472134e-05,2.590034e+01,9.882289e-10,2.051113e-10,1.594518e-08,0.000000e+00,false
9,1.000000e+08,0,6,CONTINUE,7.571967e-10,7.147646e-11,1.000000e-09,7.571967e-11,2.220446e-14,1.205392e-01,9.080803e-01,5.293544e+00,2.205208e-11,6.033409e-02,4.357470e-02,1.386525e+00,1.914277e-09,2.113880e+10,REACHED_FORCE,REACHED_FORCE,REACHED_FORCE,1,0,0,1,0,0,2,2,1,7.364729e-11,NaN,7.094245e-11,NaN,2.973670e-03,1.066573e-11,3.022713e-16,6.183110e-18,7.583723e-10,solution good enough for the tolerances given,solution good enough for the tolerances given,solution good enough for the tolerances given,3.022713e-16,6.183110e-18,1.285202e-16,7.364729e-11,8.329417e-17,7.094245e-11,2.466648e-17,2.973670e-03,8.502033e-17,7.364729e-11,7.094245e-11,1.066573e-11,4.472134e-05,1.461520e+01,9.882289e-10,2.051113e-10,1.594518e-08,0.000000e+00,false
9,3.162000e+08,0,9,CONTINUE,7.571967e-10,7.572017e-12,1.000000e-09,7.571967e-11,2.220446e-14,3.812120e-02,9.899999e-01,5.142474e+00,2.845961e-12,1.223407e-08,3.260462e-08,1.346956e+00,1.914277e-09,2.113880e+10,REACHED_FORCE,REACHED_FORCE,REACHED_FORCE,1,1,1,1,1,1,2,3,2,2.356388e-10,1.338951e-16,2.356385e-10,2.677901e-16,9.402725e-03,1.066387e-10,9.101863e-17,1.799830e-17,7.583720e-10,solution good enough for the tolerances given,solution good enough for the tolerances given,solution good enough for the tolerances given,9.101863e-17,1.799830e-17,1.852604e-16,2.356388e-10,3.312709e-17,2.356385e-10,2.664130e-17,9.402725e-03,1.133604e-16,1.338951e-16,2.677901e-16,1.506319e-16,4.472134e-05,8.297343e+00,9.882289e-10,2.051113e-10,1.594518e-08,0.000000e+00,false
9,1.000000e+09,0,9,CONTINUE,7.571967e-10,7.572475e-12,1.000000e-09,7.571967e-11,2.220446e-14,1.205392e-02,9.899993e-01,5.142474e+00,2.846127e-12,2.197767e-08,3.282452e-08,1.346956e+00,1.914277e-09,2.113880e+10,REACHED_FORCE,REACHED_FORCE,REACHED_FORCE,1,1,1,1,1,1,2,3,2,7.452206e-10,2.677901e-16,7.452212e-10,2.906086e-16,2.973669e-02,1.066577e-09,2.752431e-17,1.799830e-17,7.583732e-10,solution good enough for the tolerances given,solution good enough for the tolerances given,solution good enough for the tolerances given,2.752431e-17,1.799830e-17,2.303095e-16,7.452206e-10,8.828004e-17,7.452212e-10,9.043157e-17,2.973669e-02,9.919039e-17,2.677901e-16,2.906086e-16,1.506319e-16,4.472134e-05,4.763178e+00,9.882289e-10,2.051113e-10,1.594518e-08,0.000000e+00,false
9,3.162000e+09,0,9,CONTINUE,7.571967e-10,7.594440e-12,1.000000e-09,7.571967e-11,2.220446e-14,3.812121e-03,9.899716e-01,5.142476e+00,2.853961e-12,8.306782e-07,5.973335e-07,1.346957e+00,1.914277e-09,2.113880e+10,REACHED_FORCE,REACHED_FORCE,REACHED_FORCE,1,1,1,1,1,1,2,3,2,2.356374e-09,1.375568e-14,2.356375e-09,1.384930e-14,9.402766e-02,1.066389e-08,1.589829e-17,1.799823e-17,7.583728e-10,solution good enough for the tolerances given,solution good enough for the tolerances given,solution good enough for the tolerances given,1.589829e-17,1.799823e-17,1.916594e-16,2.356374e-09,4.894268e-16,2.356375e-09,5.252108e-16,9.402766e-02,7.085028e-17,1.375568e-14,1.384930e-14,4.234431e-15,4.472134e-05,2.872567e+00,9.882289e-10,2.051113e-10,1.594518e-08,0.000000e+00,false
9,1.000000e+10,0,9,CONTINUE,7.571967e-10,9.361419e-12,1.000000e-09,7.571967e-11,2.220446e-14,1.205394e-03,9.877523e-01,5.142528e+00,3.484382e-12,1.965403e-05,1.419125e-05,1.346970e+00,1.914277e-09,2.113880e+10,REACHED_FORCE,REACHED_FORCE,REACHED_FORCE,1,1,1,1,1,1,2,3,2,7.451145e-09,1.119289e-12,7.451080e-09,1.102285e-12,2.973678e-01,1.066577e-07,1.675101e-17,1.799653e-17,7.583734e-10,solution good enough for the tolerances given,solution good enough for the tolerances given,solution good enough for the tolerances given,1.675101e-17,1.799653e-17,2.358768e-16,7.451145e-09,2.112325e-15,7.451080e-09,1.431995e-15,2.973678e-01,1.133604e-16,1.119289e-12,1.102285e-12,1.284723e-13,4.472134e-05,2.872567e+00,9.882289e-10,2.051113e-10,1.594518e-08,0.000000e+00,false
9,3.162000e+10,0,11,CONTINUE,7.571967e-10,1.438607e-11,1.000000e-09,7.571967e-11,2.220446e-14,3.812134e-04,9.809951e-01,5.140711e+00,5.456880e-12,6.518199e-04,4.707630e-04,1.346494e+00,1.914277e-09,2.113880e+10,REACHED_FORCE,REACHED_FORCE,REACHED_FORCE,1,2,2,1,2,2,2,3,2,2.346118e-08,1.043346e-10,2.346727e-08,1.043710e-10,9.402723e-01,1.066382e-06,1.755413e-17,1.799475e-17,7.583721e-10,solution good enough for the tolerances given,solution good enough for the tolerances given,solution good enough for the tolerances given,1.755413e-17,1.799475e-17,2.004498e-16,2.346118e-08,1.407891e-14,2.346727e-08,1.391128e-14,9.402723e-01,8.502033e-17,1.888501e-12,1.890047e-12,3.959310e-12,4.472134e-05,2.872567e+00,9.882289e-10,2.051113e-10,1.594518e-08,0.000000e+00,false
9,1.000000e+11,0,10,CONTINUE,7.571967e-10,1.592340e-10,1.000000e-09,7.571967e-11,2.220446e-14,1.205404e-04,7.872994e-01,5.191301e+00,5.923188e-11,2.249220e-02,1.624440e-02,1.359745e+00,1.914277e-09,2.113880e+10,REACHED_FORCE,REACHED_FORCE,REACHED_FORCE,1,1,1,1,1,1,2,4,3,7.457673e-08,6.358320e-11,7.404119e-08,6.343712e-11,2.973668e+00,1.066553e-05,1.785314e-17,1.828291e-17,7.583662e-10,solution good enough for the tolerances given,solution good enough for the tolerances given,solution good enough for the tolerances given,1.785314e-17,1.828291e-17,2.822510e-16,7.457673e-08,7.614088e-15,7.404119e-08,8.532677e-15,2.973668e+00,5.668022e-17,6.358320e-11,6.343712e-11,7.716456e-13,4.472134e-05,2.872567e+00,9.882289e-10,2.051113e-10,1.594518e-08,0.000000e+00,false
9,3.162000e+11,0,12,CONTINUE,7.571967e-10,1.797944e-11,1.000000e-09,7.571967e-11,2.220446e-14,3.812237e-05,9.763196e-01,5.155079e+00,6.439839e-12,4.682305e-03,3.381668e-03,1.350258e+00,1.914277e-09,2.113880e+10,REACHED_FORCE,REACHED_FORCE,REACHED_FORCE,1,2,2,1,2,2,2,4,3,2.373362e-07,1.971677e-09,2.368377e-07,1.969727e-09,9.402743e+00,1.066313e-04,1.795172e-17,1.803063e-17,7.583531e-10,solution good enough for the tolerances given,solution good enough for the tolerances given,solution good enough for the tolerances given,1.795172e-17,1.803063e-17,2.391293e-16,2.373362e-07,3.332473e-14,2.368377e-07,3.700216e-14,9.402743e+00,6.730776e-17,1.337567e-11,8.192721e-12,7.606001e-12,4.472134e-05,2.872567e+00,9.882289e-10,2.051113e-10,1.594518e-08,0.000000e+00,false
9,1.000000e+12,0,12,CONTINUE,7.571967e-10,1.441732e-10,1.000000e-09,7.571967e-11,2.220446e-14,1.205510e-05,8.087529e-01,5.125728e+00,5.515879e-11,7.509255e-03,5.423364e-03,1.342570e+00,1.914277e-09,2.113880e+10,REACHED_FORCE,REACHED_FORCE,REACHED_FORCE,1,2,2,1,2,2,2,4,3,7.887510e-07,5.361969e-08,7.898689e-07,5.363684e-08,2.973674e+01,1.066330e-03,1.798282e-17,1.799126e-17,7.583071e-10,solution good enough for the tolerances given,solution good enough for the tolerances given,solution good enough for the tolerances given,1.798282e-17,1.799126e-17,2.845241e-16,7.887510e-07,8.744534e-14,7.898689e-07,5.480128e-14,2.973674e+01,8.502033e-17,5.044677e-11,5.699027e-11,6.537827e-11,4.472134e-05,2.872567e+00,9.882289e-10,2.051113e-10,1.594518e-08,0.000000e+00,false
9,3.162000e+12,0,15,CONTINUE,7.571967e-10,9.437173e-12,1.000000e-09,7.571967e-11,2.220446e-14,3.813291e-06,9.875239e-01,5.141960e+00,3.563186e-12,1.885903e-04,1.362077e-04,1.346821e+00,1.914277e-09,2.113880e+10,REACHED_FORCE,REACHED_FORCE,REACHED_FORCE,1,3,3,1,3,3,2,5,4,2.355969e-06,2.729755e-09,2.356161e-06,2.777471e-09,9.402905e+01,1.065613e-02,1.799115e-17,1.799450e-17,7.581638e-10,solution good enough for the tolerances given,solution good enough for the tolerances given,solution good enough for the tolerances given,1.799115e-17,1.799450e-17,1.903302e-16,2.355969e-06,3.424548e-13,2.356161e-06,2.784346e-13,9.402905e+01,8.502033e-17,1.071193e-12,5.755225e-13,5.472647e-13,4.472134e-05,2.872567e+00,9.882289e-10,2.051113e-10,1.594518e-08,0.000000e+00,false
9,1.000000e+13,0,16,CONTINUE,7.571967e-10,2.298550e-11,1.000000e-09,7.571967e-11,2.220446e-14,1.206562e-06,9.696006e-01,5.140375e+00,8.738738e-12,7.850649e-04,5.669956e-04,1.346406e+00,1.914277e-09,2.113880e+10,REACHED_FORCE,REACHED_FORCE,REACHED_FORCE,1,3,3,1,3,3,2,6,5,7.440208e-06,1.374184e-08,7.441365e-06,1.662921e-08,2.973806e+02,1.064119e-01,1.798893e-17,1.798797e-17,7.577108e-10,solution good enough for the tolerances given,solution good enough for the tolerances given,solution good enough for the tolerances given,1.798893e-17,1.798797e-17,2.023489e-16,7.440208e-06,1.063775e-12,7.441365e-06,8.648738e-13,2.973806e+02,1.133604e-16,7.391339e-13,5.294105e-12,1.188135e-12,4.472134e-05,2.872567e+00,9.882289e-10,2.051113e-10,1.594518e-08,0.000000e+00,false
9,3.162000e+13,0,21,CONTINUE,7.571967e-10,1.031815e-11,1.000000e-09,7.571967e-11,2.220446e-14,3.823811e-07,9.863929e-01,5.143294e+00,3.851227e-12,3.013230e-04,2.176191e-04,1.347171e+00,1.914277e-09,2.113880e+10,REACHED_FORCE,REACHED_FORCE,REACHED_FORCE,1,5,5,1,5,5,2,7,6,2.334388e-05,4.343204e-07,2.334087e-05,3.597351e-07,9.404193e+02,1.058637e+00,1.797291e-17,1.797538e-17,7.562815e-10,solution good enough for the tolerances given,solution good enough for the tolerances given,solution good enough for the tolerances given,1.797291e-17,1.797538e-17,1.821305e-16,2.334388e-05,2.134193e-12,2.334087e-05,1.981155e-12,9.404193e+02,8.502033e-17,2.718113e-12,3.173847e-12,8.387210e-12,4.472134e-05,2.872567e+00,9.882289e-10,2.051113e-10,1.594518e-08,0.000000e+00,false
9,1.000000e+14,0,23,CONTINUE,7.571967e-10,2.194750e-11,1.000000e-09,7.571967e-11,2.220446e-14,1.217071e-07,9.709014e-01,5.156450e+00,8.226923e-12,5.220580e-03,3.770422e-03,1.350617e+00,1.914277e-09,2.113880e+10,REACHED_FORCE,REACHED_FORCE,REACHED_FORCE,1,6,6,1,5,5,2,8,7,7.193163e-05,3.736186e-06,7.165159e-05,3.013058e-06,2.975116e+03,1.042337e+01,1.791991e-17,1.798498e-17,7.518171e-10,solution good enough for the tolerances given,solution good enough for the tolerances given,solution good enough for the tolerances given,1.791991e-17,1.798498e-17,2.491738e-16,7.193163e-05,1.277682e-11,7.165159e-05,1.092315e-11,2.975116e+03,8.502033e-17,4.565018e-11,1.706862e-11,3.152655e-11,4.472134e-05,2.872567e+00,9.882289e-10,2.051113e-10,1.594518e-08,0.000000e+00,false
9,3.162000e+14,1,25,CONTINUE,7.571967e-10,7.574181e-10,1.000000e-09,7.571967e-11,2.220446e-14,3.928566e-08,5.803299e-08,5.143978e+00,2.874193e-10,9.397021e+03,6.786808e+03,1.347350e+00,1.914277e-09,2.113880e+10,REFINE_STALLED,REFINE_STALLED,REFINE_ITMAX,1,2,2,1,8,8,2,11,10,2.274679e-04,1.952972e-05,6.964528e+01,1.773474e+00,9.417030e+03,9.924150e+01,1.775681e-17,1.192776e-11,7.381892e-10,solution good enough for the tolerances given,solution good enough for the tolerances given,solution good enough for the tolerances given,1.775681e-17,1.192776e-11,1.411065e-16,2.274679e-04,2.439108e-11,6.964528e+01,6.407249e-07,9.417030e+03,5.668022e-17,1.108186e-05,7.101343e-07,1.771120e-10,4.472134e-05,2.872567e+00,9.882289e-10,2.051113e-10,1.594518e-08,0.000000e+00,false
9,1.000000e+15,1,19,CONTINUE,7.571967e-10,7.383922e-10,1.000000e-09,7.571967e-11,2.220446e-14,1.320791e-08,1.307379e-24,5.142750e+00,2.845790e-10,7.652156e+19,5.526779e+19,1.347028e+00,1.914277e-09,2.113880e+10,REFINE_STALLED,REFINE_STALLED,REFINE_ITMAX,1,1,1,2,2,1,2,11,10,7.036556e-01,3.239570e+01,4.055014e+12,1.877170e+14,2.987016e+04,8.560142e+02,1.728799e-17,3.200297e-03,6.994726e-10,solution good enough for the tolerances given,solution good enough for the tolerances given,solution good enough for the tolerances given,1.728799e-17,2.343335e-10,1.698173e-16,7.036556e-01,4.119528e-11,4.055014e+12,5.222481e+02,2.987016e+04,8.502033e-17,3.239570e+01,1.877170e+14,8.775327e-06,4.472134e-05,2.872567e+00,9.882289e-10,2.051113e-10,1.594518e-08,0.000000e+00,false
9,3.162000e+15,1,22,CONTINUE,7.571967e-10,7.383845e-10,1.000000e-09,7.571967e-11,2.220446e-14,4.934980e-09,1.137960e-42,5.142474e+00,2.845943e-10,2.415351e+33,1.624373e+34,1.346956e+00,1.914277e-09,2.113880e+10,REFINE_STALLED,REFINE_STALLED,REFINE_ITMAX,1,2,1,3,2,1,2,12,10,1.104558e+04,6.603131e+09,3.607760e+26,2.156756e+32,9.512841e+04,5.660745e+03,1.614178e-17,3.382287e+06,6.093609e-10,solution good enough for the tolerances given,solution good enough for the tolerances given,solution good enough for the tolerances given,1.614178e-17,5.125586e-01,2.486992e-16,1.104558e+04,1.512531e-10,3.607760e+26,5.039505e+12,9.512841e+04,7.793530e-17,6.603131e+09,2.156756e+32,1.251767e-01,4.472134e-05,2.872567e+00,9.882289e-10,2.051113e-10,1.594518e-08,0.000000e+00,false
9,1.000000e+16,1,11,CONTINUE,7.571967e-10,7.382347e-10,1.000000e-09,7.571967e-11,2.220446e-14,2.248226e-09,1.554806e-13,5.142474e+00,2.845943e-10,6.613035e-02,1.015108e+05,1.346956e+00,1.914277e-09,2.113880e+10,REFINE_STALLED,REFINE_STALLED,REFINE_STALLED,1,1,1,1,1,1,2,5,3,1.743665e-01,1.218699e+00,1.916485e+02,1.367002e+03,3.253366e+05,2.703406e+04,1.402755e-17,1.008612e-13,4.749725e-10,solution good enough for the tolerances given,solution good enough for the tolerances given,solution good enough for the tolerances given,1.402755e-17,1.008612e-13,2.205661e-16,1.743665e-01,2.821527e-16,1.916485e+02,3.519878e-13,3.253366e+05,8.502033e-17,1.218699e+00,1.367002e+03,6.861964e+03,4.472134e-05,2.872567e+00,9.882289e-10,2.051113e-10,1.594518e-08,0.000000e+00,false
9,3.162000e+16,1,10,CONTINUE,7.571967e-10,7.880718e-10,1.000000e-09,7.571967e-11,2.220446e-14,1.279861e-09,1.418572e-08,5.142474e+00,2.845943e-10,3.311904e-07,1.408958e+00,1.346956e+00,1.914277e-09,2.113880e+10,REFINE_STALLED,REFINE_STALLED,REFINE_STALLED,1,1,1,1,2,2,2,3,2,8.996977e-02,1.030949e-01,1.344502e-01,4.597522e-02,1.107525e+06,9.496020e+04,1.105629e-17,1.028626e-16,3.739473e-10,solution good enough for the tolerances given,solution good enough for the tolerances given,solution good enough for the tolerances given,1.105629e-17,1.028626e-16,2.509907e-16,8.996977e-02,2.202972e-17,1.344502e-01,2.781283e-17,1.107525e+06,8.502033e-17,1.030949e-01,4.048705e-02,5.026760e+04,4.472134e-05,2.872567e+00,9.882289e-10,2.051113e-10,1.594518e-08,0.000000e+00,false
9,1.000000e+17,1,10,CONTINUE,7.571967e-10,7.684020e-10,1.000000e-09,7.571967e-11,2.220446e-14,8.317879e-10,2.001385e-09,5.142474e+00,2.845943e-10,1.738593e-07,4.155945e+00,1.346956e+00,1.914277e-09,2.113880e+10,REFINE_STALLED,REFINE_STALLED,REFINE_STALLED,1,1,1,1,1,1,2,4,3,1.983724e-01,1.554876e-01,2.797116e-01,1.477303e-01,3.545854e+06,4.103705e+05,7.575634e-18,4.169969e-17,3.207686e-10,solution good enough for the tolerances given,solution good enough for the tolerances given,solution good enough for the tolerances given,7.575634e-18,4.169969e-17,2.634628e-16,1.983724e-01,5.286907e-18,2.797116e-01,9.945607e-18,3.545854e+06,8.502033e-17,1.554876e-01,1.477303e-01,1.062330e+05,4.472134e-05,2.872567e+00,9.882289e-10,2.051113e-10,1.594518e-08,0.000000e+00,false
9,3.162000e+17,1,11,CONTINUE,7.571967e-10,7.799392e-10,1.000000e-09,7.571967e-11,2.220446e-14,5.389156e-10,5.760077e-11,5.142474e+00,2.845943e-10,3.133303e-06,8.808956e+01,1.346956e+00,1.914277e-09,2.113880e+10,REFINE_STALLED,REFINE_STALLED,REFINE_STALLED,1,1,1,1,1,1,2,5,4,6.779483e-01,8.674949e-01,6.080288e+00,4.461683e+00,1.060161e+07,2.069579e+06,4.391219e-18,2.789129e-16,2.636998e-10,solution good enough for the tolerances given,solution good enough for the tolerances given,solution good enough for the tolerances given,4.391219e-18,2.789129e-16,2.054521e-16,6.779483e-01,5.024030e-18,6.080288e+00,5.543597e-17,1.060161e+07,1.133604e-16,8.674949e-01,4.461683e+00,2.457263e+05,4.472134e-05,2.872567e+00,9.882289e-10,2.051113e-10,1.594518e-08,0.000000e+00,false
9,1.000000e+18,1,9,CONTINUE,7.571967e-10,9.585196e-10,1.000000e-09,7.571967e-11,2.220446e-14,3.244709e-10,1.074946e-10,5.142474e+00,2.845943e-10,5.366016e-07,1.366504e+02,1.346956e+00,1.914277e-09,2.113880e+10,REFINE_STALLED,REFINE_STALLED,REFINE_STALLED,1,1,1,1,1,1,2,3,2,2.165825e+00,3.156052e+00,1.415892e+01,1.220070e+01,3.103272e+07,7.196960e+06,2.333283e-18,7.284617e-17,1.992692e-10,solution good enough for the tolerances given,solution good enough for the tolerances given,solution good enough for the tolerances given,2.333283e-18,7.284617e-17,1.644099e-16,2.165825e+00,3.388594e-18,1.415892e+01,2.166987e-17,3.103272e+07,8.502033e-17,3.156052e+00,1.220070e+01,3.969054e+06,4.472134e-05,2.872567e+00,9.882289e-10,2.051113e-10,1.594518e-08,0.000000e+00,false
