iter,alpha,state,ncraig,ipm_status,mu,mu_next,rho,force_tol,floor_tol,sigma2min,sigma2max,step,tau,kappa,norm_dp,norm_dy,norm_y,hdiag_min,hdiag_max,pstat,cstat,wstat,pbase,prefn,ppass,cbase,crefn,cpass,wbase,wrefn,wpass,pres0,pres1,cres0,cres1,wres0,wres1,r0_p,r0_c,r0_w,craig_p,craig_c,craig_w,r1_p,r1_c,r1_w,p_res0_dual,p_res0_prim,c_res0_dual,c_res0_prim,w_res0_dual,w_res0_prim,p_res_exit,c_res_exit,w_res_exit,Ldiag_min,Ldiag_max,ipm_pres,ipm_dres,bar_hdiag_med,bar_hdiag_frac_mid,ritz_beta,omm,ritz_t1,ritz_t2,ritz_t3,ritz_t4,ritz_t5,ritz_t6,ritz_t7,ritz_t8,ritz_t9,ritz_t10,ritz_w1,ritz_w2,ritz_w3,ritz_w4,ritz_w5,ritz_w6,ritz_w7,ritz_w8,ritz_w9,ritz_w10,chosen
1,1.000000000000000e+00,0,5,CONTINUE,1.000000000000000e+00,1.460911765922351e-01,1.000000000000000e-09,1.000000000000000e-01,4.394535646290641e-14,6.080308223262632e-01,2.538641901214948e+00,9.293742089748792e-01,,,9.774821956526914e+00,2.496275127746772e+00,2.319973722233322e+00,1.023276169837169e+00,2.000000000000000e+00,REACHED_FORCE,REACHED_FORCE,,3,0,0,2,0,0,,,,2.197454777839059e-03,NaN,1.057037787206738e-02,NaN,,,2.289815294272836e+00,1.174704108990167e+00,,solution good enough for the tolerances given,solution good enough for the tolerances given,,1.464482934452970e-02,7.166446293005374e-02,,1.665334536937735e-15,2.197454777839059e-03,5.107025913275720e-15,1.057037787206738e-02,,,2.197454777839059e-03,1.057037787206738e-02,,1.056531837537184e+00,1.876669755312972e+00,7.251809002398945e+00,1.752318993389763e+01,1.000000000000000e+00,1.000000000000000e+00,9.954796321621233e-02,2.825942912326513e-01,7.174057087673487e-01,6.916532443596616e-01,6.412972779271305e-01,6.118094684346591e-01,4.808824135393854e-01,4.656101243030742e-01,4.428748606515935e-01,4.146400978374520e-01,3.925013785830107e-01,3.781213729763298e-01,7.676420401958387e-06,1.246820547342439e-05,4.858779559698944e-04,2.429234786750359e-04,2.397096743634321e-01,2.267820000030474e-01,3.552054954452513e-01,1.163321139240802e-01,5.124445378832929e-02,9.977316415339808e-03,false
1,3.162000000000000e+00,0,4,CONTINUE,1.000000000000000e+00,1.478197409133829e-01,1.000000000000000e-09,1.000000000000000e-01,4.394535646290641e-14,5.982209634320491e-01,2.501237291850690e+00,9.272043130587070e-01,,,9.768472456060575e+00,2.487728891820181e+00,2.306632958216429e+00,1.023276169837169e+00,2.000000000000000e+00,REACHED_FORCE,REACHED_FORCE,,2,0,0,2,0,0,,,,5.908067541259276e-03,NaN,2.980397912097255e-03,NaN,,,1.161129348360571e+00,5.951072148484274e-01,,solution good enough for the tolerances given,solution good enough for the tolerances given,,3.566682311734412e-02,1.870072266875720e-02,,4.884981308350689e-15,5.908067541259276e-03,6.272760089132134e-15,2.980397912097255e-03,,,5.908067541259276e-03,2.980397912097255e-03,,6.064335889499061e-01,1.572849258413286e+00,7.251809002398945e+00,1.752318993389763e+01,1.000000000000000e+00,1.000000000000000e+00,8.826232500423579e-02,1.122471480733590e-01,8.877528519266410e-01,8.572268780266971e-01,8.425398382549920e-01,7.995705597828778e-01,7.442005061545859e-01,7.248434052516909e-01,7.074847749259161e-01,6.833756717569713e-01,6.652671548856580e-01,6.541676738584845e-01,6.750434237986407e-06,1.067551317045246e-04,3.792373471643263e-04,7.252952620879485e-05,2.971797953262291e-01,3.267239074973524e-01,2.333668192474936e-01,1.014382942643068e-01,3.745365433798244e-02,3.272256887319666e-03,false
1,1.000000000000000e+01,0,4,CONTINUE,1.000000000000000e+00,1.478973352952768e-01,1.000000000000000e-09,1.000000000000000e-01,4.394535646290641e-14,3.881932976294286e-01,2.466816962857433e+00,9.271210013397644e-01,,,9.767355497629493e+00,2.483981155322334e+00,2.302951096031547e+00,1.023276169837169e+00,2.000000000000000e+00,REACHED_FORCE,REACHED_FORCE,,2,0,0,2,0,0,,,,9.802663220901398e-04,NaN,5.110908709412554e-04,NaN,,,4.543564154335311e-01,2.334380936253068e-01,,solution good enough for the tolerances given,solution good enough for the tolerances given,,5.616349294521879e-03,2.957572875132731e-03,,1.187938636348917e-14,9.802663220901398e-04,1.854072451124011e-14,5.110908709412554e-04,,,9.802663220901398e-04,5.110908709412554e-04,,3.456888229867385e-01,1.463653756465080e+00,7.251809002398945e+00,1.752318993389763e+01,1.000000000000000e+00,1.000000000000000e+00,3.078624224254778e-01,3.895875765472501e-02,9.610412423452750e-01,9.472448673851891e-01,9.397780717094298e-01,9.021017974628983e-01,8.935825539687012e-01,8.852290437626286e-01,8.727994501656173e-01,8.631650582533374e-01,8.571436430384187e-01,7.951631034559866e-01,6.519039064861084e-06,2.712309505320270e-04,1.522763106727637e-04,2.722191664720632e-01,2.995924316083002e-01,2.667701780124170e-01,1.124258127209492e-01,4.384480648232948e-02,4.717578402510736e-03,1.160810021435272e-12,false
1,3.162000000000000e+01,0,3,CONTINUE,1.000000000000000e+00,1.490201117271584e-01,1.000000000000000e-09,1.000000000000000e-01,4.394535646290641e-14,1.723271485748725e-10,2.430337751953922e+00,9.247285848871263e-01,,,9.819946159720143e+00,2.582628061909325e+00,2.388229992979193e+00,1.023276169837169e+00,2.000000000000000e+00,REACHED_FORCE,REACHED_FORCE,,2,0,0,1,0,0,,,,1.187153147900188e-04,NaN,8.404053434014847e-03,NaN,,,1.554115123573160e-01,7.990295039479303e-02,,solution good enough for the tolerances given,solution good enough for the tolerances given,,6.654797378599541e-04,7.990295039479303e-02,,2.942091015256665e-14,1.187153147900188e-04,3.247402347028583e-14,8.404053434014847e-03,,,1.187153147900188e-04,8.404053434014847e-03,,1.955546308505329e-01,1.427383220079008e+00,7.251809002398945e+00,1.752318993389763e+01,1.000000000000000e+00,1.000000000000000e+00,9.814851990666151e-01,1.284566401855158e-02,9.871543359814484e-01,9.824014545704542e-01,9.783637359453615e-01,9.667559224836235e-01,9.632854968869100e-01,9.600225753743051e-01,9.554681849793023e-01,9.518830036114132e-01,9.495503039234187e-01,5.448984408246036e-09,7.277776632612462e-06,3.129271277126814e-04,9.504762149262426e-05,2.845115586206114e-01,3.417158581592643e-01,2.244801096449166e-01,1.068869270939569e-01,3.947149444867130e-02,2.518799506741559e-03,5.724095435073191e-30,false
1,1.000000000000000e+02,0,2,CONTINUE,1.000000000000000e+00,1.480821171950510e-01,1.000000000000000e-09,1.000000000000000e-01,4.394535646290641e-14,8.019292622511234e-21,2.417758932567351e+00,9.263874549439826e-01,,,9.786435368574278e+00,2.514425858895686e+00,2.329332572067712e+00,1.023276169837169e+00,2.000000000000000e+00,REACHED_FORCE,REACHED_FORCE,,1,0,0,1,0,0,,,,5.441306238583299e-03,NaN,2.659861749980785e-03,NaN,,,5.044465631492656e-02,2.532394714134757e-02,,solution good enough for the tolerances given,solution good enough for the tolerances given,,5.044465631492656e-02,2.532394714134757e-02,,1.038613639536834e-13,5.441306238583299e-03,8.165690346118026e-14,2.659861749980785e-03,,,5.441306238583299e-03,2.659861749980785e-03,,1.101934411731446e-01,1.415716778380228e+00,7.251809002398945e+00,1.752318993389763e+01,1.000000000000000e+00,1.000000000000000e+00,9.940878357948507e-01,4.119025108240471e-03,9.958809748917595e-01,9.943471897082350e-01,9.928176861322108e-01,9.892388141777331e-01,9.880646534123215e-01,9.869607715624319e-01,9.854475862172607e-01,9.842477103542284e-01,9.834540956528242e-01,8.019292622511234e-19,7.541178319585895e-06,3.151137360007986e-04,9.144234390792548e-05,2.864247538265599e-01,3.493353709732861e-01,2.165999608493990e-01,1.060066192034387e-01,3.896401147175981e-02,2.255186417327476e-03,6.275122014984983e-29,true
1,3.162000000000000e+02,0,2,CONTINUE,1.000000000000000e+00,1.479787416520802e-01,1.000000000000000e-09,1.000000000000000e-01,4.394535646290641e-14,2.411228199082020e-31,2.413390822077888e+00,9.268571056079630e-01,,,9.773420897286481e+00,2.493480439729905e+00,2.311100063258130e+00,1.023276169837169e+00,2.000000000000000e+00,REACHED_FORCE,REACHED_FORCE,,1,0,0,1,0,0,,,,1.733438929349629e-03,NaN,8.597619965026171e-04,NaN,,,1.608842228425285e-02,8.210871927490553e-03,,solution good enough for the tolerances given,solution good enough for the tolerances given,,1.608842228425285e-02,8.210871927490553e-03,,2.309263891220326e-13,1.733438929349629e-03,3.431144257604046e-13,8.597619965026171e-04,,,1.733438929349629e-03,8.597619965026171e-04,,6.201158512203712e-02,1.412007935907107e+00,7.251809002398945e+00,1.752318993389763e+01,1.000000000000000e+00,1.000000000000000e+00,9.963203357555167e-01,1.308704940791161e-03,9.986912950592088e-01,9.982033291894834e-01,9.976891095288303e-01,9.965709470357328e-01,9.961914606101969e-01,9.958345425343759e-01,9.953484130148631e-01,9.949619769750963e-01,9.947049141295614e-01,7.624303565497347e-29,7.639263480784038e-06,3.153170933917921e-04,9.188405689840519e-05,2.870776715019980e-01,3.517607542752000e-01,2.140641036659637e-01,1.057037189535360e-01,3.880278805775150e-02,2.176123131780402e-03,7.730208674434642e-28,false
1,1.000000000000000e+03,0,2,CONTINUE,1.000000000000000e+00,1.479450501647918e-01,1.000000000000000e-09,1.000000000000000e-01,4.394535646290641e-14,9.851479259683839e-34,2.411971215028475e+00,9.270094906758228e-01,,,9.769185063843562e+00,2.486658351589590e+00,2.305155891991847e+00,1.023276169837169e+00,2.000000000000000e+00,REACHED_FORCE,REACHED_FORCE,,1,0,0,1,0,0,,,,5.493851815228101e-04,NaN,2.737395935021869e-04,NaN,,,5.100816036503102e-03,2.616841301996073e-03,,solution good enough for the tolerances given,solution good enough for the tolerances given,,5.100816036503102e-03,2.616841301996073e-03,,9.098277686803158e-13,5.493851815228101e-04,9.641176745844859e-13,2.737395935021869e-04,,,5.493851815228101e-04,2.737395935021869e-04,,3.487780992718357e-02,1.410832852565443e+00,7.251809002398945e+00,1.752318993389763e+01,1.000000000000000e+00,1.000000000000000e+00,3.519330396185823e-04,4.144268252235239e-04,9.995855731747765e-01,9.994309952533861e-01,9.992651639005750e-01,9.989131289379842e-01,9.987923040872816e-01,9.986786451876191e-01,9.985241650316954e-01,9.984012658042150e-01,9.983193586041637e-01,9.851479259683839e-31,7.671770156696289e-06,3.153316107094448e-04,9.222608857874821e-05,2.872903128332979e-01,3.525295145440632e-01,2.132567351914574e-01,1.056050321807131e-01,3.875163417791642e-02,2.151541603106466e-03,4.831960262887477e-27,false
1,3.162000000000000e+03,0,2,CONTINUE,1.000000000000000e+00,1.479342967573691e-01,1.000000000000000e-09,1.000000000000000e-01,4.394535646290641e-14,2.539812620025787e-33,2.411518618346535e+00,9.270580610444339e-01,,,9.767833636021502e+00,2.484481286843431e+00,2.303258404482251e+00,1.023276169837169e+00,2.000000000000000e+00,REACHED_FORCE,REACHED_FORCE,,1,0,0,1,0,0,,,,1.738736602584501e-04,NaN,8.676076651570330e-05,NaN,,,1.614531805165312e-03,8.296582635611144e-04,,solution good enough for the tolerances given,solution good enough for the tolerances given,,1.614531805165312e-03,8.296582635611144e-04,,3.664735181985179e-12,1.738736602584501e-04,2.851441305296021e-12,8.676076651570330e-05,,,1.738736602584501e-04,8.676076651570330e-05,,1.961546327342700e-02,1.410461116001976e+00,7.251809002398945e+00,1.752318993389763e+01,1.000000000000000e+00,1.000000000000000e+00,1.057797407242408e-04,1.311265285599550e-04,9.998688734714400e-01,9.998199592549414e-01,9.997671846725448e-01,9.996560096990813e-01,9.996177145352915e-01,9.995816884827841e-01,9.995327564242489e-01,9.994938176958406e-01,9.994678511828907e-01,8.030887504521537e-30,7.682195821161356e-06,3.153312234768493e-04,9.235630734778768e-05,2.873582061584103e-01,3.527727394025452e-01,2.130009044100544e-01,1.055735266368322e-01,3.873544173495046e-02,2.143811930561705e-03,7.216747237852378e-26,false
1,1.000000000000000e+04,0,2,CONTINUE,1.000000000000000e+00,1.479308855053586e-01,1.000000000000000e-09,1.000000000000000e-01,4.394535646290641e-14,7.412438857535661e-34,2.411373533567988e+00,9.270734621432706e-01,,,9.767404981436073e+00,2.483790701110979e+00,2.302656444518217e+00,1.023276169837169e+00,2.000000000000000e+00,REACHED_FORCE,REACHED_FORCE,,1,0,0,1,0,0,,,,5.499162029731774e-05,NaN,2.745269293125130e-05,NaN,,,5.106521745550521e-04,2.625450980027971e-04,,solution good enough for the tolerances given,solution good enough for the tolerances given,,5.106521745550521e-04,2.625450980027971e-04,,8.625766767522691e-12,5.499162029731774e-05,9.720280136349402e-12,2.745269293125130e-05,,,5.499162029731774e-05,2.745269293125130e-05,,1.103034500686725e-02,1.410343522142201e+00,7.251809002398945e+00,1.752318993389763e+01,1.000000000000000e+00,1.000000000000000e+00,4.092511756930607e-05,4.146842111596438e-05,9.999585315788840e-01,9.999430621062647e-01,9.999263413286622e-01,9.998912040992530e-01,9.998790867619051e-01,9.998676872023790e-01,9.998522072095165e-01,9.998398876665766e-01,9.998316707421818e-01,7.412438857535661e-30,7.685574117950168e-06,3.153315956314351e-04,9.240046496602914e-05,2.873801917025509e-01,3.528505767940278e-01,2.129189707054279e-01,1.055633054764167e-01,3.873019726335171e-02,2.141340423509288e-03,7.046506265441866e-25,false
1,3.162000000000000e+04,0,2,CONTINUE,1.000000000000000e+00,1.479298059371640e-01,1.000000000000000e-09,1.000000000000000e-01,4.394535646290641e-14,8.104466412977147e-34,2.307078915130467e+00,9.270783355033337e-01,,,9.767269329323746e+00,2.483572153207243e+00,2.302465937897802e+00,1.023276169837169e+00,2.000000000000000e+00,REACHED_FORCE,REACHED_FORCE,,1,0,0,1,0,0,,,,1.739268144618222e-05,NaN,8.683960617372755e-06,NaN,,,1.615103020041048e-04,8.305206572050303e-05,,solution good enough for the tolerances given,solution good enough for the tolerances given,,1.615103020041048e-04,8.305206572050303e-05,,2.938282950282201e-11,1.739268144618222e-05,2.434502599513166e-11,8.683960617372755e-06,,,1.739268144618222e-05,8.683960617372755e-06,,6.203134505880692e-03,1.410306339926367e+00,7.251809002398945e+00,1.752318993389763e+01,1.000000000000000e+00,1.000000000000000e+00,7.897166744044517e-01,1.370786223264808e-05,9.999862921377674e-01,9.999816772435787e-01,9.999660288034669e-01,9.999637820205967e-01,9.999598719812030e-01,9.999544766367884e-01,9.999501915431412e-01,9.999474831603987e-01,3.763182179839566e-01,2.562632279783374e-29,1.343368877380525e-05,3.445823783473181e-04,1.751901955636701e-01,2.656619819237521e-01,3.675247596931039e-01,1.311960821564076e-01,5.312476977554675e-02,6.944194820397711e-03,3.364460249291412e-56,5.085017802118178e-24,false
1,1.000000000000000e+05,0,2,CONTINUE,1.000000000000000e+00,1.479294643939824e-01,1.000000000000000e-09,1.000000000000000e-01,4.394535646290641e-14,1.213399778617384e-33,2.307061793302218e+00,9.270798772409925e-01,,,9.767226412843748e+00,2.483503010429956e+00,2.302405666037038e+00,1.023276169837169e+00,2.000000000000000e+00,REACHED_FORCE,REACHED_FORCE,,1,0,0,1,0,0,,,,5.499693614074985e-06,NaN,2.746057843894256e-06,NaN,,,5.107093032329712e-05,2.626313625889298e-05,,solution good enough for the tolerances given,solution good enough for the tolerances given,,5.107093032329712e-05,2.626313625889298e-05,,1.075589062260462e-10,5.499693614074985e-06,6.916089922981428e-11,2.746057843894256e-06,,,5.499693614074985e-06,2.746057843894256e-06,,3.488133442542869e-03,1.410294579683980e+00,7.251809002398945e+00,1.752318993389763e+01,1.000000000000000e+00,1.000000000000000e+00,9.999953586742653e-01,4.334498834857037e-06,9.999956655011651e-01,9.999942062605115e-01,9.999892579897123e-01,9.999885474034094e-01,9.999873110825422e-01,9.999856049749791e-01,9.999842499633369e-01,9.999833935357934e-01,1.931005712695503e-11,1.213399778617384e-28,1.343440261971920e-05,3.445736404938275e-04,1.752418235314081e-01,2.656459641489792e-01,3.674975266026221e-01,1.311919100637919e-01,5.312189434742227e-02,6.942873262662664e-03,4.251968792208738e-55,5.595058846893700e-23,false
1,3.162000000000000e+05,0,2,CONTINUE,1.000000000000000e+00,1.479293564168911e-01,1.000000000000000e-09,1.000000000000000e-01,4.394535646290641e-14,9.842869368270939e-34,2.307056607563135e+00,9.270803647132688e-01,,,9.767212842470432e+00,2.483481147309413e+00,2.302386607806138e+00,1.023276169837169e+00,2.000000000000000e+00,REACHED_FORCE,REACHED_FORCE,,1,0,0,1,0,0,,,,1.739321316751585e-06,NaN,8.684749398524261e-07,NaN,,,1.615160164248283e-05,8.306069497148585e-06,,solution good enough for the tolerances given,solution good enough for the tolerances given,,1.615160164248283e-05,8.306069497148585e-06,,2.941603627348854e-10,1.739321316751585e-06,1.949725936256641e-10,8.684749398524261e-07,,,1.739321316751585e-06,8.684749398524261e-07,,1.961609073660450e-03,1.410290861376765e+00,7.251809002398945e+00,1.752318993389763e+01,1.000000000000000e+00,1.000000000000000e+00,9.999984271328067e-01,1.370816389623108e-06,9.999986291836104e-01,9.999981676894776e-01,9.999966027482808e-01,9.999963780065525e-01,9.999959870161980e-01,9.999954474402726e-01,9.999950189037456e-01,9.999947480500084e-01,2.467154066502779e-21,3.112315294247271e-28,1.343461183021323e-05,3.445708617854394e-04,1.752574671069790e-01,2.656410976687640e-01,3.674892669265032e-01,1.311906574616860e-01,5.312103158206020e-02,6.942473780391595e-03,3.767764445899211e-36,4.656466313072703e-22,false
1,1.000000000000000e+06,0,2,CONTINUE,1.000000000000000e+00,1.479293222105609e-01,1.000000000000000e-09,1.000000000000000e-01,4.394535646290641e-14,4.904505273746632e-34,2.307054946276787e+00,9.270805189693557e-01,,,9.767208550340859e+00,2.483474232574820e+00,2.302380580382486e+00,1.023276169837169e+00,2.000000000000000e+00,REACHED_FORCE,REACHED_FORCE,,1,0,0,1,0,0,,,,5.499746779102921e-07,NaN,2.746136709141922e-07,NaN,,,5.107150168208224e-06,2.626399906816550e-06,,solution good enough for the tolerances given,solution good enough for the tolerances given,,5.107150168208224e-06,2.626399906816550e-06,,7.127145540408719e-10,5.499746779102921e-07,9.257187238986830e-10,2.746136709141922e-07,,,5.499746779102921e-07,2.746136709141922e-07,,1.103045660789778e-03,1.410289685343961e+00,7.251809002398945e+00,1.752318993389763e+01,1.000000000000000e+00,1.000000000000000e+00,1.573552579827754e-02,4.334528608263000e-07,9.999995665471392e-01,9.999994206225788e-01,9.999989257858555e-01,9.999988547210330e-01,9.999987310901781e-01,9.999985604752732e-01,9.999984249713645e-01,9.999983393270346e-01,1.745883820019024e-27,4.904505273746632e-28,1.343468013758088e-05,3.445699882097844e-04,1.752624162722962e-01,2.656395547796737e-01,3.674866549606469e-01,1.311902625212368e-01,5.312075933612715e-02,6.942347461672306e-03,1.705661032823113e-21,5.667174645453707e-21,false
1,3.162000000000000e+06,0,2,CONTINUE,1.000000000000000e+00,1.479293111799981e-01,1.000000000000000e-09,1.000000000000000e-01,4.394535646290641e-14,8.127258310289034e-34,2.307054745849034e+00,9.270805680536811e-01,,,9.767207193114748e+00,2.483472048970186e+00,2.302378677904719e+00,1.023276169837169e+00,2.000000000000000e+00,REACHED_FORCE,REACHED_FORCE,,1,0,0,1,0,0,,,,1.739326630501026e-07,NaN,8.684828267657707e-08,NaN,,,1.615165879312863e-06,8.306155789010076e-07,,solution good enough for the tolerances given,solution good enough for the tolerances given,,1.615165879312863e-06,8.306155789010076e-07,,2.620830219512982e-09,1.739326630501026e-07,2.311489000206279e-09,8.684828267657707e-08,,,1.739326630501026e-07,8.684828267657707e-08,,6.203154356605071e-04,1.410289313512383e+00,7.251809002398945e+00,1.752318993389763e+01,1.000000000000000e+00,1.000000000000000e+00,1.170311448194591e-07,1.370819187052064e-07,9.999998629180813e-01,9.999998167686031e-01,9.999996602735188e-01,9.999996377987298e-01,9.999995986998133e-01,9.999995447418081e-01,9.999995018878797e-01,9.999994748023483e-01,1.045582729207302e-26,2.569839077713392e-27,1.343468536386395e-05,3.445696923073069e-04,1.752639414879012e-01,2.656390726123020e-01,3.674858675434956e-01,1.311901406433513e-01,5.312065875042987e-02,6.942314584848815e-03,1.234009481513560e-20,6.253159441422354e-20,false
1,1.000000000000000e+07,0,2,CONTINUE,1.000000000000000e+00,1.479293080028294e-01,1.000000000000000e-09,1.000000000000000e-01,4.394535646290641e-14,5.579324615909370e-34,2.307054194664961e+00,9.270805832302201e-01,,,9.767206762246223e+00,2.483471362538037e+00,2.302378079217313e+00,1.023276169837169e+00,2.000000000000000e+00,REACHED_FORCE,REACHED_FORCE,,1,0,0,1,0,0,,,,5.499752087079202e-08,NaN,2.746144600607181e-08,NaN,,,5.107155885118335e-07,2.626408530439602e-07,,solution good enough for the tolerances given,solution good enough for the tolerances given,,5.107155885118335e-07,2.626408530439602e-07,,7.292766501798553e-09,5.499752087079202e-08,6.356297821419332e-09,2.746144600607181e-08,,,5.499752087079202e-08,2.746144600607181e-08,,3.488136972112760e-04,1.410289195909017e+00,7.251809002398945e+00,1.752318993389763e+01,1.000000000000000e+00,1.000000000000000e+00,3.614046124736007e-08,4.334531711336354e-08,9.999999566546829e-01,9.999999420622219e-01,9.999998925784517e-01,9.999998854719041e-01,9.999998731088338e-01,9.999998560473050e-01,9.999998424968854e-01,9.999998339324392e-01,2.040546774872506e-26,5.579324615909370e-27,1.343469744228209e-05,3.445695137062577e-04,1.752646447799638e-01,2.656388643938856e-01,3.674854804732033e-01,1.311900741274684e-01,5.312063182896573e-02,6.942300185364641e-03,1.090998309078101e-19,5.744318408350958e-19,false
1,3.162000000000000e+07,0,2,CONTINUE,1.000000000000000e+00,1.479293039525136e-01,1.000000000000000e-09,1.000000000000000e-01,4.394535646290641e-14,8.725063943095695e-34,2.113592823254962e+00,9.270805923113727e-01,,,9.767206627468465e+00,2.483471163812109e+00,2.302377917535145e+00,1.023276169837169e+00,2.000000000000000e+00,REACHED_FORCE,REACHED_FORCE,,1,0,0,1,0,0,,,,2.438015822558981e-08,NaN,2.329778014953376e-08,NaN,,,1.615166458123440e-07,8.306164413246646e-08,,solution good enough for the tolerances given,solution good enough for the tolerances given,,1.615166458123440e-07,8.306164413246646e-08,,2.438015822558981e-08,1.739327160077409e-08,2.329778014953376e-08,8.684836183547873e-09,,,2.438015822558981e-08,2.329778014953376e-08,,1.961609702070218e-04,1.410289158725851e+00,7.251809002398945e+00,1.752318993389763e+01,1.000000000000000e+00,1.000000000000000e+00,1.411060688536450e-03,1.496293544622773e-08,9.999999850370646e-01,9.999999811230297e-01,9.999999655257906e-01,9.999999612168234e-01,9.999999564614810e-01,9.999999514888723e-01,9.999999480972763e-01,9.999979697463370e-01,9.909249731575760e-26,2.758865218806859e-26,4.040612532283093e-05,3.452222222386531e-04,3.051264289062804e-01,4.186655261247957e-01,1.783748386094789e-01,8.100046824429478e-02,1.644710976758907e-02,2.869528193165884e-34,9.451435167386757e-19,5.021894392438944e-18,false
1,1.000000000000000e+08,0,2,CONTINUE,1.000000000000000e+00,1.479293107124812e-01,1.000000000000000e-09,1.000000000000000e-01,4.394535646290641e-14,5.649180624777169e-34,2.111709620322540e+00,9.270805836681336e-01,,,9.767206589964232e+00,2.483471069153124e+00,2.302377808313402e+00,1.023276169837169e+00,2.000000000000000e+00,REACHED_FORCE,REACHED_FORCE,,1,0,0,1,0,0,,,,6.602200630645427e-08,NaN,5.039183914590240e-08,NaN,,,5.107156424100371e-08,2.626409367381466e-08,,solution good enough for the tolerances given,solution good enough for the tolerances given,,5.107156424100371e-08,2.626409367381466e-08,,6.602200630645427e-08,5.499752431248339e-09,5.039183914590240e-08,2.746145755239127e-09,,,6.602200630645427e-08,5.039183914590240e-08,,1.103045771687956e-04,1.410289146965513e+00,7.251809002398945e+00,1.752318993389763e+01,1.000000000000000e+00,1.000000000000000e+00,9.998112836558081e-01,4.735499548047528e-09,9.999999952645005e-01,9.999999940287032e-01,9.999999890989779e-01,9.999999877356469e-01,9.999999862305931e-01,9.999999846590794e-01,9.999999835876542e-01,3.773847046286399e-04,1.670811795885085e-25,5.649180624777170e-26,4.088417571959520e-05,3.450296491428426e-04,3.053169391696715e-01,4.188577019074533e-01,1.781610090529546e-01,8.087560546774920e-02,1.640283057730962e-02,1.429220877226531e-48,4.133481702142930e-17,2.499511734847461e-17,false
1,3.162000000000000e+08,0,2,CONTINUE,1.000000000000000e+00,1.479293144213392e-01,1.000000000000000e-09,1.000000000000000e-01,4.394535646290641e-14,5.761082545023111e-34,2.111693545379508e+00,9.270805816175370e-01,,,9.767206518945720e+00,2.483471045160631e+00,2.302377780977831e+00,1.023276169837169e+00,2.000000000000000e+00,REACHED_FORCE,REACHED_FORCE,,1,0,0,1,0,0,,,,1.996045257968149e-07,NaN,1.842746160107822e-07,NaN,,,1.615166506012251e-08,8.306165250705116e-09,,solution good enough for the tolerances given,solution good enough for the tolerances given,,1.615166506012251e-08,8.306165250705116e-09,,1.996045257968149e-07,1.739327237793020e-09,1.842746160107822e-07,8.684840624439971e-10,,,1.996045257968149e-07,1.842746160107822e-07,,6.203154530995952e-05,1.410289143247197e+00,7.251809002398945e+00,1.752318993389763e+01,1.000000000000000e+00,1.000000000000000e+00,9.999999980401093e-01,1.497639345870994e-09,9.999999985023607e-01,9.999999981115584e-01,9.999999965524822e-01,9.999999961213057e-01,9.999999956453287e-01,9.999999951483389e-01,9.999999948095049e-01,3.461052845077379e-14,5.454369090217205e-25,1.821654300736308e-25,4.088268404194498e-05,3.450265983619586e-04,3.053340386663897e-01,4.188565892547845e-01,1.781474616778162e-01,8.087382504416338e-02,1.640217607444273e-02,1.004980439790317e-47,2.270526549648386e-16,3.565064726680453e-16,false
1,1.000000000000000e+09,0,2,CONTINUE,1.000000000000000e+00,1.479292450768911e-01,1.000000000000000e-09,1.000000000000000e-01,4.394535646290641e-14,3.404855411284666e-34,2.108830588457670e+00,9.270806781390304e-01,,,9.767206542014867e+00,2.483471473565985e+00,2.302378417852490e+00,1.023276169837169e+00,2.000000000000000e+00,REACHED_FORCE,REACHED_FORCE,,1,0,0,1,0,0,,,,6.103138524005125e-07,NaN,6.941813677774356e-07,NaN,,,5.107156716488782e-09,2.626409241746460e-09,,solution good enough for the tolerances given,solution good enough for the tolerances given,,5.107156716488782e-09,2.626409241746460e-09,,6.103138524005125e-07,5.499752875337549e-10,6.941813677774356e-07,2.746145533194522e-10,,,6.103138524005125e-07,6.941813677774356e-07,,3.488137053673389e-05,1.410289142071163e+00,7.251809002398945e+00,1.752318993389763e+01,1.000000000000000e+00,1.000000000000000e+00,7.827647397351616e-01,4.741964598764525e-10,9.999999995258035e-01,9.999999994027589e-01,9.999999989098780e-01,9.999999987735249e-01,9.999999986230510e-01,9.999999984658958e-01,9.999999983587600e-01,5.802828847136512e-24,1.396854165846480e-24,3.404855411284666e-25,4.120890797466870e-05,3.447538753966689e-04,3.054417840486756e-01,4.187683681785035e-01,1.781391108623092e-01,8.086060475620474e-02,1.640416937092948e-02,3.184229448238295e-18,1.399692550325917e-15,4.673486308951544e-15,false
1,3.162000000000000e+09,0,2,CONTINUE,1.000000000000000e+00,1.479295416841860e-01,1.000000000000000e-09,1.000000000000000e-01,4.394535646290641e-14,3.434154507370038e-34,2.110779106609663e+00,9.270802829538753e-01,,,9.767206428283636e+00,2.483473845632255e+00,2.302379635517300e+00,1.023276169837169e+00,2.000000000000000e+00,REACHED_FORCE,REACHED_FORCE,,1,0,0,1,0,0,,,,1.790327951556314e-06,NaN,2.381086073421912e-06,NaN,,,1.615166811888924e-09,8.306159411281577e-10,,solution good enough for the tolerances given,solution good enough for the tolerances given,,1.615166811888924e-09,8.306159411281577e-10,,1.790327951556314e-06,1.739325350413878e-10,2.381086073421912e-06,8.684841734662996e-11,,,1.790327951556314e-06,2.381086073421912e-06,,1.961609788027745e-05,1.410289141699331e+00,7.251809002398945e+00,1.752318993389763e+01,1.000000000000000e+00,1.000000000000000e+00,2.365429712571882e-06,1.498288160206585e-10,9.999999998501712e-01,9.999999998111722e-01,9.999999996552544e-01,9.999999996121454e-01,9.999999995645377e-01,9.999999995148343e-01,9.999999994809561e-01,1.503043489583376e-23,6.258298758674596e-24,1.085879655230406e-24,4.102904944514996e-05,3.446814405031914e-04,3.052064571388852e-01,4.189039089578601e-01,1.782340077882161e-01,8.085948119374348e-02,1.641043443129037e-02,1.279331091024732e-15,2.248944819986653e-14,3.244341199991236e-14,false
1,1.000000000000000e+10,0,2,CONTINUE,1.000000000000000e+00,1.479283945993768e-01,1.000000000000000e-09,1.000000000000000e-01,4.394535646290641e-14,5.562523998949487e-34,2.101833960496675e+00,9.270818796440494e-01,,,9.767206077297947e+00,2.483473529824308e+00,2.302383308075762e+00,1.023276169837169e+00,2.000000000000000e+00,REACHED_FORCE,REACHED_FORCE,,1,0,0,1,0,0,,,,7.122009523130579e-06,NaN,5.465508290614096e-06,NaN,,,5.107156647648823e-10,2.626406964783330e-10,,solution good enough for the tolerances given,solution good enough for the tolerances given,,5.107156647648823e-10,2.626406964783330e-10,,7.122009523130579e-06,5.499756206006623e-11,5.465508290614096e-06,2.746158855870817e-11,,,7.122009523130579e-06,5.465508290614096e-06,,1.103045750299687e-05,1.410289141581728e+00,7.251809002398945e+00,1.752318993389763e+01,1.000000000000000e+00,1.000000000000000e+00,4.099700961714035e-11,4.757749749728646e-11,9.999999999524225e-01,9.999999999401754e-01,9.999999998909783e-01,9.999999998773128e-01,9.999999998621993e-01,9.999999998465225e-01,9.999999998358526e-01,3.773979763346013e-23,1.763729675722659e-23,5.562523998949488e-24,4.334663659421162e-05,3.436403754715204e-04,3.060412255646761e-01,4.197021692840603e-01,1.772923251023119e-01,8.033318649971370e-02,1.624410653654258e-02,8.943826017978673e-15,2.075727020882565e-13,4.134147279815398e-13,false
1,3.162000000000000e+10,0,2,CONTINUE,1.000000000000000e+00,1.479299163974259e-01,1.000000000000000e-09,1.000000000000000e-01,4.394535646290641e-14,4.417071133848500e-34,2.109119364993246e+00,9.270799934691232e-01,,,9.767203091984335e+00,2.483489160760179e+00,2.302393114938185e+00,1.023276169837169e+00,2.000000000000000e+00,REACHED_FORCE,REACHED_FORCE,,1,0,0,1,0,0,,,,1.790737467005643e-05,NaN,1.619078287817821e-05,NaN,,,1.615169876033579e-10,8.306140809378052e-11,,solution good enough for the tolerances given,solution good enough for the tolerances given,,1.615169876033579e-10,8.306140809378052e-11,,1.790737467005643e-05,1.739353105989494e-11,1.619078287817821e-05,8.684941654735212e-12,,,1.790737467005643e-05,1.619078287817821e-05,,6.203153132736676e-06,1.410289141544545e+00,7.251809002398945e+00,1.752318993389763e+01,1.000000000000000e+00,1.000000000000000e+00,2.146062005551310e-07,1.499467217058736e-11,9.999999999850053e-01,9.999999999811056e-01,9.999999999655234e-01,9.999999999612093e-01,9.999999999564455e-01,9.999999999514773e-01,9.999999999480924e-01,1.038121582638387e-22,4.027799390514823e-23,1.396677892522896e-23,4.107470654039179e-05,3.379116014720524e-04,3.055563349206107e-01,4.190528568639171e-01,1.779407879334024e-01,8.072158434448337e-02,1.634944962362237e-02,9.111614438760847e-14,2.986605917549975e-12,2.873426058588570e-12,false
1,1.000000000000000e+11,0,2,CONTINUE,1.000000000000000e+00,1.479346794908835e-01,1.000000000000000e-09,1.000000000000000e-01,4.394535646290641e-14,1.770916010361709e-34,1.824427639192145e+00,9.270733323565745e-01,,,9.767207784697764e+00,2.483511219971269e+00,2.302397022643706e+00,1.023276169837169e+00,2.000000000000000e+00,REACHED_FORCE,REACHED_FORCE,,1,0,0,1,0,0,,,,5.487233213874454e-05,NaN,6.192674947502752e-05,NaN,,,5.107160801678099e-11,2.626375306827846e-11,,solution good enough for the tolerances given,solution good enough for the tolerances given,,5.107160801678099e-11,2.626375306827846e-11,,5.487233213874454e-05,5.499711797085638e-12,6.192674947502752e-05,2.745914606805400e-12,,,5.487233213874454e-05,6.192674947502752e-05,,3.488141111809613e-06,1.410289141532784e+00,7.251809002398945e+00,1.752318993389763e+01,1.000000000000000e+00,1.000000000000000e+00,1.752555549384249e-02,5.481171072574398e-12,9.999999999945188e-01,9.999999999905385e-01,9.999999999888900e-01,9.999999999872515e-01,9.999999999851936e-01,9.999999999837705e-01,9.996928548951277e-01,2.378472902941199e-22,9.700608885759405e-23,1.770916010361709e-23,2.773871371528934e-04,5.994151497593270e-03,4.104128476395408e-01,4.214077811932433e-01,1.314078319174714e-01,3.050000054888333e-02,2.630490005781392e-42,1.386607404927350e-12,3.794310241497295e-11,2.678585153058640e-11,false
1,3.162000000000000e+11,0,2,CONTINUE,1.000000000000000e+00,1.479163006192425e-01,1.000000000000000e-09,1.000000000000000e-01,4.394535646290641e-14,2.583639237323848e-34,-1.000000000003628e+00,9.270996867520545e-01,,,9.767212603071000e+00,2.483735564750551e+00,2.302670464055173e+00,1.023276169837169e+00,2.000000000000000e+00,REACHED_FORCE,REACHED_FORCE,,1,0,0,1,0,0,,,,1.655938838552862e-04,NaN,1.722417491556438e-04,NaN,,,1.615188278047281e-11,8.305566838903151e-12,,solution good enough for the tolerances given,solution good enough for the tolerances given,,1.615188278047281e-11,8.305566838903151e-12,,1.655938838552862e-04,1.739164368075308e-12,1.722417491556438e-04,8.685274721642600e-13,,,1.655938838552862e-04,1.722417491556438e-04,,1.961605012603892e-06,1.410289141529066e+00,7.251809002398945e+00,1.752318993389763e+01,1.000000000000000e+00,1.000000000000000e+00,3.006309536517840e-01,-3.627764755265162e-12,1.000000000003628e+00,9.999999999966158e-01,9.999999999960594e-01,9.999999999951330e-01,9.999999999825546e-01,9.999999999621660e-01,9.096210296673800e-01,9.727919318173194e-22,3.042543047058035e-22,8.169467268418006e-23,1.404436761582035e-07,2.532082969665450e-01,6.042326022592421e-01,1.425589548867677e-01,4.732465122759488e-09,2.874672945132879e-12,3.321471639468544e-42,2.322670483391551e-12,2.864978206331444e-10,4.196100253276459e-10,false
1,1.000000000000000e+12,0,2,CONTINUE,1.000000000000000e+00,1.478925331816030e-01,1.000000000000000e-09,1.000000000000000e-01,4.394535646290641e-14,5.767697592449948e-34,-1.000000000067883e+00,9.271352144149017e-01,,,9.767184360335726e+00,2.483836159889662e+00,2.302851970670787e+00,1.023276169837169e+00,2.000000000000000e+00,REACHED_FORCE,REACHED_FORCE,,1,0,0,1,0,0,,,,4.560134297053597e-04,NaN,4.839028090529718e-04,NaN,,,5.107247434961932e-12,2.626127212422574e-12,,solution good enough for the tolerances given,solution good enough for the tolerances given,,5.107247434961932e-12,2.626127212422574e-12,,4.560134297053597e-04,5.500044863993026e-13,4.839028090529718e-04,2.746691762922637e-13,,,4.560134297053597e-04,4.839028090529718e-04,,1.103057136348853e-06,1.410289141527890e+00,7.251809002398945e+00,1.752318993389763e+01,1.000000000000000e+00,1.000000000000000e+00,3.554154938741432e-01,-6.788258843926087e-11,1.000000000067883e+00,1.000000000002054e+00,9.999999999987623e-01,9.999999999976905e-01,9.999999999945863e-01,9.999999999225206e-01,8.736798267044940e-01,4.562214686614861e-21,1.976496634007875e-21,5.767697592449948e-22,6.851031815828314e-12,6.318427123777538e-04,9.925364990246316e-01,6.499589886024577e-03,3.320611465333199e-04,1.989381565430338e-12,1.650426095409438e-41,2.353060240412230e-11,2.382716470133199e-09,4.815347128769621e-09,false
1,3.162000000000000e+12,0,2,CONTINUE,1.000000000000000e+00,1.481198047736789e-01,1.000000000000000e-09,1.000000000000000e-01,4.394535646290641e-14,3.134786984603453e-34,-1.000000000114896e+00,9.268343143419616e-01,,,9.766952227799848e+00,2.484476998534146e+00,2.302698535434769e+00,1.023276169837169e+00,2.000000000000000e+00,REACHED_FORCE,REACHED_FORCE,,1,0,0,1,0,0,,,,1.864120163073357e-03,NaN,1.440911953263568e-03,NaN,,,1.615102301074070e-12,8.302309313319472e-13,,solution good enough for the tolerances given,solution good enough for the tolerances given,,1.615102301074070e-12,8.302309313319472e-13,,1.864120163073357e-03,1.739719479587620e-13,1.440911953263568e-03,8.693046282814976e-14,,,1.864120163073357e-03,1.440911953263568e-03,,6.203139709431599e-07,1.410289141527518e+00,7.251809002398945e+00,1.752318993389763e+01,1.000000000000000e+00,1.000000000000000e+00,2.858019988081967e-01,-1.148960926400378e-10,1.000000000114896e+00,1.000000000043166e+00,9.999999999996056e-01,9.999999999833220e-01,9.999999999401428e-01,9.999999998323914e-01,9.183172174533576e-01,1.783437371659943e-20,5.514433182853733e-21,9.912196445316119e-22,1.128821354293197e-09,4.115768661041340e-07,9.999966527169668e-01,2.723454909693134e-06,1.391178045470335e-07,8.746148406440292e-11,1.865030012623945e-39,2.099496293200155e-10,1.041692874743485e-08,6.129029226582343e-08,false
1,1.000000000000000e+13,0,2,CONTINUE,1.000000000000000e+00,1.478980297130615e-01,1.000000000000000e-09,1.000000000000000e-01,4.394535646290641e-14,4.943548583000158e-34,-1.000000000177426e+00,9.271254904929823e-01,,,9.766910875547874e+00,2.482090452391171e+00,2.301209328121113e+00,1.023276169837169e+00,2.000000000000000e+00,REACHED_FORCE,REACHED_FORCE,,1,0,0,1,0,0,,,,4.081332894853018e-03,NaN,3.728953117238309e-03,NaN,,,5.103975417454499e-13,2.624673965580019e-13,,solution good enough for the tolerances given,solution good enough for the tolerances given,,5.103975417454499e-13,2.624673965580019e-13,,4.081332894853018e-03,5.495603971894525e-14,3.728953117238309e-03,2.753353101070388e-14,,,4.081332894853018e-03,3.728953117238309e-03,,3.488230124847298e-07,1.410289141527401e+00,7.251809002398945e+00,1.752318993389763e+01,1.000000000000000e+00,1.000000000000000e+00,9.456239545374685e-01,-1.774260738329758e-10,1.000000000177426e+00,1.000000000074665e+00,9.999999999998754e-01,9.999999999717901e-01,9.999999998615099e-01,9.999999997723834e-01,1.057953365707093e-01,4.715810714103038e-20,1.257824107260070e-20,4.943548583000158e-21,1.314382776595310e-10,1.245872725651017e-08,9.999992534799921e-01,8.488669905705646e-08,2.858088049385065e-09,1.229437505364841e-10,1.886529346804867e-41,3.204475027031820e-09,2.099935469900880e-07,4.328640895397475e-07,false
1,3.162000000000000e+13,0,2,CONTINUE,1.000000000000000e+00,1.484344140317477e-01,1.000000000000000e-09,1.000000000000000e-01,4.394535646290641e-14,2.846971344799147e-34,-1.000000000019041e+00,9.264612805860157e-01,,,9.766682440358737e+00,2.500979279194462e+00,2.317060465721591e+00,1.023276169837169e+00,2.000000000000000e+00,REACHED_FORCE,REACHED_FORCE,,1,0,0,1,0,0,,,,1.463474668784359e-02,NaN,1.709418366279358e-02,NaN,,,1.613362736186570e-13,8.234117800198900e-14,,solution good enough for the tolerances given,solution good enough for the tolerances given,,1.613362736186570e-13,8.234117800198900e-14,,1.463474668784359e-02,1.709743457922741e-14,1.709418366279358e-02,8.770761894538737e-15,,,1.463474668784359e-02,1.709418366279358e-02,,1.962418435672808e-07,1.410289141527363e+00,7.251809002398945e+00,1.752318993389763e+01,1.000000000000000e+00,1.000000000000000e+00,9.948007152862747e-01,-1.904121305074113e-11,1.000000000019041e+00,1.000000000012752e+00,1.000000000004459e+00,9.999999999999607e-01,9.999999999966320e-01,9.999999999913558e-01,4.311818889977340e-18,9.892721989935515e-20,4.420000848663593e-20,9.002123392254904e-21,4.146859845202522e-30,1.453802929825607e-29,2.457974330974729e-29,9.999933957651365e-01,2.557198286731586e-29,1.174424545882238e-29,8.021882144556978e-19,1.603537746316109e-07,2.593640710038187e-06,3.850240378916393e-06,false
1,1.000000000000000e+14,0,2,CONTINUE,1.000000000000000e+00,1.522874477066803e-01,1.000000000000000e-09,1.000000000000000e-01,4.394535646290641e-14,2.473276723992735e-34,-1.000000000045103e+00,9.211308588102082e-01,,,9.764817411213876e+00,2.456022989999111e+00,2.262318566035497e+00,1.023276169837169e+00,2.000000000000000e+00,REACHED_FORCE,REACHED_FORCE,,1,0,0,1,0,0,,,,4.846586192364488e-02,NaN,3.958221507258897e-02,NaN,,,5.117132547423209e-14,2.671386012425892e-14,,solution good enough for the tolerances given,solution good enough for the tolerances given,,5.117132547423209e-14,2.671386012425892e-14,,4.846586192364488e-02,5.662137425588298e-15,3.958221507258897e-02,2.997602166487923e-15,,,4.846586192364488e-02,3.958221507258897e-02,,1.101955731045383e-07,1.410289141527352e+00,7.251809002398945e+00,1.752318993389763e+01,1.000000000000000e+00,1.000000000000000e+00,4.399556392668219e-03,-4.510347650921176e-11,1.000000000045103e+00,1.000000000001625e+00,1.000000000000230e+00,9.999999999999876e-01,9.999999999989095e-01,9.999999998851432e-01,3.177030289598394e-19,2.105266934723088e-19,1.028934728027599e-19,2.473276723992735e-20,3.371239726064340e-37,1.561465900482434e-30,4.324961966978898e-30,9.999249138874646e-01,2.699558844145580e-30,3.888835856712157e-38,1.621574430313935e-06,1.466462142540692e-05,3.403605699468935e-05,2.476385968486677e-05,false
1,3.162000000000000e+14,0,4,CONTINUE,1.000000000000000e+00,1.485089083810961e-01,1.000000000000000e-09,1.000000000000000e-01,4.394535646290641e-14,2.650793886828991e-34,-1.000000001246447e+00,9.263071811554195e-01,,,9.766292776652151e+00,2.539376552049810e+00,2.352242735821428e+00,1.023276169837169e+00,2.000000000000000e+00,REACHED_FORCE,REACHED_FORCE,,1,1,1,1,1,1,,,,1.567446771400445e-01,2.061455921737405e-03,1.508596458259327e-01,2.564367847579380e-03,,,1.563695533904289e-14,8.612688562331890e-15,,solution good enough for the tolerances given,solution good enough for the tolerances given,,1.563695533904289e-14,8.612688562331890e-15,,1.567446771400445e-01,1.776356839400250e-15,1.508596458259327e-01,1.221245327087672e-15,,,2.061455921737405e-03,2.564367847579380e-03,,6.200118726899191e-08,1.410289141527348e+00,7.251809002398945e+00,1.752318993389763e+01,1.000000000000000e+00,1.000000000000000e+00,9.504849347442444e-01,-1.246446501568244e-09,1.000000001246447e+00,1.000000000093795e+00,9.999999999999960e-01,9.999999999999916e-01,9.999999998960125e-01,9.999999989824884e-01,7.596156675245996e-18,7.591710550349353e-19,2.872065355177938e-19,8.381810270153268e-20,1.700955022715956e-36,2.326498706233864e-37,9.991686465306653e-01,1.312298181549891e-30,6.554944818701481e-39,5.161108453234403e-36,4.451009654620314e-13,4.311225246390868e-05,3.474564543448902e-04,4.407847620813505e-04,false
1,1.000000000000000e+15,0,4,CONTINUE,1.000000000000000e+00,1.478652984898612e-01,1.000000000000000e-09,1.000000000000000e-01,4.394535646290641e-14,3.080424913302885e-34,-1.000000000198007e+00,9.274214680489756e-01,,,9.757857978524033e+00,2.922324315789820e+00,2.710226307065013e+00,1.023276169837169e+00,2.000000000000000e+00,REACHED_FORCE,REACHED_FORCE,,1,1,1,1,1,1,,,,2.753466752272062e-01,1.256615033519291e-02,3.781075634150443e-01,1.837675009719519e-02,,,5.514186881246188e-15,2.541213735105489e-15,,solution good enough for the tolerances given,solution good enough for the tolerances given,,5.514186881246188e-15,2.541213735105489e-15,,2.753466752272062e-01,7.771561172376096e-16,3.781075634150443e-01,3.330669073875470e-16,,,1.256615033519291e-02,1.837675009719519e-02,,3.493447542973725e-08,1.410289141527347e+00,7.251809002398945e+00,1.752318993389763e+01,1.000000000000000e+00,1.000000000000000e+00,2.783307724751207e-05,-1.980069441742671e-10,1.000000000198007e+00,1.000000000033131e+00,9.999999999999989e-01,9.999999999999973e-01,9.999999998070439e-01,9.999999996120694e-01,3.987251121140795e-18,2.108241654372794e-18,1.083416694924044e-18,3.080424913302885e-19,1.429565711097871e-35,1.863535659462575e-35,9.948602666097652e-01,1.325065893235666e-31,7.754454161224331e-36,5.648665651087394e-37,1.309403103757290e-05,8.270085038905509e-04,2.598540047005925e-03,1.701090808300494e-03,false
1,3.162000000000000e+15,1,4,CONTINUE,1.000000000000000e+00,5.325305397662251e-01,1.000000000000000e-09,1.000000000000000e-01,4.394535646290641e-14,5.743580803847685e-34,-1.000000000018234e+00,4.958322704162740e-01,,,9.014401673303821e+00,8.731537086824375e+00,4.329377857984029e+00,1.023276169837169e+00,2.000000000000000e+00,REFINE_STALLED,REFINE_STALLED,,1,1,1,1,1,1,,,,1.271193995705747e+00,1.085256365633748e+00,1.212847791381346e+00,1.049166011733854e+00,,,2.266045578970965e-15,1.116501690110127e-15,,solution good enough for the tolerances given,solution good enough for the tolerances given,,2.266045578970965e-15,1.116501690110127e-15,,1.271193995705747e+00,4.440892098500626e-16,1.212847791381346e+00,2.220446049250313e-16,,,1.085256365633748e+00,1.049166011733854e+00,,1.964613052762607e-08,1.410289141527346e+00,7.251809002398945e+00,1.752318993389763e+01,1.000000000000000e+00,1.000000000000000e+00,2.117851169748145e-08,-1.823385886723372e-11,1.000000000018234e+00,9.999999999999998e-01,9.999999999999989e-01,9.999999999981930e-01,9.999999999422398e-01,9.999999998665832e-01,2.324757902668147e-17,1.144019917739725e-17,5.095824709347115e-18,1.816120250176638e-18,5.998975595096378e-34,9.493706359456763e-01,1.044626046309576e-31,4.407642084544432e-34,8.641536588552328e-34,3.356261497960242e-34,1.547701603011567e-04,4.492032192374875e-03,1.686507401060000e-02,2.911748769104757e-02,false
1,1.000000000000000e+16,1,6,CONTINUE,1.000000000000000e+00,2.837232346607704e-01,1.000000000000000e-09,1.000000000000000e-01,4.394535646290641e-14,2.433182889748553e-41,3.035396534519114e-07,9.237540518878800e-01,,,6.889150376735016e+00,2.383744962072863e+01,2.201994067382129e+01,1.023276169837169e+00,2.000000000000000e+00,REFINE_STALLED,REFINE_STALLED,,1,2,2,1,2,2,,,,6.024240654871537e+06,9.011295327800374e-01,6.024240600667494e+06,8.627577630921763e-01,,,6.546042501630367e-09,6.546041667575704e-09,,solution good enough for the tolerances given,solution good enough for the tolerances given,,6.546042501630367e-09,6.546041667575704e-09,,6.024240654871537e+06,6.023124221599119e-10,6.024240600667494e+06,6.023123111376094e-10,,,9.011293605978326e-01,8.627575982049421e-01,,3.162277853144492e-05,1.410289141881883e+00,7.251809002398945e+00,1.752318993389763e+01,1.000000000000000e+00,1.000000000000000e+00,6.624459477321322e-07,3.294462480596394e-10,9.999999996705538e-01,9.999999996622486e-01,9.999999994859192e-01,9.999999994808453e-01,9.999999990980764e-01,9.999999990967321e-01,9.999999990953883e-01,3.238828900085583e-24,1.545260844351276e-24,2.433182889748553e-25,5.576481613065670e-05,4.413619358753180e-10,2.417053660627773e-04,2.256222843012756e-04,2.838278621439895e-01,4.164940502088644e-01,2.991549947392851e-01,1.254836800871406e-16,1.907424291970261e-15,2.096124248795549e-15,false
1,3.162000000000000e+16,1,6,CONTINUE,1.000000000000000e+00,2.796794548056944e-01,1.000000000000000e-09,1.000000000000000e-01,4.394535646290641e-14,2.712014900502535e-41,9.598962569817894e-08,9.289695110283095e-01,,,6.889150376734721e+00,7.138906431818907e+01,6.631826417243666e+01,1.023276169837169e+00,2.000000000000000e+00,REFINE_STALLED,REFINE_STALLED,,1,2,2,1,2,2,,,,1.904865157263988e+07,9.011297682373428e-01,1.904865532559478e+07,8.636011543402601e-01,,,6.546041830580150e-09,6.546041472463674e-09,,solution good enough for the tolerances given,solution good enough for the tolerances given,,6.546041830580150e-09,6.546041472463674e-09,,1.904865157263988e+07,6.023123111376094e-10,1.904865532559478e+07,6.023123111376094e-10,,,9.011297137837463e-01,8.636011021430444e-01,,3.162277721198144e-05,1.410289141881883e+00,7.251809002398945e+00,1.752318993389763e+01,1.000000000000000e+00,1.000000000000000e+00,1.942000889923378e-07,3.294684525201319e-10,9.999999996705315e-01,9.999999996617954e-01,9.999999994859194e-01,9.999999994808553e-01,9.999999990980764e-01,9.999999990967352e-01,9.999999990953885e-01,6.933528886221705e-24,2.882168736135112e-24,8.575391115389015e-25,5.578310864784301e-05,5.212628574312279e-10,2.407963993690285e-04,2.265383759456607e-04,2.878115701416968e-01,4.162726329901313e-01,2.953926784629426e-01,2.496163651285033e-17,9.313382643109891e-16,2.096420759351220e-15,false
1,1.000000000000000e+17,1,6,CONTINUE,1.000000000000000e+00,2.667711937701612e-01,1.000000000000000e-09,1.000000000000000e-01,4.394535646290641e-14,5.359915426988702e-42,3.035527473754822e-08,9.458489311127385e-01,,,6.889150376734696e+00,2.396745712934286e+02,2.266959370727933e+02,1.023276169837169e+00,2.000000000000000e+00,REFINE_STALLED,REFINE_STALLED,,1,2,2,1,2,2,,,,6.024241315292341e+07,9.011298427080862e-01,6.024242625773190e+07,8.662055845726601e-01,,,6.546041769811903e-09,6.546041672318862e-09,,solution good enough for the tolerances given,solution good enough for the tolerances given,,6.546041769811903e-09,6.546041672318862e-09,,6.024241315292341e+07,6.023123111376094e-10,6.024242625773190e+07,6.023123111376094e-10,,,9.011298254898568e-01,8.662055680183862e-01,,3.162277679465991e-05,1.410289141881883e+00,7.251809002398945e+00,1.752318993389763e+01,1.000000000000000e+00,1.000000000000000e+00,3.297842811689671e-07,3.294320372049242e-10,9.999999996705680e-01,9.999999996606559e-01,9.999999994859383e-01,9.999999994808684e-01,9.999999990980803e-01,9.999999990967343e-01,9.999999990953932e-01,5.387431198214165e-24,2.099943872538578e-24,5.359915426988702e-25,5.575742195163125e-05,4.431692955422975e-10,2.400326220570751e-04,2.273317530031950e-04,2.874022986607895e-01,4.159230709168339e-01,2.961515081821911e-01,4.033994305899274e-17,1.057854981029079e-15,3.150814985363515e-15,false
1,3.162000000000000e+17,1,6,CONTINUE,1.000000000000000e+00,2.342470265121913e-01,1.000000000000000e-09,1.000000000000000e-01,4.394535646290641e-14,1.795799310209624e-42,9.600217759046230e-09,9.900000000000000e-01,,,6.889150376734694e+00,8.035703657878352e+02,7.955346621299567e+02,1.023276169837169e+00,2.000000000000000e+00,REFINE_STALLED,REFINE_STALLED,,1,2,2,1,2,2,,,,1.904865200894598e+08,9.011298662538247e-01,1.904865557641352e+08,8.738041621437077e-01,,,6.546041599961800e-09,6.546041601588714e-09,,solution good enough for the tolerances given,solution good enough for the tolerances given,,6.546041599961800e-09,6.546041601588714e-09,,1.904865200894598e+08,6.023123111376094e-10,1.904865557641352e+08,6.023123111376094e-10,,,9.011298608084641e-01,8.738041568626410e-01,,3.162277666271356e-05,1.410289141881883e+00,7.251809002398945e+00,1.752318993389763e+01,1.000000000000000e+00,1.000000000000000e+00,2.335665209659026e-07,3.294253758667764e-10,9.999999996705746e-01,9.999999996651117e-01,9.999999994859570e-01,9.999999994808826e-01,9.999999990980788e-01,9.999999990967343e-01,9.999999990953912e-01,6.097094465289660e-24,2.102487842365242e-24,5.678317418882830e-25,5.574959874926462e-05,1.645356076668202e-09,2.386295679845912e-04,2.287373419991458e-04,2.874223921419771e-01,4.161757246297760e-01,2.958787650741536e-01,3.011518302429452e-17,1.190395202155487e-15,2.703119783682282e-15,false
1,1.000000000000000e+18,1,6,CONTINUE,1.000000000000000e+00,4.520442856877726e-01,1.000000000000000e-09,1.000000000000000e-01,4.394535646290641e-14,1.928251202910239e-43,3.035392442850018e-09,6.665146917278110e-01,,,6.889150376734692e+00,2.578072264389882e+03,1.718323040551842e+03,1.023276169837169e+00,2.000000000000000e+00,REFINE_STALLED,REFINE_STALLED,,1,2,2,1,2,2,,,,6.024243155357640e+08,1.158029294257847e+00,6.024243991046795e+08,1.157636053907647e+00,,,6.546041668611280e-09,6.546041675164093e-09,,solution good enough for the tolerances given,solution good enough for the tolerances given,,6.546041668611280e-09,6.546041675164093e-09,,6.024243155357640e+08,6.023123111376094e-10,6.024243991046795e+08,6.023123111376094e-10,,,9.011298719790768e-01,8.894006041236455e-01,,3.162277662098140e-05,1.410289141881883e+00,7.251809002398945e+00,1.752318993389763e+01,1.000000000000000e+00,1.000000000000000e+00,6.043000691237191e-07,3.294466921488493e-10,9.999999996705533e-01,9.999999996641828e-01,9.999999994859423e-01,9.999999994808726e-01,9.999999990980764e-01,9.999999990967317e-01,9.999999990953861e-01,3.959176461301219e-24,1.487519654411684e-24,1.928251202910239e-25,5.576387716447757e-05,8.964452831721774e-10,2.393058331933608e-04,2.280245239857276e-04,2.845689503387752e-01,4.174453422367687e-01,2.974626122936625e-01,2.517285305181858e-17,9.067989605134887e-16,3.610759512840268e-15,false
2,1.000000000000000e+00,0,7,CONTINUE,1.480821171950510e-01,2.202370563293643e-02,1.000000000000000e-09,1.480821171950510e-02,2.380486317668263e-14,9.000486768758456e-01,5.766500700198143e+01,9.900000000000000e-01,,,9.284454974860726e+00,1.882739830629740e+00,4.691675881232950e-01,3.212893417844576e-02,2.329417545833164e+00,REACHED_FORCE,REACHED_FORCE,,4,0,0,3,0,0,,,,6.071362600449381e-04,NaN,5.059434591192236e-04,NaN,,,1.168948097035383e+00,1.253075295840625e-01,,solution good enough for the tolerances given,solution good enough for the tolerances given,,3.185188295498159e-03,2.624563267387448e-03,,1.165734175856414e-15,6.071362600449381e-04,9.992007221626409e-16,5.059434591192236e-04,,,6.071362600449381e-04,5.059434591192236e-04,,3.929463299743560e-01,1.890946181237182e+00,5.104900942306076e-01,1.289926608534191e+00,3.644067348058683e-01,8.159722222222222e-01,1.154952226039330e-01,1.704593677055599e-02,9.829540632294440e-01,9.611654426165580e-01,8.140653549461532e-01,7.662933622659266e-01,7.128477240501839e-01,6.599771080964927e-01,6.031271664468089e-01,5.435768136828379e-01,4.931697333304865e-01,4.736976940800013e-01,1.447572485799945e-04,4.783395857398471e-05,2.352363568909169e-01,1.743079205838201e-01,1.667223984681297e-01,2.394881317821292e-01,1.093112594106674e-01,5.098941923872762e-02,1.976292203387690e-02,3.989000384579404e-03,false
2,3.162000000000000e+00,0,5,CONTINUE,1.480821171950510e-01,2.202323527669389e-02,1.000000000000000e-09,1.480821171950510e-02,2.380486317668263e-14,8.730179550130154e-01,5.077061534588760e+01,9.900000000000000e-01,,,9.284680463744360e+00,1.882375771177642e+00,4.696822130435025e-01,3.212893417844576e-02,2.329417545833164e+00,REACHED_FORCE,REACHED_FORCE,,3,0,0,2,0,0,,,,3.582657842529646e-04,NaN,5.025114661612318e-04,NaN,,,4.661865758598133e-01,5.151219727576539e-02,,solution good enough for the tolerances given,solution good enough for the tolerances given,,1.712925192617889e-03,2.966203535476041e-03,,1.054711873393899e-15,3.582657842529646e-04,1.387778780781446e-15,5.025114661612318e-04,,,3.582657842529646e-04,5.025114661612318e-04,,2.520672991144436e-01,1.578243274486357e+00,5.104900942306076e-01,1.289926608534191e+00,3.644067348058683e-01,8.159722222222222e-01,8.370074113778822e-02,6.190544243989682e-03,9.938094557560103e-01,9.378853887176596e-01,9.303188227055219e-01,9.048477315105484e-01,8.716003363218866e-01,8.432755399028127e-01,8.105594403911546e-01,7.815202649996708e-01,7.502629878123269e-01,7.340766970187499e-01,1.157186756294942e-04,2.786154390737226e-02,1.978410444287982e-01,1.886874517871693e-01,2.530624644603930e-01,1.805311673364947e-01,7.661642672862513e-02,4.616012657176462e-02,2.770303418352889e-02,1.421021920224863e-03,false
2,1.000000000000000e+01,0,4,CONTINUE,1.480821171950510e-01,2.202396055622695e-02,1.000000000000000e-09,1.480821171950510e-02,2.380486317668263e-14,2.493558273106691e-01,4.767044462995375e+01,9.900000000000000e-01,,,9.284509523385616e+00,1.882860166024157e+00,4.689703694073826e-01,3.212893417844576e-02,2.329417545833164e+00,REACHED_FORCE,REACHED_FORCE,,2,0,0,2,0,0,,,,5.122835418700511e-04,NaN,7.111145463190027e-05,NaN,,,1.616404221101923e-01,1.820995618932771e-02,,solution good enough for the tolerances given,solution good enough for the tolerances given,,3.212215561187037e-03,3.820583636808826e-04,,3.844147222764605e-15,5.122835418700511e-04,4.281297538710760e-15,7.111145463190027e-05,,,5.122835418700511e-04,7.111145463190027e-05,,1.526255025896957e-01,1.465487936555437e+00,5.104900942306076e-01,1.289926608534191e+00,3.644067348058683e-01,8.159722222222222e-01,4.709736738087842e-01,2.093344551733489e-03,9.979066554482665e-01,9.775961250955602e-01,9.692542241397087e-01,9.570959516703030e-01,9.460054032732519e-01,9.322083528408271e-01,9.190536923654945e-01,9.047988319972955e-01,8.972515895354144e-01,7.137588894114145e-01,1.021633032184327e-04,1.845366856502294e-01,1.764417129958502e-01,2.389821544889426e-01,2.154473300791200e-01,9.320291893959910e-02,5.582318512711094e-02,3.366972167903412e-02,1.794127736895174e-03,9.489467492653181e-19,false
2,3.162000000000000e+01,0,3,CONTINUE,1.480821171950510e-01,2.202413937166397e-02,1.000000000000000e-09,1.480821171950510e-02,2.380486317668263e-14,2.763447239405587e-11,4.517248785774157e+01,9.900000000000000e-01,,,9.278266733935736e+00,1.879732968767567e+00,4.722809038294443e-01,3.212893417844576e-02,2.329417545833164e+00,REACHED_FORCE,REACHED_FORCE,,2,0,0,1,0,0,,,,5.812586261771946e-05,NaN,5.858452083994659e-04,NaN,,,5.278189926267397e-02,5.947054299648115e-03,,solution good enough for the tolerances given,solution good enough for the tolerances given,,3.498595203267783e-04,5.947054299648115e-03,,9.575673587391975e-15,5.812586261771946e-05,1.341288191625267e-14,5.858452083994659e-04,,,5.812586261771946e-05,5.858452083994659e-04,,8.842276012084103e-02,1.427978235259157e+00,5.104900942306076e-01,1.289926608534191e+00,3.644067348058683e-01,8.159722222222222e-01,9.883208651496608e-01,6.996167176095414e-04,9.993003832823905e-01,9.927833343938038e-01,9.898830484089886e-01,9.856051680192981e-01,9.816686540796967e-01,9.768250843464954e-01,9.725863373361436e-01,9.677368106883348e-01,9.649601407119436e-01,8.738020163365166e-10,1.000381977780339e-04,1.834108299943741e-01,1.817307090191783e-01,2.614805671427086e-01,1.991508882347691e-01,8.567476316844036e-02,5.134878410832806e-02,3.540770984041029e-02,1.695710294014060e-03,1.588060578051327e-29,false
2,1.000000000000000e+02,0,3,CONTINUE,1.480821171950510e-01,2.202388328953019e-02,1.000000000000000e-09,1.480821171950510e-02,2.380486317668263e-14,1.294869020856796e-21,4.409764499207279e+01,9.900000000000000e-01,,,9.282543733119169e+00,1.881860627734650e+00,4.700308865052174e-01,3.212893417844576e-02,2.329417545833164e+00,REACHED_FORCE,REACHED_FORCE,,2,0,0,1,0,0,,,,6.058898499750054e-06,NaN,1.874330800919477e-04,NaN,,,1.686511581997290e-02,1.902392400903451e-03,,solution good enough for the tolerances given,solution good enough for the tolerances given,,3.597815321807842e-05,1.902392400903451e-03,,2.824823708280633e-14,6.058898499750054e-06,4.431004174687558e-14,1.874330800919477e-04,,,6.058898499750054e-06,1.874330800919477e-04,,5.023378222692708e-02,1.415906497623141e+00,5.104900942306076e-01,1.289926608534191e+00,3.644067348058683e-01,8.159722222222222e-01,9.961791608242122e-01,2.267180667160362e-04,9.997732819332840e-01,9.977045119143146e-01,9.967606199194730e-01,9.953665194510234e-01,9.940728276604914e-01,9.924844422052195e-01,9.911328694822673e-01,9.895633285204678e-01,9.886416520515434e-01,1.294869020856796e-19,9.984602112336542e-05,1.829523337132591e-01,1.829747383086329e-01,2.672875361037752e-01,1.950054378001308e-01,8.414435709076185e-02,4.981264522374775e-02,3.603529432511232e-02,1.687811413457624e-03,1.472863204535146e-28,false
2,3.162000000000000e+02,0,2,CONTINUE,1.480821171950510e-01,2.202396177615891e-02,1.000000000000000e-09,1.480821171950510e-02,2.380486317668263e-14,5.305060636296418e-32,4.370640696886860e+01,9.900000000000000e-01,,,9.283886685961956e+00,1.882961870335927e+00,4.688897239515766e-01,3.212893417844576e-02,2.329417545833164e+00,REACHED_FORCE,REACHED_FORCE,,1,0,0,1,0,0,,,,6.420803566248440e-04,NaN,6.048778103653896e-05,NaN,,,5.351546257551006e-03,6.141164334476010e-04,,solution good enough for the tolerances given,solution good enough for the tolerances given,,5.351546257551006e-03,6.141164334476010e-04,,1.239425229115909e-13,6.420803566248440e-04,2.180269853546690e-13,6.048778103653896e-05,,,6.420803566248440e-04,6.048778103653896e-05,,2.834409150162789e-02,1.412068095951717e+00,5.104900942306076e-01,1.289926608534191e+00,3.644067348058683e-01,8.159722222222222e-01,9.500533343325569e-01,7.235384331494288e-05,9.999276461566851e-01,9.992726522476534e-01,9.989713324457560e-01,9.985262208144751e-01,9.981118685416199e-01,9.976034275815775e-01,9.971749253639814e-01,9.966751128915488e-01,9.963790644126975e-01,1.677460173196927e-29,9.988028599940119e-05,1.828279538730232e-01,1.833827839855935e-01,2.691202057129091e-01,1.936905392931767e-01,8.370146691861685e-02,4.925527436342596e-02,3.623623065448219e-02,1.685664912773039e-03,1.395716762363142e-27,true
2,1.000000000000000e+03,0,2,CONTINUE,1.480821171950510e-01,2.202382827856908e-02,1.000000000000000e-09,1.480821171950510e-02,2.380486317668263e-14,3.605628178321756e-33,4.357705579495811e+01,9.900000000000000e-01,,,9.284344941184717e+00,1.882896458766725e+00,4.689423589312180e-01,3.212893417844576e-02,2.329417545833164e+00,REACHED_FORCE,REACHED_FORCE,,1,0,0,1,0,0,,,,2.031205853555706e-04,NaN,1.893667849742209e-05,NaN,,,1.693955220804327e-03,1.922232681472492e-04,,solution good enough for the tolerances given,solution good enough for the tolerances given,,1.693955220804327e-03,1.922232681472492e-04,,3.335803855364361e-13,2.031205853555706e-04,3.870896658764167e-13,1.893667849742209e-05,,,2.031205853555706e-04,1.893667849742209e-05,,1.595531897217261e-02,1.410851891290538e+00,5.104900942306076e-01,1.289926608534191e+00,3.644067348058683e-01,8.159722222222222e-01,2.378769744358055e-04,2.294732937846433e-05,9.999770526706215e-01,9.997698729521232e-01,9.996743104657985e-01,9.995331417905257e-01,9.994015915722184e-01,9.992401975002937e-01,9.991046005326416e-01,9.989462233847397e-01,9.988521501038073e-01,3.605628178321756e-30,9.990203269686526e-05,1.827908471104682e-01,1.835134714748038e-01,2.696988866697719e-01,1.932744015918383e-01,8.356645030155420e-02,4.907105020865110e-02,3.629997579102143e-02,1.685014819193574e-03,1.738800847051034e-26,false
2,3.162000000000000e+03,0,2,CONTINUE,1.480821171950510e-01,2.202378687708893e-02,1.000000000000000e-09,1.480821171950510e-02,2.380486317668263e-14,6.956345063928570e-33,4.353558250401574e+01,9.900000000000000e-01,,,9.284487763721666e+00,1.882874736912524e+00,4.689601332940941e-01,3.212893417844576e-02,2.329417545833164e+00,REACHED_FORCE,REACHED_FORCE,,1,0,0,1,0,0,,,,6.424749184499867e-05,NaN,5.969811955941484e-06,NaN,,,5.359026517378102e-04,6.059498574977929e-05,,solution good enough for the tolerances given,solution good enough for the tolerances given,,5.359026517378102e-04,6.059498574977929e-05,,8.924423700040762e-13,6.424749184499867e-05,1.859862958086822e-12,5.969811955941484e-06,,,6.424749184499867e-05,5.969811955941484e-06,,8.975756395557026e-03,1.410467138718771e+00,5.104900942306076e-01,1.289926608534191e+00,3.644067348058683e-01,8.159722222222222e-01,7.511727973787488e-05,7.264247287475101e-06,9.999927357527125e-01,9.999272070480432e-01,9.998969562310811e-01,9.998522683473382e-01,9.998106113290864e-01,9.997595065925363e-01,9.997166128801735e-01,9.996664918366868e-01,9.996366941646876e-01,2.199596309214214e-29,9.991004906848793e-05,1.827793434669557e-01,1.835549591637077e-01,2.698817322718611e-01,1.931428093216400e-01,8.352430167462210e-02,4.901198459343897e-02,3.632014749955827e-02,1.684811959148024e-03,1.859119001516841e-25,false
2,1.000000000000000e+04,0,2,CONTINUE,1.480821171950510e-01,2.202377386355527e-02,1.000000000000000e-09,1.480821171950510e-02,2.380486317668263e-14,5.778987322068075e-33,4.348668539514973e+01,9.900000000000000e-01,,,9.284532728382890e+00,1.882867762225964e+00,4.689658687026769e-01,3.212893417844576e-02,2.329417545833164e+00,REACHED_FORCE,REACHED_FORCE,,1,0,0,1,0,0,,,,2.031600543397905e-05,NaN,1.885750640640005e-06,NaN,,,1.694704239859911e-04,1.914044309200766e-05,,solution good enough for the tolerances given,solution good enough for the tolerances given,,1.694704239859911e-04,1.914044309200766e-05,,3.344130528049050e-12,2.031600543397905e-05,3.551110794308698e-12,1.885750640640005e-06,,,2.031600543397905e-05,1.885750640640005e-06,,5.047756157211264e-03,1.410345426686817e+00,5.104900942306076e-01,1.289926608534191e+00,3.644067348058683e-01,8.159722222222222e-01,2.648817332971155e-04,2.299549140993840e-06,9.999977004508590e-01,9.999769807755583e-01,9.999674079377314e-01,9.999532684174294e-01,9.999400847763527e-01,9.999239148795225e-01,9.999103612015847e-01,9.998945187330783e-01,9.998850916108714e-01,5.778987322068075e-29,9.997484381748401e-05,1.828218685141039e-01,1.836393097607801e-01,2.701038658678083e-01,1.929642041716145e-01,8.344886122657488e-02,4.891883481893688e-02,3.631980858964992e-02,1.683272206713431e-03,1.578103552763727e-24,false
2,3.162000000000000e+04,0,2,CONTINUE,1.480821171950510e-01,2.202376975714589e-02,1.000000000000000e-09,1.480821171950510e-02,2.380486317668263e-14,3.107974310046211e-33,2.584834188478559e+01,9.900000000000000e-01,,,9.284546924274611e+00,1.882865546546976e+00,4.689676934797650e-01,3.212893417844576e-02,2.329417545833164e+00,REACHED_FORCE,REACHED_FORCE,,1,0,0,1,0,0,,,,6.425144006158567e-06,NaN,5.961886387906290e-07,NaN,,,5.359776024339887e-05,6.051301411083553e-06,,solution good enough for the tolerances given,solution good enough for the tolerances given,,5.359776024339887e-05,6.051301411083553e-06,,7.714377747713996e-12,6.425144006158567e-06,1.266077520600817e-11,5.961886387906290e-07,,,6.425144006158567e-06,5.961886387906290e-07,,2.838782386372220e-03,1.410306942265301e+00,5.104900942306076e-01,1.289926608534191e+00,3.644067348058683e-01,8.159722222222222e-01,9.972849823680048e-01,1.223502648417529e-06,9.999987764973516e-01,9.999926095005353e-01,9.999889172663100e-01,9.999839658061906e-01,9.999787046265902e-01,9.999727705512673e-01,9.999668742661080e-01,9.999639997293951e-01,5.401902538818424e-03,9.827414768366117e-29,1.643065435650954e-04,2.041510522691594e-01,2.150801647610719e-01,3.159616677280134e-01,1.479209019668507e-01,7.509783691588977e-02,3.887142433139852e-02,2.752645484050139e-03,2.704073627198509e-57,1.512138443824239e-23,false
2,1.000000000000000e+05,0,2,CONTINUE,1.480821171950510e-01,2.202376845941297e-02,1.000000000000000e-09,1.480821171950510e-02,2.380486317668263e-14,5.722089010069718e-33,2.584567165833618e+01,9.900000000000000e-01,,,9.284551412022319e+00,1.882864844740215e+00,4.689682717438207e-01,3.212893417844576e-02,2.329417545833164e+00,REACHED_FORCE,REACHED_FORCE,,1,0,0,1,0,0,,,,2.031640020438985e-06,NaN,1.884958001630022e-07,NaN,,,1.694779188684966e-05,1.913224504170061e-06,,solution good enough for the tolerances given,solution good enough for the tolerances given,,1.694779188684966e-05,1.913224504170061e-06,,2.554666894694080e-11,2.031640020438985e-06,4.655226898409026e-11,1.884958001630022e-07,,,2.031640020438985e-06,1.884958001630022e-07,,1.596311617043989e-03,1.410294770145167e+00,5.104900942306076e-01,1.289926608534191e+00,3.644067348058683e-01,8.159722222222222e-01,9.999967175359320e-01,3.869118304633545e-07,9.999996130881695e-01,9.999976631067845e-01,9.999964955818936e-01,9.999949298975072e-01,9.999932662544919e-01,9.999913898589624e-01,9.999895253937355e-01,9.999886164149391e-01,2.116667744478061e-13,5.722089010069718e-28,1.643232424032414e-04,2.041517489183076e-01,2.150820342351020e-01,3.159620771387814e-01,1.479178866290402e-01,7.509731335117419e-02,3.887212334280129e-02,2.752493142390239e-03,5.253193598870762e-52,1.108464137422915e-22,false
2,3.162000000000000e+05,0,2,CONTINUE,1.480821171950510e-01,2.202376805056352e-02,1.000000000000000e-09,1.480821171950510e-02,2.380486317668263e-14,2.467618713819982e-33,2.584482624901588e+01,9.900000000000000e-01,,,9.284552830232382e+00,1.882864622920034e+00,4.689684545327729e-01,3.212893417844576e-02,2.329417545833164e+00,REACHED_FORCE,REACHED_FORCE,,1,0,0,1,0,0,,,,6.425183490949005e-07,NaN,5.961093549333718e-08,NaN,,,5.359850990280564e-06,6.050481390461771e-07,,solution good enough for the tolerances given,solution good enough for the tolerances given,,5.359850990280564e-06,6.050481390461771e-07,,7.539455171290399e-11,6.425183490949005e-07,1.029224760973335e-10,5.961093549333718e-08,,,6.425183490949005e-07,5.961093549333718e-08,,8.977144344961549e-04,1.410290921611331e+00,5.104900942306076e-01,1.289926608534191e+00,3.644067348058683e-01,8.159722222222222e-01,9.999839743969957e-01,1.223670427208390e-07,9.999998776329573e-01,9.999992609428603e-01,9.999988917026150e-01,9.999983965429895e-01,9.999978704008756e-01,9.999972769763134e-01,9.999966873228782e-01,9.999963998482775e-01,5.990246980811774e-23,7.802610373098782e-28,1.643285338880062e-04,2.041519672028501e-01,2.150826245509575e-01,3.159622085931559e-01,1.479169332505977e-01,7.509714852847095e-02,3.887234427057262e-02,2.752445069507998e-03,1.822354041519162e-31,1.824414843926793e-21,false
2,1.000000000000000e+06,0,2,CONTINUE,1.480821171950510e-01,2.202376792335820e-02,1.000000000000000e-09,1.480821171950510e-02,2.380486317668263e-14,3.253522283529469e-33,2.584456189394061e+01,9.900000000000000e-01,,,9.284553278305173e+00,1.882864552686455e+00,4.689685124161497e-01,3.212893417844576e-02,2.329417545833164e+00,REACHED_FORCE,REACHED_FORCE,,1,0,0,1,0,0,,,,2.031643969030439e-07,NaN,1.884878722546723e-08,NaN,,,1.694786684169712e-06,1.913142514297415e-07,,solution good enough for the tolerances given,solution good enough for the tolerances given,,1.694786684169712e-06,1.913142514297415e-07,,1.988031406163770e-10,2.031643969030439e-07,2.187306794021460e-10,1.884878722546723e-08,,,2.031643969030439e-07,1.884878722546723e-08,,5.048003008506197e-04,1.410289704390147e+00,5.104900942306076e-01,1.289926608534191e+00,3.644067348058683e-01,8.159722222222222e-01,4.319016398278489e-04,3.869285791768817e-08,9.999999613071421e-01,9.999997663099583e-01,9.999996495557867e-01,9.999994929859871e-01,9.999993266192725e-01,9.999991389780157e-01,9.999989525290026e-01,9.999988616290296e-01,1.262196788864244e-26,3.253522283529469e-27,1.643301721110404e-04,2.041520404994006e-01,2.150828109737107e-01,3.159622455477297e-01,1.479166327747761e-01,7.509709567491982e-02,3.887241454880486e-02,2.752429808546784e-03,5.820666212151555e-21,1.095287255525874e-20,false
2,3.162000000000000e+06,0,2,CONTINUE,1.480821171950510e-01,2.202376788708120e-02,1.000000000000000e-09,1.480821171950510e-02,2.380486317668263e-14,3.625906031710738e-33,2.584446226849783e+01,9.900000000000000e-01,,,9.284553419177026e+00,1.882864530094982e+00,4.689685310268374e-01,3.212893417844576e-02,2.329417545833164e+00,REACHED_FORCE,REACHED_FORCE,,1,0,0,1,0,0,,,,6.425187440428637e-08,NaN,5.961014265531972e-09,NaN,,,5.359858486455281e-07,6.050399379818706e-08,,solution good enough for the tolerances given,solution good enough for the tolerances given,,5.359858486455281e-07,6.050399379818706e-08,,6.603329827381543e-10,6.425187440428637e-08,1.307847411965990e-09,5.961014265531972e-09,,,6.425187440428637e-08,5.961014265531972e-09,,2.838826293637360e-04,1.410289319535847e+00,5.104900942306076e-01,1.289926608534191e+00,3.644067348058683e-01,8.159722222222222e-01,6.998929088686599e-08,1.223687795537387e-08,9.999999877631220e-01,9.999999260942114e-01,9.999998891700081e-01,9.999998396539227e-01,9.999997870394699e-01,9.999997276968439e-01,9.999996687312510e-01,9.999996399835807e-01,4.197278197709979e-26,1.146511487226935e-26,1.643305430025414e-04,2.041521122090842e-01,2.150828503841864e-01,3.159622196362734e-01,1.479165475479907e-01,7.509707654075752e-02,3.887243834350379e-02,2.752424795200838e-03,1.382184876224355e-20,1.450070361685571e-19,false
2,1.000000000000000e+07,0,2,CONTINUE,1.480821171950510e-01,2.202376788550632e-02,1.000000000000000e-09,1.480821171950510e-02,2.380486317668263e-14,2.901617037975790e-33,2.584419654069314e+01,9.900000000000000e-01,,,9.284553459072663e+00,1.882864525461096e+00,4.689685345592962e-01,3.212893417844576e-02,2.329417545833164e+00,REACHED_FORCE,REACHED_FORCE,,1,0,0,1,0,0,,,,2.031644358302387e-08,NaN,3.158070152609049e-09,NaN,,,1.694787434662699e-07,1.913134324998418e-08,,solution good enough for the tolerances given,solution good enough for the tolerances given,,1.694787434662699e-07,1.913134324998418e-08,,1.743869153247868e-09,2.031644358302387e-08,3.158070152609049e-09,1.884870787227655e-09,,,2.031644358302387e-08,3.158070152609049e-09,,1.596319424437449e-04,1.410289197813636e+00,5.104900942306076e-01,1.289926608534191e+00,3.644067348058683e-01,8.159722222222222e-01,2.544171301738694e-07,3.869340625684003e-09,9.999999961306594e-01,9.999999766309863e-01,9.999999649555439e-01,9.999999492985490e-01,9.999999326618503e-01,9.999999138977146e-01,9.999998952527930e-01,9.999998861627740e-01,1.089281699005586e-25,2.901617037975791e-26,1.643312515209186e-04,2.041521518793023e-01,2.150830416828855e-01,3.159622373364022e-01,1.479163581640772e-01,7.509702875505719e-02,3.887243098003768e-02,2.752419950716784e-03,3.458138334769208e-19,8.879160607669753e-19,false
2,3.162000000000000e+07,0,2,CONTINUE,1.480821171950510e-01,2.202376793819591e-02,1.000000000000000e-09,1.480821171950510e-02,2.380486317668263e-14,4.126909036795814e-33,7.814350088157218e+00,9.900000000000000e-01,,,9.284553458858971e+00,1.882864523787777e+00,4.689685359445374e-01,3.212893417844576e-02,2.329417545833164e+00,REACHED_FORCE,REACHED_FORCE,,1,0,0,1,0,0,,,,6.425187978886804e-09,NaN,1.068282272365106e-08,NaN,,,5.359859236377485e-08,6.050391258237347e-09,,solution good enough for the tolerances given,solution good enough for the tolerances given,,5.359859236377485e-08,6.050391258237347e-09,,5.478203890518785e-09,6.425187978886804e-09,1.068282272365106e-08,5.961006410704073e-10,,,6.425187978886804e-09,1.068282272365106e-08,,8.977158252236199e-05,1.410289159328197e+00,5.104900942306076e-01,1.289926608534191e+00,3.644067348058683e-01,8.159722222222222e-01,3.901767405100208e-02,4.047112422966848e-09,9.999999959528876e-01,9.999999922167899e-01,9.999999870287490e-01,9.999999816581319e-01,9.999999745302587e-01,9.999999679557623e-01,9.999999650403247e-01,9.984776033419424e-01,4.693292829976271e-25,1.304928637434836e-25,3.078233175651346e-03,2.558673256472690e-01,2.954928779737277e-01,2.841643206473690e-01,1.083758138612587e-01,4.184243247960318e-02,1.117899621512177e-02,1.540632055039267e-49,2.418299077572486e-18,1.162890220555418e-17,false
2,1.000000000000000e+08,0,2,CONTINUE,1.480821171950510e-01,2.202376810555084e-02,1.000000000000000e-09,1.480821171950510e-02,2.380486317668263e-14,2.803187451603992e-33,7.814549022968557e+00,9.900000000000000e-01,,,9.284553400937462e+00,1.882864533789603e+00,4.689685272375685e-01,3.212893417844576e-02,2.329417545833164e+00,REACHED_FORCE,REACHED_FORCE,,1,0,0,1,0,0,,,,1.542660648529148e-08,NaN,2.701094263448528e-08,NaN,,,1.694787517713725e-08,1.913133530161354e-09,,solution good enough for the tolerances given,solution good enough for the tolerances given,,1.694787517713725e-08,1.913133530161354e-09,,1.542660648529148e-08,2.031644449895786e-09,2.701094263448528e-08,1.884870315382869e-10,,,1.542660648529148e-08,2.701094263448528e-08,,5.048005511106968e-05,1.410289147155975e+00,5.104900942306076e-01,1.289926608534191e+00,3.644067348058683e-01,8.159722222222222e-01,9.999998783251329e-01,1.279664374465028e-09,9.999999987203356e-01,9.999999975389526e-01,9.999999958984960e-01,9.999999942003037e-01,9.999999919464688e-01,9.999999898676166e-01,9.999999889457545e-01,2.377309470202267e-07,9.051951097221107e-25,2.803187451603992e-25,3.077905016033812e-03,2.558668375857818e-01,2.954930250071106e-01,2.841649826628650e-01,1.083757294511783e-01,4.184236358829572e-02,1.117915668873544e-02,2.421128652012733e-48,2.617492591225879e-17,1.222083972557450e-16,false
2,3.162000000000000e+08,0,2,CONTINUE,1.480821171950510e-01,2.202376849727990e-02,1.000000000000000e-09,1.480821171950510e-02,2.380486317668263e-14,3.178265328767284e-33,7.831780069548806e+00,9.900000000000000e-01,,,9.284553327856877e+00,1.882864509847766e+00,4.689685432611753e-01,3.212893417844576e-02,2.329417545833164e+00,REACHED_FORCE,REACHED_FORCE,,1,0,0,1,0,0,,,,5.766433940068705e-08,NaN,6.919470627031465e-08,NaN,,,5.359859260958896e-09,6.050390754890922e-10,,solution good enough for the tolerances given,solution good enough for the tolerances given,,5.359859260958896e-09,6.050390754890922e-10,,5.766433940068705e-08,6.425188159298045e-10,6.919470627031465e-08,5.961001137144706e-11,,,5.766433940068705e-08,6.919470627031465e-08,,2.838826774974981e-05,1.410289143307431e+00,5.104900942306076e-01,1.289926608534191e+00,3.644067348058683e-01,8.159722222222222e-01,9.999998157147912e-01,4.038105405612669e-10,9.999999995961895e-01,9.999999992217490e-01,9.999999987029811e-01,9.999999981658647e-01,9.999999974530862e-01,9.999999967956099e-01,9.999999965040458e-01,1.166392624653720e-17,3.500682383934696e-24,1.004967496956215e-24,3.055266501748449e-03,2.558325041973685e-01,2.955107627564942e-01,2.841826269227080e-01,1.083969705060946e-01,4.183771972535858e-02,1.118414939022667e-02,7.522900243049344e-43,4.870513617765813e-16,8.318419440616430e-16,false
2,1.000000000000000e+09,0,2,CONTINUE,1.480821171950510e-01,2.202376955152401e-02,1.000000000000000e-09,1.480821171950510e-02,2.380486317668263e-14,3.376741037307007e-33,7.639318212981833e+00,9.900000000000000e-01,,,9.284553012535486e+00,1.882864538932806e+00,4.689685279929002e-01,3.212893417844576e-02,2.329417545833164e+00,REACHED_FORCE,REACHED_FORCE,,1,0,0,1,0,0,,,,1.520009376074216e-07,NaN,3.270953274434746e-07,NaN,,,1.694787565895831e-09,1.913133058800038e-10,,solution good enough for the tolerances given,solution good enough for the tolerances given,,1.694787565895831e-09,1.913133058800038e-10,,1.520009376074216e-07,2.031643742128608e-10,3.270953274434746e-07,1.884875588942236e-11,,,1.520009376074216e-07,3.270953274434746e-07,,1.596319579573008e-05,1.410289142090209e+00,5.104900942306076e-01,1.289926608534191e+00,3.644067348058683e-01,8.159722222222222e-01,5.903245195690620e-03,1.309017338968488e-10,9.999999998690983e-01,9.999999997536502e-01,9.999999995892053e-01,9.999999994196518e-01,9.999999991944100e-01,9.999999989865835e-01,9.999999988944761e-01,3.622157877787814e-23,1.084954190145331e-23,3.376741037307007e-24,3.305456691183711e-03,2.564153234644094e-01,2.958424248567118e-01,2.832275324252986e-01,1.082458722850862e-01,4.183060851114391e-02,1.113278176615190e-02,1.719354374277555e-17,1.499866098381386e-15,1.367528684656769e-14,false
2,3.162000000000000e+09,0,2,CONTINUE,1.480821171950510e-01,2.202376783249883e-02,1.000000000000000e-09,1.480821171950510e-02,2.380486317668263e-14,1.745302588325127e-33,7.787251542610455e+00,9.900000000000000e-01,,,9.284553794283951e+00,1.882863359342543e+00,4.689695925564704e-01,3.212893417844576e-02,2.329417545833164e+00,REACHED_FORCE,REACHED_FORCE,,1,0,0,1,0,0,,,,6.705536019363523e-07,NaN,7.960357731873202e-07,NaN,,,5.359857246883572e-10,6.050375661407934e-11,,solution good enough for the tolerances given,solution good enough for the tolerances given,,5.359857246883572e-10,6.050375661407934e-11,,6.705536019363523e-07,6.425175669289018e-11,7.960357731873202e-07,5.961009463817390e-12,,,6.705536019363523e-07,7.960357731873202e-07,,8.977160423654008e-06,1.410289141705355e+00,5.104900942306076e-01,1.289926608534191e+00,3.644067348058683e-01,8.159722222222222e-01,1.493870283537593e-07,4.061195824078823e-11,9.999999999593880e-01,9.999999999220492e-01,9.999999998697724e-01,9.999999998161735e-01,9.999999997453715e-01,9.999999996796536e-01,9.999999996502176e-01,4.341340647822885e-23,1.711300893852119e-23,5.518646784284052e-24,3.184186306019598e-03,2.572569824687402e-01,2.975644011836240e-01,2.809386034733255e-01,1.078225006183052e-01,4.217440051841092e-02,1.105892543139645e-02,4.441766096583193e-15,4.241528891101555e-14,1.317458734489799e-13,false
2,1.000000000000000e+10,0,2,CONTINUE,1.480821171950510e-01,2.202376415682639e-02,1.000000000000000e-09,1.480821171950510e-02,2.380486317668263e-14,1.365169257749747e-33,7.781597628185954e+00,9.900000000000000e-01,,,9.284553966611442e+00,1.882862861313154e+00,4.689703546823250e-01,3.212893417844576e-02,2.329417545833164e+00,REACHED_FORCE,REACHED_FORCE,,1,0,0,1,0,0,,,,1.956174924100385e-06,NaN,2.504866503163020e-06,NaN,,,1.694786742927799e-10,1.913123395493756e-11,,solution good enough for the tolerances given,solution good enough for the tolerances given,,1.694786742927799e-10,1.913123395493756e-11,,1.956174924100385e-06,2.031642909461340e-11,2.504866503163020e-06,1.884686851028050e-12,,,1.956174924100385e-06,2.504866503163020e-06,,5.048004508790756e-06,1.410289141583632e+00,5.104900942306076e-01,1.289926608534191e+00,3.644067348058683e-01,8.159722222222222e-01,3.842674006461012e-10,1.285083151003619e-11,9.999999999871492e-01,9.999999999753786e-01,9.999999999589533e-01,9.999999999419704e-01,9.999999999194304e-01,9.999999998986417e-01,9.999999998894378e-01,1.387054812727828e-22,6.524878874007337e-23,1.365169257749747e-23,3.158537999676734e-03,2.559126151245628e-01,2.960871061120365e-01,2.836419067783632e-01,1.082843487962677e-01,4.183052995796271e-02,1.108495522943179e-02,3.089246595786202e-14,1.132388447384405e-12,5.361255923807973e-13,false
2,3.162000000000000e+10,0,2,CONTINUE,1.480821171950510e-01,2.202381705801476e-02,1.000000000000000e-09,1.480821171950510e-02,2.380486317668263e-14,3.373666744945438e-33,4.614424632902008e+00,9.900000000000000e-01,,,9.284541743002546e+00,1.882857350356244e+00,4.689746388078962e-01,3.212893417844576e-02,2.329417545833164e+00,REACHED_FORCE,REACHED_FORCE,,1,0,0,1,0,0,,,,5.296100839411594e-06,NaN,6.399158170133923e-06,NaN,,,5.359847490158951e-11,6.050294515007345e-12,,solution good enough for the tolerances given,solution good enough for the tolerances given,,5.359847490158951e-11,6.050294515007345e-12,,5.296100839411594e-06,6.425124321474129e-12,6.399158170133923e-06,5.960787419212465e-13,,,5.296100839411594e-06,6.399158170133923e-06,,2.838824940111417e-06,1.410289141545147e+00,5.104900942306076e-01,1.289926608534191e+00,3.644067348058683e-01,8.159722222222222e-01,5.634839914524288e-05,6.853628775616016e-12,9.999999999931464e-01,9.999999999903504e-01,9.999999999843063e-01,9.999999999776226e-01,9.999999999705562e-01,9.999999999658218e-01,9.999999968074358e-01,5.634587342806167e-22,2.508318691149261e-22,1.066753424751748e-22,1.220828376613686e-01,2.474917899611705e-01,3.773907040283287e-01,1.670522481335348e-01,5.967671552320455e-02,2.630570467469066e-02,6.739059187205183e-32,4.533554878786089e-13,7.781243288781649e-12,9.468073037728352e-12,false
2,1.000000000000000e+11,0,2,CONTINUE,1.480821171950510e-01,2.202380156023555e-02,1.000000000000000e-09,1.480821171950510e-02,2.380486317668263e-14,5.527843702233548e-34,-1.000000000001039e+00,9.900000000000000e-01,,,9.284543080952309e+00,1.882834983783290e+00,4.689977134326617e-01,3.212893417844576e-02,2.329417545833164e+00,REACHED_FORCE,REACHED_FORCE,,1,0,0,1,0,0,,,,1.388714254830711e-05,NaN,2.450985849732426e-05,NaN,,,1.694769675605264e-11,1.913010335043157e-12,,solution good enough for the tolerances given,solution good enough for the tolerances given,,1.694769675605264e-11,1.913010335043157e-12,,1.388714254830711e-05,2.031666501700613e-12,2.450985849732426e-05,1.884603584301203e-13,,,1.388714254830711e-05,2.450985849732426e-05,,1.596323534310412e-06,1.410289141532975e+00,5.104900942306076e-01,1.289926608534191e+00,3.644067348058683e-01,8.159722222222222e-01,4.147648510514700e-01,-1.039168751049147e-12,1.000000000001039e+00,9.999999999975786e-01,9.999999999958089e-01,9.999999999938460e-01,9.999999999912352e-01,9.999999999892648e-01,8.279701183343970e-01,1.810923058175748e-21,6.731424910157667e-22,5.527843702233548e-23,3.692682275461301e-05,2.536224956462613e-01,3.459122034908650e-01,2.755734968943130e-01,9.274644792101307e-02,3.210842909530046e-02,3.463289230689955e-42,1.624249238221486e-12,4.236773891807003e-11,8.550106159061580e-11,false
2,3.162000000000000e+11,0,2,CONTINUE,1.480821171950510e-01,2.202391599051225e-02,1.000000000000000e-09,1.480821171950510e-02,2.380486317668263e-14,3.105990337148694e-33,-1.000000000062218e+00,9.900000000000000e-01,,,9.284475665369738e+00,1.882832553899431e+00,4.689966563865510e-01,3.212893417844576e-02,2.329417545833164e+00,REACHED_FORCE,REACHED_FORCE,,1,0,0,1,0,0,,,,5.466893714894949e-05,NaN,6.646893018918965e-05,NaN,,,5.359821859120348e-12,6.049848875252009e-13,,solution good enough for the tolerances given,solution good enough for the tolerances given,,5.359821859120348e-12,6.049848875252009e-13,,5.466893714894949e-05,6.425415755018093e-13,6.646893018918965e-05,5.964673199798654e-14,,,5.466893714894949e-05,6.646893018918965e-05,,8.977299503635470e-07,1.410289141529126e+00,5.104900942306076e-01,1.289926608534191e+00,3.644067348058683e-01,8.159722222222222e-01,9.974811931897331e-01,-6.221823056762332e-11,1.000000000062218e+00,1.000000000014413e+00,9.999999999992437e-01,9.999999999983407e-01,9.999999999968709e-01,9.999999999621638e-01,5.031269239436158e-03,6.742833470152031e-21,3.771766404311814e-21,9.821141446064170e-22,1.495025823907194e-14,9.171623131786804e-09,2.929811562197438e-01,5.982199284435628e-01,1.087989046718166e-01,4.202027137491198e-11,4.697536067946680e-42,1.086845615220492e-10,7.702259248616838e-10,5.723086753455773e-10,false
2,1.000000000000000e+12,0,2,CONTINUE,1.480821171950510e-01,2.202407467851413e-02,1.000000000000000e-09,1.480821171950510e-02,2.380486317668263e-14,1.822140270483376e-33,-1.000000000151227e+00,9.900000000000000e-01,,,9.284480990834732e+00,1.882809076759747e+00,4.690310982946143e-01,3.212893417844576e-02,2.329417545833164e+00,REACHED_FORCE,REACHED_FORCE,,1,0,0,1,0,0,,,,2.190941041879113e-04,NaN,2.635266820591089e-04,NaN,,,1.694740166681551e-12,1.913095749329041e-13,,solution good enough for the tolerances given,solution good enough for the tolerances given,,1.694740166681551e-12,1.913095749329041e-13,,2.190941041879113e-04,2.030875467795568e-13,2.635266820591089e-04,1.876276911616515e-14,,,2.190941041879113e-04,2.635266820591089e-04,,5.048018381846159e-07,1.410289141527909e+00,5.104900942306076e-01,1.289926608534191e+00,3.644067348058683e-01,8.159722222222222e-01,8.753432728607691e-01,-1.512265868086615e-10,1.000000000151227e+00,1.000000000014898e+00,1.000000000002016e+00,9.999999999995046e-01,9.999999999883606e-01,9.999999998308282e-01,2.337741546937859e-01,2.913866191182243e-20,1.127797264790508e-20,1.822140270483376e-21,1.655902080578083e-11,5.625287277628571e-05,2.442810633701868e-03,9.973603917988874e-01,1.405281987512958e-04,7.116552797300082e-12,1.512894845479066e-39,1.077689710670038e-10,4.047342688117206e-09,1.231709674992863e-08,false
2,3.162000000000000e+12,0,2,CONTINUE,1.480821171950510e-01,2.202576622881682e-02,1.000000000000000e-09,1.480821171950510e-02,2.380486317668263e-14,4.425690009367428e-33,-1.000000000539632e+00,9.900000000000000e-01,,,9.283880157738981e+00,1.882804301583481e+00,4.691422055787747e-01,3.212893417844576e-02,2.329417545833164e+00,REACHED_FORCE,REACHED_FORCE,,1,0,0,1,0,0,,,,4.167036630892129e-04,NaN,7.818558205187759e-04,NaN,,,5.359622728541156e-13,6.049997998233908e-14,,solution good enough for the tolerances given,solution good enough for the tolerances given,,5.359622728541156e-13,6.049997998233908e-14,,4.167036630892129e-04,6.439293542825908e-14,7.818558205187759e-04,5.939693181744587e-15,,,4.167036630892129e-04,7.818558205187759e-04,,2.839262845461621e-07,1.410289141527524e+00,5.104900942306076e-01,1.289926608534191e+00,3.644067348058683e-01,8.159722222222222e-01,2.051249751523038e-02,-5.396318947248346e-10,1.000000000539632e+00,1.000000000313157e+00,1.000000000018567e+00,9.999999999998439e-01,9.999999997233424e-01,9.999999995134503e-01,9.995792374730872e-01,7.794045719093350e-20,3.116607219955218e-20,1.399403180961981e-20,9.095090246734171e-10,1.148697188107916e-08,4.368330536766490e-06,9.999954384656194e-01,1.751050676342027e-08,1.540370773812269e-09,3.770107722372229e-40,2.314580416611139e-09,5.124447840191975e-08,1.081974278947574e-07,false
2,1.000000000000000e+13,0,2,CONTINUE,1.480821171950510e-01,2.203151335786696e-02,1.000000000000000e-09,1.480821171950510e-02,2.380486317668263e-14,2.287446491610623e-33,-1.000000000218500e+00,9.900000000000000e-01,,,9.282988791469466e+00,1.881119768076229e+00,4.711313592489026e-01,3.212893417844576e-02,2.329417545833164e+00,REACHED_FORCE,REACHED_FORCE,,1,0,0,1,0,0,,,,1.330467940822963e-03,NaN,2.421420711648359e-03,NaN,,,1.693619899529039e-13,1.907541184344193e-14,,solution good enough for the tolerances given,solution good enough for the tolerances given,,1.693619899529039e-13,1.907541184344193e-14,,1.330467940822963e-03,2.044198144091069e-14,2.421420711648359e-03,1.970645868709653e-15,,,1.330467940822963e-03,2.421420711648359e-03,,1.596236775329605e-07,1.410289141527402e+00,5.104900942306076e-01,1.289926608534191e+00,3.644067348058683e-01,8.159722222222222e-01,9.999948062734476e-01,-2.185003289412180e-10,1.000000000218500e+00,1.000000000130282e+00,1.000000000010834e+00,9.999999999999512e-01,9.999999998933182e-01,9.999999998076974e-01,1.038743920662958e-05,1.736405662786381e-19,6.519063396502189e-20,2.287446491610623e-20,8.712830560801500e-10,6.180947736089211e-09,1.298683069209519e-06,9.999971074133068e-01,1.047881983967350e-08,1.163578975295884e-09,1.543151756312120e-38,2.523730666583204e-08,3.843952214253459e-07,1.165576466518396e-06,false
2,3.162000000000000e+13,0,2,CONTINUE,1.480821171950510e-01,2.231560841755843e-02,1.000000000000000e-09,1.480821171950510e-02,2.380486317668263e-14,1.758456015809247e-33,-1.000000000040120e+00,9.900000000000000e-01,,,9.218208536733428e+00,1.886591629554828e+00,4.661634413296143e-01,3.212893417844576e-02,2.329417545833164e+00,REACHED_FORCE,REACHED_FORCE,,1,0,0,1,0,0,,,,6.558477827784643e-03,NaN,6.323827707950036e-03,NaN,,,5.360431307827417e-14,6.209189641066009e-15,,solution good enough for the tolerances given,solution good enough for the tolerances given,,5.360431307827417e-14,6.209189641066009e-15,,6.558477827784643e-03,6.439293542825908e-15,6.323827707950036e-03,7.494005416219807e-16,,,6.558477827784643e-03,6.323827707950036e-03,,8.976995750448415e-08,1.410289141527364e+00,5.104900942306076e-01,1.289926608534191e+00,3.644067348058683e-01,8.159722222222222e-01,2.111045375251272e-01,-4.011990739627436e-11,1.000000000040120e+00,1.000000000014004e+00,1.000000000003380e+00,9.999999999999845e-01,9.999999999938360e-01,9.999999999860116e-01,7.340981113630662e-19,4.417981898743572e-19,2.233802450643479e-19,5.560237921988839e-20,1.642899793921511e-32,4.186043251016228e-29,7.108618716044345e-29,9.999870971448568e-01,5.252453193294719e-29,2.581877032285469e-29,1.198559643438903e-07,2.400342639585458e-06,7.624223650170891e-06,2.758432888850156e-06,false
2,1.000000000000000e+14,0,3,CONTINUE,1.480821171950510e-01,2.675245346843312e-02,1.000000000000000e-09,1.480821171950510e-02,2.380486317668263e-14,2.252375206910828e-33,-1.000000000013633e+00,9.900000000000000e-01,,,8.304608179134064e+00,1.998381817177714e+00,3.683699954384997e-01,3.212893417844576e-02,2.329417545833164e+00,REACHED_FORCE,REACHED_FORCE,,1,0,0,1,1,1,,,,1.358192265857266e-02,NaN,1.641805501483290e-02,8.270388891930408e-04,,,1.699991054532294e-14,3.061743198132468e-15,,solution good enough for the tolerances given,solution good enough for the tolerances given,,1.699991054532294e-14,3.061743198132468e-15,,1.358192265857266e-02,2.151057110211241e-15,1.641805501483290e-02,4.163336342344337e-16,,,1.358192265857266e-02,8.270388891930408e-04,,5.079240036364131e-08,1.410289141527352e+00,5.104900942306076e-01,1.289926608534191e+00,3.644067348058683e-01,8.159722222222222e-01,2.355201660916970e-04,-1.363309465318707e-11,1.000000000013633e+00,1.000000000001535e+00,9.999999999999951e-01,9.999999999995648e-01,9.999999999941260e-01,9.999999998129612e-01,2.366069849633447e-18,1.133501804751392e-18,5.881478069373866e-19,2.252375206910828e-19,1.911983327686867e-34,4.558093792116393e-30,9.998631206976250e-01,1.268717382090512e-29,2.623517519730720e-31,3.473757485463130e-39,4.428379783248989e-08,1.522587533217051e-05,7.172988436669388e-05,4.987925887827297e-05,false
2,3.162000000000000e+14,1,5,CONTINUE,1.480821171950510e-01,2.228770594435319e-02,1.000000000000000e-09,1.480821171950510e-02,2.380486317668263e-14,5.210440601274973e-33,-1.000000004476162e+00,9.900000000000000e-01,,,9.201629726697377e+00,1.961281831596099e+00,5.303022891653977e-01,3.212893417844576e-02,2.329417545833164e+00,REACHED_FORCE,REFINE_STALLED,,1,2,2,1,1,1,,,,5.093059025911270e-02,2.292235446818680e-02,8.546455152253071e-02,4.401052550390162e-02,,,5.107365304417690e-15,1.194780011039614e-15,,solution good enough for the tolerances given,solution good enough for the tolerances given,,5.107365304417690e-15,1.194780011039614e-15,,5.093059025911270e-02,6.383782391594650e-16,8.546455152253071e-02,2.220446049250313e-16,,,9.318428444781129e-03,4.401052550390162e-02,,2.884798093980456e-08,1.410289141527348e+00,5.104900942306076e-01,1.289926608534191e+00,3.644067348058683e-01,8.159722222222222e-01,6.195537724694676e-01,-4.476162107636128e-09,1.000000004476162e+00,1.000000001000177e+00,1.000000000000008e+00,9.999999999999987e-01,9.999999980957259e-01,9.999999952315826e-01,2.635929993763300e-17,9.842501619652317e-18,5.266098962438156e-18,1.647541318123147e-18,1.794544931893759e-37,2.786170595386780e-35,3.594710560569618e-30,9.985543736877881e-01,5.061903424542593e-37,4.748753073508155e-39,7.677328144758409e-08,4.261174438421729e-05,4.038636470828466e-04,9.990741474632688e-04,false
2,1.000000000000000e+15,1,6,CONTINUE,1.480821171950510e-01,2.721242868158485e-02,1.000000000000000e-09,1.480821171950510e-02,2.380486317668263e-14,2.086083153271443e-33,-1.000000002406416e+00,9.224734285841748e-01,,,9.278215330422904e+00,2.201315841884808e+00,1.203883358488700e+00,3.212893417844576e-02,2.329417545833164e+00,REFINE_STALLED,REFINE_STALLED,,1,2,2,1,2,2,,,,1.263557710590775e-01,6.150696511743800e-02,2.144737920820686e-01,1.038749579673978e-01,,,1.718199599436161e-15,7.485005149111434e-16,,solution good enough for the tolerances given,solution good enough for the tolerances given,,1.718199599436161e-15,7.485005149111434e-16,,1.263557710590775e-01,2.567390744445674e-16,2.144737920820686e-01,1.110223024625157e-16,,,3.111343829236057e-02,7.131049869483397e-02,,1.665586478937816e-08,1.410289141527347e+00,5.104900942306076e-01,1.289926608534191e+00,3.644067348058683e-01,8.159722222222222e-01,1.363124685918185e-08,-2.406415955391594e-09,1.000000002406416e+00,1.000000000130155e+00,1.000000000042092e+00,9.999999999999993e-01,9.999999999999982e-01,9.999999999698366e-01,3.569106114615309e-17,1.559876642317029e-17,6.346739777782327e-18,2.086083153271444e-18,7.864930654674987e-36,2.229199603904695e-36,2.373707102802686e-34,9.878283198188943e-01,3.390220449750699e-31,4.542811473929888e-35,4.609412781268434e-06,6.327401661982709e-04,5.771260442329477e-03,5.763070159796900e-03,false
2,3.162000000000000e+15,1,6,CONTINUE,1.480821171950510e-01,1.036119328450129e-01,1.000000000000000e-09,1.480821171950510e-02,2.380486317668263e-14,1.408679555387251e-40,9.599538363300423e-07,9.900000000000000e-01,,,4.849542792182431e-01,5.454853041681798e+00,4.712595562533094e+00,3.212893417844576e-02,2.329417545833164e+00,REFINE_STALLED,REFINE_STALLED,,1,2,2,1,2,2,,,,1.346760497844051e+05,4.007532649882466e-01,1.346760481428053e+05,2.886108941445633e-01,,,4.607982887653565e-10,4.607995814845664e-10,,solution good enough for the tolerances given,solution good enough for the tolerances given,,4.607982887653565e-10,4.607995814845664e-10,,1.346760497844051e+05,4.271043935188956e-11,1.346760481428053e+05,4.271057812976764e-11,,,4.007530343116581e-01,2.886107279540875e-01,,3.162277901780665e-05,1.410289141881883e+00,5.104900942306076e-01,1.289926608534191e+00,3.644067348058683e-01,8.159722222222222e-01,8.515795054819383e-08,3.294486905502936e-10,9.999999996705513e-01,9.999999995517781e-01,9.999999994857143e-01,9.999999994806092e-01,9.999999990980786e-01,9.999999990967379e-01,9.999999990953909e-01,4.573043501192245e-24,1.529891774771151e-24,4.454244754134486e-25,6.160658373368307e-05,1.836944019609549e-10,2.615001911584469e-04,2.055388884130674e-04,2.878515154566569e-01,4.132026629768650e-01,2.984171757191781e-01,2.340480786328961e-15,9.409890347604854e-14,2.040204327083768e-13,false
2,1.000000000000000e+16,1,6,CONTINUE,1.480821171950510e-01,1.036119306399706e-01,1.000000000000000e-09,1.480821171950510e-02,2.380486317668263e-14,4.673790773908525e-41,3.035335160640909e-07,9.900000000000000e-01,,,4.849542792122040e-01,1.532718064561590e+01,1.494251230350888e+01,3.212893417844576e-02,2.329417545833164e+00,REFINE_STALLED,REFINE_STALLED,,1,2,2,1,2,2,,,,4.259204077382423e+05,4.007535804617361e-01,4.259203889132257e+05,2.886109870668070e-01,,,4.607990627758739e-10,4.607994859599479e-10,,solution good enough for the tolerances given,solution good enough for the tolerances given,,4.607990627758739e-10,4.607994859599479e-10,,4.259204077382423e+05,4.271052261861641e-11,4.259203889132257e+05,4.271056425197983e-11,,,4.007535075217123e-01,2.886109345173407e-01,,3.162277736566186e-05,1.410289141881883e+00,5.104900942306076e-01,1.289926608534191e+00,3.644067348058683e-01,8.159722222222222e-01,8.105485176983256e-08,3.294529093977872e-10,9.999999996705471e-01,9.999999995356128e-01,9.999999994857762e-01,9.999999994806865e-01,9.999999990980757e-01,9.999999990967283e-01,9.999999990953874e-01,4.735224120407786e-24,1.466475982144315e-24,4.673790773908525e-25,6.162273927465264e-05,3.559235290459664e-10,2.549773403283149e-04,2.120328679368958e-04,2.877551191058699e-01,4.136122456412745e-01,2.981040019490916e-01,1.427313508544402e-15,4.118664683830528e-14,2.581689426253405e-13,false
2,3.162000000000000e+16,1,6,CONTINUE,1.480821171950510e-01,1.036118526788622e-01,1.000000000000000e-09,1.480821171950510e-02,2.380486317668263e-14,7.769441944768222e-42,9.599493073669709e-08,9.900000000000000e-01,,,4.849542792115993e-01,4.740132393788110e+01,4.685252443211941e+01,3.212893417844576e-02,2.329417545833164e+00,REFINE_STALLED,REFINE_STALLED,,1,2,2,1,2,2,,,,1.346760228916584e+06,4.007536802064300e-01,1.346760204423001e+06,2.886110164514686e-01,,,4.607992862700761e-10,4.607994009896307e-10,,solution good enough for the tolerances given,solution good enough for the tolerances given,,4.607992862700761e-10,4.607994009896307e-10,,1.346760228916584e+06,4.271054343529812e-11,1.346760204423001e+06,4.271055731308593e-11,,,4.007536571387351e-01,2.886109998324052e-01,,3.162277684329609e-05,1.410289141881883e+00,5.104900942306076e-01,1.289926608534191e+00,3.644067348058683e-01,8.159722222222222e-01,4.618758397744160e-08,3.294502448625281e-10,9.999999996705498e-01,9.999999995180577e-01,9.999999994859878e-01,9.999999994809192e-01,9.999999990980781e-01,9.999999990967379e-01,9.999999990953918e-01,5.477163125364929e-24,1.525748769965904e-24,2.456697542935712e-25,6.162113364267903e-05,2.220964904890222e-09,2.345924551077730e-04,2.324283557195915e-04,2.884752088581806e-01,4.127698431024871e-01,2.982263038736113e-01,1.492414019199173e-15,7.618005545702632e-14,2.082415862941164e-13,false
2,1.000000000000000e+17,1,6,CONTINUE,1.480821171950510e-01,1.036115837733620e-01,1.000000000000000e-09,1.480821171950510e-02,2.380486317668263e-14,4.581088805993510e-42,3.035329023389592e-08,9.900000000000000e-01,,,4.849542792115384e-01,1.501687386225569e+02,1.486429870091583e+02,3.212893417844576e-02,2.329417545833164e+00,REFINE_STALLED,REFINE_STALLED,,1,2,2,1,2,2,,,,4.259203153130287e+06,4.007537117538114e-01,4.259203408017540e+06,2.886110258566837e-01,,,4.607993472888407e-10,4.607993803188288e-10,,solution good enough for the tolerances given,solution good enough for the tolerances given,,4.607993472888407e-10,4.607993803188288e-10,,4.259203153130287e+06,4.271055037419202e-11,4.259203408017540e+06,4.271055731308593e-11,,,4.007537044598053e-01,2.886110206017355e-01,,3.162277667808160e-05,1.410289141881883e+00,5.104900942306076e-01,1.289926608534191e+00,3.644067348058683e-01,8.159722222222222e-01,6.671254425253793e-08,3.294535755316019e-10,9.999999996705464e-01,9.999999995622126e-01,9.999999994858990e-01,9.999999994808264e-01,9.999999990980772e-01,9.999999990967328e-01,9.999999990953887e-01,5.219861703027654e-24,1.601403377137551e-24,4.581088805993510e-25,6.162429283399870e-05,5.443348331703933e-11,2.428867615942693e-04,2.241331378881735e-04,2.890669366898224e-01,4.133383084372294e-01,2.970661106259014e-01,8.819735738078433e-16,3.239106140828782e-14,2.635077237328021e-13,false
2,3.162000000000000e+17,1,6,CONTINUE,1.480821171950510e-01,1.036107265101259e-01,1.000000000000000e-09,1.480821171950510e-02,2.380486317668263e-14,2.692587566264722e-42,9.599551303273406e-09,9.900000000000000e-01,,,4.849542792115319e-01,4.773275252395478e+02,4.725462078406040e+02,3.212893417844576e-02,2.329417545833164e+00,REFINE_STALLED,REFINE_STALLED,,1,2,2,1,2,2,,,,1.346760278603437e+07,4.007537217282840e-01,1.346760234157539e+07,2.886110286514256e-01,,,4.607993911657538e-10,4.607993902950027e-10,,solution good enough for the tolerances given,solution good enough for the tolerances given,,4.607993911657538e-10,4.607993902950027e-10,,1.346760278603437e+07,4.271055731308593e-11,1.346760234157539e+07,4.271055731308593e-11,,,4.007537194215141e-01,2.886110269895191e-01,,3.162277662584502e-05,1.410289141881883e+00,5.104900942306076e-01,1.289926608534191e+00,3.644067348058683e-01,8.159722222222222e-01,6.311903719421734e-08,3.294482464610837e-10,9.999999996705518e-01,9.999999995890918e-01,9.999999994857802e-01,9.999999994806903e-01,9.999999990980795e-01,9.999999990967390e-01,9.999999990953914e-01,5.915043230204668e-24,2.086440022877211e-24,8.513961884529051e-25,6.161982290510424e-05,7.678318801566090e-11,2.547019736825095e-04,2.123208680351033e-04,2.876158606315977e-01,4.133562354946153e-01,2.984992611320840e-01,2.988350484863544e-15,1.041965474891152e-13,1.899968040791504e-13,false
2,1.000000000000000e+18,1,6,CONTINUE,1.480821171950510e-01,1.036080128214748e-01,1.000000000000000e-09,1.480821171950510e-02,2.380486317668263e-14,4.605454403110963e-43,3.035353572543771e-09,9.900000000000000e-01,,,4.849542792115315e-01,1.508019600563332e+03,1.492936386492534e+03,3.212893417844576e-02,2.329417545833164e+00,REFINE_STALLED,REFINE_STALLED,,1,2,2,1,2,2,,,,4.259203484532925e+07,4.007537248830225e-01,4.259203437752117e+07,2.886110295944575e-01,,,4.607993900960525e-10,4.607994001877626e-10,,solution good enough for the tolerances given,solution good enough for the tolerances given,,4.607993900960525e-10,4.607994001877626e-10,,4.259203484532925e+07,4.271055731308593e-11,4.259203437752117e+07,4.271055731308593e-11,,,4.007537241536218e-01,2.886110290689627e-01,,3.162277660932358e-05,1.410289141881883e+00,5.104900942306076e-01,1.289926608534191e+00,3.644067348058683e-01,8.159722222222222e-01,9.404549130481697e-08,3.294509109963428e-10,9.999999996705491e-01,9.999999995824072e-01,9.999999994860016e-01,9.999999994809314e-01,9.999999990980761e-01,9.999999990967290e-01,9.999999990953881e-01,4.012287426562499e-24,1.614235851016900e-24,4.605454403110963e-25,6.162006204730955e-05,4.158790213587778e-11,2.333916346780340e-04,2.336183201586190e-04,2.875001775393889e-01,4.132737022309138e-01,2.986974901709260e-01,3.730083253253069e-15,7.733190069020514e-14,2.193461647328709e-13,false
3,1.000000000000000e+00,0,7,CONTINUE,2.202396177615891e-02,3.332450157151319e-03,1.000000000000000e-09,2.202396177615891e-03,2.222046451934492e-14,1.004021157323728e+00,5.613397326105557e+01,9.900000000000000e-01,,,5.608050612819649e+00,3.013580667949108e-01,1.705550766964339e-01,2.836833960259076e-02,2.139864873078348e+00,REACHED_FORCE,REACHED_FORCE,,4,0,0,3,0,0,,,,8.893663415547592e-05,NaN,1.621480974046546e-04,NaN,,,1.712563476842025e-01,4.408683913027082e-02,,solution good enough for the tolerances given,solution good enough for the tolerances given,,4.094396728979504e-04,8.037148079213334e-04,,3.608224830031759e-16,8.893663415547592e-05,3.538835890992686e-16,1.621480974046546e-04,,,8.893663415547592e-05,1.621480974046546e-04,,3.572303851062744e-01,1.787860733453345e+00,4.498600654100244e-03,1.289926608534179e-02,2.887604851449906e-01,7.760416666666666e-01,1.366446965212698e-01,1.750272111184736e-02,9.824972788881526e-01,9.240869021428574e-01,8.526564718912270e-01,8.083167276253092e-01,7.464989258229288e-01,6.956313405651074e-01,6.362449760464463e-01,5.799078867001310e-01,5.250735956224750e-01,5.010032721733083e-01,6.822913372053051e-05,7.619737621216173e-05,1.596697317699551e-01,1.665438864560560e-01,2.424414851534894e-01,2.264239812525815e-01,1.036038008220556e-01,6.321517510324888e-02,3.565246357832656e-02,2.305049354354351e-03,false
3,3.162000000000000e+00,0,5,CONTINUE,2.202396177615891e-02,3.332447795861496e-03,1.000000000000000e-09,2.202396177615891e-03,2.222046451934492e-14,9.887330593281931e-01,5.137896478281537e+01,9.900000000000000e-01,,,5.608270692844653e+00,3.012111267175782e-01,1.707035597750504e-01,2.836833960259076e-02,2.139864873078348e+00,REACHED_FORCE,REACHED_FORCE,,3,0,0,2,0,0,,,,5.030031898811682e-05,NaN,1.593288512469065e-04,NaN,,,6.689455537092012e-02,1.720938260907125e-02,,solution good enough for the tolerances given,solution good enough for the tolerances given,,2.242410812467208e-04,8.963856987204285e-04,,1.037798319503125e-15,5.030031898811682e-05,1.491862189340054e-15,1.593288512469065e-04,,,5.030031898811682e-05,1.593288512469065e-04,,2.250015742869594e-01,1.539783828927427e+00,4.498600654100244e-03,1.289926608534179e-02,2.887604851449906e-01,7.760416666666666e-01,6.918549693044188e-02,6.117693909239330e-03,9.938823060907607e-01,9.485398221237612e-01,9.320945002413089e-01,9.062549433558647e-01,8.823665511584341e-01,8.522974206282978e-01,8.194586346578537e-01,7.970046269286197e-01,7.757355526328010e-01,7.576564760991997e-01,5.125812203416214e-05,1.213025720179249e-01,1.375156230862591e-01,2.061276580478379e-01,2.521514315161522e-01,1.300916024748186e-01,8.259160161071723e-02,2.243857951590903e-02,4.593791684897143e-02,1.791756759375395e-03,false
3,1.000000000000000e+01,0,4,CONTINUE,2.202396177615891e-02,3.332450260363469e-03,1.000000000000000e-09,2.202396177615891e-03,2.222046451934492e-14,6.492068144535553e-03,3.295687761332317e+01,9.900000000000000e-01,,,5.608142428656496e+00,3.013897344044905e-01,1.705213767032548e-01,2.836833960259076e-02,2.139864873078348e+00,REACHED_FORCE,REACHED_FORCE,,2,0,0,2,0,0,,,,8.436089103897038e-05,NaN,2.177550546894613e-05,NaN,,,2.298186492722325e-02,5.918321270114901e-03,,solution good enough for the tolerances given,solution good enough for the tolerances given,,4.343937138510490e-04,1.119994776331822e-04,,3.970782036510911e-15,8.436089103897038e-05,4.209306514457722e-15,2.177550546894613e-05,,,8.436089103897038e-05,2.177550546894613e-05,,1.339869249554531e-01,1.452493969306773e+00,4.498600654100244e-03,1.289926608534179e-02,2.887604851449906e-01,7.760416666666666e-01,9.368316474552724e-01,3.025089095519906e-03,9.969749109044801e-01,9.827694768928119e-01,9.750398903289103e-01,9.638760601246747e-01,9.524453654967974e-01,9.387781231589514e-01,9.288350406872640e-01,9.164144246475177e-01,9.082818413360386e-01,6.096292670102194e-02,7.308233496948504e-05,1.340960072668085e-01,1.645561808425486e-01,3.055136229271496e-01,1.892298681302486e-01,9.606381592661414e-02,5.134956971337437e-02,5.675358126565438e-02,2.364271592632129e-03,8.026186051752654e-29,false
3,3.162000000000000e+01,0,3,CONTINUE,2.202396177615891e-02,3.332479753045885e-03,1.000000000000000e-09,2.202396177615891e-03,2.222046451934492e-14,5.129182018601241e-13,2.554702461935296e+01,9.900000000000000e-01,,,5.605615084889785e+00,3.005745024153971e-01,1.713322859019140e-01,2.836833960259076e-02,2.139864873078348e+00,REACHED_FORCE,REACHED_FORCE,,2,0,0,1,0,0,,,,9.405623241337535e-06,NaN,1.888589465910001e-04,NaN,,,7.479352148467724e-03,1.923605145762729e-03,,solution good enough for the tolerances given,solution good enough for the tolerances given,,4.694857589658158e-05,1.923605145762729e-03,,1.414406786137690e-14,9.405623241337535e-06,1.699682061762076e-14,1.888589465910001e-04,,,9.405623241337535e-06,1.888589465910001e-04,,7.701328703894542e-02,1.423773419760062e+00,4.498600654100244e-03,1.289926608534179e-02,2.887604851449906e-01,7.760416666666666e-01,9.904331582743076e-01,1.236404315064887e-03,9.987635956849351e-01,9.944431672008311e-01,9.917310350569806e-01,9.879990201608874e-01,9.839461947328292e-01,9.790705595602595e-01,9.756721037642772e-01,9.719130439111879e-01,9.690003852493576e-01,1.621847354255408e-11,1.024691663294546e-04,1.368033152828585e-01,1.707002901245619e-01,3.132197116428987e-01,1.798536632649381e-01,1.007159163889347e-01,3.777594289410897e-02,5.849351086705980e-02,2.335180368309460e-03,2.089358916070840e-28,false
3,1.000000000000000e+02,0,3,CONTINUE,2.202396177615891e-02,3.332459960171773e-03,1.000000000000000e-09,2.202396177615891e-03,2.222046451934492e-14,2.233476526717184e-23,2.327699033072405e+01,9.900000000000000e-01,,,5.607320645917674e+00,3.011450490712683e-01,1.707643018750036e-01,2.836833960259076e-02,2.139864873078348e+00,REACHED_FORCE,REACHED_FORCE,,2,0,0,1,0,0,,,,9.745334364069658e-07,NaN,6.027846899053779e-05,NaN,,,2.387171434519364e-03,6.138471561734270e-04,,solution good enough for the tolerances given,solution good enough for the tolerances given,,4.815107940239693e-06,6.138471561734270e-04,,3.963322725564211e-14,9.745334364069658e-07,4.894175342773366e-14,6.027846899053779e-05,,,9.745334364069658e-07,6.027846899053779e-05,,4.362610768184216e-02,1.414566941444719e+00,4.498600654100244e-03,1.289926608534179e-02,2.887604851449906e-01,7.760416666666666e-01,9.970270059234139e-01,4.294243205317239e-04,9.995705756794683e-01,9.982311701501487e-01,9.973435929021959e-01,9.961437728728380e-01,9.948158762257729e-01,9.932168000351164e-01,9.920832645273564e-01,9.909380981986986e-01,9.899796723712277e-01,2.233476526717184e-21,1.192465348840561e-04,1.378029010666312e-01,1.729636294494561e-01,3.145831820445548e-01,1.769544046885488e-01,1.027241144087164e-01,3.373091278489580e-02,5.880053524040845e-02,2.321073781904578e-03,1.952064513917927e-27,false
3,3.162000000000000e+02,0,2,CONTINUE,2.202396177615891e-02,3.332453145894056e-03,1.000000000000000e-09,2.202396177615891e-03,2.222046451934492e-14,1.469213551031732e-32,2.258026975518753e+01,9.900000000000000e-01,,,5.607865385435127e+00,3.013285073316814e-01,1.705817856058146e-01,2.836833960259076e-02,2.139864873078348e+00,REACHED_FORCE,REACHED_FORCE,,1,0,0,1,0,0,,,,7.461477197207023e-05,NaN,1.922338776885746e-05,NaN,,,7.572123921458788e-04,1.957562563536083e-04,,solution good enough for the tolerances given,solution good enough for the tolerances given,,7.572123921458788e-04,1.957562563536083e-04,,7.932023093903950e-14,7.461477197207023e-05,1.050166897886839e-13,1.922338776885746e-05,,,7.461477197207023e-05,1.922338776885746e-05,,2.459228183050320e-02,1.411643439459690e+00,4.498600654100244e-03,1.289926608534179e-02,2.887604851449906e-01,7.760416666666666e-01,2.245022693173102e-01,1.400387373022838e-04,9.998599612626977e-01,9.994393852556390e-01,9.991555768124003e-01,9.987741672325122e-01,9.983495191528774e-01,9.978381439962412e-01,9.974723649203151e-01,9.971154783051601e-01,9.968085294825512e-01,4.645653248362338e-30,1.257593249157479e-04,1.381334359472872e-01,1.737132022294050e-01,3.148950455900670e-01,1.760396338390110e-01,1.033365422675806e-01,3.258631823754016e-02,5.885412459082934e-02,2.315937973363472e-03,2.014174890905520e-26,true
3,1.000000000000000e+03,0,2,CONTINUE,2.202396177615891e-02,3.332451199503738e-03,1.000000000000000e-09,2.202396177615891e-03,2.222046451934492e-14,1.047627129088378e-32,2.236239202417025e+01,9.900000000000000e-01,,,5.608039292692617e+00,3.013865413045148e-01,1.705240564266637e-01,2.836833960259076e-02,2.139864873078348e+00,REACHED_FORCE,REACHED_FORCE,,1,0,0,1,0,0,,,,2.361545212686833e-05,NaN,6.061847247801344e-06,NaN,,,2.396573728290507e-04,6.172959907612802e-05,,solution good enough for the tolerances given,solution good enough for the tolerances given,,2.396573728290507e-04,6.172959907612802e-05,,3.797621939138907e-13,2.361545212686833e-05,3.121027741803672e-13,6.061847247801344e-06,,,2.361545212686833e-05,6.061847247801344e-06,,1.383912978750384e-02,1.410717512967063e+00,4.498600654100244e-03,1.289926608534179e-02,2.887604851449906e-01,7.760416666666666e-01,2.756675710709006e-04,4.471593570953836e-05,9.999552840642905e-01,9.998226111375487e-01,9.997325567378661e-01,9.996117595452985e-01,9.994770149929176e-01,9.993147561125524e-01,9.991983215687499e-01,9.990860307522051e-01,9.989885865101057e-01,1.047627129088378e-29,1.279620895739237e-04,1.382394161811784e-01,1.739537063052285e-01,3.149814652302920e-01,1.757504299327747e-01,1.035256256681446e-01,3.224133246424071e-02,5.886582057857859e-02,2.314241549988427e-03,2.291728960299161e-25,false
3,3.162000000000000e+03,0,2,CONTINUE,2.202396177615891e-02,3.332450595712388e-03,1.000000000000000e-09,2.202396177615891e-03,2.222046451934492e-14,1.214239225941346e-32,2.229376370496176e+01,9.900000000000000e-01,,,5.608094087307022e+00,3.014048103329367e-01,1.705058849785227e-01,2.836833960259076e-02,2.139864873078348e+00,REACHED_FORCE,REACHED_FORCE,,1,0,0,1,0,0,,,,7.470746110210813e-06,NaN,1.915429309509720e-06,NaN,,,7.581568753526509e-05,1.950542282813365e-05,,solution good enough for the tolerances given,solution good enough for the tolerances given,,7.581568753526509e-05,1.950542282813365e-05,,6.462105156535003e-13,7.470746110210813e-06,8.082701175027296e-13,1.915429309509720e-06,,,7.470746110210813e-06,1.915429309509720e-06,,7.784524694914070e-03,1.410424630621467e+00,4.498600654100244e-03,1.289926608534179e-02,2.887604851449906e-01,7.760416666666666e-01,8.725018230930518e-05,1.418562842836479e-05,9.999858143715716e-01,9.999438875042613e-01,9.999153757789974e-01,9.998771534680774e-01,9.998344926351643e-01,9.997831212974209e-01,9.997462192538563e-01,9.997107632281043e-01,9.996799071603389e-01,3.839424432426535e-29,1.286736446227721e-04,1.382730681150267e-01,1.740300916091965e-01,3.150075593447794e-01,1.756590013211251e-01,1.035848821485058e-01,3.213406556782560e-02,5.886896040288613e-02,2.313697846032039e-03,2.522283639485507e-24,false
3,1.000000000000000e+04,0,2,CONTINUE,2.202396177615891e-02,3.332450405918247e-03,1.000000000000000e-09,2.202396177615891e-03,2.222046451934492e-14,8.029639485263199e-33,1.775745688079666e+01,9.900000000000000e-01,,,5.608111398701401e+00,3.014105804627576e-01,1.705001458303495e-01,2.836833960259076e-02,2.139864873078348e+00,REACHED_FORCE,REACHED_FORCE,,1,0,0,1,0,0,,,,2.362472892314393e-06,NaN,6.054922398468499e-07,NaN,,,2.397519346840610e-05,6.165922432135956e-06,,solution good enough for the tolerances given,solution good enough for the tolerances given,,2.397519346840610e-05,6.165922432135956e-06,,2.188978165396094e-12,2.362472892314393e-06,2.681934535564423e-12,6.054922398468499e-07,,,2.362472892314393e-06,6.054922398468499e-07,,4.377700323627251e-03,1.410331984604994e+00,4.498600654100244e-03,1.289926608534179e-02,2.887604851449906e-01,7.760416666666666e-01,3.296177358705632e-03,5.631405303740955e-06,9.999943685946963e-01,9.999821110563202e-01,9.999724898614591e-01,9.999603255501027e-01,9.999462474219333e-01,9.999296956882491e-01,9.999156032914726e-01,9.999080593609952e-01,9.998984682789493e-01,8.029639485263199e-29,2.150883396557303e-04,1.450313757452825e-01,1.845770610572582e-01,3.180849941040823e-01,1.667424850486120e-01,1.047581505439001e-01,2.688839215430757e-02,5.171908945230833e-02,1.983363554593413e-03,2.588613829506139e-23,false
3,3.162000000000000e+04,0,2,CONTINUE,2.202396177615891e-02,3.332450346051063e-03,1.000000000000000e-09,2.202396177615891e-03,2.222046451934492e-14,1.032922510339540e-32,9.734566227731902e+00,9.900000000000000e-01,,,5.608116870166236e+00,3.014124040369237e-01,1.704983320637990e-01,2.836833960259076e-02,2.139864873078348e+00,REACHED_FORCE,REACHED_FORCE,,1,0,0,1,0,0,,,,7.471674254994065e-07,NaN,1.914736177804910e-07,NaN,,,7.582514950604503e-06,1.949837828539424e-06,,solution good enough for the tolerances given,solution good enough for the tolerances given,,7.582514950604503e-06,1.949837828539424e-06,,9.400808256843085e-12,7.471674254994065e-07,1.343017927771251e-11,1.914736177804910e-07,,,7.471674254994065e-07,1.914736177804910e-07,,2.461929034413897e-03,1.410302691030377e+00,4.498600654100244e-03,1.289926608534179e-02,2.887604851449906e-01,7.760416666666666e-01,9.999887974463251e-01,3.248778626896431e-06,9.999967512213731e-01,9.999941255205601e-01,9.999903978845035e-01,9.999864741169160e-01,9.999814963205302e-01,9.999766681977008e-01,9.999712394540250e-01,9.999681711296659e-01,4.708731912551467e-06,3.266100977693624e-28,2.053179491229096e-03,1.697346405636846e-01,2.317587354784336e-01,3.048275151664151e-01,1.376747654022675e-01,8.645995805731932e-02,6.441876310318537e-02,3.072442737464975e-03,8.554928625528515e-56,2.779116180194081e-22,false
3,1.000000000000000e+05,0,2,CONTINUE,2.202396177615891e-02,3.332450327258047e-03,1.000000000000000e-09,2.202396177615891e-03,2.222046451934492e-14,1.121621622602450e-32,9.733647406064142e+00,9.900000000000000e-01,,,5.608118600360281e+00,3.014129807489251e-01,1.704977584553817e-01,2.836833960259076e-02,2.139864873078348e+00,REACHED_FORCE,REACHED_FORCE,,1,0,0,1,0,0,,,,2.362565700297914e-07,NaN,6.054229227669961e-08,NaN,,,2.397613963204725e-06,6.165217918860145e-07,,solution good enough for the tolerances given,solution good enough for the tolerances given,,2.397613963204725e-06,6.165217918860145e-07,,2.168872460101001e-11,2.362565700297914e-07,2.116760239312399e-11,6.054229227669961e-08,,,2.362565700297914e-07,6.054229227669961e-08,,1.384394175329796e-03,1.410293425894467e+00,4.498600654100244e-03,1.289926608534179e-02,2.887604851449906e-01,7.760416666666666e-01,9.999972021522477e-01,1.027363054073582e-06,9.999989726369459e-01,9.999981424642528e-01,9.999969637372758e-01,9.999957230218924e-01,9.999941489956800e-01,9.999926223358455e-01,9.999909057311633e-01,9.999899354835027e-01,4.449223379275059e-16,1.121621622602450e-27,2.054188969101462e-03,1.697373315273317e-01,2.317661930817362e-01,3.048211194941230e-01,1.376710813343612e-01,8.645794980692034e-02,6.441973384174693e-02,3.072401944678927e-03,7.599709590879213e-45,2.702601072064428e-21,false
3,3.162000000000000e+05,0,2,CONTINUE,2.202396177615891e-02,3.332450321808449e-03,1.000000000000000e-09,2.202396177615891e-03,2.222046451934492e-14,1.405282350024188e-32,9.733357047646720e+00,9.900000000000000e-01,,,5.608119146754592e+00,3.014131631638939e-01,1.704975770232523e-01,2.836833960259076e-02,2.139864873078348e+00,REACHED_FORCE,REACHED_FORCE,,1,0,0,1,0,0,,,,7.471767084210601e-08,NaN,1.914666847291357e-08,NaN,,,7.582609589836629e-07,1.949767360409096e-07,,solution good enough for the tolerances given,solution good enough for the tolerances given,,7.582609589836629e-07,1.949767360409096e-07,,7.917927988612683e-11,7.471767084210601e-08,1.018259283315504e-10,1.914666847291357e-08,,,7.471767084210601e-08,1.914666847291357e-08,,7.785381058100573e-04,1.410290496483586e+00,4.498600654100244e-03,1.289926608534179e-02,2.887604851449906e-01,7.760416666666666e-01,9.363534136669062e-01,3.249191724563616e-07,9.999996750808275e-01,9.999994125415040e-01,9.999990397577283e-01,9.999986473726155e-01,9.999981495734149e-01,9.999976667580536e-01,9.999971238687296e-01,9.999968170181870e-01,4.919601471684235e-26,4.443502790776482e-27,2.054508031238988e-03,1.697381831565534e-01,2.317685510921681e-01,3.048190968615064e-01,1.376699163039108e-01,8.645731460960714e-02,6.442004088485050e-02,3.072389060165267e-03,7.765576319078101e-23,2.011461575951003e-20,false
3,1.000000000000000e+06,0,2,CONTINUE,2.202396177615891e-02,3.332450320791222e-03,1.000000000000000e-09,2.202396177615891e-03,2.222046451934492e-14,4.806551109924067e-33,9.733265457219797e+00,9.900000000000000e-01,,,5.608119318965238e+00,3.014132209189854e-01,1.704975195797112e-01,2.836833960259076e-02,2.139864873078348e+00,REACHED_FORCE,REACHED_FORCE,,1,0,0,1,0,0,,,,2.362574980097065e-08,NaN,6.054159965018791e-09,NaN,,,2.397623426269425e-07,6.165147468847914e-08,,solution good enough for the tolerances given,solution good enough for the tolerances given,,2.397623426269425e-07,6.165147468847914e-08,,1.901252627556360e-10,2.362574980097065e-08,2.746903013210733e-10,6.054159965018791e-09,,,2.362574980097065e-08,6.054159965018791e-09,,4.377852619954547e-04,1.410289569964652e+00,4.498600654100244e-03,1.289926608534179e-02,2.887604851449906e-01,7.760416666666666e-01,2.710706332456177e-05,1.027404319398073e-07,9.999998972595681e-01,9.999998142453712e-01,9.999996963706574e-01,9.999995722982833e-01,9.999994148937047e-01,9.999992622274143e-01,9.999990905654503e-01,9.999989935388737e-01,1.983457742649046e-26,4.806551109924067e-27,2.054609062958978e-03,1.697384490821025e-01,2.317692995877088e-01,3.048184564445209e-01,1.376695486736103e-01,8.645711429434164e-02,6.442013789404477e-02,3.072384960711899e-03,3.043751555796008e-20,2.246723071971751e-19,false
3,3.162000000000000e+06,0,2,CONTINUE,2.202396177615891e-02,3.332450321282692e-03,1.000000000000000e-09,2.202396177615891e-03,2.222046451934492e-14,2.467194948570741e-33,9.733297528720749e+00,9.900000000000000e-01,,,5.608119373455904e+00,3.014132385300750e-01,1.704975020550734e-01,2.836833960259076e-02,2.139864873078348e+00,REACHED_FORCE,REACHED_FORCE,,1,0,0,1,0,0,,,,7.471776392042884e-09,NaN,1.914659930601914e-09,NaN,,,7.582619044681750e-08,1.949760305435359e-08,,solution good enough for the tolerances given,solution good enough for the tolerances given,,7.582619044681750e-08,1.949760305435359e-08,,6.917051935569074e-10,7.471776392042884e-09,6.567224537616656e-10,1.914659930601914e-09,,,7.471776392042884e-09,1.914659930601914e-09,,2.461956123424895e-04,1.410289277023030e+00,4.498600654100244e-03,1.289926608534179e-02,2.887604851449906e-01,7.760416666666666e-01,8.582676856847238e-08,3.249212543465774e-08,9.999999675078746e-01,9.999999412540728e-01,9.999999039755237e-01,9.999998647368878e-01,9.999998149567811e-01,9.999997666751933e-01,9.999997123861075e-01,9.999996817008709e-01,3.497947578475785e-26,7.801270427380683e-27,2.054592015551966e-03,1.697382871053309e-01,2.317695547744147e-01,3.048184227622470e-01,1.376695087249289e-01,8.645707194279743e-02,6.442017663268997e-02,3.072386042038816e-03,6.833864728526085e-19,1.499513321861812e-18,false
3,1.000000000000000e+07,0,2,CONTINUE,2.202396177615891e-02,3.332450321767706e-03,1.000000000000000e-09,2.202396177615891e-03,2.222046451934492e-14,6.582544693725175e-33,9.700888136565936e+00,9.900000000000000e-01,,,5.608119389530495e+00,3.014132444390477e-01,1.704974961695013e-01,2.836833960259076e-02,2.139864873078348e+00,REACHED_FORCE,REACHED_FORCE,,1,0,0,1,0,0,,,,2.362576009828921e-09,NaN,2.313868695171667e-09,NaN,,,2.397624369816934e-08,6.165140401774367e-09,,solution good enough for the tolerances given,solution good enough for the tolerances given,,2.397624369816934e-08,6.165140401774367e-09,,1.861916629989496e-09,2.362576009828921e-09,2.313868695171667e-09,6.054153567358611e-10,,,2.362576009828921e-09,2.313868695171667e-09,,1.384398993340835e-04,1.410289184371083e+00,4.498600654100244e-03,1.289926608534179e-02,2.887604851449906e-01,7.760416666666666e-01,1.086265788973301e-05,1.030833440829326e-08,9.999999896916656e-01,9.999999814181862e-01,9.999999696179862e-01,9.999999572105784e-01,9.999999414656897e-01,9.999999262118868e-01,9.999999090545858e-01,9.999998993507541e-01,2.401878062754373e-25,6.582544693725175e-26,2.091740681185626e-03,1.698991158164819e-01,2.320811558702870e-01,3.045965953387307e-01,1.375084305437971e-01,8.634650792877460e-02,6.440815267901152e-02,3.068301141730674e-03,2.471020683394137e-18,1.811827226438549e-17,false
3,3.162000000000000e+07,0,2,CONTINUE,2.202396177615891e-02,3.332450303660492e-03,1.000000000000000e-09,2.202396177615891e-03,2.222046451934492e-14,3.461114255457195e-33,6.131710727143162e+00,9.900000000000000e-01,,,5.608119430970786e+00,3.014132371040721e-01,1.704975032739228e-01,2.836833960259076e-02,2.139864873078348e+00,REACHED_FORCE,REACHED_FORCE,,1,0,0,1,0,0,,,,7.668674635412376e-09,NaN,1.020513770537412e-08,NaN,,,7.582619791873333e-09,1.949759514473949e-09,,solution good enough for the tolerances given,solution good enough for the tolerances given,,7.582619791873333e-09,1.949759514473949e-09,,7.668674635412376e-09,7.471777779821664e-10,1.020513770537412e-08,1.914659819579612e-10,,,7.668674635412376e-09,1.020513770537412e-08,,7.785389640557697e-05,1.410289155076915e+00,4.498600654100244e-03,1.289926608534179e-02,2.887604851449906e-01,7.760416666666666e-01,5.252208419655217e-01,5.157704707769994e-09,9.999999948422953e-01,9.999999928491576e-01,9.999999883849255e-01,9.999999836526784e-01,9.999999776223011e-01,9.999999714921493e-01,9.999999685891612e-01,7.241430550516056e-01,5.281229389034513e-25,1.094404327575565e-25,7.392976154654783e-02,1.774248999927122e-01,3.441985369335430e-01,2.148282173617821e-01,1.163606164878252e-01,6.785669408800167e-02,5.401273589588741e-03,5.648527186092621e-48,4.326923260905058e-17,1.438053756582271e-16,false
3,1.000000000000000e+08,0,2,CONTINUE,2.202396177615891e-02,3.332450352663526e-03,1.000000000000000e-09,2.202396177615891e-03,2.222046451934492e-14,2.486482961295158e-33,6.131406497370929e+00,9.900000000000000e-01,,,5.608119375046859e+00,3.014132443444126e-01,1.704974961411174e-01,2.836833960259076e-02,2.139864873078348e+00,REACHED_FORCE,REACHED_FORCE,,1,0,0,1,0,0,,,,1.335296937084174e-08,NaN,2.013364752955632e-08,NaN,,,2.397624434849719e-09,6.165139743157492e-10,,solution good enough for the tolerances given,solution good enough for the tolerances given,,2.397624434849719e-09,6.165139743157492e-10,,1.335296937084174e-08,2.362576939640704e-10,2.013364752955632e-08,6.054162726698564e-11,,,1.335296937084174e-08,2.013364752955632e-08,,4.377854137391449e-05,1.410289145811720e+00,4.498600654100244e-03,1.289926608534179e-02,2.887604851449906e-01,7.760416666666666e-01,9.999999977944030e-01,1.630947155106810e-09,9.999999983690528e-01,9.999999977387599e-01,9.999999963272355e-01,9.999999948309231e-01,9.999999929241541e-01,9.999999909858026e-01,9.999999900678567e-01,5.810664604245980e-10,1.401028919655332e-24,2.486482961295158e-25,7.396024023466921e-02,1.774135344296447e-01,3.441933870390201e-01,2.148164447450182e-01,1.163590611809246e-01,6.785676841487255e-02,5.400563955849402e-03,7.190030883707463e-48,5.733787214581508e-16,1.575647275989027e-15,false
3,3.162000000000000e+08,0,2,CONTINUE,2.202396177615891e-02,3.332450245769619e-03,1.000000000000000e-09,2.202396177615891e-03,2.222046451934492e-14,6.107830338782653e-33,6.092320637844388e+00,9.900000000000000e-01,,,5.608119497771800e+00,3.014131622143367e-01,1.704975769158833e-01,2.836833960259076e-02,2.139864873078348e+00,REACHED_FORCE,REACHED_FORCE,,1,0,0,1,0,0,,,,6.127908356960698e-08,NaN,6.672685063345563e-08,NaN,,,7.582618648321932e-10,1.949758288198664e-10,,solution good enough for the tolerances given,solution good enough for the tolerances given,,7.582618648321932e-10,1.949758288198664e-10,,6.127908356960698e-08,7.471767649036565e-11,6.672685063345563e-08,1.914653158241464e-11,,,6.127908356960698e-08,6.672685063345563e-08,,2.461956522948706e-05,1.410289142882303e+00,4.498600654100244e-03,1.289926608534179e-02,2.887604851449906e-01,7.760416666666666e-01,9.998503311605051e-01,5.191052032671450e-10,9.999999994808948e-01,9.999999992794044e-01,9.999999988357267e-01,9.999999983625547e-01,9.999999977610530e-01,9.999999971487630e-01,9.999999968582634e-01,1.178602344500463e-20,7.094541402264762e-24,1.931295953123075e-24,7.788313254264018e-02,1.755191529922887e-01,3.440320967178886e-01,2.133857647496576e-01,1.160174568625100e-01,6.780486149024853e-02,5.357534644741711e-03,3.732730276293907e-29,6.660102904645862e-15,1.943164291651959e-14,false
3,1.000000000000000e+09,0,2,CONTINUE,2.202396177615891e-02,3.332450083590040e-03,1.000000000000000e-09,2.202396177615891e-03,2.222046451934492e-14,5.674229574765085e-33,6.124713220758395e+00,9.900000000000000e-01,,,5.608119973719782e+00,3.014129665193949e-01,1.704977685499048e-01,2.836833960259076e-02,2.139864873078348e+00,REACHED_FORCE,REACHED_FORCE,,1,0,0,1,0,0,,,,1.734937622086506e-07,NaN,2.242082069526044e-07,NaN,,,2.397623123155769e-10,6.165125054283738e-11,,solution good enough for the tolerances given,solution good enough for the tolerances given,,2.397623123155769e-10,6.165125054283738e-11,,1.734937622086506e-07,2.362576800862826e-11,2.242082069526044e-07,6.054157175583441e-12,,,1.734937622086506e-07,2.242082069526044e-07,,1.384399204431766e-05,1.410289141955783e+00,4.498600654100244e-03,1.289926608534179e-02,2.887604851449906e-01,7.760416666666666e-01,1.459849586618113e-04,1.632729507150543e-10,9.999999998367270e-01,9.999999997735718e-01,9.999999996325455e-01,9.999999994829296e-01,9.999999992923445e-01,9.999999990985562e-01,9.999999990067472e-01,4.411490721157035e-23,1.678755700629798e-23,5.674229574765085e-24,7.460996454513906e-02,1.771675118780731e-01,3.441553906429001e-01,2.145366253636048e-01,1.162887735305755e-01,6.784983661582195e-02,5.391897423697687e-03,3.740219593690358e-15,5.577421251804970e-14,1.286965832133695e-13,false
3,3.162000000000000e+09,0,2,CONTINUE,2.202396177615891e-02,3.332448875978977e-03,1.000000000000000e-09,2.202396177615891e-03,2.222046451934492e-14,3.409256143719709e-33,6.235037438238137e+00,9.900000000000000e-01,,,5.608122197514049e+00,3.014124598760226e-01,1.704982617836452e-01,2.836833960259076e-02,2.139864873078348e+00,REACHED_FORCE,REACHED_FORCE,,1,0,0,1,0,0,,,,4.208241038334594e-07,NaN,6.164251590608932e-07,NaN,,,7.582606928544120e-11,1.949747773765452e-11,,solution good enough for the tolerances given,solution good enough for the tolerances given,,7.582606928544120e-11,1.949747773765452e-11,,4.208241038334594e-07,7.471759322363880e-12,6.164251590608932e-07,1.914607361541698e-12,,,4.208241038334594e-07,6.164251590608932e-07,,7.785391363299057e-06,1.410289141662842e+00,4.498600654100244e-03,1.289926608534179e-02,2.887604851449906e-01,7.760416666666666e-01,2.183841028652677e-09,5.072231523683968e-11,9.999999999492777e-01,9.999999999297531e-01,9.999999998844036e-01,9.999999998370053e-01,9.999999997764502e-01,9.999999997149944e-01,9.999999996860145e-01,8.129311893841098e-23,4.175884282422053e-23,1.078006792644172e-23,6.445183602185398e-02,1.823198384229032e-01,3.453991683344727e-01,2.173657768016324e-01,1.170496138018017e-01,6.792909312175374e-02,5.484673493225889e-03,8.686638767038959e-14,1.367565368695874e-12,9.026855916141663e-13,false
3,1.000000000000000e+10,0,2,CONTINUE,2.202396177615891e-02,3.332455664391699e-03,1.000000000000000e-09,2.202396177615891e-03,2.222046451934492e-14,1.050918723352295e-33,6.131601011990697e+00,9.900000000000000e-01,,,5.608113542258054e+00,3.014131585739772e-01,1.704975767192803e-01,2.836833960259076e-02,2.139864873078348e+00,REACHED_FORCE,REACHED_FORCE,,1,0,0,1,0,0,,,,1.989833722768758e-06,NaN,2.018093400482125e-06,NaN,,,2.397622061342467e-11,6.165154960420050e-12,,solution good enough for the tolerances given,solution good enough for the tolerances given,,2.397622061342467e-11,6.165154960420050e-12,,1.989833722768758e-06,2.362568474190141e-12,2.018093400482125e-06,6.054323709037135e-13,,,1.989833722768758e-06,2.018093400482125e-06,,4.377854044978175e-06,1.410289141570190e+00,4.498600654100244e-03,1.289926608534179e-02,2.887604851449906e-01,7.760416666666666e-01,1.577487046781601e-08,1.630895418713862e-11,9.999999999836910e-01,9.999999999773894e-01,9.999999999632738e-01,9.999999999483113e-01,9.999999999292422e-01,9.999999999098586e-01,9.999999999006783e-01,2.502613974788723e-22,8.413519571830532e-23,1.050918723352295e-23,7.392534558882706e-02,1.773354441861436e-01,3.442583256135583e-01,2.148591326964987e-01,1.163647556133869e-01,6.785609730722439e-02,5.400898969609731e-03,8.787654905299598e-13,1.128913926791580e-11,1.258450167762091e-11,false
3,3.162000000000000e+10,0,2,CONTINUE,2.202396177615891e-02,3.332462130993450e-03,1.000000000000000e-09,2.202396177615891e-03,2.222046451934492e-14,4.275518586352113e-33,5.647455619323233e+00,9.900000000000000e-01,,,5.608103294099783e+00,3.014166580516825e-01,1.704941581223412e-01,2.836833960259076e-02,2.139864873078348e+00,REACHED_FORCE,REACHED_FORCE,,1,0,0,1,0,0,,,,4.402160288470569e-06,NaN,8.035273675747849e-06,NaN,,,7.582642231602091e-12,1.949845520740057e-12,,solution good enough for the tolerances given,solution good enough for the tolerances given,,7.582642231602091e-12,1.949845520740057e-12,,4.402160288470569e-06,7.471662177849225e-13,8.035273675747849e-06,1.914857161722239e-13,,,4.402160288470569e-06,8.035273675747849e-06,,2.461959164009955e-06,1.410289141540896e+00,4.498600654100244e-03,1.289926608534179e-02,2.887604851449906e-01,7.760416666666666e-01,1.448257953453237e-03,5.599964936209290e-12,9.999999999944000e-01,9.999999999908811e-01,9.999999999861917e-01,9.999999999794473e-01,9.999999999727942e-01,9.999999999697564e-01,9.999979025328701e-01,8.633438488086338e-22,3.547355135895974e-22,1.351918977004538e-22,1.431859187423961e-01,2.477123848853811e-01,3.563281622576249e-01,1.593199581496445e-01,6.934312264705754e-02,2.411045307504999e-02,1.376472642491261e-42,1.012494222836117e-11,1.506959772257942e-10,8.202599586072056e-11,false
3,1.000000000000000e+11,0,2,CONTINUE,2.202396177615891e-02,3.332418660253374e-03,1.000000000000000e-09,2.202396177615891e-03,2.222046451934492e-14,1.038509169114202e-33,-1.000000000002346e+00,9.900000000000000e-01,,,5.608177105980616e+00,3.013773520369047e-01,1.705328640595723e-01,2.836833960259076e-02,2.139864873078348e+00,REACHED_FORCE,REACHED_FORCE,,1,0,0,1,0,0,,,,1.682990126596236e-05,NaN,2.300241988890256e-05,NaN,,,2.397416899413648e-12,6.163624045679399e-13,,solution good enough for the tolerances given,solution good enough for the tolerances given,,2.397416899413648e-12,6.163624045679399e-13,,1.682990126596236e-05,2.360334150353083e-13,2.300241988890256e-05,6.042388811522414e-14,,,1.682990126596236e-05,2.300241988890256e-05,,1.384393486978518e-06,1.410289141531631e+00,4.498600654100244e-03,1.289926608534179e-02,2.887604851449906e-01,7.760416666666666e-01,8.719119691082877e-01,-2.345679206428031e-12,1.000000000002346e+00,9.999999999979496e-01,9.999999999962113e-01,9.999999999945250e-01,9.999999999918929e-01,9.999999999903446e-01,2.397695181262562e-01,1.895653590968661e-21,8.224273948206952e-22,1.038509169114202e-22,1.015825787160062e-04,2.576331683367298e-01,3.656384975017363e-01,2.362319753063436e-01,1.141792252271952e-01,2.621554899559003e-02,2.433773134361439e-42,1.818011528971130e-11,7.038118326650111e-10,1.331698013860928e-09,false
3,3.162000000000000e+11,0,2,CONTINUE,2.202396177615891e-02,3.332580161597585e-03,1.000000000000000e-09,2.202396177615891e-03,2.222046451934492e-14,4.811923139233166e-33,-1.000000000108670e+00,9.900000000000000e-01,,,5.607957693395449e+00,3.014055657299761e-01,1.705052452722036e-01,2.836833960259076e-02,2.139864873078348e+00,REACHED_FORCE,REACHED_FORCE,,1,0,0,1,0,0,,,,5.704942895476666e-05,NaN,6.279816694106967e-05,NaN,,,7.582543021514225e-13,1.949598110607730e-13,,solution good enough for the tolerances given,solution good enough for the tolerances given,,7.582543021514225e-13,1.949598110607730e-13,,5.704942895476666e-05,7.473188734508085e-14,6.279816694106967e-05,1.917910275039958e-14,,,5.704942895476666e-05,6.279816694106967e-05,,7.785541008794620e-07,1.410289141528701e+00,4.498600654100244e-03,1.289926608534179e-02,2.887604851449906e-01,7.760416666666666e-01,9.363343368872981e-01,-1.086695178287300e-10,1.000000000108670e+00,1.000000000028475e+00,1.000000000001514e+00,9.999999999986309e-01,9.999999999953697e-01,9.999999999431879e-01,1.232780096358628e-01,1.098275366411441e-20,5.190874710657869e-21,1.521530096625527e-21,2.243109851445122e-12,2.097046405532667e-08,2.094886102534479e-02,9.562158217476231e-01,2.283527472497437e-02,3.809134982966002e-10,7.404720015752574e-41,1.423689489412536e-10,5.342672941178838e-09,1.566339641302354e-08,false
3,1.000000000000000e+12,0,2,CONTINUE,2.202396177615891e-02,3.331994582460891e-03,1.000000000000000e-09,2.202396177615891e-03,2.222046451934492e-14,2.338263316595016e-33,-1.000000000145033e+00,9.900000000000000e-01,,,5.608948352383295e+00,3.009371877573651e-01,1.709702243321967e-01,2.836833960259076e-02,2.139864873078348e+00,REACHED_FORCE,REACHED_FORCE,,1,0,0,1,0,0,,,,2.033661408702911e-04,NaN,1.857741389018602e-04,NaN,,,2.395034727281589e-13,6.143571268984941e-14,,solution good enough for the tolerances given,solution good enough for the tolerances given,,2.395034727281589e-13,6.143571268984941e-14,,2.033661408702911e-04,2.360611706109239e-14,1.857741389018602e-04,6.050715484207103e-15,,,2.033661408702911e-04,1.857741389018602e-04,,4.378105878013676e-07,1.410289141527775e+00,4.498600654100244e-03,1.289926608534179e-02,2.887604851449906e-01,7.760416666666666e-01,1.378554133029008e-01,-1.450328745988827e-10,1.000000000145033e+00,1.000000000081753e+00,9.999999999995697e-01,9.999999999978635e-01,9.999999999142015e-01,9.999999998534828e-01,9.809958850195075e-01,1.976548618464795e-20,8.916572838419266e-21,2.338263316595016e-21,2.041167102390998e-07,1.426156598829087e-06,9.952348500811350e-01,4.761769134854210e-03,1.312526844737841e-06,1.864555970855147e-07,6.197238847339864e-40,6.229295789789205e-09,1.183820371124223e-07,1.269169274514809e-07,false
3,3.162000000000000e+12,0,2,CONTINUE,2.202396177615891e-02,3.332413174145169e-03,1.000000000000000e-09,2.202396177615891e-03,2.222046451934492e-14,6.829074453157252e-33,-1.000000000349676e+00,9.900000000000000e-01,,,5.607453041583951e+00,3.008836137908643e-01,1.710819394502739e-01,2.836833960259076e-02,2.139864873078348e+00,REACHED_FORCE,REACHED_FORCE,,1,0,0,1,0,0,,,,6.636186223900374e-04,NaN,7.122672065494016e-04,NaN,,,7.575265698310021e-14,1.940927577288524e-14,,solution good enough for the tolerances given,solution good enough for the tolerances given,,7.575265698310021e-14,1.940927577288524e-14,,6.636186223900374e-04,7.466249840604178e-15,7.122672065494016e-04,1.942890293094024e-15,,,6.636186223900374e-04,7.122672065494016e-04,,2.462314713295432e-07,1.410289141527482e+00,4.498600654100244e-03,1.289926608534179e-02,2.887604851449906e-01,7.760416666666666e-01,9.990438215037171e-01,-3.496762879251492e-10,1.000000000349676e+00,1.000000000154145e+00,9.999999999998597e-01,9.999999999493769e-01,9.999999997265581e-01,9.999999995189559e-01,1.911442678602379e-03,4.857731091468877e-19,8.643758731234960e-20,2.159353342088323e-20,6.904481273198275e-10,6.122402299646353e-08,9.999969919513655e-01,5.377958751760767e-07,1.544744587713288e-08,3.878676396569273e-10,1.759146511549408e-37,6.864213605482276e-10,1.168931101564228e-07,2.274923443832992e-06,false
3,1.000000000000000e+13,0,2,CONTINUE,2.202396177615891e-02,4.658471448305782e-03,1.000000000000000e-09,2.202396177615891e-03,2.222046451934492e-14,5.769372869886984e-33,-1.000000000035924e+00,8.744283743058767e-01,,,5.617275281820205e+00,2.981577713179680e-01,2.087343284390777e-01,2.836833960259076e-02,2.139864873078348e+00,REACHED_FORCE,REACHED_FORCE,,1,0,0,1,0,0,,,,1.424096516805902e-03,NaN,2.117796128197332e-03,NaN,,,2.375923477500015e-14,6.080577710494525e-15,,solution good enough for the tolerances given,solution good enough for the tolerances given,,2.375923477500015e-14,6.080577710494525e-15,,1.424096516805902e-03,2.345346139520643e-15,2.117796128197332e-03,6.938893903907228e-16,,,1.424096516805902e-03,2.117796128197332e-03,,1.384729028872157e-07,1.410289141527389e+00,4.498600654100244e-03,1.289926608534179e-02,2.887604851449906e-01,7.760416666666666e-01,9.996332094246702e-01,-3.592415254161097e-11,1.000000000035924e+00,1.000000000021088e+00,1.000000000001085e+00,9.999999999999563e-01,9.999999999815221e-01,9.999999999674514e-01,2.398524088988925e-16,3.650171272266596e-19,1.583027465872533e-19,5.769372869886984e-20,2.269302036363791e-08,2.051101756419025e-07,5.517090363634111e-05,9.999236504303401e-01,3.540655327154297e-07,4.024719968699898e-08,8.392001831171243e-26,2.445686460374994e-07,9.806079003848208e-06,1.050590244525309e-05,false
3,3.162000000000000e+13,0,4,CONTINUE,2.202396177615891e-02,3.333982597956956e-03,1.000000000000000e-09,2.202396177615891e-03,2.222046451934492e-14,1.787527662484182e-33,-1.000000000693899e+00,9.900000000000000e-01,,,5.606202974783397e+00,3.021654632790127e-01,1.706129325426485e-01,2.836833960259076e-02,2.139864873078348e+00,REACHED_FORCE,REACHED_FORCE,,1,1,1,1,1,1,,,,4.543239411071622e-03,2.081796760235802e-04,6.727931849173189e-03,2.100345322161926e-04,,,7.515574894975320e-15,1.947098635284374e-15,,solution good enough for the tolerances given,solution good enough for the tolerances given,,7.515574894975320e-15,1.947098635284374e-15,,4.543239411071622e-03,7.910339050454240e-16,6.727931849173189e-03,2.775557561562891e-16,,,2.081796760235802e-04,2.100345322161926e-04,,7.766015138719317e-08,1.410289141527360e+00,4.498600654100244e-03,1.289926608534179e-02,2.887604851449906e-01,7.760416666666666e-01,9.853363404665353e-01,-6.938991603533395e-10,1.000000000693899e+00,1.000000000004050e+00,9.999999999999862e-01,9.999999999998190e-01,9.999999999956188e-01,9.999999976538105e-01,1.942512424801993e-17,5.804332728128696e-19,2.447327835609400e-19,5.652162468774983e-20,5.308373427845568e-37,4.224030726092276e-29,9.997633113703309e-01,8.454875781743967e-29,4.243531720624223e-29,5.222025289057781e-40,8.711168249929598e-17,1.136909168739345e-05,1.181149127068605e-04,1.072046252748627e-04,false
3,1.000000000000000e+14,0,7,CONTINUE,2.202396177615891e-02,3.327252519517695e-03,1.000000000000000e-09,2.202396177615891e-03,2.222046451934492e-14,5.377577248907443e-33,-1.000000002798800e+00,9.900000000000000e-01,,,5.618759812544107e+00,3.089738946506091e-01,1.882760499515069e-01,2.836833960259076e-02,2.139864873078348e+00,REACHED_FORCE,REACHED_FORCE,,1,3,3,1,2,2,,,,2.155740632993695e-02,5.967073561737202e-03,2.602042594257273e-02,6.708198948854745e-03,,,2.305509499766664e-15,1.122900856972833e-15,,solution good enough for the tolerances given,solution good enough for the tolerances given,,2.305509499766664e-15,1.122900856972833e-15,,2.155740632993695e-02,2.914335439641036e-16,2.602042594257273e-02,2.775557561562891e-16,,,3.982995382815352e-04,1.646875122179569e-03,,3.939363921224723e-08,1.410289141527350e+00,4.498600654100244e-03,1.289926608534179e-02,2.887604851449906e-01,7.760416666666666e-01,9.734294054885591e-01,-2.798800302628024e-09,1.000000002798800e+00,1.000000000926348e+00,1.000000000000041e+00,9.999999999999951e-01,9.999999995785294e-01,9.999999977745646e-01,6.242070477980065e-17,4.138013715234010e-18,1.833584541070359e-18,5.377577248907443e-19,1.394307864328031e-35,1.134937020921289e-35,1.641391015418542e-29,9.975552128367574e-01,3.139623943258972e-36,9.151745135613099e-36,1.855013552894347e-13,3.280306344773034e-05,9.444836197672955e-04,1.467500479842210e-03,false
3,3.162000000000000e+14,1,6,CONTINUE,2.202396177615891e-02,1.185374633189589e-02,1.000000000000000e-09,2.202396177615891e-03,2.222046451934492e-14,2.916356606495603e-33,-1.000000000741858e+00,6.570789712164119e-01,,,3.440687329310266e+00,4.605314883339213e-01,2.500363974301476e-01,2.836833960259076e-02,2.139864873078348e+00,REFINE_STALLED,REFINE_STALLED,,1,2,2,1,2,2,,,,8.807932499741378e-02,2.089948916394783e-02,5.094626458847740e-02,1.613028532811240e-02,,,9.008811678377904e-16,5.982759231026833e-16,,solution good enough for the tolerances given,solution good enough for the tolerances given,,9.008811678377904e-16,5.982759231026833e-16,,8.807932499741378e-02,2.220446049250313e-16,5.094626458847740e-02,1.110223024625157e-16,,,1.276978940469269e-02,9.273598587745759e-03,,2.105302432189794e-08,1.410289141527348e+00,4.498600654100244e-03,1.289926608534179e-02,2.887604851449906e-01,7.760416666666666e-01,1.673752417798742e-04,-7.418581304818872e-10,1.000000000741858e+00,1.000000000257106e+00,9.999999999999993e-01,9.999999999999973e-01,9.999999996337556e-01,9.999999991083439e-01,1.621654672762577e-17,7.409321520152073e-18,4.036249028565273e-18,9.221519589739096e-19,9.381215901975679e-35,2.252918052424635e-35,9.810738045830724e-01,4.159373065311789e-30,1.549254042429205e-34,3.653025711860292e-35,3.155061690360897e-05,3.502766869316198e-03,9.079506966167822e-03,6.312370964539836e-03,false
3,1.000000000000000e+15,1,6,CONTINUE,2.202396177615891e-02,2.181179257171761e-02,1.000000000000000e-09,2.202396177615891e-03,2.222046451934492e-14,2.831480214206778e-40,3.035359709894362e-06,9.900000000000000e-01,,,4.273244030230981e-03,9.887032226262972e-01,9.265390941788628e-01,2.836833960259076e-02,2.139864873078348e+00,REFINE_STALLED,REFINE_STALLED,,1,2,2,1,2,2,,,,3.800779882647016e+02,1.563117033537242e-01,3.800504353789619e+02,3.372169008203053e-02,,,4.058956879117619e-12,4.061137665289425e-12,,solution good enough for the tolerances given,solution good enough for the tolerances given,,4.058956879117619e-12,4.061137665289425e-12,,3.800779882647016e+02,3.809559547159058e-13,3.800504353789619e+02,3.812161090271937e-13,,,1.563114216096041e-01,3.372162927806613e-02,,3.162278301032711e-05,1.410289141881884e+00,4.498600654100244e-03,1.289926608534179e-02,2.887604851449906e-01,7.760416666666666e-01,2.524905261543602e-10,3.294502448625281e-10,9.999999996705498e-01,9.999999995014279e-01,9.999999994859616e-01,9.999999994808830e-01,9.999999990980752e-01,9.999999990967305e-01,9.999999990953878e-01,3.724045014505622e-24,1.889033349652998e-24,2.831480214206778e-25,6.182262279625592e-05,5.318873353171712e-09,2.887334898694097e-04,2.934704221881843e-04,2.876163457366248e-01,4.134470745461201e-01,2.982925464262245e-01,7.575257867268868e-11,7.453718041736657e-10,6.161788176838840e-10,false
3,3.162000000000000e+15,1,6,CONTINUE,2.202396177615891e-02,2.181179544438422e-02,1.000000000000000e-09,2.202396177615891e-03,2.222046451934492e-14,1.312201787849569e-40,9.599486603757349e-07,9.900000000000000e-01,,,4.273243936592619e-03,2.941257560643306e+00,2.894690042734200e+00,2.836833960259076e-02,2.139864873078348e+00,REFINE_STALLED,REFINE_STALLED,,1,2,2,1,2,2,,,,1.201744061376286e+03,1.563120886364056e-01,1.201716628591940e+03,3.372137739958202e-02,,,4.059820748091451e-12,4.060510464265290e-12,,solution good enough for the tolerances given,solution good enough for the tolerances given,,4.059820748091451e-12,4.060510464265290e-12,,1.201744061376286e+03,3.810589539222919e-13,1.201716628591940e+03,3.811412990772922e-13,,,1.563119995329373e-01,3.372135817014591e-02,,3.162277862845285e-05,1.410289141881883e+00,4.498600654100244e-03,1.289926608534179e-02,2.887604851449906e-01,7.760416666666666e-01,6.876518950143599e-10,3.294504669071330e-10,9.999999996705495e-01,9.999999995127817e-01,9.999999994858904e-01,9.999999994808104e-01,9.999999990980739e-01,9.999999990967243e-01,9.999999990953847e-01,4.287241473145942e-24,1.381567024728976e-24,4.149182053180336e-25,6.184122846160106e-05,1.127986803550480e-09,2.969458896957340e-04,2.851702750358560e-04,2.923052968145591e-01,4.141763242950682e-01,2.928744189321455e-01,3.294287188501711e-12,2.934723935082495e-10,1.140280634650325e-09,false
3,1.000000000000000e+16,1,6,CONTINUE,2.202396177615891e-02,2.181179635108744e-02,1.000000000000000e-09,2.202396177615891e-03,2.222046451934492e-14,4.680489474528043e-41,3.035367893067091e-07,9.900000000000000e-01,,,4.273243927225827e-03,9.241471307393535e+00,9.143609981417544e+00,2.836833960259076e-02,2.139864873078348e+00,REFINE_STALLED,REFINE_STALLED,,1,2,2,1,2,2,,,,3.800518960011329e+03,1.563122104943805e-01,3.800492254641743e+03,3.372127850455355e-02,,,4.060093799406249e-12,4.060311902343593e-12,,solution good enough for the tolerances given,solution good enough for the tolerances given,,4.060093799406249e-12,4.060311902343593e-12,,3.800518960011329e+03,3.810914799874665e-13,3.800492254641743e+03,3.811176092598234e-13,,,1.563121823198307e-01,3.372127242422127e-02,,3.162277724254818e-05,1.410289141881883e+00,4.498600654100244e-03,1.289926608534179e-02,2.887604851449906e-01,7.760416666666666e-01,3.826120052290424e-10,3.294493566841084e-10,9.999999996705506e-01,9.999999995009610e-01,9.999999994859454e-01,9.999999994808673e-01,9.999999990980761e-01,9.999999990967303e-01,9.999999990953885e-01,3.229925419811713e-24,1.593064641974472e-24,4.680489474528043e-25,6.184358906145017e-05,5.972327510670416e-09,2.904232330615931e-04,2.916335290587610e-04,2.884226240159692e-01,4.135371673286658e-01,2.973963008949159e-01,5.824038912095005e-11,7.347529929289187e-10,6.439460696600567e-10,false
3,3.162000000000000e+16,1,6,CONTINUE,2.202396177615891e-02,2.181179663243368e-02,1.000000000000000e-09,2.202396177615891e-03,2.222046451934492e-14,8.317058524139117e-42,9.599486603757351e-08,9.900000000000000e-01,,,4.273243926289354e-03,2.920240364415263e+01,2.890865515306186e+01,2.836833960259076e-02,2.139864873078348e+00,REFINE_STALLED,REFINE_STALLED,,1,2,2,1,2,2,,,,1.201718003778400e+04,1.563122490227727e-01,1.201715391972602e+04,3.372124723418631e-02,,,4.060180302726317e-12,4.060249198498409e-12,,solution good enough for the tolerances given,solution good enough for the tolerances given,,4.060180302726317e-12,4.060249198498409e-12,,1.201718003778400e+04,3.811018341182137e-13,1.201715391972602e+04,3.811101282648333e-13,,,1.563122401124121e-01,3.372124531124912e-02,,3.162277680436071e-05,1.410289141881883e+00,4.498600654100244e-03,1.289926608534179e-02,2.887604851449906e-01,7.760416666666666e-01,1.775514961267180e-09,3.294504669071330e-10,9.999999996705495e-01,9.999999995463411e-01,9.999999994859399e-01,9.999999994808606e-01,9.999999990980768e-01,9.999999990967325e-01,9.999999990953894e-01,2.493617170290161e-24,1.196811420502938e-24,2.629853905332789e-25,6.184526996096186e-05,7.154443570694044e-11,2.912159161523094e-04,2.908275086673268e-04,2.872573407743396e-01,4.134351948199246e-01,2.986635742023070e-01,7.656289020507084e-11,8.198054871661815e-10,5.407350143832386e-10,false
3,1.000000000000000e+17,1,6,CONTINUE,2.202396177615891e-02,2.181179670391140e-02,1.000000000000000e-09,2.202396177615891e-03,2.222046451934492e-14,2.595216513383970e-42,3.035351526765756e-08,9.900000000000000e-01,,,4.273243926195418e-03,9.235175915420453e+01,9.142769501892251e+01,2.836833960259076e-02,2.139864873078348e+00,REFINE_STALLED,REFINE_STALLED,,1,2,2,1,2,2,,,,3.800493516410396e+04,1.563122612085826e-01,3.800490761688371e+04,3.372123734504144e-02,,,4.060207742657361e-12,4.060229506057610e-12,,solution good enough for the tolerances given,solution good enough for the tolerances given,,4.060207742657361e-12,4.060229506057610e-12,,3.800493516410396e+04,3.811051409348398e-13,3.800490761688371e+04,3.811077430200538e-13,,,1.563122583911262e-01,3.372123673700885e-02,,3.162277666577023e-05,1.410289141881883e+00,4.498600654100244e-03,1.289926608534179e-02,2.887604851449906e-01,7.760416666666666e-01,3.806305009149672e-09,3.294511330409478e-10,9.999999996705489e-01,9.999999995710662e-01,9.999999994859488e-01,9.999999994808695e-01,9.999999990980764e-01,9.999999990967279e-01,9.999999990953869e-01,2.541113390840225e-24,1.054310470787163e-24,2.595216513383969e-25,6.184625514503245e-05,4.118083066654383e-11,2.902108860029220e-04,2.918404755959430e-04,2.895392622650824e-01,4.139005493579706e-01,2.959162892817390e-01,9.942782699565186e-12,4.065358858933000e-10,1.020805167220566e-09,false
3,3.162000000000000e+17,1,6,CONTINUE,2.202396177615891e-02,2.181179667124515e-02,1.000000000000000e-09,2.202396177615891e-03,2.222046451934492e-14,5.216162433458864e-43,9.599512483459117e-09,9.900000000000000e-01,,,4.273243926185954e-03,2.919676894569768e+02,2.890478384147629e+02,2.836833960259076e-02,2.139864873078348e+00,REFINE_STALLED,REFINE_STALLED,,1,2,2,1,2,2,,,,1.201715466391600e+05,1.563122650614230e-01,1.201714902958810e+05,3.372123421514473e-02,,,4.060216417674474e-12,4.060223259638693e-12,,solution good enough for the tolerances given,solution good enough for the tolerances given,,4.060216417674474e-12,4.060223259638693e-12,,1.201715466391600e+05,3.811061709269037e-13,1.201714902958810e+05,3.811068756583158e-13,,,1.563122641703868e-01,3.372123402285108e-02,,3.162277662195148e-05,1.410289141881883e+00,4.498600654100244e-03,1.289926608534179e-02,2.887604851449906e-01,7.760416666666666e-01,1.476767171500538e-09,3.294495787287133e-10,9.999999996705504e-01,9.999999995236897e-01,9.999999994859505e-01,9.999999994808710e-01,9.999999990980775e-01,9.999999990967336e-01,9.999999990953905e-01,2.802783246521873e-24,9.872546815857547e-25,1.649350561459693e-25,6.184566342025874e-05,3.646109430304020e-10,2.900162541712202e-04,2.920156919531713e-04,2.860951009458606e-01,4.132080071801222e-01,3.000530124634427e-01,2.187897950200179e-11,6.922254069674098e-10,7.223150550272035e-10,false
3,1.000000000000000e+18,1,6,CONTINUE,2.202396177615891e-02,2.181179648634245e-02,1.000000000000000e-09,2.202396177615891e-03,2.222046451934492e-14,8.006438682483750e-43,3.035357664108074e-09,9.900000000000000e-01,,,4.273243926184993e-03,9.235427460387971e+02,9.143072622518229e+02,2.836833960259076e-02,2.139864873078348e+00,REFINE_STALLED,REFINE_STALLED,,1,2,2,1,2,2,,,,3.800490296303814e+05,1.563122662800041e-01,3.800490463737234e+05,3.372123322723397e-02,,,4.060219097230265e-12,4.060221246165543e-12,,solution good enough for the tolerances given,solution good enough for the tolerances given,,4.060219097230265e-12,4.060221246165543e-12,,3.800490296303814e+05,3.811063877673382e-13,3.800490463737234e+05,3.811067130279899e-13,,,1.563122659982585e-01,3.372123316643072e-02,,3.162277660809244e-05,1.410289141881883e+00,4.498600654100244e-03,1.289926608534179e-02,2.887604851449906e-01,7.760416666666666e-01,1.886566886356874e-10,3.294504669071330e-10,9.999999996705495e-01,9.999999995040798e-01,9.999999994859368e-01,9.999999994808577e-01,9.999999990980766e-01,9.999999990967310e-01,9.999999990953892e-01,4.483606573968414e-24,2.257802093848739e-24,8.006438682483751e-25,6.184612140904883e-05,2.868597447139855e-09,2.915023253505058e-04,2.905346394497755e-04,2.878247232639505e-01,4.134600954341685e-01,2.980712939095941e-01,9.381553825554524e-11,5.464787381203003e-10,7.971861973877360e-10,false
4,1.000000000000000e+00,0,7,CONTINUE,3.332453145894056e-03,5.042353232492852e-04,1.000000000000000e-09,3.332453145894057e-04,2.220479253348611e-14,1.006025295056149e+00,5.438105661418123e+01,9.900000000000000e-01,,,2.213637372593432e+00,1.082444112434068e-01,6.342126207163769e-02,2.932531399475434e-02,2.126384401961315e+00,REACHED_FORCE,REACHED_FORCE,,4,0,0,3,0,0,,,,3.138427374182670e-05,NaN,5.977863859849691e-05,NaN,,,6.081389330313797e-02,1.633715896059599e-02,,solution good enough for the tolerances given,solution good enough for the tolerances given,,1.437675590734023e-04,2.953651242070685e-04,,1.804112415015879e-16,3.138427374182670e-05,1.804112415015879e-16,5.977863859849691e-05,,,3.138427374182670e-05,5.977863859849691e-05,,3.577080949674430e-01,1.782804229622206e+00,1.490100838717781e-04,1.289926608533995e-04,2.870206927256533e-01,7.760416666666666e-01,1.352048370502192e-01,1.805671580025314e-02,9.819432841997469e-01,9.246720471626961e-01,8.511749766221464e-01,8.074401289275933e-01,7.460006172963941e-01,6.954407304009054e-01,6.362456793906777e-01,5.802789887205012e-01,5.256494113604262e-01,5.015017993718720e-01,6.439986207387862e-05,6.882837431621324e-05,1.533559760478141e-01,1.641944661371749e-01,2.436156336639551e-01,2.293629520040556e-01,1.051225496141913e-01,6.468930629627313e-02,3.716854735473780e-02,2.357340645407813e-03,false
4,3.162000000000000e+00,0,5,CONTINUE,3.332453145894056e-03,5.042351678106742e-04,1.000000000000000e-09,3.332453145894057e-04,2.220479253348611e-14,9.910191061551711e-01,4.977432056573240e+01,9.900000000000000e-01,,,2.213721281706114e+00,1.081896945248993e-01,6.347599775333662e-02,2.932531399475434e-02,2.126384401961315e+00,REACHED_FORCE,REACHED_FORCE,,3,0,0,2,0,0,,,,1.781169118857118e-05,NaN,5.923801139098156e-05,NaN,,,2.379704652705124e-02,6.383382453254237e-03,,solution good enough for the tolerances given,solution good enough for the tolerances given,,7.914085247682576e-05,3.310888340044982e-04,,4.382345181186409e-16,1.781169118857118e-05,4.996003610813204e-16,5.923801139098156e-05,,,1.781169118857118e-05,5.923801139098156e-05,,2.247885833826796e-01,1.537928890363926e+00,1.490100838717781e-04,1.289926608533995e-04,2.870206927256533e-01,7.760416666666666e-01,6.885451377697462e-02,6.313673331270864e-03,9.936863266687291e-01,9.479850954565122e-01,9.318158148274469e-01,9.061031662569948e-01,8.822976734130181e-01,8.522798972298837e-01,8.195101621841157e-01,7.968079460762042e-01,7.761443140993495e-01,7.580802651230474e-01,4.844010944581283e-05,1.156310555046030e-01,1.350581852916430e-01,2.059529297181704e-01,2.552251117630394e-01,1.316588118404248e-01,8.470405085584358e-02,2.239883332674283e-02,4.747669786231824e-02,1.845883727768893e-03,false
4,1.000000000000000e+01,0,4,CONTINUE,3.332453145894056e-03,5.042353047552651e-04,1.000000000000000e-09,3.332453145894057e-04,2.220479253348611e-14,6.296337668080209e-03,3.239366269179044e+01,9.900000000000000e-01,,,2.213672207018236e+00,1.082559643762320e-01,6.340913388710219e-02,2.932531399475434e-02,2.126384401961315e+00,REACHED_FORCE,REACHED_FORCE,,2,0,0,2,0,0,,,,3.027008017873062e-05,NaN,8.089838749975042e-06,NaN,,,8.181432357365315e-03,2.195854858514382e-03,,solution good enough for the tolerances given,solution good enough for the tolerances given,,1.542707717029218e-04,4.137781813596348e-05,,1.751637029867581e-15,3.027008017873062e-05,1.941155569618047e-15,8.089838749975042e-06,,,3.027008017873062e-05,8.089838749975042e-06,,1.336803969568374e-01,1.451872470275835e+00,1.490100838717781e-04,1.289926608533995e-04,2.870206927256533e-01,7.760416666666666e-01,9.380129777838586e-01,3.077523175781138e-03,9.969224768242189e-01,9.825604792439271e-01,9.748650963601823e-01,9.637613565371899e-01,9.523664078897854e-01,9.387115464571768e-01,9.288512989342841e-01,9.166017491042465e-01,9.084765357721944e-01,5.923381563475013e-02,6.854743854925519e-05,1.295103788425778e-01,1.627233228109374e-01,3.073266362536152e-01,1.901292955344896e-01,9.785182263677493e-02,5.125299502169506e-02,5.870224659947360e-02,2.434754861887524e-03,7.512489059453105e-29,false
4,3.162000000000000e+01,0,4,CONTINUE,3.332453145894056e-03,5.042353221575376e-04,1.000000000000000e-09,3.332453145894057e-04,2.220479253348611e-14,3.351021115277497e-13,2.534630811769205e+01,9.900000000000000e-01,,,2.213664334282493e+00,1.082638195140982e-01,6.340124742930438e-02,2.932531399475434e-02,2.126384401961315e+00,REACHED_FORCE,REACHED_FORCE,,2,0,0,2,0,0,,,,3.373652154328027e-06,NaN,8.914140957327898e-07,NaN,,,2.663275469179050e-03,7.138425534838772e-04,,solution good enough for the tolerances given,solution good enough for the tolerances given,,1.667648653212772e-05,4.448022153832959e-06,,4.209306514457722e-15,3.373652154328027e-06,4.900160138765486e-15,8.914140957327898e-07,,,3.373652154328027e-06,8.914140957327898e-07,,7.679487908159500e-02,1.423572933546569e+00,1.490100838717781e-04,1.289926608533995e-04,2.870206927256533e-01,7.760416666666666e-01,9.905254097950772e-01,1.246183154901659e-03,9.987538168450983e-01,9.943750455039533e-01,9.916737821864473e-01,9.879643356571977e-01,9.839253828985225e-01,9.790597618811038e-01,9.756570552437487e-01,9.719786335789571e-01,9.690705454965834e-01,1.059592876639517e-11,9.495611332229108e-05,1.322425466367190e-01,1.689549461828114e-01,3.148250707776281e-01,1.807327681793174e-01,1.028860880593382e-01,3.748885244205249e-02,6.037257349676235e-02,2.402198112049443e-03,2.986963729398147e-28,false
4,1.000000000000000e+02,0,3,CONTINUE,3.332453145894056e-03,5.042365535514391e-04,1.000000000000000e-09,3.332453145894057e-04,2.220479253348611e-14,1.288440225014951e-23,2.316823203360390e+01,9.900000000000000e-01,,,2.213369609784375e+00,1.081646346735274e-01,6.349967955630405e-02,2.932531399475434e-02,2.126384401961315e+00,REACHED_FORCE,REACHED_FORCE,,2,0,0,1,0,0,,,,3.495060825406404e-07,NaN,2.244154654777036e-05,NaN,,,8.501018600374653e-04,2.278067170247977e-04,,solution good enough for the tolerances given,solution good enough for the tolerances given,,1.710458870366309e-06,2.278067170247977e-04,,1.492295870209048e-14,3.495060825406404e-07,1.551796885435053e-14,2.244154654777036e-05,,,3.495060825406404e-07,2.244154654777036e-05,,4.349410099354737e-02,1.414503138267513e+00,1.490100838717781e-04,1.289926608533995e-04,2.870206927256533e-01,7.760416666666666e-01,9.970558737859534e-01,4.314392912065923e-04,9.995685607087934e-01,9.982094646034544e-01,9.973254726088394e-01,9.961331458670076e-01,9.948100974547155e-01,9.932155920398095e-01,9.920767899151338e-01,9.909594747666720e-01,9.900028340470295e-01,1.288440225014951e-21,1.098477843345433e-04,1.332284101474560e-01,1.712358840994124e-01,3.161074574348469e-01,1.778407136436228e-01,1.048888251225285e-01,3.357558095963489e-02,6.062654461073370e-02,2.386736197430272e-03,3.151688631118562e-27,false
4,3.162000000000000e+02,0,2,CONTINUE,3.332453145894056e-03,5.042357213236744e-04,1.000000000000000e-09,3.332453145894057e-04,2.220479253348611e-14,8.968283263094586e-33,2.249744226918268e+01,9.900000000000000e-01,,,2.213569744888649e+00,1.082327776607934e-01,6.343204216276156e-02,2.932531399475434e-02,2.126384401961315e+00,REACHED_FORCE,REACHED_FORCE,,1,0,0,1,0,0,,,,2.678109583990201e-05,NaN,7.155278708863289e-06,NaN,,,2.696598748472551e-04,7.263422154168759e-05,,solution good enough for the tolerances given,solution good enough for the tolerances given,,2.696598748472551e-04,7.263422154168759e-05,,3.808455287246382e-14,2.678109583990201e-05,4.683926857484977e-14,7.155278708863289e-06,,,2.678109583990201e-05,7.155278708863289e-06,,2.451634766982886e-02,1.411623219877660e+00,1.490100838717781e-04,1.289926608533995e-04,2.870206927256533e-01,7.760416666666666e-01,2.801762696736605e-01,1.405542370697122e-04,9.998594457629303e-01,9.994325057243421e-01,9.991498507686497e-01,9.987708457171390e-01,9.983477816684773e-01,9.978380073832882e-01,9.974701908319471e-01,9.971223014906514e-01,9.968159567397870e-01,2.835771167790508e-30,1.156004665042742e-04,1.335524642415986e-01,1.719899835487743e-01,3.163939592937612e-01,1.769295249064939e-01,1.054872063783345e-01,3.249172934920171e-02,6.065838022859515e-02,2.381151586734558e-03,1.971429361598016e-26,true
4,1.000000000000000e+03,0,2,CONTINUE,3.332453145894056e-03,5.042354485433046e-04,1.000000000000000e-09,3.332453145894057e-04,2.220479253348611e-14,7.259855767075643e-33,2.228743490041684e+01,9.900000000000000e-01,,,2.213633819112995e+00,1.082546692828789e-01,6.341031700714157e-02,2.932531399475434e-02,2.126384401961315e+00,REACHED_FORCE,REACHED_FORCE,,1,0,0,1,0,0,,,,8.476164839739397e-06,NaN,2.256650522891590e-06,NaN,,,8.534792802906025e-05,2.290759954045594e-05,,solution good enough for the tolerances given,solution good enough for the tolerances given,,8.534792802906025e-05,2.290759954045594e-05,,1.193186174863747e-13,8.476164839739397e-06,1.591994765182125e-13,2.256650522891590e-06,,,8.476164839739397e-06,2.256650522891590e-06,,1.379612502039177e-02,1.410711115370308e+00,1.490100838717781e-04,1.289926608533995e-04,2.870206927256533e-01,7.760416666666666e-01,2.737670473093331e-04,4.486631764266669e-05,9.999551336823573e-01,9.998204343782032e-01,9.997307468244325e-01,9.996107133762790e-01,9.994764748871033e-01,9.993147380247721e-01,9.991976233147714e-01,9.990881944706735e-01,9.989909453888527e-01,7.259855767075643e-30,1.175429419502818e-04,1.336561848780872e-01,1.722318196149955e-01,3.164724398822820e-01,1.766415820703602e-01,1.056708627783847e-01,3.216764241015552e-02,6.066261389330830e-02,2.379311530476430e-03,2.629184459184136e-25,false
4,3.162000000000000e+03,0,2,CONTINUE,3.332453145894056e-03,5.042353637527788e-04,1.000000000000000e-09,3.332453145894057e-04,2.220479253348611e-14,7.224579874433605e-33,2.222126152075352e+01,9.900000000000000e-01,,,2.213654011734769e+00,1.082615626137642e-01,6.340347664761196e-02,2.932531399475434e-02,2.126384401961315e+00,REACHED_FORCE,REACHED_FORCE,,1,0,0,1,0,0,,,,2.681433189093141e-06,NaN,7.130917110201307e-07,NaN,,,2.699991497207348e-05,7.238702487557594e-06,,solution good enough for the tolerances given,solution good enough for the tolerances given,,2.699991497207348e-05,7.238702487557594e-06,,3.915127770592886e-13,2.681433189093141e-06,3.514519404668182e-13,7.130917110201307e-07,,,2.681433189093141e-06,7.130917110201307e-07,,7.760285703916059e-03,1.410422606929082e+00,1.490100838717781e-04,1.289926608533995e-04,2.870206927256533e-01,7.760416666666666e-01,8.664304408382819e-05,1.423191177762906e-05,9.999857680882224e-01,9.999431989486078e-01,9.999148034564073e-01,9.998768230257111e-01,9.998343227607278e-01,9.997831181033756e-01,9.997459974086641e-01,9.997114481370942e-01,9.996806542117035e-01,2.284412156295906e-29,1.181700823366432e-04,1.336891015656475e-01,1.723086162468843e-01,3.164960337463095e-01,1.765505648903983e-01,1.057283142720948e-01,3.206714377230139e-02,6.066333316638843e-02,2.378722257639388e-03,2.117966299757719e-24,false
4,1.000000000000000e+04,0,2,CONTINUE,3.332453145894056e-03,5.042353370826561e-04,1.000000000000000e-09,3.332453145894057e-04,2.220479253348611e-14,6.517244504631111e-33,1.600969829317021e+01,9.900000000000000e-01,,,2.213660391655190e+00,1.082637400074986e-01,6.340131604069370e-02,2.932531399475434e-02,2.126384401961315e+00,REACHED_FORCE,REACHED_FORCE,,1,0,0,1,0,0,,,,8.479491265950267e-07,NaN,2.254208899682419e-07,NaN,,,8.538189645303828e-06,2.288281811854902e-06,,solution good enough for the tolerances given,solution good enough for the tolerances given,,8.538189645303828e-06,2.288281811854902e-06,,1.311499520095794e-12,8.479491265950267e-07,1.385416521088034e-12,2.254208899682419e-07,,,8.479491265950267e-07,2.254208899682419e-07,,4.364060618217450e-03,1.410331344671741e+00,1.490100838717781e-04,1.289926608533995e-04,2.870206927256533e-01,7.760416666666666e-01,4.365402160817653e-03,6.246174884205757e-06,9.999937538251158e-01,9.999818112105265e-01,9.999718966154002e-01,9.999597683204540e-01,9.999454127430947e-01,9.999289269249189e-01,9.999122288577812e-01,9.999070020726890e-01,9.998981872530873e-01,6.517244504631110e-29,2.585836042502810e-04,1.439027459456337e-01,1.895073910942295e-01,3.202368151601944e-01,1.630122977552287e-01,1.053348574154791e-01,4.389529890927835e-02,3.232842936502085e-02,1.523580750686306e-03,2.541303265695443e-23,false
4,3.162000000000000e+04,0,2,CONTINUE,3.332453145894056e-03,5.042353286691811e-04,1.000000000000000e-09,3.332453145894057e-04,2.220479253348611e-14,9.852322796867182e-33,9.771452307482871e+00,9.900000000000000e-01,,,2.213662408145690e+00,1.082644281618939e-01,6.340063319716126e-02,2.932531399475434e-02,2.126384401961315e+00,REACHED_FORCE,REACHED_FORCE,,1,0,0,1,0,0,,,,2.681765998019392e-07,NaN,7.128473190898266e-08,NaN,,,2.700331389757937e-06,7.236221817896539e-07,,solution good enough for the tolerances given,solution good enough for the tolerances given,,2.700331389757937e-06,7.236221817896539e-07,,2.582295054870398e-12,2.681765998019392e-07,3.185061155791535e-12,7.128473190898266e-08,,,2.681765998019392e-07,7.128473190898266e-08,,2.454256799139682e-03,1.410302488643771e+00,1.490100838717781e-04,1.289926608533995e-04,2.870206927256533e-01,7.760416666666666e-01,9.999888913673914e-01,3.236514910520683e-06,9.999967634850895e-01,9.999940593672881e-01,9.999903443807810e-01,9.999864471264837e-01,9.999814862605206e-01,9.999767014282528e-01,9.999713102442962e-01,9.999682447843418e-01,4.427843408784699e-06,3.115304468369403e-28,1.783806483403402e-03,1.647025655057620e-01,2.312014876871005e-01,3.061590844990427e-01,1.387200674372278e-01,8.766470942808857e-02,6.661045951543113e-02,3.157819443943210e-03,2.371618169132839e-60,2.376133913332859e-22,false
4,1.000000000000000e+05,0,2,CONTINUE,3.332453145894056e-03,5.042353260163318e-04,1.000000000000000e-09,3.332453145894057e-04,2.220479253348611e-14,1.086320163516619e-32,9.770523635318048e+00,9.900000000000000e-01,,,2.213663045844082e+00,1.082646457855436e-01,6.340041725359277e-02,2.932531399475434e-02,2.126384401961315e+00,REACHED_FORCE,REACHED_FORCE,,1,0,0,1,0,0,,,,8.479824049195672e-08,NaN,2.253964489357108e-08,NaN,,,8.538529525419227e-07,2.288033722459329e-07,,solution good enough for the tolerances given,solution good enough for the tolerances given,,8.538529525419227e-07,2.288033722459329e-07,,8.954757508422562e-12,8.479824049195672e-08,1.139643154152159e-11,2.253964489357108e-08,,,8.479824049195672e-08,2.253964489357108e-08,,1.380079642348639e-03,1.410293361899405e+00,1.490100838717781e-04,1.289926608533995e-04,2.870206927256533e-01,7.760416666666666e-01,9.999971874446836e-01,1.023485550866177e-06,9.999989765144491e-01,9.999981215468949e-01,9.999969468196711e-01,9.999957144875495e-01,9.999941458144169e-01,9.999926328434426e-01,9.999909281160200e-01,9.999899587743295e-01,4.136232590084630e-16,1.086320163516619e-27,1.784671873992161e-03,1.647052973308571e-01,2.312091414049131e-01,3.061526440870778e-01,1.387164157999485e-01,8.766260431506660e-02,6.661144601232559e-02,3.157779175818961e-03,8.378252629036630e-45,2.860959036148728e-21,false
4,3.162000000000000e+05,0,2,CONTINUE,3.332453145894056e-03,5.042353253375269e-04,1.000000000000000e-09,3.332453145894057e-04,2.220479253348611e-14,3.572995228866269e-33,9.770230112801142e+00,9.900000000000000e-01,,,2.213663246925698e+00,1.082647146941418e-01,6.340034887771342e-02,2.932531399475434e-02,2.126384401961315e+00,REACHED_FORCE,REACHED_FORCE,,1,0,0,1,0,0,,,,2.681799281950559e-08,NaN,7.128228729502695e-09,NaN,,,2.700365386948708e-07,7.235973680419548e-08,,solution good enough for the tolerances given,solution good enough for the tolerances given,,2.700365386948708e-07,7.235973680419548e-08,,4.392889741203221e-11,2.681799281950559e-08,5.408178158777810e-11,7.128228729502695e-09,,,2.681799281950559e-08,7.128228729502695e-09,,7.761117044295985e-04,1.410290476244752e+00,1.490100838717781e-04,1.289926608533995e-04,2.870206927256533e-01,7.760416666666666e-01,9.787053779646334e-01,3.236929206895667e-07,9.999996763070793e-01,9.999994059263050e-01,9.999990344074707e-01,9.999986446735842e-01,9.999981485672945e-01,9.999976700811495e-01,9.999971309481621e-01,9.999968243841624e-01,1.405786394681446e-25,1.129781091367514e-27,1.784945608921340e-03,1.647061618718203e-01,2.312115598098415e-01,3.061506082925896e-01,1.387152611567316e-01,8.766193890783976e-02,6.661175788828093e-02,3.157766463974831e-03,2.350817172623370e-24,2.038764784467660e-20,false
4,1.000000000000000e+06,0,2,CONTINUE,3.332453145894056e-03,5.042353252639761e-04,1.000000000000000e-09,3.332453145894057e-04,2.220479253348611e-14,5.400943378841909e-33,9.770137463913469e+00,9.900000000000000e-01,,,2.213663310111134e+00,1.082647364963239e-01,6.340032724415443e-02,2.932531399475434e-02,2.126384401961315e+00,REACHED_FORCE,REACHED_FORCE,,1,0,0,1,0,0,,,,8.479857357968079e-09,NaN,2.253940055430004e-09,NaN,,,8.538563522653880e-08,2.288008918130783e-08,,solution good enough for the tolerances given,solution good enough for the tolerances given,,8.538563522653880e-08,2.288008918130783e-08,,1.082815738115417e-10,8.479857357968079e-09,1.339364105734653e-10,2.253940055430004e-09,,,8.479857357968079e-09,2.253940055430004e-09,,4.364208463785575e-04,1.410289563565128e+00,1.490100838717781e-04,1.289926608533995e-04,2.870206927256533e-01,7.760416666666666e-01,2.937155150359512e-05,1.023526947641074e-07,9.999998976473052e-01,9.999998121536472e-01,9.999996946789071e-01,9.999995714448491e-01,9.999994145755657e-01,9.999992632781773e-01,9.999990928039758e-01,9.999989958680080e-01,1.673853707536177e-26,5.400943378841909e-27,1.785032008270446e-03,1.647064350766415e-01,2.312123286548293e-01,3.061499610017683e-01,1.387148968224786e-01,8.766172776047088e-02,6.661185639228037e-02,3.157762283261000e-03,1.499430280976977e-19,1.293855376106657e-19,false
4,3.162000000000000e+06,0,2,CONTINUE,3.332453145894056e-03,5.042353251966582e-04,1.000000000000000e-09,3.332453145894057e-04,2.220479253348611e-14,7.062327469387038e-33,9.770258876253287e+00,9.900000000000000e-01,,,2.213663330426928e+00,1.082647431526745e-01,6.340032063882535e-02,2.932531399475434e-02,2.126384401961315e+00,REACHED_FORCE,REACHED_FORCE,,1,0,0,1,0,0,,,,2.681802634130204e-09,NaN,7.128204554396333e-10,NaN,,,2.700368781672885e-08,7.235948855335264e-09,,solution good enough for the tolerances given,solution good enough for the tolerances given,,2.700368781672885e-08,7.235948855335264e-09,,2.841711727041840e-10,2.681802634130204e-09,3.892700415480954e-10,7.128204554396333e-10,,,2.681802634130204e-09,7.128204554396333e-10,,2.454283096110800e-04,1.410289274999144e+00,1.490100838717781e-04,1.289926608533995e-04,2.870206927256533e-01,7.760416666666666e-01,8.573777073470027e-08,3.236920620430794e-08,9.999999676307938e-01,9.999999405925883e-01,9.999999034405750e-01,9.999998644670255e-01,9.999998148562096e-01,9.999997670075171e-01,9.999997130940596e-01,9.999996824374787e-01,7.354928122426919e-26,2.233107945820181e-26,1.784953427608356e-03,1.647059942126253e-01,2.312124921056924e-01,3.061501621130553e-01,1.387149985662634e-01,8.766173162189758e-02,6.661190591175081e-02,3.157762041107153e-03,1.602483003871861e-19,1.883966393208251e-18,false
4,1.000000000000000e+07,0,2,CONTINUE,3.332453145894056e-03,5.042353270153572e-04,1.000000000000000e-09,3.332453145894057e-04,2.220479253348611e-14,4.241261595389285e-33,9.763309064979877e+00,9.900000000000000e-01,,,2.213663331052510e+00,1.082647466226759e-01,6.340031719735739e-02,2.932531399475434e-02,2.126384401961315e+00,REACHED_FORCE,REACHED_FORCE,,1,0,0,1,0,0,,,,8.479860702514941e-10,NaN,7.618945942894362e-10,NaN,,,8.538566968656749e-09,2.288006496788235e-09,,solution good enough for the tolerances given,solution good enough for the tolerances given,,8.538566968656749e-09,2.288006496788235e-09,,7.695053214420988e-10,8.479860702514941e-10,7.618945942894362e-10,2.253937661511607e-10,,,8.479860702514941e-10,7.618945942894362e-10,,1.380084319066592e-04,1.410289183731130e+00,1.490100838717781e-04,1.289926608533995e-04,2.870206927256533e-01,7.760416666666666e-01,4.909465358619547e-06,1.024242890501625e-08,9.999999897575711e-01,9.999999812140835e-01,9.999999694639801e-01,9.999999571405220e-01,9.999999414526479e-01,9.999999263255286e-01,9.999999092799411e-01,9.999998995860949e-01,1.667847610603637e-25,4.241261595389285e-26,1.791605888097862e-03,1.647396188081941e-01,2.312780246915683e-01,3.061038612886669e-01,1.386823037163638e-01,8.763834471816495e-02,6.660932512150390e-02,3.156915767440113e-03,2.369908141978227e-18,2.717998283548535e-17,false
4,3.162000000000000e+07,0,2,CONTINUE,3.332453145894056e-03,5.042353232799935e-04,1.000000000000000e-09,3.332453145894057e-04,2.220479253348611e-14,3.942557639172033e-33,6.075927491094393e+00,9.900000000000000e-01,,,2.213663347408837e+00,1.082647420876385e-01,6.340032167058152e-02,2.932531399475434e-02,2.126384401961315e+00,REACHED_FORCE,REACHED_FORCE,,1,0,0,1,0,0,,,,3.161788433934248e-09,NaN,3.527613604004110e-09,NaN,,,2.700369071374459e-09,7.235945629026974e-10,,solution good enough for the tolerances given,solution good enough for the tolerances given,,2.700369071374459e-09,7.235945629026974e-10,,3.161788433934248e-09,2.681803112913883e-10,3.527613604004110e-09,7.128202889061797e-11,,,3.161788433934248e-09,3.527613604004110e-09,,7.761125389434327e-05,1.410289154874526e+00,1.490100838717781e-04,1.289926608533995e-04,2.870206927256533e-01,7.760416666666666e-01,8.070329779828777e-01,5.205057718171702e-09,9.999999947949423e-01,9.999999928109009e-01,9.999999883563053e-01,9.999999836485017e-01,9.999999776545748e-01,9.999999715560142e-01,9.999999686519327e-01,3.486977603274062e-01,6.639782792748539e-25,1.246636725506197e-25,6.892519446839587e-02,1.755029465199445e-01,3.454471868573175e-01,2.162289046382701e-01,1.182621748163376e-01,7.015590346535906e-02,5.477689234375421e-03,1.168701378848658e-49,3.625467646936136e-17,2.135876366115096e-16,false
4,1.000000000000000e+08,0,2,CONTINUE,3.332453145894056e-03,5.042353386224985e-04,1.000000000000000e-09,3.332453145894057e-04,2.220479253348611e-14,3.471000786232644e-33,6.076413674278089e+00,9.900000000000000e-01,,,2.213663299057083e+00,1.082647515609441e-01,6.340031231760496e-02,2.932531399475434e-02,2.126384401961315e+00,REACHED_FORCE,REACHED_FORCE,,1,0,0,1,0,0,,,,9.811238961023039e-09,NaN,8.378724318958836e-09,NaN,,,8.538567754959940e-10,2.288006204873840e-10,,solution good enough for the tolerances given,solution good enough for the tolerances given,,8.538567754959940e-10,2.288006204873840e-10,,9.811238961023039e-09,8.479861951515844e-11,8.378724318958836e-09,2.253938702345692e-11,,,9.811238961023039e-09,8.378724318958836e-09,,4.364209966742630e-05,1.410289145747725e+00,1.490100838717781e-04,1.289926608533995e-04,2.870206927256533e-01,7.760416666666666e-01,9.999999980488381e-01,1.645707570219201e-09,9.999999983542924e-01,9.999999977269818e-01,9.999999963182893e-01,9.999999948296403e-01,9.999999929344421e-01,9.999999910061326e-01,9.999999900880521e-01,7.010328553128596e-11,2.263043938488463e-24,3.471000786232644e-25,6.888093209928536e-02,1.755317256157796e-01,3.454653875620590e-01,2.162244785106655e-01,1.182591806776057e-01,7.015425640421415e-02,5.484039130389864e-03,7.329458246957455e-47,4.320177538882451e-16,1.539476441818062e-15,false
4,3.162000000000000e+08,0,2,CONTINUE,3.332453145894056e-03,5.042353439780450e-04,1.000000000000000e-09,3.332453145894057e-04,2.220479253348611e-14,7.460438556762072e-33,6.086395243578401e+00,9.900000000000000e-01,,,2.213663289309506e+00,1.082647290856476e-01,6.340033450117705e-02,2.932531399475434e-02,2.126384401961315e+00,REACHED_FORCE,REACHED_FORCE,,1,0,0,1,0,0,,,,1.713352322041742e-08,NaN,2.618849297489345e-08,NaN,,,2.700368886254729e-10,7.235943362339767e-11,,solution good enough for the tolerances given,solution good enough for the tolerances given,,2.700368886254729e-10,7.235943362339767e-11,,1.713352322041742e-08,2.681800614912078e-11,2.618849297489345e-08,7.128179990711914e-12,,,1.713352322041742e-08,2.618849297489345e-08,,2.454283388852723e-05,1.410289142862064e+00,1.490100838717781e-04,1.289926608533995e-04,2.870206927256533e-01,7.760416666666666e-01,9.987744373962513e-01,5.196105767879544e-10,9.999999994803894e-01,9.999999992830211e-01,9.999999988364787e-01,9.999999983656869e-01,9.999999977658616e-01,9.999999971555544e-01,9.999999968653668e-01,2.711753101909093e-21,7.611026486683312e-24,2.358990671648167e-24,6.746327806663578e-02,1.765279494671143e-01,3.450953845804944e-01,2.169159589688285e-01,1.183687477996958e-01,7.012758942266703e-02,5.501091694538726e-03,5.753324077784816e-26,6.036276397869943e-15,2.068851884985640e-14,false
4,1.000000000000000e+09,0,2,CONTINUE,3.332453145894056e-03,5.042354243175326e-04,1.000000000000000e-09,3.332453145894057e-04,2.220479253348611e-14,2.981408200780700e-33,6.084629845750022e+00,9.900000000000000e-01,,,2.213663124994230e+00,1.082647530418288e-01,6.340031074521879e-02,2.932531399475434e-02,2.126384401961315e+00,REACHED_FORCE,REACHED_FORCE,,1,0,0,1,0,0,,,,7.918116023703653e-08,NaN,7.023038151379724e-08,NaN,,,8.538567547534747e-11,2.288006561046654e-11,,solution good enough for the tolerances given,solution good enough for the tolerances given,,8.538567547534747e-11,2.288006561046654e-11,,7.918116023703653e-08,8.479869584299138e-12,7.023038151379724e-08,2.253926212336665e-12,,,7.918116023703653e-08,7.023038151379724e-08,,1.380084368332071e-05,1.410289141949384e+00,1.490100838717781e-04,1.289926608533995e-04,2.870206927256533e-01,7.760416666666666e-01,4.182633371127650e-04,1.643485347813112e-10,9.999999998356515e-01,9.999999997730002e-01,9.999999996319968e-01,9.999999994831223e-01,9.999999992935134e-01,9.999999991006039e-01,9.999999990088071e-01,2.608090410425384e-23,1.097862653764995e-23,2.981408200780700e-24,6.809823147801265e-02,1.760146395368653e-01,3.453536832469954e-01,2.165523338791803e-01,1.183480257353194e-01,7.014230718350006e-02,5.490778939908652e-03,6.464635782327147e-15,1.255130802381638e-13,8.751700901821771e-14,false
4,3.162000000000000e+09,0,2,CONTINUE,3.332453145894056e-03,5.042352794347360e-04,1.000000000000000e-09,3.332453145894057e-04,2.220479253348611e-14,2.714580680860651e-33,6.195682636149507e+00,9.900000000000000e-01,,,2.213663655255603e+00,1.082645858597562e-01,6.340047527162922e-02,2.932531399475434e-02,2.126384401961315e+00,REACHED_FORCE,REACHED_FORCE,,1,0,0,1,0,0,,,,1.708275463802381e-07,NaN,2.275391428781248e-07,NaN,,,2.700366680863907e-11,7.235920045570221e-12,,solution good enough for the tolerances given,solution good enough for the tolerances given,,2.700366680863907e-11,7.235920045570221e-12,,1.708275463802381e-07,2.681806166027201e-12,2.275391428781248e-07,7.128256318544857e-13,,,1.708275463802381e-07,2.275391428781248e-07,,7.761126068446144e-06,1.410289141660818e+00,1.490100838717781e-04,1.289926608533995e-04,2.870206927256533e-01,7.760416666666666e-01,2.383446946097378e-09,5.104450195858590e-11,9.999999999489555e-01,9.999999999293099e-01,9.999999998840188e-01,9.999999998370315e-01,9.999999997768125e-01,9.999999997156301e-01,9.999999996867743e-01,7.313974914888384e-23,4.142567814023173e-23,8.583504112881378e-24,5.907012741737105e-02,1.816236903117600e-01,3.458923173853699e-01,2.183878470575442e-01,1.192629185567962e-01,7.014877175126849e-02,5.614327517201876e-03,1.541756959171086e-13,1.695801070885971e-12,8.386973234706151e-13,false
4,1.000000000000000e+10,0,2,CONTINUE,3.332453145894056e-03,5.042353932021424e-04,1.000000000000000e-09,3.332453145894057e-04,2.220479253348611e-14,1.273153375619736e-33,6.075108761798365e+00,9.900000000000000e-01,,,2.213664336313603e+00,1.082641547917994e-01,6.340089901866863e-02,2.932531399475434e-02,2.126384401961315e+00,REACHED_FORCE,REACHED_FORCE,,1,0,0,1,0,0,,,,1.102218195819923e-06,NaN,1.230586497816960e-06,NaN,,,8.538536047566254e-12,2.287978137642201e-12,,solution good enough for the tolerances given,solution good enough for the tolerances given,,8.538536047566254e-12,2.287978137642201e-12,,1.102218195819923e-06,8.480161017843102e-13,1.230586497816960e-06,2.254030295745224e-13,,,1.102218195819923e-06,1.230586497816960e-06,,4.364215690950354e-06,1.410289141569550e+00,1.490100838717781e-04,1.289926608533995e-04,2.870206927256533e-01,7.760416666666666e-01,9.991909844856129e-09,1.646061065230242e-11,9.999999999835394e-01,9.999999999772649e-01,9.999999999631803e-01,9.999999999482947e-01,9.999999999293430e-01,9.999999999100597e-01,9.999999999008762e-01,1.921081617625242e-22,1.034618782628041e-22,1.273153375619736e-23,6.899046549304858e-02,1.753742576332809e-01,3.455446128050338e-01,2.162067602544805e-01,1.182569748375780e-01,7.015101320934326e-02,5.475915744399094e-03,3.840173533073010e-12,1.248435311393893e-11,6.512062345111921e-12,false
4,3.162000000000000e+10,0,2,CONTINUE,3.332453145894056e-03,5.042352747792492e-04,1.000000000000000e-09,3.332453145894057e-04,2.220479253348611e-14,5.640245170489592e-33,5.579318031938350e+00,9.900000000000000e-01,,,2.213663172913497e+00,1.082633415625100e-01,6.340171110369099e-02,2.932531399475434e-02,2.126384401961315e+00,REACHED_FORCE,REACHED_FORCE,,1,0,0,1,0,0,,,,2.981239786339646e-06,NaN,2.615700940929080e-06,NaN,,,2.700349246708064e-12,7.235701660958287e-13,,solution good enough for the tolerances given,solution good enough for the tolerances given,,2.700349246708064e-12,7.235701660958287e-13,,2.981239786339646e-06,2.681674327043027e-13,2.615700940929080e-06,7.126937928703114e-14,,,2.981239786339646e-06,2.615700940929080e-06,,2.454287795574104e-06,1.410289141540693e+00,1.490100838717781e-04,1.289926608533995e-04,2.870206927256533e-01,7.760416666666666e-01,4.578058510262171e-03,5.668354674526199e-12,9.999999999943316e-01,9.999999999908142e-01,9.999999999861560e-01,9.999999999794371e-01,9.999999999727973e-01,9.999999999698030e-01,9.999790413643790e-01,1.334237049753477e-21,5.283203849368533e-22,1.783445522908809e-22,1.386571343722931e-01,2.472889066045516e-01,3.572370002224977e-01,1.611881314631311e-01,7.158923884808915e-02,2.403958824779364e-02,1.736612108823223e-42,1.932245072283792e-12,6.734271293890867e-11,1.723695684705394e-10,false
4,1.000000000000000e+11,0,2,CONTINUE,3.332453145894056e-03,5.042213146369722e-04,1.000000000000000e-09,3.332453145894057e-04,2.220479253348611e-14,5.210819009465956e-33,-1.000000000028578e+00,9.900000000000000e-01,,,2.213732809719358e+00,1.082453247741636e-01,6.341945564150835e-02,2.932531399475434e-02,2.126384401961315e+00,REACHED_FORCE,REACHED_FORCE,,1,0,0,1,0,0,,,,7.613563845217108e-06,NaN,8.577490549627025e-06,NaN,,,8.537614619835548e-13,2.287012670610090e-13,,solution good enough for the tolerances given,solution good enough for the tolerances given,,8.537614619835548e-13,2.287012670610090e-13,,7.613563845217108e-06,8.480716129355415e-14,8.577490549627025e-06,2.254446629379458e-14,,,7.613563845217108e-06,8.577490549627025e-06,,1.380087188178259e-06,1.410289141531567e+00,1.490100838717781e-04,1.289926608533995e-04,2.870206927256533e-01,7.760416666666666e-01,3.528392200140383e-01,-2.857847292148108e-11,1.000000000028578e+00,9.999999999977602e-01,9.999999999953770e-01,9.999999999920639e-01,9.999999999905311e-01,9.999999999593794e-01,8.755044847923500e-01,4.598375266997943e-21,1.941596548948548e-21,5.210819009465956e-22,1.765874805150282e-08,3.330650285678207e-01,5.008212531202497e-01,1.327160566870936e-01,3.339762960140485e-02,1.153038988748552e-08,1.403934665741897e-41,1.409145089138166e-11,9.928586333562350e-10,1.827344047282299e-09,false
4,3.162000000000000e+11,0,2,CONTINUE,3.332453145894056e-03,5.042403751817123e-04,1.000000000000000e-09,3.332453145894057e-04,2.220479253348611e-14,5.184254402178295e-33,-1.000000000098650e+00,9.900000000000000e-01,,,2.213656151546806e+00,1.082523782865926e-01,6.341274395108169e-02,2.932531399475434e-02,2.126384401961315e+00,REACHED_FORCE,REACHED_FORCE,,1,0,0,1,0,0,,,,1.981472396179150e-05,NaN,2.971025900364108e-05,NaN,,,2.700056727448786e-13,7.235185405625061e-14,,solution good enough for the tolerances given,solution good enough for the tolerances given,,2.700056727448786e-13,7.235185405625061e-14,,1.981472396179150e-05,2.679800825688972e-14,2.971025900364108e-05,7.133182933216631e-15,,,1.981472396179150e-05,2.971025900364108e-05,,7.761327208695730e-07,1.410289141528681e+00,1.490100838717781e-04,1.289926608533995e-04,2.870206927256533e-01,7.760416666666666e-01,9.998693330941920e-01,-9.865042116530276e-11,1.000000000098650e+00,1.000000000004738e+00,1.000000000001247e+00,9.999999999986104e-01,9.999999999952935e-01,9.999999999160545e-01,2.613167430719837e-04,2.973910802626318e-20,7.324228237765858e-21,1.639261241968777e-21,2.572042541536768e-11,1.198105367967810e-03,1.989018095671139e-02,9.588838415286535e-01,2.002784106049195e-02,4.789774254160114e-11,1.302362592853165e-39,6.151610167130369e-11,9.157990837513445e-09,2.179305148359378e-08,false
4,1.000000000000000e+12,0,2,CONTINUE,3.332453145894056e-03,5.041972078073175e-04,1.000000000000000e-09,3.332453145894057e-04,2.220479253348611e-14,5.802696333663514e-33,-1.000000000160864e+00,9.900000000000000e-01,,,2.213763956232936e+00,1.082027538831416e-01,6.346416766113523e-02,2.932531399475434e-02,2.126384401961315e+00,REACHED_FORCE,REACHED_FORCE,,1,0,0,1,0,0,,,,8.103170825666823e-05,NaN,8.351258149318433e-05,NaN,,,8.534728006309826e-14,2.285717679058536e-14,,solution good enough for the tolerances given,solution good enough for the tolerances given,,8.534728006309826e-14,2.285717679058536e-14,,8.103170825666823e-05,8.472389456670726e-15,8.351258149318433e-05,2.262079412673756e-15,,,8.103170825666823e-05,8.351258149318433e-05,,4.364759463893931e-07,1.410289141527768e+00,1.490100838717781e-04,1.289926608533995e-04,2.870206927256533e-01,7.760416666666666e-01,7.184764440386254e-02,-1.608637667516177e-10,1.000000000160864e+00,1.000000000072339e+00,9.999999999995564e-01,9.999999999513252e-01,9.999999998313973e-01,9.999999997449862e-01,9.948379159158648e-01,3.353458288552950e-20,1.539440730190868e-20,5.802696333663514e-21,1.376150135768302e-07,2.306304816538353e-06,9.999910814316136e-01,5.856162683126038e-06,3.243056677695921e-07,3.876893094076907e-08,3.268323454622894e-39,3.840799668276931e-09,1.290133121785957e-07,1.225571635937500e-07,false
4,3.162000000000000e+12,0,2,CONTINUE,3.332453145894056e-03,5.043252528844041e-04,1.000000000000000e-09,3.332453145894057e-04,2.220479253348611e-14,6.488563115845863e-33,-1.000000000336074e+00,9.900000000000000e-01,,,2.213484448231840e+00,1.081910982186422e-01,6.349602180166911e-02,2.932531399475434e-02,2.126384401961315e+00,REACHED_FORCE,REACHED_FORCE,,1,0,0,1,0,0,,,,2.036503842312754e-04,NaN,2.546652948392666e-04,NaN,,,2.698880821516677e-14,7.229927884398876e-15,,solution good enough for the tolerances given,solution good enough for the tolerances given,,2.698880821516677e-14,7.229927884398876e-15,,2.036503842312754e-04,2.671474153004283e-15,2.546652948392666e-04,7.424616477180734e-16,,,2.036503842312754e-04,2.546652948392666e-04,,2.454686853415438e-07,1.410289141527480e+00,1.490100838717781e-04,1.289926608533995e-04,2.870206927256533e-01,7.760416666666666e-01,9.988336837520339e-01,-3.360742795166516e-10,1.000000000336074e+00,1.000000000203586e+00,1.000000000063756e+00,9.999999999998599e-01,9.999999999246392e-01,9.999999998247948e-01,2.331272278296444e-03,1.369894223166688e-19,6.269528566905133e-20,2.051683657230462e-20,7.311975467603302e-10,2.314776395728077e-08,3.320939156640353e-07,9.999971279541440e-01,2.007662697224142e-07,1.865237306783857e-08,1.229186543613472e-38,1.108696410543905e-07,1.059314527940944e-06,1.126470167980998e-06,false
4,1.000000000000000e+13,0,4,CONTINUE,3.332453145894056e-03,5.042794355324811e-04,1.000000000000000e-09,3.332453145894057e-04,2.220479253348611e-14,3.869440301810077e-33,-1.000000000033122e+00,9.900000000000000e-01,,,2.213511586027152e+00,1.083121055555963e-01,6.338760076815575e-02,2.932531399475434e-02,2.126384401961315e+00,REACHED_FORCE,REACHED_FORCE,,1,1,1,1,1,1,,,,8.466119097316428e-04,1.312895629904587e-05,8.246411518340649e-04,1.174370076289111e-05,,,8.475883756358105e-15,2.238027257735679e-15,,solution good enough for the tolerances given,solution good enough for the tolerances given,,8.475883756358105e-15,2.238027257735679e-15,,8.466119097316428e-04,8.604228440844963e-16,8.246411518340649e-04,3.122502256758253e-16,,,1.312895629904587e-05,1.174370076289111e-05,,1.381213121661421e-07,1.410289141527388e+00,1.490100838717781e-04,1.289926608533995e-04,2.870206927256533e-01,7.760416666666666e-01,9.992098927410352e-01,-3.312194962745707e-11,1.000000000033122e+00,1.000000000021024e+00,1.000000000004766e+00,9.999999999999558e-01,9.999999999888209e-01,9.999999999773836e-01,6.002075528980803e-17,2.778497181878718e-19,1.301954242140610e-19,3.869440301810077e-20,2.794475448612039e-08,2.166541017718342e-07,6.003086807012716e-06,9.999652773155437e-01,9.229721913923470e-07,7.914085371251446e-08,1.770973465608170e-22,1.180636910444245e-06,1.593520523729004e-05,1.035704360024958e-05,false
4,3.162000000000000e+13,0,4,CONTINUE,3.332453145894056e-03,5.043624169204905e-04,1.000000000000000e-09,3.332453145894057e-04,2.220479253348611e-14,4.007370402567783e-33,-1.000000000034510e+00,9.900000000000000e-01,,,2.213264303549232e+00,1.084703226737937e-01,6.353761536925050e-02,2.932531399475434e-02,2.126384401961315e+00,REACHED_FORCE,REACHED_FORCE,,1,1,1,1,1,1,,,,2.134919835873311e-03,6.686704449592124e-05,2.299081798495584e-03,8.002859463400154e-05,,,2.698754756110132e-15,7.818196825994463e-16,,solution good enough for the tolerances given,solution good enough for the tolerances given,,2.698754756110132e-15,7.818196825994463e-16,,2.134919835873311e-03,2.983724378680108e-16,2.299081798495584e-03,1.318389841742373e-16,,,6.686704449592124e-05,8.002859463400154e-05,,7.765965311832512e-08,1.410289141527360e+00,1.490100838717781e-04,1.289926608533995e-04,2.870206927256533e-01,7.760416666666666e-01,2.402711633008543e-04,-3.451017249744837e-11,1.000000000034510e+00,1.000000000003197e+00,1.000000000000084e+00,9.999999999999858e-01,9.999999999970399e-01,9.999999998662505e-01,2.443712310598852e-18,1.418745711448932e-18,4.414968056880762e-19,1.267130521291933e-19,2.492928904750568e-36,4.001290165552050e-29,8.390525940178278e-29,9.997387159331156e-01,4.205684512029655e-29,7.351315555085091e-37,4.114973472809463e-07,4.565146833150624e-06,8.632720917869588e-05,1.699802135256373e-04,false
4,1.000000000000000e+14,0,8,CONTINUE,3.332453145894056e-03,5.045611249685785e-04,1.000000000000000e-09,3.332453145894057e-04,2.220479253348611e-14,2.942069805644372e-33,-1.000000002717250e+00,9.900000000000000e-01,,,2.212063824923734e+00,1.124218597348109e-01,6.948438801559922e-02,2.932531399475434e-02,2.126384401961315e+00,REACHED_FORCE,REACHED_FORCE,,1,3,3,1,3,3,,,,7.615115156804551e-03,2.119825468251919e-03,8.137876700068459e-03,2.287851951509192e-03,,,8.309090045705166e-16,4.255980630473070e-16,,solution good enough for the tolerances given,solution good enough for the tolerances given,,8.309090045705166e-16,4.255980630473070e-16,,7.615115156804551e-03,1.110223024625157e-16,8.137876700068459e-03,1.110223024625157e-16,,,1.619043106171275e-04,2.556190495487823e-04,,3.939364125554918e-08,1.410289141527350e+00,1.490100838717781e-04,1.289926608533995e-04,2.870206927256533e-01,7.760416666666666e-01,9.964776432385175e-01,-2.717250424666418e-09,1.000000002717250e+00,1.000000000294314e+00,9.999999999999949e-01,9.999999999999178e-01,9.999999995656956e-01,9.999999973091871e-01,1.213844731478470e-16,3.021810839369625e-18,1.542614885187708e-18,2.942069805644372e-19,6.872288602892324e-35,1.047371241726306e-35,9.978994373665744e-01,1.687470947602366e-29,6.074323522933757e-36,1.178601708920896e-34,5.720758718411180e-16,5.642061740495341e-05,8.263806884793792e-04,1.217761327540663e-03,false
4,3.162000000000000e+14,1,5,CONTINUE,3.332453145894056e-03,1.839244854995175e-03,1.000000000000000e-09,3.332453145894057e-04,2.220479253348611e-14,3.208591787539629e-33,-1.000000000366109e+00,6.226799913379660e-01,,,1.379680930169079e+00,1.725315342979414e-01,8.616369411783979e-02,2.932531399475434e-02,2.126384401961315e+00,REFINE_STALLED,REFINE_STALLED,,1,2,2,1,1,1,,,,2.786025386354117e-02,8.445976489282482e-03,1.696266411467034e-02,9.411421424316065e-03,,,2.982917421429737e-16,2.231531450026248e-16,,solution good enough for the tolerances given,solution good enough for the tolerances given,,2.982917421429737e-16,2.231531450026248e-16,,2.786025386354117e-02,5.551115123125783e-17,1.696266411467034e-02,4.163336342344337e-17,,,5.682900215533545e-03,9.411421424316065e-03,,2.105302425079980e-08,1.410289141527348e+00,1.490100838717781e-04,1.289926608533995e-04,2.870206927256533e-01,7.760416666666666e-01,3.508021563909492e-06,-3.661093650464409e-10,1.000000000366109e+00,1.000000000083032e+00,1.000000000000003e+00,9.999999999999989e-01,9.999999996841840e-01,9.999999993375226e-01,2.930810508194868e-17,1.446994191867818e-17,5.140266279405965e-18,1.014556723220031e-18,2.835501242920029e-34,4.871820544350953e-36,3.728695460593257e-30,9.817097330499670e-01,6.449378466565987e-36,1.373815942297795e-33,4.844560381778187e-06,6.375574032696701e-04,6.697976617093987e-03,1.094988836928776e-02,false
4,1.000000000000000e+15,1,6,CONTINUE,3.332453145894056e-03,3.331884226677794e-03,1.000000000000000e-09,3.332453145894057e-04,2.220479253348611e-14,6.358611284750960e-40,3.035363801475211e-06,9.900000000000000e-01,,,1.415987249382865e-04,3.923011145086236e-01,3.738552127061474e-01,2.932531399475434e-02,2.126384401961315e+00,REFINE_STALLED,REFINE_STALLED,,1,2,2,1,2,2,,,,1.352620260853747e+01,6.058252087590090e-02,1.353473823662987e+01,1.132543313850037e-02,,,1.350453559423194e-13,1.342074817629003e-13,,solution good enough for the tolerances given,solution good enough for the tolerances given,,1.350453559423194e-13,1.342074817629003e-13,,1.352620260853747e+01,1.368509289451179e-14,1.353473823662987e+01,1.360753008753171e-14,,,6.058241170658347e-02,1.132541272347648e-02,,3.162278298293203e-05,1.410289141881884e+00,1.490100838717781e-04,1.289926608533995e-04,2.870206927256533e-01,7.760416666666666e-01,2.963937723472552e-11,3.294498007733182e-10,9.999999996705502e-01,9.999999994896387e-01,9.999999994862010e-01,9.999999994808464e-01,9.999999990980755e-01,9.999999990967308e-01,9.999999990953881e-01,4.724717797727556e-24,2.058792495707060e-24,6.358611284750960e-25,3.789536027153127e-05,7.090767850225549e-08,5.344318210301810e-05,5.752550688285428e-05,2.660350092707722e-01,4.502545455998738e-01,2.835612984534086e-01,2.724679634710430e-09,4.687001363743705e-08,1.621243167040824e-07,false
4,3.162000000000000e+15,1,6,CONTINUE,3.332453145894056e-03,3.331884576749957e-03,1.000000000000000e-09,3.332453145894057e-04,2.220479253348611e-14,1.726288750619339e-40,9.599493073669710e-07,9.900000000000000e-01,,,1.415983938131496e-04,1.185187551770750e+00,1.168609130249640e+00,2.932531399475434e-02,2.126384401961315e+00,REFINE_STALLED,REFINE_STALLED,,1,2,2,1,2,2,,,,4.278552850961900e+01,6.058267016401137e-02,4.279404419764789e+01,1.132530329940245e-02,,,1.347184866746283e-13,1.344535054672265e-13,,solution good enough for the tolerances given,solution good enough for the tolerances given,,1.347184866746283e-13,1.344535054672265e-13,,4.278552850961900e+01,1.365472337522093e-14,4.279404419764789e+01,1.363018991293666e-14,,,6.058263563848230e-02,1.132529684310406e-02,,3.162277861978901e-05,1.410289141881883e+00,1.490100838717781e-04,1.289926608533995e-04,2.870206927256533e-01,7.760416666666666e-01,1.447175994688536e-11,3.294502448625281e-10,9.999999996705498e-01,9.999999994868836e-01,9.999999994861501e-01,9.999999994808435e-01,9.999999990980759e-01,9.999999990967303e-01,9.999999990953881e-01,3.702242690296589e-24,1.525023630058784e-24,5.458525029458351e-25,3.771181695833385e-05,3.758468888518985e-06,5.026508470993351e-05,5.794843543217916e-05,2.660134248595656e-01,4.506232517763764e-01,2.832134268112771e-01,3.481748786152400e-09,8.923922803791615e-08,1.200258145377399e-07,false
4,1.000000000000000e+16,1,6,CONTINUE,3.332453145894056e-03,3.331884687465612e-03,1.000000000000000e-09,3.332453145894057e-04,2.220479253348611e-14,3.021203256033646e-41,3.035355618324544e-07,9.900000000000000e-01,,,1.415983606944424e-04,3.730238601790191e+00,3.691437254145299e+00,2.932531399475434e-02,2.126384401961315e+00,REFINE_STALLED,REFINE_STALLED,,1,2,2,1,2,2,,,,1.353272455548308e+02,6.058271738115268e-02,1.353357709323746e+02,1.132526223348260e-02,,,1.346151055726962e-13,1.345313198062081e-13,,solution good enough for the tolerances given,solution good enough for the tolerances given,,1.346151055726962e-13,1.345313198062081e-13,,1.353272455548308e+02,1.364511802159907e-14,1.353357709323746e+02,1.363735919980222e-14,,,6.058270646416756e-02,1.132526019200764e-02,,3.162277723980868e-05,1.410289141881883e+00,1.490100838717781e-04,1.289926608533995e-04,2.870206927256533e-01,7.760416666666666e-01,1.860731711821922e-11,3.294506889517379e-10,9.999999996705493e-01,9.999999994867992e-01,9.999999994861430e-01,9.999999994808448e-01,9.999999990980764e-01,9.999999990967303e-01,9.999999990953887e-01,4.464823472780533e-24,1.963017926108527e-24,3.021203256033646e-25,3.765382614813130e-05,5.012349073167656e-06,4.909551021037028e-05,5.816177807202353e-05,2.657403960367775e-01,4.507541144499843e-01,2.833553529828146e-01,3.385944594258842e-09,7.635954633975841e-08,1.333214290817515e-07,false
4,3.162000000000000e+16,1,6,CONTINUE,3.332453145894056e-03,3.331884722462505e-03,1.000000000000000e-09,3.332453145894057e-04,2.220479253348611e-14,1.004639760439214e-41,9.599493073669709e-08,9.900000000000000e-01,,,1.415983573833153e-04,1.178940012770786e+01,1.167103197223116e+01,2.932531399475434e-02,2.126384401961315e+00,REFINE_STALLED,REFINE_STALLED,,1,2,2,1,2,2,,,,4.279204783723342e+02,6.058273231001176e-02,4.279288972461128e+02,1.132524924956366e-02,,,1.345824234978896e-13,1.345559278648694e-13,,solution good enough for the tolerances given,solution good enough for the tolerances given,,1.345824234978896e-13,1.345559278648694e-13,,4.279204783723342e+02,1.364207717331842e-14,4.279288972461128e+02,1.363962247183728e-14,,,6.058272885745351e-02,1.132524860393657e-02,,3.162277680349432e-05,1.410289141881883e+00,1.490100838717781e-04,1.289926608533995e-04,2.870206927256533e-01,7.760416666666666e-01,2.671657619548641e-11,3.294502448625281e-10,9.999999996705498e-01,9.999999994897424e-01,9.999999994862019e-01,9.999999994808464e-01,9.999999990980757e-01,9.999999990967303e-01,9.999999990953881e-01,4.098182032635974e-24,1.586614439332725e-24,3.176670922508796e-25,3.763587021077955e-05,6.595084235713421e-08,5.400728926898093e-05,5.829006159456573e-05,2.657713114964424e-01,4.507943482787784e-01,2.832841278772144e-01,1.145647101876690e-09,4.702786029045609e-08,1.650021408085150e-07,false
4,1.000000000000000e+17,1,6,CONTINUE,3.332453145894056e-03,3.331884733512559e-03,1.000000000000000e-09,3.332453145894057e-04,2.220479253348611e-14,2.968569575880676e-42,3.035353572543771e-08,9.900000000000000e-01,,,1.415983570522055e-04,3.728292876015110e+01,3.690994957907395e+01,2.932531399475434e-02,2.126384401961315e+00,REFINE_STALLED,REFINE_STALLED,,1,2,2,1,2,2,,,,1.353337441829581e+03,6.058273703173070e-02,1.353346229380463e+03,1.132524514297573e-02,,,1.345720877982942e-13,1.345637106827843e-13,,solution good enough for the tolerances given,solution good enough for the tolerances given,,1.345720877982942e-13,1.345637106827843e-13,,1.353337441829581e+03,1.364112002608803e-14,1.353346229380463e+03,1.364034414390834e-14,,,6.058273594003166e-02,1.132524493882851e-02,,3.162277666549628e-05,1.410289141881883e+00,1.490100838717781e-04,1.289926608533995e-04,2.870206927256533e-01,7.760416666666666e-01,2.153174241514640e-11,3.294509109963428e-10,9.999999996705491e-01,9.999999994876185e-01,9.999999994861830e-01,9.999999994808446e-01,9.999999990980757e-01,9.999999990967299e-01,9.999999990953883e-01,2.793102391132116e-24,1.044327809152193e-24,2.968569575880676e-25,3.762873302158104e-05,7.328639320378167e-07,5.341710812130610e-05,5.824296895892366e-05,2.661280434494404e-01,4.508172528626049e-01,2.829044688060561e-01,2.489243370098192e-09,8.494447587730608e-08,1.257741455684695e-07,false
4,3.162000000000000e+17,1,6,CONTINUE,3.332453145894056e-03,3.331884736944946e-03,1.000000000000000e-09,3.332453145894057e-04,2.220479253348611e-14,9.672568347189903e-43,9.599493073669710e-09,9.900000000000000e-01,,,1.415983570191246e-04,1.178880834755708e+02,1.167091552740578e+02,2.932531399475434e-02,2.126384401961315e+00,REFINE_STALLED,REFINE_STALLED,,1,2,2,1,2,2,,,,4.279267988279020e+03,6.058273852461709e-02,4.279278233874940e+03,1.132524384460023e-02,,,1.345688252852723e-13,1.345661738957386e-13,,solution good enough for the tolerances given,solution good enough for the tolerances given,,1.345688252852723e-13,1.345661738957386e-13,,4.279267988279020e+03,1.364081509422702e-14,4.279278233874940e+03,1.364056776060642e-14,,,6.058273817936121e-02,1.132524378003755e-02,,3.162277662186484e-05,1.410289141881883e+00,1.490100838717781e-04,1.289926608533995e-04,2.870206927256533e-01,7.760416666666666e-01,1.825758091577604e-11,3.294502448625281e-10,9.999999996705498e-01,9.999999994873365e-01,9.999999994861761e-01,9.999999994808444e-01,9.999999990980766e-01,9.999999990967310e-01,9.999999990953887e-01,2.895452751793500e-24,1.143110120575560e-24,3.058466111381447e-25,3.762739367793496e-05,1.211722090303890e-06,5.295036193275295e-05,5.824073548008060e-05,2.658183431618807e-01,4.507861982334069e-01,2.832452151684252e-01,3.978632044269420e-09,8.113785518558666e-08,1.281066195389936e-07,false
4,1.000000000000000e+18,1,6,CONTINUE,3.332453145894056e-03,3.331884737839854e-03,1.000000000000000e-09,3.332453145894057e-04,2.220479253348611e-14,3.839140773703695e-43,3.035357664108074e-09,9.900000000000000e-01,,,1.415983570158258e-04,3.728273287222632e+02,3.690990404956650e+02,2.932531399475434e-02,2.126384401961315e+00,REFINE_STALLED,REFINE_STALLED,,1,2,2,1,2,2,,,,1.353344404805536e+04,6.058273899678903e-02,1.353344985954442e+04,1.132524343391337e-02,,,1.345677872853712e-13,1.345669542384697e-13,,solution good enough for the tolerances given,solution good enough for the tolerances given,,1.345677872853712e-13,1.345669542384697e-13,,1.353344404805536e+04,1.364071853247103e-14,1.353344985954442e+04,1.364064229950578e-14,,,6.058273888761912e-02,1.132524341349865e-02,,3.162277660806504e-05,1.410289141881883e+00,1.490100838717781e-04,1.289926608533995e-04,2.870206927256533e-01,7.760416666666666e-01,1.068936638755736e-11,3.294504669071330e-10,9.999999996705495e-01,9.999999994868669e-01,9.999999994861499e-01,9.999999994808451e-01,9.999999990980761e-01,9.999999990967301e-01,9.999999990953885e-01,3.878838616785887e-24,1.249106130521152e-24,3.839140773703695e-25,3.762730926080043e-05,4.033718681753049e-06,5.013452152427736e-05,5.823629918635007e-05,2.658830092262161e-01,4.508294234631265e-01,2.831373222392927e-01,3.949125326068579e-09,6.218026709806298e-08,1.470933192213251e-07,false
5,1.000000000000000e+00,0,8,CONTINUE,5.042357213236744e-04,7.629609904841220e-05,1.000000000000000e-09,5.042357213236744e-05,2.220462110322533e-14,1.005447970450469e+00,5.283945451913527e+01,9.900000000000000e-01,,,8.637400336035437e-01,4.023918742922824e-02,2.359546345118223e-02,3.030514649183377e-02,2.118027581857608e+00,REACHED_FORCE,REACHED_FORCE,,4,0,0,4,0,0,,,,1.154646588444851e-05,NaN,3.099528499552612e-06,NaN,,,2.254360946436012e-02,6.058284138404624e-03,,solution good enough for the tolerances given,solution good enough for the tolerances given,,5.275336707341448e-05,1.412187601224427e-05,,4.770489558936220e-17,1.154646588444851e-05,6.516055056637882e-17,3.099528499552612e-06,,,1.154646588444851e-05,3.099528499552612e-06,,3.588467418156119e-01,1.780054776501763e+00,7.339744987492493e-05,1.289926608533532e-06,2.869741994447440e-01,7.760416666666666e-01,1.341895845534424e-01,1.857373944315477e-02,9.814262605568452e-01,9.251960468038309e-01,8.491477548375713e-01,8.059811817077913e-01,7.449103418970923e-01,6.946470995503459e-01,6.356174826238804e-01,5.798606618367227e-01,5.254599485730471e-01,5.013582926435247e-01,5.960169824244567e-05,6.032628454916553e-05,1.505101393742090e-01,1.631838448024367e-01,2.428534932758787e-01,2.316368110561941e-01,1.060329379024526e-01,6.540969779288434e-02,3.785673256137304e-02,2.396415251779610e-03,false
5,3.162000000000000e+00,0,6,CONTINUE,5.042357213236744e-04,7.629609937365045e-05,1.000000000000000e-09,5.042357213236744e-05,2.220462110322533e-14,9.905723538325462e-01,4.836053141299921e+01,9.900000000000000e-01,,,8.637389319068685e-01,4.023913382127024e-02,2.359551474111100e-02,3.030514649183377e-02,2.118027581857608e+00,REACHED_FORCE,REACHED_FORCE,,3,0,0,3,0,0,,,,6.589419048276535e-06,NaN,1.763577584945261e-06,NaN,,,8.835438890972453e-03,2.370980213180089e-03,,solution good enough for the tolerances given,solution good enough for the tolerances given,,2.923196907139911e-05,7.821923483549378e-06,,1.024571052998802e-16,6.589419048276535e-06,1.498367402374967e-16,1.763577584945261e-06,,,6.589419048276535e-06,1.763577584945261e-06,,2.251210449885530e-01,1.536921557649435e+00,7.339744987492493e-05,1.289926608533532e-06,2.869741994447440e-01,7.760416666666666e-01,6.909633985795473e-02,6.497050325304676e-03,9.935029496746953e-01,9.472045645225858e-01,9.312776937839806e-01,9.057163655606036e-01,8.819570750823968e-01,8.519936856079422e-01,8.192940340892310e-01,7.966320395931501e-01,7.760216759943905e-01,7.579975624164306e-01,4.488019565820957e-05,1.129608424027886e-01,1.338630724091775e-01,2.041434517235909e-01,2.578762023683429e-01,1.327309494508563e-01,8.549630123906959e-02,2.279066969041538e-02,4.821590396872700e-02,1.877726551372823e-03,false
5,1.000000000000000e+01,0,5,CONTINUE,5.042357213236744e-04,7.629609625001202e-05,1.000000000000000e-09,5.042357213236744e-05,2.220462110322533e-14,4.996461840165271e-03,3.192820930608584e+01,9.900000000000000e-01,,,8.637429879620430e-01,4.023608448897134e-02,2.359856777916744e-02,3.030514649183377e-02,2.118027581857608e+00,REACHED_FORCE,REACHED_FORCE,,3,0,0,2,0,0,,,,3.007512600836093e-07,NaN,2.977184473481123e-06,NaN,,,3.039564044244525e-03,8.151261988228470e-04,,solution good enough for the tolerances given,solution good enough for the tolerances given,,1.267408807633306e-06,1.526603515461603e-05,,4.770489558936220e-16,3.007512600836093e-07,5.621588264337340e-16,2.977184473481123e-06,,,3.007512600836093e-07,2.977184473481123e-06,,1.337550696379130e-01,1.451535166975822e+00,7.339744987492493e-05,1.289926608533532e-06,2.869741994447440e-01,7.760416666666666e-01,9.442404880160876e-01,3.122247611295537e-03,9.968777523887045e-01,9.822842550862435e-01,9.746319618756865e-01,9.635455861556722e-01,9.521923691967620e-01,9.385601964692277e-01,9.287241456650021e-01,9.165455548240625e-01,9.084366958275879e-01,4.758695438491365e-02,6.282324413380089e-05,1.275999422544828e-01,1.618150864711891e-01,3.078016041369135e-01,1.906579387740938e-01,9.858739649696220e-02,5.147333906306378e-02,5.953088205039061e-02,2.470987508769378e-03,7.184170746047951e-29,false
5,3.162000000000000e+01,0,4,CONTINUE,5.042357213236744e-04,7.629609865075712e-05,1.000000000000000e-09,5.042357213236744e-05,2.220462110322533e-14,4.344585288837166e-13,2.514876127677332e+01,9.900000000000000e-01,,,8.637401300708000e-01,4.023900175309682e-02,2.359564128624101e-02,3.030514649183377e-02,2.118027581857608e+00,REACHED_FORCE,REACHED_FORCE,,2,0,0,2,0,0,,,,1.256912146901240e-06,NaN,3.322454895145904e-07,NaN,,,9.896794178446621e-04,2.653770858320175e-04,,solution good enough for the tolerances given,solution good enough for the tolerances given,,6.188255514829730e-06,1.651308248815345e-06,,1.462263470031200e-15,1.256912146901240e-06,2.269343567229409e-15,3.322454895145904e-07,,,1.256912146901240e-06,3.322454895145904e-07,,7.680982601156965e-02,1.423464148822205e+00,7.339744987492493e-05,1.289926608533532e-06,2.869741994447440e-01,7.760416666666666e-01,9.905284962233524e-01,1.255959793645012e-03,9.987440402063550e-01,9.942857611881265e-01,9.915988206958813e-01,9.878945214787543e-01,9.838685570622950e-01,9.790129151670426e-01,9.756118471598544e-01,9.719585224606029e-01,9.690564299828781e-01,1.373757868311440e-11,8.618263397547845e-05,1.303287372486852e-01,1.679670228321248e-01,3.154346599562045e-01,1.811966457553472e-01,1.036737935590545e-01,3.769146708333873e-02,6.118418308426320e-02,2.437307847007441e-03,2.233081272449803e-28,false
5,1.000000000000000e+02,0,4,CONTINUE,5.042357213236744e-04,7.629609896063784e-05,1.000000000000000e-09,5.042357213236744e-05,2.220462110322533e-14,1.713851138477653e-23,2.303066938162173e+01,9.900000000000000e-01,,,8.637397977748728e-01,4.023931043163705e-02,2.359533178508570e-02,3.030514649183377e-02,2.118027581857608e+00,REACHED_FORCE,REACHED_FORCE,,2,0,0,2,0,0,,,,1.302164270543249e-07,NaN,3.437855067289775e-08,NaN,,,3.159228104949739e-04,8.469546356684791e-05,,solution good enough for the tolerances given,solution good enough for the tolerances given,,6.347716673054977e-07,1.692719685249568e-07,,4.472550801937203e-15,1.302164270543249e-07,5.266728893282835e-15,3.437855067289775e-08,,,1.302164270543249e-07,3.437855067289775e-08,,4.349714590004001e-02,1.414468520936889e+00,7.339744987492493e-05,1.289926608533532e-06,2.869741994447440e-01,7.760416666666666e-01,9.970556508531726e-01,4.340151683256410e-04,9.995659848316744e-01,9.981810584598322e-01,9.973016992615159e-01,9.961109642932656e-01,9.947919801445023e-01,9.932009739651582e-01,9.920622170748409e-01,9.909528409133905e-01,9.899981987905334e-01,1.713851138477653e-21,9.930983630371125e-05,1.313059953866401e-01,1.702165428890443e-01,3.167580300322195e-01,1.782968053538521e-01,1.056711596027205e-01,3.380627994187669e-02,6.142448207442940e-02,2.421394882913575e-03,2.296147749699852e-27,false
5,3.162000000000000e+02,0,3,CONTINUE,5.042357213236744e-04,7.629615280041581e-05,1.000000000000000e-09,5.042357213236744e-05,2.220462110322533e-14,1.266268015018568e-32,2.237622497054749e+01,9.900000000000000e-01,,,8.637054902322752e-01,4.022743748773819e-02,2.360711152426575e-02,3.030514649183377e-02,2.118027581857608e+00,REACHED_FORCE,REACHED_FORCE,,2,0,0,1,0,0,,,,1.317292404323656e-08,NaN,2.654211909775689e-06,NaN,,,1.002158555487225e-04,2.686572598943326e-05,,solution good enough for the tolerances given,solution good enough for the tolerances given,,6.401105255886777e-08,2.686572598943326e-05,,1.329643860292773e-14,1.317292404323656e-08,1.787502437733401e-14,2.654211909775689e-06,,,1.317292404323656e-08,2.654211909775689e-06,,2.451707234590115e-02,1.411612249713522e+00,7.339744987492493e-05,1.289926608533532e-06,2.869741994447440e-01,7.760416666666666e-01,1.979702040398071e-01,1.413155449879744e-04,9.998586844550120e-01,9.994235055559674e-01,9.991423275146127e-01,9.987638222191011e-01,9.983420386698215e-01,9.978334044389570e-01,9.974655702979445e-01,9.971201747238847e-01,9.968144731662114e-01,4.003939463488712e-30,1.043724880869257e-04,1.316264471605936e-01,1.709598689968176e-01,3.170575344793685e-01,1.773845053564237e-01,1.062662953929182e-01,3.273450267331511e-02,6.145080757660460e-02,2.415665875871725e-03,2.709442465226258e-26,false
5,1.000000000000000e+03,0,2,CONTINUE,5.042357213236744e-04,7.629611595941921e-05,1.000000000000000e-09,5.042357213236744e-05,2.220462110322533e-14,7.682624672173268e-33,2.217112474685017e+01,9.900000000000000e-01,,,8.637288980570555e-01,4.023556807370610e-02,2.359904433691078e-02,3.030514649183377e-02,2.118027581857608e+00,REACHED_FORCE,REACHED_FORCE,,1,0,0,1,0,0,,,,3.159683274349401e-06,NaN,8.414385080229847e-07,NaN,,,3.171876689757493e-05,8.517107870742446e-06,,solution good enough for the tolerances given,solution good enough for the tolerances given,,3.171876689757493e-05,8.517107870742446e-06,,4.479034330928666e-14,3.159683274349401e-06,5.610008985135195e-14,8.414385080229847e-07,,,3.159683274349401e-06,8.414385080229847e-07,,1.379635483743433e-02,1.410707644370937e+00,7.339744987492493e-05,1.289926608533532e-06,2.869741994447440e-01,7.760416666666666e-01,2.727533169046228e-04,4.510167660598530e-05,9.999548983233940e-01,9.998175868979605e-01,9.997283675607401e-01,9.996084917665217e-01,9.994746576613119e-01,9.993132845504814e-01,9.991961616898120e-01,9.990875190673212e-01,9.989904745042001e-01,7.682624672173268e-30,1.060810099825325e-04,1.317289439360752e-01,1.711982177142528e-01,3.171401481792631e-01,1.770963368785367e-01,1.064488263905180e-01,3.241450245070721e-02,6.145316337067401e-02,2.413780069990957e-03,2.860435915064501e-25,true
5,3.162000000000000e+03,0,2,CONTINUE,5.042357213236744e-04,7.629610433925298e-05,1.000000000000000e-09,5.042357213236744e-05,2.220462110322533e-14,1.171774149180840e-32,2.210647671543666e+01,9.900000000000000e-01,,,8.637363269644024e-01,4.023815196697611e-02,2.359648074600205e-02,3.030514649183377e-02,2.118027581857608e+00,REACHED_FORCE,REACHED_FORCE,,1,0,0,1,0,0,,,,9.995664316999470e-07,NaN,2.658901066335262e-07,NaN,,,1.003429173242550e-05,2.691353535051557e-06,,solution good enough for the tolerances given,solution good enough for the tolerances given,,1.003429173242550e-05,2.691353535051557e-06,,1.000722942012811e-13,9.995664316999470e-07,1.414747225619850e-13,2.658901066335262e-07,,,9.995664316999470e-07,2.658901066335262e-07,,7.760383237558371e-03,1.410421508982702e+00,7.339744987492493e-05,1.289926608533532e-06,2.869741994447440e-01,7.760416666666666e-01,8.632130712626171e-05,1.430580794270497e-05,9.999856941920573e-01,9.999422982555080e-01,9.999140509621993e-01,9.998761203534103e-01,9.998337479252356e-01,9.997826586301707e-01,9.997455351188993e-01,9.997112342437647e-01,9.996805051135439e-01,3.705149859709818e-29,1.066325176124186e-04,1.317614653494275e-01,1.712739038994027e-01,3.171650513438420e-01,1.770052606433301e-01,1.065059140023693e-01,3.231532107026283e-02,6.145327484573392e-02,2.413176328019451e-03,2.285126273303511e-24,false
5,1.000000000000000e+04,0,2,CONTINUE,5.042357213236744e-04,7.629610068477401e-05,1.000000000000000e-09,5.042357213236744e-05,2.220462110322533e-14,5.738153253793442e-33,1.897773763759411e+01,9.900000000000000e-01,,,8.637386741359370e-01,4.023896813618631e-02,2.359567100988317e-02,3.030514649183377e-02,2.118027581857608e+00,REACHED_FORCE,REACHED_FORCE,,1,0,0,1,0,0,,,,3.160928306530919e-07,NaN,8.405248191206693e-08,NaN,,,3.173148846568086e-06,8.507828461859553e-07,,solution good enough for the tolerances given,solution good enough for the tolerances given,,3.173148846568086e-06,8.507828461859553e-07,,3.807258328047958e-13,3.160928306530919e-07,4.668808742391839e-13,8.405248191206693e-08,,,3.160928306530919e-07,8.405248191206693e-08,,4.364109817300932e-03,1.410330997478723e+00,7.339744987492493e-05,1.289926608533532e-06,2.869741994447440e-01,7.760416666666666e-01,2.595016384949634e-03,5.269304222621507e-06,9.999947306957774e-01,9.999816576177966e-01,9.999723232055038e-01,9.999602849175605e-01,9.999465035434166e-01,9.999301527754217e-01,9.999170715425723e-01,9.999084355758751e-01,9.998987942606172e-01,5.738153253793442e-29,1.478609905911381e-04,1.361894191279072e-01,1.782126601087237e-01,3.195070720365259e-01,1.709637506893609e-01,1.074339123340055e-01,2.761809200003056e-02,5.770507024606605e-02,2.222162466789123e-03,2.235869445000592e-23,false
5,3.162000000000000e+04,0,2,CONTINUE,5.042357213236744e-04,7.629609953153596e-05,1.000000000000000e-09,5.042357213236744e-05,2.220462110322533e-14,3.745916777612077e-33,9.735277501831758e+00,9.900000000000000e-01,,,8.637394160033479e-01,4.023922608133610e-02,2.359541509989141e-02,3.030514649183377e-02,2.118027581857608e+00,REACHED_FORCE,REACHED_FORCE,,1,0,0,1,0,0,,,,9.996909971707324e-08,NaN,2.657986514220667e-08,NaN,,,1.003556467112350e-06,2.690424642185766e-07,,solution good enough for the tolerances given,solution good enough for the tolerances given,,1.003556467112350e-06,2.690424642185766e-07,,1.312125755270621e-12,9.996909971707324e-08,1.581880459955443e-12,2.657986514220667e-08,,,9.996909971707324e-08,2.657986514220667e-08,,2.454283462834829e-03,1.410302378839821e+00,7.339744987492493e-05,1.289926608533532e-06,2.869741994447440e-01,7.760416666666666e-01,9.999840400968060e-01,3.248541266986926e-06,9.999967514587330e-01,9.999939738758028e-01,9.999902746947413e-01,9.999863858834647e-01,9.999814323544480e-01,9.999766607935415e-01,9.999712893794527e-01,9.999682294302185e-01,1.406051739100499e-05,1.184458885080939e-28,1.568456691398282e-03,1.625777843567601e-01,2.300368496896802e-01,3.074777300596798e-01,1.393323200378907e-01,8.826485701332169e-02,6.753826082814741e-02,3.203741323121451e-03,5.889446397298463e-54,2.635878453094142e-22,false
5,1.000000000000000e+05,0,2,CONTINUE,5.042357213236744e-04,7.629609917055046e-05,1.000000000000000e-09,5.042357213236744e-05,2.220462110322533e-14,7.438331266949976e-33,9.734342206762278e+00,9.900000000000000e-01,,,8.637396505889313e-01,4.023930765975955e-02,2.359533416533862e-02,3.030514649183377e-02,2.118027581857608e+00,REACHED_FORCE,REACHED_FORCE,,1,0,0,1,0,0,,,,3.161052863909219e-08,NaN,8.404333586703450e-09,NaN,,,3.173276136160134e-07,8.506899484687938e-08,,solution good enough for the tolerances given,solution good enough for the tolerances given,,3.173276136160134e-07,8.506899484687938e-08,,2.396794134690294e-12,3.161052863909219e-08,3.621076962584402e-12,8.404333586703450e-09,,,3.161052863909219e-08,8.404333586703450e-09,,1.380094457163876e-03,1.410293327179172e+00,7.339744987492493e-05,1.289926608533532e-06,2.869741994447440e-01,7.760416666666666e-01,9.999971764203965e-01,1.027289724842007e-06,9.999989727102752e-01,9.999980945147515e-01,9.999969247849742e-01,9.999956951226563e-01,9.999941287691806e-01,9.999926199943716e-01,9.999909215183231e-01,9.999899539192106e-01,9.800610729312750e-16,7.438331266949976e-28,1.569217194234876e-03,1.625805583054544e-01,2.300445060035508e-01,3.074713347849309e-01,1.393286971172139e-01,8.826273299346214e-02,6.753925287714521e-02,3.203700724007341e-03,6.022371670041336e-46,2.868482562750805e-21,false
5,3.162000000000000e+05,0,2,CONTINUE,5.042357213236744e-04,7.629609907630076e-05,1.000000000000000e-09,5.042357213236744e-05,2.220462110322533e-14,8.255407158356672e-33,9.734046836664520e+00,9.900000000000000e-01,,,8.637397245896781e-01,4.023933348456325e-02,2.359530854458203e-02,3.030514649183377e-02,2.118027581857608e+00,REACHED_FORCE,REACHED_FORCE,,1,0,0,1,0,0,,,,9.997034549139028e-09,NaN,2.657895025598433e-09,NaN,,,1.003569199541499e-07,2.690331725787716e-08,,solution good enough for the tolerances given,solution good enough for the tolerances given,,1.003569199541499e-07,2.690331725787716e-08,,1.730382731632979e-11,9.997034549139028e-09,1.737328130749921e-11,2.657895025598433e-09,,,9.997034549139028e-09,2.657895025598433e-09,,7.761200040265140e-04,1.410290465264264e+00,7.339744987492493e-05,1.289926608533532e-06,2.869741994447440e-01,7.760416666666666e-01,9.751700088658504e-01,3.248961475410539e-07,9.999996751038525e-01,9.999993973772685e-01,9.999990274388786e-01,9.999986385493458e-01,9.999981431766303e-01,9.999976660175217e-01,9.999971288615802e-01,9.999968228486891e-01,3.316263847005000e-26,2.610359743472379e-27,1.569457518874823e-03,1.625814349470435e-01,2.300469268632070e-01,3.074693128784776e-01,1.393275516079799e-01,8.826206165100138e-02,6.753956665612498e-02,3.203687877290845e-03,2.212532775767540e-22,2.832069514608363e-20,false
5,1.000000000000000e+06,0,2,CONTINUE,5.042357213236744e-04,7.629609906194862e-05,1.000000000000000e-09,5.042357213236744e-05,2.220462110322533e-14,3.655866874141118e-33,9.733952805945552e+00,9.900000000000000e-01,,,8.637397478436840e-01,4.023934164513619e-02,2.359530044856657e-02,3.030514649183377e-02,2.118027581857608e+00,REACHED_FORCE,REACHED_FORCE,,1,0,0,1,0,0,,,,3.161065340040459e-09,NaN,8.404242302084697e-10,NaN,,,3.173288868155839e-08,8.506806591588740e-09,,solution good enough for the tolerances given,solution good enough for the tolerances given,,3.173288868155839e-08,8.506806591588740e-09,,3.651760285220546e-11,3.161065340040459e-09,4.516942332319362e-11,8.404242302084697e-10,,,3.161065340040459e-09,8.404242302084697e-10,,4.364255077201543e-04,1.410289560093096e+00,7.339744987492493e-05,1.289926608533532e-06,2.869741994447440e-01,7.760416666666666e-01,4.051653119921691e-05,1.027331770764306e-07,9.999998972668229e-01,9.999998094504436e-01,9.999996924754372e-01,9.999995695083651e-01,9.999994128710361e-01,9.999992619932547e-01,9.999990921441972e-01,9.999989953824878e-01,1.465174238154550e-26,3.655866874141118e-27,1.569533958748271e-03,1.625817129916399e-01,2.300476921073218e-01,3.074686723294200e-01,1.393271908166979e-01,8.826184861457345e-02,6.753966536077302e-02,3.203683820826399e-03,3.929008923532361e-20,1.691554162372147e-19,false
5,3.162000000000000e+06,0,2,CONTINUE,5.042357213236744e-04,7.629609910230433e-05,1.000000000000000e-09,5.042357213236744e-05,2.220462110322533e-14,4.862853475912342e-33,9.733737148763977e+00,9.900000000000000e-01,,,8.637397549686090e-01,4.023934425905893e-02,2.359529785549100e-02,3.030514649183377e-02,2.118027581857608e+00,REACHED_FORCE,REACHED_FORCE,,1,0,0,1,0,0,,,,9.997047027004990e-10,NaN,2.657885959933548e-10,NaN,,,1.003570473476392e-08,2.690322438113591e-09,,solution good enough for the tolerances given,solution good enough for the tolerances given,,1.003570473476392e-08,2.690322438113591e-09,,8.827417854843922e-11,9.997047027004990e-10,1.542168441559522e-10,2.657885959933548e-10,,,9.997047027004990e-10,2.657885959933548e-10,,2.454309299487279e-04,1.410289273901095e+00,7.339744987492493e-05,1.289926608533532e-06,2.869741994447440e-01,7.760416666666666e-01,8.569580562576844e-08,3.249065794186379e-08,9.999999675093421e-01,9.999999397375772e-01,9.999999027435024e-01,9.999998638544936e-01,9.999998143170199e-01,9.999997666011248e-01,9.999997128853932e-01,9.999996822839251e-01,4.456347389334317e-26,1.537634269083482e-26,1.569680032842986e-03,1.625820077880422e-01,2.300481620945720e-01,3.074680673100593e-01,1.393270093913787e-01,8.826168563076983e-02,6.753970731220017e-02,3.203680440134664e-03,1.021075703431266e-18,1.789862374642450e-18,false
5,1.000000000000000e+07,0,2,CONTINUE,5.042357213236744e-04,7.629609919663085e-05,1.000000000000000e-09,5.042357213236744e-05,2.220462110322533e-14,5.721637422506079e-33,9.678416717895693e+00,9.900000000000000e-01,,,8.637397565544624e-01,4.023934519806110e-02,2.359529692378773e-02,3.030514649183377e-02,2.118027581857608e+00,REACHED_FORCE,REACHED_FORCE,,1,0,0,1,0,0,,,,3.493580712264979e-10,NaN,4.129274155679347e-10,NaN,,,3.173290147976505e-09,8.506797390431720e-10,,solution good enough for the tolerances given,solution good enough for the tolerances given,,3.173290147976505e-09,8.506797390431720e-10,,3.493580712264979e-10,3.161066460671824e-10,4.129274155679347e-10,8.404232171299597e-11,,,3.493580712264979e-10,4.129274155679347e-10,,1.380099051531481e-04,1.410289183383927e+00,7.339744987492493e-05,1.289926608533532e-06,2.869741994447440e-01,7.760416666666666e-01,1.413764845591803e-05,1.033226837421353e-08,9.999999896677316e-01,9.999999809348640e-01,9.999999692157033e-01,9.999999569185898e-01,9.999999412469420e-01,9.999999261807877e-01,9.999999092112201e-01,9.999998995331648e-01,2.327752348645398e-25,5.721637422506079e-26,1.617155902075622e-03,1.628551412541593e-01,2.305908030131802e-01,3.070958853774621e-01,1.390591008212146e-01,8.806702838983071e-02,6.751822750413485e-02,3.196657737942251e-03,4.910927669694122e-18,2.302462475255912e-17,false
5,3.162000000000000e+07,0,2,CONTINUE,5.042357213236744e-04,7.629609887811584e-05,1.000000000000000e-09,5.042357213236744e-05,2.220462110322533e-14,6.396758904836971e-33,5.984337485265729e+00,9.900000000000000e-01,,,8.637397605619234e-01,4.023934380195003e-02,2.359529829963978e-02,3.030514649183377e-02,2.118027581857608e+00,REACHED_FORCE,REACHED_FORCE,,1,0,0,1,0,0,,,,1.457991431795883e-09,NaN,1.502895075099556e-09,NaN,,,1.003570574459675e-09,2.690321286788101e-10,,solution good enough for the tolerances given,solution good enough for the tolerances given,,1.003570574459675e-09,2.690321286788101e-10,,1.457991431795883e-09,9.997049368881683e-11,1.502895075099556e-09,2.657886064016957e-11,,,1.457991431795883e-09,1.502895075099556e-09,,7.761208193673828e-05,1.410289154764722e+00,7.339744987492493e-05,1.289926608533532e-06,2.869741994447440e-01,7.760416666666666e-01,6.554446073619261e-01,5.284720883125260e-09,9.999999947152791e-01,9.999999927411807e-01,9.999999882862620e-01,9.999999835938941e-01,9.999999776138299e-01,9.999999715337033e-01,9.999999686335632e-01,5.703923545557470e-01,6.150875834454792e-25,2.022655165709450e-25,6.653269802108991e-02,1.750028686731653e-01,3.456858636634606e-01,2.170058578788915e-01,1.190941977723627e-01,7.113768604355725e-02,5.540827947473002e-03,3.767030557782695e-48,6.190910288081755e-17,1.294279064304793e-16,false
5,1.000000000000000e+08,0,2,CONTINUE,5.042357213236744e-04,7.629610103458855e-05,1.000000000000000e-09,5.042357213236744e-05,2.220462110322533e-14,6.825353004609681e-33,5.984615380320906e+00,9.900000000000000e-01,,,8.637397471072209e-01,4.023934730110234e-02,2.359529482680134e-02,3.030514649183377e-02,2.118027581857608e+00,REACHED_FORCE,REACHED_FORCE,,1,0,0,1,0,0,,,,2.998127481088769e-09,NaN,3.809338300635352e-09,NaN,,,3.173290392565303e-10,8.506797046916071e-11,,solution good enough for the tolerances given,solution good enough for the tolerances given,,3.173290392565303e-10,8.506797046916071e-11,,2.998127481088769e-09,3.161068282131474e-11,3.809338300635352e-09,8.404242579640453e-12,,,2.998127481088769e-09,3.809338300635352e-09,,4.364256513521820e-05,1.410289145713004e+00,7.339744987492493e-05,1.289926608533532e-06,2.869741994447440e-01,7.760416666666666e-01,9.999999980399575e-01,1.670951155219313e-09,9.999999983290488e-01,9.999999977048986e-01,9.999999962961899e-01,9.999999948124338e-01,9.999999929214796e-01,9.999999909989359e-01,9.999999900818819e-01,8.614217294923783e-11,2.075247551254112e-24,6.825353004609681e-25,6.650427379277482e-02,1.750131360629462e-01,3.456900601654078e-01,2.170196292065762e-01,1.190952946196001e-01,7.113787967958177e-02,5.539726473111966e-03,6.087117621195279e-49,4.784026136516868e-16,2.380600912953258e-15,false
5,3.162000000000000e+08,0,2,CONTINUE,5.042357213236744e-04,7.629609549440560e-05,1.000000000000000e-09,5.042357213236744e-05,2.220462110322533e-14,3.242080635389521e-33,5.978032267485478e+00,9.900000000000000e-01,,,8.637398017681094e-01,4.023932512472966e-02,2.359531671032364e-02,3.030514649183377e-02,2.118027581857608e+00,REACHED_FORCE,REACHED_FORCE,,1,0,0,1,0,0,,,,8.298042728643873e-09,NaN,1.277110144070129e-08,NaN,,,1.003570235251048e-10,2.690318755865669e-11,,solution good enough for the tolerances given,solution good enough for the tolerances given,,1.003570235251048e-10,2.690318755865669e-11,,8.298042728643873e-09,9.997036184983266e-12,1.277110144070129e-08,2.657877390399577e-12,,,8.298042728643873e-09,1.277110144070129e-08,,2.454309539923311e-05,1.410289142851084e+00,7.339744987492493e-05,1.289926608533532e-06,2.869741994447440e-01,7.760416666666666e-01,9.998220831773215e-01,5.290294868842693e-10,9.999999994709705e-01,9.999999992731901e-01,9.999999988282335e-01,9.999999983589751e-01,9.999999977611693e-01,9.999999971534215e-01,9.999999968632740e-01,9.915191564834404e-21,4.959516513453106e-24,1.025145896910167e-24,6.730613222776105e-02,1.744115978807717e-01,3.458800587803000e-01,2.166965072482742e-01,1.190143024463726e-01,7.116455865691033e-02,5.526842759580890e-03,8.391520769903929e-29,8.510444890766156e-15,2.112782631261920e-14,false
5,1.000000000000000e+09,0,2,CONTINUE,5.042357213236744e-04,7.629610356035512e-05,1.000000000000000e-09,5.042357213236744e-05,2.220462110322533e-14,3.072830514368800e-33,5.982337817763810e+00,9.900000000000000e-01,,,8.637397433561222e-01,4.023930810172918e-02,2.359533346947189e-02,3.030514649183377e-02,2.118027581857608e+00,REACHED_FORCE,REACHED_FORCE,,1,0,0,1,0,0,,,,2.723365912329131e-08,NaN,3.920762048619658e-08,NaN,,,3.173287878098901e-11,8.506782940995590e-12,,solution good enough for the tolerances given,solution good enough for the tolerances given,,3.173287878098901e-11,8.506782940995590e-12,,2.723365912329131e-08,3.161068629076169e-12,3.920762048619658e-08,8.404214824064837e-13,,,2.723365912329131e-08,3.920762048619658e-08,,1.380099117821909e-05,1.410289141945912e+00,7.339744987492493e-05,1.289926608533532e-06,2.869741994447440e-01,7.760416666666666e-01,1.901788162700801e-04,1.671587313012424e-10,9.999999998328413e-01,9.999999997703966e-01,9.999999996295523e-01,9.999999994811883e-01,9.999999992921293e-01,9.999999990998814e-01,9.999999990081880e-01,3.233517928074503e-23,1.387753989261838e-23,3.072830514368801e-24,6.668103368833582e-02,1.749907237995455e-01,3.456611372355697e-01,2.169182055728284e-01,1.190807492556158e-01,7.112779660548174e-02,5.540353842325586e-03,1.050183514882122e-14,1.081564927840442e-13,1.797844994081877e-13,false
5,3.162000000000000e+09,0,2,CONTINUE,5.042357213236744e-04,7.629612300263494e-05,1.000000000000000e-09,5.042357213236744e-05,2.220462110322533e-14,2.669625466562172e-33,6.007855482645791e+00,9.900000000000000e-01,,,8.637396240243720e-01,4.023930235291440e-02,2.359533900148034e-02,3.030514649183377e-02,2.118027581857608e+00,REACHED_FORCE,REACHED_FORCE,,1,0,0,1,0,0,,,,9.974817536219979e-08,NaN,1.448718638017397e-07,NaN,,,1.003568736564725e-11,2.690326559105529e-12,,solution good enough for the tolerances given,solution good enough for the tolerances given,,1.003568736564725e-11,2.690326559105529e-12,,9.974817536219979e-08,9.996985878002462e-13,1.448718638017397e-07,2.657839226483105e-13,,,9.974817536219979e-08,1.448718638017397e-07,,7.761207247767098e-06,1.410289141659720e+00,7.339744987492493e-05,1.289926608533532e-06,2.869741994447440e-01,7.760416666666666e-01,4.705826660119712e-09,5.264033653418210e-11,9.999999999473597e-01,9.999999999278266e-01,9.999999998831079e-01,9.999999998361024e-01,9.999999997762079e-01,9.999999997153703e-01,9.999999996863354e-01,5.338211202431715e-23,3.486369723983596e-23,8.441355725269586e-24,6.408083262570080e-02,1.754893140202395e-01,3.462143689368365e-01,2.182243076772663e-01,1.192343640632897e-01,7.119838609974373e-02,5.558426574320179e-03,8.891548333950048e-13,9.080201355164973e-13,8.072901000320924e-13,false
5,1.000000000000000e+10,0,2,CONTINUE,5.042357213236744e-04,7.629625586489519e-05,1.000000000000000e-09,5.042357213236744e-05,2.220462110322533e-14,1.248684788075050e-33,5.984372843753641e+00,9.900000000000000e-01,,,8.637382937245426e-01,4.023936303318700e-02,2.359528012677013e-02,3.030514649183377e-02,2.118027581857608e+00,REACHED_FORCE,REACHED_FORCE,,1,0,0,1,0,0,,,,2.098745205036858e-07,NaN,3.449948694630653e-07,NaN,,,3.173291307034298e-12,8.506803872937651e-13,,solution good enough for the tolerances given,solution good enough for the tolerances given,,3.173291307034298e-12,8.506803872937651e-13,,2.098745205036858e-07,3.160995770690178e-13,3.449948694630653e-07,8.403347462326849e-14,,,2.098745205036858e-07,3.449948694630653e-07,,4.364258517621472e-06,1.410289141569203e+00,7.339744987492493e-05,1.289926608533532e-06,2.869741994447440e-01,7.760416666666666e-01,3.300711686323378e-08,1.671018878823816e-11,9.999999999832898e-01,9.999999999770481e-01,9.999999999629618e-01,9.999999999481248e-01,9.999999999292148e-01,9.999999999099911e-01,9.999999999008184e-01,3.175291137411476e-22,8.255337283648122e-23,1.248684788075050e-23,6.651886567184127e-02,1.749259994180775e-01,3.457793706441674e-01,2.170074713148455e-01,1.190901150924812e-01,7.113853406509921e-02,5.539643761888074e-03,1.081045933844418e-13,1.178859126492198e-11,1.970415219207601e-11,false
5,3.162000000000000e+10,0,2,CONTINUE,5.042357213236744e-04,7.629563028512978e-05,1.000000000000000e-09,5.042357213236744e-05,2.220462110322533e-14,2.693553500667655e-33,5.488798439990322e+00,9.900000000000000e-01,,,8.637464161281124e-01,4.023789006235419e-02,2.359672642259216e-02,3.030514649183377e-02,2.118027581857608e+00,REACHED_FORCE,REACHED_FORCE,,1,0,0,1,0,0,,,,9.747295723058292e-07,NaN,1.158479548576214e-06,NaN,,,1.003546124625391e-12,2.690104358983035e-13,,solution good enough for the tolerances given,solution good enough for the tolerances given,,1.003546124625391e-12,2.690104358983035e-13,,9.747295723058292e-07,9.996690975011546e-14,1.158479548576214e-06,2.657596365196468e-14,,,9.747295723058292e-07,1.158479548576214e-06,,2.454310354087039e-06,1.410289141540584e+00,7.339744987492493e-05,1.289926608533532e-06,2.869741994447440e-01,7.760416666666666e-01,1.575003032322881e-03,5.761835453199637e-12,9.999999999942382e-01,9.999999999907296e-01,9.999999999860885e-01,9.999999999793823e-01,9.999999999727587e-01,9.999999999697762e-01,9.999975193495730e-01,8.455306553662998e-22,2.936021141903874e-22,8.517016169111126e-23,1.370842702480276e-01,2.461697061341835e-01,3.580558914816764e-01,1.619594838272857e-01,7.256066160302668e-02,2.416998644381677e-02,6.553204218229294e-42,1.650610655808943e-12,7.182078098267527e-11,1.885123242302548e-10,false
5,1.000000000000000e+11,0,2,CONTINUE,5.042357213236744e-04,7.629621107163419e-05,1.000000000000000e-09,5.042357213236744e-05,2.220462110322533e-14,3.831351599727853e-33,-1.000000000005823e+00,9.900000000000000e-01,,,8.637446284567660e-01,4.023770388295038e-02,2.359691466951574e-02,3.030514649183377e-02,2.118027581857608e+00,REACHED_FORCE,REACHED_FORCE,,1,0,0,1,0,0,,,,2.955262239698504e-06,NaN,4.086975743513048e-06,NaN,,,3.173161964394395e-13,8.506432776846008e-14,,solution good enough for the tolerances given,solution good enough for the tolerances given,,3.173161964394395e-13,8.506432776846008e-14,,2.955262239698504e-06,3.161013117924938e-14,4.086975743513048e-06,8.403000517631654e-15,,,2.955262239698504e-06,4.086975743513048e-06,,1.380112293668509e-06,1.410289141531532e+00,7.339744987492493e-05,1.289926608533532e-06,2.869741994447440e-01,7.760416666666666e-01,3.687970472040840e-01,-5.822897719554021e-12,1.000000000005823e+00,9.999999999976237e-01,9.999999999950826e-01,9.999999999913558e-01,9.999999999804119e-01,9.999999999519367e-01,8.639887379005983e-01,3.511092400819272e-21,1.468579703978430e-21,3.831351599727854e-22,2.544054816787305e-05,3.753873338772449e-01,4.902135399080405e-01,1.343668102606173e-01,6.871892738195283e-06,2.863405308488887e-10,4.773317609779386e-41,1.570532818768003e-11,1.662618287157994e-09,1.548528212915094e-09,false
5,3.162000000000000e+11,0,2,CONTINUE,5.042357213236744e-04,7.630062378893572e-05,1.000000000000000e-09,5.042357213236744e-05,2.220462110322533e-14,2.619052759545372e-33,-1.000000000134299e+00,9.900000000000000e-01,,,8.636985066676641e-01,4.024615515986239e-02,2.358869532505208e-02,3.030514649183377e-02,2.118027581857608e+00,REACHED_FORCE,REACHED_FORCE,,1,0,0,1,0,0,,,,6.866169134427721e-06,NaN,9.797494028461777e-06,NaN,,,1.003686613939016e-13,2.691329534636864e-14,,solution good enough for the tolerances given,solution good enough for the tolerances given,,1.003686613939016e-13,2.691329534636864e-14,,6.866169134427721e-06,9.993741945102386e-15,9.797494028461777e-06,2.657596365196468e-15,,,6.866169134427721e-06,9.797494028461777e-06,,7.761148479949326e-07,1.410289141528670e+00,7.339744987492493e-05,1.289926608533532e-06,2.869741994447440e-01,7.760416666666666e-01,6.896783990144274e-01,-1.342987943075968e-10,1.000000000134299e+00,1.000000000035821e+00,1.000000000002115e+00,9.999999999986608e-01,9.999999999962270e-01,9.999999999356917e-01,5.243437059840401e-01,9.782606224934227e-21,2.845456432412801e-21,8.281444825682466e-22,4.495531216175504e-13,8.026607625246284e-08,1.197492057785295e-02,9.422014202794344e-01,4.582355133225637e-02,1.006765933046254e-10,2.830399513167472e-40,1.356125778871520e-10,1.072450948245711e-08,1.658313315016022e-08,false
5,1.000000000000000e+12,0,2,CONTINUE,5.042357213236744e-04,7.627895355591475e-05,1.000000000000000e-09,5.042357213236744e-05,2.220462110322533e-14,2.696929144905990e-33,-1.000000000208332e+00,9.900000000000000e-01,,,8.638766551107817e-01,4.019184490246827e-02,2.364313373008687e-02,3.030514649183377e-02,2.118027581857608e+00,REACHED_FORCE,REACHED_FORCE,,1,0,0,1,0,0,,,,2.717159049045589e-05,NaN,3.946890916594996e-05,NaN,,,3.170988274950208e-14,8.482567916944993e-15,,solution good enough for the tolerances given,solution good enough for the tolerances given,,3.170988274950208e-14,8.482567916944993e-15,,2.717159049045589e-05,3.143318938469974e-15,3.946890916594996e-05,8.326672684688674e-16,,,2.717159049045589e-05,3.946890916594996e-05,,4.364600483590716e-07,1.410289141527765e+00,7.339744987492493e-05,1.289926608533532e-06,2.869741994447440e-01,7.760416666666666e-01,5.262778624572229e-02,-2.083315742140712e-10,1.000000000208332e+00,1.000000000126037e+00,1.000000000016004e+00,9.999999999995541e-01,9.999999999087961e-01,9.999999998305136e-01,9.972303161445094e-01,2.289815351960795e-20,1.055518174491225e-20,2.696929144905990e-21,4.820674517384545e-08,6.565295962097460e-07,4.982620756261242e-05,9.999476183136687e-01,1.455935739933805e-06,1.296996472300306e-07,1.888998705985854e-40,1.086682067469841e-08,8.654118649859385e-08,1.676990342098706e-07,false
5,3.162000000000000e+12,0,4,CONTINUE,5.042357213236744e-04,7.629648757748517e-05,1.000000000000000e-09,5.042357213236744e-05,2.220462110322533e-14,4.004149335000886e-33,-1.000000000851333e+00,9.900000000000000e-01,,,8.637359782630040e-01,4.024038760734468e-02,2.359541373980577e-02,3.030514649183377e-02,2.118027581857608e+00,REACHED_FORCE,REACHED_FORCE,,1,1,1,1,1,1,,,,7.813376976276761e-05,2.987000767566868e-07,1.061141790782675e-04,3.108026239209954e-07,,,1.005935765407363e-14,2.717982877644083e-15,,solution good enough for the tolerances given,solution good enough for the tolerances given,,1.005935765407363e-14,2.717982877644083e-15,,7.813376976276761e-05,1.013078509970455e-15,1.061141790782675e-04,2.810252031082427e-16,,,2.987000767566868e-07,3.108026239209954e-07,,2.454686057746737e-07,1.410289141527479e+00,7.339744987492493e-05,1.289926608533532e-06,2.869741994447440e-01,7.760416666666666e-01,9.459821747875676e-01,-8.513332261372852e-10,1.000000000851333e+00,1.000000000463900e+00,1.000000000217949e+00,9.999999999998586e-01,9.999999998878464e-01,9.999999996578466e-01,1.051177255520896e-01,6.396930510981164e-19,6.622071594974642e-20,1.266112019727280e-20,1.053724955475504e-11,2.590641317840344e-09,3.030975662496321e-08,9.999970889310147e-01,1.244522863160747e-07,4.755363304853509e-09,2.901653188335080e-39,3.827342269944987e-10,1.034868840325928e-07,2.645080783390660e-06,false
5,1.000000000000000e+13,0,4,CONTINUE,5.042357213236744e-04,7.630367912453710e-05,1.000000000000000e-09,5.042357213236744e-05,2.220462110322533e-14,3.003524287653078e-33,-1.000000000040046e+00,9.900000000000000e-01,,,8.636666977687153e-01,4.025795907189375e-02,2.359056937624451e-02,3.030514649183377e-02,2.118027581857608e+00,REACHED_FORCE,REACHED_FORCE,,1,1,1,1,1,1,,,,3.369092957152799e-04,5.306891158910181e-06,3.565213608095882e-04,7.173472008619765e-06,,,3.169561489441050e-15,8.490315149188372e-16,,solution good enough for the tolerances given,solution good enough for the tolerances given,,3.169561489441050e-15,8.490315149188372e-16,,3.369092957152799e-04,3.191891195797325e-16,3.565213608095882e-04,1.006139616066548e-16,,,5.306891158910181e-06,7.173472008619765e-06,,1.379202150004081e-07,1.410289141527388e+00,7.339744987492493e-05,1.289926608533532e-06,2.869741994447440e-01,7.760416666666666e-01,9.999946478911648e-01,-4.004618858743925e-11,1.000000000040046e+00,1.000000000021884e+00,9.999999999999547e-01,9.999999999964975e-01,9.999999999705782e-01,9.999999999512879e-01,9.531872529974347e-15,3.041693057410699e-19,8.299560771763847e-20,3.003524287653078e-20,2.546166223072342e-08,2.554947563189537e-07,9.999564297085667e-01,1.165533395749554e-05,1.082842326074261e-07,1.236458276535121e-08,8.044329934046364e-36,1.394726819013609e-07,9.107219065018913e-06,2.226666049548340e-05,false
5,3.162000000000000e+13,0,4,CONTINUE,5.042357213236744e-04,7.632641544226982e-05,1.000000000000000e-09,5.042357213236744e-05,2.220462110322533e-14,3.009586791443790e-33,-1.000000000224775e+00,9.900000000000000e-01,,,8.634658748279628e-01,4.034061832855267e-02,2.362966407219494e-02,3.030514649183377e-02,2.118027581857608e+00,REACHED_FORCE,REACHED_FORCE,,1,1,1,1,1,1,,,,6.543574150123933e-04,3.101192077171089e-05,1.316125962016457e-03,3.215702613856234e-05,,,1.020632337296827e-15,3.037995623000173e-16,,solution good enough for the tolerances given,solution good enough for the tolerances given,,1.020632337296827e-15,3.037995623000173e-16,,6.543574150123933e-04,1.144917494144693e-16,1.316125962016457e-03,5.551115123125783e-17,,,3.101192077171089e-05,3.215702613856234e-05,,7.792636796091954e-08,1.410289141527359e+00,7.339744987492493e-05,1.289926608533532e-06,2.869741994447440e-01,7.760416666666666e-01,1.341969639163121e-03,-2.247753094763993e-10,1.000000000224775e+00,1.000000000002556e+00,9.999999999999862e-01,9.999999999995852e-01,9.999999999966718e-01,9.999999999529998e-01,1.955410319587758e-18,8.862715952926269e-19,4.156305057497903e-19,9.516313434545264e-20,1.806540120428620e-36,4.200829456209548e-29,9.997001763926154e-01,8.207372889388993e-29,3.732315261830099e-29,5.006486286724577e-38,1.047714689235959e-07,1.813651709712605e-05,1.050301393248025e-04,1.765521794934256e-04,false
5,1.000000000000000e+14,0,10,CONTINUE,5.042357213236744e-04,7.628602325131721e-05,1.000000000000000e-09,5.042357213236744e-05,2.220462110322533e-14,5.021187785165138e-33,-1.000000002498100e+00,9.900000000000000e-01,,,8.638694479984566e-01,4.334531655145140e-02,2.852605657153728e-02,3.030514649183377e-02,2.118027581857608e+00,REACHED_FORCE,REACHED_FORCE,,1,4,4,1,4,4,,,,2.344168829423050e-03,7.637089666965377e-04,3.645074999033160e-03,8.846980483368830e-04,,,3.088343750786815e-16,1.505815919348099e-16,,solution good enough for the tolerances given,solution good enough for the tolerances given,,3.088343750786815e-16,1.505815919348099e-16,,2.344168829423050e-03,3.816391647148976e-17,3.645074999033160e-03,4.163336342344337e-17,,,1.398353960457475e-05,1.937389858831383e-05,,3.939382441599771e-08,1.410289141527350e+00,7.339744987492493e-05,1.289926608533532e-06,2.869741994447440e-01,7.760416666666666e-01,9.285369983603006e-01,-2.498099505032769e-09,1.000000002498100e+00,1.000000000446837e+00,1.000000000000042e+00,9.999999999999958e-01,9.999999996805755e-01,9.999999980405430e-01,2.862205803226162e-17,5.613330078041653e-18,1.631067211907004e-18,5.021187785165138e-19,8.789606415428637e-36,1.648852444399208e-36,1.669883175689004e-29,9.965948539185669e-01,1.194060520272096e-35,1.724410347313176e-35,2.333768639525006e-11,3.600029943272412e-06,2.644008470028878e-04,3.137145181148995e-03,false
5,3.162000000000000e+14,1,7,CONTINUE,5.042357213236744e-04,3.538175302880521e-04,1.000000000000000e-09,5.042357213236744e-05,2.220462110322533e-14,2.998509839779802e-33,-1.000000000466859e+00,2.623200502039483e-01,,,8.708453503536567e-01,5.274312708279556e-02,5.426902305625595e-02,3.030514649183377e-02,2.118027581857608e+00,REFINE_STALLED,REFINE_STALLED,,1,3,3,1,2,2,,,,1.229760257178397e-02,5.194709599250487e-03,1.260247111947073e-02,4.046344500630534e-03,,,1.264564631384662e-16,1.402982747033803e-16,,solution good enough for the tolerances given,solution good enough for the tolerances given,,1.264564631384662e-16,1.402982747033803e-16,,1.229760257178397e-02,2.775557561562891e-17,1.260247111947073e-02,3.469446951953614e-17,,,7.449403035036620e-04,2.906687932165646e-03,,2.105302425023888e-08,1.410289141527348e+00,7.339744987492493e-05,1.289926608533532e-06,2.869741994447440e-01,7.760416666666666e-01,1.023638394674672e-05,-4.668585518174950e-10,1.000000000466859e+00,1.000000000144501e+00,9.999999999999989e-01,9.999999999999978e-01,9.999999997585118e-01,9.999999994613096e-01,2.235223911680028e-17,1.006379834503499e-17,4.956826284394993e-18,9.481288113383735e-19,2.843509874106329e-35,1.086305290767878e-36,9.810910121942669e-01,3.456597233203586e-30,1.181270271383745e-35,1.249046022126012e-35,1.671132996884187e-05,1.713212055905697e-03,7.735560040074398e-03,9.443504379784595e-03,false
5,1.000000000000000e+15,1,6,CONTINUE,5.042357213236744e-04,5.042711906473918e-04,1.000000000000000e-09,5.042357213236744e-05,2.220462110322533e-14,5.758499564474558e-40,3.035357664108074e-06,9.900000000000000e-01,,,6.974884034120685e-05,1.448794507456695e-01,1.379874743970084e-01,3.030514649183377e-02,2.118027581857608e+00,REFINE_STALLED,REFINE_STALLED,,1,2,2,1,2,2,,,,6.533017792111157e+00,2.347834810633628e-02,6.536233622253437e+00,4.236660071865213e-03,,,6.647091752162058e-14,6.614637940198587e-14,,solution good enough for the tolerances given,solution good enough for the tolerances given,,6.647091752162058e-14,6.614637940198587e-14,,6.533017792111157e+00,6.605292518729964e-15,6.536233622253437e+00,6.575391408658940e-15,,,2.347830579888850e-02,4.236652435001462e-03,,3.162278298166705e-05,1.410289141881884e+00,7.339744987492493e-05,1.289926608533532e-06,2.869741994447440e-01,7.760416666666666e-01,1.627877570762262e-11,3.294504669071330e-10,9.999999996705495e-01,9.999999994872657e-01,9.999999994861448e-01,9.999999994808464e-01,9.999999990980752e-01,9.999999990967297e-01,9.999999990953874e-01,4.474030938564741e-24,1.845443992085722e-24,5.758499564474557e-25,4.234312071146164e-05,8.694161104037560e-07,2.984086206980306e-05,1.666670107056800e-05,2.730356864965899e-01,4.393376642998298e-01,2.875368100972477e-01,6.989946231502491e-09,2.337333722845836e-08,8.864308688402711e-08,false
5,3.162000000000000e+15,1,6,CONTINUE,5.042357213236744e-04,5.042712413359757e-04,1.000000000000000e-09,5.042357213236744e-05,2.220462110322533e-14,1.203307335272751e-40,9.599480133853711e-07,9.900000000000000e-01,,,6.974874661679914e-05,4.374056366822687e-01,4.312592741494354e-01,3.030514649183377e-02,2.118027581857608e+00,REFINE_STALLED,REFINE_STALLED,,1,2,2,1,2,2,,,,2.066336546293181e+01,2.347840596141027e-02,2.066657676997524e+01,4.236670515043514e-03,,,6.634487849370601e-14,6.624224148553472e-14,,solution good enough for the tolerances given,solution good enough for the tolerances given,,6.634487849370601e-14,6.624224148553472e-14,,2.066336546293181e+01,6.593637345375745e-15,2.066657676997524e+01,6.584181069552598e-15,,,2.347839258139606e-02,4.236668099834113e-03,,3.162277861938895e-05,1.410289141881883e+00,7.339744987492493e-05,1.289926608533532e-06,2.869741994447440e-01,7.760416666666666e-01,2.463056625266362e-11,3.294506889517379e-10,9.999999996705493e-01,9.999999994879238e-01,9.999999994861621e-01,9.999999994808462e-01,9.999999990980752e-01,9.999999990967294e-01,9.999999990953876e-01,4.675233980042206e-24,1.553153487511637e-24,3.804857794132440e-25,4.220119690928537e-05,2.826321387161377e-07,3.048731006209492e-05,1.674992050787641e-05,2.729081201713428e-01,4.396447816116559e-01,2.873572576954052e-01,9.206991792416654e-10,3.781986869673687e-08,8.072141036257009e-08,false
5,1.000000000000000e+16,1,6,CONTINUE,5.042357213236744e-04,5.042712573675948e-04,1.000000000000000e-09,5.042357213236744e-05,2.220462110322533e-14,3.184777940692335e-41,3.035353572543771e-07,9.900000000000000e-01,,,6.974873724252701e-05,1.376607945813710e+00,1.362279786958450e+00,3.030514649183377e-02,2.118027581857608e+00,REFINE_STALLED,REFINE_STALLED,,1,2,2,1,2,2,,,,6.535500726977402e+01,2.347842425992845e-02,6.535822601797426e+01,4.236673818066156e-03,,,6.630501365191694e-14,6.627255961423217e-14,,solution good enough for the tolerances given,solution good enough for the tolerances given,,6.630501365191694e-14,6.627255961423217e-14,,6.535500726977402e+01,6.589949363923400e-15,6.535822601797426e+01,6.586960184652539e-15,,,2.347842002916299e-02,4.236673054376047e-03,,3.162277723968218e-05,1.410289141881883e+00,7.339744987492493e-05,1.289926608533532e-06,2.869741994447440e-01,7.760416666666666e-01,2.325133220666490e-11,3.294509109963428e-10,9.999999996705491e-01,9.999999994886317e-01,9.999999994861719e-01,9.999999994808493e-01,9.999999990980764e-01,9.999999990967301e-01,9.999999990953885e-01,3.524452981285020e-24,1.431398766501557e-24,3.184777940692335e-25,4.215480060600345e-05,1.172097342152285e-07,3.064795468587951e-05,1.679997433534619e-05,2.729234690376847e-01,4.397302909396830e-01,2.872564004761203e-01,9.152456323367808e-10,4.071476298875141e-08,7.797714282017926e-08,false
5,3.162000000000000e+16,1,6,CONTINUE,5.042357213236744e-04,5.042712624344991e-04,1.000000000000000e-09,5.042357213236744e-05,2.220462110322533e-14,1.235326168033466e-41,9.599506013520593e-08,9.900000000000000e-01,,,6.974873630529223e-05,4.350683996352804e+00,4.306999359743020e+00,3.030514649183377e-02,2.118027581857608e+00,REFINE_STALLED,REFINE_STALLED,,1,2,2,1,2,2,,,,2.066585709838534e+02,2.347843004545447e-02,2.066617711100769e+02,4.236674862401243e-03,,,6.629241152163227e-14,6.628214759199987e-14,,solution good enough for the tolerances given,solution good enough for the tolerances given,,6.629241152163227e-14,6.628214759199987e-14,,2.066585709838534e+02,6.588784693620925e-15,2.066617711100769e+02,6.587840251884736e-15,,,2.347842870745098e-02,4.236674620879929e-03,,3.162277680345431e-05,1.410289141881883e+00,7.339744987492493e-05,1.289926608533532e-06,2.869741994447440e-01,7.760416666666666e-01,2.301565172312999e-11,3.294498007733182e-10,9.999999996705502e-01,9.999999994874009e-01,9.999999994861524e-01,9.999999994808473e-01,9.999999990980757e-01,9.999999990967303e-01,9.999999990953883e-01,4.604748815918134e-24,1.915953043905155e-24,3.906101343321821e-25,4.214010910035568e-05,6.590077738029331e-07,3.014146037377870e-05,1.677909070358981e-05,2.726657061333141e-01,4.397589673706679e-01,2.874854871782488e-01,3.273800391163708e-09,4.916964808332829e-08,6.720636896450227e-08,false
5,1.000000000000000e+17,1,6,CONTINUE,5.042357213236744e-04,5.042712640323307e-04,1.000000000000000e-09,5.042357213236744e-05,2.220462110322533e-14,6.250944786532968e-42,3.035369938867168e-08,9.900000000000000e-01,,,6.974873621156808e-05,1.375847339430917e+01,1.362083245769414e+01,3.030514649183377e-02,2.118027581857608e+00,REFINE_STALLED,REFINE_STALLED,,1,2,2,1,2,2,,,,6.535748482248475e+02,2.347843187530815e-02,6.535780664498062e+02,4.236675192705232e-03,,,6.628842573815366e-14,6.628518120951913e-14,,solution good enough for the tolerances given,solution good enough for the tolerances given,,6.628842573815366e-14,6.628518120951913e-14,,6.535748482248475e+02,6.588417081321817e-15,6.535780664498062e+02,6.588118925724383e-15,,,2.347843145223140e-02,4.236675116336183e-03,,3.162277666548363e-05,1.410289141881883e+00,7.339744987492493e-05,1.289926608533532e-06,2.869741994447440e-01,7.760416666666666e-01,2.369221920913494e-11,3.294491346395034e-10,9.999999996705509e-01,9.999999994883007e-01,9.999999994861692e-01,9.999999994808491e-01,9.999999990980759e-01,9.999999990967301e-01,9.999999990953883e-01,4.191937796045702e-24,2.261958210955093e-24,6.250944786532968e-25,4.213576028843075e-05,1.731435015822955e-07,3.061346261962857e-05,1.679724012578665e-05,2.727406891566687e-01,4.397553977687088e-01,2.874140738097362e-01,8.464711757491111e-09,6.055633532876536e-08,5.063730419445151e-08,false
5,3.162000000000000e+17,1,6,CONTINUE,5.042357213236744e-04,5.042712645228290e-04,1.000000000000000e-09,5.042357213236744e-05,2.220462110322533e-14,1.982952951066407e-42,9.599480133853711e-09,9.900000000000000e-01,,,6.974873620221140e-05,4.350419477101285e+01,4.306913506775665e+01,3.030514649183377e-02,2.118027581857608e+00,REFINE_STALLED,REFINE_STALLED,,1,2,2,1,2,2,,,,2.066610319049717e+03,2.347843245386094e-02,2.066612879845758e+03,4.236675297138913e-03,,,6.628716705354192e-14,6.628614024722031e-14,,solution good enough for the tolerances given,solution good enough for the tolerances given,,6.628716705354192e-14,6.628614024722031e-14,,2.066610319049717e+03,6.588299343742148e-15,2.066612879845758e+03,6.588207017150897e-15,,,2.347843232006057e-02,4.236675272986778e-03,,3.162277662186085e-05,1.410289141881883e+00,7.339744987492493e-05,1.289926608533532e-06,2.869741994447440e-01,7.760416666666666e-01,2.268320940936675e-11,3.294506889517379e-10,9.999999996705493e-01,9.999999994871296e-01,9.999999994861393e-01,9.999999994808459e-01,9.999999990980761e-01,9.999999990967310e-01,9.999999990953887e-01,5.569951360862393e-24,2.206609606253451e-24,6.270097231271978e-25,4.213398564533567e-05,1.172483349329458e-06,2.963745975267911e-05,1.677534751910620e-05,2.725188389280060e-01,4.397888914117974e-01,2.876024307164856e-01,1.312271287524328e-09,3.765909367366917e-08,8.069607991744205e-08,false
5,1.000000000000000e+18,1,6,CONTINUE,5.042357213236744e-04,5.042712646317328e-04,1.000000000000000e-09,5.042357213236744e-05,2.220462110322533e-14,3.734522688855725e-43,3.035363801475211e-09,9.900000000000000e-01,,,6.974873620127880e-05,1.375851118362632e+02,1.362092551224938e+02,3.030514649183377e-02,2.118027581857608e+00,REFINE_STALLED,REFINE_STALLED,,1,2,2,1,2,2,,,,6.535776879354254e+03,2.347843263684632e-02,6.535779754461942e+03,4.236675330169334e-03,,,6.628676753978943e-14,6.628644261218123e-14,,solution good enough for the tolerances given,solution good enough for the tolerances given,,6.628676753978943e-14,6.628644261218123e-14,,6.535776879354254e+03,6.588264615391311e-15,6.535779754461942e+03,6.588233275172262e-15,,,2.347843259453865e-02,4.236675322532429e-03,,3.162277660806378e-05,1.410289141881883e+00,7.339744987492493e-05,1.289926608533532e-06,2.869741994447440e-01,7.760416666666666e-01,3.050141258983178e-11,3.294498007733182e-10,9.999999996705502e-01,9.999999994904194e-01,9.999999994861808e-01,9.999999994808506e-01,9.999999990980764e-01,9.999999990967312e-01,9.999999990953887e-01,3.477969398329139e-24,1.393839850524760e-24,3.734522688855725e-25,4.213035201549618e-05,2.326709166087956e-08,3.073931852068196e-05,1.682650841952323e-05,2.725178643282722e-01,4.397954019825502e-01,2.875968945695324e-01,2.356872480185581e-09,5.531034937396683e-08,6.200637525958144e-08,false
6,1.000000000000000e+00,0,9,CONTINUE,7.629611595941921e-05,1.154438965888919e-05,1.000000000000000e-09,7.629611595941921e-06,2.220448059546158e-14,1.004887194593755e+00,5.146981586700616e+01,9.900000000000000e-01,,,3.368542260657740e-01,1.496528248687646e-02,8.783496555955020e-03,3.121501248068630e-02,2.109933666317529e+00,REACHED_FORCE,REACHED_FORCE,,5,0,0,4,0,0,,,,6.333502830437737e-07,NaN,1.135136448946958e-06,NaN,,,8.365279355112006e-03,2.247788049988725e-03,,solution good enough for the tolerances given,solution good enough for the tolerances given,,2.884860383412752e-06,5.181098551297640e-06,,2.255140518769849e-17,6.333502830437737e-07,1.908195823574488e-17,1.135136448946958e-06,,,6.333502830437737e-07,1.135136448946958e-06,,3.599369430340089e-01,1.777476316079483e+00,9.165907805218180e-06,1.289926608705179e-08,2.869713311219381e-01,7.760416666666666e-01,1.333842464545206e-01,1.905857650681819e-02,9.809414234931818e-01,9.252894785175424e-01,8.473681543341776e-01,8.047055149346561e-01,7.439526274039239e-01,6.939463664148015e-01,6.350538944773166e-01,5.794664389616208e-01,5.252718371993621e-01,5.012188203423448e-01,5.555287769929052e-05,5.525420794034876e-05,1.480251031079525e-01,1.623053972178697e-01,2.419638632942791e-01,2.338312057967157e-01,1.068529981598914e-01,6.602549528960538e-02,3.845248001949652e-02,2.432650028549342e-03,false
6,3.162000000000000e+00,0,7,CONTINUE,7.629611595941921e-05,1.154438972353984e-05,1.000000000000000e-09,7.629611595941921e-06,2.220448059546158e-14,9.901223214451468e-01,4.707982460073307e+01,9.900000000000000e-01,,,3.368538273730158e-01,1.496526907052066e-02,8.783509148938105e-03,3.121501248068630e-02,2.109933666317529e+00,REACHED_FORCE,REACHED_FORCE,,4,0,0,3,0,0,,,,1.454876426441529e-07,NaN,6.501015051120843e-07,NaN,,,3.283126515910106e-03,8.810151032239397e-04,,solution good enough for the tolerances given,solution good enough for the tolerances given,,5.767079573238757e-07,2.886560050002315e-06,,5.355958732078392e-17,1.454876426441529e-07,5.876375774871434e-17,6.501015051120843e-07,,,1.454876426441529e-07,6.501015051120843e-07,,2.254468510872044e-01,1.535977690654995e+00,9.165907805218180e-06,1.289926608705179e-08,2.869713311219381e-01,7.760416666666666e-01,6.941932599396909e-02,6.672609497867410e-03,9.933273905021326e-01,9.465257268411048e-01,9.308371898801416e-01,9.054168976362791e-01,8.816803923046522e-01,8.517645594662384e-01,8.191245376008141e-01,7.965318869098230e-01,7.759012734583194e-01,7.579141953153664e-01,4.190825125684282e-05,1.104562214000084e-01,1.327840311584288e-01,2.021815623490426e-01,2.605932385654850e-01,1.337868954634357e-01,8.613259719843598e-02,2.323737183998919e-02,4.887914157344914e-02,1.907032200467485e-03,false
6,1.000000000000000e+01,0,5,CONTINUE,7.629611595941921e-05,1.154438931447090e-05,1.000000000000000e-09,7.629611595941921e-06,2.220448059546158e-14,4.329500331900465e-03,3.142717415047991e+01,9.900000000000000e-01,,,3.368553457146464e-01,1.496414110382955e-02,8.784638680306869e-03,3.121501248068630e-02,2.109933666317529e+00,REACHED_FORCE,REACHED_FORCE,,3,0,0,2,0,0,,,,1.114553167796267e-07,NaN,1.110248075616820e-06,NaN,,,1.130095605844158e-03,3.030705119180826e-04,,solution good enough for the tolerances given,solution good enough for the tolerances given,,4.691374327407133e-07,5.670428591741240e-06,,1.880006567089865e-16,1.114553167796267e-07,2.421023451160131e-16,1.110248075616820e-06,,,1.114553167796267e-07,1.110248075616820e-06,,1.338339058886248e-01,1.451219245078868e+00,9.165907805218180e-06,1.289926608705179e-08,2.869713311219381e-01,7.760416666666666e-01,9.474976976857175e-01,3.171866895608777e-03,9.968281331043912e-01,9.820409982440621e-01,9.744282906854276e-01,9.633530373094229e-01,9.520406198796187e-01,9.384305670783722e-01,9.286109740582604e-01,9.164890570278176e-01,9.083959301304096e-01,4.149833286009374e-02,5.828077458890717e-05,1.259305205398473e-01,1.609915523184310e-01,3.081656999138511e-01,1.911817869660874e-01,9.919537324707846e-02,5.172898348215033e-02,6.024477334718318e-02,2.503029410782009e-03,7.116345454470366e-29,false
6,3.162000000000000e+01,0,4,CONTINUE,7.629611595941921e-05,1.154438964217174e-05,1.000000000000000e-09,7.629611595941921e-06,2.220448059546158e-14,2.604636991272810e-13,2.489144052234592e+01,9.900000000000000e-01,,,3.368542776416458e-01,1.496522276935055e-02,8.783553270541391e-03,3.121501248068630e-02,2.109933666317529e+00,REACHED_FORCE,REACHED_FORCE,,2,0,0,2,0,0,,,,4.684247230206384e-07,NaN,1.239043996414252e-07,NaN,,,3.680303916005644e-04,9.869035376565825e-05,,solution good enough for the tolerances given,solution good enough for the tolerances given,,2.298376234971949e-06,6.135269164119257e-07,,7.324327776225825e-16,4.684247230206384e-07,7.309691046897271e-16,1.239043996414252e-07,,,4.684247230206384e-07,1.239043996414252e-07,,7.682907304017043e-02,1.423362275299216e+00,9.165907805218180e-06,1.289926608705179e-08,2.869713311219381e-01,7.760416666666666e-01,9.905312000962642e-01,1.268927079477677e-03,9.987310729205223e-01,9.942069693981279e-01,9.915329034464970e-01,9.878316618778640e-01,9.838180844235456e-01,9.789717787723019e-01,9.755727797783376e-01,9.719383668032915e-01,9.690419467543122e-01,8.235862166336796e-12,7.941565783256228e-05,1.286751034066325e-01,1.670671506188023e-01,3.159722623126354e-01,1.816245904473772e-01,1.042981353796397e-01,3.792890039112926e-02,6.188609611401902e-02,2.468345671931766e-03,3.627145675711164e-28,false
6,1.000000000000000e+02,0,4,CONTINUE,7.629611595941921e-05,1.154438968219401e-05,1.000000000000000e-09,7.629611595941921e-06,2.220448059546158e-14,1.169149840770501e-23,2.283208077792645e+01,9.900000000000000e-01,,,3.368541535815902e-01,1.496533722535470e-02,8.783438473536666e-03,3.121501248068630e-02,2.109933666317529e+00,REACHED_FORCE,REACHED_FORCE,,2,0,0,2,0,0,,,,4.852975795267139e-08,NaN,1.282108801851228e-08,NaN,,,1.174892229009378e-04,3.149936502854675e-05,,solution good enough for the tolerances given,solution good enough for the tolerances given,,2.357800424631950e-07,6.289694286533876e-08,,1.968911145233676e-15,4.852975795267139e-08,1.631399008938939e-15,1.282108801851228e-08,,,4.852975795267139e-08,1.282108801851228e-08,,4.350300128511252e-02,1.414436104511505e+00,9.165907805218180e-06,1.289926608705179e-08,2.869713311219381e-01,7.760416666666666e-01,9.970553918932378e-01,4.377884877135862e-04,9.995622115122864e-01,9.981559727080934e-01,9.972807519128299e-01,9.960909450519697e-01,9.947757996728595e-01,9.931879921172588e-01,9.920497446983672e-01,9.909462069547917e-01,9.899934415106972e-01,1.169149840770501e-21,9.126170349877248e-05,1.296503097337175e-01,1.692861379027107e-01,3.173452119353155e-01,1.787094798251912e-01,1.062900938551889e-01,3.405871131750287e-02,6.211672538099363e-02,2.452068345881540e-03,3.277123697493827e-27,false
6,3.162000000000000e+02,0,4,CONTINUE,7.629611595941921e-05,1.154438968652535e-05,1.000000000000000e-09,7.629611595941921e-06,2.220448059546158e-14,1.154204785792079e-32,2.219407335732660e+01,9.900000000000000e-01,,,3.368541406130253e-01,1.496534887868644e-02,8.783426785165842e-03,3.121501248068630e-02,2.109933666317529e+00,REACHED_FORCE,REACHED_FORCE,,2,0,0,2,0,0,,,,4.909383241949450e-09,NaN,1.296867616767949e-09,NaN,,,3.727025860458502e-05,9.991942580906872e-06,,solution good enough for the tolerances given,solution good enough for the tolerances given,,2.377694934556942e-08,6.342238928338469e-09,,4.950467119568813e-15,4.909383241949450e-09,5.463403167371705e-15,1.296867616767949e-09,,,4.909383241949450e-09,1.296867616767949e-09,,2.451945013025705e-02,1.411601977178106e+00,9.165907805218180e-06,1.289926608705179e-08,2.869713311219381e-01,7.760416666666666e-01,1.988723631555228e-01,1.424751873233543e-04,9.998575248126766e-01,9.994155555051637e-01,9.991356940581971e-01,9.987574786079322e-01,9.983369004898447e-01,9.978293006580974e-01,9.974616259292324e-01,9.971180496429671e-01,9.968129503844065e-01,3.649595532674553e-30,9.582492811750513e-05,1.299693770809163e-01,1.700190892177309e-01,3.176601059257058e-01,1.777937509580851e-01,1.068829314554518e-01,3.299354232759994e-02,6.213915438279792e-02,2.446223723595252e-03,2.872826495764897e-26,false
6,1.000000000000000e+03,0,3,CONTINUE,7.629611595941921e-05,1.154439201440167e-05,1.000000000000000e-09,7.629611595941921e-06,2.220448059546158e-14,7.633011766955173e-33,2.199395473531649e+01,9.900000000000000e-01,,,3.368501467669596e-01,1.496393808386399e-02,8.784826464416959e-03,3.121501248068630e-02,2.109933666317529e+00,REACHED_FORCE,REACHED_FORCE,,2,0,0,1,0,0,,,,4.926289619289204e-10,NaN,3.133285492772434e-07,NaN,,,1.179628059867491e-05,3.162486530576708e-06,,solution good enough for the tolerances given,solution good enough for the tolerances given,,2.383495414135053e-09,3.162486530576708e-06,,1.716389617240077e-14,4.926289619289204e-10,2.530451976429093e-14,3.133285492772434e-07,,,4.926289619289204e-10,3.133285492772434e-07,,1.379752729957644e-02,1.410704394120516e+00,9.165907805218180e-06,1.289926608705179e-08,2.869713311219381e-01,7.760416666666666e-01,2.720099327762687e-04,4.546497194624077e-05,9.999545350280538e-01,9.998150714591090e-01,9.997262692391632e-01,9.996064847320467e-01,9.994730308946463e-01,9.993119870577126e-01,9.991949149008088e-01,9.990868443804717e-01,9.989899911584170e-01,7.633011766955173e-30,9.736430362335108e-05,1.300713654865904e-01,1.702540879349119e-01,3.177475709524020e-01,1.775046281900118e-01,1.070647088441705e-01,3.267578979350083e-02,6.214018311468327e-02,2.444301380105444e-03,3.451487625491378e-25,false
6,3.162000000000000e+03,0,2,CONTINUE,7.629611595941921e-05,1.154439042216429e-05,1.000000000000000e-09,7.629611595941921e-06,2.220448059546158e-14,1.365350336125983e-32,2.193086002693998e+01,9.900000000000000e-01,,,3.368528756021788e-01,1.496490314363891e-02,8.783868991992355e-03,3.121501248068630e-02,2.109933666317529e+00,REACHED_FORCE,REACHED_FORCE,,1,0,0,1,0,0,,,,3.728370792073846e-07,NaN,9.917345389180710e-08,NaN,,,3.731783317681014e-06,1.000985421242876e-06,,solution good enough for the tolerances given,solution good enough for the tolerances given,,3.731783317681014e-06,1.000985421242876e-06,,5.704388784250058e-14,3.728370792073846e-07,6.760889591228558e-14,9.917345389180710e-08,,,3.728370792073846e-07,9.917345389180710e-08,,7.761013216915939e-03,1.410420480865295e+00,9.165907805218180e-06,1.289926608705179e-08,2.869713311219381e-01,7.760416666666666e-01,8.608542963592825e-05,1.442036352261589e-05,9.999855796364774e-01,9.999415025714868e-01,9.999133872757389e-01,9.998754855009748e-01,9.998332332446844e-01,9.997822483010502e-01,9.997451408702379e-01,9.997110205957539e-01,9.996803520680777e-01,4.317237762830358e-29,9.786114870580596e-05,1.301037192151611e-01,1.703287082133598e-01,3.177740067492983e-01,1.774132629254466e-01,1.071215565106831e-01,3.257733396257242e-02,6.213986518250227e-02,2.443686092270033e-03,2.976916508104356e-24,true
6,1.000000000000000e+04,0,2,CONTINUE,7.629611595941921e-05,1.154438991919253e-05,1.000000000000000e-09,7.629611595941921e-06,2.220448059546158e-14,6.561768054126905e-33,1.770118678600118e+01,9.900000000000000e-01,,,3.368537397161662e-01,1.496520887275507e-02,8.783565672280233e-03,3.121501248068630e-02,2.109933666317529e+00,REACHED_FORCE,REACHED_FORCE,,1,0,0,1,0,0,,,,1.179022887081577e-07,NaN,3.135042020083190e-08,NaN,,,1.180104383841348e-06,3.164280247934567e-07,,solution good enough for the tolerances given,solution good enough for the tolerances given,,1.180104383841348e-06,3.164280247934567e-07,,1.768740319138540e-13,1.179022887081577e-07,1.575615722962387e-13,3.135042020083190e-08,,,1.179022887081577e-07,3.135042020083190e-08,,4.364458835124650e-03,1.410330672367217e+00,9.165907805218180e-06,1.289926608705179e-08,2.869713311219381e-01,7.760416666666666e-01,3.240025698237769e-03,5.649306810795451e-06,9.999943506931892e-01,9.999813616610388e-01,9.999718829916762e-01,9.999598315391642e-01,9.999458959567356e-01,9.999295212684471e-01,9.999153712017865e-01,9.999081282855266e-01,9.998986153009870e-01,6.561768054126905e-29,1.574807684918831e-04,1.365222580227853e-01,1.806855436328804e-01,3.210908710882066e-01,1.686632558814791e-01,1.079874033242766e-01,2.867151110402175e-02,5.412370085985590e-02,2.097975318002493e-03,3.641353015713434e-23,false
6,3.162000000000000e+04,0,2,CONTINUE,7.629611595941921e-05,1.154438976057545e-05,1.000000000000000e-09,7.629611595941921e-06,2.220448059546158e-14,8.218176972830291e-33,9.684321905166748e+00,9.900000000000000e-01,,,3.368540128326909e-01,1.496530549674836e-02,8.783469810521933e-03,3.121501248068630e-02,2.109933666317529e+00,REACHED_FORCE,REACHED_FORCE,,1,0,0,1,0,0,,,,3.728837180434069e-08,NaN,9.913921136285586e-09,NaN,,,3.732259935087496e-07,1.000637555448528e-07,,solution good enough for the tolerances given,solution good enough for the tolerances given,,3.732259935087496e-07,1.000637555448528e-07,,6.840897748446040e-13,3.728837180434069e-08,5.083763813563957e-13,9.913921136285586e-09,,,3.728837180434069e-08,9.913921136285586e-09,,2.454478808329892e-03,1.410302276019429e+00,9.165907805218180e-06,1.289926608705179e-08,2.869713311219381e-01,7.760416666666666e-01,9.999878875976858e-01,3.265633926607947e-06,9.999967343660734e-01,9.999938974775578e-01,9.999902120112594e-01,9.999863301525004e-01,9.999813830230936e-01,9.999766220438879e-01,9.999712682557133e-01,9.999682136508277e-01,6.313014012334207e-06,2.598587558808938e-28,1.414625973945746e-03,1.607753101132239e-01,2.289082180151224e-01,3.087108933136317e-01,1.398497165319283e-01,8.876415551613343e-02,6.833308076875748e-02,3.243999767257478e-03,2.249369501009250e-56,3.081332203424987e-22,false
6,1.000000000000000e+05,0,2,CONTINUE,7.629611595941921e-05,1.154438971076492e-05,1.000000000000000e-09,7.629611595941921e-06,2.220448059546158e-14,1.207769063970381e-32,9.683385536031018e+00,9.900000000000000e-01,,,3.368540992005385e-01,1.496533605413884e-02,8.783439494262231e-03,3.121501248068630e-02,2.109933666317529e+00,REACHED_FORCE,REACHED_FORCE,,1,0,0,1,0,0,,,,1.179069522745657e-08,NaN,3.134699572832078e-09,NaN,,,1.180152043963122e-07,3.163932349550024e-08,,solution good enough for the tolerances given,solution good enough for the tolerances given,,1.180152043963122e-07,3.163932349550024e-08,,1.361321537267368e-12,1.179069522745657e-08,1.380660234577558e-12,3.134699572832078e-09,,,1.179069522745657e-08,3.134699572832078e-09,,1.380204137716797e-03,1.410293294667156e+00,9.165907805218180e-06,1.289926608705179e-08,2.869713311219381e-01,7.760416666666666e-01,9.999971680981623e-01,1.032695603808698e-06,9.999989673043962e-01,9.999980703577839e-01,9.999969049644172e-01,9.999956775006581e-01,9.999941131704861e-01,9.999926077413778e-01,9.999909148387550e-01,9.999899489296041e-01,1.277529011716815e-16,1.207769063970381e-27,1.415311832864011e-03,1.607781122798194e-01,2.289158690037222e-01,3.087045349715800e-01,1.398461174372602e-01,8.876201824665968e-02,6.833407741289574e-02,3.243958815199273e-03,2.750962713820928e-43,3.561830857767712e-21,false
6,3.162000000000000e+05,0,2,CONTINUE,7.629611595941921e-05,1.154438969863271e-05,1.000000000000000e-09,7.629611595941921e-06,2.220448059546158e-14,6.711812249486218e-33,9.683089787758828e+00,9.900000000000000e-01,,,3.368541264224513e-01,1.496534573059770e-02,8.783429894267948e-03,3.121501248068630e-02,2.109933666317529e+00,REACHED_FORCE,REACHED_FORCE,,1,0,0,1,0,0,,,,3.728883837990360e-09,NaN,9.913578673248491e-10,NaN,,,3.732307608742783e-08,1.000602758672818e-08,,solution good enough for the tolerances given,solution good enough for the tolerances given,,3.732307608742783e-08,1.000602758672818e-08,,5.414293904708323e-12,3.728883837990360e-09,8.208858560346949e-12,9.913578673248491e-10,,,3.728883837990360e-09,9.913578673248491e-10,,7.761816552358137e-04,1.410290454982138e+00,9.165907805218180e-06,1.289926608705179e-08,2.869713311219381e-01,7.760416666666666e-01,9.298844763413083e-01,3.266059058759652e-07,9.999996733940941e-01,9.999993897375082e-01,9.999990211705146e-01,9.999986329763049e-01,9.999981382434447e-01,9.999976621424095e-01,9.999971267491059e-01,9.999968212706821e-01,1.937403288317764e-26,2.122275033287542e-27,1.415528602264239e-03,1.607789981560250e-01,2.289182885467879e-01,3.087025251166186e-01,1.398449791039354e-01,8.876134224421547e-02,6.833439231368818e-02,3.243945916465269e-03,1.548702764275721e-21,4.270539494964438e-20,false
6,1.000000000000000e+06,0,2,CONTINUE,7.629611595941921e-05,1.154438969687465e-05,1.000000000000000e-09,7.629611595941921e-06,2.220448059546158e-14,7.373585716932947e-33,9.682995703619405e+00,9.900000000000000e-01,,,3.368541350004325e-01,1.496534879330733e-02,8.783426855776655e-03,3.121501248068630e-02,2.109933666317529e+00,REACHED_FORCE,REACHED_FORCE,,1,0,0,1,0,0,,,,1.179074187243612e-09,NaN,3.134665348472621e-10,NaN,,,1.180156811430017e-08,3.163897566949011e-09,,solution good enough for the tolerances given,solution good enough for the tolerances given,,1.180156811430017e-08,3.163897566949011e-09,,1.225374380957323e-11,1.179074187243612e-09,1.432194217821509e-11,3.134665348472621e-10,,,1.179074187243612e-09,3.134665348472621e-10,,4.364601699790267e-04,1.410289556841885e+00,9.165907805218180e-06,1.289926608705179e-08,2.869713311219381e-01,7.760416666666666e-01,7.741474534660096e-06,1.032738139450373e-07,9.999998967261861e-01,9.999998070347542e-01,9.999996904933806e-01,9.999995677461725e-01,9.999994113111630e-01,9.999992607679414e-01,9.999990914762301e-01,9.999989948835225e-01,5.892435326249050e-26,7.373585716932947e-27,1.415597525237522e-03,1.607792780601823e-01,2.289190526894622e-01,3.087018896865832e-01,1.398446195714969e-01,8.876112842406893e-02,6.833449224912784e-02,3.243941793841766e-03,7.448993922272066e-21,2.895061943685458e-19,false
6,3.162000000000000e+06,0,2,CONTINUE,7.629611595941921e-05,1.154438969373690e-05,1.000000000000000e-09,7.629611595941921e-06,2.220448059546158e-14,3.619560331515859e-33,9.682840152517548e+00,9.900000000000000e-01,,,3.368541377517751e-01,1.496534972855251e-02,8.783425927997947e-03,3.121501248068630e-02,2.109933666317529e+00,REACHED_FORCE,REACHED_FORCE,,1,0,0,1,0,0,,,,3.728888448017997e-10,NaN,9.913544030820676e-11,NaN,,,3.732312371545280e-09,1.000599275569262e-09,,solution good enough for the tolerances given,solution good enough for the tolerances given,,3.732312371545280e-09,1.000599275569262e-09,,4.760883983052910e-11,3.728888448017997e-10,6.712016185905778e-11,9.913544030820676e-11,,,3.728888448017997e-10,9.913544030820676e-11,,2.454504218792227e-04,1.410289272872881e+00,9.165907805218180e-06,1.289926608705179e-08,2.869713311219381e-01,7.760416666666666e-01,8.566050476388440e-08,3.266144221747425e-08,9.999999673385578e-01,9.999999389736169e-01,9.999999021166948e-01,9.999998632972025e-01,9.999998138237209e-01,9.999997662136045e-01,9.999997126741462e-01,9.999996821261208e-01,4.900040184451403e-26,1.144504976825315e-26,1.415701267205239e-03,1.607794905853754e-01,2.289194816694172e-01,3.087013968587677e-01,1.398444744900189e-01,8.876099050464756e-02,6.833452530562978e-02,3.243939318939102e-03,6.513006205347020e-19,1.782823650983429e-18,false
6,1.000000000000000e+07,0,2,CONTINUE,7.629611595941921e-05,1.154438971291112e-05,1.000000000000000e-09,7.629611595941921e-06,2.220448059546158e-14,8.391462532565414e-33,9.561857865740018e+00,9.900000000000000e-01,,,3.368541382697421e-01,1.496535007413880e-02,8.783425584991627e-03,3.121501248068630e-02,2.109933666317529e+00,REACHED_FORCE,REACHED_FORCE,,1,0,0,1,0,0,,,,1.179074667762015e-10,NaN,1.091486386949753e-10,NaN,,,1.180157286958033e-09,3.163894107971600e-10,,solution good enough for the tolerances given,solution good enough for the tolerances given,,1.180157286958033e-09,3.163894107971600e-10,,9.756977777802822e-11,1.179074667762015e-10,1.091486386949753e-10,3.134661974435460e-11,,,1.179074667762015e-10,1.091486386949753e-10,,1.380208655197700e-04,1.410289183058806e+00,9.165907805218180e-06,1.289926608705179e-08,2.869713311219381e-01,7.760416666666666e-01,2.101116195756279e-05,1.045821851342055e-08,9.999999895417815e-01,9.999999806814658e-01,9.999999689794576e-01,9.999999567039111e-01,9.999999410423324e-01,9.999999260355326e-01,9.999999091405839e-01,9.999998994771354e-01,2.934591160396380e-25,8.391462532565414e-26,1.511710548942915e-03,1.613822366881828e-01,2.301203292732956e-01,3.078876314085867e-01,1.392584081224278e-01,8.832564602682930e-02,6.828596134307134e-02,3.228076588663036e-03,4.795591848577253e-18,2.992139554189586e-17,false
6,3.162000000000000e+07,0,2,CONTINUE,7.629611595941921e-05,1.154438968443658e-05,1.000000000000000e-09,7.629611595941921e-06,2.220448059546158e-14,5.087175853655733e-33,5.904442834663588e+00,9.900000000000000e-01,,,3.368541392307738e-01,1.496534981201435e-02,8.783425843377483e-03,3.121501248068630e-02,2.109933666317529e+00,REACHED_FORCE,REACHED_FORCE,,1,0,0,1,0,0,,,,4.913918287031971e-10,NaN,4.250649981735882e-10,NaN,,,3.732312763021709e-10,1.000598911969213e-10,,solution good enough for the tolerances given,solution good enough for the tolerances given,,3.732312763021709e-10,1.000598911969213e-10,,4.913918287031971e-10,3.728888812309927e-11,4.250649981735882e-10,9.913542209361026e-12,,,4.913918287031971e-10,4.250649981735882e-10,,7.761824579010519e-05,1.410289154661900e+00,9.165907805218180e-06,1.289926608705179e-08,2.869713311219381e-01,7.760416666666666e-01,9.181301033098492e-01,5.356229904052157e-09,9.999999946437701e-01,9.999999926769305e-01,9.999999882214725e-01,9.999999835432648e-01,9.999999775749601e-01,9.999999715114689e-01,9.999999686153653e-01,1.570371012653725e-01,9.705396414084034e-25,1.608565004925943e-25,6.462492790336027e-02,1.745213292959087e-01,3.458533234980066e-01,2.176523525772628e-01,1.197708495523878e-01,7.197926406192702e-02,5.597953111146642e-03,1.607514224209786e-48,4.126238276407805e-17,2.753375085067660e-16,false
6,1.000000000000000e+08,0,2,CONTINUE,7.629611595941921e-05,1.154439015023688e-05,1.000000000000000e-09,7.629611595941921e-06,2.220448059546158e-14,8.508617367083962e-33,5.904530333410293e+00,9.900000000000000e-01,,,3.368541284923615e-01,1.496535136409426e-02,8.783424311385282e-03,3.121501248068630e-02,2.109933666317529e+00,REACHED_FORCE,REACHED_FORCE,,1,0,0,1,0,0,,,,1.027571423783957e-09,NaN,1.343391614421451e-09,NaN,,,1.180157402838733e-10,3.163894240883230e-11,,solution good enough for the tolerances given,solution good enough for the tolerances given,,1.180157402838733e-10,3.163894240883230e-11,,1.027571423783957e-09,1.179074719803719e-11,1.343391614421451e-09,3.134664403048326e-12,,,1.027571423783957e-09,1.343391614421451e-09,,4.364603137834405e-05,1.410289145680492e+00,9.165907805218180e-06,1.289926608705179e-08,2.869713311219381e-01,7.760416666666666e-01,9.999999980677965e-01,1.693614803954802e-09,9.999999983063852e-01,9.999999976844833e-01,9.999999962756778e-01,9.999999947964513e-01,9.999999929092340e-01,9.999999909919250e-01,9.999999900761603e-01,2.869835353304245e-11,2.828001660035034e-24,8.508617367083961e-25,6.461700493137783e-02,1.745221483313599e-01,3.458461250155448e-01,2.176622311875616e-01,1.197752048193045e-01,7.197984337607986e-02,5.597442338770432e-03,4.819587178688824e-48,6.172116632985667e-16,1.812991248948051e-15,false
6,3.162000000000000e+08,0,2,CONTINUE,7.629611595941921e-05,1.154438979797080e-05,1.000000000000000e-09,7.629611595941921e-06,2.220448059546158e-14,8.475420871815284e-33,5.911855255440360e+00,9.900000000000000e-01,,,3.368541435748613e-01,1.496534757237040e-02,8.783428039559223e-03,3.121501248068630e-02,2.109933666317529e+00,REACHED_FORCE,REACHED_FORCE,,1,0,0,1,0,0,,,,2.505291963467160e-09,NaN,3.393301138991320e-09,NaN,,,3.732312391151901e-11,1.000598574391421e-11,,solution good enough for the tolerances given,solution good enough for the tolerances given,,3.732312391151901e-11,1.000598574391421e-11,,2.505291963467160e-09,3.728886990850278e-12,3.393301138991320e-09,9.913519657955838e-13,,,2.505291963467160e-09,3.393301138991320e-09,,2.454504492047608e-05,1.410289142840802e+00,9.165907805218180e-06,1.289926608705179e-08,2.869713311219381e-01,7.760416666666666e-01,9.997239140488039e-01,5.349514164976199e-10,9.999999994650486e-01,9.999999992689594e-01,9.999999988225734e-01,9.999999983548746e-01,9.999999977577023e-01,9.999999971512554e-01,9.999999968616553e-01,7.781667763342161e-21,6.487213979314612e-24,2.679928079667993e-24,6.371337799680504e-02,1.751141599338456e-01,3.457663366234099e-01,2.180057036183910e-01,1.197891744929046e-01,7.200873071973042e-02,5.602516614883874e-03,2.792215466367596e-28,9.866084366969827e-15,2.095340585711400e-14,false
6,1.000000000000000e+09,0,2,CONTINUE,7.629611595941921e-05,1.154438977766687e-05,1.000000000000000e-09,7.629611595941921e-06,2.220448059546158e-14,5.332907245989898e-33,5.899188300396854e+00,9.900000000000000e-01,,,3.368541544366639e-01,1.496534341890797e-02,8.783432129237963e-03,3.121501248068630e-02,2.109933666317529e+00,REACHED_FORCE,REACHED_FORCE,,1,0,0,1,0,0,,,,1.001758173028305e-08,NaN,1.427423056284908e-08,NaN,,,1.180156889653763e-11,3.163891408689928e-12,,solution good enough for the tolerances given,solution good enough for the tolerances given,,1.180156889653763e-11,3.163891408689928e-12,,1.001758173028305e-08,1.179075934110152e-12,1.427423056284908e-08,3.134671341942230e-13,,,1.001758173028305e-08,1.427423056284908e-08,,1.380208780330587e-05,1.410289141942661e+00,9.165907805218180e-06,1.289926608705179e-08,2.869713311219381e-01,7.760416666666666e-01,3.736024683235090e-04,1.695148466041019e-10,9.999999998304852e-01,9.999999997682578e-01,9.999999996274571e-01,9.999999994795312e-01,9.999999992908819e-01,9.999999990991522e-01,9.999999990075927e-01,2.613956967036227e-23,1.245227516131278e-23,5.332907245989898e-24,6.500352945881731e-02,1.744437456086071e-01,3.457363667363849e-01,2.175234839696792e-01,1.197462115940250e-01,7.194955199118661e-02,5.597110641045395e-03,1.366684295313711e-14,1.339979409244856e-13,1.072226107656130e-13,false
6,3.162000000000000e+09,0,2,CONTINUE,7.629611595941921e-05,1.154439221849502e-05,1.000000000000000e-09,7.629611595941921e-06,2.220448059546158e-14,6.047527843568514e-33,5.878954002058358e+00,9.900000000000000e-01,,,3.368540897398860e-01,1.496535259395418e-02,8.783423082665014e-03,3.121501248068630e-02,2.109933666317529e+00,REACHED_FORCE,REACHED_FORCE,,1,0,0,1,0,0,,,,2.849334747540098e-08,NaN,4.071087377583923e-08,NaN,,,3.732313152412699e-12,1.000599407722873e-12,,solution good enough for the tolerances given,solution good enough for the tolerances given,,3.732313152412699e-12,1.000599407722873e-12,,2.849334747540098e-08,3.728926889490225e-13,4.071087377583923e-08,9.913944665207453e-14,,,2.849334747540098e-08,4.071087377583923e-08,,7.761827135276260e-06,1.410289141658692e+00,9.165907805218180e-06,1.289926608705179e-08,2.869713311219381e-01,7.760416666666666e-01,3.226709943193500e-10,5.379452439058241e-11,9.999999999462055e-01,9.999999999262836e-01,9.999999998818851e-01,9.999999998351263e-01,9.999999997755744e-01,9.999999997150324e-01,9.999999996860740e-01,2.008247499460471e-22,6.408267869385068e-23,1.912228304136364e-23,6.741223507981969e-02,1.739439711316099e-01,3.458736223726370e-01,2.159859493939512e-01,1.193874287193683e-01,7.187645051380649e-02,5.520342785388796e-03,2.091019907011827e-14,8.025271491014244e-13,2.595666127298596e-12,false
6,1.000000000000000e+10,0,2,CONTINUE,7.629611595941921e-05,1.154438325424696e-05,1.000000000000000e-09,7.629611595941921e-06,2.220448059546158e-14,3.990829036857130e-33,5.903185994801753e+00,9.900000000000000e-01,,,3.368544355849457e-01,1.496518552944537e-02,8.783587363618985e-03,3.121501248068630e-02,2.109933666317529e+00,REACHED_FORCE,REACHED_FORCE,,1,0,0,1,0,0,,,,8.827806203973252e-08,NaN,1.057801882180937e-07,NaN,,,1.180148510224227e-12,3.163816632786385e-13,,solution good enough for the tolerances given,solution good enough for the tolerances given,,1.180148510224227e-12,3.163816632786385e-13,,8.827806203973252e-08,1.179056852151916e-13,1.057801882180937e-07,3.134471848742493e-14,,,8.827806203973252e-08,1.057801882180937e-07,,4.364605301813772e-06,1.410289141568878e+00,9.165907805218180e-06,1.289926608705179e-08,2.869713311219381e-01,7.760416666666666e-01,1.857285098067200e-07,1.694000495433556e-11,9.999999999830600e-01,9.999999999768365e-01,9.999999999627494e-01,9.999999999479547e-01,9.999999999290863e-01,9.999999999099172e-01,9.999999999007578e-01,5.555262203468921e-22,1.992997908442096e-22,3.990829036857130e-23,6.475209490193978e-02,1.744242636655513e-01,3.459947920220541e-01,2.175334449777141e-01,1.197306916649036e-01,7.197605358569291e-02,5.588659152603336e-03,4.225351867601186e-13,1.133612740930058e-11,1.778309679052057e-11,false
6,3.162000000000000e+10,0,2,CONTINUE,7.629611595941921e-05,1.154438595168107e-05,1.000000000000000e-09,7.629611595941921e-06,2.220448059546158e-14,4.984939697990340e-33,5.409579958194268e+00,9.900000000000000e-01,,,3.368542352902216e-01,1.496524701552789e-02,8.783526854181512e-03,3.121501248068630e-02,2.109933666317529e+00,REACHED_FORCE,REACHED_FORCE,,1,0,0,1,0,0,,,,3.737998683297919e-07,NaN,3.271761417423039e-07,NaN,,,3.732281962612877e-13,1.000597077757871e-13,,solution good enough for the tolerances given,solution good enough for the tolerances given,,3.732281962612877e-13,1.000597077757871e-13,,3.737998683297919e-07,3.728354430743153e-14,3.271761417423039e-07,9.911342579993487e-15,,,3.737998683297919e-07,3.271761417423039e-07,,2.454499891830577e-06,1.410289141540481e+00,9.165907805218180e-06,1.289926608705179e-08,2.869713311219381e-01,7.760416666666666e-01,4.041092994677765e-03,5.846212403071149e-12,9.999999999941538e-01,9.999999999906499e-01,9.999999999860212e-01,9.999999999793281e-01,9.999999999727183e-01,9.999999999697493e-01,9.999836695515009e-01,1.217549720740751e-21,3.755403006312684e-22,1.576237932504545e-22,1.359207106187397e-01,2.453578844388995e-01,3.585954607251240e-01,1.625109593895084e-01,7.341630849611611e-02,2.419867609092854e-02,3.501829445818621e-43,1.430450499107906e-12,7.219428147501574e-11,1.670598714319580e-10,false
6,1.000000000000000e+11,0,2,CONTINUE,7.629611595941921e-05,1.154418636781036e-05,1.000000000000000e-09,7.629611595941921e-06,2.220448059546158e-14,3.247460101389206e-33,-1.000000000020576e+00,9.900000000000000e-01,,,3.368585020789187e-01,1.496332070795150e-02,8.785431450176575e-03,3.121501248068630e-02,2.109933666317529e+00,REACHED_FORCE,REACHED_FORCE,,1,0,0,1,0,0,,,,9.620227290066874e-07,NaN,9.771702224719561e-07,NaN,,,1.180039341560254e-13,3.163042420017732e-14,,solution good enough for the tolerances given,solution good enough for the tolerances given,,1.180039341560254e-13,3.163042420017732e-14,,9.620227290066874e-07,1.178571129578643e-14,9.771702224719561e-07,3.130308512400148e-15,,,9.620227290066874e-07,9.771702224719561e-07,,1.380217924132878e-06,1.410289141531499e+00,9.165907805218180e-06,1.289926608705179e-08,2.869713311219381e-01,7.760416666666666e-01,1.957762666970941e-01,-2.057642944919280e-11,1.000000000020576e+00,9.999999999976827e-01,9.999999999952622e-01,9.999999999916633e-01,9.999999999896312e-01,9.999999999628553e-01,9.616716533911237e-01,3.089640440276008e-21,1.336415571567192e-21,3.247460101389205e-22,7.940257812175143e-08,3.410989388490435e-01,5.020579169616473e-01,1.499105221838092e-01,6.932519298197414e-03,1.992235631765836e-08,9.565088982806468e-42,8.203009734863441e-11,1.470023985781155e-09,1.830315218942067e-09,false
6,3.162000000000000e+11,0,2,CONTINUE,7.629611595941921e-05,1.154375335466052e-05,1.000000000000000e-09,7.629611595941921e-06,2.220448059546158e-14,2.113210913047831e-33,-1.000000000165280e+00,9.900000000000000e-01,,,3.368718386642827e-01,1.495869019744506e-02,8.790030820820261e-03,3.121501248068630e-02,2.109933666317529e+00,REACHED_FORCE,REACHED_FORCE,,1,0,0,1,0,0,,,,4.378388774506055e-06,NaN,3.678748761168805e-06,NaN,,,3.731192135908038e-14,9.996133678770600e-15,,solution good enough for the tolerances given,solution good enough for the tolerances given,,3.731192135908038e-14,9.996133678770600e-15,,4.378388774506055e-06,3.722716579446228e-15,3.678748761168805e-06,9.896597430447684e-16,,,4.378388774506055e-06,3.678748761168805e-06,,7.762042731461244e-07,1.410289141528660e+00,9.165907805218180e-06,1.289926608705179e-08,2.869713311219381e-01,7.760416666666666e-01,3.586566729930017e-01,-1.652802339435766e-10,1.000000000165280e+00,1.000000000003183e+00,9.999999999994462e-01,9.999999999985216e-01,9.999999999958691e-01,9.999999998535218e-01,8.713653908430546e-01,1.293257656990428e-20,4.499359740622386e-21,6.681972907057242e-22,8.070681333166458e-13,4.277566445054706e-03,1.255887129847721e-01,8.398764186809069e-01,3.025727201472769e-02,6.164959888692046e-13,1.603876502326344e-39,3.508689438226199e-11,1.020482537353943e-08,1.963320400845304e-08,false
6,1.000000000000000e+12,0,4,CONTINUE,7.629611595941921e-05,1.154439572271891e-05,1.000000000000000e-09,7.629611595941921e-06,2.220448059546158e-14,3.763650355865439e-33,-1.000000000155814e+00,9.900000000000000e-01,,,3.368540055944125e-01,1.496539226187875e-02,8.783421220961112e-03,3.121501248068630e-02,2.109933666317529e+00,REACHED_FORCE,REACHED_FORCE,,1,1,1,1,1,1,,,,1.254821058772394e-05,1.848462362504227e-08,1.130115873996607e-05,2.192971997462372e-08,,,1.179327520818361e-14,3.153690304117500e-15,,solution good enough for the tolerances given,solution good enough for the tolerances given,,1.179327520818361e-14,3.153690304117500e-15,,1.254821058772394e-05,1.177877240188252e-15,1.130115873996607e-05,3.131175874138137e-16,,,1.848462362504227e-08,2.192971997462372e-08,,4.364759460033066e-07,1.410289141527761e+00,9.165907805218180e-06,1.289926608705179e-08,2.869713311219381e-01,7.760416666666666e-01,5.955990961536958e-02,-1.558144724356225e-10,1.000000000155814e+00,1.000000000084598e+00,9.999999999995555e-01,9.999999999968059e-01,9.999999999083953e-01,9.999999998349089e-01,9.964526171654701e-01,2.682526992120884e-20,9.767538799649438e-21,3.763650355865438e-21,7.329608831413396e-08,1.597000517615566e-06,9.981797624362978e-01,1.816760757243172e-03,1.555342889175996e-06,4.775016088889123e-08,1.603779087681646e-39,5.642439946048230e-09,4.136679134053373e-08,1.564075735117580e-07,false
6,3.162000000000000e+12,0,4,CONTINUE,7.629611595941921e-05,1.154444005301888e-05,1.000000000000000e-09,7.629611595941921e-06,2.220448059546158e-14,2.957321067343317e-33,-1.000000000357437e+00,9.900000000000000e-01,,,3.368529062064679e-01,1.496574266454746e-02,8.783499392059402e-03,3.121501248068630e-02,2.109933666317529e+00,REACHED_FORCE,REACHED_FORCE,,1,1,1,1,1,1,,,,2.980060209989237e-05,1.992428796781100e-07,3.558542300217721e-05,2.284922436790438e-07,,,3.727930436544548e-15,9.964129181753774e-16,,solution good enough for the tolerances given,solution good enough for the tolerances given,,3.727930436544548e-15,9.964129181753774e-16,,2.980060209989237e-05,3.694961003830599e-16,3.558542300217721e-05,1.040834085586084e-16,,,1.992428796781100e-07,2.284922436790438e-07,,2.454969249665878e-07,1.410289141527477e+00,9.165907805218180e-06,1.289926608705179e-08,2.869713311219381e-01,7.760416666666666e-01,9.965004936012462e-01,-3.574371909564888e-10,1.000000000357437e+00,1.000000000214305e+00,1.000000000036699e+00,9.999999999998579e-01,9.999999998758440e-01,9.999999997206914e-01,6.986766297061541e-03,1.426020099939906e-19,5.324481272730695e-20,9.351049214939567e-21,1.243220873582165e-09,2.367812640029402e-08,9.859070075768354e-07,9.999956775451353e-01,9.111914963368179e-08,1.101896655970822e-09,6.226221144108242e-38,4.589468399975960e-08,1.629422571918338e-06,1.544088208168996e-06,false
6,1.000000000000000e+13,0,4,CONTINUE,7.629611595941921e-05,1.154544906208793e-05,1.000000000000000e-09,7.629611595941921e-06,2.220448059546158e-14,4.204405308738034e-33,-1.000000000032131e+00,9.900000000000000e-01,,,3.368262247391915e-01,1.497204589685104e-02,8.781976656385164e-03,3.121501248068630e-02,2.109933666317529e+00,REACHED_FORCE,REACHED_FORCE,,1,1,1,1,1,1,,,,1.318207378182483e-04,2.665915309016951e-06,1.250371326581876e-04,2.828225089558396e-06,,,1.182621886728778e-15,3.205262513231812e-16,,solution good enough for the tolerances given,solution good enough for the tolerances given,,1.182621886728778e-15,3.205262513231812e-16,,1.318207378182483e-04,1.231653667943533e-16,1.250371326581876e-04,4.336808689942018e-17,,,2.665915309016951e-06,2.828225089558396e-06,,1.380711122613362e-07,1.410289141527388e+00,9.165907805218180e-06,1.289926608705179e-08,2.869713311219381e-01,7.760416666666666e-01,9.965262708360050e-01,-3.213118660028158e-11,1.000000000032131e+00,1.000000000018330e+00,9.999999999999551e-01,9.999999999995597e-01,9.999999999809672e-01,9.999999999674263e-01,6.487099751162241e-17,3.812657496235853e-19,1.547557978198603e-19,4.204405308738034e-20,3.407026723465180e-08,1.106148757273739e-06,9.989949503161455e-01,9.755938538012793e-04,2.942880763711087e-07,3.454410004588925e-08,4.508648673837170e-22,1.725836448912098e-07,9.282241997922364e-06,1.853195321055064e-05,false
6,3.162000000000000e+13,0,6,CONTINUE,7.629611595941921e-05,1.154435829726704e-05,1.000000000000000e-09,7.629611595941921e-06,2.220448059546158e-14,8.218451816617028e-34,-1.000000000761249e+00,9.900000000000000e-01,,,3.368550498559987e-01,1.500308775232442e-02,8.846674930353201e-03,3.121501248068630e-02,2.109933666317529e+00,REACHED_FORCE,REACHED_FORCE,,1,2,2,1,2,2,,,,3.238374213123288e-04,9.754437283912153e-06,4.300817489633687e-04,1.459579825157536e-05,,,3.746490688767539e-16,1.102368656995143e-16,,solution good enough for the tolerances given,solution good enough for the tolerances given,,3.746490688767539e-16,1.102368656995143e-16,,3.238374213123288e-04,4.423544863740858e-17,4.300817489633687e-04,1.908195823574488e-17,,,3.626975970928920e-07,3.761807309044830e-07,,7.783718528148269e-08,1.410289141527359e+00,9.165907805218180e-06,1.289926608705179e-08,2.869713311219381e-01,7.760416666666666e-01,2.834121816178135e-01,-7.612492858299902e-10,1.000000000761249e+00,1.000000000002402e+00,9.999999999999858e-01,9.999999999989218e-01,9.999999999953644e-01,9.999999993210882e-01,1.200418236787909e-18,6.286098294280856e-19,2.790471240204314e-19,2.598674464414304e-20,7.450599215587277e-37,4.473026776195677e-29,9.997141559384275e-01,8.414420690190828e-29,3.718769465573753e-29,8.072517535430688e-37,1.799476943635603e-07,2.788845512067413e-05,1.421802178167373e-04,1.155954409409092e-04,false
6,1.000000000000000e+14,0,11,CONTINUE,7.629611595941921e-05,1.154370519422668e-05,1.000000000000000e-09,7.629611595941921e-06,2.220448059546158e-14,3.707828557592209e-33,-1.000000000458915e+00,9.900000000000000e-01,,,3.368779534525189e-01,1.625646282986234e-02,1.080863084034308e-02,3.121501248068630e-02,2.109933666317529e+00,REACHED_FORCE,REACHED_FORCE,,1,5,5,1,4,4,,,,1.332846452232944e-03,3.219031460063232e-04,1.489712610438166e-03,3.604670518845821e-04,,,1.150946866659728e-16,5.434697899285766e-17,,solution good enough for the tolerances given,solution good enough for the tolerances given,,1.150946866659728e-16,5.434697899285766e-17,,1.332846452232944e-03,1.561251128379126e-17,1.489712610438166e-03,1.387778780781446e-17,,,1.774196597702975e-06,5.694133486446062e-06,,3.939382442897200e-08,1.410289141527350e+00,9.165907805218180e-06,1.289926608705179e-08,2.869713311219381e-01,7.760416666666666e-01,9.684971131616222e-01,-4.589146840316971e-10,1.000000000458915e+00,9.999999999999960e-01,9.999999999999687e-01,9.999999996798676e-01,9.999999985292911e-01,9.999999962366837e-01,7.455797778945734e-17,4.608838763871792e-18,1.417110097367409e-18,3.707828557592208e-19,9.660896163973656e-35,9.968071201606278e-01,1.735331134483612e-29,3.124179328046059e-35,3.522913045872735e-34,1.607560708329396e-37,3.823249914391818e-14,1.516382717770839e-04,1.026905725591974e-03,2.014335841964838e-03,false
6,3.162000000000000e+14,1,5,CONTINUE,7.629611595941921e-05,2.239252942627039e-05,1.000000000000000e-09,7.629611595941921e-06,2.220448059546158e-14,6.573696044514890e-33,-1.000000000860418e+00,9.900000000000000e-01,,,2.406708360803213e-01,2.328882423485680e-02,1.088405979713876e-02,3.121501248068630e-02,2.109933666317529e+00,REFINE_STALLED,REFINE_STALLED,,1,2,2,1,1,1,,,,3.771628755779370e-03,1.603718462649592e-03,2.531664224474834e-03,1.315990452167821e-03,,,4.701388664786356e-17,3.527508043940425e-17,,solution good enough for the tolerances given,solution good enough for the tolerances given,,4.701388664786356e-17,3.527508043940425e-17,,3.771628755779370e-03,8.673617379884035e-18,2.531664224474834e-03,6.071532165918825e-18,,,8.690173369594754e-04,1.315990452167821e-03,,2.105302425004413e-08,1.410289141527348e+00,9.165907805218180e-06,1.289926608705179e-08,2.869713311219381e-01,7.760416666666666e-01,1.075364750823052e-03,-8.604179591031880e-10,1.000000000860418e+00,1.000000000167662e+00,1.000000000000008e+00,9.999999999999993e-01,9.999999992336748e-01,9.999999982757954e-01,1.804986498757624e-17,8.775804144185166e-18,4.315561776554689e-18,2.078602689275608e-18,3.654735497029737e-35,2.982240092343809e-37,5.174285695411325e-30,9.807093699817662e-01,9.998120842527936e-36,9.367943928064074e-36,9.469304492043928e-06,1.104941973339310e-03,9.804461997910964e-03,8.371756742491713e-03,false
6,1.000000000000000e+15,1,6,CONTINUE,7.629611595941921e-05,7.629795472417159e-05,1.000000000000000e-09,7.629611595941921e-06,2.220448059546158e-14,6.648747639623086e-40,3.035365847269772e-06,9.900000000000000e-01,,,8.710346312721645e-06,6.028547598705066e-02,5.787432816697881e-02,3.121501248068630e-02,2.109933666317529e+00,REFINE_STALLED,REFINE_STALLED,,1,2,2,1,2,2,,,,8.171956104289415e-01,9.099930934521626e-03,8.184417620383050e-01,1.588197177589423e-03,,,8.348679040907987e-15,8.223499262472968e-15,,solution good enough for the tolerances given,solution good enough for the tolerances given,,8.348679040907987e-15,8.223499262472968e-15,,8.171956104289415e-01,8.312304888320873e-16,8.184417620383050e-01,8.197045938814428e-16,,,9.099914536698834e-03,1.588194314758821e-03,,3.162278298109482e-05,1.410289141881884e+00,9.165907805218180e-06,1.289926608705179e-08,2.869713311219381e-01,7.760416666666666e-01,9.269556474325032e-11,3.294495787287133e-10,9.999999996705504e-01,9.999999994972495e-01,9.999999994861819e-01,9.999999994808566e-01,9.999999990980752e-01,9.999999990967301e-01,9.999999990953869e-01,7.321875368324247e-24,2.354074337609376e-24,6.648747639623085e-25,4.282920393897636e-05,1.440192906994200e-09,3.319396088318735e-05,1.776748227117225e-05,2.741148345857413e-01,4.366487105338599e-01,2.891413282001721e-01,3.620520018011106e-09,2.618532626277461e-07,1.069119158094478e-06,false
6,3.162000000000000e+15,1,6,CONTINUE,7.629611595941921e-05,7.629796208722519e-05,1.000000000000000e-09,7.629611595941921e-06,2.220448059546158e-14,7.932183012535692e-41,9.599486603757349e-07,9.900000000000000e-01,,,8.710241295747953e-06,1.837594349821942e-01,1.813366489855100e-01,3.121501248068630e-02,2.109933666317529e+00,REFINE_STALLED,REFINE_STALLED,,1,2,2,1,2,2,,,,2.586297558703115e+00,9.099953358404432e-03,2.587544764793114e+00,1.588201092425890e-03,,,8.300258829402355e-15,8.260671471880056e-15,,solution good enough for the tolerances given,solution good enough for the tolerances given,,8.300258829402355e-15,8.260671471880056e-15,,2.586297558703115e+00,8.267573078376373e-16,2.587544764793114e+00,8.231122074282469e-16,,,9.099948172482959e-03,1.588200187036504e-03,,3.162277861920798e-05,1.410289141881883e+00,9.165907805218180e-06,1.289926608705179e-08,2.869713311219381e-01,7.760416666666666e-01,4.527847914648068e-11,3.294504669071330e-10,9.999999996705495e-01,9.999999994972659e-01,9.999999994861837e-01,9.999999994808553e-01,9.999999990980759e-01,9.999999990967305e-01,9.999999990953878e-01,2.714399527455123e-24,1.361103984963762e-24,2.508156268563786e-25,4.239904652819999e-05,1.431659890533101e-09,3.340336708775954e-05,1.800585661454725e-05,2.738811177721001e-01,4.375615913605037e-01,2.884621309664580e-01,4.458059103703059e-08,5.898197085950269e-07,7.157987486188841e-07,false
6,1.000000000000000e+16,1,6,CONTINUE,7.629611595941921e-05,7.629796441602502e-05,1.000000000000000e-09,7.629611595941921e-06,2.220448059546158e-14,1.922248038328145e-41,3.035374030475594e-07,9.900000000000000e-01,,,8.710230791792815e-06,5.789354422675177e-01,5.729606136826992e-01,3.121501248068630e-02,2.109933666317529e+00,REFINE_STALLED,REFINE_STALLED,,1,2,2,1,2,2,,,,8.181639543172892e+00,9.099960450674807e-03,8.182884730043398e+00,1.588202330631115e-03,,,8.284946877950911e-15,8.272429373723414e-15,,solution good enough for the tolerances given,solution good enough for the tolerances given,,8.284946877950911e-15,8.272429373723414e-15,,8.181639543172892e+00,8.253424451783674e-16,8.182884730043398e+00,8.241897392162727e-16,,,9.099958810884511e-03,1.588202044346655e-03,,3.162277723962496e-05,1.410289141881883e+00,9.165907805218180e-06,1.289926608705179e-08,2.869713311219381e-01,7.760416666666666e-01,4.785238698185454e-11,3.294486905502936e-10,9.999999996705513e-01,9.999999994987776e-01,9.999999994861859e-01,9.999999994808568e-01,9.999999990980759e-01,9.999999990967305e-01,9.999999990953887e-01,2.789256331443705e-24,1.210455857208527e-24,1.922248038328145e-25,4.226114103434175e-05,9.370857550820968e-10,3.347445328128945e-05,1.808033733449942e-05,2.737746242621948e-01,4.377786925167266e-01,2.883515111348285e-01,8.908133827282272e-08,5.953056505001390e-07,6.708305252230239e-07,false
6,3.162000000000000e+16,1,6,CONTINUE,7.629611595941921e-05,7.629796515230117e-05,1.000000000000000e-09,7.629611595941921e-06,2.220448059546158e-14,1.935961272608302e-41,9.599506013520593e-08,9.900000000000000e-01,,,8.710229741632954e-06,1.829892719025526e+00,1.811535122779478e+00,3.121501248068630e-02,2.109933666317529e+00,REFINE_STALLED,REFINE_STALLED,,1,2,2,1,2,2,,,,2.587266869278073e+01,9.099962693070302e-03,2.587391880078956e+01,1.588202722121405e-03,,,8.280106045261253e-15,8.276147257926599e-15,,solution good enough for the tolerances given,solution good enough for the tolerances given,,8.280106045261253e-15,8.276147257926599e-15,,2.587266869278073e+01,8.248952117822172e-16,2.587391880078956e+01,8.245306699775426e-16,,,9.099962174477354e-03,1.588202631582327e-03,,3.162277680343622e-05,1.410289141881883e+00,9.165907805218180e-06,1.289926608705179e-08,2.869713311219381e-01,7.760416666666666e-01,6.714861000313055e-11,3.294498007733182e-10,9.999999996705502e-01,9.999999995109889e-01,9.999999994861877e-01,9.999999994808590e-01,9.999999990980764e-01,9.999999990967303e-01,9.999999990953894e-01,4.118630428103314e-24,1.835900176405423e-24,6.121509543987450e-25,4.221814939156364e-05,9.032538631089171e-11,3.347489363738300e-05,1.812730053557451e-05,2.737657393456355e-01,4.378989466728365e-01,2.882401367476543e-01,1.345797648522828e-08,4.374957514662225e-07,9.058462562330257e-07,false
6,1.000000000000000e+17,1,6,CONTINUE,7.629611595941921e-05,7.629796538510038e-05,1.000000000000000e-09,7.629611595941921e-06,2.220448059546158e-14,3.393726017197703e-42,3.035357664108074e-08,9.900000000000000e-01,,,8.710229636604670e-06,5.786884719307539e+00,5.728997322507377e+00,3.121501248068630e-02,2.109933666317529e+00,REFINE_STALLED,REFINE_STALLED,,1,2,2,1,2,2,,,,8.182609207920358e+01,9.099963402298062e-03,8.182734023697007e+01,1.588202845942593e-03,,,8.278575225844882e-15,8.277323351270206e-15,,solution good enough for the tolerances given,solution good enough for the tolerances given,,8.278575225844882e-15,8.277323351270206e-15,,8.182609207920358e+01,8.247536514009073e-16,8.182734023697007e+01,8.246383490409623e-16,,,9.099963238318952e-03,1.588202817314133e-03,,3.162277666547791e-05,1.410289141881883e+00,9.165907805218180e-06,1.289926608705179e-08,2.869713311219381e-01,7.760416666666666e-01,7.166755447657473e-11,3.294504669071330e-10,9.999999996705495e-01,9.999999995030140e-01,9.999999994861863e-01,9.999999994808570e-01,9.999999990980761e-01,9.999999990967308e-01,9.999999990953885e-01,6.016183135748557e-24,1.643507588013152e-24,3.393726017197703e-25,4.220432101870575e-05,3.517248674972169e-10,3.349633959750138e-05,1.812066906085832e-05,2.736215893391678e-01,4.378710452450009e-01,2.884121864582049e-01,5.001406620517338e-09,5.151189510984623e-07,8.371558675705558e-07,false
6,3.162000000000000e+17,1,6,CONTINUE,7.629611595941921e-05,7.629796545846771e-05,1.000000000000000e-09,7.629611595941921e-06,2.220448059546158e-14,1.605821543538703e-42,9.599512483459117e-09,9.900000000000000e-01,,,8.710229626107028e-06,1.829810521770423e+01,1.811511830119657e+01,3.121501248068630e-02,2.109933666317529e+00,REFINE_STALLED,REFINE_STALLED,,1,2,2,1,2,2,,,,2.587365419593115e+02,9.099963626537684e-03,2.587377451198345e+02,1.588202885091689e-03,,,8.278090945807545e-15,8.277695106118948e-15,,solution good enough for the tolerances given,solution good enough for the tolerances given,,8.278090945807545e-15,8.277695106118948e-15,,2.587365419593115e+02,8.247090762920580e-16,2.587377451198345e+02,8.246726538753261e-16,,,9.099963574678380e-03,1.588202876037780e-03,,3.162277662185904e-05,1.410289141881883e+00,9.165907805218180e-06,1.289926608705179e-08,2.869713311219381e-01,7.760416666666666e-01,5.701661854245246e-11,3.294495787287133e-10,9.999999996705504e-01,9.999999994973645e-01,9.999999994861850e-01,9.999999994808559e-01,9.999999990980755e-01,9.999999990967301e-01,9.999999990953883e-01,4.266439803421341e-24,1.870207227891620e-24,5.077607720669380e-25,4.220013596367244e-05,1.393876499163884e-09,3.350841425919190e-05,1.811180824065108e-05,2.737112855975877e-01,4.379049938557155e-01,2.882885413399843e-01,3.887270790354676e-08,7.070829810068369e-07,6.114986841272784e-07,false
6,1.000000000000000e+18,1,6,CONTINUE,7.629611595941921e-05,7.629796548094520e-05,1.000000000000000e-09,7.629611595941921e-06,2.220448059546158e-14,2.829676374014721e-43,3.035357664108074e-09,9.900000000000000e-01,,,8.710229625058107e-06,5.786861502583337e+01,5.728992702335348e+01,3.121501248068630e-02,2.109933666317529e+00,REFINE_STALLED,REFINE_STALLED,,1,2,2,1,2,2,,,,8.182708418093273e+02,9.099963697460467e-03,8.182718187476435e+02,1.588202897473814e-03,,,8.277938003897622e-15,8.277812914241730e-15,,solution good enough for the tolerances given,solution good enough for the tolerances given,,8.277938003897622e-15,8.277812914241730e-15,,8.182708418093273e+02,8.246947826110731e-16,8.182718187476435e+02,8.246834535454036e-16,,,9.099963681062554e-03,1.588202894610967e-03,,3.162277660806321e-05,1.410289141881883e+00,9.165907805218180e-06,1.289926608705179e-08,2.869713311219381e-01,7.760416666666666e-01,3.078775794529156e-11,3.294504669071330e-10,9.999999996705495e-01,9.999999994904829e-01,9.999999994861772e-01,9.999999994808515e-01,9.999999990980768e-01,9.999999990967305e-01,9.999999990953889e-01,2.791694985033983e-24,1.133094396391082e-24,2.829676374014720e-25,4.219916224623018e-05,2.492094718472113e-08,3.352820611339581e-05,1.807050599640935e-05,2.735743872974855e-01,4.378895726034635e-01,2.884408598064853e-01,3.124244731599642e-08,4.310910896347605e-07,8.951637255046785e-07,false
7,1.000000000000000e+00,0,9,CONTINUE,1.154439042216429e-05,1.746784217723682e-06,1.000000000000000e-09,1.154439042216429e-06,2.220446287360482e-14,1.004377156490674e+00,5.023817596406827e+01,9.900000000000000e-01,,,1.313613747333025e-01,5.569164228352999e-03,3.270426028583694e-03,3.204079599908637e-02,2.102262244316320e+00,REACHED_FORCE,REACHED_FORCE,,5,0,0,4,0,0,,,,2.334827194179143e-07,NaN,4.192540013691834e-07,NaN,,,3.106795060342789e-03,8.343932742140094e-04,,solution good enough for the tolerances given,solution good enough for the tolerances given,,1.060533761265483e-06,1.909350293162536e-06,,9.107298248878237e-18,2.334827194179143e-07,9.107298248878237e-18,4.192540013691834e-07,,,2.334827194179143e-07,4.192540013691834e-07,,3.609599107866553e-01,1.775045046044583e+00,1.082634058028137e-06,1.289926599172491e-10,2.869696096501440e-01,7.760416666666666e-01,1.327270479893577e-01,1.951669787584298e-02,9.804833021241570e-01,9.250461813130157e-01,8.458189726609644e-01,8.036014577316674e-01,7.431183127577111e-01,6.933299592830423e-01,6.345505672961063e-01,5.791081695061761e-01,5.251006799672302e-01,5.010918994153620e-01,5.208295042907209e-05,5.247097184355319e-05,1.456420139554329e-01,1.614151091404618e-01,2.410102774415702e-01,2.359673038187866e-01,1.076660159467445e-01,6.664982605813287e-02,3.907378745539439e-02,2.471112261203902e-03,false
7,3.162000000000000e+00,0,7,CONTINUE,1.154439042216429e-05,1.746784226117055e-06,1.000000000000000e-09,1.154439042216429e-06,2.220446287360482e-14,9.897194631923227e-01,4.589982743845913e+01,9.900000000000000e-01,,,1.313612255993305e-01,5.569159112677023e-03,3.270430826788596e-03,3.204079599908637e-02,2.102262244316320e+00,REACHED_FORCE,REACHED_FORCE,,4,0,0,3,0,0,,,,5.388103089675085e-08,NaN,2.411499562559628e-07,NaN,,,1.220896867758183e-03,3.274826409796080e-04,,solution good enough for the tolerances given,solution good enough for the tolerances given,,2.130932050393353e-07,1.069379080249910e-06,,1.769960046582586e-17,5.388103089675085e-08,2.686110882332837e-17,2.411499562559628e-07,,,5.388103089675085e-08,2.411499562559628e-07,,2.257531673417445e-01,1.535088428657259e+00,1.082634058028137e-06,1.289926599172491e-10,2.869696096501440e-01,7.760416666666666e-01,6.977805747950351e-02,6.842975737625490e-03,9.931570242623745e-01,9.459429288531106e-01,9.304898437539080e-01,9.051967490625686e-01,8.814594390601381e-01,8.515825190939926e-01,8.189900670147784e-01,7.964677051400239e-01,7.757933762766366e-01,7.578395183387909e-01,3.939343337024673e-05,1.078957146262204e-01,1.316878231926866e-01,2.001218754935085e-01,2.633313288532613e-01,1.348897756146160e-01,8.677851163667961e-02,2.372645052009364e-02,4.959046291847420e-02,1.938663711089801e-03,false
7,1.000000000000000e+01,0,6,CONTINUE,1.154439042216429e-05,1.746784221940350e-06,1.000000000000000e-09,1.154439042216429e-06,2.220446287360482e-14,3.437566845381050e-03,3.087828782394877e+01,9.900000000000000e-01,,,1.313613359740911e-01,5.569188569982147e-03,3.270400432811577e-03,3.204079599908637e-02,2.102262244316320e+00,REACHED_FORCE,REACHED_FORCE,,3,0,0,3,0,0,,,,4.136839109160698e-08,NaN,1.102357705118351e-08,NaN,,,4.204709534255566e-04,1.127174579984462e-04,,solution good enough for the tolerances given,solution good enough for the tolerances given,,1.739283215033839e-07,4.644870025152150e-08,,9.812029660993815e-17,4.136839109160698e-08,1.075528555105620e-16,1.102357705118351e-08,,,4.136839109160698e-08,1.102357705118351e-08,,1.339086177970453e-01,1.450921714901861e+00,1.082634058028137e-06,1.289926599172491e-10,2.869696096501440e-01,7.760416666666666e-01,9.519022085449688e-01,3.228067366676468e-03,9.967719326333235e-01,9.818280912877219e-01,9.742494430758829e-01,9.631804614625392e-01,9.519046119704820e-01,9.383126314085987e-01,9.285064842691553e-01,9.164375386006456e-01,9.083587521052298e-01,3.323325316148959e-02,5.467253623634145e-05,1.242952723346709e-01,1.601375541724958e-01,3.084303827020387e-01,1.917152452552146e-01,9.981470720049111e-02,5.200706695281965e-02,6.100763891940793e-02,2.537459926625464e-03,7.394166615035238e-29,false
7,3.162000000000000e+01,0,4,CONTINUE,1.154439042216429e-05,1.746784215803233e-06,1.000000000000000e-09,1.154439042216429e-06,2.220446287360482e-14,1.979514670571579e-13,2.457166559097004e+01,9.900000000000000e-01,,,1.313613932553213e-01,5.569141735237380e-03,3.270447365556299e-03,3.204079599908637e-02,2.102262244316320e+00,REACHED_FORCE,REACHED_FORCE,,2,0,0,2,0,0,,,,1.747978863840538e-07,NaN,4.622977141767806e-08,NaN,,,1.369572234012280e-04,3.671193948123349e-05,,solution good enough for the tolerances given,solution good enough for the tolerances given,,8.546753474089130e-07,2.280885370637764e-07,,2.550043509685906e-16,1.747978863840538e-07,3.665416494630369e-16,4.622977141767806e-08,,,1.747978863840538e-07,4.622977141767806e-08,,7.684767604475433e-02,1.423266346069046e+00,1.082634058028137e-06,1.289926599172491e-10,2.869696096501440e-01,7.760416666666666e-01,9.905390523734884e-01,1.285419631932516e-03,9.987145803680675e-01,9.941378421756263e-01,9.914746150114293e-01,9.877750113921211e-01,9.837724840161367e-01,9.789341360407401e-01,9.755364573848103e-01,9.719199742196302e-01,9.690287408862851e-01,6.259225388308153e-12,7.419175224856900e-05,1.270651484428610e-01,1.661404852415561e-01,3.164091134132457e-01,1.820530611443566e-01,1.049357728479254e-01,3.818161468857526e-02,6.263885540923678e-02,2.501757059993671e-03,4.667052542848387e-28,false
7,1.000000000000000e+02,0,4,CONTINUE,1.154439042216429e-05,1.746784221038736e-06,1.000000000000000e-09,1.154439042216429e-06,2.220446287360482e-14,1.172516395462040e-23,2.257112073646292e+01,9.900000000000000e-01,,,1.313613469166432e-01,5.569184234876044e-03,3.270404743540559e-03,3.204079599908637e-02,2.102262244316320e+00,REACHED_FORCE,REACHED_FORCE,,2,0,0,2,0,0,,,,1.810962119521732e-08,NaN,4.783736627309021e-09,NaN,,,4.372458179866495e-05,1.171823914021425e-05,,solution good enough for the tolerances given,solution good enough for the tolerances given,,8.768401605563051e-08,2.338483423007497e-08,,7.444132116285473e-16,1.810962119521732e-08,9.840489968021560e-16,4.783736627309021e-09,,,1.810962119521732e-08,4.783736627309021e-09,,4.350882902534214e-02,1.414405581018041e+00,1.082634058028137e-06,1.289926599172491e-10,2.869696096501440e-01,7.760416666666666e-01,9.970569006128059e-01,4.428478159568261e-04,9.995571521840432e-01,9.981339447673713e-01,9.972621819243520e-01,9.960728694996571e-01,9.947611383553876e-01,9.931760836603212e-01,9.920380975141383e-01,9.909401494345518e-01,9.899891029545590e-01,1.172516395462041e-21,8.511213649043010e-05,1.280422099948505e-01,1.683313890915511e-01,3.178300998887771e-01,1.791190490153346e-01,1.069238932454290e-01,3.432333087195993e-02,6.285982742468578e-02,2.485088330921651e-03,3.194486537389671e-27,false
7,3.162000000000000e+02,0,4,CONTINUE,1.154439042216429e-05,1.746784221607131e-06,1.000000000000000e-09,1.154439042216429e-06,2.220446287360482e-14,1.312784735492997e-32,2.195002103668661e+01,9.900000000000000e-01,,,1.313613420738125e-01,5.569188562082441e-03,3.270400403749811e-03,3.204079599908637e-02,2.102262244316320e+00,REACHED_FORCE,REACHED_FORCE,,2,0,0,2,0,0,,,,1.832017999109370e-09,NaN,4.838821457235631e-10,NaN,,,1.387070312511140e-05,3.717229894462104e-06,,solution good enough for the tolerances given,solution good enough for the tolerances given,,8.842603078613435e-09,2.358078426350587e-09,,2.161980447099032e-15,1.832017999109370e-09,2.343774046370539e-15,4.838821457235631e-10,,,1.832017999109370e-09,4.838821457235631e-10,,2.452187416672847e-02,1.411592304646281e+00,1.082634058028137e-06,1.289926599172491e-10,2.869696096501440e-01,7.760416666666666e-01,1.689076459503505e-01,1.440590760543037e-04,9.998559409239457e-01,9.994085725140206e-01,9.991298086501447e-01,9.987517475846657e-01,9.983322405953802e-01,9.978255336204771e-01,9.974579369614289e-01,9.971161087466266e-01,9.968115615469924e-01,4.151025333628855e-30,8.931519080998430e-05,1.283611869242822e-01,1.690548210586709e-01,3.181596755962941e-01,1.781987249832934e-01,1.075148811400556e-01,3.326400780303116e-02,6.287826919732585e-02,2.479118106236813e-03,3.420465374934139e-26,false
7,1.000000000000000e+03,0,4,CONTINUE,1.154439042216429e-05,1.746784221666002e-06,1.000000000000000e-09,1.154439042216429e-06,2.220446287360482e-14,8.543653489916786e-33,2.175507390284492e+01,9.900000000000000e-01,,,1.313613415822112e-01,5.569188997375985e-03,3.270399967174859e-03,3.204079599908637e-02,2.102262244316320e+00,REACHED_FORCE,REACHED_FORCE,,2,0,0,2,0,0,,,,1.838328994238636e-10,NaN,4.855460217917384e-11,NaN,,,4.390195332074431e-06,1.176524599594140e-06,,solution good enough for the tolerances given,solution good enough for the tolerances given,,8.864243569942306e-10,2.363819675440843e-10,,8.899294062086893e-15,1.838328994238636e-10,6.872811781494237e-15,4.855460217917384e-11,,,1.838328994238636e-10,4.855460217917384e-11,,1.379873689695237e-02,1.410701333727188e+00,1.082634058028137e-06,1.289926599172491e-10,2.869696096501440e-01,7.760416666666666e-01,2.714762475475281e-04,4.596417554314502e-05,9.999540358244569e-01,9.998128617993099e-01,9.997244070596760e-01,9.996046711815166e-01,9.994715551466646e-01,9.993107957871553e-01,9.991937482728801e-01,9.990862281200145e-01,9.989895503191244e-01,8.543653489916787e-30,9.073266606308187e-05,1.284630820113856e-01,1.692867482710387e-01,3.182517453672756e-01,1.779082771962384e-01,1.076960374705684e-01,3.294829073938997e-02,6.287793036685942e-02,2.477155911180702e-03,3.532066558233683e-25,false
7,3.162000000000000e+03,0,3,CONTINUE,1.154439042216429e-05,1.746784322615340e-06,1.000000000000000e-09,1.154439042216429e-06,2.220446287360482e-14,5.457067645845269e-33,2.169359653010639e+01,9.900000000000000e-01,,,1.313608762251222e-01,5.569021741404987e-03,3.270565894404013e-03,3.204079599908637e-02,2.102262244316320e+00,REACHED_FORCE,REACHED_FORCE,,2,0,0,1,0,0,,,,1.840756865510718e-11,NaN,3.698090056056258e-08,NaN,,,1.388852151436402e-06,3.721963529724394e-07,,solution good enough for the tolerances given,solution good enough for the tolerances given,,8.873156575921989e-11,3.721963529724394e-07,,2.183019390256113e-14,1.840756865510718e-11,2.247063212584832e-14,3.698090056056258e-08,,,1.840756865510718e-11,3.698090056056258e-08,,7.761666066042284e-03,1.410419512804859e+00,1.082634058028137e-06,1.289926599172491e-10,2.869696096501440e-01,7.760416666666666e-01,8.591577889942234e-05,1.457807715909976e-05,9.999854219228409e-01,9.999408035910582e-01,9.999127982311159e-01,9.998749118171186e-01,9.998327663031266e-01,9.997818715402402e-01,9.997447719120753e-01,9.997108254440935e-01,9.996802124808889e-01,1.725524789616274e-29,9.119012578981969e-05,1.284953998613260e-01,1.693603914368846e-01,3.182796335540415e-01,1.778165055243120e-01,1.077526860549236e-01,3.285049646966864e-02,6.287716896077802e-02,2.476528012276086e-03,3.300012620197862e-24,false
7,1.000000000000000e+04,0,2,CONTINUE,1.154439042216429e-05,1.746784253582321e-06,1.000000000000000e-09,1.154439042216429e-06,2.220446287360482e-14,5.669831005459205e-33,1.463361238675204e+01,9.900000000000000e-01,,,1.313611943639233e-01,5.569136127052117e-03,3.270452416871262e-03,3.204079599908637e-02,2.102262244316320e+00,REACHED_FORCE,REACHED_FORCE,,1,0,0,1,0,0,,,,4.400934867573869e-08,NaN,1.169641567454194e-08,NaN,,,4.391979344351663e-07,1.177196478816792e-07,,solution good enough for the tolerances given,solution good enough for the tolerances given,,4.391979344351663e-07,1.177196478816792e-07,,6.574542342832612e-14,4.400934867573869e-08,8.494203604381134e-14,1.169641567454194e-08,,,4.400934867573869e-08,1.169641567454194e-08,,4.364821066674492e-03,1.410330366247086e+00,1.082634058028137e-06,1.289926599172491e-10,2.869696096501440e-01,7.760416666666666e-01,5.224781622071924e-03,6.833535972083915e-06,9.999931664640279e-01,9.999809938734083e-01,9.999709520649113e-01,9.999588280182899e-01,9.999443068542695e-01,9.999280035252164e-01,9.999102929073655e-01,9.999038597499672e-01,9.998966269396831e-01,5.669831005459205e-29,2.425044144877535e-04,1.412300932342505e-01,1.915702961674091e-01,3.229600937213877e-01,1.607739662270571e-01,1.052526702060806e-01,6.579420655089986e-02,1.151851692994507e-02,6.576525484823036e-04,3.798919351669371e-23,true
7,3.162000000000000e+04,0,2,CONTINUE,1.154439042216429e-05,1.746784231779010e-06,1.000000000000000e-09,1.154439042216429e-06,2.220446287360482e-14,8.544320599291828e-33,9.616815691323259e+00,9.900000000000000e-01,,,1.313612949886295e-01,5.569172311806258e-03,3.270416519605543e-03,3.204079599908637e-02,2.102262244316320e+00,REACHED_FORCE,REACHED_FORCE,,1,0,0,1,0,0,,,,1.391861975457917e-08,NaN,3.698747974133915e-09,NaN,,,1.389030662809654e-07,3.722635868114900e-08,,solution good enough for the tolerances given,solution good enough for the tolerances given,,1.389030662809654e-07,3.722635868114900e-08,,1.534313312252095e-13,1.391861975457917e-08,2.096843206879362e-13,3.698747974133915e-09,,,1.391861975457917e-08,3.698747974133915e-09,,2.454681647690199e-03,1.410302179205301e+00,1.082634058028137e-06,1.289926599172491e-10,2.869696096501440e-01,7.760416666666666e-01,9.999896306295020e-01,3.288557300029638e-06,9.999967114427000e-01,9.999938293235985e-01,9.999901545163727e-01,9.999862786220367e-01,9.999813368093282e-01,9.999765859255032e-01,9.999712489195294e-01,9.999681991410855e-01,2.786549169992803e-06,2.701714173496076e-28,1.306540124215512e-03,1.590538350800653e-01,2.277908154892428e-01,3.097782777592829e-01,1.403348384474260e-01,8.926750130200820e-02,6.918138210468681e-02,3.286809693071319e-03,3.398202743275753e-53,4.291835952138369e-22,false
7,1.000000000000000e+05,0,2,CONTINUE,1.154439042216429e-05,1.746784224961011e-06,1.000000000000000e-09,1.154439042216429e-06,2.220446287360482e-14,6.882539383782721e-33,9.615883688143198e+00,9.900000000000000e-01,,,1.313613268078257e-01,5.569183755468401e-03,3.270405166893484e-03,3.204079599908637e-02,2.102262244316320e+00,REACHED_FORCE,REACHED_FORCE,,1,0,0,1,0,0,,,,4.401109535839831e-09,NaN,1.169513280489809e-09,NaN,,,4.392157849784739e-08,1.177066141216296e-08,,solution good enough for the tolerances given,solution good enough for the tolerances given,,4.392157849784739e-08,1.177066141216296e-08,,6.854260540221924e-13,4.401109535839831e-09,7.797389307579589e-13,1.169513280489809e-09,,,4.401109535839831e-09,1.169513280489809e-09,,1.380318043380681e-03,1.410293264054335e+00,1.082634058028137e-06,1.289926599172491e-10,2.869696096501440e-01,7.760416666666666e-01,9.999971617094463e-01,1.039944941605420e-06,9.999989600550584e-01,9.999980488075485e-01,9.999968867843937e-01,9.999956612067696e-01,9.999940985575022e-01,9.999925963203800e-01,9.999909087244304e-01,9.999899443414723e-01,3.561840659996047e-16,6.882539383782721e-28,1.307173986271634e-03,1.590566561614710e-01,2.277984670926463e-01,3.097719436385601e-01,1.403312593541427e-01,8.926534724394188e-02,6.918238415562442e-02,3.286768367341266e-03,1.287368184365119e-44,2.527793407309179e-21,false
7,3.162000000000000e+05,0,2,CONTINUE,1.154439042216429e-05,1.746784223199373e-06,1.000000000000000e-09,1.154439042216429e-06,2.220446287360482e-14,8.569702247546226e-33,9.615589385119101e+00,9.900000000000000e-01,,,1.313613368452494e-01,5.569187377675059e-03,3.270401573496858e-03,3.204079599908637e-02,2.102262244316320e+00,REACHED_FORCE,REACHED_FORCE,,1,0,0,1,0,0,,,,1.391879446768773e-09,NaN,3.698619661408886e-10,NaN,,,1.389048518155065e-08,3.722505502762838e-09,,solution good enough for the tolerances given,solution good enough for the tolerances given,,1.389048518155065e-08,3.722505502762838e-09,,1.726861058662377e-12,1.391879446768773e-09,2.819380444168615e-12,3.698619661408886e-10,,,1.391879446768773e-09,3.698619661408886e-10,,7.762456844852499e-04,1.410290445300644e+00,1.082634058028137e-06,1.289926599172491e-10,2.869696096501440e-01,7.760416666666666e-01,9.631670322107839e-01,3.288986434313301e-07,9.999996711013566e-01,9.999993829221318e-01,9.999990154209694e-01,9.999986278232775e-01,9.999981336219903e-01,9.999976585304203e-01,9.999971248153950e-01,9.999968198196463e-01,6.975067211931861e-26,2.709739850674117e-27,1.307374260205830e-03,1.590575472480961e-01,2.278008861595229e-01,3.097699419294535e-01,1.403301280089918e-01,8.926466623074050e-02,6.918270083153173e-02,3.286755331458234e-03,1.981720085797506e-23,4.112200552580455e-20,false
7,1.000000000000000e+06,0,2,CONTINUE,1.154439042216429e-05,1.746784222899138e-06,1.000000000000000e-09,1.154439042216429e-06,2.220446287360482e-14,4.685368686057984e-33,9.615495588398632e+00,9.900000000000000e-01,,,1.313613400094469e-01,5.569188519963610e-03,3.270400440279354e-03,3.204079599908637e-02,2.102262244316320e+00,REACHED_FORCE,REACHED_FORCE,,1,0,0,1,0,0,,,,4.401127036597619e-10,NaN,1.169500468689577e-10,NaN,,,4.392175702563321e-09,1.177053107124841e-09,,solution good enough for the tolerances given,solution good enough for the tolerances given,,4.392175702563321e-09,1.177053107124841e-09,,4.499329782445965e-12,4.401127036597619e-10,6.825789553802780e-12,1.169500468689577e-10,,,4.401127036597619e-10,1.169500468689577e-10,,4.364961698297634e-04,1.410289553780595e+00,1.082634058028137e-06,1.289926599172491e-10,2.869696096501440e-01,7.760416666666666e-01,2.075716904873854e-05,1.039987889139837e-07,9.999998960012111e-01,9.999998048797325e-01,9.999996886753733e-01,9.999995661167838e-01,9.999994098498570e-01,9.999992596258256e-01,9.999990908647886e-01,9.999989944247026e-01,1.788593321051126e-26,4.685368686057984e-27,1.307438161447142e-03,1.590578298659279e-01,2.278016580542408e-01,3.097693025393676e-01,1.403297695072195e-01,8.926444964315459e-02,6.918280124597523e-02,3.286750982666984e-03,1.096415257576582e-19,2.633043437892734e-19,false
7,3.162000000000000e+06,0,2,CONTINUE,1.154439042216429e-05,1.746784222927668e-06,1.000000000000000e-09,1.154439042216429e-06,2.220446287360482e-14,6.246395759619507e-33,9.615381179964491e+00,9.900000000000000e-01,,,1.313613410177749e-01,5.569188869796063e-03,3.270400093214791e-03,3.204079599908637e-02,2.102262244316320e+00,REACHED_FORCE,REACHED_FORCE,,1,0,0,1,0,0,,,,1.391881184961696e-10,NaN,3.698606872160060e-11,NaN,,,1.389050301736043e-09,3.722492439963087e-10,,solution good enough for the tolerances given,solution good enough for the tolerances given,,1.389050301736043e-09,3.722492439963087e-10,,2.112630475290325e-11,1.391881184961696e-10,1.808198881424194e-11,3.698606872160060e-11,,,1.391881184961696e-10,3.698606872160060e-11,,2.454706661396659e-04,1.410289271904731e+00,1.082634058028137e-06,1.289926599172491e-10,2.869696096501440e-01,7.760416666666666e-01,8.566317754734915e-08,3.289058625455255e-08,9.999999671094137e-01,9.999999382920864e-01,9.999999015417853e-01,9.999998627819306e-01,9.999998133615973e-01,9.999997658524057e-01,9.999997124807696e-01,9.999996819810144e-01,5.243512280987032e-26,1.975110339191688e-26,1.307510359706254e-03,1.590580007680203e-01,2.278017182297488e-01,3.097692181593063e-01,1.403295882784705e-01,8.926440487514128e-02,6.918280813937226e-02,3.286751190233552e-03,8.813594899646486e-19,2.600078461575274e-18,false
7,1.000000000000000e+07,0,2,CONTINUE,1.154439042216429e-05,1.746784223983859e-06,1.000000000000000e-09,1.154439042216429e-06,2.220446287360482e-14,4.939843908511570e-33,9.506552304601099e+00,9.900000000000000e-01,,,1.313613413277053e-01,5.569188985730648e-03,3.270399978072091e-03,3.204079599908637e-02,2.102262244316320e+00,REACHED_FORCE,REACHED_FORCE,,1,0,0,1,0,0,,,,4.401128723616199e-11,NaN,3.771642324628885e-11,NaN,,,4.392177470940682e-10,1.177051809960855e-10,,solution good enough for the tolerances given,solution good enough for the tolerances given,,4.392177470940682e-10,1.177051809960855e-10,,3.413045681580767e-11,4.401128723616199e-11,3.771642324628885e-11,1.169499176320588e-11,,,4.401128723616199e-11,3.771642324628885e-11,,1.380322491465290e-04,1.410289182752676e+00,1.082634058028137e-06,1.289926599172491e-10,2.869696096501440e-01,7.760416666666666e-01,1.996025645818415e-05,1.051906051152685e-08,9.999999894809395e-01,9.999999804684102e-01,9.999999688046373e-01,9.999999565483428e-01,9.999999409051581e-01,9.999999259253891e-01,9.999999090801458e-01,9.999998994324041e-01,1.955959724072026e-25,4.939843908511570e-26,1.387331925722344e-03,1.596024759452213e-01,2.288854025232978e-01,3.090401503532867e-01,1.398039597763361e-01,8.886991827439934e-02,6.913844968471265e-02,3.272311517023611e-03,9.773067185526026e-18,3.692594210629778e-17,false
7,3.162000000000000e+07,0,2,CONTINUE,1.154439042216429e-05,1.746784229954891e-06,1.000000000000000e-09,1.154439042216429e-06,2.220446287360482e-14,5.230386971687197e-33,5.834807270883546e+00,9.900000000000000e-01,,,1.313613406270428e-01,5.569189023312901e-03,3.270399941578639e-03,3.204079599908637e-02,2.102262244316320e+00,REACHED_FORCE,REACHED_FORCE,,1,0,0,1,0,0,,,,1.690672887062414e-10,NaN,2.207540748507333e-10,NaN,,,1.389050484628139e-10,3.722491102396657e-11,,solution good enough for the tolerances given,solution good enough for the tolerances given,,1.389050484628139e-10,3.722491102396657e-11,,1.690672887062414e-10,1.391881228329783e-11,2.207540748507333e-10,3.698604790491888e-12,,,1.690672887062414e-10,2.207540748507333e-10,,7.762464756931584e-05,1.410289154565085e+00,1.082634058028137e-06,1.289926599172491e-10,2.869696096501440e-01,7.760416666666666e-01,8.241338667695582e-01,5.420153881274814e-09,9.999999945798461e-01,9.999999926174192e-01,9.999999881614317e-01,9.999999834958387e-01,9.999999775386111e-01,9.999999714908192e-01,9.999999685981633e-01,3.208033575013968e-01,7.031215975142399e-25,1.653848360447492e-25,6.304624060053637e-02,1.738701375480025e-01,3.459083052460922e-01,2.181992615136454e-01,1.204455216977652e-01,7.287407869821018e-02,5.656454695748334e-03,3.074069818041323e-48,5.118481064564460e-17,3.321987868230538e-16,false
7,1.000000000000000e+08,0,2,CONTINUE,1.154439042216429e-05,1.746784251096368e-06,1.000000000000000e-09,1.154439042216429e-06,2.220446287360482e-14,6.216854337010327e-33,5.834097684031755e+00,9.900000000000000e-01,,,1.313613412153121e-01,5.569189174451985e-03,3.270399788184293e-03,3.204079599908637e-02,2.102262244316320e+00,REACHED_FORCE,REACHED_FORCE,,1,0,0,1,0,0,,,,3.686301759176815e-10,NaN,6.175713866077986e-10,NaN,,,4.392177734577139e-11,1.177051734614188e-11,,solution good enough for the tolerances given,solution good enough for the tolerances given,,4.392177734577139e-11,1.177051734614188e-11,,3.686301759176815e-10,4.401129634346024e-12,6.175713866077986e-10,1.169499393161022e-12,,,3.686301759176815e-10,6.175713866077986e-10,,4.364963108555043e-05,1.410289145649879e+00,1.082634058028137e-06,1.289926599172491e-10,2.869696096501440e-01,7.760416666666666e-01,9.999999980587375e-01,1.714061115265508e-09,9.999999982859389e-01,9.999999976653551e-01,9.999999962565516e-01,9.999999947813476e-01,9.999999928976466e-01,9.999999909853008e-01,9.999999900704954e-01,4.305949624092888e-11,2.061103255191021e-24,6.216854337010327e-25,6.310961303775418e-02,1.738368430572460e-01,3.458885032492613e-01,2.181924775728699e-01,1.204461448448428e-01,7.287508309570230e-02,5.651335142319107e-03,2.078377870293621e-47,1.063617758757923e-15,3.319892186080802e-15,false
7,3.162000000000000e+08,0,2,CONTINUE,1.154439042216429e-05,1.746784231737854e-06,1.000000000000000e-09,1.154439042216429e-06,2.220446287360482e-14,5.726838381474686e-33,5.887123641094425e+00,9.900000000000000e-01,,,1.313613438679602e-01,5.569187765035505e-03,3.270401177264661e-03,3.204079599908637e-02,2.102262244316320e+00,REACHED_FORCE,REACHED_FORCE,,1,0,0,1,0,0,,,,1.487794393055780e-09,NaN,1.577054816815152e-09,NaN,,,1.389050228825388e-11,3.722489674354069e-12,,solution good enough for the tolerances given,solution good enough for the tolerances given,,1.389050228825388e-11,3.722489674354069e-12,,1.487794393055780e-09,1.391881835483000e-12,1.577054816815152e-09,3.698599586321460e-13,,,1.487794393055780e-09,1.577054816815152e-09,,2.454706902941551e-05,1.410289142831120e+00,1.082634058028137e-06,1.289926599172491e-10,2.869696096501440e-01,7.760416666666666e-01,9.987297790509406e-01,5.371987299440661e-10,9.999999994628013e-01,9.999999992689708e-01,9.999999988197938e-01,9.999999983531396e-01,9.999999977553173e-01,9.999999971497777e-01,9.999999968606375e-01,3.535417742840720e-21,6.971611312049078e-24,1.810826296222296e-24,5.818474654405693e-02,1.758738262930213e-01,3.463218705234873e-01,2.200559106527024e-01,1.208728155717427e-01,7.298569389938404e-02,5.705136515566321e-03,1.471122283069694e-26,9.314689255113808e-15,3.018238376662029e-14,false
7,1.000000000000000e+09,0,2,CONTINUE,1.154439042216429e-05,1.746784506189090e-06,1.000000000000000e-09,1.154439042216429e-06,2.220446287360482e-14,7.819007481401692e-33,5.833111584494279e+00,9.900000000000000e-01,,,1.313613257204901e-01,5.569187513918456e-03,3.270401444994666e-03,3.204079599908637e-02,2.102262244316320e+00,REACHED_FORCE,REACHED_FORCE,,1,0,0,1,0,0,,,,5.052000498441313e-09,NaN,5.663399590114838e-09,NaN,,,4.392176684205345e-12,1.177051129214449e-12,,solution good enough for the tolerances given,solution good enough for the tolerances given,,4.392176684205345e-12,1.177051129214449e-12,,5.052000498441313e-09,4.401136573239928e-13,5.663399590114838e-09,1.169502862607974e-13,,,5.052000498441313e-09,5.663399590114838e-09,,1.380322562743698e-05,1.410289141939600e+00,1.082634058028137e-06,1.289926599172491e-10,2.869696096501440e-01,7.760416666666666e-01,2.082854086845432e-05,1.714350883474935e-10,9.999999998285649e-01,9.999999997665279e-01,9.999999996256550e-01,9.999999994781419e-01,9.999999992897692e-01,9.999999990985180e-01,9.999999990070891e-01,7.115536754280351e-23,3.454507751983904e-23,7.819007481401692e-24,6.309228629319544e-02,1.739287052955980e-01,3.457488923114628e-01,2.182567269080165e-01,1.204627458885818e-01,7.284829413783837e-02,5.662349164935970e-03,2.043775118187312e-14,1.860841141803885e-13,1.654425720263314e-13,false
7,3.162000000000000e+09,0,2,CONTINUE,1.154439042216429e-05,1.746784569245213e-06,1.000000000000000e-09,1.154439042216429e-06,2.220446287360482e-14,4.193511016237785e-33,5.834712408232880e+00,9.900000000000000e-01,,,1.313613323985350e-01,5.569187264877280e-03,3.270401644134510e-03,3.204079599908637e-02,2.102262244316320e+00,REACHED_FORCE,REACHED_FORCE,,1,0,0,1,0,0,,,,1.363217382288054e-08,NaN,1.412255459998972e-08,NaN,,,1.389050334793936e-12,3.722486919330623e-13,,solution good enough for the tolerances given,solution good enough for the tolerances given,,1.389050334793936e-12,3.722486919330623e-13,,1.363217382288054e-08,1.391877064993441e-13,1.412255459998972e-08,3.698560555043251e-14,,,1.363217382288054e-08,1.412255459998972e-08,,7.762464890795788e-06,1.410289141657723e+00,1.082634058028137e-06,1.289926599172491e-10,2.869696096501440e-01,7.760416666666666e-01,8.198795931770837e-10,5.420242032982969e-11,9.999999999457976e-01,9.999999999262852e-01,9.999999998817664e-01,9.999999998351128e-01,9.999999997754667e-01,9.999999997149460e-01,9.999999996860034e-01,1.202977636101724e-22,5.842608486027897e-23,1.325988183334388e-23,6.282822164227596e-02,1.731395099398474e-01,3.457085615227576e-01,2.190835846165398e-01,1.206224399813397e-01,7.293254898990907e-02,5.685133303486127e-03,3.745792565598326e-14,9.259445979297350e-13,2.881291076283304e-12,false
7,1.000000000000000e+10,0,2,CONTINUE,1.154439042216429e-05,1.746785898766705e-06,1.000000000000000e-09,1.154439042216429e-06,2.220446287360482e-14,3.566055955207087e-33,5.833753840455572e+00,9.900000000000000e-01,,,1.313611840811159e-01,5.569166269520748e-03,3.270422542506916e-03,3.204079599908637e-02,2.102262244316320e+00,REACHED_FORCE,REACHED_FORCE,,1,0,0,1,0,0,,,,3.771802541829719e-08,NaN,6.718869593195153e-08,NaN,,,4.392167774220708e-13,1.177038743033682e-13,,solution good enough for the tolerances given,solution good enough for the tolerances given,,4.392167774220708e-13,1.177038743033682e-13,,3.771802541829719e-08,4.401080194726958e-14,6.718869593195153e-08,1.169420463242865e-14,,,3.771802541829719e-08,6.718869593195153e-08,,4.364960024773949e-06,1.410289141568571e+00,1.082634058028137e-06,1.289926599172491e-10,2.869696096501440e-01,7.760416666666666e-01,3.248970849984163e-08,1.714162145560749e-11,9.999999999828584e-01,9.999999999766522e-01,9.999999999625637e-01,9.999999999478113e-01,9.999999999289761e-01,9.999999999098532e-01,9.999999999007068e-01,2.527958861934907e-22,1.506217427873095e-22,3.566055955207087e-23,6.313268558260425e-02,1.737525129849890e-01,3.460012525214813e-01,2.181509370306788e-01,1.204360297084698e-01,7.287249915098179e-02,5.654082974057248e-03,1.082137778508218e-11,2.417986008049971e-11,1.173674893990959e-11,false
7,3.162000000000000e+10,0,2,CONTINUE,1.154439042216429e-05,1.746796486782652e-06,1.000000000000000e-09,1.154439042216429e-06,2.220446287360482e-14,3.260711920077784e-33,5.345424309224502e+00,9.900000000000000e-01,,,1.313606090776509e-01,5.569236035082944e-03,3.270353734599930e-03,3.204079599908637e-02,2.102262244316320e+00,REACHED_FORCE,REACHED_FORCE,,1,0,0,1,0,0,,,,1.196566460170512e-07,NaN,1.702407839625046e-07,NaN,,,1.389064806990392e-13,3.722496757028258e-14,,solution good enough for the tolerances given,solution good enough for the tolerances given,,1.389064806990392e-13,3.722496757028258e-14,,1.196566460170512e-07,1.392072221384488e-14,1.702407839625046e-07,3.699731493389535e-15,,,1.196566460170512e-07,1.702407839625046e-07,,2.454712018587434e-06,1.410289141540384e+00,1.082634058028137e-06,1.289926599172491e-10,2.869696096501440e-01,7.760416666666666e-01,7.003989810741175e-03,5.916378498227459e-12,9.999999999940836e-01,9.999999999905977e-01,9.999999999859799e-01,9.999999999792992e-01,9.999999999727009e-01,9.999999999697344e-01,9.999509441108471e-01,1.302369954773431e-21,4.775723340564174e-22,1.031037109128595e-22,1.342405399900721e-01,2.435214052258399e-01,3.599100617964445e-01,1.634591418276163e-01,7.429103300121692e-02,2.457781779485900e-02,5.348510563977663e-43,5.266575898309209e-12,1.749330144121365e-10,1.837520575846825e-10,false
7,1.000000000000000e+11,0,2,CONTINUE,1.154439042216429e-05,1.746746595773303e-06,1.000000000000000e-09,1.154439042216429e-06,2.220446287360482e-14,4.339038792570889e-33,-1.000000000023024e+00,9.900000000000000e-01,,,1.313638624211461e-01,5.568440185991422e-03,3.271141100690995e-03,3.204079599908637e-02,2.102262244316320e+00,REACHED_FORCE,REACHED_FORCE,,1,0,0,1,0,0,,,,7.768410517053792e-07,NaN,5.538192664239949e-07,NaN,,,4.391821311859637e-14,1.176659927939368e-14,,solution good enough for the tolerances given,solution good enough for the tolerances given,,4.391821311859637e-14,1.176659927939368e-14,,7.768410517053792e-07,4.400993458553160e-15,5.538192664239949e-07,1.167902580201385e-15,,,7.768410517053792e-07,5.538192664239949e-07,,1.380328597070198e-06,1.410289141531469e+00,1.082634058028137e-06,1.289926599172491e-10,2.869696096501440e-01,7.760416666666666e-01,7.868948334878220e-02,-2.302380508467650e-11,1.000000000023024e+00,9.999999999976223e-01,9.999999999951512e-01,9.999999999914213e-01,9.999999999864231e-01,9.999999999556199e-01,9.938079651954052e-01,2.388648820916242e-21,1.644356336656494e-21,4.339038792570890e-22,4.344666413515707e-08,3.539137344316976e-01,5.010314687433401e-01,1.448507477182046e-01,2.039959543307485e-04,5.609752322907103e-09,2.391041751778534e-41,6.595115344707323e-10,1.643960768620812e-09,1.792539298930187e-09,false
7,3.162000000000000e+11,0,4,CONTINUE,1.154439042216429e-05,1.746784306349724e-06,1.000000000000000e-09,1.154439042216429e-06,2.220446287360482e-14,6.099707840043184e-33,-1.000000000182755e+00,9.900000000000000e-01,,,1.313613362000300e-01,5.569190881208008e-03,3.270400535152301e-03,3.204079599908637e-02,2.102262244316320e+00,REACHED_FORCE,REACHED_FORCE,,1,1,1,1,1,1,,,,1.779398267203380e-06,5.874285598965814e-10,1.745153407045196e-06,8.841238115697616e-10,,,1.388832675236895e-14,3.720838202727634e-15,,solution good enough for the tolerances given,solution good enough for the tolerances given,,1.388832675236895e-14,3.720838202727634e-15,,1.779398267203380e-06,1.390380865995411e-15,1.745153407045196e-06,3.686287386450715e-16,,,5.874285598965814e-10,8.841238115697616e-10,,7.762490110113247e-07,1.410289141528650e+00,1.082634058028137e-06,1.289926599172491e-10,2.869696096501440e-01,7.760416666666666e-01,2.307582551158145e-01,-1.827551443511766e-10,1.000000000182755e+00,1.000000000035306e+00,1.000000000003820e+00,9.999999999985667e-01,9.999999999919702e-01,9.999999998907820e-01,9.467506277232214e-01,1.088411955150439e-20,5.360123117645611e-21,1.928727619021655e-21,3.099926911906041e-12,9.879845220889506e-08,7.108473945820904e-03,9.880183453445452e-01,4.873043785262747e-03,1.153901350890498e-10,9.576759273147324e-41,1.403310289347331e-09,1.473500818595552e-08,2.186911120818693e-08,false
7,1.000000000000000e+12,0,4,CONTINUE,1.154439042216429e-05,1.746785192497112e-06,1.000000000000000e-09,1.154439042216429e-06,2.220446287360482e-14,6.244257044811875e-33,-1.000000000267352e+00,9.900000000000000e-01,,,1.313612793603744e-01,5.569208611636018e-03,3.270402782017238e-03,3.204079599908637e-02,2.102262244316320e+00,REACHED_FORCE,REACHED_FORCE,,1,1,1,1,1,1,,,,4.692264167497191e-06,8.136509040417191e-09,4.896758525187189e-06,8.329843528674273e-09,,,4.388418165169405e-15,1.172675315147286e-15,,solution good enough for the tolerances given,solution good enough for the tolerances given,,4.388418165169405e-15,1.172675315147286e-15,,4.692264167497191e-06,4.397524011601206e-16,4.896758525187189e-06,1.188285581044113e-16,,,8.136509040417191e-09,8.329843528674273e-09,,4.365077844205666e-07,1.410289141527759e+00,1.082634058028137e-06,1.289926599172491e-10,2.869696096501440e-01,7.760416666666666e-01,4.774869223627381e-02,-2.673519183815642e-10,1.000000000267352e+00,1.000000000140157e+00,9.999999999995519e-01,9.999999999960223e-01,9.999999998433908e-01,9.999999997303166e-01,9.977200623862250e-01,3.976379033776723e-20,1.586059830785371e-20,6.244257044811875e-21,1.748543338683678e-08,5.510796245738174e-07,9.988990039749657e-01,1.099613629053900e-03,4.771256228669041e-07,3.174515394672267e-08,4.887401150381957e-39,5.920482738028574e-09,1.446153300920774e-07,1.544243337056968e-07,false
7,3.162000000000000e+12,0,4,CONTINUE,1.154439042216429e-05,1.746791835509407e-06,1.000000000000000e-09,1.154439042216429e-06,2.220446287360482e-14,4.478823847713523e-33,-1.000000000502835e+00,9.900000000000000e-01,,,1.313608576709595e-01,5.569354821291937e-03,3.270466206607146e-03,3.204079599908637e-02,2.102262244316320e+00,REACHED_FORCE,REACHED_FORCE,,1,1,1,1,1,1,,,,1.462249082575837e-05,5.377762988531066e-08,1.432049864934909e-05,3.933657096328322e-08,,,1.392353823358605e-15,3.757068253251381e-16,,solution good enough for the tolerances given,solution good enough for the tolerances given,,1.392353823358605e-15,3.757068253251381e-16,,1.462249082575837e-05,1.400789206851272e-16,1.432049864934909e-05,3.816391647148976e-17,,,5.377762988531066e-08,3.933657096328322e-08,,2.455252672919306e-07,1.410289141527477e+00,1.082634058028137e-06,1.289926599172491e-10,2.869696096501440e-01,7.760416666666666e-01,7.022900685737513e-01,-5.028351068858683e-10,1.000000000502835e+00,1.000000000169644e+00,9.999999999998557e-01,9.999999999053186e-01,9.999999997309765e-01,9.999999991955966e-01,5.067886594039167e-01,2.049691458813579e-19,4.343201309416473e-20,1.416204100647016e-20,7.619321906004443e-11,6.185698443044678e-08,9.999960518952358e-01,1.732540271186680e-07,1.014000931208422e-08,4.143921661795329e-12,8.148446529163676e-39,3.771077159329417e-09,9.534008124496079e-07,2.745601517305116e-06,false
7,1.000000000000000e+13,0,5,CONTINUE,1.154439042216429e-05,1.746865063785648e-06,1.000000000000000e-09,1.154439042216429e-06,2.220446287360482e-14,3.924431613513119e-33,-1.000000000029435e+00,9.900000000000000e-01,,,1.313560504244065e-01,5.571367768056683e-03,3.271601907088556e-03,3.204079599908637e-02,2.102262244316320e+00,REACHED_FORCE,REACHED_FORCE,,1,2,2,1,1,1,,,,6.617936784751835e-05,1.340877881922522e-06,6.080860335991621e-05,1.108401189525005e-06,,,4.395103136549184e-16,1.196149701334102e-16,,solution good enough for the tolerances given,solution good enough for the tolerances given,,4.395103136549184e-16,1.196149701334102e-16,,6.617936784751835e-05,4.466912950640278e-17,6.080860335991621e-05,1.517883041479706e-17,,,2.220390131862080e-08,1.108401189525005e-06,,1.380208000615588e-07,1.410289141527387e+00,1.082634058028137e-06,1.289926599172491e-10,2.869696096501440e-01,7.760416666666666e-01,9.841986777129352e-01,-2.943512100728185e-11,1.000000000029435e+00,1.000000000018528e+00,1.000000000003662e+00,9.999999999999547e-01,9.999999999889528e-01,9.999999999782496e-01,6.969345869991736e-18,3.478059063362604e-19,1.240454006828860e-19,3.924431613513119e-20,3.648902444504208e-08,2.849386392250059e-07,9.946936356700417e-06,9.999579334063936e-01,8.870315636213511e-07,7.853679934815946e-08,3.167379155401440e-16,2.799210570758236e-07,1.169168434076415e-05,1.886105582434545e-05,false
7,3.162000000000000e+13,0,6,CONTINUE,1.154439042216429e-05,1.746780299783605e-06,1.000000000000000e-09,1.154439042216429e-06,2.220446287360482e-14,6.347579641307918e-34,-1.000000000191772e+00,9.900000000000000e-01,,,1.313616304608192e-01,5.584402756829377e-03,3.295838508404466e-03,3.204079599908637e-02,2.102262244316320e+00,REACHED_FORCE,REACHED_FORCE,,1,2,2,1,2,2,,,,1.197826093541575e-04,4.066362989659325e-06,1.228851343222023e-04,4.419161856931422e-06,,,1.388551059948152e-16,4.016877600466194e-17,,solution good enough for the tolerances given,solution good enough for the tolerances given,,1.388551059948152e-16,4.016877600466194e-17,,1.197826093541575e-04,1.604619215278547e-17,1.228851343222023e-04,6.938893903907228e-18,,,1.466951666891005e-07,1.919323885454121e-07,,7.757041924185436e-08,1.410289141527359e+00,1.082634058028137e-06,1.289926599172491e-10,2.869696096501440e-01,7.760416666666666e-01,1.164874253303893e-02,-1.917719316679722e-10,1.000000000191772e+00,1.000000000002769e+00,9.999999999999856e-01,9.999999999998757e-01,9.999999999969165e-01,9.999999997303581e-01,1.281440501439479e-18,6.673723735925050e-19,3.212963481753163e-19,2.007104682581564e-20,1.537459965149524e-35,4.111633063301418e-29,9.997141008709143e-01,8.365056464863138e-29,4.032221927858919e-29,1.280341473363841e-35,6.028779567101081e-07,2.842069346120720e-05,1.451586329942619e-04,1.117169246735006e-04,false
7,1.000000000000000e+14,0,8,CONTINUE,1.154439042216429e-05,1.746818269850897e-06,1.000000000000000e-09,1.154439042216429e-06,2.220446287360482e-14,4.444233097370900e-33,-1.000000001518873e+00,9.900000000000000e-01,,,1.313590021941133e-01,5.849254473483373e-03,3.717867605131563e-03,3.204079599908637e-02,2.102262244316320e+00,REACHED_FORCE,REACHED_FORCE,,1,3,3,1,3,3,,,,4.644874613072792e-04,4.873915341543374e-05,4.707557801051956e-04,6.482009572518718e-05,,,4.341305797292319e-17,1.813698814947258e-17,,solution good enough for the tolerances given,solution good enough for the tolerances given,,4.341305797292319e-17,1.813698814947258e-17,,4.644874613072792e-04,6.071532165918825e-18,4.707557801051956e-04,3.469446951953614e-18,,,4.963687675029740e-07,4.076316156707469e-07,,4.212153464503091e-08,1.410289141527350e+00,1.082634058028137e-06,1.289926599172491e-10,2.869696096501440e-01,7.760416666666666e-01,9.169565354464547e-01,-1.518873027350764e-09,1.000000001518873e+00,1.000000000517824e+00,9.999999999999953e-01,9.999999999999880e-01,9.999999989242405e-01,9.999999973615270e-01,2.783391441560504e-17,3.747780548229411e-18,1.915498249182996e-18,4.444233097370900e-19,6.129031573974677e-37,1.406724791776078e-35,9.961778518153256e-01,1.843881842925903e-29,2.588679535327803e-35,2.072142733782959e-36,9.138698953391460e-11,2.154795364369885e-04,1.670991844523760e-03,1.935676712326910e-03,false
7,3.162000000000000e+14,1,5,CONTINUE,1.154439042216429e-05,6.536576720029315e-06,1.000000000000000e-09,1.154439042216429e-06,2.220446287360482e-14,8.380042196521085e-34,-1.000000004433354e+00,5.376161161800886e-01,,,9.327513475002966e-02,8.805599227167969e-03,5.114397973779611e-03,3.204079599908637e-02,2.102262244316320e+00,REFINE_STALLED,REFINE_STALLED,,1,2,2,1,1,1,,,,1.802370145963352e-03,7.425364248639637e-04,1.235399880642470e-03,8.266765513307710e-04,,,1.701195782890515e-17,1.471642209219001e-17,,solution good enough for the tolerances given,solution good enough for the tolerances given,,1.701195782890515e-17,1.471642209219001e-17,,1.802370145963352e-03,4.336808689942018e-18,1.235399880642470e-03,3.469446951953614e-18,,,3.905000691522259e-04,8.266765513307710e-04,,2.105302423017356e-08,1.410289141527348e+00,1.082634058028137e-06,1.289926599172491e-10,2.869696096501440e-01,7.760416666666666e-01,2.873465704829732e-01,-4.433353684163421e-09,1.000000004433354e+00,1.000000002036728e+00,1.000000000000013e+00,9.999999999999996e-01,9.999999990135389e-01,9.999999969021036e-01,1.544908458686266e-17,8.535999879172916e-18,2.297049333988666e-18,2.649769342539967e-19,2.341252725377625e-36,2.434653758067295e-35,4.219335714011091e-30,9.783484121777395e-01,4.601693182957736e-35,2.833802890613124e-35,2.682347848336422e-06,1.261897140078547e-04,1.066416726620382e-02,1.085854849420049e-02,false
7,1.000000000000000e+15,1,6,CONTINUE,1.154439042216429e-05,1.154447385385695e-05,1.000000000000000e-09,1.154439042216429e-06,2.220446287360482e-14,8.984941864903148e-41,3.035361755683408e-06,9.900000000000000e-01,,,1.028946259738478e-06,2.419055870570471e-02,2.332388858253620e-02,3.204079599908637e-02,2.102262244316320e+00,REFINE_STALLED,REFINE_STALLED,,1,2,2,1,2,2,,,,9.652656699144561e-02,3.527442353833230e-03,9.700969559360553e-02,5.952954264907203e-04,,,1.004975688680289e-15,9.566583886516467e-16,,solution good enough for the tolerances given,solution good enough for the tolerances given,,1.004975688680289e-15,9.566583886516467e-16,,9.652656699144561e-02,1.005005121312819e-16,9.700969559360553e-02,9.605542880787918e-17,,,3.527435997496143e-03,5.952943534315056e-04,,3.162278298056308e-05,1.410289141881884e+00,1.082634058028137e-06,1.289926599172491e-10,2.869696096501440e-01,7.760416666666666e-01,9.069732885894867e-11,3.294500228179231e-10,9.999999996705500e-01,9.999999995457345e-01,9.999999994861812e-01,9.999999994808602e-01,9.999999990980752e-01,9.999999990967301e-01,9.999999990953876e-01,2.997645079983207e-24,1.058024757811194e-24,8.984941864903147e-26,4.421736758538321e-05,4.853606960031587e-12,3.562730139767703e-05,1.876363670270462e-05,2.767045321212602e-01,4.317539656702691e-01,2.914278888388441e-01,9.113343593290336e-08,6.528874503207955e-06,8.385051147881861e-06,false
7,3.162000000000000e+15,1,6,CONTINUE,1.154439042216429e-05,1.154447492346450e-05,1.000000000000000e-09,1.154439042216429e-06,2.220446287360482e-14,1.379342217387178e-40,9.599480133853711e-07,9.900000000000000e-01,,,1.028821871522570e-06,7.412405149200424e-02,7.318130150684635e-02,3.204079599908637e-02,2.102262244316320e+00,REFINE_STALLED,REFINE_STALLED,,1,2,2,1,2,2,,,,3.061246255743993e-01,3.527451046069981e-03,3.066077772949633e-01,5.952968938668500e-04,,,9.863531218225203e-16,9.710739420736439e-16,,solution good enough for the tolerances given,solution good enough for the tolerances given,,9.863531218225203e-16,9.710739420736439e-16,,3.061246255743993e-01,9.878254402579301e-17,3.066077772949633e-01,9.737676050092649e-17,,,3.527449035835732e-03,5.952965545046738e-04,,3.162277861903981e-05,1.410289141881883e+00,1.082634058028137e-06,1.289926599172491e-10,2.869696096501440e-01,7.760416666666666e-01,1.633483839919208e-10,3.294506889517379e-10,9.999999996705493e-01,9.999999995822686e-01,9.999999994861872e-01,9.999999994808617e-01,9.999999990980757e-01,9.999999990967308e-01,9.999999990953885e-01,5.051697696775452e-24,1.984156070806976e-24,4.361480091378256e-25,4.285858520416779e-05,1.330717214807083e-12,3.636752439630656e-05,1.949750527780527e-05,2.752294022733223e-01,4.344720113423232e-01,2.901842857543396e-01,3.305536157227390e-07,7.406240804129103e-06,7.840219385898441e-06,false
7,1.000000000000000e+16,1,6,CONTINUE,1.154439042216429e-05,1.154447526176230e-05,1.000000000000000e-09,1.154439042216429e-06,2.220446287360482e-14,3.572122006730079e-41,3.035359709894362e-07,9.900000000000000e-01,,,1.028809429194555e-06,2.336595730331828e-01,2.312591315258991e-01,3.204079599908637e-02,2.102262244316320e+00,REFINE_STALLED,REFINE_STALLED,,1,2,2,1,2,2,,,,9.690445206373437e-01,3.527453795267956e-03,9.695277333555461e-01,5.952973579765145e-04,,,9.804663605855320e-16,9.756352355685290e-16,,solution good enough for the tolerances given,solution good enough for the tolerances given,,9.804663605855320e-16,9.756352355685290e-16,,9.690445206373437e-01,9.823917239012937e-17,9.695277333555461e-01,9.779466538127808e-17,,,3.527453159631139e-03,5.952972506700682e-04,,3.162277723957178e-05,1.410289141881883e+00,1.082634058028137e-06,1.289926599172491e-10,2.869696096501440e-01,7.760416666666666e-01,1.062434352702768e-10,3.294502448625281e-10,9.999999996705498e-01,9.999999995366702e-01,9.999999994861883e-01,9.999999994808610e-01,9.999999990980761e-01,9.999999990967303e-01,9.999999990953889e-01,4.174460857804814e-24,1.890392709271512e-24,3.572122006730079e-25,4.242297751956997e-05,8.259437045100892e-12,3.662365541602567e-05,1.975325248174251e-05,2.749509666408017e-01,4.353350738355568e-01,2.895993949807752e-01,2.278221397864124e-07,3.467313468266943e-06,1.206951358177829e-05,false
7,3.162000000000000e+16,1,6,CONTINUE,1.154439042216429e-05,1.154447536872263e-05,1.000000000000000e-09,1.154439042216429e-06,2.220446287360482e-14,8.575566125984801e-42,9.599512483459116e-08,9.900000000000000e-01,,,1.028808185218738e-06,7.385901397331490e-01,7.311840428986078e-01,3.204079599908637e-02,2.102262244316320e+00,REFINE_STALLED,REFINE_STALLED,,1,2,2,1,2,2,,,,3.065027742039108e+00,3.527454664494428e-03,3.065510964771404e+00,5.952975047166877e-04,,,9.786054647769423e-16,9.770776131236580e-16,,solution good enough for the tolerances given,solution good enough for the tolerances given,,9.786054647769423e-16,9.770776131236580e-16,,3.065027742039108e+00,9.806738352051436e-17,3.065510964771404e+00,9.792680252104975e-17,,,3.527454463470692e-03,5.952974707804175e-04,,3.162277680341940e-05,1.410289141881883e+00,1.082634058028137e-06,1.289926599172491e-10,2.869696096501440e-01,7.760416666666666e-01,9.264500034335084e-11,3.294495787287133e-10,9.999999996705504e-01,9.999999995589013e-01,9.999999994861877e-01,9.999999994808599e-01,9.999999990980759e-01,9.999999990967310e-01,9.999999990953883e-01,2.627556814100375e-24,1.167123368047563e-24,2.711594009036394e-25,4.228488064426473e-05,2.625248517986023e-12,3.669825108344813e-05,1.984489329799181e-05,2.747694374888490e-01,4.356824295378512e-01,2.894334802883984e-01,3.260725256727502e-07,9.574081959752562e-06,5.924502764470573e-06,false
7,1.000000000000000e+17,1,6,CONTINUE,1.154439042216429e-05,1.154447540255072e-05,1.000000000000000e-09,1.154439042216429e-06,2.220446287360482e-14,4.412555591372425e-42,3.035363801475212e-08,9.900000000000000e-01,,,1.028808060797277e-06,2.335755143576796e+00,2.312391206440435e+00,3.204079599908637e-02,2.102262244316320e+00,REFINE_STALLED,REFINE_STALLED,,1,2,2,1,2,2,,,,9.694229934315429e+00,3.527454939414505e-03,9.694710136665552e+00,5.952975511279100e-04,,,9.780169636902785e-16,9.775338698728753e-16,,solution good enough for the tolerances given,solution good enough for the tolerances given,,9.780169636902785e-16,9.775338698728753e-16,,9.694229934315429e+00,9.801304106299208e-17,9.694710136665552e+00,9.796859830304083e-17,,,3.527454875850792e-03,5.952975403972601e-04,,3.162277666547259e-05,1.410289141881883e+00,1.082634058028137e-06,1.289926599172491e-10,2.869696096501440e-01,7.760416666666666e-01,8.147739065471403e-11,3.294498007733182e-10,9.999999996705502e-01,9.999999995307731e-01,9.999999994861877e-01,9.999999994808597e-01,9.999999990980759e-01,9.999999990967314e-01,9.999999990953889e-01,2.470910686718064e-24,1.189874951802458e-24,4.412555591372426e-25,4.224116689043672e-05,1.259955206813088e-11,3.674346955812652e-05,1.985241303924473e-05,2.745689248397312e-01,4.356906226612743e-01,2.896257717597495e-01,3.599702097984966e-07,8.833290403699809e-06,6.650416545117090e-06,false
7,3.162000000000000e+17,1,6,CONTINUE,1.154439042216429e-05,1.154447541324309e-05,1.000000000000000e-09,1.154439042216429e-06,2.220446287360482e-14,1.543406471153222e-42,9.599486603757351e-09,9.900000000000000e-01,,,1.028808048359611e-06,7.385632267485198e+00,7.311773925519996e+00,3.204079599908637e-02,2.102262244316320e+00,REFINE_STALLED,REFINE_STALLED,,1,2,2,1,2,2,,,,3.065405765598496e+01,3.527455026337180e-03,3.065454153221105e+01,5.952975658019530e-04,,,9.778308985964528e-16,9.776781016256651e-16,,solution good enough for the tolerances given,solution good enough for the tolerances given,,9.778308985964528e-16,9.776781016256651e-16,,3.065405765598496e+01,9.799586217603057e-17,3.065454153221105e+01,9.798183319284167e-17,,,3.527455006234804e-03,5.952975624083254e-04,,3.162277662185736e-05,1.410289141881883e+00,1.082634058028137e-06,1.289926599172491e-10,2.869696096501440e-01,7.760416666666666e-01,8.812538520865162e-11,3.294504669071330e-10,9.999999996705495e-01,9.999999995369351e-01,9.999999994861875e-01,9.999999994808593e-01,9.999999990980759e-01,9.999999990967301e-01,9.999999990953883e-01,2.927275307667745e-24,1.445791353361600e-24,4.880251261786487e-25,4.222770666402122e-05,8.123890331618918e-12,3.674809327627825e-05,1.986447473312835e-05,2.747179982434105e-01,4.357051468378501e-01,2.894621649430627e-01,4.580161936624046e-07,8.445891939118492e-06,6.945784746891390e-06,false
7,1.000000000000000e+18,1,6,CONTINUE,1.154439042216429e-05,1.154447541661496e-05,1.000000000000000e-09,1.154439042216429e-06,2.220446287360482e-14,6.310268320238298e-43,3.035359709894362e-09,9.900000000000000e-01,,,1.028808047116066e-06,2.335746113531278e+01,2.312388588568703e+01,3.204079599908637e-02,2.102262244316320e+00,REFINE_STALLED,REFINE_STALLED,,1,2,2,1,2,2,,,,9.694605058116083e+01,3.527455053829191e-03,9.694649226615432e+01,5.952975704430776e-04,,,9.777720432239547e-16,9.777237427740491e-16,,solution good enough for the tolerances given,solution good enough for the tolerances given,,9.777720432239547e-16,9.777237427740491e-16,,9.694605058116083e+01,9.799044910610203e-17,9.694649226615432e+01,9.798598894823914e-17,,,3.527455047472819e-03,5.952975693700126e-04,,3.162277660806267e-05,1.410289141881883e+00,1.082634058028137e-06,1.289926599172491e-10,2.869696096501440e-01,7.760416666666666e-01,1.230982965817983e-10,3.294502448625281e-10,9.999999996705498e-01,9.999999995681279e-01,9.999999994861875e-01,9.999999994808595e-01,9.999999990980768e-01,9.999999990967310e-01,9.999999990953892e-01,4.712468961645574e-24,1.811332589340993e-24,6.310268320238298e-25,4.222369011513416e-05,1.899327211063227e-12,3.674727853869492e-05,1.987093433321552e-05,2.747195730486042e-01,4.357426018768358e-01,2.894231315993130e-01,2.025773713440284e-07,4.926653750174628e-06,1.072233923937623e-05,false
8,1.000000000000000e+00,0,11,CONTINUE,1.746784253582321e-06,2.643061152781368e-07,1.000000000000000e-09,1.746784253582321e-07,2.220446077342962e-14,1.003919609157495e+00,4.911792479393083e+01,9.900000000000000e-01,,,5.122133940330523e-02,2.073246362686496e-03,1.217948586399904e-03,3.274637684569116e-02,2.094919548322769e+00,REACHED_FORCE,REACHED_FORCE,,6,0,0,5,0,0,,,,1.716978337317539e-08,NaN,2.296959437193477e-08,NaN,,,1.154459267329748e-03,3.098681011822082e-04,,solution good enough for the tolerances given,solution good enough for the tolerances given,,7.171594896110633e-08,1.047099267783743e-07,,3.252606517456513e-18,1.716978337317539e-08,3.903127820947816e-18,2.296959437193477e-08,,,1.716978337317539e-08,2.296959437193477e-08,,3.619215132035498e-01,1.772741301127649e+00,1.273687170592565e-07,1.289926623832996e-12,2.856287204407661e-01,7.760416666666666e-01,1.321303077531916e-01,1.995294107071843e-02,9.800470589292816e-01,9.246244538358762e-01,8.444673014238823e-01,8.026484609860520e-01,7.423960013769478e-01,6.927917918530418e-01,6.341046416499087e-01,5.787839346865131e-01,5.249458697880295e-01,5.009779856286607e-01,4.913637910042679e-05,5.119885450222372e-05,1.433744512846794e-01,1.605417344474447e-01,2.400040194162531e-01,2.380505823942248e-01,1.084573385452128e-01,6.726138480618969e-02,3.969953772506948e-02,2.510616147323788e-03,false
8,3.162000000000000e+00,0,8,CONTINUE,1.746784253582321e-06,2.643061153283466e-07,1.000000000000000e-09,1.746784253582321e-07,2.220446077342962e-14,9.893639787512931e-01,4.479455934656909e+01,9.900000000000000e-01,,,5.122133897067217e-02,2.073246590234526e-03,1.217948326542843e-03,3.274637684569116e-02,2.094919548322769e+00,REACHED_FORCE,REACHED_FORCE,,4,0,0,4,0,0,,,,1.998175448996060e-08,NaN,5.315214171900361e-09,NaN,,,4.542135440452033e-04,1.217679210607458e-04,,solution good enough for the tolerances given,solution good enough for the tolerances given,,7.885113827505941e-08,2.104098159449900e-08,,1.156030566412669e-17,1.998175448996060e-08,1.214306433183765e-17,5.315214171900361e-09,,,1.998175448996060e-08,5.315214171900361e-09,,2.260411249293391e-01,1.534246460908591e+00,1.273687170592565e-07,1.289926623832996e-12,2.856287204407661e-01,7.760416666666666e-01,7.018442819530132e-02,7.010636702215023e-03,9.929893632977850e-01,9.454439650348089e-01,9.302279221753372e-01,9.050516892344749e-01,8.812910053781426e-01,8.514466404842279e-01,8.188914732811649e-01,7.964426966471305e-01,7.756975977918129e-01,7.577735846708341e-01,3.730171643198997e-05,1.052887030536211e-01,1.306060324590537e-01,1.979840807884436e-01,2.660991663516062e-01,1.360272694742398e-01,8.740413280291068e-02,2.425683816482317e-02,5.032491072242050e-02,1.971564466448869e-03,false
8,1.000000000000000e+01,0,6,CONTINUE,1.746784253582321e-06,2.643061153825238e-07,1.000000000000000e-09,1.746784253582321e-07,2.220446077342962e-14,3.263324724415059e-03,3.030695202347592e+01,9.900000000000000e-01,,,5.122133602918656e-02,2.073246470659821e-03,1.217948450782626e-03,3.274637684569116e-02,2.094919548322769e+00,REACHED_FORCE,REACHED_FORCE,,3,0,0,3,0,0,,,,1.537021284087146e-08,NaN,4.093621785408903e-09,NaN,,,1.565057661540889e-04,4.193330166626587e-05,,solution good enough for the tolerances given,solution good enough for the tolerances given,,6.455081288142999e-08,1.723061622192425e-08,,3.838075690598686e-17,1.537021284087146e-08,4.266335548730460e-17,4.093621785408903e-09,,,1.537021284087146e-08,4.093621785408903e-09,,1.339790116069193e-01,1.450640111326524e+00,1.273687170592565e-07,1.289926623832996e-12,2.856287204407661e-01,7.760416666666666e-01,9.528204151492029e-01,3.288721602967448e-03,9.967112783970326e-01,9.816414074649075e-01,9.740930664901061e-01,9.630266330304420e-01,9.517846834523518e-01,9.382080977748224e-01,9.284120630336185e-01,9.163908625825117e-01,9.083252620899760e-01,3.160197226967161e-02,5.182236423629330e-05,1.227166742701662e-01,1.592789109292951e-01,3.086067599784481e-01,1.922573174849466e-01,1.004184623720376e-01,5.230842598437668e-02,6.178864452345427e-02,2.572982093040073e-03,7.402949144333526e-29,false
8,3.162000000000000e+01,0,5,CONTINUE,1.746784253582321e-06,2.643061145669524e-07,1.000000000000000e-09,1.746784253582321e-07,2.220446077342962e-14,2.302800458875925e-13,2.421505762274622e+01,9.900000000000000e-01,,,5.122135737258911e-02,2.073229057123211e-03,1.217965896203370e-03,3.274637684569116e-02,2.094919548322769e+00,REACHED_FORCE,REACHED_FORCE,,3,0,0,2,0,0,,,,5.523438315882187e-10,NaN,1.723188548113670e-08,NaN,,,5.098639848900688e-05,1.365818607527581e-05,,solution good enough for the tolerances given,solution good enough for the tolerances given,,2.275373876009332e-09,8.478500867368129e-08,,8.055622141567298e-17,5.523438315882187e-10,8.760353553682876e-17,1.723188548113670e-08,,,5.523438315882187e-10,1.723188548113670e-08,,7.686531981620989e-02,1.423175564046420e+00,1.273687170592565e-07,1.289926623832996e-12,2.856287204407661e-01,7.760416666666666e-01,9.905506066978759e-01,1.304324934564116e-03,9.986956750654359e-01,9.940770546882641e-01,9.914231363039078e-01,9.877240310151193e-01,9.837315607610423e-01,9.789000845577532e-01,9.755032154604846e-01,9.719032779077099e-01,9.690168160453948e-01,7.281455050912656e-12,7.016355130025553e-05,1.255252029727918e-01,1.652188283820470e-01,3.167685220597158e-01,1.824716799140298e-01,1.055548893439611e-01,3.844398729553304e-02,6.341059041719642e-02,2.536136063423478e-03,3.936592864842470e-28,false
8,1.000000000000000e+02,0,4,CONTINUE,1.746784253582321e-06,2.643061152654714e-07,1.000000000000000e-09,1.746784253582321e-07,2.220446077342962e-14,9.066499230695006e-24,2.227315484893423e+01,9.900000000000000e-01,,,5.122134010879389e-02,2.073244858676100e-03,1.217950053016921e-03,3.274637684569116e-02,2.094919548322769e+00,REACHED_FORCE,REACHED_FORCE,,2,0,0,2,0,0,,,,6.762658807729291e-09,NaN,1.785650932130921e-09,NaN,,,1.627869912956443e-05,4.360483413367725e-06,,solution good enough for the tolerances given,solution good enough for the tolerances given,,3.263232788772126e-08,8.699020373196558e-09,,4.002196794458679e-16,6.762658807729291e-09,5.343354881823248e-16,1.785650932130921e-09,,,6.762658807729291e-09,1.785650932130921e-09,,4.351441046588653e-02,1.414376696590812e+00,1.273687170592565e-07,1.289926623832996e-12,2.856287204407661e-01,7.760416666666666e-01,9.970596586169835e-01,4.487694883329452e-04,9.995512305116671e-01,9.981145579387070e-01,9.972457410996834e-01,9.960565728262732e-01,9.947479384579281e-01,9.931652764631138e-01,9.920274147121763e-01,9.909346489986444e-01,9.899851851049877e-01,9.066499230695006e-22,8.040445217569332e-05,1.265075204801936e-01,1.673837787788943e-01,3.182372147469174e-01,1.795151601142277e-01,1.075399689832614e-01,3.459454078592882e-02,6.362234237504300e-02,2.519069283357768e-03,4.052098169055082e-27,false
8,3.162000000000000e+02,0,4,CONTINUE,1.746784253582321e-06,2.643061153405076e-07,1.000000000000000e-09,1.746784253582321e-07,2.220446077342962e-14,8.417989218556532e-33,2.166921206153342e+01,9.900000000000000e-01,,,5.122133829954223e-02,2.073246467109277e-03,1.217948440277253e-03,3.274637684569116e-02,2.094919548322769e+00,REACHED_FORCE,REACHED_FORCE,,2,0,0,2,0,0,,,,6.841302818303904e-10,NaN,1.806217216808806e-10,NaN,,,5.164168383004018e-06,1.383247712738770e-06,,solution good enough for the tolerances given,solution good enough for the tolerances given,,3.290920489033699e-09,8.772111126076307e-10,,6.210310043996969e-16,6.841302818303904e-10,8.497163476312020e-16,1.806217216808806e-10,,,6.841302818303904e-10,1.806217216808806e-10,,2.452421382671309e-02,1.411583151646245e+00,1.273687170592565e-07,1.289926623832996e-12,2.856287204407661e-01,7.760416666666666e-01,2.008181509318117e-01,1.459256496173511e-04,9.998540743503826e-01,9.994024250861987e-01,9.991245940012216e-01,9.987465776621810e-01,9.983280411357809e-01,9.978221116496961e-01,9.974545507752303e-01,9.971143461573163e-01,9.968103073759053e-01,2.661768190907575e-30,8.434318198178244e-05,1.268275136956024e-01,1.680984243755104e-01,3.185811861877373e-01,1.785891180749269e-01,1.081294275878184e-01,3.354010542670612e-02,6.363691076697861e-02,2.512970702738206e-03,3.702685307698141e-26,false
8,1.000000000000000e+03,0,4,CONTINUE,1.746784253582321e-06,2.643061153483288e-07,1.000000000000000e-09,1.746784253582321e-07,2.220446077342962e-14,8.662036682217327e-33,2.147954343719890e+01,9.900000000000000e-01,,,5.122133811589060e-02,2.073246628911669e-03,1.217948278035921e-03,3.274637684569116e-02,2.094919548322769e+00,REACHED_FORCE,REACHED_FORCE,,2,0,0,2,0,0,,,,6.864874771070339e-11,NaN,1.812429188934733e-11,NaN,,,1.634512572018030e-06,4.378084848776720e-07,,solution good enough for the tolerances given,solution good enough for the tolerances given,,3.298997549221934e-10,8.793531314557790e-11,,3.543552170442998e-15,6.864874771070339e-11,3.028610348621008e-15,1.812429188934733e-11,,,6.864874771070339e-11,1.812429188934733e-11,,1.379990879405817e-02,1.410698437727144e+00,1.273687170592565e-07,1.289926623832996e-12,2.856287204407661e-01,7.760416666666666e-01,2.710977684275958e-04,4.655375702777853e-05,9.999534462429722e-01,9.998109163704268e-01,9.997227567079923e-01,9.996030349006461e-01,9.994702248143651e-01,9.993097133164424e-01,9.991926771225739e-01,9.990856684543135e-01,9.989891522244966e-01,8.662036682217327e-30,8.567120756226849e-05,1.269296685126143e-01,1.683275175492106e-01,3.186777516938932e-01,1.782969917423425e-01,1.083100658218168e-01,3.322612873433373e-02,6.363523702739721e-02,2.510967710830010e-03,4.000295204615423e-25,false
8,3.162000000000000e+03,0,3,CONTINUE,1.746784253582321e-06,2.643061292086487e-07,1.000000000000000e-09,1.746784253582321e-07,2.220446077342962e-14,4.927138266054486e-33,2.141971996786937e+01,9.900000000000000e-01,,,5.122116654614671e-02,2.073184008816474e-03,1.218010396216937e-03,3.274637684569116e-02,2.094919548322769e+00,REACHED_FORCE,REACHED_FORCE,,2,0,0,1,0,0,,,,6.873942604360139e-12,NaN,1.380070196706565e-08,NaN,,,5.170841554195865e-07,1.385020193567777e-07,,solution good enough for the tolerances given,solution good enough for the tolerances given,,3.302322023322038e-11,1.385020193567777e-07,,8.298022642280745e-15,6.873942604360139e-12,6.503722256925859e-15,1.380070196706565e-08,,,6.873942604360139e-12,1.380070196706565e-08,,7.762299453457766e-03,1.410418596746458e+00,1.273687170592565e-07,1.289926623832996e-12,2.856287204407661e-01,7.760416666666666e-01,8.579525033577403e-05,1.476447243942136e-05,9.999852355275606e-01,9.999401881775710e-01,9.999122761513928e-01,9.998743941806543e-01,9.998323453327365e-01,9.997815291573386e-01,9.997444331217493e-01,9.997106482122855e-01,9.996800864283004e-01,1.557961119726429e-29,8.609976769766163e-05,1.269620624177708e-01,1.684002592613821e-01,3.187070559196254e-01,1.782047020365272e-01,1.083665478845042e-01,3.312890372203771e-02,6.363404209492833e-02,2.510326895525974e-03,3.252109163136169e-24,false
8,1.000000000000000e+04,0,2,CONTINUE,1.746784253582321e-06,2.643061197354493e-07,1.000000000000000e-09,1.746784253582321e-07,2.220446077342962e-14,8.790497613633271e-33,1.312338984773681e+01,9.900000000000000e-01,,,5.122128383810355e-02,2.073226834344853e-03,1.217967913721075e-03,3.274637684569116e-02,2.094919548322769e+00,REACHED_FORCE,REACHED_FORCE,,1,0,0,1,0,0,,,,1.643412625407757e-08,NaN,4.364925975785389e-09,NaN,,,1.635180705890936e-07,4.380600916905949e-08,,solution good enough for the tolerances given,solution good enough for the tolerances given,,1.635180705890936e-07,4.380600916905949e-08,,2.353518313395753e-14,1.643412625407757e-08,2.806481718027609e-14,4.364925975785389e-09,,,1.643412625407757e-08,4.364925975785389e-09,,4.365172664364258e-03,1.410330076571175e+00,1.273687170592565e-07,1.289926623832996e-12,2.856287204407661e-01,7.760416666666666e-01,6.653081220598033e-03,7.619924361601527e-06,9.999923800756384e-01,9.999807043904189e-01,9.999703290139891e-01,9.999581668316240e-01,9.999433245377837e-01,9.999272495651627e-01,9.999094892293816e-01,9.999005418010106e-01,9.998868530061973e-01,8.790497613633270e-29,3.167281061556516e-04,1.435050679570578e-01,1.982765594252094e-01,3.229650265574241e-01,1.562844551992057e-01,1.021435315814831e-01,7.142768342070918e-02,5.076773805881615e-03,4.173946873788587e-06,3.606162617926194e-23,true
8,3.162000000000000e+04,0,2,CONTINUE,1.746784253582321e-06,2.643061167391939e-07,1.000000000000000e-09,1.746784253582321e-07,2.220446077342962e-14,1.240032041324536e-32,9.542588025171250e+00,9.900000000000000e-01,,,5.122132093705259e-02,2.073240381768602e-03,1.217954474892705e-03,3.274637684569116e-02,2.094919548322769e+00,REACHED_FORCE,REACHED_FORCE,,1,0,0,1,0,0,,,,5.197540577290584e-09,NaN,1.380316519720634e-09,NaN,,,5.171510101474938e-08,1.385271972314179e-08,,solution good enough for the tolerances given,solution good enough for the tolerances given,,5.171510101474938e-08,1.385271972314179e-08,,9.696971415944222e-14,5.197540577290584e-09,1.158418521697568e-13,1.380316519720634e-09,,,5.197540577290584e-09,1.380316519720634e-09,,2.454878562022404e-03,1.410302087591867e+00,1.273687170592565e-07,1.289926623832996e-12,2.856287204407661e-01,7.760416666666666e-01,9.999901679565374e-01,3.314137480558976e-06,9.999966858625194e-01,9.999937685821160e-01,9.999901022118592e-01,9.999862313813623e-01,9.999812940183582e-01,9.999765524625391e-01,9.999712313050418e-01,9.999681859397538e-01,1.680101040740499e-06,3.920981314668184e-28,1.227849940066040e-03,1.574340988305965e-01,2.266970092642700e-01,3.107265305667206e-01,1.407818916904801e-01,8.975462829485936e-02,7.004751037483252e-02,3.330481038174611e-03,1.698097079573444e-53,4.740367666866720e-22,false
8,1.000000000000000e+05,0,2,CONTINUE,1.746784253582321e-06,2.643061158037543e-07,1.000000000000000e-09,1.746784253582321e-07,2.220446077342962e-14,6.456575268765788e-33,9.541663333758731e+00,9.900000000000000e-01,,,5.122133266819073e-02,2.073244666338725e-03,1.217950224678922e-03,3.274637684569116e-02,2.094919548322769e+00,REACHED_FORCE,REACHED_FORCE,,1,0,0,1,0,0,,,,1.643478052867214e-09,NaN,4.364445343758155e-10,NaN,,,1.635247558482699e-08,4.380112644335545e-09,,solution good enough for the tolerances given,solution good enough for the tolerances given,,1.635247558482699e-08,4.380112644335545e-09,,2.035351867515217e-13,1.643478052867214e-09,2.340424945859731e-13,4.364445343758155e-10,,,1.643478052867214e-09,4.364445343758155e-10,,1.380428627117478e-03,1.410293235085985e+00,1.273687170592565e-07,1.289926623832996e-12,2.856287204407661e-01,7.760416666666666e-01,9.999971566828182e-01,1.048034202200121e-06,9.999989519657978e-01,9.999980296010723e-01,9.999968702455148e-01,9.999956462692675e-01,9.999940850267717e-01,9.999925857390340e-01,9.999909031545277e-01,9.999899401670782e-01,1.019179746847632e-15,6.456575268765788e-28,1.228446187677960e-03,1.574369328411833e-01,2.267046647147707e-01,3.107202130050054e-01,1.407783295258484e-01,8.975245620071305e-02,7.004851820060171e-02,3.330439324199616e-03,5.143369542979564e-46,3.192828931048992e-21,false
8,3.162000000000000e+05,0,2,CONTINUE,1.746784253582321e-06,2.643061155740774e-07,1.000000000000000e-09,1.746784253582321e-07,2.220446077342962e-14,1.538490002350472e-32,9.541371410101476e+00,9.900000000000000e-01,,,5.122133636748420e-02,2.073246022491915e-03,1.217948879410553e-03,3.274637684569116e-02,2.094919548322769e+00,REACHED_FORCE,REACHED_FORCE,,1,0,0,1,0,0,,,,5.197606023962104e-10,NaN,1.380268451617317e-10,NaN,,,5.171576972037356e-09,1.385223134953206e-09,,solution good enough for the tolerances given,solution good enough for the tolerances given,,5.171576972037356e-09,1.385223134953206e-09,,8.136976606832463e-13,5.197606023962104e-10,1.033788045402481e-12,1.380268451617317e-10,,,5.197606023962104e-10,1.380268451617317e-10,,7.763078472834214e-04,1.410290436139225e+00,1.273687170592565e-07,1.289926623832996e-12,2.856287204407661e-01,7.760416666666666e-01,8.070184043263845e-01,3.314569950729762e-07,9.999996685430049e-01,9.999993768479754e-01,9.999990101904368e-01,9.999986230992092e-01,9.999981293427989e-01,9.999976551839750e-01,9.999971230538618e-01,9.999968184994571e-01,2.006788429179133e-26,4.864705387432191e-27,1.228634599910388e-03,1.574378286268663e-01,2.267070857450776e-01,3.107182151652642e-01,1.407772037719960e-01,8.975176925426707e-02,7.004883670306693e-02,3.330426133551374e-03,2.442208919456523e-21,3.170210828352163e-20,false
8,1.000000000000000e+06,0,2,CONTINUE,1.746784253582321e-06,2.643061155143285e-07,1.000000000000000e-09,1.746784253582321e-07,2.220446077342962e-14,4.192046118483649e-33,9.541279452273884e+00,9.900000000000000e-01,,,5.122133753473783e-02,2.073246449669889e-03,1.217948455658183e-03,3.274637684569116e-02,2.094919548322769e+00,REACHED_FORCE,REACHED_FORCE,,1,0,0,1,0,0,,,,1.643484591039995e-10,NaN,4.364397276739040e-11,NaN,,,1.635254244622061e-09,4.380063810529892e-10,,solution good enough for the tolerances given,solution good enough for the tolerances given,,1.635254244622061e-09,4.380063810529892e-10,,2.022050278951970e-12,1.643484591039995e-10,3.038231816197660e-12,4.364397276739040e-11,,,1.643484591039995e-10,4.364397276739040e-11,,4.365311204385767e-04,1.410289550883753e+00,1.273687170592565e-07,1.289926623832996e-12,2.856287204407661e-01,7.760416666666666e-01,1.666723256215917e-05,1.048077357124200e-07,9.999998951922643e-01,9.999998029590836e-01,9.999996870214799e-01,9.999995646230359e-01,9.999994084967754e-01,9.999992585676760e-01,9.999990903077910e-01,9.999989940072568e-01,2.133312151057712e-26,4.192046118483649e-27,1.228693831995132e-03,1.574381119915273e-01,2.267078495354593e-01,3.107175849695274e-01,1.407768475737614e-01,8.975155254871867e-02,7.004893748254655e-02,3.330422066463827e-03,6.138140142520300e-20,3.427828479868183e-19,false
8,3.162000000000000e+06,0,2,CONTINUE,1.746784253582321e-06,2.643061154809770e-07,1.000000000000000e-09,1.746784253582321e-07,2.220446077342962e-14,8.430420120466428e-33,9.541544086668933e+00,9.900000000000000e-01,,,5.122133791749207e-02,2.073246579928813e-03,1.217948326410186e-03,3.274637684569116e-02,2.094919548322769e+00,REACHED_FORCE,REACHED_FORCE,,1,0,0,1,0,0,,,,5.197612641932164e-11,NaN,1.380263698474993e-11,NaN,,,5.171583651245593e-10,1.385218238074819e-10,,solution good enough for the tolerances given,solution good enough for the tolerances given,,5.171583651245593e-10,1.385218238074819e-10,,5.272648691354714e-12,5.197612641932164e-11,9.708204712680600e-12,1.380263698474993e-11,,,5.197612641932164e-11,1.380263698474993e-11,,2.454903203583954e-04,1.410289270988588e+00,1.273687170592565e-07,1.289926623832996e-12,2.856287204407661e-01,7.760416666666666e-01,8.567816223069879e-08,3.314510954588457e-08,9.999999668548905e-01,9.999999376847705e-01,9.999999010188987e-01,9.999998623096490e-01,9.999998129337938e-01,9.999997655178139e-01,9.999997123046265e-01,9.999996818490096e-01,9.423227086101895e-26,2.665698842091484e-26,1.228561973125180e-03,1.574377402402776e-01,2.267075068875774e-01,3.107180923492133e-01,1.407770544939280e-01,8.975163649282336e-02,7.004898317118845e-02,3.330424391866852e-03,7.813434833015967e-19,1.984326873604561e-18,false
8,1.000000000000000e+07,0,2,CONTINUE,1.746784253582321e-06,2.643061161620655e-07,1.000000000000000e-09,1.746784253582321e-07,2.220446077342962e-14,2.323179074010367e-33,9.509094893980267e+00,9.900000000000000e-01,,,5.122133791470330e-02,2.073246641579822e-03,1.217948265396471e-03,3.274637684569116e-02,2.094919548322769e+00,REACHED_FORCE,REACHED_FORCE,,1,0,0,1,0,0,,,,1.643485271918960e-11,NaN,2.149359032768694e-11,NaN,,,1.635254920123626e-10,4.380058994506040e-11,,solution good enough for the tolerances given,solution good enough for the tolerances given,,1.635254920123626e-10,4.380058994506040e-11,,1.349444818041223e-11,1.643485271918960e-11,2.149359032768694e-11,4.364392527933525e-12,,,1.643485271918960e-11,2.149359032768694e-11,,1.380433008885017e-04,1.410289182462992e+00,1.273687170592565e-07,1.289926623832996e-12,2.856287204407661e-01,7.760416666666666e-01,1.081194203324578e-05,1.051624787251626e-08,9.999999894837521e-01,9.999999802902214e-01,9.999999686836520e-01,9.999999564438238e-01,9.999999408263709e-01,9.999999258459049e-01,9.999999090288904e-01,9.999998993977562e-01,1.690332426199762e-25,2.323179074010367e-26,1.250394761724496e-03,1.575987096176155e-01,2.270257189905769e-01,3.105045627730638e-01,1.406225681816445e-01,8.963593082357402e-02,7.003592881969774e-02,3.326186032102152e-03,8.227798606994890e-18,3.146599310821494e-17,false
8,3.162000000000000e+07,0,2,CONTINUE,1.746784253582321e-06,2.643061147686740e-07,1.000000000000000e-09,1.746784253582321e-07,2.220446077342962e-14,3.508002424303636e-33,5.774434299654130e+00,9.900000000000000e-01,,,5.122133814258904e-02,2.073246561629457e-03,1.217948344362338e-03,3.274637684569116e-02,2.094919548322769e+00,REACHED_FORCE,REACHED_FORCE,,1,0,0,1,0,0,,,,4.716414155655612e-11,NaN,7.765467122686307e-11,NaN,,,5.171584188006802e-11,1.385217644990242e-11,,solution good enough for the tolerances given,solution good enough for the tolerances given,,5.171584188006802e-11,1.385217644990242e-11,,4.716414155655612e-11,5.197612631090143e-12,7.765467122686307e-11,1.380262657640907e-12,,,4.716414155655612e-11,7.765467122686307e-11,,7.763086284973354e-05,1.410289154473471e+00,1.273687170592565e-07,1.289926623832996e-12,2.856287204407661e-01,7.760416666666666e-01,5.073610672412333e-01,5.476822773076151e-09,9.999999945231772e-01,9.999999925633141e-01,9.999999881063963e-01,9.999999834521690e-01,9.999999775049960e-01,9.999999714718442e-01,9.999999685822478e-01,7.425847352908110e-01,4.318059455345616e-25,1.109230366564810e-25,6.168319601415188e-02,1.731506975874086e-01,3.458893317416591e-01,2.186799181472150e-01,1.210956131091348e-01,7.378584251157783e-02,5.715400888853119e-03,7.312508287333241e-49,7.355871485181820e-17,3.704018106045288e-16,false
8,1.000000000000000e+08,0,2,CONTINUE,1.746784253582321e-06,2.643061242048851e-07,1.000000000000000e-09,1.746784253582321e-07,2.220446077342962e-14,3.770444319841203e-33,5.774340186532852e+00,9.900000000000000e-01,,,5.122133710400713e-02,2.073246747753983e-03,1.217948160226343e-03,3.274637684569116e-02,2.094919548322769e+00,REACHED_FORCE,REACHED_FORCE,,1,0,0,1,0,0,,,,1.471165664605149e-10,NaN,2.486958267496281e-10,NaN,,,1.635255038140708e-11,4.380058880593930e-12,,solution good enough for the tolerances given,solution good enough for the tolerances given,,1.635255038140708e-11,4.380058880593930e-12,,1.471165664605149e-10,1.643485044236503e-12,2.486958267496281e-10,4.364386456401359e-13,,,1.471165664605149e-10,2.486958267496281e-10,,4.365312635091820e-05,1.410289145620911e+00,1.273687170592565e-07,1.289926623832996e-12,2.856287204407661e-01,7.760416666666666e-01,9.999999980484658e-01,1.731799592619154e-09,9.999999982682004e-01,9.999999976484772e-01,9.999999962392363e-01,9.999999947675897e-01,9.999999928870793e-01,9.999999909793797e-01,9.999999900656538e-01,5.945617680033186e-11,2.200585234313603e-24,3.770444319841203e-25,6.169290557372090e-02,1.731444111873495e-01,3.458844157689104e-01,2.186804812113733e-01,1.210971247557618e-01,7.378637142351087e-02,5.714290079370910e-03,2.687178269032516e-46,4.969987122964437e-16,2.467215360209553e-15,false
8,3.162000000000000e+08,0,2,CONTINUE,1.746784253582321e-06,2.643061289158117e-07,1.000000000000000e-09,1.746784253582321e-07,2.220446077342962e-14,5.641235392660452e-33,5.774208888459545e+00,9.900000000000000e-01,,,5.122133780736629e-02,2.073246485873816e-03,1.217948416385833e-03,3.274637684569116e-02,2.094919548322769e+00,REACHED_FORCE,REACHED_FORCE,,1,0,0,1,0,0,,,,6.054832247289876e-10,NaN,6.674316042063529e-10,NaN,,,5.171583906222287e-12,1.385217684715277e-12,,solution good enough for the tolerances given,solution good enough for the tolerances given,,5.171583906222287e-12,1.385217684715277e-12,,6.054832247289876e-10,5.197626183617299e-13,6.674316042063529e-10,1.380273933343501e-13,,,6.054832247289876e-10,6.674316042063529e-10,,2.454903529372094e-05,1.410289142821959e+00,1.273687170592565e-07,1.289926623832996e-12,2.856287204407661e-01,7.760416666666666e-01,9.996695815909727e-01,5.477036602030694e-10,9.999999994522963e-01,9.999999992559694e-01,9.999999988105204e-01,9.999999983452281e-01,9.999999977504324e-01,9.999999971473765e-01,9.999999968582443e-01,8.912142982994681e-21,5.934791873969113e-24,1.783758631159235e-24,6.198397951647044e-02,1.728406754043257e-01,3.460239729568360e-01,2.185727821174004e-01,1.210267349329752e-01,7.385097454863121e-02,5.700880523325835e-03,1.356913758640917e-28,5.649572891936357e-15,2.985374978753626e-14,false
8,1.000000000000000e+09,0,2,CONTINUE,1.746784253582321e-06,2.643061638547643e-07,1.000000000000000e-09,1.746784253582321e-07,2.220446077342962e-14,3.869716465246372e-33,5.777556644191971e+00,9.900000000000000e-01,,,5.122133110177192e-02,2.073246243502642e-03,1.217948665186610e-03,3.274637684569116e-02,2.094919548322769e+00,REACHED_FORCE,REACHED_FORCE,,1,0,0,1,0,0,,,,1.408301897516152e-09,NaN,2.648361765051352e-09,NaN,,,1.635254700767589e-12,4.380057203779662e-13,,solution good enough for the tolerances given,solution good enough for the tolerances given,,1.635254700767589e-12,4.380057203779662e-13,,1.408301897516152e-09,1.643491115768669e-13,2.648361765051352e-09,4.364477529383848e-14,,,1.408301897516152e-09,2.648361765051352e-09,,1.380433067552465e-05,1.410289141936703e+00,1.273687170592565e-07,1.289926623832996e-12,2.856287204407661e-01,7.760416666666666e-01,4.843991481109971e-04,1.730835474944570e-10,9.999999998269165e-01,9.999999997649891e-01,9.999999996239957e-01,9.999999994768090e-01,9.999999992887372e-01,9.999999990979314e-01,9.999999990065789e-01,2.286930501479103e-23,9.416965423484111e-24,3.869716465246372e-24,6.134231591231900e-02,1.733594854950725e-01,3.458543319317536e-01,2.188141332034987e-01,1.211380101905723e-01,7.377131772338819e-02,5.720405543016425e-03,8.783546155540821e-15,2.005351801791948e-13,1.710698162741951e-13,false
8,3.162000000000000e+09,0,2,CONTINUE,1.746784253582321e-06,2.643062674204489e-07,1.000000000000000e-09,1.746784253582321e-07,2.220446077342962e-14,3.431915163731058e-33,5.764972363375395e+00,9.900000000000000e-01,,,5.122131996064466e-02,2.073246375057818e-03,1.217948550729966e-03,3.274637684569116e-02,2.094919548322769e+00,REACHED_FORCE,REACHED_FORCE,,1,0,0,1,0,0,,,,5.252147724572236e-09,NaN,8.289964196171989e-09,NaN,,,5.171584229988513e-13,1.385217037500450e-13,,solution good enough for the tolerances given,solution good enough for the tolerances given,,5.171584229988513e-13,1.385217037500450e-13,,5.252147724572236e-09,5.197578478721709e-14,8.289964196171989e-09,1.380254417704396e-14,,,5.252147724572236e-09,8.289964196171989e-09,,7.763086499977150e-06,1.410289141656808e+00,1.273687170592565e-07,1.289926623832996e-12,2.856287204407661e-01,7.760416666666666e-01,2.815246585859770e-09,5.485811804817331e-11,9.999999999451419e-01,9.999999999255571e-01,9.999999998810882e-01,9.999999998345517e-01,9.999999997750353e-01,9.999999997147211e-01,9.999999996858659e-01,6.578733070585294e-23,3.036309022063745e-23,1.085171574771761e-23,6.249240671378487e-02,1.722956515451566e-01,3.456397854340608e-01,2.189881856038658e-01,1.210988272440190e-01,7.374859910940919e-02,5.736544346029657e-03,2.706641636533154e-13,1.833229913492270e-12,1.571139694120019e-12,false
8,1.000000000000000e+10,0,2,CONTINUE,1.746784253582321e-06,2.643054390417353e-07,1.000000000000000e-09,1.746784253582321e-07,2.220446077342962e-14,4.500577491100350e-33,5.772735534567046e+00,9.900000000000000e-01,,,5.122148048473578e-02,2.073205965016910e-03,1.217988345205143e-03,3.274637684569116e-02,2.094919548322769e+00,REACHED_FORCE,REACHED_FORCE,,1,0,0,1,0,0,,,,1.892602666385033e-08,NaN,2.169358697415519e-08,NaN,,,1.635226329033150e-13,4.379937600598996e-14,,solution good enough for the tolerances given,solution good enough for the tolerances given,,1.635226329033150e-13,4.379937600598996e-14,,1.892602666385033e-08,1.643368600923178e-14,2.169358697415519e-08,4.363913744254155e-15,,,1.892602666385033e-08,2.169358697415519e-08,,4.365311536847235e-06,1.410289141568282e+00,1.273687170592565e-07,1.289926623832996e-12,2.856287204407661e-01,7.760416666666666e-01,2.356658238743726e-08,1.732280985322632e-11,9.999999999826772e-01,9.999999999764773e-01,9.999999999623872e-01,9.999999999476714e-01,9.999999999288685e-01,9.999999999097933e-01,9.999999999006566e-01,2.466599624473433e-22,1.262338968249150e-22,4.500577491100350e-23,6.184319953373267e-02,1.729926058805909e-01,3.459673176124019e-01,2.186148680556251e-01,1.210889294559245e-01,7.378069272551514e-02,5.712386687452923e-03,2.070690049662999e-12,2.593442034884522e-11,2.075234835801075e-11,false
8,3.162000000000000e+10,0,2,CONTINUE,1.746784253582321e-06,2.643065796893588e-07,1.000000000000000e-09,1.746784253582321e-07,2.220446077342962e-14,1.135999696115147e-33,5.288853721473370e+00,9.900000000000000e-01,,,5.122135366651193e-02,2.073247357320543e-03,1.217947267249702e-03,3.274637684569116e-02,2.094919548322769e+00,REACHED_FORCE,REACHED_FORCE,,1,0,0,1,0,0,,,,4.851521814371225e-08,NaN,9.501178165730625e-08,NaN,,,5.171575899981477e-14,1.385228401566934e-14,,solution good enough for the tolerances given,solution good enough for the tolerances given,,5.171575899981477e-14,1.385228401566934e-14,,4.851521814371225e-08,5.198098895764502e-15,9.501178165730625e-08,1.380406206008544e-15,,,4.851521814371225e-08,9.501178165730625e-08,,2.454901525347601e-06,1.410289141540292e+00,1.273687170592565e-07,1.289926623832996e-12,2.856287204407661e-01,7.760416666666666e-01,2.209437317470118e-03,5.979661210631093e-12,9.999999999940203e-01,9.999999999905329e-01,9.999999999859213e-01,9.999999999792486e-01,9.999999999726594e-01,9.999999999697085e-01,9.999951183708963e-01,7.703491256168622e-22,3.582219230500065e-22,3.592031039116095e-23,1.329414280249334e-01,2.430733460879401e-01,3.602892672744148e-01,1.639406306752797e-01,7.520213545478381e-02,2.455319216780282e-02,6.098833573975364e-42,1.044156347227545e-11,1.457382133084252e-10,1.586669703667234e-10,false
8,1.000000000000000e+11,0,4,CONTINUE,1.746784253582321e-06,2.643061171163934e-07,1.000000000000000e-09,1.746784253582321e-07,2.220446077342962e-14,2.393798222739495e-33,-1.000000000020354e+00,9.900000000000000e-01,,,5.122133780935790e-02,2.073246734365048e-03,1.217948260354763e-03,3.274637684569116e-02,2.094919548322769e+00,REACHED_FORCE,REACHED_FORCE,,1,1,1,1,1,1,,,,1.931641331972980e-07,3.564521891357125e-11,2.779241970546174e-07,2.771603432871750e-11,,,1.635082448827409e-14,4.377895241331114e-15,,solution good enough for the tolerances given,solution good enough for the tolerances given,,1.635082448827409e-14,4.377895241331114e-15,,1.931641331972980e-07,1.643975754139770e-15,2.779241970546174e-07,4.371503159461554e-16,,,3.564521891357125e-11,2.771603432871750e-11,,1.380434215713882e-06,1.410289141531440e+00,1.273687170592565e-07,1.289926623832996e-12,2.856287204407661e-01,7.760416666666666e-01,2.566188538244176e-01,-2.035394075505792e-11,1.000000000020354e+00,1.000000000003618e+00,9.999999999975351e-01,9.999999999950016e-01,9.999999999913436e-01,9.999999999841958e-01,9.341467638807829e-01,2.755714393722070e-21,9.549974699863779e-22,2.393798222739495e-22,3.584980291342383e-08,8.338152783344120e-05,3.799699360486616e-01,4.825991971471453e-01,1.373068147825126e-01,4.063103246349471e-05,4.372438934636122e-43,1.173175516205559e-10,1.464763925882161e-09,2.029499661308843e-09,false
8,3.162000000000000e+11,0,4,CONTINUE,1.746784253582321e-06,2.643061324141584e-07,1.000000000000000e-09,1.746784253582321e-07,2.220446077342962e-14,3.950267755275091e-33,-1.000000000093608e+00,9.900000000000000e-01,,,5.122133543869808e-02,2.073247368512869e-03,1.217948325747503e-03,3.274637684569116e-02,2.094919548322769e+00,REACHED_FORCE,REACHED_FORCE,,1,1,1,1,1,1,,,,7.133668273390172e-07,1.568702129864851e-10,6.274201919115720e-07,4.257953384410179e-10,,,5.172488772527435e-15,1.386030962686712e-15,,solution good enough for the tolerances given,solution good enough for the tolerances given,,5.172488772527435e-15,1.386030962686712e-15,,7.133668273390172e-07,5.196581012723023e-16,6.274201919115720e-07,1.379105163401562e-16,,,1.568702129864851e-10,4.257953384410179e-10,,7.762937295589723e-07,1.410289141528641e+00,1.273687170592565e-07,1.289926623832996e-12,2.856287204407661e-01,7.760416666666666e-01,9.131037593950776e-01,-9.360823227666515e-11,1.000000000093608e+00,1.000000000002222e+00,9.999999999986160e-01,9.999999999956986e-01,9.999999999920099e-01,9.999999998875990e-01,1.662415245819693e-01,1.733774109143174e-20,4.417135277827239e-21,1.249074664217984e-21,9.741211938006813e-12,1.030409541920116e-02,9.591602638303298e-01,3.007568398575082e-02,4.599259329216791e-04,6.642978700695486e-12,2.731691779788859e-40,1.653752510994669e-11,6.689443893369353e-09,2.410943236410726e-08,false
8,1.000000000000000e+12,0,4,CONTINUE,1.746784253582321e-06,2.643062252224736e-07,1.000000000000000e-09,1.746784253582321e-07,2.220446077342962e-14,1.979140072427895e-33,-1.000000000396310e+00,9.900000000000000e-01,,,5.122131979382363e-02,2.073252831386043e-03,1.217950039113997e-03,3.274637684569116e-02,2.094919548322769e+00,REACHED_FORCE,REACHED_FORCE,,1,1,1,1,1,1,,,,1.299410641270637e-06,2.180155223588604e-09,2.138909359375451e-06,2.658244538104502e-09,,,1.634065960830258e-15,4.364579164693629e-16,,solution good enough for the tolerances given,solution good enough for the tolerances given,,1.634065960830258e-15,4.364579164693629e-16,,1.299410641270637e-06,1.644734695660510e-16,2.138909359375451e-06,4.445228907190568e-17,,,2.180155223588604e-09,2.658244538104502e-09,,4.365236952260979e-07,1.410289141527755e+00,1.273687170592565e-07,1.289926623832996e-12,2.856287204407661e-01,7.760416666666666e-01,3.033420813591565e-02,-3.963096517622944e-10,1.000000000396310e+00,1.000000000226983e+00,1.000000000030851e+00,9.999999999995455e-01,9.999999998300027e-01,9.999999996800246e-01,9.990798358515567e-01,6.176421091850594e-20,1.529023053331102e-20,1.979140072427895e-21,8.093845155614180e-09,2.105257274927713e-07,1.380557105592188e-05,9.999851722588408e-01,4.551298841654687e-07,2.021882820136498e-08,6.969734643383656e-41,9.233811241120097e-10,9.997493044987392e-08,2.273035087395358e-07,false
8,3.162000000000000e+12,0,4,CONTINUE,1.746784253582321e-06,2.643072480957252e-07,1.000000000000000e-09,1.746784253582321e-07,2.220446077342962e-14,6.436342242070976e-33,-1.000000000407171e+00,9.900000000000000e-01,,,5.122116586841420e-02,2.073314955209013e-03,1.217990972340081e-03,3.274637684569116e-02,2.094919548322769e+00,REACHED_FORCE,REACHED_FORCE,,1,1,1,1,1,1,,,,3.905815009778453e-06,2.515583835171803e-08,8.398118119385065e-06,2.738641117377462e-08,,,5.170986185152578e-16,1.382826660982655e-16,,solution good enough for the tolerances given,solution good enough for the tolerances given,,5.170986185152578e-16,1.382826660982655e-16,,3.905815009778453e-06,5.160802341031001e-17,8.398118119385065e-06,1.431146867680866e-17,,,2.515583835171803e-08,2.738641117377462e-08,,2.454970041436795e-07,1.410289141527476e+00,1.273687170592565e-07,1.289926623832996e-12,2.856287204407661e-01,7.760416666666666e-01,4.982347626972398e-01,-4.071707415675974e-10,1.000000000407171e+00,1.000000000170830e+00,9.999999999998561e-01,9.999999999422247e-01,9.999999997649536e-01,9.999999994816944e-01,7.517621210465317e-01,1.285768890783588e-19,4.228449392204822e-20,2.035171416942843e-20,3.382215133028804e-10,5.834078522146813e-08,9.999950012781986e-01,4.292140490991611e-07,1.612607339387165e-08,4.835232180151030e-11,1.058533096152353e-38,5.495365570403999e-08,1.261692274953655e-06,3.178008390541353e-06,false
8,1.000000000000000e+13,0,6,CONTINUE,1.746784253582321e-06,2.643061712440822e-07,1.000000000000000e-09,1.746784253582321e-07,2.220446077342962e-14,1.488638833654131e-33,-1.000000000017834e+00,9.900000000000000e-01,,,5.122132367909738e-02,2.073825636855144e-03,1.218911741348220e-03,3.274637684569116e-02,2.094919548322769e+00,REACHED_FORCE,REACHED_FORCE,,1,2,2,1,2,2,,,,1.663504620126985e-05,2.911153580052131e-07,1.623238164632865e-05,1.915516653644574e-07,,,1.623816003954741e-16,4.289605852526752e-17,,solution good enough for the tolerances given,solution good enough for the tolerances given,,1.623816003954741e-16,4.289605852526752e-17,,1.663504620126985e-05,1.637145280453112e-17,1.623238164632865e-05,5.637851296924623e-18,,,3.544446564891909e-09,4.199049326997217e-09,,1.379203089354338e-07,1.410289141527387e+00,1.273687170592565e-07,1.289926623832996e-12,2.856287204407661e-01,7.760416666666666e-01,5.921394118721254e-01,-1.783373448915881e-11,1.000000000017834e+00,1.000000000009583e+00,9.999999999999543e-01,9.999999999981133e-01,9.999999999864673e-01,9.999999999778395e-01,7.143231579845613e-19,3.063981928368581e-19,1.482429910241263e-19,1.488638833654131e-20,1.217523736873847e-07,6.978905823525334e-07,9.999170402299227e-01,4.080621238635749e-05,5.327119652707584e-07,6.203047600291213e-08,5.307526070127736e-09,6.228645225864700e-06,1.941838612890159e-05,1.508683341314206e-05,false
8,3.162000000000000e+13,0,6,CONTINUE,1.746784253582321e-06,2.643054880784482e-07,1.000000000000000e-09,1.746784253582321e-07,2.220446077342962e-14,1.323329808503401e-33,-1.000000000127161e+00,9.900000000000000e-01,,,5.122147397963280e-02,2.079280593287525e-03,1.227992580669267e-03,3.274637684569116e-02,2.094919548322769e+00,REACHED_FORCE,REACHED_FORCE,,1,2,2,1,2,2,,,,3.112815505554561e-05,1.752372478486470e-06,7.519368236811000e-05,1.967430837612782e-06,,,5.196304016907428e-17,1.516875948223699e-17,,solution good enough for the tolerances given,solution good enough for the tolerances given,,5.196304016907428e-17,1.516875948223699e-17,,3.112815505554561e-05,5.854691731421724e-18,7.519368236811000e-05,2.602085213965211e-18,,,4.246559662593463e-08,8.714811714914845e-08,,7.774928490188568e-08,1.410289141527359e+00,1.273687170592565e-07,1.289926623832996e-12,2.856287204407661e-01,7.760416666666666e-01,3.763066716449078e-03,-1.271609484376768e-10,1.000000000127161e+00,1.000000000001334e+00,9.999999999999858e-01,9.999999999992859e-01,9.999999999970322e-01,9.999999998741671e-01,8.754139465258470e-19,5.266667590621083e-19,2.267979067197159e-19,4.184368854487755e-20,2.812191666757860e-37,5.370679545405983e-29,9.997111660564011e-01,8.185912617581839e-29,2.845865387143150e-29,7.739945353461783e-38,4.243248786420559e-06,2.011381143407344e-05,1.763360430903007e-04,8.814084028822834e-05,false
8,1.000000000000000e+14,0,10,CONTINUE,1.746784253582321e-06,2.643065243789710e-07,1.000000000000000e-09,1.746784253582321e-07,2.220446077342962e-14,6.288464302472558e-33,-1.000000001248965e+00,9.900000000000000e-01,,,5.122123311477501e-02,2.269367615813325e-03,1.522518054585560e-03,3.274637684569116e-02,2.094919548322769e+00,REACHED_FORCE,REACHED_FORCE,,1,4,4,1,4,4,,,,1.295187644756031e-04,1.086799522831248e-05,2.433699357857039e-04,1.546671331488434e-05,,,1.687633035528554e-17,7.602569120365292e-18,,solution good enough for the tolerances given,solution good enough for the tolerances given,,1.687633035528554e-17,7.602569120365292e-18,,1.295187644756031e-04,2.818925648462312e-18,2.433699357857039e-04,1.951563910473908e-18,,,2.439795991824559e-08,5.891740047937321e-08,,4.212359892673030e-08,1.410289141527350e+00,1.273687170592565e-07,1.289926623832996e-12,2.856287204407661e-01,7.760416666666666e-01,9.877898815009942e-01,-1.248964931477303e-09,1.000000001248965e+00,1.000000000000010e+00,9.999999999999956e-01,9.999999999718607e-01,9.999999980974099e-01,9.999999964774255e-01,1.254874486219171e-16,4.333576566694535e-18,1.956538983464183e-18,6.288464302472558e-19,2.487900277580571e-36,1.817324294170802e-29,9.964868589816905e-01,9.494488251047717e-35,1.640780311063615e-37,3.389789841565897e-36,3.398297542855307e-15,2.257949452200489e-04,1.798775487473887e-03,1.488570585611902e-03,false
8,3.162000000000000e+14,1,5,CONTINUE,1.746784253582321e-06,5.111531006343259e-07,1.000000000000000e-09,1.746784253582321e-07,2.220446077342962e-14,3.340388172424192e-33,-1.000000000602904e+00,9.900000000000000e-01,,,3.702930940617447e-02,3.052257627919828e-03,1.538474816006759e-03,3.274637684569116e-02,2.094919548322769e+00,REFINE_STALLED,REFINE_STALLED,,1,1,1,1,2,2,,,,4.851350338732607e-04,3.267975754667468e-04,3.962937765524341e-04,1.318012821989492e-04,,,6.762154260809715e-18,5.877735871121382e-18,,solution good enough for the tolerances given,solution good enough for the tolerances given,,6.762154260809715e-18,5.877735871121382e-18,,4.851350338732607e-04,1.517883041479706e-18,3.962937765524341e-04,1.301042606982605e-18,,,3.267975754667468e-04,7.443902610321101e-05,,2.105302417489514e-08,1.410289141527348e+00,1.273687170592565e-07,1.289926623832996e-12,2.856287204407661e-01,7.760416666666666e-01,1.072886499662441e-04,-6.029035048982223e-10,1.000000000602904e+00,1.000000000121843e+00,9.999999999999989e-01,9.999999999999889e-01,9.999999995668694e-01,9.999999991619068e-01,1.553617682647622e-17,7.558170067659208e-18,3.562119820191480e-18,1.056230740120529e-18,1.090226491194383e-34,3.604460579483329e-36,9.839151323023599e-01,3.271790641659957e-30,2.327379264405173e-35,2.725795938403389e-35,3.693384830569525e-05,1.476090102811052e-03,6.296748855732550e-03,8.275094890791094e-03,false
8,1.000000000000000e+15,1,6,CONTINUE,1.746784253582321e-06,1.746787897602536e-06,1.000000000000000e-09,1.746784253582321e-07,2.220446077342962e-14,1.952858592516225e-40,3.035343343681271e-06,9.900000000000000e-01,,,1.212000477374449e-07,8.928672618328991e-03,8.604031094222746e-03,3.274637684569116e-02,2.094919548322769e+00,REFINE_STALLED,REFINE_STALLED,,1,2,2,1,2,2,,,,1.127727966987938e-02,1.367513874410422e-03,1.146467181241061e-02,2.231055666696357e-04,,,1.255218976219006e-16,1.068631524285733e-16,,solution good enough for the tolerances given,solution good enough for the tolerances given,,1.255218976219006e-16,1.068631524285733e-16,,1.127727966987938e-02,1.262988824646593e-17,1.146467181241061e-02,1.091490295426587e-17,,,1.367511410200681e-03,2.231051645072349e-04,,3.162278298005406e-05,1.410289141881884e+00,1.273687170592565e-07,1.289926623832996e-12,2.856287204407661e-01,7.760416666666666e-01,9.511259268907824e-11,3.294520212193675e-10,9.999999996705480e-01,9.999999996319850e-01,9.999999994861652e-01,9.999999994808637e-01,9.999999990980748e-01,9.999999990967305e-01,9.999999990953872e-01,3.260046973699453e-24,1.219961178759042e-24,1.952858592516225e-25,4.847045331738039e-05,3.523402234032207e-33,3.686475062742540e-05,1.873841306092049e-05,2.817658227754807e-01,4.212459328553160e-01,2.967533133701364e-01,2.928802589535767e-06,6.551603184915458e-05,6.241254762166451e-05,false
8,3.162000000000000e+15,1,6,CONTINUE,1.746784253582321e-06,1.746788052985861e-06,1.000000000000000e-09,1.746784253582321e-07,2.220446077342962e-14,2.331347068338107e-40,9.599525423362328e-07,9.900000000000000e-01,,,1.210522256102574e-07,2.734226534833639e-02,2.699290408813770e-02,3.274637684569116e-02,2.094919548322769e+00,REFINE_STALLED,REFINE_STALLED,,1,2,2,1,2,2,,,,3.601295247673124e-02,1.367517244196224e-03,3.620036101834930e-02,2.231061166142974e-04,,,1.183481854355878e-16,1.124484500262202e-16,,solution good enough for the tolerances given,solution good enough for the tolerances given,,1.183481854355878e-16,1.124484500262202e-16,,3.601295247673124e-02,1.196975344989554e-17,3.620036101834930e-02,1.142737773968942e-17,,,1.367516464873361e-03,2.231059894277398e-04,,3.162277861887883e-05,1.410289141881883e+00,1.273687170592565e-07,1.289926623832996e-12,2.856287204407661e-01,7.760416666666666e-01,1.555059682220852e-10,3.294491346395034e-10,9.999999996705509e-01,9.999999996451467e-01,9.999999994861799e-01,9.999999994808624e-01,9.999999990980761e-01,9.999999990967301e-01,9.999999990953883e-01,4.523880051726899e-24,1.908919711076875e-24,7.371719430085094e-25,4.429877234560162e-05,3.734386622905385e-33,3.900883187749627e-05,2.058276211853861e-05,2.776686756840494e-01,4.294798188514906e-01,2.926004130930894e-01,1.728201089140669e-06,6.596093230563850e-05,7.951287163374833e-05,false
8,1.000000000000000e+16,1,6,CONTINUE,1.746784253582321e-06,1.746788102130833e-06,1.000000000000000e-09,1.746784253582321e-07,2.220446077342962e-14,4.705830119063245e-41,3.035359709894362e-07,9.900000000000000e-01,,,1.210374302660308e-07,8.618477744548617e-02,8.529886847992713e-02,3.274637684569116e-02,2.094919548322769e+00,REFINE_STALLED,REFINE_STALLED,,1,2,2,1,2,2,,,,1.142473017332152e-01,1.367518309998798e-03,1.144347067569424e-01,2.231062905538362e-04,,,1.160829799936464e-16,1.142176565172118e-16,,solution good enough for the tolerances given,solution good enough for the tolerances given,,1.160829799936464e-16,1.142176565172118e-16,,1.142473017332152e-01,1.176096313711980e-17,1.144347067569424e-01,1.158946212635796e-17,,,1.367518063576620e-03,2.231062503373995e-04,,3.162277723952088e-05,1.410289141881883e+00,1.273687170592565e-07,1.289926623832996e-12,2.856287204407661e-01,7.760416666666666e-01,1.078495655405331e-10,3.294502448625281e-10,9.999999996705498e-01,9.999999996542241e-01,9.999999994861812e-01,9.999999994808610e-01,9.999999990980759e-01,9.999999990967310e-01,9.999999990953883e-01,4.098632967390679e-24,2.365126419918519e-24,4.705830119063244e-25,4.292169152413207e-05,4.803174329954487e-33,3.988243756083442e-05,2.141254952873227e-05,2.765117569163057e-01,4.321145250179528e-01,2.911164984780547e-01,8.832925975116731e-06,6.718336876554421e-05,7.698661433253487e-05,false
8,3.162000000000000e+16,1,6,CONTINUE,1.746784253582321e-06,1.746788117669166e-06,1.000000000000000e-09,1.746784253582321e-07,2.220446077342962e-14,1.660068222008003e-41,9.599499543590791e-08,9.900000000000000e-01,,,1.210359509475794e-07,2.724255544352150e-01,2.696936878681701e-01,3.274637684569116e-02,2.094919548322769e+00,REFINE_STALLED,REFINE_STALLED,,1,2,2,1,2,2,,,,3.616043517910540e-01,1.367518646978463e-03,3.617917477697465e-01,2.231063455492888e-04,,,1.153671880011784e-16,1.147772860432555e-16,,solution good enough for the tolerances given,solution good enough for the tolerances given,,1.153671880011784e-16,1.147772860432555e-16,,3.616043517910540e-01,1.169494750679317e-17,3.617917477697465e-01,1.164071423711175e-17,,,1.367518569046056e-03,2.231063328306134e-04,,3.162277680340330e-05,1.410289141881883e+00,1.273687170592565e-07,1.289926623832996e-12,2.856287204407661e-01,7.760416666666666e-01,1.489520532208438e-10,3.294500228179231e-10,9.999999996705500e-01,9.999999996401414e-01,9.999999994861872e-01,9.999999994808610e-01,9.999999990980761e-01,9.999999990967301e-01,9.999999990953885e-01,4.613148125078445e-24,1.906941205503141e-24,5.249135717989305e-25,4.248299258548810e-05,3.527247460655051e-33,4.021673744568350e-05,2.166125324382226e-05,2.760878878913026e-01,4.331671769913120e-01,2.904856665641158e-01,1.972475917240850e-06,8.333457986131403e-05,6.960051421578195e-05,false
8,1.000000000000000e+17,1,6,CONTINUE,1.746784253582321e-06,1.746788122583652e-06,1.000000000000000e-09,1.746784253582321e-07,2.220446077342962e-14,6.556128431315328e-42,3.035378122095050e-08,9.900000000000000e-01,,,1.210358029844801e-07,8.615320269157870e-01,8.529143000185835e-01,3.274637684569116e-02,2.094919548322769e+00,REFINE_STALLED,REFINE_STALLED,,1,2,2,1,2,2,,,,1.143948390058909e+00,1.367518753558829e-03,1.144135196164302e+00,2.231063629433412e-04,,,1.151408365709749e-16,1.149543106752307e-16,,solution good enough for the tolerances given,solution good enough for the tolerances given,,1.151408365709749e-16,1.149543106752307e-16,,1.143948390058909e+00,1.167407112249356e-17,1.144135196164302e+00,1.165691870531166e-17,,,1.367518728916599e-03,2.231063589216956e-04,,3.162277666546750e-05,1.410289141881883e+00,1.273687170592565e-07,1.289926623832996e-12,2.856287204407661e-01,7.760416666666666e-01,3.867332196340697e-10,3.294482464610837e-10,9.999999996705518e-01,9.999999996130460e-01,9.999999994861897e-01,9.999999994808606e-01,9.999999990980761e-01,9.999999990967299e-01,9.999999990953887e-01,7.552388924619554e-24,2.462590183450169e-24,6.556128431315328e-25,4.234323785437002e-05,4.035452177897857e-33,4.032332464282989e-05,2.174488294347300e-05,2.757700807883992e-01,4.332466552754883e-01,2.907233354680260e-01,7.446951704969792e-07,1.958268921330881e-05,1.351896382613435e-04,false
8,3.162000000000000e+17,1,6,CONTINUE,1.746784253582321e-06,1.746788124137424e-06,1.000000000000000e-09,1.746784253582321e-07,2.220446077342962e-14,1.283864059025783e-42,9.599525423362328e-09,9.900000000000000e-01,,,1.210357881916318e-07,2.724155788052819e+00,2.696913469088595e+00,3.274637684569116e-02,2.094919548322769e+00,REFINE_STALLED,REFINE_STALLED,,1,2,2,1,2,2,,,,3.617518860565231e+00,1.367518787256806e-03,3.617707127474078e+00,2.231063684428964e-04,,,1.150692763685593e-16,1.150102879380872e-16,,solution good enough for the tolerances given,solution good enough for the tolerances given,,1.150692763685593e-16,1.150102879380872e-16,,3.617518860565231e+00,1.166747022120539e-17,3.617707127474078e+00,1.166204887947071e-17,,,1.367518779463564e-03,2.231063671710286e-04,,3.162277662185575e-05,1.410289141881883e+00,1.273687170592565e-07,1.289926623832996e-12,2.856287204407661e-01,7.760416666666666e-01,1.586443896913103e-10,3.294491346395034e-10,9.999999996705509e-01,9.999999996076379e-01,9.999999994861888e-01,9.999999994808610e-01,9.999999990980764e-01,9.999999990967305e-01,9.999999990953887e-01,4.519548365701066e-24,1.639033646121406e-24,4.059578154639526e-25,4.229906943703697e-05,4.660272084284650e-33,4.035539430373912e-05,2.177349981040449e-05,2.757750067156543e-01,4.334472001787530e-01,2.905176544412575e-01,3.895843338385558e-07,3.570002199972576e-05,1.196210944511414e-04,false
8,1.000000000000000e+18,1,6,CONTINUE,1.746784253582321e-06,1.746788124628714e-06,1.000000000000000e-09,1.746784253582321e-07,2.220446077342962e-14,7.760470799379691e-43,3.035361755683408e-09,9.900000000000000e-01,,,1.210357867122240e-07,8.615288449335758e+00,8.529135324214742e+00,3.274637684569116e-02,2.094919548322769e+00,REFINE_STALLED,REFINE_STALLED,,1,2,2,1,2,2,,,,1.144095642761820e+01,1.367518797914844e-03,1.144114242031156e+01,2.231063701823027e-04,,,1.150466415324643e-16,1.150279916000251e-16,,solution good enough for the tolerances given,solution good enough for the tolerances given,,1.150466415324643e-16,1.150279916000251e-16,,1.144095642761820e+01,1.166538076297808e-17,1.144114242031156e+01,1.166366519038764e-17,,,1.367518795450621e-03,2.231063697801381e-04,,3.162277660806216e-05,1.410289141881883e+00,1.273687170592565e-07,1.289926623832996e-12,2.856287204407661e-01,7.760416666666666e-01,1.572070704513730e-10,3.294500228179231e-10,9.999999996705500e-01,9.999999996368909e-01,9.999999994861883e-01,9.999999994808613e-01,9.999999990980764e-01,9.999999990967308e-01,9.999999990953889e-01,5.134098155440425e-24,2.062672640521634e-24,7.760470799379691e-25,4.228431106697027e-05,3.436172432906763e-33,4.034846319451031e-05,2.180052550953795e-05,2.754995990191383e-01,4.335229970104482e-01,2.907171988116800e-01,8.525357774612801e-07,5.574272886524050e-05,9.917659432013050e-05,false
9,1.000000000000000e+00,0,11,CONTINUE,2.643061197354493e-07,3.999215999249850e-08,1.000000000000000e-09,2.643061197354493e-08,2.220446059126401e-14,1.003510836552937e+00,4.808736649667452e+01,9.900000000000000e-01,,,1.997055455083700e-02,7.720192117057621e-04,4.536724852715536e-04,3.340221964505829e-02,2.087871579357204e+00,REACHED_FORCE,REACHED_FORCE,,6,0,0,5,0,0,,,,6.356434214974203e-09,NaN,8.489117908465089e-09,NaN,,,4.291705480446127e-04,1.151216638216273e-04,,solution good enough for the tolerances given,solution good enough for the tolerances given,,2.644742687778434e-08,3.858400072909783e-08,,1.517883041479706e-18,6.356434214974203e-09,1.409462824231156e-18,8.489117908465089e-09,,,6.356434214974203e-09,8.489117908465089e-09,,3.628266634580911e-01,1.770554680571232e+00,4.464162694023880e-08,1.289920055383065e-14,2.815659528674208e-01,7.760416666666666e-01,1.315355715698166e-01,2.037184048298346e-02,9.796281595170165e-01,9.241471723635338e-01,8.432854520106674e-01,8.018281167539113e-01,7.417740682515882e-01,6.923241640485337e-01,6.337112254097486e-01,5.784908837422398e-01,5.248060938863027e-01,5.008761710914871e-01,4.665594624212972e-05,5.098100603385823e-05,1.412131426008063e-01,1.596944354374916e-01,2.389537852753257e-01,2.400868266581997e-01,1.092239677275469e-01,6.785480889652282e-02,4.032458775303106e-02,2.550808698799807e-03,false
9,3.162000000000000e+00,0,8,CONTINUE,2.643061197354493e-07,3.999215999977657e-08,1.000000000000000e-09,2.643061197354493e-08,2.220446059126401e-14,9.890522078185368e-01,4.374295968372305e+01,9.900000000000000e-01,,,1.997055438665969e-02,7.720192954526509e-04,4.536723892306903e-04,3.340221964505829e-02,2.087871579357204e+00,REACHED_FORCE,REACHED_FORCE,,4,0,0,4,0,0,,,,7.418283682974168e-09,NaN,1.972257020839332e-09,NaN,,,1.690386195471147e-04,4.529049624222731e-05,,solution good enough for the tolerances given,solution good enough for the tolerances given,,2.921142729465522e-08,7.791386768452967e-09,,4.475722093291723e-18,7.418283682974168e-09,6.410345344820545e-18,1.972257020839332e-09,,,7.418283682974168e-09,1.972257020839332e-09,,2.263120902679820e-01,1.533447886290231e+00,4.464162694023880e-08,1.289920055383065e-14,2.815659528674208e-01,7.760416666666666e-01,7.064131337612937e-02,7.177965674278530e-03,9.928220343257215e-01,9.450187910080469e-01,9.300445869497095e-01,9.049765684734977e-01,8.811703815287649e-01,8.513537877756837e-01,8.188268470961257e-01,7.964540211975448e-01,7.756129393490361e-01,7.577157292295472e-01,3.559611299403397e-05,1.026211447837733e-01,1.295555202837794e-01,1.957886671428036e-01,2.688940674657823e-01,1.371954191070924e-01,8.800180445801964e-02,2.482740984974723e-02,5.107496384063617e-02,2.005406955372293e-03,false
9,1.000000000000000e+01,0,6,CONTINUE,2.643061197354493e-07,3.999216000677481e-08,1.000000000000000e-09,2.643061197354493e-08,2.220446059126401e-14,2.542070251935143e-03,2.972042973592863e+01,9.900000000000000e-01,,,1.997055328907745e-02,7.720192512041642e-04,4.536724351269749e-04,3.340221964505829e-02,2.087871579357204e+00,REACHED_FORCE,REACHED_FORCE,,3,0,0,3,0,0,,,,5.715343168242841e-09,NaN,1.521291599637653e-09,NaN,,,5.827123709032135e-05,1.560412599299721e-05,,solution good enough for the tolerances given,solution good enough for the tolerances given,,2.397729946212135e-08,6.396843954778328e-09,,1.375581506340984e-17,5.715343168242841e-09,1.889222285555991e-17,1.521291599637653e-09,,,5.715343168242841e-09,1.521291599637653e-09,,1.340453252230060e-01,1.450373113478797e+00,4.464162694023880e-08,1.289920055383065e-14,2.815659528674208e-01,7.760416666666666e-01,9.564609072047532e-01,3.353405731759684e-03,9.966465942682403e-01,9.814772266439062e-01,9.739557600844156e-01,9.628887124513170e-01,9.516778618331088e-01,9.381137933338106e-01,9.283253705515671e-01,9.163485109084154e-01,9.082950372485238e-01,2.479051033092605e-02,4.962247530398731e-05,1.212044768608056e-01,1.584368480431946e-01,3.087191636992307e-01,1.927922389551316e-01,1.009998863629201e-01,5.261125460056758e-02,6.257755050594155e-02,2.608958496904102e-03,8.146691107423740e-29,false
9,3.162000000000000e+01,0,6,CONTINUE,2.643061197354493e-07,3.999216000276561e-08,1.000000000000000e-09,2.643061197354493e-08,2.220446059126401e-14,1.752858527265685e-13,2.383861976687386e+01,9.900000000000000e-01,,,1.997055403002293e-02,7.720193156916710e-04,4.536723653493263e-04,3.340221964505829e-02,2.087871579357204e+00,REACHED_FORCE,REACHED_FORCE,,3,0,0,3,0,0,,,,2.054041046951026e-10,NaN,5.467816390630764e-11,NaN,,,1.898664236872335e-05,5.083305691009335e-06,,solution good enough for the tolerances given,solution good enough for the tolerances given,,8.452784333785898e-10,2.255448553375732e-10,,3.447085282146101e-17,2.054041046951026e-10,4.298183987547222e-17,5.467816390630764e-11,,,2.054041046951026e-10,5.467816390630764e-11,,7.688200608672613e-02,1.423089501488841e+00,4.464162694023880e-08,1.289920055383065e-14,2.815659528674208e-01,7.760416666666666e-01,9.905651264697741e-01,1.324894362114581e-03,9.986751056378854e-01,9.940234638969518e-01,9.913776344789306e-01,9.876781013899909e-01,9.836948680801088e-01,9.788693127632104e-01,9.754728076221488e-01,9.718881393119064e-01,9.690060731264059e-01,5.542538663183376e-12,6.709250410377500e-05,1.240576722810829e-01,1.643143489727816e-01,3.170621000662520e-01,1.828763766576945e-01,1.061476369551166e-01,3.871140679643383e-02,6.419230581693199e-02,2.571059949604184e-03,5.089434393914101e-28,false
9,1.000000000000000e+02,0,4,CONTINUE,2.643061197354493e-07,3.999215999153051e-08,1.000000000000000e-09,2.643061197354493e-08,2.220446059126401e-14,7.540593024863183e-24,2.195535689029745e+01,9.900000000000000e-01,,,1.997055481062702e-02,7.720186513885623e-04,4.536730310595184e-04,3.340221964505829e-02,2.087871579357204e+00,REACHED_FORCE,REACHED_FORCE,,2,0,0,2,0,0,,,,2.526687635701942e-09,NaN,6.668040408025488e-10,NaN,,,6.062287376305780e-06,1.622974801991154e-06,,solution good enough for the tolerances given,solution good enough for the tolerances given,,1.215109450353941e-08,3.237524400139404e-09,,9.838795902127051e-17,2.526687635701942e-09,1.647309675820163e-16,6.668040408025488e-10,,,2.526687635701942e-09,6.668040408025488e-10,,4.351972003343420e-02,1.414349314929055e+00,4.464162694023880e-08,1.289920055383065e-14,2.815659528674208e-01,7.760416666666666e-01,9.970633911551492e-01,4.552623501609121e-04,9.995447376498391e-01,9.980974516519590e-01,9.972311728591667e-01,9.960418632724450e-01,9.947360637682163e-01,9.931554782381052e-01,9.920176245780978e-01,9.909296605777120e-01,9.899816556312171e-01,7.540593024863183e-22,7.683029550159740e-05,1.250480819499814e-01,1.664551898148366e-01,3.185783529113372e-01,1.798940930283925e-01,1.081301030729181e-01,3.486846904829837e-02,6.439528597081233e-02,2.553593907922062e-03,4.792299256825503e-27,false
9,3.162000000000000e+02,0,4,CONTINUE,2.643061197354493e-07,3.999216000148125e-08,1.000000000000000e-09,2.643061197354493e-08,2.220446059126401e-14,1.197437011136604e-32,2.136876910687272e+01,9.900000000000000e-01,,,1.997055413443245e-02,7.720192497385545e-04,4.536724312725223e-04,3.340221964505829e-02,2.087871579357204e+00,REACHED_FORCE,REACHED_FORCE,,2,0,0,2,0,0,,,,2.556073755975198e-10,NaN,6.744849779605558e-11,NaN,,,1.923200568073258e-06,5.148547886326513e-07,,solution good enough for the tolerances given,solution good enough for the tolerances given,,1.225444132520206e-09,3.264793750226932e-10,,2.817841446289826e-16,2.556073755975198e-10,4.053154296565498e-16,6.744849779605558e-11,,,2.556073755975198e-10,6.744849779605558e-11,,2.452644981219702e-02,1.411574474965683e+00,4.464162694023880e-08,1.289920055383065e-14,2.815659528674208e-01,7.760416666666666e-01,1.521210268746361e-01,1.479770474051012e-04,9.998520229525949e-01,9.993969993215371e-01,9.991199697413219e-01,9.987419086592803e-01,9.983242595695961e-01,9.978190061631524e-01,9.974514455386811e-01,9.971127475058270e-01,9.968091775480794e-01,3.786295829213941e-30,8.057291542168767e-05,1.253699945111627e-01,1.671616730933474e-01,3.189365285372425e-01,1.789613395838960e-01,1.087182435677548e-01,3.381816753240860e-02,6.440611399868525e-02,2.547366260080916e-03,4.466932946913020e-26,false
9,1.000000000000000e+03,0,4,CONTINUE,2.643061197354493e-07,3.999216000251945e-08,1.000000000000000e-09,2.643061197354493e-08,2.220446059126401e-14,5.516854706182109e-33,2.118446004250443e+01,9.900000000000000e-01,,,1.997055406579967e-02,7.720193099299442e-04,4.536723709344501e-04,3.340221964505829e-02,2.087871579357204e+00,REACHED_FORCE,REACHED_FORCE,,2,0,0,2,0,0,,,,2.564881716304174e-11,NaN,6.768048849224023e-12,NaN,,,6.087160977329969e-07,1.629563927386032e-07,,solution good enough for the tolerances given,solution good enough for the tolerances given,,1.228459671032972e-10,3.272787069885577e-11,,9.963953490413346e-16,2.564881716304174e-11,1.086275709140383e-15,6.768048849224023e-12,,,2.564881716304174e-11,6.768048849224023e-12,,1.380103125339166e-02,1.410695692445954e+00,4.464162694023880e-08,1.289920055383065e-14,2.815659528674208e-01,7.760416666666666e-01,2.708311822327934e-04,4.720218480003258e-05,9.999527978152000e-01,9.998091991720567e-01,9.997212928517853e-01,9.996015569083235e-01,9.994690265008352e-01,9.993087306668965e-01,9.991916946388005e-01,9.990851608286890e-01,9.989887936006030e-01,5.516854706182109e-30,8.183453492329972e-05,1.254726951666993e-01,1.673881333381552e-01,3.190375146396055e-01,1.786672239573327e-01,1.088984338044890e-01,3.350569632743362e-02,6.440314602459909e-02,2.545322206762070e-03,4.874746929257532e-25,false
9,3.162000000000000e+03,0,4,CONTINUE,2.643061197354493e-07,3.999216000264465e-08,1.000000000000000e-09,2.643061197354493e-08,2.220446059126401e-14,6.559064862065581e-33,2.112631790949061e+01,9.900000000000000e-01,,,1.997055405889920e-02,7.720193159579614e-04,4.536723648916526e-04,3.340221964505829e-02,2.087871579357204e+00,REACHED_FORCE,REACHED_FORCE,,2,0,0,2,0,0,,,,2.568270032407560e-12,NaN,6.776995956601917e-13,NaN,,,1.925699385814521e-07,5.155183206461228e-08,,solution good enough for the tolerances given,solution good enough for the tolerances given,,1.229700126990735e-11,3.276083443889515e-12,,2.916673250575458e-15,2.568270032407560e-12,4.640615691199612e-15,6.776995956601917e-13,,,2.568270032407560e-12,6.776995956601917e-13,,7.762906620208906e-03,1.410417728364405e+00,4.464162694023880e-08,1.289920055383065e-14,2.815659528674208e-01,7.760416666666666e-01,8.570980958933463e-05,1.496951819213166e-05,9.999850304818079e-01,9.999396449472324e-01,9.999118130332553e-01,9.998739265935815e-01,9.998319661021773e-01,9.997812183186631e-01,9.997441223546679e-01,9.997104874587920e-01,9.996799728739427e-01,2.073976309385137e-29,8.224163649211491e-05,1.255052556069756e-01,1.674600375389580e-01,3.190682097082073e-01,1.785743183143242e-01,1.089547717118859e-01,3.340896682857315e-02,6.440153026890452e-02,2.544668385679601e-03,4.428909600414079e-24,false
9,1.000000000000000e+04,0,3,CONTINUE,2.643061197354493e-07,3.999216060566819e-08,1.000000000000000e-09,2.643061197354493e-08,2.220446059126401e-14,1.130884233957291e-32,1.144767933436261e+01,9.900000000000000e-01,,,1.997053404425460e-02,7.720119020267033e-04,4.536797188358184e-04,3.340221964505829e-02,2.087871579357204e+00,REACHED_FORCE,REACHED_FORCE,,2,0,0,1,0,0,,,,2.568749791868885e-13,NaN,1.629074657778177e-09,NaN,,,6.089662863769114e-08,1.630228784197187e-08,,solution good enough for the tolerances given,solution good enough for the tolerances given,,1.229808553964529e-12,1.630228784197187e-08,,9.349597105638013e-15,2.568749791868885e-13,1.100822314163349e-14,1.629074657778177e-09,,,2.568749791868885e-13,1.629074657778177e-09,,4.365509799341529e-03,1.410329801971594e+00,4.464162694023880e-08,1.289920055383065e-14,2.815659528674208e-01,7.760416666666666e-01,9.534406071302005e-03,8.735318621999610e-06,9.999912646813780e-01,9.999803917177988e-01,9.999695527924836e-01,9.999573513179590e-01,9.999421396365489e-01,9.999264856041904e-01,9.999091472829323e-01,9.998996659938459e-01,9.998454637997375e-01,1.130884233957291e-28,4.882274714073051e-04,1.473046052421080e-01,2.081692705621538e-01,3.207238170056456e-01,1.502713101843922e-01,9.737617760615720e-02,7.184552643623408e-02,3.821065384444133e-03,1.074578616939642e-10,5.578313133058966e-23,false
9,3.162000000000000e+04,0,2,CONTINUE,2.643061197354493e-07,3.999216019388283e-08,1.000000000000000e-09,2.643061197354493e-08,2.220446059126401e-14,8.183641313328885e-33,9.468698179206953e+00,9.900000000000000e-01,,,1.997054772794536e-02,7.720169715154794e-04,4.536746903569234e-04,3.340221964505829e-02,2.087871579357204e+00,REACHED_FORCE,REACHED_FORCE,,1,0,0,1,0,0,,,,1.941510204017151e-09,NaN,5.152467248974342e-10,NaN,,,1.925949729605394e-08,5.156125862905313e-09,,solution good enough for the tolerances given,solution good enough for the tolerances given,,1.925949729605394e-08,5.156125862905313e-09,,3.270706256286622e-14,1.941510204017151e-09,4.849109801847648e-14,5.152467248974342e-10,,,1.941510204017151e-09,5.152467248974342e-10,,2.455067393101668e-03,1.410302000746511e+00,4.464162694023880e-08,1.289920055383065e-14,2.815659528674208e-01,7.760416666666666e-01,9.999884641300040e-01,3.339999566920326e-06,9.999966600004331e-01,9.999937144308563e-01,9.999900548084353e-01,9.999861882046864e-01,9.999812545450117e-01,9.999765214972097e-01,9.999712152810090e-01,9.999681739627736e-01,5.061288632685525e-06,2.587667383274593e-28,1.168442006181493e-03,1.559104129047577e-01,2.256291627898461e-01,3.115820610409655e-01,1.411926795330449e-01,9.022074543431266e-02,7.092193808965092e-02,3.374558201239839e-03,1.026316151965966e-55,4.899265661568508e-22,true
9,1.000000000000000e+05,0,2,CONTINUE,2.643061197354493e-07,3.999216006452216e-08,1.000000000000000e-09,2.643061197354493e-08,2.220446059126401e-14,1.781820046831382e-32,9.467782978862409e+00,9.900000000000000e-01,,,1.997055205620541e-02,7.720185752032574e-04,4.536730996449761e-04,3.340221964505829e-02,2.087871579357204e+00,REACHED_FORCE,REACHED_FORCE,,1,0,0,1,0,0,,,,6.139114160064706e-10,NaN,1.629166872479763e-10,NaN,,,6.089913199157312e-09,1.630323048800190e-09,,solution good enough for the tolerances given,solution good enough for the tolerances given,,6.089913199157312e-09,1.630323048800190e-09,,8.206802614872319e-14,6.139114160064706e-10,1.224338759173681e-13,1.629166872479763e-10,,,6.139114160064706e-10,1.629166872479763e-10,,1.380534674396790e-03,1.410293207625312e+00,4.464162694023880e-08,1.289920055383065e-14,2.815659528674208e-01,7.760416666666666e-01,9.999971525012539e-01,1.056212363570452e-06,9.999989437876364e-01,9.999980124783941e-01,9.999968552563400e-01,9.999956326167837e-01,9.999940725450643e-01,9.999925759474519e-01,9.999908980875459e-01,9.999899363798380e-01,1.290370478576013e-16,1.781820046831382e-27,1.169009403392238e-03,1.559132555318262e-01,2.256368210087676e-01,3.115757572899653e-01,1.411891333946448e-01,9.021855515662432e-02,7.092295212222344e-02,3.374516092556397e-03,2.538011251195172e-43,5.321955813779961e-21,false
9,3.162000000000000e+05,0,2,CONTINUE,2.643061197354493e-07,3.999216003690031e-08,1.000000000000000e-09,2.643061197354493e-08,2.220446059126401e-14,1.185248577382517e-32,9.467494283143129e+00,9.900000000000000e-01,,,1.997055341951368e-02,7.720190831332626e-04,4.536725958303580e-04,3.340221964505829e-02,2.087871579357204e+00,REACHED_FORCE,REACHED_FORCE,,1,0,0,1,0,0,,,,1.941534718912473e-10,NaN,5.152287152693572e-11,NaN,,,1.925974770346502e-09,5.155942937058661e-10,,solution good enough for the tolerances given,solution good enough for the tolerances given,,1.925974770346502e-09,5.155942937058661e-10,,4.101630669763219e-13,1.941534718912473e-10,4.528220246685644e-13,5.152287152693572e-11,,,1.941534718912473e-10,5.152287152693572e-11,,7.763674606074554e-04,1.410290427454618e+00,4.464162694023880e-08,1.289920055383065e-14,2.815659528674208e-01,7.760416666666666e-01,8.927449609749624e-01,3.340434325815878e-07,9.999996659565674e-01,9.999993714328297e-01,9.999990054500077e-01,9.999986187815357e-01,9.999981253953670e-01,9.999976520872983e-01,9.999971214513820e-01,9.999968173017078e-01,2.990754663319493e-26,3.747756001683520e-27,1.169188501734281e-03,1.559141538443123e-01,2.256392427497723e-01,3.115737646561111e-01,1.411880125030935e-01,9.021786223704908e-02,7.092327269072048e-02,3.374502817207041e-03,3.582185735284628e-22,4.827949857707156e-20,false
9,1.000000000000000e+06,0,2,CONTINUE,2.643061197354493e-07,3.999216002110552e-08,1.000000000000000e-09,2.643061197354493e-08,2.220446059126401e-14,4.200725119256689e-33,9.467402937699125e+00,9.900000000000000e-01,,,1.997055385538390e-02,7.720192425109564e-04,4.536724377347809e-04,3.340221964505829e-02,2.087871579357204e+00,REACHED_FORCE,REACHED_FORCE,,1,0,0,1,0,0,,,,6.139138719954418e-11,NaN,1.629148882855216e-11,NaN,,,6.089938234081217e-10,1.630304757069572e-10,,solution good enough for the tolerances given,solution good enough for the tolerances given,,6.089938234081217e-10,1.630304757069572e-10,,6.216337327161724e-13,6.139138719954418e-11,8.194479166404034e-13,1.629148882855216e-11,,,6.139138719954418e-11,1.629148882855216e-11,,4.365646377078121e-04,1.410289548137678e+00,4.464162694023880e-08,1.289920055383065e-14,2.815659528674208e-01,7.760416666666666e-01,1.300200865690475e-05,1.056255766185288e-07,9.999998943744234e-01,9.999998012468142e-01,9.999996855225520e-01,9.999995632577863e-01,9.999994072485935e-01,9.999992575885029e-01,9.999990898010824e-01,9.999989936285286e-01,2.380614477812045e-26,4.200725119256689e-27,1.169245347617223e-03,1.559144380254130e-01,2.256400088553306e-01,3.115731334901157e-01,1.411876582731996e-01,9.021764359140130e-02,7.092337379086082e-02,3.374498626061664e-03,1.624530871891347e-19,2.586422972252077e-19,false
9,3.162000000000000e+06,0,2,CONTINUE,2.643061197354493e-07,3.999216001227315e-08,1.000000000000000e-09,2.643061197354493e-08,2.220446059126401e-14,6.822619936708912e-33,9.467478838252454e+00,9.900000000000000e-01,,,1.997055399508229e-02,7.720192918688261e-04,4.536723887757027e-04,3.340221964505829e-02,2.087871579357204e+00,REACHED_FORCE,REACHED_FORCE,,1,0,0,1,0,0,,,,1.941537159993664e-11,NaN,5.152268965202128e-12,NaN,,,1.925977267981264e-10,5.155924632359687e-11,,solution good enough for the tolerances given,solution good enough for the tolerances given,,1.925977267981264e-10,5.155924632359687e-11,,2.565710685087982e-12,1.941537159993664e-11,2.713281463113774e-12,5.152268965202128e-12,,,1.941537159993664e-11,5.152268965202128e-12,,2.455091684794822e-04,1.410289270120127e+00,4.464162694023880e-08,1.289920055383065e-14,2.815659528674208e-01,7.760416666666666e-01,8.568981312500153e-08,3.340440779542320e-08,9.999999665955922e-01,9.999999371432188e-01,9.999999005447702e-01,9.999998618777953e-01,9.999998125389923e-01,9.999997652081161e-01,9.999997121443739e-01,9.999996817292278e-01,5.673122924271021e-26,2.157312423987358e-26,1.169213180525422e-03,1.559142093698312e-01,2.256402478734996e-01,3.115731172419667e-01,1.411876726820191e-01,9.021763150724299e-02,7.092340950476569e-02,3.374498640149355e-03,1.335961312707661e-18,4.220858718613691e-18,false
9,1.000000000000000e+07,0,2,CONTINUE,2.643061197354493e-07,3.999216012898950e-08,1.000000000000000e-09,2.643061197354493e-08,2.220446059126401e-14,8.210996618640572e-33,9.277496226978617e+00,9.900000000000000e-01,,,1.997055400399179e-02,7.720193133156407e-04,4.536723675061101e-04,3.340221964505829e-02,2.087871579357204e+00,REACHED_FORCE,REACHED_FORCE,,1,0,0,1,0,0,,,,9.266993219341803e-12,NaN,9.755910875431251e-12,NaN,,,6.089940756199296e-11,1.630302950131413e-11,,solution good enough for the tolerances given,solution good enough for the tolerances given,,6.089940756199296e-11,1.630302950131413e-11,,9.266993219341803e-12,6.139140899200785e-12,9.755910875431251e-12,1.629147121026686e-12,,,9.266993219341803e-12,9.755910875431251e-12,,1.380538994596104e-04,1.410289182188385e+00,4.464162694023880e-08,1.289920055383065e-14,2.815659528674208e-01,7.760416666666666e-01,2.680253002767465e-05,1.077877009869610e-08,9.999999892212299e-01,9.999999800898524e-01,9.999999684390086e-01,9.999999562124482e-01,9.999999405807436e-01,9.999999256912222e-01,9.999999089687660e-01,9.999998993449016e-01,2.745854835268398e-25,8.210996618640573e-26,1.300778309088443e-03,1.568926821269039e-01,2.276023944975964e-01,3.102696163017173e-01,1.402522102328686e-01,8.949375177982605e-02,7.084066565822128e-02,3.347901093778207e-03,1.288016194809454e-17,3.268288846327202e-17,false
9,3.162000000000000e+07,0,2,CONTINUE,2.643061197354493e-07,3.999216002490932e-08,1.000000000000000e-09,2.643061197354493e-08,2.220446059126401e-14,4.361576083653768e-33,5.722513776071475e+00,9.900000000000000e-01,,,1.997055404416894e-02,7.720192878182168e-04,4.536723927140999e-04,3.340221964505829e-02,2.087871579357204e+00,REACHED_FORCE,REACHED_FORCE,,1,0,0,1,0,0,,,,2.708449863854639e-11,NaN,2.545042492995298e-11,NaN,,,1.925977473963320e-11,5.155922450221461e-12,,solution good enough for the tolerances given,solution good enough for the tolerances given,,1.925977473963320e-11,5.155922450221461e-12,,2.708449863854639e-11,1.941537425623197e-12,2.545042492995298e-11,5.152266959428109e-13,,,2.708449863854639e-11,2.545042492995298e-11,,7.763682296106556e-05,1.410289154386625e+00,4.464162694023880e-08,1.289920055383065e-14,2.815659528674208e-01,7.760416666666666e-01,4.345023595447172e-01,5.526514135212324e-09,9.999999944734859e-01,9.999999925149878e-01,9.999999880563772e-01,9.999999834124284e-01,9.999999774741125e-01,9.999999714544907e-01,9.999999685676528e-01,8.112076873746428e-01,3.451427302901477e-25,1.379130357651321e-25,6.043622454802890e-02,1.724244833974418e-01,3.458151696194756e-01,2.191245055424546e-01,1.217194077872312e-01,7.470527196700813e-02,5.774937138360221e-03,3.611113496142069e-49,1.372603814007909e-16,3.386488292538529e-16,false
9,1.000000000000000e+08,0,2,CONTINUE,2.643061197354493e-07,3.999216153209781e-08,1.000000000000000e-09,2.643061197354493e-08,2.220446059126401e-14,8.472510040223355e-33,5.722322752321427e+00,9.900000000000000e-01,,,1.997055363300759e-02,7.720193856505519e-04,4.536722957785697e-04,3.340221964505829e-02,2.087871579357204e+00,REACHED_FORCE,REACHED_FORCE,,1,0,0,1,0,0,,,,5.940384824125976e-11,NaN,7.866220714624998e-11,NaN,,,6.089941231634080e-12,1.630303198292200e-12,,solution good enough for the tolerances given,solution good enough for the tolerances given,,6.089941231634080e-12,1.630303198292200e-12,,5.940384824125976e-11,6.139144639698280e-13,7.866220714624998e-11,1.629149831532117e-13,,,5.940384824125976e-11,7.866220714624998e-11,,4.365647757955161e-05,1.410289145593450e+00,4.464162694023880e-08,1.289920055383065e-14,2.815659528674208e-01,7.760416666666666e-01,9.999999980702371e-01,1.747542111019129e-09,9.999999982524579e-01,9.999999976331988e-01,9.999999962234896e-01,9.999999947551306e-01,9.999999928773369e-01,9.999999909738428e-01,9.999999900609133e-01,9.948477575697922e-12,3.013561347231684e-24,8.472510040223355e-25,6.044959552191490e-02,1.724104069782090e-01,3.457902487002945e-01,2.191434866988263e-01,1.217286205065794e-01,7.470616696115512e-02,5.771474633016480e-03,9.951728981577781e-50,8.768806608773369e-16,4.928884037608310e-15,false
9,3.162000000000000e+08,0,2,CONTINUE,2.643061197354493e-07,3.999215949955603e-08,1.000000000000000e-09,2.643061197354493e-08,2.220446059126401e-14,8.775504083577386e-33,5.756237550387283e+00,9.900000000000000e-01,,,1.997055430876681e-02,7.720191073579854e-04,4.536725703403817e-04,3.340221964505829e-02,2.087871579357204e+00,REACHED_FORCE,REACHED_FORCE,,1,0,0,1,0,0,,,,2.369190863289641e-10,NaN,2.980796144988343e-10,NaN,,,1.925977134812511e-12,5.155920126428872e-13,,solution good enough for the tolerances given,solution good enough for the tolerances given,,1.925977134812511e-12,5.155920126428872e-13,,2.369190863289641e-10,1.941537208782762e-13,2.980796144988343e-10,5.152258827911815e-14,,,2.369190863289641e-10,2.980796144988343e-10,,2.455091996126411e-05,1.410289142813274e+00,4.464162694023880e-08,1.289920055383065e-14,2.815659528674208e-01,7.760416666666666e-01,9.986652243477003e-01,5.494136257055970e-10,9.999999994505864e-01,9.999999992553996e-01,9.999999988078232e-01,9.999999983434376e-01,9.999999977483114e-01,9.999999971458700e-01,9.999999968572610e-01,2.478564339664680e-21,9.183654888290733e-24,2.774814391227169e-24,5.761190317200524e-02,1.736913323109223e-01,3.458366277953067e-01,2.202936544593708e-01,1.219859968769300e-01,7.477456337023712e-02,5.805922015168728e-03,8.334909010739359e-26,3.728200214866717e-15,5.598800886072128e-14,false
9,1.000000000000000e+09,0,2,CONTINUE,2.643061197354493e-07,3.999216246044767e-08,1.000000000000000e-09,2.643061197354493e-08,2.220446059126401e-14,4.146376012459463e-33,5.730980877112294e+00,9.900000000000000e-01,,,1.997055360744264e-02,7.720190024387834e-04,4.536726744631007e-04,3.340221964505829e-02,2.087871579357204e+00,REACHED_FORCE,REACHED_FORCE,,1,0,0,1,0,0,,,,7.979352706429953e-10,NaN,6.009490905999081e-10,NaN,,,6.089940055351122e-13,1.630300544656107e-13,,solution good enough for the tolerances given,solution good enough for the tolerances given,,6.089940055351122e-13,1.630300544656107e-13,,7.979352706429953e-10,6.139132171373296e-14,6.009490905999081e-10,1.629143868420169e-14,,,7.979352706429953e-10,6.009490905999081e-10,,1.380539138195389e-05,1.410289141933956e+00,4.464162694023880e-08,1.289920055383065e-14,2.815659528674208e-01,7.760416666666666e-01,1.177555960543274e-04,1.744902000666571e-10,9.999999998255098e-01,9.999999997636462e-01,9.999999996225124e-01,9.999999994756639e-01,9.999999992878066e-01,9.999999990973989e-01,9.999999990061412e-01,3.616191051977887e-23,1.558268244619171e-23,4.146376012459463e-24,5.963937832082972e-02,1.728841556903635e-01,3.457449937037654e-01,2.194360847440256e-01,1.218153129528429e-01,7.469501351728146e-02,5.785061070358422e-03,9.208283945525613e-15,1.916549146665555e-13,3.333005848715588e-13,false
9,3.162000000000000e+09,0,2,CONTINUE,2.643061197354493e-07,3.999217676854231e-08,1.000000000000000e-09,2.643061197354493e-08,2.220446059126401e-14,5.785530362672622e-34,6.237822753498580e+00,9.900000000000000e-01,,,1.997055117664980e-02,7.720188450195701e-04,4.536728280013333e-04,3.340221964505829e-02,2.087871579357204e+00,REACHED_FORCE,REACHED_FORCE,,1,0,0,1,0,0,,,,1.741491534177275e-09,NaN,2.722291617274903e-09,NaN,,,1.925977898890986e-13,5.155904185493239e-14,,solution good enough for the tolerances given,solution good enough for the tolerances given,,1.925977898890986e-13,5.155904185493239e-14,,1.741491534177275e-09,1.941540461389279e-14,2.722291617274903e-09,5.152345564085614e-15,,,1.741491534177275e-09,2.722291617274903e-09,,7.763680340246815e-06,1.410289141655939e+00,4.464162694023880e-08,1.289920055383065e-14,2.815659528674208e-01,7.760416666666666e-01,3.913262280424532e-09,5.069966668713732e-11,9.999999999493003e-01,9.999999999295259e-01,9.999999998828928e-01,9.999999998362121e-01,9.999999997756701e-01,9.999999997148821e-01,9.999999996862132e-01,7.420771152995992e-23,2.370050408510260e-23,1.829384700677083e-24,2.822223742703108e-02,1.879191137221892e-01,3.466954239190604e-01,2.313038653700914e-01,1.246337309716265e-01,7.502853245768096e-02,6.197096126639354e-03,1.742489922225555e-14,3.261285055182958e-12,2.402923450752717e-12,false
9,1.000000000000000e+10,0,2,CONTINUE,2.643061197354493e-07,3.999215685576177e-08,1.000000000000000e-09,2.643061197354493e-08,2.220446059126401e-14,2.890147030523367e-33,5.722053753578876e+00,9.900000000000000e-01,,,1.997055964256934e-02,7.720149705348151e-04,4.536766561633404e-04,3.340221964505829e-02,2.087871579357204e+00,REACHED_FORCE,REACHED_FORCE,,1,0,0,1,0,0,,,,4.992077240950285e-09,NaN,8.535214038416384e-09,NaN,,,6.089911699411358e-14,1.630288593920498e-14,,solution good enough for the tolerances given,solution good enough for the tolerances given,,6.089911699411358e-14,1.630288593920498e-14,,4.992077240950285e-09,6.138861120830175e-15,8.535214038416384e-09,1.629013764159470e-15,,,4.992077240950285e-09,8.535214038416384e-09,,4.365650300751738e-06,1.410289141568007e+00,4.464162694023880e-08,1.289920055383065e-14,2.815659528674208e-01,7.760416666666666e-01,4.649732571746094e-08,1.747624267522951e-11,9.999999999825238e-01,9.999999999763298e-01,9.999999999622322e-01,9.999999999475471e-01,9.999999999287721e-01,9.999999999097391e-01,9.999999999006104e-01,2.875238053799534e-22,1.473132237890108e-22,2.890147030523367e-23,6.046672227279811e-02,1.723571479636423e-01,3.458783406499458e-01,2.191038836656193e-01,1.217200639715765e-01,7.470128711284092e-02,5.772554318545996e-03,1.119028941512564e-12,2.371309176235205e-11,2.019909958079985e-11,false
9,3.162000000000000e+10,0,3,CONTINUE,2.643061197354493e-07,3.999208238366823e-08,1.000000000000000e-09,2.643061197354493e-08,2.220446059126401e-14,3.276138458301479e-33,5.238665246405389e+00,9.900000000000000e-01,,,1.997060360916969e-02,7.720072188412686e-04,4.536842538230120e-04,3.340221964505829e-02,2.087871579357204e+00,REACHED_FORCE,REACHED_FORCE,,1,0,0,1,1,1,,,,1.960447648364599e-08,NaN,2.675607905600150e-08,1.253474320866976e-12,,,1.925901774691463e-14,5.155449064997812e-15,,solution good enough for the tolerances given,solution good enough for the tolerances given,,1.925901774691463e-14,5.155449064997812e-15,,1.960447648364599e-08,1.941806090921538e-15,2.675607905600150e-08,5.154297127996088e-16,,,1.960447648364599e-08,1.253474320866976e-12,,2.455093835875495e-06,1.410289141540205e+00,4.464162694023880e-08,1.289920055383065e-14,2.815659528674208e-01,7.760416666666666e-01,1.364120563778545e-03,6.036948718701751e-12,9.999999999939631e-01,9.999999999904754e-01,9.999999999858706e-01,9.999999999792033e-01,9.999999999726219e-01,9.999999999696838e-01,9.999981391592233e-01,6.745631460846440e-22,3.408332250621693e-22,1.035914980514928e-22,1.317989270527555e-01,2.423390723804250e-01,3.607415942545342e-01,1.644182998649125e-01,7.612373650413108e-02,2.457836956794833e-02,5.856571043578393e-42,1.363867195591651e-11,1.993319198041871e-10,1.623229384419396e-10,false
9,1.000000000000000e+11,0,4,CONTINUE,2.643061197354493e-07,3.999216041274344e-08,1.000000000000000e-09,2.643061197354493e-08,2.220446059126401e-14,4.229404204474033e-33,-1.000000000017772e+00,9.900000000000000e-01,,,1.997055386387483e-02,7.720193669821143e-04,4.536723620678219e-04,3.340221964505829e-02,2.087871579357204e+00,REACHED_FORCE,REACHED_FORCE,,1,1,1,1,1,1,,,,7.813666390495968e-08,1.877873994610255e-11,7.360080316156568e-08,2.208983552852298e-11,,,6.089684644822163e-15,1.629846970610839e-15,,solution good enough for the tolerances given,solution good enough for the tolerances given,,6.089684644822163e-15,1.629846970610839e-15,,7.813666390495968e-08,6.138210599526683e-16,7.360080316156568e-08,1.628471663073228e-16,,,1.877873994610255e-11,2.208983552852298e-11,,1.380549902216853e-06,1.410289141531412e+00,4.464162694023880e-08,1.289920055383065e-14,2.815659528674208e-01,7.760416666666666e-01,2.233397054176335e-01,-1.777156199977981e-11,1.000000000017772e+00,9.999999999976319e-01,9.999999999953131e-01,9.999999999923483e-01,9.999999999907754e-01,9.999999999694003e-01,9.501193759633952e-01,3.722115705657737e-21,1.214371765367167e-21,4.229404204474033e-22,1.572385566026795e-07,3.249398778288962e-01,4.923345474068009e-01,1.206672112096888e-01,6.205811797239769e-02,8.401048012098286e-08,5.952007614111803e-41,1.442273082211656e-11,7.626870720029584e-10,3.556070246702926e-09,false
9,3.162000000000000e+11,0,4,CONTINUE,2.643061197354493e-07,3.999216181718693e-08,1.000000000000000e-09,2.643061197354493e-08,2.220446059126401e-14,2.512758018146057e-33,-1.000000000177735e+00,9.900000000000000e-01,,,1.997055328047012e-02,7.720195562594593e-04,4.536724723147607e-04,3.340221964505829e-02,2.087871579357204e+00,REACHED_FORCE,REACHED_FORCE,,1,1,1,1,1,1,,,,2.168112880301972e-07,7.347638884586290e-11,2.349937195804429e-07,7.350585836893037e-11,,,1.926149767235157e-15,5.156159936024755e-16,,solution good enough for the tolerances given,solution good enough for the tolerances given,,1.926149767235157e-15,5.156159936024755e-16,,2.168112880301972e-07,1.940721888749053e-16,2.349937195804429e-07,5.155381330168574e-17,,,7.347638884586290e-11,7.350585836893037e-11,,7.763652673696523e-07,1.410289141528632e+00,4.464162694023880e-08,1.289920055383065e-14,2.815659528674208e-01,7.760416666666666e-01,1.094589926372973e-01,-1.777351599230315e-10,1.000000000177735e+00,1.000000000006289e+00,1.000000000001427e+00,9.999999999985396e-01,9.999999999937403e-01,9.999999998288494e-01,9.880187289367830e-01,1.081699085302118e-20,3.290769103839188e-21,7.945340853377831e-22,3.306531491752079e-12,5.097088716039414e-04,1.992832217735802e-02,9.703360215840184e-01,9.225916583625399e-03,1.497329698760866e-12,9.701436066076237e-41,2.052473488444686e-11,1.270017872267026e-08,1.805788830164168e-08,false
9,1.000000000000000e+12,0,4,CONTINUE,2.643061197354493e-07,3.999219657702235e-08,1.000000000000000e-09,2.643061197354493e-08,2.220446059126401e-14,3.287715080824055e-33,-1.000000000243538e+00,9.900000000000000e-01,,,1.997053888647034e-02,7.720239331469426e-04,4.536717276376729e-04,3.340221964505829e-02,2.087871579357204e+00,REACHED_FORCE,REACHED_FORCE,,1,1,1,1,1,1,,,,8.125644615106323e-07,2.220585906207708e-09,8.588728117028875e-07,2.172180188974790e-09,,,6.082519664190102e-16,1.621830013110748e-16,,solution good enough for the tolerances given,solution good enough for the tolerances given,,6.082519664190102e-16,1.621830013110748e-16,,8.125644615106323e-07,6.093216209368535e-17,8.588728117028875e-07,1.620882247865829e-17,,,2.220585906207708e-09,2.172180188974790e-09,,4.365714245005420e-07,1.410289141527753e+00,4.464162694023880e-08,1.289920055383065e-14,2.815659528674208e-01,7.760416666666666e-01,6.152818360639072e-03,-2.435376345033546e-10,1.000000000243538e+00,1.000000000137073e+00,9.999999999995459e-01,9.999999999892561e-01,9.999999998400504e-01,9.999999997289821e-01,9.999621428173350e-01,2.248994994678467e-20,9.985971682201141e-21,3.287715080824055e-21,5.546925411240721e-08,5.781623072174838e-07,9.998701778140821e-01,1.284160805396574e-04,3.793748081015089e-07,4.624311201546405e-08,1.649711924243132e-39,4.997287043168550e-09,2.107824745937974e-08,3.207803633120785e-07,false
9,3.162000000000000e+12,0,4,CONTINUE,2.643061197354493e-07,3.999244338006236e-08,1.000000000000000e-09,2.643061197354493e-08,2.220446059126401e-14,2.588760584267010e-33,-1.000000000149631e+00,9.900000000000000e-01,,,1.997042289162443e-02,7.720569521335443e-04,4.536815771947064e-04,3.340221964505829e-02,2.087871579357204e+00,REACHED_FORCE,REACHED_FORCE,,1,1,1,1,1,1,,,,2.413677672612930e-06,8.891989623928371e-09,2.346239135125250e-06,1.334728726259509e-08,,,1.928696170433595e-16,5.181562008349292e-17,,solution good enough for the tolerances given,solution good enough for the tolerances given,,1.928696170433595e-16,5.181562008349292e-17,,2.413677672612930e-06,1.951563910473908e-17,2.346239135125250e-06,5.366800753803247e-18,,,8.891989623928371e-09,1.334728726259509e-08,,2.455252671019722e-07,1.410289141527475e+00,4.464162694023880e-08,1.289920055383065e-14,2.815659528674208e-01,7.760416666666666e-01,9.969519077729129e-01,-1.496305301884604e-10,1.000000000149631e+00,1.000000000059630e+00,9.999999999998546e-01,9.999999999258480e-01,9.999999998216569e-01,9.999999996745597e-01,6.086893430345126e-03,7.203867611811470e-20,3.230121153648549e-20,8.185660967452285e-21,2.683227453018352e-08,4.179565884293917e-07,9.999941223660891e-01,2.545781871626934e-07,1.822796888539845e-08,1.315208441621705e-10,3.007780412401687e-38,3.398592809788878e-07,2.956796650585172e-06,1.863251440037884e-06,false
9,1.000000000000000e+13,0,6,CONTINUE,2.643061197354493e-07,3.999219529534900e-08,1.000000000000000e-09,2.643061197354493e-08,2.220446059126401e-14,1.372055872176167e-33,-1.000000000035421e+00,9.900000000000000e-01,,,1.997053176435881e-02,7.723948194830608e-04,4.542940332884077e-04,3.340221964505829e-02,2.087871579357204e+00,REACHED_FORCE,REACHED_FORCE,,1,2,2,1,2,2,,,,7.894463801746089e-06,1.525110351511108e-07,7.225241767451578e-06,1.971038476991896e-07,,,6.056421655771149e-17,1.620637468022931e-17,,solution good enough for the tolerances given,solution good enough for the tolerances given,,6.056421655771149e-17,1.620637468022931e-17,,7.894463801746089e-06,6.288372600415926e-18,7.225241767451578e-06,2.276824562219559e-18,,,4.275019613062350e-09,5.488869320090738e-09,,1.380710650640760e-07,1.410289141527387e+00,4.464162694023880e-08,1.289920055383065e-14,2.815659528674208e-01,7.760416666666666e-01,9.997150078281082e-01,-3.542099946685084e-11,1.000000000035421e+00,1.000000000022172e+00,1.000000000004395e+00,9.999999999999545e-01,9.999999999869869e-01,9.999999999745079e-01,2.043392425600876e-16,2.294552925758824e-19,8.082112408482296e-20,1.372055872176167e-20,2.401393789966081e-08,1.930088891247222e-07,7.001321543913194e-06,9.999455688295030e-01,6.782413465135132e-07,6.341531628232362e-08,7.940318034538457e-26,5.294745317208158e-07,2.132276917839526e-05,2.461892575291270e-05,false
9,3.162000000000000e+13,0,6,CONTINUE,2.643061197354493e-07,3.999214356478853e-08,1.000000000000000e-09,2.643061197354493e-08,2.220446059126401e-14,3.162063076299485e-33,-1.000000000088095e+00,9.900000000000000e-01,,,1.997057145490003e-02,7.760513437370438e-04,4.603633334766495e-04,3.340221964505829e-02,2.087871579357204e+00,REACHED_FORCE,REACHED_FORCE,,1,2,2,1,2,2,,,,1.595205306403191e-05,3.350705969554829e-07,2.285944130687804e-05,6.684645249636415e-07,,,1.947939007539911e-17,5.895458355203435e-18,,solution good enough for the tolerances given,solution good enough for the tolerances given,,1.947939007539911e-17,5.895458355203435e-18,,1.595205306403191e-05,2.222614453595284e-18,2.285944130687804e-05,1.084202172485504e-18,,,2.208190357902608e-08,1.595055863762008e-08,,7.765973691583801e-08,1.410289141527359e+00,4.464162694023880e-08,1.289920055383065e-14,2.815659528674208e-01,7.760416666666666e-01,8.243304932035698e-05,-8.809486473637662e-11,1.000000000088095e+00,1.000000000001693e+00,9.999999999999860e-01,9.999999999996620e-01,9.999999999978757e-01,9.999999999770675e-01,1.628641674814537e-18,8.379318333341991e-19,2.885081144996398e-19,9.998443447258972e-20,1.818996983804949e-37,3.821203292446999e-29,9.995090234272364e-01,9.387215282369143e-29,3.360689530644079e-29,4.711515561500767e-36,3.305417568290805e-07,2.218020475016496e-05,3.301309792353156e-04,1.383348470211721e-04,false
9,1.000000000000000e+14,0,10,CONTINUE,2.643061197354493e-07,3.999225635608437e-08,1.000000000000000e-09,2.643061197354493e-08,2.220446059126401e-14,1.785385728461250e-33,-1.000000002129024e+00,9.900000000000000e-01,,,1.997049443585878e-02,8.602534169332524e-04,5.890330018322731e-04,3.340221964505829e-02,2.087871579357204e+00,REACHED_FORCE,REACHED_FORCE,,1,4,4,1,4,4,,,,5.903622024142950e-05,7.345695985733003e-06,6.483299044238733e-05,8.211880209581105e-06,,,6.511760128416660e-18,2.924835061693086e-18,,solution good enough for the tolerances given,solution good enough for the tolerances given,,6.511760128416660e-18,2.924835061693086e-18,,5.903622024142950e-05,1.084202172485504e-18,6.483299044238733e-05,6.505213034913027e-19,,,1.229061469532587e-08,1.701995458142731e-08,,4.358145389473985e-08,1.410289141527350e+00,4.464162694023880e-08,1.289920055383065e-14,2.815659528674208e-01,7.760416666666666e-01,9.867447849531428e-01,-2.129024068153740e-09,1.000000002129024e+00,1.000000000155937e+00,9.999999999999956e-01,9.999999999999936e-01,9.999999997481570e-01,9.999999988958717e-01,3.249240094663813e-17,1.346419094872442e-18,7.790845925602423e-19,1.785385728461249e-19,4.683321719509547e-36,2.287611722032833e-35,9.960293222227629e-01,1.775000493592723e-29,1.111470552717311e-35,1.652175619446506e-36,2.835887648131837e-14,3.839916701491014e-04,2.916346856010596e-03,6.703392510494347e-04,false
9,3.162000000000000e+14,1,6,CONTINUE,2.643061197354493e-07,1.956603219574205e-07,1.000000000000000e-09,2.643061197354493e-08,2.220446059126401e-14,4.699891887313114e-33,-1.000000002218946e+00,2.287291927585131e-01,,,1.949339355339012e-02,1.193525807447682e-03,1.022516513070578e-03,3.340221964505829e-02,2.087871579357204e+00,REFINE_STALLED,REFINE_STALLED,,1,3,3,1,1,1,,,,1.663394004239660e-04,7.023280319132922e-05,2.474085821742497e-04,1.550326807086742e-04,,,2.536314813834231e-18,3.001204002259056e-18,,solution good enough for the tolerances given,solution good enough for the tolerances given,,2.536314813834231e-18,3.001204002259056e-18,,1.663394004239660e-04,5.421010862427522e-19,2.474085821742497e-04,1.084202172485504e-18,,,1.664847883321829e-05,1.550326807086742e-04,,2.105328082633285e-08,1.410289141527348e+00,4.464162694023880e-08,1.289920055383065e-14,2.815659528674208e-01,7.760416666666666e-01,2.563047176105443e-03,-2.218945915899440e-09,1.000000002218946e+00,1.000000001247880e+00,1.000000000058934e+00,1.000000000000002e+00,9.999999999999991e-01,9.999999992136595e-01,1.931987471830094e-17,8.027245044021287e-18,4.158678304051270e-18,1.486105814768407e-18,1.853906702047104e-36,2.336436642985776e-34,1.446717778566492e-34,3.205792559326173e-30,9.811955299746407e-01,2.669849123080316e-36,4.282758275894344e-06,4.177858781280708e-04,1.098571501575078e-02,7.396686373204909e-03,false
9,1.000000000000000e+15,1,6,CONTINUE,2.643061197354493e-07,2.643066119420661e-07,1.000000000000000e-09,2.643061197354493e-08,2.220446059126401e-14,1.737189025417720e-40,3.035355618324544e-06,9.900000000000000e-01,,,4.248735737274618e-08,3.588215672252052e-03,3.471056473197650e-03,3.340221964505829e-02,2.087871579357204e+00,REFINE_STALLED,REFINE_STALLED,,1,2,2,1,2,2,,,,3.959502222223847e-03,5.302152506905178e-04,4.032190224141725e-03,8.360638842940083e-05,,,4.435530989450171e-17,3.714812848797704e-17,,solution good enough for the tolerances given,solution good enough for the tolerances given,,4.435530989450171e-17,3.714812848797704e-17,,3.959502222223847e-03,4.478733857902029e-18,4.032190224141725e-03,3.819371648023759e-18,,,5.302142952644068e-04,8.360623772343654e-05,,3.162278297956636e-05,1.410289141881884e+00,4.464162694023880e-08,1.289920055383065e-14,2.815659528674208e-01,7.760416666666666e-01,8.615919367628500e-11,3.294506889517379e-10,9.999999996705493e-01,9.999999996338156e-01,9.999999994861648e-01,9.999999994808655e-01,9.999999990980755e-01,9.999999990967303e-01,9.999999990953874e-01,2.601295722269516e-24,1.408789393893389e-24,1.737189025417720e-25,4.901940876431334e-05,3.907476251901618e-33,4.021184710560191e-05,2.044790119541760e-05,2.833794856899667e-01,4.180301693626204e-01,2.983096571403579e-01,1.517886293957368e-05,1.033759626826362e-04,5.245382436823077e-05,false
9,3.162000000000000e+15,1,6,CONTINUE,2.643061197354493e-07,2.643066345152157e-07,1.000000000000000e-09,2.643061197354493e-08,2.220446059126401e-14,7.755733975255755e-41,9.599467194072599e-07,9.900000000000000e-01,,,4.242835968677044e-08,1.103906685998143e-02,1.090252839971003e-02,3.340221964505829e-02,2.087871579357204e+00,REFINE_STALLED,REFINE_STALLED,,1,2,2,1,2,2,,,,1.265812832612826e-02,5.302165572275757e-04,1.273081956932163e-02,8.360659451503559e-05,,,4.159442254775933e-17,3.931555370971872e-17,,solution good enough for the tolerances given,solution good enough for the tolerances given,,4.159442254775933e-17,3.931555370971872e-17,,1.265812832612826e-02,4.225933400635410e-18,1.273081956932163e-02,4.017406131294467e-18,,,5.302162550676580e-04,8.360654685326322e-05,,3.162277861872459e-05,1.410289141881883e+00,4.464162694023880e-08,1.289920055383065e-14,2.815659528674208e-01,7.760416666666666e-01,1.001959710998522e-10,3.294511330409478e-10,9.999999996705489e-01,9.999999996395816e-01,9.999999994861815e-01,9.999999994808626e-01,9.999999990980759e-01,9.999999990967308e-01,9.999999990953881e-01,3.624172469125885e-24,1.368336206341334e-24,2.452363082975870e-25,4.456332056229378e-05,4.004799380590994e-33,4.290055033580714e-05,2.257846881452590e-05,2.789930075344461e-01,4.266644210534516e-01,2.940380651643585e-01,1.820148388741109e-06,6.230571281524861e-05,1.303380468261969e-04,false
9,1.000000000000000e+16,1,6,CONTINUE,2.643061197354493e-07,2.643066416546962e-07,1.000000000000000e-09,2.643061197354493e-08,2.220446059126401e-14,2.939961850957893e-41,3.035337206396863e-07,9.900000000000000e-01,,,4.242245412672093e-08,3.481310388469792e-02,3.445669045122920e-02,3.340221964505829e-02,2.087871579357204e+00,REFINE_STALLED,REFINE_STALLED,,1,2,2,1,2,2,,,,4.017027035573113e-02,5.302169704617220e-04,4.024295478542310e-02,8.360665969696504e-05,,,4.072273341190688e-17,4.000222446130990e-17,,solution good enough for the tolerances given,solution good enough for the tolerances given,,4.072273341190688e-17,4.000222446130990e-17,,4.017027035573113e-02,4.145977295445422e-18,4.024295478542310e-02,4.080041901638207e-18,,,5.302168749186437e-04,8.360664462629491e-05,,3.162277723947211e-05,1.410289141881883e+00,4.464162694023880e-08,1.289920055383065e-14,2.815659528674208e-01,7.760416666666666e-01,7.405201894790307e-11,3.294526873531822e-10,9.999999996705473e-01,9.999999996503521e-01,9.999999994861859e-01,9.999999994808604e-01,9.999999990980757e-01,9.999999990967312e-01,9.999999990953887e-01,3.154694876363700e-24,1.529331470740263e-24,2.939961850957893e-25,4.308762744449675e-05,4.509698038761798e-33,4.403115599610470e-05,2.352474586139339e-05,2.776396354054591e-01,4.295956670756135e-01,2.924511757302007e-01,5.941028122500815e-06,9.284123678472798e-05,1.040959945177376e-04,false
9,3.162000000000000e+16,1,6,CONTINUE,2.643061197354493e-07,2.643066439120139e-07,1.000000000000000e-09,2.643061197354493e-08,2.220446059126401e-14,2.637117132505433e-41,9.599460724195124e-08,9.900000000000000e-01,,,4.242186365200223e-08,1.100478522662204e-01,1.089447539414617e-01,3.340221964505829e-02,2.087871579357204e+00,REFINE_STALLED,REFINE_STALLED,,1,2,2,1,2,2,,,,1.271566205380152e-01,5.302171011158482e-04,1.272293520108579e-01,8.360668030590860e-05,,,4.044729625037274e-17,4.021943858247639e-17,,solution good enough for the tolerances given,solution good enough for the tolerances given,,4.044729625037274e-17,4.021943858247639e-17,,1.271566205380152e-01,4.120697001564576e-18,1.272293520108579e-01,4.099844605502727e-18,,,5.302170708998097e-04,8.360667553972399e-05,,3.162277680338788e-05,1.410289141881883e+00,4.464162694023880e-08,1.289920055383065e-14,2.815659528674208e-01,7.760416666666666e-01,2.146946510768511e-10,3.294513550855527e-10,9.999999996705486e-01,9.999999996584292e-01,9.999999994861872e-01,9.999999994808608e-01,9.999999990980764e-01,9.999999990967312e-01,9.999999990953887e-01,6.091248642674527e-24,2.603380068255360e-24,8.338564372982179e-25,4.261516373362421e-05,6.045358545564264e-33,4.440369640991575e-05,2.387289373642905e-05,2.769167353862635e-01,4.307782329102511e-01,2.919884889652340e-01,1.523669999301173e-06,6.641845721321117e-05,1.377088571585453e-04,false
9,1.000000000000000e+17,1,6,CONTINUE,2.643061197354493e-07,2.643066446259608e-07,1.000000000000000e-09,2.643061197354493e-08,2.220446059126401e-14,6.009902581801558e-42,3.035374030475593e-08,9.900000000000000e-01,,,4.242180459211954e-08,3.480225065590607e-01,3.445414531063692e-01,3.340221964505829e-02,2.087871579357204e+00,REFINE_STALLED,REFINE_STALLED,,1,2,2,1,2,2,,,,4.022779981803101e-01,5.302171424393049e-04,4.023506761111690e-01,8.360668682413953e-05,,,4.036019923087905e-17,4.028815117122605e-17,,solution good enough for the tolerances given,solution good enough for the tolerances given,,4.036019923087905e-17,4.028815117122605e-17,,4.022779981803101e-01,4.112702300944251e-18,4.023506761111690e-01,4.106107189920366e-18,,,5.302171328849923e-04,8.360668531707178e-05,,3.162277666546263e-05,1.410289141881883e+00,4.464162694023880e-08,1.289920055383065e-14,2.815659528674208e-01,7.760416666666666e-01,8.441763676787341e-10,3.294486905502936e-10,9.999999996705513e-01,9.999999996268290e-01,9.999999994861879e-01,9.999999994808602e-01,9.999999990980770e-01,9.999999990967310e-01,9.999999990953894e-01,1.041866724496383e-23,2.982998836621098e-24,6.009902581801559e-25,4.246464759544590e-05,3.915436873734745e-33,4.453559202795209e-05,2.397635601734016e-05,2.769660729832253e-01,4.310137689635937e-01,2.917026421191145e-01,2.271010212871502e-07,1.800976881074601e-05,1.883024685936719e-04,false
9,3.162000000000000e+17,1,6,CONTINUE,2.643061197354493e-07,2.643066448516881e-07,1.000000000000000e-09,2.643061197354493e-08,2.220446059126401e-14,8.115811309197787e-43,9.599428374938566e-09,9.900000000000000e-01,,,4.242179868759947e-08,1.100443929635603e+00,1.089439228365626e+00,3.340221964505829e-02,2.087871579357204e+00,REFINE_STALLED,REFINE_STALLED,,1,2,2,1,2,2,,,,1.272141611315836e+00,5.302171555047217e-04,1.272213570703232e+00,8.360668888503770e-05,,,4.033266307490393e-17,4.030987695411543e-17,,solution good enough for the tolerances given,solution good enough for the tolerances given,,4.033266307490393e-17,4.030987695411543e-17,,1.272141611315836e+00,4.110173609811676e-18,1.272213570703232e+00,4.108088287487430e-18,,,5.302171524831173e-04,8.360668840841918e-05,,3.162277662185420e-05,1.410289141881883e+00,4.464162694023880e-08,1.289920055383065e-14,2.815659528674208e-01,7.760416666666666e-01,1.758096138322408e-10,3.294524653085773e-10,9.999999996705475e-01,9.999999996362523e-01,9.999999994861886e-01,9.999999994808615e-01,9.999999990980764e-01,9.999999990967303e-01,9.999999990953883e-01,4.914584536353662e-24,1.523405489649880e-24,2.566219535968340e-25,4.241778400109720e-05,3.844023540723397e-33,4.457071861373956e-05,2.401706678235011e-05,2.769369162655915e-01,4.312057053222945e-01,2.915395512834907e-01,1.988927283016014e-06,6.823117419623950e-05,1.366014577470728e-04,false
9,1.000000000000000e+18,1,6,CONTINUE,2.643061197354493e-07,2.643066449230654e-07,1.000000000000000e-09,2.643061197354493e-08,2.220446059126401e-14,2.419569483043388e-43,3.035349480990498e-09,9.900000000000000e-01,,,4.242179809706281e-08,3.480214155562688e+00,3.445411931179856e+00,3.340221964505829e-02,2.087871579357204e+00,REFINE_STALLED,REFINE_STALLED,,1,2,2,1,2,2,,,,4.023353786537735e+00,5.302171596370677e-04,4.023426987139981e+00,8.360668953686122e-05,,,4.032395474167012e-17,4.031674819655246e-17,,solution good enough for the tolerances given,solution good enough for the tolerances given,,4.032395474167012e-17,4.031674819655246e-17,,4.023353786537735e+00,4.109374553339950e-18,4.023426987139981e+00,4.108715290391745e-18,,,5.302171586816364e-04,8.360668938615444e-05,,3.162277660806168e-05,1.410289141881883e+00,4.464162694023880e-08,1.289920055383065e-14,2.815659528674208e-01,7.760416666666666e-01,1.163389781689179e-10,3.294513550855527e-10,9.999999996705486e-01,9.999999996308024e-01,9.999999994861886e-01,9.999999994808615e-01,9.999999990980770e-01,9.999999990967312e-01,9.999999990953896e-01,3.387136553458145e-24,1.542067280513235e-24,2.419569483043388e-25,4.240228061640563e-05,4.103918631732127e-33,4.458992569907064e-05,2.402068758625344e-05,2.770154690302111e-01,4.310850486226265e-01,2.915815585141429e-01,2.708720596670643e-06,7.500408541772282e-05,1.291981331034736e-04,false
10,1.000000000000000e+00,0,13,CONTINUE,3.999216019388283e-08,6.051210137506156e-09,1.000000000000000e-09,3.999216019388283e-09,2.220446050481711e-14,1.003147999219654e+00,4.712865022657314e+01,9.900000000000000e-01,,,7.785451376576509e-03,2.875320127646449e-04,1.690192852707079e-04,3.401304958364625e-02,2.081087047425506e+00,REACHED_FORCE,REACHED_FORCE,,7,0,0,6,0,0,,,,5.660536746228189e-10,NaN,6.254851829621405e-10,NaN,,,1.595942432416684e-04,4.278554996214863e-05,,solution good enough for the tolerances given,solution good enough for the tolerances given,,1.660184453064634e-09,2.620143612138269e-09,,4.370690007832190e-19,5.660536746228189e-10,5.692061405548898e-19,6.254851829621405e-10,,,5.660536746228189e-10,6.254851829621405e-10,,3.636798819785114e-01,1.768475729234462e+00,5.550978355828214e-09,1.289873461725782e-16,2.783371649195459e-01,7.760416666666666e-01,1.309084103885388e-01,2.077764481846767e-02,9.792223551815323e-01,9.237122851055941e-01,8.422505828789709e-01,8.011255721834186e-01,7.412433158808884e-01,6.919210607062353e-01,6.333665880680629e-01,5.782266931293667e-01,5.246802350112694e-01,5.007857630142357e-01,4.460073763700229e-05,5.152124636941387e-05,1.391498493757724e-01,1.588824259007323e-01,2.378654958760925e-01,2.420841164381289e-01,1.099633425402785e-01,6.842434727085493e-02,4.094297271771095e-02,2.591327896422935e-03,false
10,3.162000000000000e+00,0,9,CONTINUE,3.999216019388283e-08,6.051210137152630e-09,1.000000000000000e-09,3.999216019388283e-09,2.220446050481711e-14,9.887808436927280e-01,4.272843725111827e+01,9.900000000000000e-01,,,7.785451540709132e-03,2.875320065433560e-04,1.690192924521552e-04,3.401304958364625e-02,2.081087047425506e+00,REACHED_FORCE,REACHED_FORCE,,5,0,0,4,0,0,,,,1.697979762165219e-10,NaN,7.322146077664866e-10,NaN,,,6.292307077264509e-05,1.685007600059704e-05,,solution good enough for the tolerances given,solution good enough for the tolerances given,,5.652922621844697e-10,2.887707189358608e-09,,1.912600394900210e-18,1.697979762165219e-10,1.572093150103981e-18,7.322146077664866e-10,,,1.697979762165219e-10,7.322146077664866e-10,,2.265673474400707e-01,1.532689164438253e+00,5.550978355828214e-09,1.289873461725782e-16,2.783371649195459e-01,7.760416666666666e-01,7.114864938103529e-02,7.347143492164143e-03,9.926528565078359e-01,9.446593795400207e-01,9.299344752169558e-01,9.049669310397379e-01,8.810933127976508e-01,8.513011713020118e-01,8.187945549972611e-01,7.964990453172918e-01,7.755384889820615e-01,7.576653495922935e-01,3.425169554012504e-05,9.987632027019083e-02,1.285573315823629e-01,1.935585047711925e-01,2.717118591904146e-01,1.383898183945540e-01,8.856306965389171e-02,2.543688064916035e-02,5.183214503315899e-02,2.039818759534269e-03,false
10,1.000000000000000e+01,0,7,CONTINUE,3.999216019388283e-08,6.051210138063570e-09,1.000000000000000e-09,3.999216019388283e-09,2.220446050481711e-14,1.534146117351578e-03,2.913056835308658e+01,9.900000000000000e-01,,,7.785451131184879e-03,2.875319902217194e-04,1.690193093598968e-04,3.401304958364625e-02,2.081087047425506e+00,REACHED_FORCE,REACHED_FORCE,,4,0,0,3,0,0,,,,4.594800179170879e-11,NaN,5.655837611673407e-10,NaN,,,2.170009878886206e-05,5.807983349500800e-06,,solution good enough for the tolerances given,solution good enough for the tolerances given,,1.679920737325097e-10,2.376186751237871e-09,,3.984442983884229e-18,4.594800179170879e-11,7.035455659894219e-18,5.655837611673407e-10,,,4.594800179170879e-11,5.655837611673407e-10,,1.341078044920458e-01,1.450119523628032e+00,5.550978355828214e-09,1.289873461725782e-16,2.783371649195459e-01,7.760416666666666e-01,9.615899199220470e-01,3.421076141663204e-03,9.965789238583368e-01,9.813325629706676e-01,9.738353838333305e-01,9.627651779129566e-01,9.515832481437603e-01,9.380293092276102e-01,9.282461205406297e-01,9.163101591883104e-01,9.082678604683743e-01,1.510965695795024e-02,4.798656507760539e-05,1.197608747310372e-01,1.576213131414008e-01,3.087761774565295e-01,1.933193361063949e-01,1.015513958959810e-01,5.291292845321290e-02,6.336502658028732e-02,2.644961070079649e-03,1.095707627411507e-28,false
10,3.162000000000000e+01,0,6,CONTINUE,3.999216019388283e-08,6.051210137575120e-09,1.000000000000000e-09,3.999216019388283e-09,2.220446050481711e-14,1.157364379418248e-13,2.345655032421697e+01,9.900000000000000e-01,,,7.785451407205683e-03,2.875320143165583e-04,1.690192832629941e-04,3.401304958364625e-02,2.081087047425506e+00,REACHED_FORCE,REACHED_FORCE,,3,0,0,3,0,0,,,,7.642980695489639e-11,NaN,2.033437676053629e-11,NaN,,,7.071648144501907e-06,1.892342414078857e-06,,solution good enough for the tolerances given,solution good enough for the tolerances given,,3.142065717635472e-10,8.379803302367779e-11,,1.206513730069025e-17,7.642980695489639e-11,1.704230289875652e-17,2.033437676053629e-11,,,7.642980695489639e-11,2.033437676053629e-11,,7.689775488250195e-02,1.423007770651459e+00,5.550978355828214e-09,1.289873461725782e-16,2.783371649195459e-01,7.760416666666666e-01,9.905819107217906e-01,1.346445701526755e-03,9.986535542984732e-01,9.939761144735331e-01,9.913374253292817e-01,9.876367079832170e-01,9.836620556905720e-01,9.788415955926902e-01,9.754450768810861e-01,9.718744372252658e-01,9.689964258249552e-01,3.659586167707107e-12,6.481443054511617e-05,1.226653566927315e-01,1.634382741378703e-01,3.173013022073007e-01,1.832643302961748e-01,1.067054251597062e-01,3.898015026569882e-02,6.497427402875167e-02,2.606072781221381e-03,7.604342148191183e-28,false
10,1.000000000000000e+02,0,5,CONTINUE,3.999216019388283e-08,6.051210136083105e-09,1.000000000000000e-09,3.999216019388283e-09,2.220446050481711e-14,5.331828900053708e-24,2.163217309210863e+01,9.900000000000000e-01,,,7.785451698934091e-03,2.875317670242483e-04,1.690195310208399e-04,3.401304958364625e-02,2.081087047425506e+00,REACHED_FORCE,REACHED_FORCE,,3,0,0,2,0,0,,,,2.519329539364852e-12,NaN,2.490557316858853e-10,NaN,,,2.258033509622626e-06,6.042006619377600e-07,,solution good enough for the tolerances given,solution good enough for the tolerances given,,1.028980338615346e-11,1.205345501106658e-09,,5.522993629276940e-17,2.519329539364852e-12,6.481834925568808e-17,2.490557316858853e-10,,,2.519329539364852e-12,2.490557316858853e-10,,4.352474524987787e-02,1.414323312490062e+00,5.550978355828214e-09,1.289873461725782e-16,2.783371649195459e-01,7.760416666666666e-01,9.970678402651754e-01,4.620608086554068e-04,9.995379391913446e-01,9.980823243189937e-01,9.972182664087227e-01,9.960285813293768e-01,9.947254072537046e-01,9.931466217182747e-01,9.920086852861066e-01,9.909251449579566e-01,9.899784863980676e-01,5.331828900053709e-22,7.417707597807335e-05,1.236662844350246e-01,1.655565508057845e-01,3.188653010995549e-01,1.802532218340140e-01,1.086853599319798e-01,3.514188826898926e-02,6.516900388427309e-02,2.588212664401493e-03,6.682735673986692e-27,false
10,3.162000000000000e+02,0,4,CONTINUE,3.999216019388283e-08,6.051210137406253e-09,1.000000000000000e-09,3.999216019388283e-09,2.220446050481711e-14,1.797900807817741e-32,2.106313031052858e+01,9.900000000000000e-01,,,7.785451446196303e-03,2.875319897664465e-04,1.690193077948463e-04,3.401304958364625e-02,2.081087047425506e+00,REACHED_FORCE,REACHED_FORCE,,2,0,0,2,0,0,,,,9.553259885366951e-11,NaN,2.519614486669319e-11,NaN,,,7.163500447643615e-07,1.916759608038127e-07,,solution good enough for the tolerances given,solution good enough for the tolerances given,,4.564936663088904e-10,1.215604642733218e-10,,1.649681368072475e-16,9.553259885366951e-11,2.028745552627720e-16,2.519614486669319e-11,,,9.553259885366951e-11,2.519614486669319e-11,,2.452857071137883e-02,1.411566235438348e+00,5.550978355828214e-09,1.289873461725782e-16,2.783371649195459e-01,7.760416666666666e-01,1.075190792519778e-01,1.501239617646144e-04,9.998498760382354e-01,9.993921999271823e-01,9.991158698429048e-01,9.987376904963401e-01,9.983208624468459e-01,9.978161962422524e-01,9.974486089703807e-01,9.971113003156816e-01,9.968081630821485e-01,5.684962354319696e-30,7.777265000092243e-05,1.239908679831645e-01,1.662553860995155e-01,3.192376221885898e-01,1.793128437326760e-01,1.092723034077892e-01,3.409507869521042e-02,6.517626766122055e-02,2.581857581832980e-03,5.866966604290734e-26,false
10,1.000000000000000e+03,0,4,CONTINUE,3.999216019388283e-08,6.051210137546743e-09,1.000000000000000e-09,3.999216019388283e-09,2.220446050481711e-14,7.281610809278710e-33,2.088425113034058e+01,9.900000000000000e-01,,,7.785451420535461e-03,2.875320121731233e-04,1.690192853386881e-04,3.401304958364625e-02,2.081087047425506e+00,REACHED_FORCE,REACHED_FORCE,,2,0,0,2,0,0,,,,9.586180211174772e-12,NaN,2.528280915788800e-12,NaN,,,2.267345360280659e-07,6.066756427026507e-08,,solution good enough for the tolerances given,solution good enough for the tolerances given,,4.576196746699328e-11,1.218588052080159e-11,,6.545396277930771e-16,9.586180211174772e-12,8.567331685662566e-16,2.528280915788800e-12,,,9.586180211174772e-12,2.528280915788800e-12,,1.380209706614837e-02,1.410693085489686e+00,5.550978355828214e-09,1.289873461725782e-16,2.783371649195459e-01,7.760416666666666e-01,2.706352900790927e-04,4.788067875072244e-05,9.999521193212493e-01,9.998076800825080e-01,9.997199946795887e-01,9.996002214075095e-01,9.994679496699698e-01,9.993078412580939e-01,9.991907970377807e-01,9.990847012911606e-01,9.989884715992394e-01,7.281610809278710e-30,7.898438841788179e-05,1.240943504866774e-01,1.664793782373442e-01,3.193429988473943e-01,1.790164552168358e-01,1.094520896886809e-01,3.378390795419153e-02,6.517206220275361e-02,2.579772977704801e-03,5.689901900608271e-25,false
10,3.162000000000000e+03,0,4,CONTINUE,3.999216019388283e-08,6.051210137563071e-09,1.000000000000000e-09,3.999216019388283e-09,2.220446050481711e-14,6.869189615833281e-33,2.082781353606448e+01,9.900000000000000e-01,,,7.785451417954265e-03,2.875320144171459e-04,1.690192830896791e-04,3.401304958364625e-02,2.081087047425506e+00,REACHED_FORCE,REACHED_FORCE,,2,0,0,2,0,0,,,,9.598844207545434e-13,NaN,2.531622914775378e-13,NaN,,,7.172855308615899e-08,1.919243053459779e-08,,solution good enough for the tolerances given,solution good enough for the tolerances given,,4.580826073234766e-12,1.219817680381758e-12,,1.666986251184881e-15,9.598844207545434e-13,1.483971230403433e-15,2.531622914775378e-13,,,9.598844207545434e-13,2.531622914775378e-13,,7.763483370951452e-03,1.410416903738095e+00,5.550978355828214e-09,1.289873461725782e-16,2.783371649195459e-01,7.760416666666666e-01,8.564718530556821e-05,1.518405817690915e-05,9.999848159418231e-01,9.999391643749256e-01,9.999114023016907e-01,9.998735040638542e-01,9.998316252834368e-01,9.997809369464645e-01,9.997438384242952e-01,9.997103419331012e-01,9.996798709162259e-01,2.172037756526484e-29,7.937536198879054e-05,1.241271519192559e-01,1.665504972488107e-01,3.193750741144625e-01,1.789228444845082e-01,1.095082978183061e-01,3.368760907320847e-02,6.517004366613810e-02,2.579106313320928e-03,7.270586589643190e-24,false
10,1.000000000000000e+04,0,4,CONTINUE,3.999216019388283e-08,6.051210137570871e-09,1.000000000000000e-09,3.999216019388283e-09,2.220446050481711e-14,9.954399667452802e-33,1.189304230797586e+01,9.900000000000000e-01,,,7.785451417698599e-03,2.875320146387508e-04,1.690192828675256e-04,3.401304958364625e-02,2.081087047425506e+00,REACHED_FORCE,REACHED_FORCE,,2,0,0,2,0,0,,,,9.600635987160738e-14,NaN,2.532094542720409e-14,NaN,,,2.268281998904397e-08,6.069244833045937e-09,,solution good enough for the tolerances given,solution good enough for the tolerances given,,4.581232765804939e-13,1.219925060893757e-13,,4.386244920875568e-15,9.600635987160738e-14,3.916368639979295e-15,2.532094542720409e-14,,,9.600635987160738e-14,2.532094542720409e-14,,4.365830087323721e-03,1.410329541208550e+00,5.550978355828214e-09,1.289873461725782e-16,2.783371649195459e-01,7.760416666666666e-01,8.255898401120093e-03,8.408206797705375e-06,9.999915917932023e-01,9.999802923447020e-01,9.999696526376158e-01,9.999574707740824e-01,9.999424044716080e-01,9.999266198742908e-01,9.999091737273242e-01,9.998997975826751e-01,9.998663565003509e-01,9.954399667452802e-29,3.902434845003447e-04,1.439147899671661e-01,2.030366074818431e-01,3.227924471445939e-01,1.529291010851986e-01,9.980010683431599e-02,7.300287491127476e-02,4.133821320523062e-03,7.770584367099404e-09,6.430265379328606e-23,false
10,3.162000000000000e+04,0,3,CONTINUE,3.999216019388283e-08,6.051210163838873e-09,1.000000000000000e-09,3.999216019388283e-09,2.220446050481711e-14,5.831273749132271e-33,9.401545887766899e+00,9.900000000000000e-01,,,7.785449081026500e-03,2.875311370726286e-04,1.690201532777241e-04,3.401304958364625e-02,2.081087047425506e+00,REACHED_FORCE,REACHED_FORCE,,2,0,0,1,0,0,,,,1.822314306019427e-14,NaN,1.923709644813427e-10,NaN,,,7.173792529026458e-09,1.919492109159973e-09,,solution good enough for the tolerances given,solution good enough for the tolerances given,,4.582417494579339e-14,1.919492109159973e-09,,1.822314306019427e-14,9.603415610480448e-15,1.452545122214172e-14,1.923709644813427e-10,,,1.822314306019427e-14,1.923709644813427e-10,,2.455246795625785e-03,1.410301918277135e+00,5.550978355828214e-09,1.289873461725782e-16,2.783371649195459e-01,7.760416666666666e-01,9.999897793469841e-01,3.363856055260683e-06,9.999966361439447e-01,9.999936661779429e-01,9.999900120998261e-01,9.999861489280084e-01,9.999812183385957e-01,9.999764929056223e-01,9.999712007311267e-01,9.999681631378387e-01,2.406903274234443e-06,1.843848759475624e-28,1.121117689412986e-03,1.544777444809587e-01,2.245881132327039e-01,3.123707480692599e-01,1.415687654233297e-01,9.066080905484872e-02,7.179416381802205e-02,3.418538231463885e-03,3.395741165559092e-54,6.554828083189198e-22,false
10,1.000000000000000e+05,0,2,CONTINUE,3.999216019388283e-08,6.051210146219900e-09,1.000000000000000e-09,3.999216019388283e-09,2.220446050481711e-14,4.177082429436602e-33,9.400641134853251e+00,9.900000000000000e-01,,,7.785450678510484e-03,2.875317372079353e-04,1.690195580359507e-04,3.401304958364625e-02,2.081087047425506e+00,REACHED_FORCE,REACHED_FORCE,,1,0,0,1,0,0,,,,2.293753589572688e-10,NaN,6.082930337279573e-11,NaN,,,2.268375717999183e-09,6.069597683612219e-10,,solution good enough for the tolerances given,solution good enough for the tolerances given,,2.268375717999183e-09,6.069597683612219e-10,,2.895454736433559e-14,2.293753589572688e-10,4.346588532351016e-14,6.082930337279573e-11,,,2.293753589572688e-10,6.082930337279573e-11,,1.380635427961736e-03,1.410293181548333e+00,5.550978355828214e-09,1.289873461725782e-16,2.783371649195459e-01,7.760416666666666e-01,9.999971487139225e-01,1.063756101205016e-06,9.999989362438988e-01,9.999979972207638e-01,9.999968417516784e-01,9.999956201974856e-01,9.999940610963695e-01,9.999925669064649e-01,9.999908934867058e-01,9.999899329568861e-01,9.733092671370865e-16,4.177082429436601e-28,1.121661127280887e-03,1.544805918277902e-01,2.245957713283538e-01,3.123644588805635e-01,1.415652352332338e-01,9.065860153671587e-02,7.179518432336092e-02,3.418495742702024e-03,5.867041041838702e-46,6.275533756453787e-21,true
10,3.162000000000000e+05,0,2,CONTINUE,3.999216019388283e-08,6.051210142326255e-09,1.000000000000000e-09,3.999216019388283e-09,2.220446050481711e-14,4.579708780702881e-33,9.400355289996288e+00,9.900000000000000e-01,,,7.785451181978468e-03,2.875319272106187e-04,1.690193695842186e-04,3.401304958364625e-02,2.081087047425506e+00,REACHED_FORCE,REACHED_FORCE,,1,0,0,1,0,0,,,,7.254144745831581e-11,NaN,1.923744182615733e-11,NaN,,,7.173886274614627e-10,1.919527405466561e-10,,solution good enough for the tolerances given,solution good enough for the tolerances given,,7.173886274614627e-10,1.919527405466561e-10,,1.552840125094209e-13,7.254144745831581e-11,2.037223369871517e-13,1.923744182615733e-11,,,7.254144745831581e-11,1.923744182615733e-11,,7.764240983131980e-04,1.410290419207613e+00,5.550978355828214e-09,1.289873461725782e-16,2.783371649195459e-01,7.760416666666666e-01,9.192503476933566e-01,3.364292288088322e-07,9.999996635707712e-01,9.999993666075134e-01,9.999990011790614e-01,9.999986148538604e-01,9.999981217746294e-01,9.999976492280023e-01,9.999971199963246e-01,9.999968162191722e-01,2.466012616684330e-26,1.448103916458251e-27,1.121832924175087e-03,1.544814930745551e-01,2.245981927240942e-01,3.123624698988430e-01,1.415641188423561e-01,9.065790341158637e-02,7.179550682007259e-02,3.418482304317775e-03,5.581547090396810e-22,6.311624048623826e-20,false
10,1.000000000000000e+06,0,2,CONTINUE,3.999216019388283e-08,6.051210142664347e-09,1.000000000000000e-09,3.999216019388283e-09,2.220446050481711e-14,6.967423937945879e-33,9.400266030705227e+00,9.900000000000000e-01,,,7.785451339485916e-03,2.875319874661840e-04,1.690193098216374e-04,3.401304958364625e-02,2.081087047425506e+00,REACHED_FORCE,REACHED_FORCE,,1,0,0,1,0,0,,,,2.293762776288746e-11,NaN,6.082862864667873e-12,NaN,,,2.268385092857814e-10,6.069529214395701e-11,,solution good enough for the tolerances given,solution good enough for the tolerances given,,2.268385092857814e-10,6.069529214395701e-11,,5.384865154418796e-13,2.293762776288746e-11,4.939114608027307e-13,6.082862864667873e-12,,,2.293762776288746e-11,6.082862864667873e-12,,4.365964820337507e-04,1.410289545529974e+00,5.550978355828214e-09,1.289873461725782e-16,2.783371649195459e-01,7.760416666666666e-01,1.220550020894916e-05,1.063799567324608e-07,9.999998936200433e-01,9.999997997210504e-01,9.999996841720801e-01,9.999995620158588e-01,9.999994061037163e-01,9.999992566843920e-01,9.999990893409926e-01,9.999989932862288e-01,2.195831510085886e-26,6.967423937945879e-27,1.121886726444495e-03,1.544817755734351e-01,2.245989574623722e-01,3.123618431209590e-01,1.415637670816008e-01,9.065768294895755e-02,7.179560893434121e-02,3.418478151889787e-03,1.646456946744457e-19,4.237642698205669e-19,false
10,3.162000000000000e+06,0,2,CONTINUE,3.999216019388283e-08,6.051210144658100e-09,1.000000000000000e-09,3.999216019388283e-09,2.220446050481711e-14,2.666043023534873e-33,9.400299844407860e+00,9.900000000000000e-01,,,7.785451388071721e-03,2.875320058909878e-04,1.690192915461519e-04,3.401304958364625e-02,2.081087047425506e+00,REACHED_FORCE,REACHED_FORCE,,1,0,0,1,0,0,,,,7.254153956129036e-12,NaN,1.923737455141253e-12,NaN,,,7.173895643108415e-11,1.919520550610319e-11,,solution good enough for the tolerances given,solution good enough for the tolerances given,,7.173895643108415e-11,1.919520550610319e-11,,8.009132365562749e-13,7.254153956129036e-12,9.476051941823688e-13,1.923737455141253e-12,,,7.254153956129036e-12,1.923737455141253e-12,,2.455270760073787e-04,1.410289269295426e+00,5.550978355828214e-09,1.289873461725782e-16,2.783371649195459e-01,7.760416666666666e-01,8.568178376082459e-08,3.364313150289178e-08,9.999999663568685e-01,9.999999366606803e-01,9.999999001176665e-01,9.999998614850291e-01,9.999998121769099e-01,9.999997649221877e-01,9.999997119988698e-01,9.999996816209753e-01,4.654699089039718e-26,8.430028040417269e-27,1.121875955500422e-03,1.544815620177686e-01,2.245991833989965e-01,3.123617905346818e-01,1.415638188356922e-01,9.065763330869284e-02,7.179565964918876e-02,3.418476299479339e-03,1.670981403462672e-18,4.896596574260187e-18,false
10,1.000000000000000e+07,0,2,CONTINUE,3.999216019388283e-08,6.051210148037196e-09,1.000000000000000e-09,3.999216019388283e-09,2.220446050481711e-14,6.105257875354492e-33,9.268991821039478e+00,9.900000000000000e-01,,,7.785451407844645e-03,2.875320110630356e-04,1.690192863971152e-04,3.401304958364625e-02,2.081087047425506e+00,REACHED_FORCE,REACHED_FORCE,,1,0,0,1,0,0,,,,2.293763730386658e-12,NaN,2.638350773747841e-12,NaN,,,2.268386027559281e-11,6.069522251118590e-12,,solution good enough for the tolerances given,solution good enough for the tolerances given,,2.268386027559281e-11,6.069522251118590e-12,,1.936661763371332e-12,2.293763730386658e-12,2.638350773747841e-12,6.082856657610436e-13,,,2.293763730386658e-12,2.638350773747841e-12,,1.380639689845590e-04,1.410289181927614e+00,5.550978355828214e-09,1.289873461725782e-16,2.783371649195459e-01,7.760416666666666e-01,2.228004596164032e-05,1.078865974335486e-08,9.999999892113403e-01,9.999999799481744e-01,9.999999683388454e-01,9.999999561237225e-01,9.999999405112130e-01,9.999999256218868e-01,9.999999089262882e-01,9.999998993162936e-01,2.545633052012779e-25,6.105257875354491e-26,1.207857883545481e-03,1.551589791546318e-01,2.259528800860912e-01,3.114662046725938e-01,1.409187694883304e-01,9.015727929393369e-02,7.173806791431464e-02,3.399961506558840e-03,1.168122717706545e-17,4.735021193086245e-17,false
10,3.162000000000000e+07,0,2,CONTINUE,3.999216019388283e-08,6.051210093186617e-09,1.000000000000000e-09,3.999216019388283e-09,2.220446050481711e-14,3.728817557969874e-33,5.678497515617718e+00,9.900000000000000e-01,,,7.785451458294334e-03,2.875319965337154e-04,1.690193007532768e-04,3.401304958364625e-02,2.081087047425506e+00,REACHED_FORCE,REACHED_FORCE,,1,0,0,1,0,0,,,,1.104226760145744e-11,NaN,1.486052689188061e-11,NaN,,,7.173896248667626e-12,1.919519651190295e-12,,solution good enough for the tolerances given,solution good enough for the tolerances given,,7.173896248667626e-12,1.919519651190295e-12,,1.104226760145744e-11,7.254154416914960e-13,1.486052689188061e-11,1.923736235413809e-13,,,1.104226760145744e-11,1.486052689188061e-11,,7.764248590716963e-05,1.410289154304155e+00,5.550978355828214e-09,1.289873461725782e-16,2.783371649195459e-01,7.760416666666666e-01,7.814034828674549e-01,5.569352312662090e-09,9.999999944306477e-01,9.999999924728193e-01,9.999999880114232e-01,9.999999833768268e-01,9.999999774459732e-01,9.999999714387167e-01,9.999999685544201e-01,3.894085847656092e-01,5.794510063140196e-25,1.179052111830074e-25,5.921791032981551e-02,1.717469481315386e-01,3.457017384434891e-01,2.195618604989654e-01,1.223142420872766e-01,7.562212162564982e-02,5.835178883265339e-03,2.584612580384851e-48,8.894101997127370e-17,4.922479964398680e-16,false
10,1.000000000000000e+08,0,2,CONTINUE,3.999216019388283e-08,6.051210272021712e-09,1.000000000000000e-09,3.999216019388283e-09,2.220446050481711e-14,1.577041405520247e-33,5.678627459940880e+00,9.900000000000000e-01,,,7.785451271880820e-03,2.875320181606692e-04,1.690192794009538e-04,3.401304958364625e-02,2.081087047425506e+00,REACHED_FORCE,REACHED_FORCE,,1,0,0,1,0,0,,,,2.097421358534873e-11,NaN,3.040594696596816e-11,NaN,,,2.268386123925491e-12,6.069522002944915e-13,,solution good enough for the tolerances given,solution good enough for the tolerances given,,2.268386123925491e-12,6.069522002944915e-13,,2.097421358534873e-11,2.293763594861387e-13,3.040594696596816e-11,6.082856657610436e-14,,,2.097421358534873e-11,3.040594696596816e-11,,4.365966173130001e-05,1.410289145567373e+00,5.550978355828214e-09,1.289873461725782e-16,2.783371649195459e-01,7.760416666666666e-01,9.999999980695695e-01,1.760988910248784e-09,9.999999982390111e-01,9.999999976199796e-01,9.999999962092454e-01,9.999999947437543e-01,9.999999928684040e-01,9.999999909689201e-01,9.999999900569165e-01,4.094289597452743e-12,3.592130511664705e-24,1.577041405520247e-25,5.920427950248647e-02,1.717507060386916e-01,3.457074683875166e-01,2.195670822246890e-01,1.223135836509169e-01,7.562154371863426e-02,5.835336477060133e-03,3.013521481161344e-47,5.279148575833158e-16,5.504707807422350e-15,false
10,3.162000000000000e+08,0,2,CONTINUE,3.999216019388283e-08,6.051210143889086e-09,1.000000000000000e-09,3.999216019388283e-09,2.220446050481711e-14,4.959134680397838e-33,5.772659613427626e+00,9.900000000000000e-01,,,7.785451430836907e-03,2.875319480890609e-04,1.690193486170874e-04,3.401304958364625e-02,2.081087047425506e+00,REACHED_FORCE,REACHED_FORCE,,1,0,0,1,0,0,,,,9.018965589921511e-11,NaN,1.108182236601830e-10,NaN,,,7.173895743115554e-13,1.919518621440949e-13,,solution good enough for the tolerances given,solution good enough for the tolerances given,,7.173895743115554e-13,1.919518621440949e-13,,9.018965589921511e-11,7.254158211622563e-14,1.108182236601830e-10,1.923737861717068e-14,,,9.018965589921511e-11,1.108182236601830e-10,,2.455271060109245e-05,1.410289142805027e+00,5.550978355828214e-09,1.289873461725782e-16,2.783371649195459e-01,7.760416666666666e-01,9.997674900762715e-01,5.478506537315297e-10,9.999999994521493e-01,9.999999992584656e-01,9.999999988069446e-01,9.999999983431955e-01,9.999999977469443e-01,9.999999971447855e-01,9.999999968566955e-01,4.623298449517824e-21,5.124889307340830e-24,1.568078385941796e-24,5.132116565327079e-02,1.752891418884913e-01,3.461769832125148e-01,2.224427302594935e-01,1.231101446430682e-01,7.573092768408615e-02,5.928906659001705e-03,3.752701540588730e-27,1.984763121945694e-14,5.526610476672428e-14,false
10,1.000000000000000e+09,0,2,CONTINUE,3.999216019388283e-08,6.051210616584469e-09,1.000000000000000e-09,3.999216019388283e-09,2.220446050481711e-14,2.775806861036177e-33,5.674562653896316e+00,9.900000000000000e-01,,,7.785451451915375e-03,2.875319461191034e-04,1.690193502410707e-04,3.401304958364625e-02,2.081087047425506e+00,REACHED_FORCE,REACHED_FORCE,,1,0,0,1,0,0,,,,3.232613795870317e-10,NaN,4.947948037552804e-10,NaN,,,2.268385403316821e-13,6.069522005384869e-14,,solution good enough for the tolerances given,solution good enough for the tolerances given,,2.268385403316821e-13,6.069522005384869e-14,,3.232613795870317e-10,2.293762510659214e-14,4.947948037552804e-10,6.082862078621298e-15,,,3.232613795870317e-10,4.947948037552804e-10,,1.380639920452928e-05,1.410289141931349e+00,5.550978355828214e-09,1.289873461725782e-16,2.783371649195459e-01,7.760416666666666e-01,1.013075984868679e-04,1.762250345649363e-10,9.999999998237750e-01,9.999999997618301e-01,9.999999996208375e-01,9.999999994742899e-01,9.999999992868103e-01,9.999999990968611e-01,9.999999990056754e-01,3.731404920776864e-23,1.452238907192229e-23,2.775806861036178e-24,5.952572587887389e-02,1.716810432354181e-01,3.456110056846328e-01,2.194525687968031e-01,1.223013703402728e-01,7.559596177259037e-02,5.832324290772064e-03,1.068086050765404e-14,2.929273890245514e-13,3.336345461936703e-13,false
10,3.162000000000000e+09,0,2,CONTINUE,3.999216019388283e-08,6.051206709878407e-09,1.000000000000000e-09,3.999216019388283e-09,2.220446050481711e-14,4.722213192083272e-33,5.660180926673827e+00,9.900000000000000e-01,,,7.785456432662863e-03,2.875307172266166e-04,1.690205613474315e-04,3.401304958364625e-02,2.081087047425506e+00,REACHED_FORCE,REACHED_FORCE,,1,0,0,1,0,0,,,,7.652493473966904e-10,NaN,1.166515466473605e-09,NaN,,,7.173873871688116e-14,1.919501474464842e-14,,solution good enough for the tolerances given,solution good enough for the tolerances given,,7.173873871688116e-14,1.919501474464842e-14,,7.652493473966904e-10,7.254071475448765e-15,1.166515466473605e-09,1.923672809586718e-15,,,7.652493473966904e-10,1.166515466473605e-09,,7.764249985239956e-06,1.410289141655114e+00,5.550978355828214e-09,1.289873461725782e-16,2.783371649195459e-01,7.760416666666666e-01,4.260853612350758e-10,5.587375007110040e-11,9.999999999441262e-01,9.999999999244278e-01,9.999999998798561e-01,9.999999998333915e-01,9.999999997742570e-01,9.999999997143076e-01,9.999999996853719e-01,1.358864429803815e-22,5.424081185226477e-23,1.493163811336731e-23,6.105956365724700e-02,1.712177734002742e-01,3.467028116009722e-01,2.180320334333651e-01,1.216960896029977e-01,7.557592490402637e-02,5.715803394073638e-03,1.150914447534366e-13,1.584721865449819e-12,5.344481837473967e-12,false
10,1.000000000000000e+10,0,2,CONTINUE,3.999216019388283e-08,6.051206158811660e-09,1.000000000000000e-09,3.999216019388283e-09,2.220446050481711e-14,4.015638063319197e-33,5.677116347478434e+00,9.900000000000000e-01,,,7.785456405829607e-03,2.875303929103698e-04,1.690208819597647e-04,3.401304958364625e-02,2.081087047425506e+00,REACHED_FORCE,REACHED_FORCE,,1,0,0,1,0,0,,,,2.000288448162092e-09,NaN,3.215290717382285e-09,NaN,,,2.268377384867479e-14,6.069446704506912e-15,,solution good enough for the tolerances given,solution good enough for the tolerances given,,2.268377384867479e-14,6.069446704506912e-15,,2.000288448162092e-09,2.293711011056021e-15,3.215290717382285e-09,6.082374187643680e-16,,,2.000288448162092e-09,3.215290717382285e-09,,4.365968365452717e-06,1.410289141567747e+00,5.550978355828214e-09,1.289873461725782e-16,2.783371649195459e-01,7.760416666666666e-01,9.878686721919733e-08,1.761457646409781e-11,9.999999999823854e-01,9.999999999761917e-01,9.999999999620879e-01,9.999999999474334e-01,9.999999999286822e-01,9.999999999096882e-01,9.999999999005678e-01,3.541817673044040e-22,1.750463765493278e-22,4.015638063319197e-23,5.939010718395288e-02,1.715896714546293e-01,3.457861876800387e-01,2.194953872393120e-01,1.222905309787432e-01,7.562004617275288e-02,5.828069223191950e-03,2.271635019693023e-12,3.905255678468518e-11,2.605562315518072e-11,false
10,3.162000000000000e+10,0,4,CONTINUE,3.999216019388283e-08,6.051210139718858e-09,1.000000000000000e-09,3.999216019388283e-09,2.220446050481711e-14,5.826226870883123e-33,5.205732116932174e+00,9.900000000000000e-01,,,7.785451415577483e-03,2.875320157815766e-04,1.690192838065941e-04,3.401304958364625e-02,2.081087047425506e+00,REACHED_FORCE,REACHED_FORCE,,1,1,1,1,1,1,,,,7.031208105430845e-09,2.749325493287512e-13,9.541322341019960e-09,1.865203040033337e-13,,,7.173881279196136e-15,1.919442989787492e-15,,solution good enough for the tolerances given,solution good enough for the tolerances given,,7.173881279196136e-15,1.919442989787492e-15,,7.031208105430845e-09,7.252770432841782e-16,9.541322341019960e-09,1.922561502359921e-16,,,2.749325493287512e-13,1.865203040033337e-13,,2.455271987560409e-06,1.410289141540123e+00,5.550978355828214e-09,1.289873461725782e-16,2.783371649195459e-01,7.760416666666666e-01,3.795340642711752e-02,6.075140390748857e-12,9.999999999939249e-01,9.999999999904823e-01,9.999999999858824e-01,9.999999999792328e-01,9.999999999726605e-01,9.999999999697022e-01,9.985595389246164e-01,2.197170174881084e-21,6.372122030255895e-22,1.842252936573244e-22,1.290762356231918e-01,2.384398470883098e-01,3.636214159817258e-01,1.660938373365772e-01,7.696624380774454e-02,2.580241958197815e-02,1.108087532375723e-41,1.354057074247611e-12,1.567589366520263e-10,4.223604589365680e-10,false
10,1.000000000000000e+11,0,4,CONTINUE,3.999216019388283e-08,6.051210173495285e-09,1.000000000000000e-09,3.999216019388283e-09,2.220446050481711e-14,3.851327352604461e-33,-1.000000000025687e+00,9.900000000000000e-01,,,7.785451380457225e-03,2.875320298547059e-04,1.690192902431747e-04,3.401304958364625e-02,2.081087047425506e+00,REACHED_FORCE,REACHED_FORCE,,1,1,1,1,1,1,,,,3.626205033200998e-08,7.989692686678654e-12,3.999438601036959e-08,6.516522498546088e-12,,,2.268181195698948e-15,6.067212830663948e-16,,solution good enough for the tolerances given,solution good enough for the tolerances given,,2.268181195698948e-15,6.067212830663948e-16,,3.626205033200998e-08,2.292545493720599e-16,3.999438601036959e-08,6.068821660487611e-17,,,7.989692686678654e-12,6.516522498546088e-12,,1.380635410020486e-06,1.410289141531386e+00,5.550978355828214e-09,1.289873461725782e-16,2.783371649195459e-01,7.760416666666666e-01,2.384919643580801e-01,-2.568700807614732e-11,1.000000000025687e+00,9.999999999978637e-01,9.999999999962459e-01,9.999999999942448e-01,9.999999999911366e-01,9.999999999569404e-01,9.431215829572146e-01,2.972209717301738e-21,1.629129758205101e-21,3.851327352604462e-22,1.651767132106497e-08,2.146209603473781e-01,3.745416340342429e-01,2.944542163411240e-01,1.163831567762167e-01,9.003631666157605e-09,2.995530745308614e-41,3.321292645588365e-10,2.484152163733519e-09,4.163454354963514e-09,false
10,3.162000000000000e+11,0,4,CONTINUE,3.999216019388283e-08,6.051210631230939e-09,1.000000000000000e-09,3.999216019388283e-09,2.220446050481711e-14,2.522489087610322e-33,-1.000000000101556e+00,9.900000000000000e-01,,,7.785450915251003e-03,2.875322004610694e-04,1.690193314981559e-04,3.401304958364625e-02,2.081087047425506e+00,REACHED_FORCE,REACHED_FORCE,,1,1,1,1,1,1,,,,8.325464391983417e-08,3.974355444221053e-11,1.273418156514507e-07,7.113199747171600e-11,,,7.172178878315910e-16,1.918198994060994e-16,,solution good enough for the tolerances given,solution good enough for the tolerances given,,7.172178878315910e-16,1.918198994060994e-16,,8.325464391983417e-08,7.264154555652880e-17,1.273418156514507e-07,1.932590372455412e-17,,,3.974355444221053e-11,7.113199747171600e-11,,7.764457521164422e-07,1.410289141528624e+00,5.550978355828214e-09,1.289873461725782e-16,2.783371649195459e-01,7.760416666666666e-01,9.996213931050475e-01,-1.015556527761419e-10,1.000000000101556e+00,1.000000000005286e+00,1.000000000000792e+00,9.999999999985409e-01,9.999999999953657e-01,9.999999999189761e-01,7.570704644977615e-04,3.318560310618320e-20,6.487463250024642e-21,7.976110495023838e-22,8.657169310947865e-11,1.414830091629171e-04,3.437580904572888e-02,9.429319623012747e-01,2.255067914654102e-02,3.159435801000685e-11,4.521268456619743e-40,6.421692977119706e-12,2.646559446431852e-09,6.372614658065084e-08,false
10,1.000000000000000e+12,0,4,CONTINUE,3.999216019388283e-08,6.051212329475376e-09,1.000000000000000e-09,3.999216019388283e-09,2.220446050481711e-14,2.498173413599608e-33,-1.000000000282497e+00,9.900000000000000e-01,,,7.785449100736625e-03,2.875330495232593e-04,1.690199448928288e-04,3.401304958364625e-02,2.081087047425506e+00,REACHED_FORCE,REACHED_FORCE,,1,1,1,1,1,1,,,,2.590380213935681e-07,7.689934277835340e-10,4.850380829423372e-07,4.567555460255752e-10,,,2.267131482443738e-16,6.059562076195104e-17,,solution good enough for the tolerances given,solution good enough for the tolerances given,,2.267131482443738e-16,6.059562076195104e-17,,2.590380213935681e-07,2.284956078513201e-17,4.850380829423372e-07,6.152847328855238e-18,,,7.689934277835340e-10,4.567555460255752e-10,,4.366031964323800e-07,1.410289141527750e+00,5.550978355828214e-09,1.289873461725782e-16,2.783371649195459e-01,7.760416666666666e-01,3.314761356997552e-02,-2.824966927050809e-10,1.000000000282497e+00,1.000000000152150e+00,1.000000000024985e+00,9.999999999995390e-01,9.999999998966578e-01,9.999999997848097e-01,9.989012357581324e-01,3.652631352927157e-20,8.877744266850472e-21,2.498173413599608e-21,8.096196846361217e-09,4.449113505000898e-07,2.043033969338129e-05,9.999771420457825e-01,1.454687934251240e-06,2.419522014052288e-08,1.570112623251328e-38,6.813062338384788e-09,2.034061715865085e-07,2.855045886206094e-07,false
10,3.162000000000000e+12,0,4,CONTINUE,3.999216019388283e-08,6.051238722296016e-09,1.000000000000000e-09,3.999216019388283e-09,2.220446050481711e-14,5.842073849564426e-33,-1.000000000332649e+00,9.900000000000000e-01,,,7.785422329871973e-03,2.875452826947518e-04,1.690271592046340e-04,3.401304958364625e-02,2.081087047425506e+00,REACHED_FORCE,REACHED_FORCE,,1,1,1,1,1,1,,,,6.872067142539536e-07,2.483572677619257e-09,1.253334189317729e-06,3.246473798567995e-09,,,7.165914849406119e-17,1.917726170886158e-17,,solution good enough for the tolerances given,solution good enough for the tolerances given,,7.165914849406119e-17,1.917726170886158e-17,,6.872067142539536e-07,7.318364664277155e-18,1.253334189317729e-06,2.114194236346734e-18,,,2.483572677619257e-09,3.246473798567995e-09,,2.455817833569695e-07,1.410289141527474e+00,5.550978355828214e-09,1.289873461725782e-16,2.783371649195459e-01,7.760416666666666e-01,9.965376811917666e-01,-3.326485753518682e-10,1.000000000332649e+00,1.000000000161455e+00,1.000000000026670e+00,9.999999999998546e-01,9.999999998756677e-01,9.999999997365354e-01,6.912650024011971e-03,1.293706876267590e-19,4.028040323226687e-20,1.847263751232271e-20,3.110776711193229e-10,4.594681194243819e-08,1.894226834851455e-06,9.999916724030469e-01,9.915609281263262e-08,1.177805457482009e-09,2.756451840635553e-38,1.577469286934735e-08,1.747023147869412e-06,4.523980491327699e-06,false
10,1.000000000000000e+13,0,6,CONTINUE,3.999216019388283e-08,6.051212201324450e-09,1.000000000000000e-09,3.999216019388283e-09,2.220446050481711e-14,4.487614653326160e-33,-1.000000000026704e+00,9.900000000000000e-01,,,7.785447513935871e-03,2.876829562756896e-04,1.692706885928475e-04,3.401304958364625e-02,2.081087047425506e+00,REACHED_FORCE,REACHED_FORCE,,1,2,2,1,2,2,,,,3.126293347108664e-06,5.536207435011323e-08,3.334776600298672e-06,7.851686424549677e-08,,,2.256787152355473e-17,6.061298643936077e-18,,solution good enough for the tolerances given,solution good enough for the tolerances given,,2.256787152355473e-17,6.061298643936077e-18,,3.126293347108664e-06,2.331034670843835e-18,3.334776600298672e-06,8.944667923005412e-19,,,1.578973671753850e-09,1.310919108034607e-09,,1.379704221444547e-07,1.410289141527387e+00,5.550978355828214e-09,1.289873461725782e-16,2.783371649195459e-01,7.760416666666666e-01,9.860885066563336e-01,-2.670397236670397e-11,1.000000000026704e+00,1.000000000015566e+00,1.000000000000408e+00,9.999999999999540e-01,9.999999999855673e-01,9.999999999747280e-01,7.501651635686118e-18,3.036867285208801e-19,1.403939634025017e-19,4.487614653326160e-20,4.274072334044133e-08,3.874516997951105e-07,2.906005000816108e-04,9.996533822753215e-01,5.483039533850027e-07,6.149640753379614e-08,2.133828481199524e-16,1.679534469418164e-06,3.383849327436513e-05,1.945920406884608e-05,false
10,3.162000000000000e+13,0,8,CONTINUE,3.999216019388283e-08,6.051212092915823e-09,1.000000000000000e-09,3.999216019388283e-09,2.220446050481711e-14,6.663859828718478e-33,-1.000000000031811e+00,9.900000000000000e-01,,,7.785449454484844e-03,2.906618030717756e-04,1.741864960922033e-04,3.401304958364625e-02,2.081087047425506e+00,REACHED_FORCE,REACHED_FORCE,,1,3,3,1,3,3,,,,8.573495359431368e-06,3.238570094273643e-07,1.137417896039939e-05,3.031264003637682e-07,,,7.248397824552615e-18,2.184774988026856e-18,,solution good enough for the tolerances given,solution good enough for the tolerances given,,7.248397824552615e-18,2.184774988026856e-18,,8.573495359431368e-06,8.673617379884035e-19,1.137417896039939e-05,3.794707603699266e-19,,,4.128234693143390e-10,3.879853863587943e-10,,7.783718519387485e-08,1.410289141527359e+00,5.550978355828214e-09,1.289873461725782e-16,2.783371649195459e-01,7.760416666666666e-01,2.260221918519566e-04,-3.181099827997969e-11,1.000000000031811e+00,1.000000000000738e+00,9.999999999999856e-01,9.999999999994567e-01,9.999999999927733e-01,9.999999998622688e-01,2.166537599473710e-18,1.032520635306230e-18,5.236219771694375e-19,2.107112477840783e-19,1.510257432670403e-35,4.731731885480186e-29,9.994385243509905e-01,1.169263847739097e-28,6.228126586709124e-31,1.153191959182134e-37,4.805234270506180e-07,1.006366807824440e-04,2.469833069234809e-04,2.133751378763970e-04,false
10,1.000000000000000e+14,0,12,CONTINUE,3.999216019388283e-08,6.051212763257640e-09,1.000000000000000e-09,3.999216019388283e-09,2.220446050481711e-14,4.965777985287417e-33,-1.000000001960939e+00,9.900000000000000e-01,,,7.785447796089567e-03,3.477049419318402e-04,2.569639563518489e-04,3.401304958364625e-02,2.081087047425506e+00,REACHED_FORCE,REACHED_FORCE,,1,5,5,1,5,5,,,,2.665828375940993e-05,1.881297213200634e-06,2.655499851410429e-05,3.378632691720738e-06,,,2.429722830904856e-18,1.229028169248630e-18,,solution good enough for the tolerances given,solution good enough for the tolerances given,,2.429722830904856e-18,1.229028169248630e-18,,2.665828375940993e-05,3.523657060577889e-19,2.655499851410429e-05,2.710505431213761e-19,,,7.400630477802904e-10,7.299079903009609e-10,,4.373947432064940e-08,1.410289141527350e+00,5.550978355828214e-09,1.289873461725782e-16,2.783371649195459e-01,7.760416666666666e-01,9.434700844677425e-01,-1.960939410849960e-09,1.000000001960939e+00,1.000000000040278e+00,9.999999999999987e-01,9.999999999999960e-01,9.999999991785307e-01,9.999999982310825e-01,2.105938269915858e-17,3.313907353670001e-18,1.523271549010709e-18,4.965777985287417e-19,2.176292110199943e-35,3.348666965965590e-34,1.911655768721775e-29,9.958314945192689e-01,4.584129559515844e-37,8.731635321248120e-35,8.912508375580022e-11,7.466680874483151e-05,1.274011195416486e-03,2.819827387444919e-03,false
10,3.162000000000000e+14,1,9,CONTINUE,3.999216019388283e-08,2.160399096510449e-08,1.000000000000000e-09,3.999216019388283e-09,2.220446050481711e-14,3.087009210512195e-33,-1.000000000361227e+00,4.285767714596995e-01,,,7.819791164998341e-03,5.548960084461375e-04,3.942878124676105e-04,3.401304958364625e-02,2.081087047425506e+00,REFINE_STALLED,REFINE_STALLED,,1,5,5,1,2,2,,,,9.189985566825315e-05,2.804185664225944e-05,7.321985548830370e-05,3.399274807273857e-05,,,9.452826971955292e-19,1.201827227005981e-18,,solution good enough for the tolerances given,solution good enough for the tolerances given,,9.452826971955292e-19,1.201827227005981e-18,,9.189985566825315e-05,2.168404344971009e-19,7.321985548830370e-05,3.252606517456513e-19,,,6.514525262170916e-07,2.168948398679421e-05,,2.105984165954987e-08,1.410289141527348e+00,5.550978355828214e-09,1.289873461725782e-16,2.783371649195459e-01,7.760416666666666e-01,2.966957120671056e-07,-3.612274923625591e-10,1.000000000361227e+00,1.000000000226430e+00,1.000000000067771e+00,9.999999999999993e-01,9.999999999999991e-01,9.999999999479687e-01,1.455872059925715e-17,9.066891155754206e-18,3.504925146845778e-18,9.761123123639560e-19,6.753817660320432e-34,7.356601464631229e-34,2.621200630474408e-33,3.003300257581287e-30,9.646132113162889e-01,1.300774673618882e-36,9.259729751644748e-05,2.712615439660749e-03,1.223484587109957e-02,2.034673007543449e-02,false
10,1.000000000000000e+15,1,6,CONTINUE,3.999216019388283e-08,3.999218067955070e-08,1.000000000000000e-09,3.999216019388283e-09,2.220446050481711e-14,6.403232319106793e-40,3.035318794692549e-06,9.900000000000000e-01,,,5.348237012940459e-09,1.557343871213445e-03,1.515807709413327e-03,3.401304958364625e-02,2.081087047425506e+00,REFINE_STALLED,REFINE_STALLED,,1,2,2,1,2,2,,,,4.768711250971100e-04,2.055985418579788e-04,5.050710559623974e-04,3.132763278580075e-05,,,6.576315707452161e-18,3.796362878346733e-18,,solution good enough for the tolerances given,solution good enough for the tolerances given,,6.576315707452161e-18,3.796362878346733e-18,,4.768711250971100e-04,6.748285227790562e-19,5.050710559623974e-04,4.243962836061769e-19,,,2.055981713787096e-04,3.132757631571154e-05,,3.162278297909903e-05,1.410289141881884e+00,5.550978355828214e-09,1.289873461725782e-16,2.783371649195459e-01,7.760416666666666e-01,6.130414913809654e-11,3.294546857546266e-10,9.999999996705453e-01,9.999999996684690e-01,9.999999994861188e-01,9.999999994808653e-01,9.999999990980759e-01,9.999999990967294e-01,9.999999990953881e-01,3.921305772446787e-24,1.816916923670323e-24,6.403232319106794e-25,6.053975836625359e-05,4.467996360280926e-09,3.964722175810069e-05,2.087971417366917e-05,2.944191972332197e-01,3.945868963805881e-01,3.093831702787294e-01,2.396794047699916e-05,3.952255287300787e-04,1.070471475961970e-03,false
10,3.162000000000000e+15,1,6,CONTINUE,3.999216019388283e-08,3.999218395899779e-08,1.000000000000000e-09,3.999216019388283e-09,2.220446050481711e-14,1.125806004016665e-40,9.599176058219939e-07,9.900000000000000e-01,,,5.282306746905261e-09,4.826480988731684e-03,4.769902526250380e-03,3.401304958364625e-02,2.081087047425506e+00,REFINE_STALLED,REFINE_STALLED,,1,2,2,1,2,2,,,,1.561769727443787e-03,2.055990484852195e-04,1.589969427552470e-03,3.132724494388775e-05,,,5.510144454573372e-18,4.630568192269245e-18,,solution good enough for the tolerances given,solution good enough for the tolerances given,,5.510144454573372e-18,4.630568192269245e-18,,1.561769727443787e-03,5.772279313402760e-19,1.589969427552470e-03,4.964136262647640e-19,,,2.055989313186650e-04,3.132722708510817e-05,,3.162277861857680e-05,1.410289141881883e+00,5.550978355828214e-09,1.289873461725782e-16,2.783371649195459e-01,7.760416666666666e-01,5.732791111682160e-11,3.294611250481694e-10,9.999999996705389e-01,9.999999996678768e-01,9.999999994861630e-01,9.999999994808624e-01,9.999999990980759e-01,9.999999990967301e-01,9.999999990953878e-01,3.005831787180687e-24,1.292243174890438e-24,3.559798584700696e-25,4.881066371385554e-05,2.003642512636413e-09,4.370655858367280e-05,2.233836966319786e-05,2.838388699355114e-01,4.157447877342489e-01,2.981795705191793e-01,5.584187566544452e-05,8.490437823140993e-04,1.217028557478299e-03,false
10,1.000000000000000e+16,1,6,CONTINUE,3.999216019388283e-08,3.999218499618066e-08,1.000000000000000e-09,3.999216019388283e-09,2.220446050481711e-14,3.378678011785601e-41,3.035484508072886e-07,9.900000000000000e-01,,,5.275667132983326e-09,1.523271868174862e-02,1.507775938396727e-02,3.401304958364625e-02,2.081087047425506e+00,REFINE_STALLED,REFINE_STALLED,,1,2,2,1,2,2,,,,4.993101558549516e-03,2.055992087222936e-04,5.021301488580262e-03,3.132726936743384e-05,,,5.174402239204295e-18,4.896332724755583e-18,,solution good enough for the tolerances given,solution good enough for the tolerances given,,5.174402239204295e-18,4.896332724755583e-18,,4.993101558549516e-03,5.463586882531392e-19,5.021301488580262e-03,5.208052179749980e-19,,,2.055991716741855e-04,3.132726372048109e-05,,3.162277723942538e-05,1.410289141881883e+00,5.550978355828214e-09,1.289873461725782e-16,2.783371649195459e-01,7.760416666666666e-01,5.040069499716072e-11,3.294367001416276e-10,9.999999996705633e-01,9.999999996689231e-01,9.999999994861806e-01,9.999999994808617e-01,9.999999990980766e-01,9.999999990967314e-01,9.999999990953885e-01,2.829978933280098e-24,1.526475845980219e-24,3.378678011785601e-25,4.452335489329493e-05,8.531160585746993e-09,4.677677510077754e-05,2.460442915341682e-05,2.791191412706732e-01,4.243188040014803e-01,2.940399319375497e-01,2.210569802840392e-04,1.242733476530362e-03,9.424192431750669e-04,false
10,3.162000000000000e+16,1,6,CONTINUE,3.999216019388283e-08,3.999218532411147e-08,1.000000000000000e-09,3.999216019388283e-09,2.220446050481711e-14,1.208398423267344e-41,9.599706585670308e-08,9.900000000000000e-01,,,5.275002854183377e-09,4.815595118615213e-02,4.767355915022851e-02,3.401304958364625e-02,2.081087047425506e+00,REFINE_STALLED,REFINE_STALLED,,1,2,2,1,2,2,,,,1.584209022164000e-02,2.055992593851807e-04,1.587028234059867e-02,3.132727708956711e-05,,,5.068439853864974e-18,4.980506998197767e-18,,solution good enough for the tolerances given,solution good enough for the tolerances given,,5.068439853864974e-18,4.980506998197767e-18,,1.584209022164000e-02,5.365987842056260e-19,1.587028234059867e-02,5.285171262234064e-19,,,2.055992476685071e-04,3.132727530368639e-05,,3.162277680337310e-05,1.410289141881883e+00,5.550978355828214e-09,1.289873461725782e-16,2.783371649195459e-01,7.760416666666666e-01,3.626362141872477e-11,3.294429173905655e-10,9.999999996705571e-01,9.999999996689795e-01,9.999999994861795e-01,9.999999994808619e-01,9.999999990980764e-01,9.999999990967310e-01,9.999999990953885e-01,2.733620175184092e-24,1.357226367901564e-24,3.820955814371340e-25,4.310609826021734e-05,9.806513682080322e-09,4.795678884560205e-05,2.568547673023162e-05,2.777186826274390e-01,4.270594227088383e-01,2.925972651416766e-01,2.430720943251202e-04,1.415250229580436e-03,8.495490277912057e-04,false
10,1.000000000000000e+17,1,6,CONTINUE,3.999216019388283e-08,3.999218542782983e-08,1.000000000000000e-09,3.999216019388283e-09,2.220446050481711e-14,3.152083976615167e-42,3.035404717890399e-08,9.900000000000000e-01,,,5.274936407568428e-09,1.522927348250168e-01,1.507695442304599e-01,3.401304958364625e-02,2.081087047425506e+00,REFINE_STALLED,REFINE_STALLED,,1,2,2,1,2,2,,,,5.015536791213801e-02,2.055992754089044e-04,5.018360403475466e-02,3.132727953193638e-05,,,5.034946718861074e-18,5.007143316731913e-18,,solution good enough for the tolerances given,solution good enough for the tolerances given,,5.034946718861074e-18,5.007143316731913e-18,,5.015536791213801e-02,5.335117461595781e-19,5.018360403475466e-02,5.309563784522487e-19,,,2.055992717040918e-04,3.132727896724082e-05,,3.162277666545795e-05,1.410289141881883e+00,5.550978355828214e-09,1.289873461725782e-16,2.783371649195459e-01,7.760416666666666e-01,7.577214450241699e-11,3.294453598812197e-10,9.999999996705546e-01,9.999999996625204e-01,9.999999994861937e-01,9.999999994808615e-01,9.999999990980768e-01,9.999999990967312e-01,9.999999990953896e-01,2.800930806212450e-24,1.390278500406013e-24,3.152083976615167e-25,4.266570929198209e-05,8.369057331301553e-11,4.847826152743551e-05,2.592860231799714e-05,2.773301787446487e-01,4.277420281069341e-01,2.922693719781341e-01,7.307770533220697e-05,1.356258927643531e-03,1.112011880479057e-03,false
10,3.162000000000000e+17,1,6,CONTINUE,3.999216019388283e-08,3.999218546062280e-08,1.000000000000000e-09,3.999216019388283e-09,2.220446050481711e-14,9.088181960885806e-43,9.599680704921959e-09,9.900000000000000e-01,,,5.274929764344881e-09,4.815486132515098e-01,4.767330438668858e-01,3.401304958364625e-02,2.081087047425506e+00,REFINE_STALLED,REFINE_STALLED,,1,2,2,1,2,2,,,,1.586453017584655e-01,2.055992804751947e-04,1.586735043489842e-01,3.132728030415119e-05,,,5.024359308712445e-18,5.015566437446088e-18,,solution good enough for the tolerances given,solution good enough for the tolerances given,,5.024359308712445e-18,5.015566437446088e-18,,1.586453017584655e-01,5.325358798319187e-19,1.586735043489842e-01,5.317277243734544e-19,,,2.055992793035272e-04,3.132728012556309e-05,,3.162277662185273e-05,1.410289141881883e+00,5.550978355828214e-09,1.289873461725782e-16,2.783371649195459e-01,7.760416666666666e-01,5.161406863149953e-11,3.294438055689852e-10,9.999999996705562e-01,9.999999996653610e-01,9.999999994861855e-01,9.999999994808617e-01,9.999999990980759e-01,9.999999990967314e-01,9.999999990953892e-01,2.763084291213129e-24,1.008466544994379e-24,2.873683136032092e-25,4.251953324686663e-05,3.069891872251788e-10,4.853456723800459e-05,2.613434151882517e-05,2.772664733157169e-01,4.279562970478107e-01,2.921079712881685e-01,6.950937746816912e-05,8.977422865968221e-04,1.584817935245894e-03,false
10,1.000000000000000e+18,1,6,CONTINUE,3.999216019388283e-08,3.999218547099476e-08,1.000000000000000e-09,3.999216019388283e-09,2.220446050481711e-14,6.716788388407654e-43,3.035472232387162e-09,9.900000000000000e-01,,,5.274929099908292e-09,1.522923907015672e+00,1.507694641622296e+00,3.401304958364625e-02,2.081087047425506e+00,REFINE_STALLED,REFINE_STALLED,,1,2,2,1,2,2,,,,5.017786765574712e-01,2.055992820775673e-04,5.018064102592117e-01,3.132728054838825e-05,,,5.021010790929701e-18,5.018230553643499e-18,,solution good enough for the tolerances given,solution good enough for the tolerances given,,5.021010790929701e-18,5.018230553643499e-18,,5.017786765574712e-01,5.322269278731302e-19,5.018064102592117e-01,5.319715358590044e-19,,,2.055992817070860e-04,3.132728049191869e-05,,3.162277660806121e-05,1.410289141881883e+00,5.550978355828214e-09,1.289873461725782e-16,2.783371649195459e-01,7.760416666666666e-01,1.589756008399859e-10,3.294380324092572e-10,9.999999996705620e-01,9.999999996656135e-01,9.999999994861886e-01,9.999999994808617e-01,9.999999990980764e-01,9.999999990967310e-01,9.999999990953894e-01,4.410915187619819e-24,1.773300989122418e-24,6.716788388407654e-25,4.247528856469047e-05,3.424255952294254e-10,4.861467422126386e-05,2.612952210029691e-05,2.774365782327956e-01,4.279001985767448e-01,2.919905286548408e-01,1.839725179910259e-05,8.655711071950720e-04,1.671506349312694e-03,false
11,1.000000000000000e+00,0,13,CONTINUE,6.051210146219900e-09,9.156075310716079e-10,1.000000000000000e-09,6.051210146219901e-10,2.220446049396344e-14,1.002826168673830e+00,4.622703858881317e+01,9.900000000000000e-01,,,3.034837267753263e-03,1.071105341395596e-04,6.298059554361668e-05,3.458286070801285e-02,2.074563605466458e+00,REACHED_FORCE,REACHED_FORCE,,7,0,0,6,0,0,,,,2.101812968664080e-10,NaN,2.317069761225061e-10,NaN,,,5.936669029110547e-05,1.590685109997924e-05,,solution good enough for the tolerances given,solution good enough for the tolerances given,,6.142770635410859e-10,9.668639495834065e-10,,1.490777987167569e-19,2.101812968664080e-10,2.710505431213761e-19,2.317069761225061e-10,,,2.101812968664080e-10,2.317069761225061e-10,,3.644847163440168e-01,1.766499115320143e+00,6.563996263375821e-10,1.359649624988267e-18,2.772702368310983e-01,7.760416666666666e-01,1.302399828548155e-01,2.117431094307221e-02,9.788256890569278e-01,9.233858826789956e-01,8.413437991752389e-01,8.005281041604193e-01,7.407950511659002e-01,6.915760577318252e-01,6.330662089598670e-01,5.779888032603510e-01,5.245670400265059e-01,5.007055451736238e-01,4.293325217598816e-05,5.262197780652138e-05,1.371617144248386e-01,1.581023093488753e-01,2.367429130465765e-01,2.440507539219169e-01,1.106804942068160e-01,6.897457571536666e-02,4.155930780939625e-02,2.632376296231124e-03,false
11,3.162000000000000e+00,0,10,CONTINUE,6.051210146219900e-09,9.156075310774857e-10,1.000000000000000e-09,6.051210146219901e-10,2.220446049396344e-14,9.885453033090530e-01,4.173857199780002e+01,9.900000000000000e-01,,,3.034837282996068e-03,1.071105348169591e-04,6.298059468035107e-05,3.458286070801285e-02,2.074563605466458e+00,REACHED_FORCE,REACHED_FORCE,,5,0,0,5,0,0,,,,6.314687442106164e-11,NaN,1.668395398912855e-11,NaN,,,2.342823187312992e-05,6.270596378381270e-06,,solution good enough for the tolerances given,solution good enough for the tolerances given,,2.094957026342224e-10,5.586712217822695e-11,,3.794707603699266e-19,6.314687442106164e-11,6.700030612781516e-19,1.668395398912855e-11,,,6.314687442106164e-11,1.668395398912855e-11,,2.268080077992284e-01,1.531968271715784e+00,6.563996263375821e-10,1.359649624988267e-18,2.772702368310983e-01,7.760416666666666e-01,7.169904267433148e-02,7.520076838483436e-03,9.924799231615166e-01,9.443593640140538e-01,9.298927072639526e-01,9.050173488778632e-01,8.810545359148181e-01,8.512844971861494e-01,8.187911060169594e-01,7.965714944651600e-01,7.754731563132967e-01,7.576216037616027e-01,3.324528209600407e-05,9.702365783814258e-02,1.276258690593577e-01,1.913188639290991e-01,2.745376081888770e-01,1.396098224137214e-01,8.909375843669327e-02,2.608286154389639e-02,5.259940713339866e-02,2.074906174718027e-03,false
11,1.000000000000000e+01,0,8,CONTINUE,6.051210146219900e-09,9.156075310777363e-10,1.000000000000000e-09,6.051210146219901e-10,2.220446049396344e-14,2.599287139071199e-03,2.855347996262101e+01,9.900000000000000e-01,,,3.034837284064866e-03,1.071105348315938e-04,6.298059465789809e-05,3.458286070801285e-02,2.074563605466458e+00,REACHED_FORCE,REACHED_FORCE,,4,0,0,4,0,0,,,,1.710028304260881e-11,NaN,4.537561258265328e-12,NaN,,,8.082808764286377e-06,2.162270257300610e-06,,solution good enough for the tolerances given,solution good enough for the tolerances given,,6.238006721117664e-11,1.663145950907211e-11,,2.086242149087342e-18,1.710028304260881e-11,3.722709803182650e-18,4.537561258265328e-12,,,1.710028304260881e-11,4.537561258265328e-12,,1.341667389356758e-01,1.449878652938594e+00,6.563996263375821e-10,1.359649624988267e-18,2.772702368310983e-01,7.760416666666666e-01,9.563420170662904e-01,3.489977487218021e-03,9.965100225127820e-01,9.812050908848710e-01,9.737310066761288e-01,9.626558149586173e-01,9.515019811785401e-01,9.379568885972792e-01,9.281760356301921e-01,9.162756709066848e-01,9.082436692871794e-01,2.533435866418759e-02,4.683002461544951e-05,1.183627909994274e-01,1.568153619370775e-01,3.087581388259562e-01,1.938600634161506e-01,1.020768831884372e-01,5.323896207375406e-02,6.415938078427072e-02,2.681588750310954e-03,7.894266200871830e-29,false
11,3.162000000000000e+01,0,6,CONTINUE,6.051210146219900e-09,9.156075310812346e-10,1.000000000000000e-09,6.051210146219901e-10,2.220446049396344e-14,2.608364964505278e-13,2.307854508636917e+01,9.900000000000000e-01,,,3.034837279264396e-03,1.071105347165107e-04,6.298059479292040e-05,3.458286070801285e-02,2.074563605466458e+00,REACHED_FORCE,REACHED_FORCE,,3,0,0,3,0,0,,,,2.845518928855850e-11,NaN,7.566465628962987e-12,NaN,,,2.634401669735198e-06,7.046077562047677e-07,,solution good enough for the tolerances given,solution good enough for the tolerances given,,1.168652475231778e-10,3.115227604813375e-11,,4.048817487875556e-18,2.845518928855850e-11,5.152501418147909e-18,7.566465628962987e-12,,,2.845518928855850e-11,7.566465628962987e-12,,7.691264534402058e-02,1.422930148040692e+00,6.563996263375821e-10,1.359649624988267e-18,2.772702368310983e-01,7.760416666666666e-01,9.906006720024476e-01,1.368469058064758e-03,9.986315309419352e-01,9.939341940339173e-01,9.913018487029769e-01,9.875993198281593e-01,9.836326521747586e-01,9.788164981989071e-01,9.754195525605563e-01,9.718620375178453e-01,9.689877592442363e-01,8.247650017697666e-12,6.321121102453080e-05,1.213361719719925e-01,1.625890522248039e-01,3.174899757186203e-01,1.836364294035542e-01,1.072346572958519e-01,3.924757583326551e-02,6.576156208936444e-02,2.641364251522542e-03,3.336094200217771e-28,false
11,1.000000000000000e+02,0,5,CONTINUE,6.051210146219900e-09,9.156075308825929e-10,1.000000000000000e-09,6.051210146219901e-10,2.220446049396344e-14,7.423654091146880e-24,2.131357367677796e+01,9.900000000000000e-01,,,3.034837388353952e-03,1.071104426067457e-04,6.298068705563143e-05,3.458286070801285e-02,2.074563605466458e+00,REACHED_FORCE,REACHED_FORCE,,3,0,0,2,0,0,,,,9.379765369900601e-13,NaN,9.306964233172415e-11,NaN,,,8.412241777020714e-07,2.249829823609773e-07,,solution good enough for the tolerances given,solution good enough for the tolerances given,,3.827253632715131e-12,4.489601374625412e-10,,1.643243917673343e-17,9.379765369900601e-13,2.385498889352286e-17,9.306964233172415e-11,,,9.379765369900601e-13,9.306964233172415e-11,,4.352951377816896e-02,1.414298618012519e+00,6.563996263375821e-10,1.359649624988267e-18,2.772702368310983e-01,7.760416666666666e-01,9.970728879575821e-01,4.689645437289114e-04,9.995310354562711e-01,9.980689190127551e-01,9.972068165425482e-01,9.960165617587398e-01,9.947158245909781e-01,9.931385790837799e-01,9.920004412334176e-01,9.909210574228783e-01,9.899756396304180e-01,7.423654091146880e-22,7.229312872344008e-05,1.223495562005889e-01,1.646860399387302e-01,3.191015977688142e-01,1.805938818063036e-01,1.092120315852504e-01,3.541313442191988e-02,6.594835311429104e-02,2.623112035378263e-03,4.742770955540317e-27,false
11,3.162000000000000e+02,0,4,CONTINUE,6.051210146219900e-09,9.156075310589506e-10,1.000000000000000e-09,6.051210146219901e-10,2.220446049396344e-14,6.445989033656186e-33,2.076229312809962e+01,9.900000000000000e-01,,,3.034837293829829e-03,1.071105255726413e-04,6.298060392744206e-05,3.458286070801285e-02,2.074563605466458e+00,REACHED_FORCE,REACHED_FORCE,,2,0,0,2,0,0,,,,3.571820798658164e-11,NaN,9.415539941953158e-12,NaN,,,2.668781810668487e-07,7.137445074906688e-08,,solution good enough for the tolerances given,solution good enough for the tolerances given,,1.701156626720409e-10,4.527891247700413e-11,,4.475552686702272e-17,3.571820798658164e-11,5.352570600289375e-17,9.415539941953158e-12,,,3.571820798658164e-11,9.415539941953158e-12,,2.453058896127099e-02,1.411558410467256e+00,6.563996263375821e-10,1.359649624988267e-18,2.772702368310983e-01,7.760416666666666e-01,1.901221318160556e-01,1.522988656222912e-04,9.998477011343777e-01,9.993879456719247e-01,9.991122298296753e-01,9.987338712178034e-01,9.983178046376567e-01,9.978136424876279e-01,9.974459914656995e-01,9.971099901971090e-01,9.968072518838179e-01,2.038221732442086e-30,7.577745793173031e-05,1.226773882423178e-01,1.653776432884797e-01,3.194879366559043e-01,1.796451137508227e-01,1.097978210452073e-01,3.436954217955220e-02,6.595214719886970e-02,2.616630180913695e-03,5.160360923899931e-26,false
11,1.000000000000000e+03,0,4,CONTINUE,6.051210146219900e-09,9.156075310776019e-10,1.000000000000000e-09,6.051210146219901e-10,2.220446049396344e-14,8.529917788777971e-33,2.058891705016299e+01,9.900000000000000e-01,,,3.034837284233436e-03,1.071105339185205e-04,6.298059556493332e-05,3.458286070801285e-02,2.074563605466458e+00,REACHED_FORCE,REACHED_FORCE,,2,0,0,2,0,0,,,,3.584128585826067e-12,NaN,9.447923603948631e-13,NaN,,,8.447097171983000e-08,2.259091402061106e-08,,solution good enough for the tolerances given,solution good enough for the tolerances given,,1.705361979880134e-11,4.539028492724183e-12,,1.404007932050838e-16,3.584128585826067e-12,2.082566026096258e-16,9.447923603948631e-13,,,3.584128585826067e-12,9.447923603948631e-13,,1.380311266365266e-02,1.410690609707124e+00,6.563996263375821e-10,1.359649624988267e-18,2.772702368310983e-01,7.760416666666666e-01,2.704796383882639e-04,4.856746132408940e-05,9.999514325386759e-01,9.998063334197954e-01,9.997188418483351e-01,9.995990120012015e-01,9.994669801040572e-01,9.993070327350175e-01,9.991899686054734e-01,9.990842852663074e-01,9.989881823813280e-01,8.529917788777971e-30,7.695132699414879e-05,1.227818315225172e-01,1.655992997440738e-01,3.195976552659923e-01,1.793462162118854e-01,1.099772199277959e-01,3.405958725437631e-02,6.594673350892125e-02,2.614505237443813e-03,4.856150950167227e-25,false
11,3.162000000000000e+03,0,4,CONTINUE,6.051210146219900e-09,9.156075310795462e-10,1.000000000000000e-09,6.051210146219901e-10,2.220446049396344e-14,6.072353948810444e-33,2.053420758335448e+01,9.900000000000000e-01,,,3.034837283269804e-03,1.071105347540042e-04,6.298059472776681e-05,3.458286070801285e-02,2.074563605466458e+00,REACHED_FORCE,REACHED_FORCE,,2,0,0,2,0,0,,,,3.588863283160784e-13,NaN,9.460412054435041e-14,NaN,,,2.672283491835620e-08,7.146738483101423e-09,,solution good enough for the tolerances given,solution good enough for the tolerances given,,1.707090058502679e-12,4.543616401298911e-13,,4.627671333699672e-16,3.588863283160784e-13,4.916441806077608e-16,9.460412054435041e-14,,,3.588863283160784e-13,9.460412054435041e-14,,7.764033222054013e-03,1.410416120605309e+00,6.563996263375821e-10,1.359649624988267e-18,2.772702368310983e-01,7.760416666666666e-01,8.559691510764233e-05,1.540116230369648e-05,9.999845988376963e-01,9.999387383389440e-01,9.999110375275937e-01,9.998731214090079e-01,9.998313183853583e-01,9.997806811437225e-01,9.997435763584216e-01,9.997102101856580e-01,9.996797793395323e-01,1.920078318613862e-29,7.733004272884193e-05,1.228149301300909e-01,1.656696754905609e-01,3.196310945792005e-01,1.792518263173517e-01,1.100333037531604e-01,3.396369252651488e-02,6.594432136485184e-02,2.613825795540560e-03,4.940723985357959e-24,false
11,1.000000000000000e+04,0,4,CONTINUE,6.051210146219900e-09,9.156075310828407e-10,1.000000000000000e-09,6.051210146219901e-10,2.220446049396344e-14,4.845658347053877e-33,1.473865296692972e+01,9.900000000000000e-01,,,3.034837283166497e-03,1.071105348377174e-04,6.298059464388594e-05,3.458286070801285e-02,2.074563605466458e+00,REACHED_FORCE,REACHED_FORCE,,2,0,0,2,0,0,,,,3.589532506951751e-14,NaN,9.462171172459899e-15,NaN,,,8.450603180759258e-09,2.260022600477049e-09,,solution good enough for the tolerances given,solution good enough for the tolerances given,,1.707242480874667e-13,4.544017855967168e-14,,1.270652758901016e-15,3.589532506951751e-14,1.453077397718227e-15,9.462171172459899e-15,,,3.589532506951751e-14,9.462171172459899e-15,,4.366135487746601e-03,1.410329293566671e+00,6.563996263375821e-10,1.359649624988267e-18,2.772702368310983e-01,7.760416666666666e-01,4.665536511584484e-03,6.784834525985772e-06,9.999932151654740e-01,9.999803779783679e-01,9.999705900620113e-01,9.999584954563736e-01,9.999442204542877e-01,9.999279745403920e-01,9.999108920509309e-01,9.999056406113643e-01,9.998975747956914e-01,4.845658347053877e-29,1.768409498819065e-04,1.337710620282262e-01,1.842235354068787e-01,3.252788953247270e-01,1.642712709338879e-01,1.087955713504592e-01,5.889093401390192e-02,2.323472221257012e-02,1.357167779466888e-03,4.950801114957419e-23,false
11,3.162000000000000e+04,0,4,CONTINUE,6.051210146219900e-09,9.156075310917601e-10,1.000000000000000e-09,6.051210146219901e-10,2.220446049396344e-14,9.452145674930262e-33,9.345680322973765e+00,9.900000000000000e-01,,,3.034837283132976e-03,1.071105348506876e-04,6.298059463097259e-05,3.458286070801285e-02,2.074563605466458e+00,REACHED_FORCE,REACHED_FORCE,,2,0,0,2,0,0,,,,3.750677984068040e-15,NaN,4.367277312087702e-15,NaN,,,2.672634310997888e-09,7.147670486972598e-10,,solution good enough for the tolerances given,solution good enough for the tolerances given,,1.707683989112172e-14,4.545195525846260e-15,,3.750677984068040e-15,3.590572663410979e-15,4.367277312087702e-15,9.464949440526893e-16,,,3.750677984068040e-15,4.367277312087702e-15,,2.455417868322836e-03,1.410301839957491e+00,6.563996263375821e-10,1.359649624988267e-18,2.772702368310983e-01,7.760416666666666e-01,9.999896132570167e-01,3.383964070513557e-06,9.999966160359295e-01,9.999936231888619e-01,9.999899737413732e-01,9.999861132348092e-01,9.999811851334820e-01,9.999764664835159e-01,9.999711875318428e-01,9.999681533541258e-01,2.714925528364884e-06,2.988768462412949e-28,1.081009789232181e-03,1.531154014640660e-01,2.235681072631540e-01,3.131058170255404e-01,1.419166970993743e-01,9.107962006562677e-02,7.267061765563822e-02,3.462729637368018e-03,9.777849443005800e-54,4.278702388985767e-22,false
11,1.000000000000000e+05,0,3,CONTINUE,6.051210146219900e-09,9.156075322582698e-10,1.000000000000000e-09,6.051210146219901e-10,2.220446049396344e-14,4.716801440277407e-33,9.344785618141177e+00,9.900000000000000e-01,,,3.034837010179643e-03,1.071104310293869e-04,6.298069759972134e-05,3.458286070801285e-02,2.074563605466458e+00,REACHED_FORCE,REACHED_FORCE,,2,0,0,1,0,0,,,,1.320297952862653e-14,NaN,2.271756161008678e-11,NaN,,,8.450953988857301e-10,2.260115805539293e-10,,solution good enough for the tolerances given,solution good enough for the tolerances given,,1.707435130744464e-15,2.260115805539293e-10,,1.320297952862653e-14,3.589996681006846e-16,1.691852428010836e-14,2.271756161008678e-11,,,1.320297952862653e-14,2.271756161008678e-11,,1.380731505098637e-03,1.410293156783508e+00,6.563996263375821e-10,1.359649624988267e-18,2.772702368310983e-01,7.760416666666666e-01,9.999971448944852e-01,1.070114361900742e-06,9.999989298856381e-01,9.999979836275642e-01,9.999968296225563e-01,9.999956089112968e-01,9.999940505967033e-01,9.999925585514873e-01,9.999908893129427e-01,9.999899298631846e-01,5.507373978240423e-16,4.716801440277406e-28,1.081531867590576e-03,1.531182500976301e-01,2.235757611454655e-01,3.130995462384187e-01,1.419131824708353e-01,9.107739649663181e-02,7.267164487496414e-02,3.462686808463703e-03,3.217711933034225e-45,4.978005735117350e-21,false
11,3.162000000000000e+05,0,2,CONTINUE,6.051210146219900e-09,9.156075317717220e-10,1.000000000000000e-09,6.051210146219901e-10,2.220446049396344e-14,4.201429633103386e-33,9.344503319798653e+00,9.900000000000000e-01,,,3.034837196036810e-03,1.071105021372077e-04,6.298062707644625e-05,3.458286070801285e-02,2.074563605466458e+00,REACHED_FORCE,REACHED_FORCE,,1,0,0,1,0,0,,,,2.711064679634988e-11,NaN,7.184614665353695e-12,NaN,,,2.672669401917269e-10,7.147802587840659e-11,,solution good enough for the tolerances given,solution good enough for the tolerances given,,2.672669401917269e-10,7.147802587840659e-11,,4.648077204431975e-14,2.711064679634988e-11,8.196177602988550e-14,7.184614665353695e-12,,,2.711064679634988e-11,7.184614665353695e-12,,7.764781075049450e-04,1.410290411375585e+00,6.563996263375821e-10,1.359649624988267e-18,2.772702368310983e-01,7.760416666666666e-01,9.708514893149806e-01,3.384400610872973e-07,9.999996615599389e-01,9.999993623085843e-01,9.999989973431438e-01,9.999986112845428e-01,9.999981184540314e-01,9.999976465856644e-01,9.999971186763345e-01,9.999968152407611e-01,8.252477378021121e-26,1.328492049987291e-27,1.081696751706196e-03,1.531191501192371e-01,2.235781815430110e-01,3.130975636994804e-01,1.419120717159213e-01,9.107669323620134e-02,7.267196968314481e-02,3.462673251298118e-03,1.065221826756215e-23,4.679422945863477e-20,true
11,1.000000000000000e+06,0,2,CONTINUE,6.051210146219900e-09,9.156075317860718e-10,1.000000000000000e-09,6.051210146219901e-10,2.220446049396344e-14,4.114932297892254e-33,9.344414144791951e+00,9.900000000000000e-01,,,3.034837254532472e-03,1.071105246268398e-04,6.298060477168122e-05,3.458286070801285e-02,2.074563605466458e+00,REACHED_FORCE,REACHED_FORCE,,1,0,0,1,0,0,,,,8.572394801387856e-12,NaN,2.271769103672112e-12,NaN,,,8.450989081332411e-11,2.260129016859694e-11,,solution good enough for the tolerances given,solution good enough for the tolerances given,,8.450989081332411e-11,2.260129016859694e-11,,1.058383761220246e-13,8.572394801387856e-12,1.569849876516803e-13,2.271769103672112e-12,,,8.572394801387856e-12,2.271769103672112e-12,,4.366268485041983e-04,1.410289543053485e+00,6.563996263375821e-10,1.359649624988267e-18,2.772702368310983e-01,7.760416666666666e-01,1.729633217969457e-05,1.070157933380500e-07,9.999998929842067e-01,9.999997983617266e-01,9.999996829591575e-01,9.999995608872370e-01,9.999994050537399e-01,9.999992558488801e-01,9.999990889236100e-01,9.999989929768549e-01,1.825299296149055e-26,4.114932297892254e-27,1.081748940442035e-03,1.531194341726107e-01,2.235789468892141e-01,3.130969111402122e-01,1.419117467006250e-01,9.107647117408880e-02,7.267207195115373e-02,3.462669031653560e-03,2.504390524977014e-19,2.722459752876733e-19,false
11,3.162000000000000e+06,0,2,CONTINUE,6.051210146219900e-09,9.156075314727242e-10,1.000000000000000e-09,6.051210146219901e-10,2.220446049396344e-14,7.485723854127928e-33,9.344074996870377e+00,9.900000000000000e-01,,,3.034837274459592e-03,1.071105313722067e-04,6.298059808005463e-05,3.458286070801285e-02,2.074563605466458e+00,REACHED_FORCE,REACHED_FORCE,,1,0,0,1,0,0,,,,2.711068077931172e-12,NaN,7.184589159497587e-13,NaN,,,2.672672905421934e-11,7.147776890481088e-12,,solution good enough for the tolerances given,solution good enough for the tolerances given,,2.672672905421934e-11,7.147776890481088e-12,,3.801088048781048e-13,2.711068077931172e-12,5.264592066326138e-13,7.184589159497587e-13,,,2.711068077931172e-12,7.184589159497587e-13,,2.455441523724665e-04,1.410289268512222e+00,6.563996263375821e-10,1.359649624988267e-18,2.772702368310983e-01,7.760416666666666e-01,8.564460286436995e-08,3.384556779284509e-08,9.999999661544322e-01,9.999999362306952e-01,9.999998997338958e-01,9.999998611279709e-01,9.999998118447333e-01,9.999997646579134e-01,9.999997118668663e-01,9.999996815231256e-01,7.592432132580117e-26,2.366985882675251e-26,1.081919477885642e-03,1.531197245636804e-01,2.235798002850397e-01,3.130960570582436e-01,1.419114899972614e-01,9.107622591464473e-02,7.267212061077789e-02,3.462662092466716e-03,7.094842856531831e-19,3.155614017793560e-18,false
11,1.000000000000000e+07,0,2,CONTINUE,6.051210146219900e-09,9.156075343798082e-10,1.000000000000000e-09,6.051210146219901e-10,2.220446049396344e-14,5.203680869679176e-33,9.327915079034318e+00,9.900000000000000e-01,,,3.034837272408304e-03,1.071105346787501e-04,6.298059480546241e-05,3.458286070801285e-02,2.074563605466458e+00,REACHED_FORCE,REACHED_FORCE,,1,0,0,1,0,0,,,,1.008266556454685e-12,NaN,1.015418164895603e-12,NaN,,,8.450992644712326e-12,2.260126467860610e-12,,solution good enough for the tolerances given,solution good enough for the tolerances given,,8.450992644712326e-12,2.260126467860610e-12,,1.008266556454685e-12,8.572398230177226e-13,1.015418164895603e-12,2.271766488034371e-13,,,1.008266556454685e-12,1.015418164895603e-12,,1.380735711908928e-04,1.410289181679965e+00,6.563996263375821e-10,1.359649624988267e-18,2.772702368310983e-01,7.760416666666666e-01,7.865151017238946e-06,1.072050914707745e-08,9.999999892794909e-01,9.999999798332094e-01,9.999999682861154e-01,9.999999560790582e-01,9.999999404930469e-01,9.999999255790821e-01,9.999999088913315e-01,9.999998992960865e-01,1.571605310305966e-25,5.203680869679176e-26,1.091760307087113e-03,1.532040523190884e-01,2.237473790837541e-01,3.129860805653561e-01,1.418312068243176e-01,9.101424435808915e-02,7.266492362756254e-02,3.460352914744691e-03,6.978746030353339e-18,4.167379317417675e-17,false
11,3.162000000000000e+07,0,2,CONTINUE,6.051210146219900e-09,9.156075372364874e-10,1.000000000000000e-09,6.051210146219901e-10,2.220446049396344e-14,3.972038408340561e-33,5.641956805055015e+00,9.900000000000000e-01,,,3.034837272351525e-03,1.071105340228249e-04,6.298059544280237e-05,3.458286070801285e-02,2.074563605466458e+00,REACHED_FORCE,REACHED_FORCE,,1,0,0,1,0,0,,,,3.092696876656862e-12,NaN,4.500962499438170e-12,NaN,,,2.672673256538010e-12,7.147774226474326e-13,,solution good enough for the tolerances given,solution good enough for the tolerances given,,2.672673256538010e-12,7.147774226474326e-13,,3.092696876656862e-12,2.711068606479732e-13,4.500962499438170e-12,7.184586313466884e-14,,,3.092696876656862e-12,4.500962499438170e-12,,7.764788574009268e-05,1.410289154225834e+00,6.563996263375821e-10,1.359649624988267e-18,2.772702368310983e-01,7.760416666666666e-01,8.552237861765279e-01,5.605422792598347e-09,9.999999943945772e-01,9.999999924370246e-01,9.999999879714541e-01,9.999999833453653e-01,9.999999774204870e-01,9.999999714244245e-01,9.999999685424750e-01,2.685922633361357e-01,7.014068223777189e-25,1.255958544717285e-25,5.795224422876394e-02,1.711460193478199e-01,3.455527217993967e-01,2.200179534167988e-01,1.228905340764232e-01,7.654353825918635e-02,5.896988871611468e-03,8.530592831833847e-48,5.436434706536649e-17,3.703279253757839e-16,false
11,1.000000000000000e+08,0,2,CONTINUE,6.051210146219900e-09,9.156075457475265e-10,1.000000000000000e-09,6.051210146219901e-10,2.220446049396344e-14,6.560900865363543e-33,5.642026232979094e+00,9.900000000000000e-01,,,3.034837252574730e-03,1.071105356530848e-04,6.298059380522607e-05,3.458286070801285e-02,2.074563605466458e+00,REACHED_FORCE,REACHED_FORCE,,1,0,0,1,0,0,,,,1.342149205698349e-11,NaN,1.480680340961376e-11,NaN,,,8.450992849048777e-13,2.260126361551478e-13,,solution good enough for the tolerances given,solution good enough for the tolerances given,,8.450992849048777e-13,2.260126361551478e-13,,1.342149205698349e-11,8.572401008445293e-14,1.480680340961376e-11,2.271768114337630e-14,,,1.342149205698349e-11,1.480680340961376e-11,,4.366269840604287e-05,1.410289145542608e+00,6.563996263375821e-10,1.359649624988267e-18,2.772702368310983e-01,7.760416666666666e-01,9.999999980621883e-01,1.772412883127572e-09,9.999999982275871e-01,9.999999976085916e-01,9.999999961965143e-01,9.999999947336959e-01,9.999999928603445e-01,9.999999909644541e-01,9.999999900532859e-01,1.039072543097965e-11,2.937499316126436e-24,6.560900865363544e-25,5.794597806369307e-02,1.711579837140813e-01,3.455685322674523e-01,2.200019714808123e-01,1.228834891762925e-01,7.654168049782717e-02,5.900364799838482e-03,1.399507690948060e-46,1.188273655633854e-15,3.282124670597168e-15,false
11,3.162000000000000e+08,0,2,CONTINUE,6.051210146219900e-09,9.156075215950838e-10,1.000000000000000e-09,6.051210146219901e-10,2.220446049396344e-14,3.594938141548182e-33,5.664475996495797e+00,9.900000000000000e-01,,,3.034837338767611e-03,1.071105045660620e-04,6.298062445316735e-05,3.458286070801285e-02,2.074563605466458e+00,REACHED_FORCE,REACHED_FORCE,,1,0,0,1,0,0,,,,2.459783553635019e-11,NaN,3.855247339578949e-11,NaN,,,2.672672754435312e-13,7.147769900138706e-14,,solution good enough for the tolerances given,solution good enough for the tolerances given,,2.672672754435312e-13,7.147769900138706e-14,,2.459783553635019e-11,2.711069893969811e-14,3.855247339578949e-11,7.184574116192444e-15,,,2.459783553635019e-11,3.855247339578949e-11,,2.455441741480538e-05,1.410289142797195e+00,6.563996263375821e-10,1.359649624988267e-18,2.772702368310983e-01,7.760416666666666e-01,9.999005919177923e-01,5.583138396048071e-10,9.999999994416862e-01,9.999999992462365e-01,9.999999987985249e-01,9.999999983360153e-01,9.999999977426484e-01,9.999999971427174e-01,9.999999968545767e-01,3.842998251664921e-20,3.650766772538660e-24,1.136719440357535e-24,5.605572056011726e-02,1.721122204260924e-01,3.454332761734887e-01,2.208308046775471e-01,1.230583491347214e-01,7.659139446819001e-02,5.918234559802889e-03,8.907638917539388e-32,1.377062806929336e-14,2.667418781097768e-14,false
11,1.000000000000000e+09,0,2,CONTINUE,6.051210146219900e-09,9.156074612218271e-10,1.000000000000000e-09,6.051210146219901e-10,2.220446049396344e-14,5.208208086011045e-33,5.635959752080088e+00,9.900000000000000e-01,,,3.034837565583503e-03,1.071103669042555e-04,6.298076029456024e-05,3.458286070801285e-02,2.074563605466458e+00,REACHED_FORCE,REACHED_FORCE,,1,0,0,1,0,0,,,,8.780890418145175e-11,NaN,8.294671985855116e-11,NaN,,,8.450984395209573e-14,2.260117905330279e-14,,solution good enough for the tolerances given,solution good enough for the tolerances given,,8.450984395209573e-14,2.260117905330279e-14,,8.780890418145175e-11,8.572400330818936e-15,8.294671985855116e-11,2.271769469590346e-15,,,8.780890418145175e-11,8.294671985855116e-11,,1.380735868156306e-05,1.410289141928872e+00,6.563996263375821e-10,1.359649624988267e-18,2.772702368310983e-01,7.760416666666666e-01,6.939938243559768e-05,1.774320690373088e-10,9.999999998225679e-01,9.999999997605924e-01,9.999999996195177e-01,9.999999994732540e-01,9.999999992859847e-01,9.999999990964061e-01,9.999999990052917e-01,4.113397294397951e-23,1.908915019022009e-23,5.208208086011046e-24,5.849483491964214e-02,1.709495457422474e-01,3.454993724384895e-01,2.197689020239148e-01,1.228763856553433e-01,7.651693239118836e-02,5.894026828649226e-03,3.747854798479187e-14,1.852859905585347e-13,3.035538966788634e-13,false
11,3.162000000000000e+09,0,2,CONTINUE,6.051210146219900e-09,9.156080680945371e-10,1.000000000000000e-09,6.051210146219901e-10,2.220446049396344e-14,7.812936376447476e-34,5.665246559862002e+00,9.900000000000000e-01,,,3.034836509516380e-03,1.071105587101048e-04,6.298057117092135e-05,3.458286070801285e-02,2.074563605466458e+00,REACHED_FORCE,REACHED_FORCE,,1,0,0,1,0,0,,,,2.122647719672268e-10,NaN,4.964317256307937e-10,NaN,,,2.672671977834838e-14,7.147794696575810e-15,,solution good enough for the tolerances given,solution good enough for the tolerances given,,2.672671977834838e-14,7.147794696575810e-15,,2.122647719672268e-10,2.711040756036426e-15,4.964317256307937e-10,7.184330170703634e-16,,,2.122647719672268e-10,4.964317256307937e-10,,7.764788297062054e-06,1.410289141654331e+00,6.563996263375821e-10,1.359649624988267e-18,2.772702368310983e-01,7.760416666666666e-01,1.278114849001502e-09,5.582379003499227e-11,9.999999999441762e-01,9.999999999248352e-01,9.999999998800009e-01,9.999999998336011e-01,9.999999997742568e-01,9.999999997142730e-01,9.999999996853826e-01,1.359098304396740e-22,2.765416442340516e-23,2.470450482232692e-24,5.544932971239994e-02,1.713745441721270e-01,3.462595541191965e-01,2.214448820667153e-01,1.229564480485576e-01,7.662554155588981e-02,5.889700320969332e-03,7.405897724703052e-15,1.420977182631389e-12,2.716446140595276e-12,false
11,1.000000000000000e+10,0,4,CONTINUE,6.051210146219900e-09,9.156075311168388e-10,1.000000000000000e-09,6.051210146219901e-10,2.220446049396344e-14,4.150283370779454e-33,5.641629036541900e+00,9.900000000000000e-01,,,3.034837283064042e-03,1.071105348790749e-04,6.298059464770333e-05,3.458286070801285e-02,2.074563605466458e+00,REACHED_FORCE,REACHED_FORCE,,1,1,1,1,1,1,,,,8.720400881037836e-10,1.163931689744657e-14,1.101525773357389e-09,1.712362992015420e-14,,,8.450994227905195e-15,2.260152389211461e-15,,solution good enough for the tolerances given,solution good enough for the tolerances given,,8.450994227905195e-15,2.260152389211461e-15,,8.720400881037836e-10,8.572380002028201e-16,1.101525773357389e-09,2.271674601900253e-16,,,1.163931689744657e-14,1.712362992015420e-14,,4.366275276652578e-06,1.410289141567499e+00,6.563996263375821e-10,1.359649624988267e-18,2.772702368310983e-01,7.760416666666666e-01,3.503572478016053e-08,1.772537672195540e-11,9.999999999822746e-01,9.999999999760847e-01,9.999999999619653e-01,9.999999999473386e-01,9.999999999286038e-01,9.999999999096443e-01,9.999999999005316e-01,3.408874252123214e-22,1.144756494490566e-22,4.150283370779454e-23,5.798457761309442e-02,1.710422939352860e-01,3.456226668715505e-01,2.200183694148962e-01,1.229042309564537e-01,7.653432692523832e-02,5.893534247144043e-03,2.501811648179307e-13,1.491757140597079e-11,2.116985707598618e-11,false
11,3.162000000000000e+10,0,4,CONTINUE,6.051210146219900e-09,9.156075317869177e-10,1.000000000000000e-09,6.051210146219901e-10,2.220446049396344e-14,4.804142821316462e-33,5.160090961497595e+00,9.900000000000000e-01,,,3.034837281258822e-03,1.071105353989468e-04,6.298059460553886e-05,3.458286070801285e-02,2.074563605466458e+00,REACHED_FORCE,REACHED_FORCE,,1,1,1,1,1,1,,,,3.003073772991512e-09,2.596660620153416e-13,3.983570674315087e-09,2.590116426662271e-13,,,2.672664173483534e-15,7.147700161176492e-16,,solution good enough for the tolerances given,solution good enough for the tolerances given,,2.672664173483534e-15,7.147700161176492e-16,,3.003073772991512e-09,2.710708719121102e-16,3.983570674315087e-09,7.180128887285253e-17,,,2.596660620153416e-13,2.590116426662271e-13,,2.455433181363815e-06,1.410289141540045e+00,6.563996263375821e-10,1.359649624988267e-18,2.772702368310983e-01,7.760416666666666e-01,4.309194281708282e-03,6.128875185140714e-12,9.999999999938711e-01,9.999999999903955e-01,9.999999999857994e-01,9.999999999791442e-01,9.999999999725728e-01,9.999999999696509e-01,9.999814308288435e-01,9.047116215017706e-22,4.749161203148850e-22,1.519069960100265e-22,1.291686729903669e-01,2.400089855143061e-01,3.622053654106146e-01,1.657628844072765e-01,7.793032076092203e-02,2.492377051088328e-02,8.911271767482228e-43,4.047662946249131e-11,1.572242841666046e-10,2.079303964476967e-10,false
11,1.000000000000000e+11,0,4,CONTINUE,6.051210146219900e-09,9.156075368388498e-10,1.000000000000000e-09,6.051210146219901e-10,2.220446049396344e-14,2.628776848635629e-33,-1.000000000015587e+00,9.900000000000000e-01,,,3.034837265865367e-03,1.071105394633101e-04,6.298059525394012e-05,3.458286070801285e-02,2.074563605466458e+00,REACHED_FORCE,REACHED_FORCE,,1,1,1,1,1,1,,,,8.870659982412113e-09,1.574552647485672e-12,1.012487638197728e-08,1.942041222185499e-12,,,8.450639096651390e-16,2.259654210807988e-16,,solution good enough for the tolerances given,solution good enough for the tolerances given,,8.450639096651390e-16,2.259654210807988e-16,,8.870659982412113e-09,8.572651052571323e-17,1.012487638197728e-08,2.272758804072739e-17,,,1.574552647485672e-12,1.942041222185499e-12,,1.380746021282175e-06,1.410289141531361e+00,6.563996263375821e-10,1.359649624988267e-18,2.772702368310983e-01,7.760416666666666e-01,1.487423169813601e-01,-1.558708717652735e-11,1.000000000015587e+00,9.999999999994544e-01,9.999999999973053e-01,9.999999999947913e-01,9.999999999912463e-01,9.999999999812652e-01,9.778757231457831e-01,2.396998591970575e-21,8.764288188280003e-22,2.628776848635630e-22,7.277320556368334e-08,7.444025509287655e-03,4.110935624864787e-01,4.477645232424018e-01,1.336902086379197e-01,7.602743484854925e-06,8.582965199179762e-45,6.252359000815432e-11,1.423377978135845e-09,3.121321867902605e-09,false
11,3.162000000000000e+11,0,4,CONTINUE,6.051210146219900e-09,9.156075834122831e-10,1.000000000000000e-09,6.051210146219901e-10,2.220446049396344e-14,4.985047165735610e-33,-1.000000000064866e+00,9.900000000000000e-01,,,3.034837138547475e-03,1.071105787895155e-04,6.298059888695206e-05,3.458286070801285e-02,2.074563605466458e+00,REACHED_FORCE,REACHED_FORCE,,1,1,1,1,1,1,,,,2.708629004701388e-08,1.402500165462661e-11,3.459024163092702e-08,1.757035572249346e-11,,,2.671570849312444e-16,7.131332642377510e-17,,solution good enough for the tolerances given,solution good enough for the tolerances given,,2.671570849312444e-16,7.131332642377510e-17,,2.708629004701388e-08,2.710505431213761e-17,3.459024163092702e-08,7.169286865560398e-18,,,1.402500165462661e-11,1.757035572249346e-11,,7.764993871590486e-07,1.410289141528616e+00,6.563996263375821e-10,1.359649624988267e-18,2.772702368310983e-01,7.760416666666666e-01,9.995205816112609e-01,-6.486589043674940e-11,1.000000000064866e+00,1.000000000009837e+00,1.000000000002648e+00,9.999999999985794e-01,9.999999999956664e-01,9.999999999556832e-01,9.586069546769549e-04,1.488688482603808e-20,5.891083611222392e-21,1.576271913805600e-21,2.224470795057072e-08,1.896820033322520e-05,1.025482978891243e-02,9.616942912768821e-01,2.803184923800935e-02,2.565968475346365e-09,1.213193507113590e-40,3.661248549085068e-10,1.091686267762826e-08,2.540220076870475e-08,false
11,1.000000000000000e+12,0,4,CONTINUE,6.051210146219900e-09,9.156082437868803e-10,1.000000000000000e-09,6.051210146219901e-10,2.220446049396344e-14,8.933910789526914e-33,-1.000000000354533e+00,9.900000000000000e-01,,,3.034835168953834e-03,1.071110316612184e-04,6.298052870088756e-05,3.458286070801285e-02,2.074563605466458e+00,REACHED_FORCE,REACHED_FORCE,,1,1,1,1,1,1,,,,1.148557754717928e-07,2.843010369691081e-10,1.150378353598169e-07,2.033723146866809e-10,,,8.448326556068925e-17,2.255879718926309e-17,,solution good enough for the tolerances given,solution good enough for the tolerances given,,8.448326556068925e-17,2.255879718926309e-17,,1.148557754717928e-07,8.544868371901382e-18,1.150378353598169e-07,2.276824562219559e-18,,,2.843010369691081e-10,2.033723146866809e-10,,4.366350255559949e-07,1.410289141527748e+00,6.563996263375821e-10,1.359649624988267e-18,2.772702368310983e-01,7.760416666666666e-01,9.215610954866123e-02,-3.545332916132793e-10,1.000000000354533e+00,1.000000000090084e+00,9.999999999995377e-01,9.999999999707869e-01,9.999999998918987e-01,9.999999995405779e-01,9.915072514152991e-01,7.671864082937285e-20,1.967674091508477e-20,8.933910789526913e-21,2.688766909067954e-10,1.824457203076599e-06,9.999783681676446e-01,1.851960037741284e-05,9.082485220569070e-07,4.508261845241905e-11,3.034233848849329e-39,1.268744875244771e-09,1.031670338006291e-07,2.747765163329206e-07,false
11,3.162000000000000e+12,0,6,CONTINUE,6.051210146219900e-09,9.156075713387265e-10,1.000000000000000e-09,6.051210146219901e-10,2.220446049396344e-14,2.995207640654825e-33,-1.000000000471271e+00,9.900000000000000e-01,,,3.034837139933984e-03,1.071146588151198e-04,6.298742019810050e-05,3.458286070801285e-02,2.074563605466458e+00,REACHED_FORCE,REACHED_FORCE,,1,2,2,1,2,2,,,,3.050246438413622e-07,2.342590578882306e-09,4.225043943145849e-07,3.539163998893168e-09,,,2.682777863816352e-17,7.257520649157173e-18,,solution good enough for the tolerances given,solution good enough for the tolerances given,,2.682777863816352e-17,7.257520649157173e-18,,3.050246438413622e-07,2.696952904057692e-18,4.225043943145849e-07,7.589415207398531e-19,,,2.922089011019458e-11,2.528957751187237e-11,,2.455818096949877e-07,1.410289141527473e+00,6.563996263375821e-10,1.359649624988267e-18,2.772702368310983e-01,7.760416666666666e-01,1.970092269471290e-01,-4.712705781173554e-10,1.000000000471271e+00,1.000000000179742e+00,9.999999999998548e-01,9.999999999690492e-01,9.999999997837792e-01,9.999999994867719e-01,9.611873643570765e-01,8.368837154716597e-20,4.915655888969605e-20,9.470846559750558e-21,9.401142451729865e-11,4.371474342643150e-08,9.999944091125038e-01,1.455796319526753e-06,2.683978948260569e-08,6.796643067560017e-11,8.634069497330563e-39,5.958105369734354e-08,1.458014325728683e-06,2.546779288463763e-06,false
11,1.000000000000000e+13,0,8,CONTINUE,6.051210146219900e-09,9.156075759773209e-10,1.000000000000000e-09,6.051210146219901e-10,2.220446049396344e-14,4.121639243332653e-33,-1.000000000043030e+00,9.900000000000000e-01,,,3.034837124933833e-03,1.071805933535402e-04,6.309724947458615e-05,3.458286070801285e-02,2.074563605466458e+00,REACHED_FORCE,REACHED_FORCE,,1,3,3,1,3,3,,,,1.165923851441179e-06,3.200402381095332e-08,1.448070849601320e-06,3.785374285964125e-08,,,8.494653858481613e-18,2.366953814688055e-18,,solution good enough for the tolerances given,solution good enough for the tolerances given,,8.494653858481613e-18,2.366953814688055e-18,,1.165923851441179e-06,8.876905287225068e-19,1.448070849601320e-06,3.930232875259954e-19,,,3.065126973119666e-11,4.298134528446399e-11,,1.381715403256773e-07,1.410289141527386e+00,6.563996263375821e-10,1.359649624988267e-18,2.772702368310983e-01,7.760416666666666e-01,9.997238115049295e-01,-4.302957989921197e-11,1.000000000043030e+00,1.000000000027403e+00,1.000000000006375e+00,9.999999999999540e-01,9.999999999858287e-01,9.999999999710660e-01,2.631928510675575e-16,3.618342514616577e-19,1.261629050953932e-19,4.121639243332653e-20,1.592584180252052e-08,1.245717677766549e-07,3.313773568864957e-06,9.999630062223790e-01,5.688298561783706e-07,4.900670254815195e-08,7.085678190065608e-26,5.143491523235133e-07,6.569854277189259e-06,2.583746645440000e-05,false
11,3.162000000000000e+13,0,8,CONTINUE,6.051210146219900e-09,9.156078939991450e-10,1.000000000000000e-09,6.051210146219901e-10,2.220446049396344e-14,2.676657614726955e-33,-1.000000000067664e+00,9.900000000000000e-01,,,3.034836390757893e-03,1.080210182836345e-04,6.448632444876766e-05,3.458286070801285e-02,2.074563605466458e+00,REACHED_FORCE,REACHED_FORCE,,1,3,3,1,3,3,,,,2.599113039132627e-06,1.075639565251534e-07,3.571994797898388e-06,1.080190556962753e-07,,,2.698740019676184e-18,7.956556998885337e-19,,solution good enough for the tolerances given,solution good enough for the tolerances given,,2.698740019676184e-18,7.956556998885337e-19,,2.599113039132627e-06,3.049318610115481e-19,3.571994797898388e-06,1.490777987167569e-19,,,1.154856762714860e-10,2.028113525560183e-10,,7.774789963402754e-08,1.410289141527359e+00,6.563996263375821e-10,1.359649624988267e-18,2.772702368310983e-01,7.760416666666666e-01,1.454236083194750e-04,-6.766365245880479e-11,1.000000000067664e+00,1.000000000001874e+00,9.999999999999853e-01,9.999999999992619e-01,9.999999999966371e-01,9.999999999614178e-01,1.787955149913530e-18,8.070545243905234e-19,3.516879560860632e-19,8.463591377766632e-20,2.584205275452510e-36,4.516238734495322e-29,9.994925180055124e-01,8.862231552396219e-29,2.814670458295714e-29,1.602025988741842e-36,3.832496303942582e-07,2.390260462327025e-05,2.535709108791665e-04,2.296252293550435e-04,false
11,1.000000000000000e+14,0,14,CONTINUE,6.051210146219900e-09,9.156074713991889e-10,1.000000000000000e-09,6.051210146219901e-10,2.220446049396344e-14,5.215125975188309e-33,-1.000000001172372e+00,9.900000000000000e-01,,,3.034837329870470e-03,1.312079692830634e-04,9.795484811727996e-05,3.458286070801285e-02,2.074563605466458e+00,REACHED_FORCE,REACHED_FORCE,,1,6,6,1,6,6,,,,7.952058900227338e-06,8.980567777169771e-07,9.145532291198929e-06,1.179053466885865e-06,,,9.091816655201968e-19,4.246939067779225e-19,,solution good enough for the tolerances given,solution good enough for the tolerances given,,9.091816655201968e-19,4.246939067779225e-19,,7.952058900227338e-06,1.490777987167569e-19,9.145532291198929e-06,9.486769009248164e-20,,,1.353069804179444e-10,1.567316650981810e-10,,4.374066578574157e-08,1.410289141527350e+00,6.563996263375821e-10,1.359649624988267e-18,2.772702368310983e-01,7.760416666666666e-01,9.568403984048335e-01,-1.172371533186833e-09,1.000000001172372e+00,1.000000000178068e+00,1.000000000000018e+00,9.999999999999958e-01,9.999999991720894e-01,9.999999980762975e-01,2.220713279367024e-17,3.930356636887271e-18,1.330044921769482e-18,5.215125975188310e-19,3.133837663223020e-35,7.411716355092800e-36,1.805470613018759e-29,9.950592804671411e-01,2.574763167829887e-36,1.676734052103028e-34,3.526067301478440e-11,9.735592399719617e-05,1.715146953091616e-03,3.128216620509296e-03,false
11,3.162000000000000e+14,1,6,CONTINUE,6.051210146219900e-09,9.564340096246100e-10,1.000000000000000e-09,6.051210146219901e-10,2.220446049396344e-14,1.238609516925665e-33,-1.000000000370282e+00,9.900000000000000e-01,,,2.977430685422276e-03,1.466164098533619e-04,1.034026933943746e-04,3.458286070801285e-02,2.074563605466458e+00,REFINE_STALLED,REFINE_STALLED,,1,1,1,1,3,3,,,,2.543673255138012e-05,1.393405822417118e-05,4.480525510007284e-05,1.087468493662659e-05,,,3.427878605408158e-19,4.694733121053623e-19,,solution good enough for the tolerances given,solution good enough for the tolerances given,,3.427878605408158e-19,4.694733121053623e-19,,2.543673255138012e-05,9.486769009248164e-20,4.480525510007284e-05,1.219727444046192e-19,,,1.393405822417118e-05,2.288563988863475e-06,,2.105984164586385e-08,1.410289141527348e+00,6.563996263375821e-10,1.359649624988267e-18,2.772702368310983e-01,7.760416666666666e-01,1.602595304149586e-05,-3.702824713514019e-10,1.000000000370282e+00,1.000000000028271e+00,9.999999999999987e-01,9.999999999999942e-01,9.999999996020419e-01,9.999999992539814e-01,2.134583556680208e-17,1.097250856221075e-17,4.407587213175515e-18,3.916483292518951e-19,3.910626289767257e-34,2.212216910781751e-35,9.869020195785224e-01,3.608568295869411e-30,2.208618927008010e-34,1.039997742902574e-33,1.386768660733189e-05,4.839865159124692e-04,4.870256582001633e-03,7.729869636956365e-03,false
11,1.000000000000000e+15,1,5,CONTINUE,6.051210146219900e-09,6.051210607017815e-09,1.000000000000000e-09,6.051210146219901e-10,2.220446049396344e-14,4.931058420214490e-40,3.035236967597935e-06,9.900000000000000e-01,,,7.056986652430210e-10,4.024987850174548e-04,3.843707525096539e-04,3.458286070801285e-02,2.074563605466458e+00,REFINE_STALLED,REFINE_STALLED,,1,1,1,1,2,2,,,,7.973236878716141e-05,7.973222511336424e-05,6.074484910662162e-05,1.173715549346482e-05,,,1.198749466669116e-18,1.683306929826172e-19,,solution good enough for the tolerances given,solution good enough for the tolerances given,,1.198749466669116e-18,1.683306929826172e-19,,7.973236878716141e-05,1.292491291358215e-19,6.074484910662162e-05,3.908235816326696e-20,,,7.973222511336424e-05,1.173713433648485e-05,,3.162278297865118e-05,1.410289141881884e+00,6.563996263375821e-10,1.359649624988267e-18,2.772702368310983e-01,7.760416666666666e-01,5.625659337023648e-11,3.294635675388236e-10,9.999999996705364e-01,9.999999996689899e-01,9.999999994860440e-01,9.999999994808619e-01,9.999999990980757e-01,9.999999990967312e-01,9.999999990953876e-01,3.275281304938314e-24,1.603032375633633e-24,4.931058420214490e-25,8.444224641922854e-05,1.349888419125262e-08,4.663209802702223e-05,3.489341018743377e-05,3.134229199036643e-01,3.534147384597698e-01,3.288967904623322e-01,1.613220039089135e-04,1.778131672839377e-03,2.160116243967595e-03,false
11,3.162000000000000e+15,1,6,CONTINUE,6.051210146219900e-09,6.051211083437708e-09,1.000000000000000e-09,6.051210146219901e-10,2.220446049396344e-14,1.302367737346774e-40,9.599622473748391e-07,9.900000000000000e-01,,,6.324275720030899e-10,1.461213764092394e-03,1.442780669440558e-03,3.458286070801285e-02,2.074563605466458e+00,REFINE_STALLED,REFINE_STALLED,,1,2,2,1,2,2,,,,1.785015542863258e-04,7.973242158570068e-05,1.894429529387472e-04,1.173707560264742e-05,,,7.863338263311947e-19,4.490088820028443e-19,,solution good enough for the tolerances given,solution good enough for the tolerances given,,7.863338263311947e-19,4.490088820028443e-19,,1.785015542863258e-04,9.184528845648652e-20,1.894429529387472e-04,6.075810912733620e-20,,,7.973237614798067e-05,1.173706891167257e-05,,3.162277861843516e-05,1.410289141881883e+00,6.563996263375821e-10,1.359649624988267e-18,2.772702368310983e-01,7.760416666666666e-01,1.135341042209087e-10,3.294458039704296e-10,9.999999996705542e-01,9.999999996695148e-01,9.999999994861173e-01,9.999999994808675e-01,9.999999990980764e-01,9.999999990967308e-01,9.999999990953876e-01,3.835655537019415e-24,1.520335998643522e-24,4.118086785490501e-25,6.029224841850765e-05,3.739576537557823e-08,4.223091751212105e-05,2.241992613949951e-05,2.930926882629074e-01,3.890547387342985e-01,3.082000416250357e-01,1.806798732077054e-04,4.855562725769754e-03,4.491308290945864e-03,false
11,1.000000000000000e+16,1,6,CONTINUE,6.051210146219900e-09,6.051211234117180e-09,1.000000000000000e-09,6.051210146219901e-10,2.220446049396344e-14,4.263757666003397e-41,3.035384259544919e-07,9.900000000000000e-01,,,6.246263341596020e-10,4.606802513699611e-03,4.559523991240975e-03,3.458286070801285e-02,2.074563605466458e+00,REFINE_STALLED,REFINE_STALLED,,1,2,2,1,2,2,,,,5.855493710541265e-04,7.973248372636307e-05,5.964911971660231e-04,1.173702590808969e-05,,,6.570998579325664e-19,5.503587321232997e-19,,solution good enough for the tolerances given,solution good enough for the tolerances given,,6.570998579325664e-19,5.503587321232997e-19,,5.855493710541265e-04,8.001514520620918e-20,5.964911971660231e-04,7.018538317102649e-20,,,7.973246935893913e-05,1.173702379241156e-05,,3.162277723938059e-05,1.410289141881883e+00,6.563996263375821e-10,1.359649624988267e-18,2.772702368310983e-01,7.760416666666666e-01,4.035633260893761e-11,3.294475803272690e-10,9.999999996705524e-01,9.999999996701292e-01,9.999999994861697e-01,9.999999994808642e-01,9.999999990980766e-01,9.999999990967305e-01,9.999999990953876e-01,2.604309854206871e-24,1.303562224635427e-24,4.263757666003397e-25,4.795643840147276e-05,5.410471342336822e-07,4.709980421683731e-05,2.402167236162380e-05,2.812662273515820e-01,4.090479472301403e-01,2.959224971456506e-01,2.478394143447251e-03,5.084076545642513e-03,6.081238621423071e-03,false
11,3.162000000000000e+16,1,6,CONTINUE,6.051210146219900e-09,6.051211281757457e-09,1.000000000000000e-09,6.051210146219901e-10,2.220446049396344e-14,1.136636922914691e-41,9.599745407054489e-08,9.900000000000000e-01,,,6.238410196824007e-10,1.456215992241759e-02,1.441615542330971e-02,3.458286070801285e-02,2.074563605466458e+00,REFINE_STALLED,REFINE_STALLED,,1,2,2,1,2,2,,,,1.872531399589563e-03,7.973250337365994e-05,1.883473478526878e-03,1.173702880125141e-05,,,6.164734669777670e-19,5.827234726151374e-19,,solution good enough for the tolerances given,solution good enough for the tolerances given,,6.164734669777670e-19,5.827234726151374e-19,,1.872531399589563e-03,7.627477664791217e-20,1.883473478526878e-03,7.316606388487597e-20,,,7.973249882988090e-05,1.173702813215624e-05,,3.162277680335894e-05,1.410289141881883e+00,6.563996263375821e-10,1.359649624988267e-18,2.772702368310983e-01,7.760416666666666e-01,5.585851535383537e-11,3.294415851229360e-10,9.999999996705584e-01,9.999999996694640e-01,9.999999994861823e-01,9.999999994808624e-01,9.999999990980757e-01,9.999999990967308e-01,9.999999990953885e-01,3.212120235044067e-24,1.173225583394524e-24,3.594045950256253e-25,4.414361950908713e-05,3.033067274128364e-08,5.050884371959595e-05,2.657349311078913e-05,2.767136466004022e-01,4.163069797931771e-01,2.913568779130771e-01,6.663386429861426e-05,5.235886936332579e-03,1.019871860570019e-02,false
11,1.000000000000000e+17,1,6,CONTINUE,6.051210146219900e-09,6.051211296825186e-09,1.000000000000000e-09,6.051210146219901e-10,2.220446049396344e-14,3.109453780326525e-42,3.035243104476995e-08,9.900000000000000e-01,,,6.237624170552887e-10,4.605219836208425e-02,4.559155530349535e-02,3.458286070801285e-02,2.074563605466458e+00,REFINE_STALLED,REFINE_STALLED,,1,2,2,1,2,2,,,,5.943013326241441e-03,7.973250958773250e-05,5.953953415749723e-03,1.173702971630548e-05,,,6.036545820898474e-19,5.929840774354698e-19,,solution good enough for the tolerances given,solution good enough for the tolerances given,,6.036545820898474e-19,5.929840774354698e-19,,5.943013326241441e-03,7.509176620029356e-20,5.953953415749723e-03,7.410876543985086e-20,,,7.973250815098940e-05,1.173702950473757e-05,,3.162277666545347e-05,1.410289141881883e+00,6.563996263375821e-10,1.359649624988267e-18,2.772702368310983e-01,7.760416666666666e-01,9.818292808158812e-11,3.294629014050088e-10,9.999999996705371e-01,9.999999996693714e-01,9.999999994861919e-01,9.999999994808555e-01,9.999999990980750e-01,9.999999990967312e-01,9.999999990953878e-01,3.306802673043243e-24,1.111518037757346e-24,3.109453780326525e-25,4.272279163412588e-05,2.335016860056195e-08,5.193877675633147e-05,2.764725572047955e-05,2.752842969793139e-01,4.189732964109031e-01,2.894534930872870e-01,1.381216027070935e-04,5.928509628684444e-03,1.009995011682480e-02,false
11,3.162000000000000e+17,1,6,CONTINUE,6.051210146219900e-09,6.051211301589224e-09,1.000000000000000e-09,6.051210146219901e-10,2.220446049396344e-14,1.462929163218323e-42,9.599111363761960e-09,9.900000000000000e-01,,,6.237545579604870e-10,1.456165957022298e-01,1.441603914548030e-01,3.458286070801285e-02,2.074563605466458e+00,REFINE_STALLED,REFINE_STALLED,,1,2,2,1,2,2,,,,1.881283502660113e-02,7.973251155246281e-05,1.882377049204580e-02,1.173703000562223e-05,,,5.996049181620856e-19,5.962304742143622e-19,,solution good enough for the tolerances given,solution good enough for the tolerances given,,5.996049181620856e-19,5.962304742143622e-19,,1.881283502660113e-02,7.471773839175181e-20,1.882377049204580e-02,7.440687357779672e-20,,,7.973251109808484e-05,1.173702993871271e-05,,3.162277662185131e-05,1.410289141881883e+00,6.563996263375821e-10,1.359649624988267e-18,2.772702368310983e-01,7.760416666666666e-01,3.186022075178959e-10,3.294633454942186e-10,9.999999996705367e-01,9.999999996689115e-01,9.999999994861752e-01,9.999999994808582e-01,9.999999990980770e-01,9.999999990967310e-01,9.999999990953885e-01,6.188622331444418e-24,2.065845107241469e-24,4.625782014096337e-25,4.227334604284420e-05,9.895832837347010e-09,5.227251807730318e-05,2.819306794683988e-05,2.740169758490002e-01,4.204270099800259e-01,2.890475715289507e-01,1.849678588084859e-05,2.117442439759829e-03,1.424975458848317e-02,false
11,1.000000000000000e+18,1,6,CONTINUE,6.051210146219900e-09,6.051211303096028e-09,1.000000000000000e-09,6.051210146219901e-10,2.220446049396344e-14,3.411015912702337e-43,3.035466094581532e-09,9.900000000000000e-01,,,6.237537718872991e-10,4.605204082895470e-01,4.559151920995196e-01,3.458286070801285e-02,2.074563605466458e+00,REFINE_STALLED,REFINE_STALLED,,1,2,2,1,2,2,,,,5.951764893999304e-02,7.973251217387013e-05,5.952856554003333e-02,1.173703009712769e-05,,,5.983244320059295e-19,5.972574465593714e-19,,solution good enough for the tolerances given,solution good enough for the tolerances given,,5.983244320059295e-19,5.972574465593714e-19,,5.951764893999304e-02,7.459943863945965e-20,5.952856554003333e-02,7.450112046883948e-20,,,7.973251203019582e-05,1.173703007597090e-05,,3.162277660806076e-05,1.410289141881883e+00,6.563996263375821e-10,1.359649624988267e-18,2.772702368310983e-01,7.760416666666666e-01,2.909705108789018e-11,3.294386985430720e-10,9.999999996705613e-01,9.999999996698099e-01,9.999999994861908e-01,9.999999994808633e-01,9.999999990980766e-01,9.999999990967310e-01,9.999999990953892e-01,2.155524397211462e-24,9.558868661680637e-25,3.411015912702337e-25,4.204637466481526e-05,9.778839604287221e-08,5.254012104160038e-05,2.817722663158948e-05,2.741205286112443e-01,4.202812080265366e-01,2.890194974186497e-01,3.969354139758222e-04,8.094477251301921e-03,7.964491767557796e-03,false
12,1.000000000000000e+00,0,15,CONTINUE,9.156075317717220e-10,1.385403394347965e-10,1.000000000000000e-09,9.156075317717221e-11,2.220446049267567e-14,1.002541892184284e+00,4.537061320585118e+01,9.900000000000000e-01,,,1.182896250226852e-03,3.990787569304120e-05,2.347200006801497e-05,3.511524700449714e-02,2.068289754482119e+00,REACHED_FORCE,REACHED_FORCE,,8,0,0,7,0,0,,,,1.425660518729766e-11,NaN,2.060966251582778e-11,NaN,,,2.208987157503434e-05,5.915712765479501e-06,,solution good enough for the tolerances given,solution good enough for the tolerances given,,3.447387194843205e-11,6.061927577287011e-11,,6.776263578034403e-20,1.425660518729766e-11,7.792703114739563e-20,2.060966251582778e-11,,,1.425660518729766e-11,2.060966251582778e-11,,3.652445865869662e-01,1.764618752761323e+00,7.732720444136949e-11,1.382611026179701e-19,2.772673231964716e-01,7.760416666666666e-01,1.295381599608614e-01,2.156538227262039e-02,9.784346177273796e-01,9.232104469124668e-01,8.405494125739598e-01,8.000255807029731e-01,7.404225970518681e-01,6.912843231866259e-01,6.328068021592876e-01,5.777751767210736e-01,5.244654751992344e-01,5.006346664192656e-01,4.163006460677530e-05,5.414921546261863e-05,1.352320670441114e-01,1.573548023275865e-01,2.355880660723350e-01,2.459960463707101e-01,1.113782379101055e-01,6.950655041099092e-02,4.217446223214490e-02,2.673988351946045e-03,false
12,3.162000000000000e+00,0,10,CONTINUE,9.156075317717220e-10,1.385403394344389e-10,1.000000000000000e-09,9.156075317717221e-11,2.220446049267567e-14,9.883417802123700e-01,4.076495780536582e+01,9.900000000000000e-01,,,1.182896249451877e-03,3.990787568435319e-05,2.347200008493593e-05,3.511524700449714e-02,2.068289754482119e+00,REACHED_FORCE,REACHED_FORCE,,5,0,0,5,0,0,,,,2.350578071622826e-11,NaN,6.205623861321339e-12,NaN,,,8.724985517101725e-06,2.334106798727151e-06,,solution good enough for the tolerances given,solution good enough for the tolerances given,,7.772004982504187e-11,2.070912281027269e-11,,2.202285662861181e-19,2.350578071622826e-11,2.037114238146592e-19,6.205623861321339e-12,,,2.350578071622826e-11,6.205623861321339e-12,,2.270351042998511e-01,1.531282918445938e+00,7.732720444136949e-11,1.382611026179701e-19,2.772673231964716e-01,7.760416666666666e-01,7.228427485483471e-02,7.698300725825225e-03,9.923016992741748e-01,9.441138143016504e-01,9.299152356738278e-01,9.051227396594848e-01,8.810492924475930e-01,8.512999856382888e-01,8.188135434511006e-01,7.966663507936528e-01,7.754159952322275e-01,7.575837916327440e-01,3.256491204942142e-05,9.403533383626263e-02,1.267845404783015e-01,1.890972819014852e-01,2.773553674230242e-01,1.408518486560707e-01,8.959480599477422e-02,2.676206208291203e-02,5.337559641587214e-02,2.110598299247744e-03,false
12,1.000000000000000e+01,0,8,CONTINUE,9.156075317717220e-10,1.385403394344858e-10,1.000000000000000e-09,9.156075317717221e-11,2.220446049267567e-14,3.282303536405351e-03,2.798621820146007e+01,9.900000000000000e-01,,,1.182896249848921e-03,3.990787568987112e-05,2.347200007644898e-05,3.511524700449714e-02,2.068289754482119e+00,REACHED_FORCE,REACHED_FORCE,,4,0,0,4,0,0,,,,6.368163124376072e-12,NaN,1.688920264221721e-12,NaN,,,3.011253121488486e-06,8.051698171116022e-07,,solution good enough for the tolerances given,solution good enough for the tolerances given,,2.317875551065284e-11,6.177343435719106e-12,,8.766791004082009e-19,6.368163124376072e-12,1.260385025514399e-18,1.688920264221721e-12,,,6.368163124376072e-12,1.688920264221721e-12,,1.342223724593262e-01,1.449649725172797e+00,7.732720444136949e-11,1.382611026179701e-19,2.772673231964716e-01,7.760416666666666e-01,9.530580702488504e-01,3.560465110778122e-03,9.964395348892219e-01,9.810924540525547e-01,9.736396731545177e-01,9.625576881728837e-01,9.514301004326273e-01,9.378915989197668e-01,9.281113604259060e-01,9.162444921089855e-01,9.082219347425836e-01,3.177992186481773e-02,4.613652509291792e-05,1.170163997967578e-01,1.560376379215934e-01,3.086962947322661e-01,1.943923108563970e-01,1.025779395194438e-01,5.355693203167750e-02,6.495793570986171e-02,2.718412906910428e-03,7.088879400527934e-29,false
12,3.162000000000000e+01,0,6,CONTINUE,9.156075317717220e-10,1.385403394349322e-10,1.000000000000000e-09,9.156075317717221e-11,2.220446049267567e-14,1.707139521856255e-13,2.271360907272507e+01,9.900000000000000e-01,,,1.182896248058417e-03,3.990787564697827e-05,2.347200012684499e-05,3.511524700449714e-02,2.068289754482119e+00,REACHED_FORCE,REACHED_FORCE,,3,0,0,3,0,0,,,,1.059927088115022e-11,NaN,2.816926864159094e-12,NaN,,,9.815759078036803e-07,2.624121389197187e-07,,solution good enough for the tolerances given,solution good enough for the tolerances given,,4.348889244681087e-11,1.158705335519831e-11,,2.119276434030259e-18,1.059927088115022e-11,2.169674894391890e-18,2.816926864159094e-12,,,1.059927088115022e-11,2.816926864159094e-12,,7.692673096595104e-02,1.422856382175923e+00,7.732720444136949e-11,1.382611026179701e-19,2.772673231964716e-01,7.760416666666666e-01,9.906210054344620e-01,1.390425465683909e-03,9.986095745343161e-01,9.938970219374116e-01,9.912703816869126e-01,9.875655148629370e-01,9.836063196175232e-01,9.787937401365444e-01,9.753959560713042e-01,9.718508270598507e-01,9.689799817630206e-01,5.397975168080341e-12,6.219941489205437e-05,1.200633890478099e-01,1.617681008522334e-01,3.176336531759666e-01,1.839933347251395e-01,1.077363544081706e-01,3.951178850476207e-02,6.655426615898977e-02,2.676913712035744e-03,5.049702992906057e-28,false
12,1.000000000000000e+02,0,6,CONTINUE,9.156075317717220e-10,1.385403394346486e-10,1.000000000000000e-09,9.156075317717221e-11,2.220446049267567e-14,6.753748194562251e-24,2.100871996713180e+01,9.900000000000000e-01,,,1.182896249463215e-03,3.990787569500389e-05,2.347200006857576e-05,3.511524700449714e-02,2.068289754482119e+00,REACHED_FORCE,REACHED_FORCE,,3,0,0,3,0,0,,,,3.493914820006452e-13,NaN,9.286459608562857e-14,NaN,,,3.134529927063961e-07,8.379259084986263e-08,,solution good enough for the tolerances given,solution good enough for the tolerances given,,1.424254696398398e-12,3.795055407052065e-13,,1.147136720466499e-17,3.493914820006452e-13,1.554517216448455e-17,9.286459608562857e-14,,,3.493914820006452e-13,9.286459608562857e-14,,4.353403889830704e-02,1.414275151350483e+00,7.732720444136949e-11,1.382611026179701e-19,2.772673231964716e-01,7.760416666666666e-01,9.970783829860251e-01,4.757663652038557e-04,9.995242336347961e-01,9.980570204912831e-01,9.971966612719804e-01,9.960056732660278e-01,9.947072122661224e-01,9.931312672540002e-01,9.919928044055302e-01,9.909173607294788e-01,9.899730852904421e-01,6.753748194562251e-22,7.106925971165476e-05,1.210908162460646e-01,1.638447886606287e-01,3.192928115520698e-01,1.809169857050221e-01,1.097109810344129e-01,3.568091849376888e-02,6.673335715157853e-02,2.658271896742100e-03,5.161331262581742e-27,false
12,3.162000000000000e+02,0,4,CONTINUE,9.156075317717220e-10,1.385403394319782e-10,1.000000000000000e-09,9.156075317717221e-11,2.220446049267567e-14,8.726904473541885e-33,2.047542197656794e+01,9.900000000000000e-01,,,1.182896253501150e-03,3.990787223945851e-05,2.347200352999256e-05,3.511524700449714e-02,2.068289754482119e+00,REACHED_FORCE,REACHED_FORCE,,2,0,0,2,0,0,,,,1.335895255839283e-11,NaN,3.519629171580075e-12,NaN,,,9.944426951688903e-08,2.658305946088883e-08,,solution good enough for the tolerances given,solution good enough for the tolerances given,,6.341655270616255e-11,1.687141598275224e-11,,2.526529875070127e-17,1.335895255839283e-11,2.275257551267139e-17,3.519629171580075e-12,,,1.335895255839283e-11,3.519629171580075e-12,,2.453250891989666e-02,1.411550974642080e+00,7.732720444136949e-11,1.382611026179701e-19,2.772673231964716e-01,7.760416666666666e-01,1.808574789830869e-01,1.544323212275822e-04,9.998455676787724e-01,9.993841685069991e-01,9.991089988651038e-01,9.987304095485710e-01,9.983150537624724e-01,9.978113191897909e-01,9.974435653828569e-01,9.971088052215209e-01,9.968064343451886e-01,2.759447194533944e-30,7.446795056161147e-05,1.214223463193576e-01,1.645294753128191e-01,3.196930742366283e-01,1.799591511509536e-01,1.102955983091870e-01,3.464047008960105e-02,6.673375240226416e-02,2.651664228627809e-03,4.182044106782747e-26,false
12,1.000000000000000e+03,0,4,CONTINUE,9.156075317717220e-10,1.385403394344200e-10,1.000000000000000e-09,9.156075317717221e-11,2.220446049267567e-14,8.766453615238648e-33,2.030761874794923e+01,9.900000000000000e-01,,,1.182896249911741e-03,3.990787534965543e-05,2.347200041420335e-05,3.511524700449714e-02,2.068289754482119e+00,REACHED_FORCE,REACHED_FORCE,,2,0,0,2,0,0,,,,1.340497943766797e-12,NaN,3.531733147035462e-13,NaN,,,3.147575056507778e-08,8.413911992812390e-09,,solution good enough for the tolerances given,solution good enough for the tolerances given,,6.357363940659925e-12,1.691299931579567e-12,,7.908492518629226e-17,1.340497943766797e-12,7.755518368355099e-17,3.531733147035462e-13,,,1.340497943766797e-12,3.531733147035462e-13,,1.380407993612806e-02,1.410688257057116e+00,7.732720444136949e-11,1.382611026179701e-19,2.772673231964716e-01,7.760416666666666e-01,2.703340546104813e-04,4.924017789742496e-05,9.999507598221026e-01,9.998051376700370e-01,9.997178183247396e-01,9.995979156639697e-01,9.994661076010694e-01,9.993062970244183e-01,9.991892006272216e-01,9.990839089672198e-01,9.989879228979911e-01,8.766453615238649e-30,7.561249199225314e-05,1.215278871512465e-01,1.647488955555091e-01,3.198070993204149e-01,1.796575374250823e-01,1.104746067150673e-01,3.433170984464859e-02,6.672715223165852e-02,2.649499264379676e-03,4.957422123127621e-25,false
12,3.162000000000000e+03,0,4,CONTINUE,9.156075317717220e-10,1.385403394348319e-10,1.000000000000000e-09,9.156075317717221e-11,2.220446049267567e-14,1.103271475278859e-32,2.025465943091899e+01,9.900000000000000e-01,,,1.182896249550057e-03,3.990787566119944e-05,2.347200010209599e-05,3.511524700449714e-02,2.068289754482119e+00,REACHED_FORCE,REACHED_FORCE,,2,0,0,2,0,0,,,,1.342268615321055e-13,NaN,3.536401179489099e-14,NaN,,,9.957532647631360e-09,2.661783200083574e-09,,solution good enough for the tolerances given,solution good enough for the tolerances given,,6.363816073686328e-13,1.693012161782726e-13,,1.768604793866979e-16,1.342268615321055e-13,2.563312280804645e-16,3.536401179489099e-14,,,1.342268615321055e-13,3.536401179489099e-14,,7.764557136479153e-03,1.410415376422348e+00,7.732720444136949e-11,1.382611026179701e-19,2.772673231964716e-01,7.760416666666666e-01,8.554975908185764e-05,1.561372076508416e-05,9.999843862792349e-01,9.999383600357452e-01,9.999107136445373e-01,9.998727745122822e-01,9.998310421851497e-01,9.997804483628130e-01,9.997433334037501e-01,9.997100910173188e-01,9.996796971785472e-01,3.488544404831751e-29,7.598169669581477e-05,1.215613256385742e-01,1.648185594732627e-01,3.198418908999329e-01,1.795623035354889e-01,1.105305654825397e-01,3.423621284166518e-02,6.672435328389702e-02,2.648807147942966e-03,3.588366990816308e-24,false
12,1.000000000000000e+04,0,4,CONTINUE,9.156075317717220e-10,1.385403394350549e-10,1.000000000000000e-09,9.156075317717221e-11,2.220446049267567e-14,7.127524372376625e-33,1.699995912947458e+01,9.900000000000000e-01,,,1.182896249513441e-03,3.990787569195612e-05,2.347200007127637e-05,3.511524700449714e-02,2.068289754482119e+00,REACHED_FORCE,REACHED_FORCE,,2,0,0,2,0,0,,,,1.342518761091038e-14,NaN,3.537063898067030e-15,NaN,,,3.148887250672658e-09,8.417396202792752e-10,,solution good enough for the tolerances given,solution good enough for the tolerances given,,6.364387168279521e-14,1.693162733760392e-14,,5.561186344868636e-16,1.342518761091038e-14,8.516941695630408e-16,3.537063898067030e-15,,,1.342518761091038e-14,3.537063898067030e-15,,4.366426524272298e-03,1.410329058241575e+00,7.732720444136949e-11,1.382611026179701e-19,2.772673231964716e-01,7.760416666666666e-01,2.982029965367524e-03,5.882332481221830e-06,9.999941176675188e-01,9.999803831290199e-01,9.999711258869485e-01,9.999590836636731e-01,9.999453722500105e-01,9.999291646288403e-01,9.999155016785199e-01,9.999079377271275e-01,9.998984687554233e-01,7.127524372376626e-29,1.137020364236579e-04,1.271231376621504e-01,1.735047759742322e-01,3.236503314019943e-01,1.717220594901080e-01,1.114282171826354e-01,3.015199542854674e-02,5.995951720502971e-02,2.346263618879542e-03,4.251998113132250e-23,false
12,3.162000000000000e+04,0,4,CONTINUE,9.156075317717220e-10,1.385403394357489e-10,1.000000000000000e-09,9.156075317717221e-11,2.220446049267567e-14,1.096715323216419e-32,9.305467040969948e+00,9.900000000000000e-01,,,1.182896249506070e-03,3.990787569618539e-05,2.347200006705462e-05,3.511524700449714e-02,2.068289754482119e+00,REACHED_FORCE,REACHED_FORCE,,2,0,0,2,0,0,,,,1.456883963783188e-15,NaN,2.594633018095267e-15,NaN,,,9.958845660074144e-10,2.662131922594617e-10,,solution good enough for the tolerances given,solution good enough for the tolerances given,,6.366039410869000e-15,1.693600420545003e-15,,1.456883963783188e-15,1.342906363367702e-15,2.594633018095267e-15,3.538090501999103e-16,,,1.456883963783188e-15,2.594633018095267e-15,,2.455580902513031e-03,1.410301765533183e+00,7.732720444136949e-11,1.382611026179701e-19,2.772673231964716e-01,7.760416666666666e-01,9.999900407190564e-01,3.398587714698031e-06,9.999966014122853e-01,9.999935849457329e-01,9.999899395164101e-01,9.999860809202830e-01,9.999811547853696e-01,9.999764420836614e-01,9.999711755762880e-01,9.999681445261570e-01,1.833414820571953e-06,3.467813852010318e-28,1.044279882214049e-03,1.518092555105584e-01,2.225641151955159e-01,3.138033791266325e-01,1.422411685923378e-01,9.147872431102669e-02,7.355190750501890e-02,3.507169876696381e-03,1.674573709344970e-55,5.255699923292709e-22,false
12,1.000000000000000e+05,0,3,CONTINUE,9.156075317717220e-10,1.385403395980286e-10,1.000000000000000e-09,9.156075317717221e-11,2.220446049267567e-14,6.955673425766720e-33,9.304581730773295e+00,9.900000000000000e-01,,,1.182896148630712e-03,3.990783685174768e-05,2.347203859048667e-05,3.511524700449714e-02,2.068289754482119e+00,REACHED_FORCE,REACHED_FORCE,,2,0,0,1,0,0,,,,7.632578312324716e-15,NaN,8.486434309868925e-12,NaN,,,3.149018547703127e-10,8.417744943066600e-11,,solution good enough for the tolerances given,solution good enough for the tolerances given,,6.365135672317893e-16,8.417744943066600e-11,,7.632578312324716e-15,1.342750509305407e-16,7.444822024621012e-15,8.486434309868925e-12,,,7.632578312324716e-15,8.486434309868925e-12,,1.380823069008188e-03,1.410293133250397e+00,7.732720444136949e-11,1.382611026179701e-19,2.772673231964716e-01,7.760416666666666e-01,9.999971406884234e-01,1.074738181894297e-06,9.999989252618181e-01,9.999979715350610e-01,9.999968188004884e-01,9.999955986934749e-01,9.999940410004481e-01,9.999925508359658e-01,9.999908855324633e-01,9.999899270716988e-01,3.883480271990668e-16,6.955673425766720e-28,1.044780928178485e-03,1.518121010183300e-01,2.225717594443685e-01,3.137971325484009e-01,1.422376713262991e-01,9.147648603725693e-02,7.355294198720706e-02,3.507126709959042e-03,9.016462979947819e-45,5.300926404990943e-21,false
12,3.162000000000000e+05,0,3,CONTINUE,9.156075317717220e-10,1.385403395378864e-10,1.000000000000000e-09,9.156075317717221e-11,2.220446049267567e-14,1.208636783536026e-32,9.304302351039079e+00,9.900000000000000e-01,,,1.182896217273093e-03,3.990786346306193e-05,2.347201219935235e-05,3.511524700449714e-02,2.068289754482119e+00,REACHED_FORCE,REACHED_FORCE,,2,0,0,1,0,0,,,,2.849485453704768e-14,NaN,2.683890012767113e-12,NaN,,,9.958976994393001e-11,2.662166813139101e-11,,solution good enough for the tolerances given,solution good enough for the tolerances given,,6.366491196068776e-17,2.662166813139101e-11,,2.849485453704768e-14,1.342716627987517e-17,2.359043509310692e-14,2.683890012767113e-12,,,2.849485453704768e-14,2.683890012767113e-12,,7.765295798667349e-04,1.410290403933094e+00,7.732720444136949e-11,1.382611026179701e-19,2.772673231964716e-01,7.760416666666666e-01,9.088334850322044e-01,3.399023538186441e-07,9.999996600976462e-01,9.999993584842602e-01,9.999989939205906e-01,9.999986080531021e-01,9.999981154191453e-01,9.999976441455598e-01,9.999971174807232e-01,9.999968143579299e-01,2.509797811145736e-26,3.821709509540915e-27,1.044939164037419e-03,1.518130006647566e-01,2.225741761588213e-01,3.137951574917525e-01,1.422365658793288e-01,9.147577857714596e-02,7.355326900222671e-02,3.507113061930540e-03,6.135489301806664e-22,5.117775040686075e-20,false
12,1.000000000000000e+06,0,2,CONTINUE,9.156075317717220e-10,1.385403395165491e-10,1.000000000000000e-09,9.156075317717221e-11,2.220446049267567e-14,9.352908244890492e-33,9.304213185810074e+00,9.900000000000000e-01,,,1.182896239077682e-03,3.990787183401751e-05,2.347200389746075e-05,3.511524700449714e-02,2.068289754482119e+00,REACHED_FORCE,REACHED_FORCE,,1,0,0,1,0,0,,,,3.204524238195963e-12,NaN,8.486482729660322e-13,NaN,,,3.149031678650458e-11,8.417794375651813e-12,,solution good enough for the tolerances given,solution good enough for the tolerances given,,3.149031678650458e-11,8.417794375651813e-12,,6.113702632934122e-14,3.204524238195963e-12,5.058300258281622e-14,8.486482729660322e-13,,,3.204524238195963e-12,8.486482729660322e-13,,4.366557887382957e-04,1.410289540700168e+00,7.732720444136949e-11,1.382611026179701e-19,2.772673231964716e-01,7.760416666666666e-01,9.732617597410276e-06,1.074781792453905e-07,9.999998925218208e-01,9.999997971524749e-01,9.999996818769452e-01,9.999995598654570e-01,9.999994040941071e-01,9.999992550773178e-01,9.999990885455562e-01,9.999989926977036e-01,2.644872585874861e-26,9.352908244890493e-27,1.044989700539000e-03,1.518132831202723e-01,2.225749453045901e-01,3.137945041332193e-01,1.422362423092926e-01,9.147555463680755e-02,7.355337198460443e-02,3.507108810674405e-03,1.404864296628302e-19,4.279558405949762e-19,true
12,3.162000000000000e+06,0,2,CONTINUE,9.156075317717220e-10,1.385403395464143e-10,1.000000000000000e-09,9.156075317717221e-11,2.220446049267567e-14,4.961576885310145e-33,9.304388705522440e+00,9.900000000000000e-01,,,1.182896245826082e-03,3.990787440764203e-05,2.347200134501622e-05,3.511524700449714e-02,2.068289754482119e+00,REACHED_FORCE,REACHED_FORCE,,1,0,0,1,0,0,,,,1.013448825998731e-12,NaN,2.683894840854913e-13,NaN,,,9.958990104312075e-12,2.662171743006659e-12,,solution good enough for the tolerances given,solution good enough for the tolerances given,,9.958990104312075e-12,2.662171743006659e-12,,1.513380794549671e-13,1.013448825998731e-12,1.595718584598469e-13,2.683894840854913e-13,,,1.013448825998731e-12,2.683894840854913e-13,,2.455604267200446e-04,1.410289267767973e+00,7.732720444136949e-11,1.382611026179701e-19,2.772673231964716e-01,7.760416666666666e-01,8.556564046884018e-08,3.398993031478170e-08,9.999999660100697e-01,9.999999358483674e-01,9.999998993918419e-01,9.999998608050027e-01,9.999998115413888e-01,9.999997644139603e-01,9.999997117473088e-01,9.999996814348543e-01,3.318717186317048e-26,1.568850611135068e-26,1.044914440142289e-03,1.518131323710998e-01,2.225747804931275e-01,3.137946904736673e-01,1.422363787972460e-01,9.147556614031502e-02,7.355342739416873e-02,3.507109890233844e-03,1.050985290049585e-18,3.643107651927204e-18,false
12,1.000000000000000e+07,0,2,CONTINUE,9.156075317717220e-10,1.385403399193524e-10,1.000000000000000e-09,9.156075317717221e-11,2.220446049267567e-14,9.567381186108683e-33,9.115065750204408e+00,9.900000000000000e-01,,,1.182896245924020e-03,3.990787544576468e-05,2.347200031532579e-05,3.511524700449714e-02,2.068289754482119e+00,REACHED_FORCE,REACHED_FORCE,,1,0,0,1,0,0,,,,5.371829647703402e-13,NaN,4.447836587057150e-13,NaN,,,3.149032994820956e-12,8.417784858945208e-13,,solution good enough for the tolerances given,solution good enough for the tolerances given,,3.149032994820956e-12,8.417784858945208e-13,,5.371829647703402e-13,3.204525505357252e-13,4.447836587057150e-13,8.486473581704491e-14,,,5.371829647703402e-13,4.447836587057150e-13,,1.380827225125137e-04,1.410289181444633e+00,7.732720444136949e-11,1.382611026179701e-19,2.772673231964716e-01,7.760416666666666e-01,2.715462339855028e-05,1.097084778578505e-08,9.999999890291522e-01,9.999999796798812e-01,9.999999680710701e-01,9.999999558713366e-01,9.999999402614628e-01,9.999999254378159e-01,9.999999088429751e-01,9.999998992515592e-01,2.734821771203805e-25,9.567381186108683e-26,1.164821861337874e-03,1.528150089592090e-01,2.245948172234761e-01,3.124743160249857e-01,1.412877313984093e-01,9.071939241746682e-02,7.346497021602645e-02,3.478941899088932e-03,1.429607763448607e-17,4.219023469639546e-17,false
12,3.162000000000000e+07,0,2,CONTINUE,9.156075317717220e-10,1.385403394399495e-10,1.000000000000000e-09,9.156075317717221e-11,2.220446049267567e-14,3.357400208210917e-33,5.612653574607075e+00,9.900000000000000e-01,,,1.182896249339718e-03,3.990787466215758e-05,2.347200108635743e-05,3.511524700449714e-02,2.068289754482119e+00,REACHED_FORCE,REACHED_FORCE,,1,0,0,1,0,0,,,,2.009334478469770e-12,NaN,2.173097845587787e-12,NaN,,,9.958991217469458e-13,2.662170713382004e-13,,solution good enough for the tolerances given,solution good enough for the tolerances given,,9.958991217469458e-13,2.662170713382004e-13,,2.009334478469770e-12,1.013449137706856e-13,2.173097845587787e-12,2.683896060582357e-14,,,2.009334478469770e-12,2.173097845587787e-12,,7.765303189891708e-05,1.410289154151409e+00,7.732720444136949e-11,1.382611026179701e-19,2.772673231964716e-01,7.760416666666666e-01,5.767762249690448e-01,5.634688271527466e-09,9.999999943653117e-01,9.999999924078622e-01,9.999999879364614e-01,9.999999833181231e-01,9.999999773976090e-01,9.999999714115440e-01,9.999999685317866e-01,6.673291740608533e-01,4.740215362810379e-25,1.061609945836292e-25,5.657344495806783e-02,1.706516603189150e-01,3.453722793124721e-01,2.205171950349920e-01,1.234537699237482e-01,7.747068304763169e-02,5.960967404173515e-03,4.488580610277646e-48,5.890928900950972e-17,5.575183634963372e-16,false
12,1.000000000000000e+08,0,2,CONTINUE,9.156075317717220e-10,1.385403414894260e-10,1.000000000000000e-09,9.156075317717221e-11,2.220446049267567e-14,6.850406216320316e-33,5.612567810241407e+00,9.900000000000000e-01,,,1.182896237714223e-03,3.990787396367461e-05,2.347200177860974e-05,3.511524700449714e-02,2.068289754482119e+00,REACHED_FORCE,REACHED_FORCE,,1,0,0,1,0,0,,,,4.411171125232429e-12,NaN,4.058753077620697e-12,NaN,,,3.149033099975437e-13,8.417782322717910e-14,,solution good enough for the tolerances given,solution good enough for the tolerances given,,3.149033099975437e-13,8.417782322717910e-14,,4.411171125232429e-12,3.204525878051749e-14,4.058753077620697e-12,8.486477308649459e-15,,,4.411171125232429e-12,4.058753077620697e-12,,4.366559192737374e-05,1.410289145519075e+00,7.732720444136949e-11,1.382611026179701e-19,2.772673231964716e-01,7.760416666666666e-01,9.999999980551497e-01,1.781715663895511e-09,9.999999982182843e-01,9.999999975993228e-01,9.999999961854682e-01,9.999999947251679e-01,9.999999928531564e-01,9.999999909603712e-01,9.999999900498502e-01,1.601785409587891e-11,2.492285529745646e-24,6.850406216320316e-25,5.658029520796578e-02,1.706527163136000e-01,3.453726678277174e-01,2.205079039521798e-01,1.234527692020526e-01,7.747041425356911e-02,5.963233242911222e-03,1.015903602087438e-47,1.097822560900433e-15,4.090262760201201e-15,false
12,3.162000000000000e+08,0,2,CONTINUE,9.156075317717220e-10,1.385403469167414e-10,1.000000000000000e-09,9.156075317717221e-11,2.220446049267567e-14,2.977457846960825e-33,5.657813318057519e+00,9.900000000000000e-01,,,1.182896220608438e-03,3.990786610510956e-05,2.347200952330518e-05,3.511524700449714e-02,2.068289754482119e+00,REACHED_FORCE,REACHED_FORCE,,1,0,0,1,0,0,,,,9.889480342834532e-12,NaN,1.498982788074180e-11,NaN,,,9.958989614016922e-14,2.662169608528741e-14,,solution good enough for the tolerances given,solution good enough for the tolerances given,,9.958989614016922e-14,2.662169608528741e-14,,9.889480342834532e-12,1.013449510401353e-14,1.498982788074180e-11,2.683901820406398e-15,,,9.889480342834532e-12,1.498982788074180e-11,,2.455604522523915e-05,1.410289142789753e+00,7.732720444136949e-11,1.382611026179701e-19,2.772673231964716e-01,7.760416666666666e-01,9.997736177935888e-01,5.589713136799901e-10,9.999999994410287e-01,9.999999992462179e-01,9.999999987967685e-01,9.999999983346914e-01,9.999999977409788e-01,9.999999971416274e-01,9.999999968538222e-01,9.486957455544019e-21,4.820452270953802e-24,9.414721712090129e-25,5.279011932482149e-02,1.722523410551508e-01,3.454031286536191e-01,2.221796894714879e-01,1.238265742858372e-01,7.754082734613441e-02,6.007319862893703e-03,9.810381239556268e-29,7.592192366881412e-15,4.952152459160169e-14,false
12,1.000000000000000e+09,0,2,CONTINUE,9.156075317717220e-10,1.385403874334513e-10,1.000000000000000e-09,9.156075317717221e-11,2.220446049267567e-14,2.819487572090275e-33,5.629126603575567e+00,9.900000000000000e-01,,,1.182895953429487e-03,3.990789390406514e-05,2.347198226948298e-05,3.511524700449714e-02,2.068289754482119e+00,REACHED_FORCE,REACHED_FORCE,,1,0,0,1,0,0,,,,3.178539677479398e-11,NaN,5.219004785207460e-11,NaN,,,3.149034367041664e-14,8.417789702853115e-15,,solution good enough for the tolerances given,solution good enough for the tolerances given,,3.149034367041664e-14,8.417789702853115e-15,,3.178539677479398e-11,3.204515374843203e-15,5.219004785207460e-11,8.486355335905055e-16,,,3.178539677479398e-11,5.219004785207460e-11,,1.380827334123277e-05,1.410289141926519e+00,7.732720444136949e-11,1.382611026179701e-19,2.772673231964716e-01,7.760416666666666e-01,2.086184861149245e-04,1.776474523040861e-10,9.999999998223525e-01,9.999999997605564e-01,9.999999996188906e-01,9.999999994728570e-01,9.999999992854545e-01,9.999999990960933e-01,9.999999990050528e-01,3.241370458941946e-23,1.018933227034611e-23,2.819487572090275e-24,5.519451652644888e-02,1.712514009483108e-01,3.454130228949131e-01,2.210505787305403e-01,1.236147325205994e-01,7.749781009644185e-02,5.977938282203160e-03,3.754097338078670e-15,2.086998364813886e-13,3.308236818298389e-13,false
12,3.162000000000000e+09,0,4,CONTINUE,9.156075317717220e-10,1.385403394356726e-10,1.000000000000000e-09,9.156075317717221e-11,2.220446049267567e-14,4.558555105004722e-33,5.597825414331417e+00,9.900000000000000e-01,,,1.182896249503948e-03,3.990787569819328e-05,2.347200006782235e-05,3.511524700449714e-02,2.068289754482119e+00,REACHED_FORCE,REACHED_FORCE,,1,1,1,1,1,1,,,,1.232670867311144e-10,5.198558834654862e-16,1.302654516796808e-10,1.232738717148966e-15,,,9.958966125543468e-15,2.662135270830604e-15,,solution good enough for the tolerances given,solution good enough for the tolerances given,,9.958966125543468e-15,2.662135270830604e-15,,1.232670867311144e-10,1.013430875676513e-15,1.302654516796808e-10,2.683739190080525e-16,,,5.198558834654862e-16,1.232738717148966e-15,,7.765302429178791e-06,1.410289141653587e+00,7.732720444136949e-11,1.382611026179701e-19,2.772673231964716e-01,7.760416666666666e-01,3.934290404450036e-10,5.649614109870527e-11,9.999999999435039e-01,9.999999999237885e-01,9.999999998791242e-01,9.999999998328792e-01,9.999999997737952e-01,9.999999997140403e-01,9.999999996852174e-01,1.520099173869971e-22,5.749300035511104e-23,1.441415124202493e-23,5.816134056405309e-02,1.704022033839155e-01,3.460062075437507e-01,2.191789591647613e-01,1.229996313449071e-01,7.738114969088793e-02,5.870508302327911e-03,4.718218584489054e-14,1.538125865245392e-12,3.812366630441803e-12,false
12,1.000000000000000e+10,0,4,CONTINUE,9.156075317717220e-10,1.385403394406968e-10,1.000000000000000e-09,9.156075317717221e-11,2.220446049267567e-14,5.309586393668789e-33,5.610284310349829e+00,9.900000000000000e-01,,,1.182896249473106e-03,3.990787571285884e-05,2.347200007432691e-05,3.511524700449714e-02,2.068289754482119e+00,REACHED_FORCE,REACHED_FORCE,,1,1,1,1,1,1,,,,4.524730192853569e-10,4.317812705550419e-15,4.524445404084023e-10,4.012552619271810e-15,,,3.149018422558196e-15,8.417514792711728e-16,,solution good enough for the tolerances given,solution good enough for the tolerances given,,3.149018422558196e-15,8.417514792711728e-16,,4.524730192853569e-10,3.204630571324030e-16,4.524445404084023e-10,8.487608944666991e-17,,,4.317812705550419e-15,4.012552619271810e-15,,4.366561500640169e-06,1.410289141567264e+00,7.732720444136949e-11,1.382611026179701e-19,2.772673231964716e-01,7.760416666666666e-01,1.773325914932421e-07,1.782440861575196e-11,9.999999999821756e-01,9.999999999759823e-01,9.999999999618463e-01,9.999999999472415e-01,9.999999999285261e-01,9.999999999096005e-01,9.999999999004936e-01,5.441120523707337e-22,1.906906584682390e-22,5.309586393668789e-23,5.678641602224323e-02,1.704964360450308e-01,3.455170125963978e-01,2.203817790165471e-01,1.234106031204247e-01,7.746303639183617e-02,5.944716755719510e-03,2.723128624431033e-13,1.352853737428508e-11,3.800062497047629e-11,false
12,3.162000000000000e+10,0,4,CONTINUE,9.156075317717220e-10,1.385403395141223e-10,1.000000000000000e-09,9.156075317717221e-11,2.220446049267567e-14,1.529538347569489e-33,5.128504634857094e+00,9.900000000000000e-01,,,1.182896248927649e-03,3.990787586347397e-05,2.347200010394887e-05,3.511524700449714e-02,2.068289754482119e+00,REACHED_FORCE,REACHED_FORCE,,1,1,1,1,1,1,,,,1.151590206058159e-09,6.691016615211778e-14,1.591982849652866e-09,7.518693250258717e-14,,,9.958769835224776e-16,2.661974085087433e-16,,solution good enough for the tolerances given,solution good enough for the tolerances given,,9.958769835224776e-16,2.661974085087433e-16,,1.151590206058159e-09,1.013491862048715e-16,1.591982849652866e-09,2.684755629617230e-17,,,6.691016615211778e-14,7.518693250258717e-14,,2.455602825960792e-06,1.410289141539970e+00,7.732720444136949e-11,1.382611026179701e-19,2.772673231964716e-01,7.760416666666666e-01,1.850903721888843e-03,6.166622767977969e-12,9.999999999938334e-01,9.999999999903539e-01,9.999999999857607e-01,9.999999999791100e-01,9.999999999725444e-01,9.999999999696338e-01,9.999965741395236e-01,7.316677392035403e-22,2.355121200154314e-22,4.836400255014724e-23,1.280934104361962e-01,2.393320018584392e-01,3.626060343868605e-01,1.661455458593012e-01,7.883759086861276e-02,2.498541611321260e-02,7.416316018666730e-43,2.585858534822967e-12,2.441949621269407e-10,2.305975461420433e-10,false
12,1.000000000000000e+11,0,4,CONTINUE,9.156075317717220e-10,1.385403405341978e-10,1.000000000000000e-09,9.156075317717221e-11,2.220446049267567e-14,4.201323794449282e-33,-1.000000000012257e+00,9.900000000000000e-01,,,1.182896241402007e-03,3.990787779033557e-05,2.347200010998964e-05,3.511524700449714e-02,2.068289754482119e+00,REACHED_FORCE,REACHED_FORCE,,1,1,1,1,1,1,,,,3.758178647002289e-09,6.525758060453070e-13,4.715391220772535e-09,7.432393361955184e-13,,,3.148610984605390e-16,8.411626359800478e-17,,solution good enough for the tolerances given,solution good enough for the tolerances given,,3.148610984605390e-16,8.411626359800478e-17,,3.758178647002289e-09,3.202462166979059e-17,4.715391220772535e-09,8.466941340753986e-18,,,6.525758060453070e-13,7.432393361955184e-13,,1.380836542099485e-06,1.410289141531338e+00,7.732720444136949e-11,1.382611026179701e-19,2.772673231964716e-01,7.760416666666666e-01,3.336222210685200e-01,-1.225686219186173e-11,1.000000000012257e+00,9.999999999976896e-01,9.999999999957980e-01,9.999999999939773e-01,9.999999999911577e-01,9.999999999832467e-01,8.886962136039190e-01,2.624836170535091e-21,8.948041841179889e-22,4.201323794449282e-22,6.246731153430360e-07,2.725623610496569e-01,3.918168684609157e-01,2.159020778402367e-01,1.197025378863431e-01,1.552391271622605e-05,4.845010579778118e-43,2.966492465190344e-11,2.279403229740908e-09,3.867949178250693e-09,false
12,3.162000000000000e+11,0,4,CONTINUE,9.156075317717220e-10,1.385403443149894e-10,1.000000000000000e-09,9.156075317717221e-11,2.220446049267567e-14,2.598690876633547e-33,-1.000000000275441e+00,9.900000000000000e-01,,,1.182896220237511e-03,3.990788985698791e-05,2.347201050976474e-05,3.511524700449714e-02,2.068289754482119e+00,REACHED_FORCE,REACHED_FORCE,,1,1,1,1,1,1,,,,1.046256693814033e-08,3.736388913059939e-12,1.157192193659834e-08,4.508886114883040e-12,,,9.960377296311157e-17,2.662997529025664e-17,,solution good enough for the tolerances given,solution good enough for the tolerances given,,9.960377296311157e-17,2.662997529025664e-17,,1.046256693814033e-08,1.012373778558340e-17,1.157192193659834e-08,2.673235981534572e-18,,,3.736388913059939e-12,4.508886114883040e-12,,7.765530519534810e-07,1.410289141528609e+00,7.732720444136949e-11,1.382611026179701e-19,2.772673231964716e-01,7.760416666666666e-01,3.631456663220492e-02,-2.754414474281930e-10,1.000000000275441e+00,1.000000000041701e+00,1.000000000003855e+00,9.999999999985727e-01,9.999999999951656e-01,9.999999998190368e-01,9.986812523070826e-01,5.424605667775034e-21,3.456794192340216e-21,8.217060551915277e-22,1.532740184010453e-12,9.618535421299410e-09,6.040524524999321e-03,9.730819510388479e-01,2.087746166950443e-02,9.547598815499731e-13,1.912653649144682e-40,8.150155360808884e-09,2.488412328638942e-08,2.011134760171700e-08,false
12,1.000000000000000e+12,0,4,CONTINUE,9.156075317717220e-10,1.385404006155436e-10,1.000000000000000e-09,9.156075317717221e-11,2.220446049267567e-14,1.875123504271434e-33,-1.000000000298327e+00,9.900000000000000e-01,,,1.182895835056869e-03,3.990804320097098e-05,2.347208251811691e-05,3.511524700449714e-02,2.068289754482119e+00,REACHED_FORCE,REACHED_FORCE,,1,1,1,1,1,1,,,,3.264089369737696e-08,4.581341385485435e-11,4.633977003042282e-08,8.524696462214670e-11,,,3.145641892429992e-17,8.390143838892379e-18,,solution good enough for the tolerances given,solution good enough for the tolerances given,,3.145641892429992e-17,8.390143838892379e-18,,3.264089369737696e-08,3.198396408832238e-18,4.633977003042282e-08,8.504210790433175e-19,,,4.581341385485435e-11,8.524696462214670e-11,,4.366191482390297e-07,1.410289141527745e+00,7.732720444136949e-11,1.382611026179701e-19,2.772673231964716e-01,7.760416666666666e-01,2.933370503669311e-01,-2.983271407686061e-10,1.000000000298327e+00,1.000000000155271e+00,1.000000000056832e+00,9.999999999995355e-01,9.999999999298934e-01,9.999999998114355e-01,9.139533750832739e-01,6.526827796715575e-20,1.913612621724985e-20,1.875123504271434e-21,1.943042224899042e-09,3.805710425712864e-07,4.217551239340712e-06,9.999911026677114e-01,3.807427938809069e-06,1.823789810248010e-08,1.268404051628168e-39,1.078920259025474e-09,8.406344278027983e-08,3.864587658141871e-07,false
12,3.162000000000000e+12,0,6,CONTINUE,9.156075317717220e-10,1.385403395111802e-10,1.000000000000000e-09,9.156075317717221e-11,2.220446049267567e-14,3.570137791126615e-33,-1.000000000473999e+00,9.900000000000000e-01,,,1.182896248370704e-03,3.990970045253925e-05,2.347503996740852e-05,3.511524700449714e-02,2.068289754482119e+00,REACHED_FORCE,REACHED_FORCE,,1,2,2,1,2,2,,,,9.128035413810276e-08,3.682057786407505e-10,1.487034725383680e-07,5.753858907390107e-10,,,9.966120978810386e-18,2.675465893640699e-18,,solution good enough for the tolerances given,solution good enough for the tolerances given,,9.966120978810386e-18,2.675465893640699e-18,,9.128035413810276e-08,1.013051404916143e-18,1.487034725383680e-07,2.913793338554793e-19,,,3.345131446554029e-12,2.554364353075342e-12,,2.456382865275413e-07,1.410289141527473e+00,7.732720444136949e-11,1.382611026179701e-19,2.772673231964716e-01,7.760416666666666e-01,8.178031590241284e-01,-4.739986181334643e-10,1.000000000473999e+00,1.000000000220395e+00,1.000000000072891e+00,9.999999999998530e-01,9.999999998715536e-01,9.999999996910207e-01,3.311979933095556e-01,1.206084425313325e-19,3.796136699234943e-20,1.128877569554236e-20,5.278643922126083e-11,1.739756551298169e-08,2.732088843074484e-07,9.999948671159399e-01,1.022983131687279e-07,9.294881130661270e-10,1.102756491347405e-37,1.606522784886683e-08,6.925485925774137e-07,4.030383202784297e-06,false
12,1.000000000000000e+13,0,8,CONTINUE,9.156075317717220e-10,1.385403453187423e-10,1.000000000000000e-09,9.156075317717221e-11,2.220446049267567e-14,1.596462739590341e-33,-1.000000000018071e+00,9.900000000000000e-01,,,1.182896202485984e-03,3.994022289727087e-05,2.352584528458181e-05,3.511524700449714e-02,2.068289754482119e+00,REACHED_FORCE,REACHED_FORCE,,1,3,3,1,3,3,,,,3.420558411911653e-07,1.100725902028025e-08,5.674577479043057e-07,1.249697465267671e-08,,,3.155313127545034e-18,8.633356046493602e-19,,solution good enough for the tolerances given,solution good enough for the tolerances given,,3.155313127545034e-18,8.633356046493602e-19,,3.420558411911653e-07,3.320369153236857e-19,5.674577479043057e-07,1.287490079826537e-19,,,7.535770836314892e-12,6.052083799441306e-12,,1.380206582519674e-07,1.410289141527386e+00,7.732720444136949e-11,1.382611026179701e-19,2.772673231964716e-01,7.760416666666666e-01,9.993661060441693e-01,-1.807132221642860e-11,1.000000000018071e+00,1.000000000008607e+00,9.999999999999534e-01,9.999999999953417e-01,9.999999999817932e-01,9.999999999717015e-01,9.047120130261642e-17,1.410265292314771e-19,7.499495413816215e-20,1.596462739590341e-20,1.301461759878083e-07,1.583692081219786e-06,9.999415286510456e-01,6.376813339440335e-06,2.782685382985195e-07,3.589029142934933e-08,1.528278511719190e-24,5.592288123480568e-06,2.244048796589935e-05,2.203376243885990e-05,false
12,3.162000000000000e+13,0,10,CONTINUE,9.156075317717220e-10,1.385403244319007e-10,1.000000000000000e-09,9.156075317717221e-11,2.220446049267567e-14,1.252649255749925e-33,-1.000000000282844e+00,9.900000000000000e-01,,,1.182896388654694e-03,4.040662031702550e-05,2.429394598211407e-05,3.511524700449714e-02,2.068289754482119e+00,REACHED_FORCE,REACHED_FORCE,,1,4,4,1,4,4,,,,1.034290004543025e-06,9.984798680929094e-08,1.550303831681960e-06,7.633568514156268e-08,,,9.871099704051756e-19,2.832283635055030e-19,,solution good enough for the tolerances given,solution good enough for the tolerances given,,9.871099704051756e-19,2.832283635055030e-19,,1.034290004543025e-06,1.219727444046192e-19,1.550303831681960e-06,5.759824041329242e-20,,,4.024229346141702e-11,3.826204547644542e-11,,7.593945499817075e-08,1.410289141527359e+00,7.732720444136949e-11,1.382611026179701e-19,2.772673231964716e-01,7.760416666666666e-01,2.266862193511919e-02,-2.828435263779738e-10,1.000000000282844e+00,1.000000000001850e+00,9.999999999999851e-01,9.999999999997644e-01,9.999999999977018e-01,9.999999996627964e-01,7.763519074591392e-19,5.210181311444298e-19,2.414501190993521e-19,3.960876946681262e-20,1.102009866652420e-37,3.442693534266646e-29,9.995599961770695e-01,8.624571440590229e-29,4.123806136682705e-29,1.379966252318799e-37,2.910483848712236e-06,8.140002485936159e-05,2.581266193689544e-04,9.756669485359917e-05,false
12,1.000000000000000e+14,0,12,CONTINUE,9.156075317717220e-10,1.385403500665607e-10,1.000000000000000e-09,9.156075317717221e-11,2.220446049267567e-14,5.143437013157490e-33,-1.000000000503629e+00,9.900000000000000e-01,,,1.182896165127382e-03,4.646862909254480e-05,3.326185044287405e-05,3.511524700449714e-02,2.068289754482119e+00,REACHED_FORCE,REACHED_FORCE,,1,5,5,1,5,5,,,,3.620503156959313e-06,1.650739554535853e-07,3.434132073841950e-06,2.700321744328656e-07,,,3.560763708576105e-19,1.592061460484663e-19,,solution good enough for the tolerances given,solution good enough for the tolerances given,,3.560763708576105e-19,1.592061460484663e-19,,3.620503156959313e-06,5.082197683525802e-20,3.434132073841950e-06,3.388131789017201e-20,,,2.107342285843236e-11,4.003200306663246e-11,,4.389798794155775e-08,1.410289141527350e+00,7.732720444136949e-11,1.382611026179701e-19,2.772673231964716e-01,7.760416666666666e-01,9.880602663892483e-01,-5.036286943038704e-10,1.000000000503629e+00,9.999999999999958e-01,9.999999999999074e-01,9.999999994251740e-01,9.999999974996772e-01,9.999999927255885e-01,1.975947381720607e-16,7.630421835507418e-18,2.268407461959888e-18,5.143437013157490e-19,3.673883184285038e-35,9.966032792418938e-01,1.745211566941059e-29,3.936778913945050e-35,1.261887860485580e-35,5.317264782835189e-35,2.003592359568048e-15,1.057809134653003e-05,5.296102053590019e-04,2.856532461399083e-03,false
12,3.162000000000000e+14,1,5,CONTINUE,9.156075317717220e-10,2.156711164690651e-10,1.000000000000000e-09,9.156075317717221e-11,2.220446049267567e-14,1.446274274706063e-33,-1.000000000657316e+00,9.900000000000000e-01,,,9.748837840655541e-04,6.191292765724791e-05,3.518037059711477e-05,3.511524700449714e-02,2.068289754482119e+00,REFINE_STALLED,REFINE_STALLED,,1,2,2,1,1,1,,,,1.162175521708791e-05,5.157060712048766e-06,1.708813293620318e-05,9.411441619925680e-06,,,1.409234758447492e-19,1.408012348422639e-19,,solution good enough for the tolerances given,solution good enough for the tolerances given,,1.409234758447492e-19,1.408012348422639e-19,,1.162175521708791e-05,3.388131789017201e-20,1.708813293620318e-05,4.065758146820642e-20,,,7.359060490240960e-06,9.411441619925680e-06,,2.497774560866666e-08,1.410289141527348e+00,7.732720444136949e-11,1.382611026179701e-19,2.772673231964716e-01,7.760416666666666e-01,1.323696342434409e-04,-6.573159794243111e-10,1.000000000657316e+00,1.000000000307371e+00,9.999999999999984e-01,9.999999999999925e-01,9.999999998716615e-01,9.999999995262796e-01,8.356093769689578e-18,4.560548527454263e-18,2.298354849170853e-18,4.573119256620570e-19,8.134948657116650e-36,3.521832225330032e-34,9.827810823283861e-01,2.022658006555438e-30,2.806186399805361e-34,6.097796054040571e-35,9.362245068719154e-04,3.802141198938765e-03,6.041435467192528e-03,6.439116498611089e-03,false
12,1.000000000000000e+15,1,4,CONTINUE,9.156075317717220e-10,9.156075171004912e-10,1.000000000000000e-09,9.156075317717221e-11,2.220446049267567e-14,5.193086872577391e-40,3.035386305367057e-06,9.900000000000000e-01,,,1.103292956049045e-10,1.398555721816656e-04,1.327955138539185e-04,3.511524700449714e-02,2.068289754482119e+00,REFINE_STALLED,REFINE_STALLED,,1,1,1,1,1,1,,,,3.092382984346611e-05,3.092377412037193e-05,7.489172103869473e-06,4.396983179232678e-06,,,3.053847634357655e-19,1.264589651757220e-19,,solution good enough for the tolerances given,solution good enough for the tolerances given,,3.053847634357655e-19,1.264589651757220e-19,,3.092382984346611e-05,3.445310648859929e-20,7.489172103869473e-06,1.719562040524057e-20,,,3.092377412037193e-05,4.396983179232678e-06,,3.162278297822195e-05,1.410289141881884e+00,7.732720444136949e-11,1.382611026179701e-19,2.772673231964716e-01,7.760416666666666e-01,1.394396059841226e-10,3.294473582826640e-10,9.999999996705526e-01,9.999999996694697e-01,9.999999994860211e-01,9.999999994808575e-01,9.999999990980764e-01,9.999999990967299e-01,9.999999990953874e-01,4.085673069756977e-24,1.985127959151849e-24,5.193086872577392e-25,1.108965388838551e-04,5.443380442775217e-08,6.833756336753134e-05,6.799522892177489e-05,3.298251536124015e-01,3.126956687553572e-01,3.454951021864894e-01,2.302503201247729e-04,4.677338183252516e-03,6.829203177398512e-03,false
12,3.162000000000000e+15,1,5,CONTINUE,9.156075317717220e-10,9.156075525718467e-10,1.000000000000000e-09,9.156075317717221e-11,2.220446049267567e-14,1.120865492504726e-40,9.600716043715688e-07,9.900000000000000e-01,,,8.320837623023303e-11,5.250154585659354e-04,5.182859512431778e-04,3.511524700449714e-02,2.068289754482119e+00,REFINE_STALLED,REFINE_STALLED,,1,1,1,1,2,2,,,,3.092386794387052e-05,3.092385032108996e-05,2.269997709572542e-05,4.396938960887896e-06,,,1.471288020151574e-19,3.684653464077901e-20,,solution good enough for the tolerances given,solution good enough for the tolerances given,,1.471288020151574e-19,3.684653464077901e-20,,3.092386794387052e-05,1.930541241221669e-20,2.269997709572542e-05,9.311553576257393e-21,,,3.092385032108996e-05,4.396936454317784e-06,,3.162277861829942e-05,1.410289141881883e+00,7.732720444136949e-11,1.382611026179701e-19,2.772673231964716e-01,7.760416666666666e-01,2.574828669584763e-11,3.294082784321972e-10,9.999999996705917e-01,9.999999996704130e-01,9.999999994860342e-01,9.999999994808644e-01,9.999999990980764e-01,9.999999990967317e-01,9.999999990953881e-01,2.320813982013069e-24,1.320198452880874e-24,3.544176687299943e-25,6.973763042304040e-05,1.101348546121570e-05,4.661316268757765e-05,3.537631713045209e-05,2.997445884590604e-01,3.347922604420509e-01,3.147355566338248e-01,3.983230462824013e-03,3.192305810563145e-02,1.465856530090682e-02,false
12,1.000000000000000e+16,1,6,CONTINUE,9.156075317717220e-10,9.156075744619383e-10,1.000000000000000e-09,9.156075317717221e-11,2.220446049267567e-14,3.104484700941218e-41,3.035410855447819e-07,9.900000000000000e-01,,,7.451064512503931e-11,1.985573962601201e-03,1.965327581356291e-03,3.511524700449714e-02,2.068289754482119e+00,REFINE_STALLED,REFINE_STALLED,,1,2,2,1,2,2,,,,6.656317844764862e-05,3.092387442200502e-05,7.080891061315223e-05,4.396929001524590e-06,,,9.866470662727545e-20,6.110666343249827e-20,,solution good enough for the tolerances given,solution good enough for the tolerances given,,9.866470662727545e-20,6.110666343249827e-20,,6.656317844764862e-05,1.554451862717714e-20,7.080891061315223e-05,1.238445685047087e-20,,,3.092386884967845e-05,4.396928208948602e-06,,3.162277723933767e-05,1.410289141881883e+00,7.732720444136949e-11,1.382611026179701e-19,2.772673231964716e-01,7.760416666666666e-01,2.116009616430734e-10,3.294446937474049e-10,9.999999996705553e-01,9.999999996703612e-01,9.999999994861570e-01,9.999999994808642e-01,9.999999990980757e-01,9.999999990967303e-01,9.999999990953867e-01,5.150164628767907e-24,1.328985428055740e-24,3.104484700941218e-25,4.493270789585113e-05,9.474768297477904e-06,4.079454319763445e-05,2.154636108015466e-05,2.640472849327722e-01,3.467601207882822e-01,2.766359361389933e-01,5.559505852112739e-04,3.673272806223239e-02,7.515123111203732e-02,false
12,3.162000000000000e+16,1,6,CONTINUE,9.156075317717220e-10,9.156075813829748e-10,1.000000000000000e-09,9.156075317717221e-11,2.220446049267567e-14,1.732864474318118e-41,9.601499166996952e-08,9.900000000000000e-01,,,7.358455334886951e-11,6.276918253558015e-03,6.214025511412926e-03,3.511524700449714e-02,2.068289754482119e+00,REFINE_STALLED,REFINE_STALLED,,1,2,2,1,2,2,,,,2.186712239493606e-04,3.092388204210134e-05,2.229170572633555e-04,4.396922638418271e-06,,,8.391714000214876e-20,7.201252126214261e-20,,solution good enough for the tolerances given,solution good enough for the tolerances given,,8.391714000214876e-20,7.201252126214261e-20,,2.186712239493606e-04,1.435542226282516e-20,2.229170572633555e-04,1.335603460208338e-20,,,3.092388027982157e-05,4.396922387762059e-06,,3.162277680334536e-05,1.410289141881883e+00,7.732720444136949e-11,1.382611026179701e-19,2.772673231964716e-01,7.760416666666666e-01,2.059555260748383e-10,3.293814110350013e-10,9.999999996706186e-01,9.999999996704099e-01,9.999999994861952e-01,9.999999994808719e-01,9.999999990980777e-01,9.999999990967308e-01,9.999999990953914e-01,4.261374105074390e-24,1.990426997248064e-24,5.479317467793888e-25,3.268496682903837e-05,9.122358662788967e-06,4.392540307591745e-05,2.238852882458343e-05,2.414945652260574e-01,3.477955627258616e-01,2.551689003899961e-01,4.248526182253630e-03,3.865145824316078e-02,1.125328659752778e-01,false
12,1.000000000000000e+17,1,6,CONTINUE,9.156075317717220e-10,9.156075835719587e-10,1.000000000000000e-09,9.156075317717221e-11,2.220446049267567e-14,6.234584214857961e-42,3.035658424287784e-08,9.900000000000000e-01,,,7.349128257135372e-11,1.985063743553949e-02,1.965209199127809e-02,3.511524700449714e-02,2.068289754482119e+00,REFINE_STALLED,REFINE_STALLED,,1,2,2,1,2,2,,,,6.997606262252572e-04,3.092388445219530e-05,7.040061988353750e-04,4.396922981215523e-06,,,7.935888508567553e-20,7.559777445623482e-20,,solution good enough for the tolerances given,solution good enough for the tolerances given,,7.935888508567553e-20,7.559777445623482e-20,,6.997606262252572e-04,1.397933296510056e-20,7.040061988353750e-04,1.366332654509186e-20,,,3.092388389496237e-05,4.396922901958020e-06,,3.162277666544918e-05,1.410289141881883e+00,7.732720444136949e-11,1.382611026179701e-19,2.772673231964716e-01,7.760416666666666e-01,9.421362498381236e-11,3.294178263502090e-10,9.999999996705822e-01,9.999999996703210e-01,9.999999994862401e-01,9.999999994808675e-01,9.999999990980755e-01,9.999999990967305e-01,9.999999990953936e-01,3.643605108337823e-24,1.669082297505425e-24,6.234584214857961e-25,2.332517443680419e-05,1.399483476625366e-05,4.649627744302348e-05,2.428923607919762e-05,2.336137614443987e-01,3.457580535239435e-01,2.467187697417286e-01,3.407786753582386e-03,7.936020798637192e-02,9.103331502724976e-02,false
12,3.162000000000000e+17,1,6,CONTINUE,9.156075317717220e-10,9.156075842640609e-10,1.000000000000000e-09,9.156075317717221e-11,2.220446049267567e-14,3.087725825370869e-42,9.602017004616574e-09,9.900000000000000e-01,,,7.348195099835252e-11,6.276756854411035e-02,6.213988050277897e-02,3.511524700449714e-02,2.068289754482119e+00,REFINE_STALLED,REFINE_STALLED,,1,2,2,1,2,2,,,,2.220841694927388e-03,3.092388521420518e-05,2.225087769217797e-03,4.396923089599264e-06,,,7.793109568230589e-20,7.674212563318739e-20,,solution good enough for the tolerances given,solution good enough for the tolerances given,,7.793109568230589e-20,7.674212563318739e-20,,2.220841694927388e-03,1.386042171307823e-20,2.225087769217797e-03,1.376048553194347e-20,,,3.092388503797717e-05,4.396923064533638e-06,,3.162277662184995e-05,1.410289141881883e+00,7.732720444136949e-11,1.382611026179701e-19,2.772673231964716e-01,7.760416666666666e-01,5.661051171343932e-10,3.293636474666073e-10,9.999999996706364e-01,9.999999996703131e-01,9.999999994861597e-01,9.999999994808666e-01,9.999999990980810e-01,9.999999990967310e-01,9.999999990953841e-01,7.581298820942716e-24,2.852988743220952e-24,9.763389059822687e-25,2.352022900731571e-05,1.231568825530186e-05,4.685332800036130e-05,2.588702752123909e-05,2.282706156395507e-01,3.508355512419223e-01,2.405571228136972e-01,2.820101996155266e-03,5.030955092423811e-02,1.270984811116515e-01,false
12,1.000000000000000e+18,1,6,CONTINUE,9.156075317717220e-10,9.156075844829647e-10,1.000000000000000e-09,9.156075317717221e-11,2.220446049267567e-14,4.201103327247348e-43,3.035793478858777e-09,9.900000000000000e-01,,,7.348101757832002e-11,1.985058630065752e-01,1.965208004697776e-01,3.511524700449714e-02,2.068289754482119e+00,REFINE_STALLED,REFINE_STALLED,,1,2,2,1,2,2,,,,7.031735520366265e-03,3.092388545521460e-05,7.035981541943070e-03,4.396923123879009e-06,,,7.748096372031616e-20,7.710506644431894e-20,,solution good enough for the tolerances given,solution good enough for the tolerances given,,7.748096372031616e-20,7.710506644431894e-20,,7.031735520366265e-03,1.382281488356904e-20,7.035981541943070e-03,1.379121238364297e-20,,,3.092388539949130e-05,4.396923115953258e-06,,3.162277660806033e-05,1.410289141881883e+00,7.732720444136949e-11,1.382611026179701e-19,2.772673231964716e-01,7.760416666666666e-01,1.278845138834621e-10,3.294031714062839e-10,9.999999996705968e-01,9.999999996703526e-01,9.999999994862012e-01,9.999999994808670e-01,9.999999990980759e-01,9.999999990967303e-01,9.999999990953885e-01,3.804533440754580e-24,1.374657642776584e-24,4.201103327247348e-25,2.776275974053498e-05,7.620162715376661e-06,4.766280913705029e-05,2.567252823696077e-05,2.288895513365790e-01,3.476740440902890e-01,2.409993697518050e-01,2.474368426323159e-03,5.391225820779690e-02,1.259416899273771e-01,false
13,1.000000000000000e+00,0,15,CONTINUE,1.385403395165491e-10,2.096249286461573e-11,1.000000000000000e-09,1.385403395165491e-11,2.220446049252351e-14,1.002291948444316e+00,4.455007132640245e+01,9.900000000000000e-01,,,4.610195689195930e-04,1.487169208664190e-05,8.749091114581543e-06,3.561339348624037e-02,2.062255675521394e+00,REACHED_FORCE,REACHED_FORCE,,8,0,0,7,0,0,,,,5.298252192573562e-12,NaN,7.659174309152916e-12,NaN,,,8.221633353994809e-06,2.200673864947693e-06,,solution good enough for the tolerances given,solution good enough for the tolerances given,,1.283085840477113e-11,2.245933428243723e-11,,3.218725199566341e-20,5.298252192573562e-12,4.065758146820642e-20,7.659174309152916e-12,,,5.298252192573562e-12,7.659174309152916e-12,,3.659625894197976e-01,1.762829135562459e+00,9.106884258976743e-12,5.132746219380950e-20,2.772645143684121e-01,7.760416666666666e-01,1.288231876911440e-01,2.195386243929687e-02,9.780461375607031e-01,9.232046149188883e-01,8.398543158126520e-01,7.996095834643471e-01,7.401202848398809e-01,6.910415993764576e-01,6.325854268796623e-01,5.775839624843422e-01,5.243745874941459e-01,5.005723312342381e-01,4.067570712986058e-05,5.602138367278880e-05,1.333448190735334e-01,1.566401768076661e-01,2.344023014312566e-01,2.479288630748619e-01,1.120595420901791e-01,7.002165973549948e-02,4.278971379647967e-02,2.716226899722129e-03,false
13,3.162000000000000e+00,0,11,CONTINUE,1.385403395165491e-10,2.096249286456374e-11,1.000000000000000e-09,1.385403395165491e-11,2.220446049252351e-14,9.881666451040645e-01,3.980304759848372e+01,9.900000000000000e-01,,,4.610195686317627e-04,1.487169208315887e-05,8.749091121275019e-06,3.561339348624037e-02,2.062255675521394e+00,REACHED_FORCE,REACHED_FORCE,,6,0,0,5,0,0,,,,7.078655009360216e-13,NaN,2.310013584835347e-12,NaN,,,3.249963864128562e-06,8.690222493622391e-07,,solution good enough for the tolerances given,solution good enough for the tolerances given,,1.778262099079797e-12,7.683603367473430e-12,,8.915021769851511e-20,7.078655009360216e-13,1.118083490375676e-19,2.310013584835347e-12,,,7.078655009360216e-13,2.310013584835347e-12,,2.272495771628662e-01,1.530631034964076e+00,9.106884258976743e-12,5.132746219380950e-20,2.772645143684121e-01,7.760416666666666e-01,7.289339346116144e-02,7.882877063536742e-03,9.921171229364633e-01,9.439190402542357e-01,9.299983283317650e-01,9.052777331349232e-01,8.810728352519208e-01,8.513437446585002e-01,8.188587133759884e-01,7.967785181906754e-01,7.753661125608980e-01,7.575512442032598e-01,3.220521518195893e-05,9.088210326085687e-02,1.260616342293417e-01,1.869223595357994e-01,2.801456739003212e-01,1.421112169575920e-01,9.006786067663795e-02,2.747006221586721e-02,5.416004395476466e-02,2.146840053636936e-03,false
13,1.000000000000000e+01,0,8,CONTINUE,1.385403395165491e-10,2.096249286457201e-11,1.000000000000000e-09,1.385403395165491e-11,2.220446049252351e-14,1.502079900599236e-03,2.742804343177232e+01,9.900000000000000e-01,,,4.610195687790504e-04,1.487169208526955e-05,8.749091118033910e-06,3.561339348624037e-02,2.062255675521394e+00,REACHED_FORCE,REACHED_FORCE,,4,0,0,4,0,0,,,,2.372847093644196e-12,NaN,6.289871154165549e-13,NaN,,,1.122046352702714e-06,2.998835101024993e-07,,solution good enough for the tolerances given,solution good enough for the tolerances given,,8.617635729965243e-12,2.295777088372298e-12,,3.394484536121609e-19,2.372847093644196e-12,4.713738351470181e-19,6.289871154165549e-13,,,2.372847093644196e-12,6.289871154165549e-13,,1.342749308904342e-01,1.449432038987799e+00,9.106884258976743e-12,5.132746219380950e-20,2.772645143684121e-01,7.760416666666666e-01,9.620305479822061e-01,3.632659191629362e-03,9.963673408083706e-01,9.809926504306838e-01,9.735588535251624e-01,9.624682600689602e-01,9.513641886058899e-01,9.378292259630494e-01,9.280488558743726e-01,9.162161298368861e-01,9.082021896109747e-01,1.479851350898641e-02,4.589863222949072e-05,1.157257980476023e-01,1.553028192913452e-01,3.086186988115038e-01,1.948969285219393e-01,1.030566071395742e-01,5.383917861685214e-02,6.575898769539108e-02,2.755083243562817e-03,1.089050750348764e-28,false
13,3.162000000000000e+01,0,6,CONTINUE,1.385403395165491e-10,2.096249286462909e-11,1.000000000000000e-09,1.385403395165491e-11,2.220446049252351e-14,1.164963356289677e-13,2.236930646458588e+01,9.900000000000000e-01,,,4.610195681110700e-04,1.487169206926525e-05,8.749091136866875e-06,3.561339348624037e-02,2.062255675521394e+00,REACHED_FORCE,REACHED_FORCE,,3,0,0,3,0,0,,,,3.949880451604689e-12,NaN,1.049197392445742e-12,NaN,,,3.657976776317735e-07,9.774720539178815e-08,,solution good enough for the tolerances given,solution good enough for the tolerances given,,1.619084758990807e-11,4.311813255321134e-12,,8.233160247311799e-19,3.949880451604689e-12,1.075096568302521e-18,1.049197392445742e-12,,,3.949880451604689e-12,1.049197392445742e-12,,7.694006364737214e-02,1.422786245878215e+00,9.106884258976743e-12,5.132746219380950e-20,2.772645143684121e-01,7.760416666666666e-01,9.906425446920667e-01,1.411796322658643e-03,9.985882036773414e-01,9.938640231573009e-01,9.912425842740166e-01,9.875349294020139e-01,9.835827676156046e-01,9.787730785160662e-01,9.753740433906578e-01,9.718407023264660e-01,9.689730088058290e-01,3.683614132574390e-12,6.171911083340547e-05,1.188398177510114e-01,1.609755606806677e-01,3.177368878258127e-01,1.843364280690623e-01,1.082120530203247e-01,3.977157168467338e-02,6.735322468904327e-02,2.712737168571072e-03,7.343803541866869e-28,false
13,1.000000000000000e+02,0,6,CONTINUE,1.385403395165491e-10,2.096249286459411e-11,1.000000000000000e-09,1.385403395165491e-11,2.220446049252351e-14,4.714576229035452e-24,2.072522152618037e+01,9.900000000000000e-01,,,4.610195686345125e-04,1.487169208725421e-05,8.749091114976313e-06,3.561339348624037e-02,2.062255675521394e+00,REACHED_FORCE,REACHED_FORCE,,3,0,0,3,0,0,,,,1.302038641495611e-13,NaN,3.458882587628869e-14,NaN,,,1.168172941266090e-07,3.121363204700709e-08,,solution good enough for the tolerances given,solution good enough for the tolerances given,,5.302540845619233e-13,1.412246357427454e-13,,3.482152446162429e-18,1.302038641495611e-13,3.945479468310531e-18,3.458882587628869e-14,,,1.302038641495611e-13,3.458882587628869e-14,,4.353833472464891e-02,1.414252840106907e+00,9.106884258976743e-12,5.132746219380950e-20,2.772645143684121e-01,7.760416666666666e-01,9.970841880675442e-01,4.822711919124645e-04,9.995177288080875e-01,9.980464468401892e-01,9.971876642811126e-01,9.959958026074832e-01,9.946994812229345e-01,9.931246140911313e-01,9.919856979868301e-01,9.909140208119767e-01,9.899707956453961e-01,4.714576229035452e-22,7.042544681015333e-05,1.198825793383024e-01,1.630326582218274e-01,3.194435766015961e-01,1.812241117323181e-01,1.101836189894973e-01,3.594452880242700e-02,6.752479231311913e-02,2.693708554102683e-03,7.332963274704572e-27,false
13,3.162000000000000e+02,0,5,CONTINUE,1.385403395165491e-10,2.096249286423895e-11,1.000000000000000e-09,1.385403395165491e-11,2.220446049252351e-14,1.390977067743825e-32,2.021011037724619e+01,9.900000000000000e-01,,,4.610195701453568e-04,1.487169079882730e-05,8.749092405368170e-06,3.561339348624037e-02,2.062255675521394e+00,REACHED_FORCE,REACHED_FORCE,,3,0,0,2,0,0,,,,4.173897149130704e-15,NaN,1.316059092521633e-12,NaN,,,3.706125731293859e-08,9.902591376071701e-09,,solution good enough for the tolerances given,solution good enough for the tolerances given,,1.696240604889798e-14,6.288442380901443e-12,,6.954564013431433e-18,4.173897149130704e-15,1.219833323164599e-17,1.316059092521633e-12,,,4.173897149130704e-15,1.316059092521633e-12,,2.453433573574183e-02,1.411543905009697e+00,9.106884258976743e-12,5.132746219380950e-20,2.772645143684121e-01,7.760416666666666e-01,1.004790052549290e-01,1.564593401209846e-04,9.998435406598790e-01,9.993808109129387e-01,9.991061341673080e-01,9.987272698751057e-01,9.983125819505865e-01,9.978092039999290e-01,9.974413066190799e-01,9.971077344795229e-01,9.968057015948907e-01,4.398269488205974e-30,7.375616596217520e-05,1.202181498191824e-01,1.637106470877159e-01,3.198577133456991e-01,1.802566035404793e-01,1.107669975588979e-01,3.490731735421846e-02,6.752183889774252e-02,2.686976230101259e-03,8.419224090868483e-26,false
13,1.000000000000000e+03,0,4,CONTINUE,1.385403395165491e-10,2.096249286457019e-11,1.000000000000000e-09,1.385403395165491e-11,2.220446049252351e-14,3.842257735822617e-33,2.004794173932017e+01,9.900000000000000e-01,,,4.610195688021113e-04,1.487169195851000e-05,8.749091243799946e-06,3.561339348624037e-02,2.062255675521394e+00,REACHED_FORCE,REACHED_FORCE,,2,0,0,2,0,0,,,,5.015148461245283e-13,NaN,1.320603443765410e-13,NaN,,,1.173054748097070e-08,3.134327451406467e-09,,solution good enough for the tolerances given,solution good enough for the tolerances given,,2.370675948443278e-12,6.304014685766177e-13,,3.017237237238225e-17,5.015148461245283e-13,3.063760521866167e-17,1.320603443765410e-13,,,5.015148461245283e-13,1.320603443765410e-13,,1.380500127621472e-02,1.410686020276144e+00,9.106884258976743e-12,5.132746219380950e-20,2.772645143684121e-01,7.760416666666666e-01,2.701746159742543e-04,4.987794433253256e-05,9.999501220556675e-01,9.998040746474913e-01,9.997169106155960e-01,9.995969211556576e-01,9.994653233781130e-01,9.993056271055778e-01,9.991884855060573e-01,9.990835689306989e-01,9.989876903339757e-01,3.842257735822617e-30,7.487722057201368e-05,1.203248896974897e-01,1.639278993062046e-01,3.199760254824395e-01,1.799520891179898e-01,1.109455969485572e-01,3.459978319046806e-02,6.751406739676251e-02,2.684771639516275e-03,8.821883108585773e-25,false
13,3.162000000000000e+03,0,4,CONTINUE,1.385403395165491e-10,2.096249286461446e-11,1.000000000000000e-09,1.385403395165491e-11,2.220446049252351e-14,9.422370433577549e-33,1.999675181327687e+01,9.900000000000000e-01,,,4.610195686670684e-04,1.487169207468626e-05,8.749091127433518e-06,3.561339348624037e-02,2.062255675521394e+00,REACHED_FORCE,REACHED_FORCE,,2,0,0,2,0,0,,,,5.021771877727985e-14,NaN,1.322348619627956e-14,NaN,,,3.711030259575381e-09,9.915615316869923e-10,,solution good enough for the tolerances given,solution good enough for the tolerances given,,2.373085442428914e-13,6.310406135858180e-14,,1.060415369744236e-16,5.021771877727985e-14,9.329030298645732e-17,1.322348619627956e-14,,,5.021771877727985e-14,1.322348619627956e-14,,7.765056370048103e-03,1.410414668891508e+00,9.106884258976743e-12,5.132746219380950e-20,2.772645143684121e-01,7.760416666666666e-01,8.549796902230723e-05,1.581509516213053e-05,9.999841849048379e-01,9.999380237142053e-01,9.999104263887097e-01,9.998724598210232e-01,9.998307939081713e-01,9.997802363879683e-01,9.997431071603055e-01,9.997099833314635e-01,9.996796235419215e-01,2.979353531097221e-29,7.523878688102738e-05,1.203586994665774e-01,1.639968728066908e-01,3.200121628716454e-01,1.798559536519808e-01,1.110014250250074e-01,3.450469405538256e-02,6.751088635967807e-02,2.684066976157641e-03,9.525637866378838e-24,false
13,1.000000000000000e+04,0,4,CONTINUE,1.385403395165491e-10,2.096249286462094e-11,1.000000000000000e-09,1.385403395165491e-11,2.220446049252351e-14,8.591320541571948e-33,1.162750802622410e+01,9.900000000000000e-01,,,4.610195686537874e-04,1.487169208602176e-05,8.749091116075060e-06,3.561339348624037e-02,2.062255675521394e+00,REACHED_FORCE,REACHED_FORCE,,2,0,0,2,0,0,,,,5.022708018541291e-15,NaN,1.322594513292544e-15,NaN,,,1.173545810660799e-09,3.135630975363420e-10,,solution good enough for the tolerances given,solution good enough for the tolerances given,,2.373299728755563e-14,6.310969157464410e-15,,2.489133370448850e-16,5.022708018541291e-15,2.629274971572074e-16,1.322594513292544e-15,,,5.022708018541291e-15,1.322594513292544e-15,,4.366703887117784e-03,1.410328834506669e+00,9.106884258976743e-12,5.132746219380950e-20,2.772645143684121e-01,7.760416666666666e-01,8.366055676309714e-03,8.600221109489325e-06,9.999913997788905e-01,9.999799204703838e-01,9.999693054365444e-01,9.999571253423364e-01,9.999420774067342e-01,9.999263686734584e-01,9.999090489116172e-01,9.998996850758638e-01,9.998644910608624e-01,8.591320541571949e-29,3.647269981947678e-04,1.402774922387133e-01,2.005201053351641e-01,3.244556687025117e-01,1.535369506151291e-01,1.009284410094541e-01,7.566650967664293e-02,4.250100332049994e-03,5.092140026654487e-09,7.130848808612180e-23,false
13,3.162000000000000e+04,0,4,CONTINUE,1.385403395165491e-10,2.096249286479965e-11,1.000000000000000e-09,1.385403395165491e-11,2.220446049252351e-14,7.517944146409691e-33,9.284660375534200e+00,9.900000000000000e-01,,,4.610195686484666e-04,1.487169208753011e-05,8.749091114571263e-06,3.561339348624037e-02,2.062255675521394e+00,REACHED_FORCE,REACHED_FORCE,,2,0,0,2,0,0,,,,6.021104059404040e-16,NaN,6.354513168102278e-16,NaN,,,3.711521628939048e-10,9.916919969243677e-11,,solution good enough for the tolerances given,solution good enough for the tolerances given,,2.373915820902593e-15,6.312595490544521e-16,,6.021104059404040e-16,5.024167456309410e-16,6.354513168102278e-16,1.322980760316492e-16,,,6.021104059404040e-16,6.354513168102278e-16,,2.455736283519320e-03,1.410301694774415e+00,9.106884258976743e-12,5.132746219380950e-20,2.772645143684121e-01,7.760416666666666e-01,9.999900447270335e-01,3.406203829214860e-06,9.999965937961708e-01,9.999935510058000e-01,9.999899092397383e-01,9.999860518011885e-01,9.999811271626368e-01,9.999764195708325e-01,9.999711647657893e-01,9.999681365738954e-01,1.794467335735866e-06,2.377173939094744e-28,1.008077046057402e-03,1.505456581519967e-01,2.215703934744847e-01,3.144776517389232e-01,1.425468032190454e-01,9.186008072044634e-02,7.443939939363875e-02,3.551936255408044e-03,5.062858805924682e-55,7.576515276529188e-22,false
13,1.000000000000000e+05,0,4,CONTINUE,1.385403395165491e-10,2.096249286591273e-11,1.000000000000000e-09,1.385403395165491e-11,2.220446049252351e-14,1.249233766238940e-32,9.283783123831125e+00,9.900000000000000e-01,,,4.610195686313572e-04,1.487169209034189e-05,8.749091111793913e-06,3.561339348624037e-02,2.062255675521394e+00,REACHED_FORCE,REACHED_FORCE,,2,0,0,2,0,0,,,,1.909834832327425e-15,NaN,2.029907470073116e-15,NaN,,,1.173594946150262e-10,3.135761447417757e-11,,solution good enough for the tolerances given,solution good enough for the tolerances given,,2.373568869685024e-16,6.311603449734349e-17,,1.909834832327425e-15,5.023413596986354e-17,2.029907470073116e-15,1.322811353727041e-17,,,1.909834832327425e-15,2.029907470073116e-15,,1.380910335896004e-03,1.410293110876339e+00,9.106884258976743e-12,5.132746219380950e-20,2.772645143684121e-01,7.760416666666666e-01,9.999971357950199e-01,1.077145932337764e-06,9.999989228540677e-01,9.999979608032630e-01,9.999968092269316e-01,9.999955894860928e-01,9.999940322659985e-01,9.999925437171482e-01,9.999908821140651e-01,9.999899245571253e-01,1.353532174096671e-16,1.249233766238940e-27,1.008555934623409e-03,1.505484960356699e-01,2.215780199619052e-01,3.144714389600444e-01,1.425433248746178e-01,9.185783003011001e-02,7.444044143076216e-02,3.551892772266074e-03,2.134020920466977e-43,7.725987673456758e-21,false
13,3.162000000000000e+05,0,3,CONTINUE,1.385403395165491e-10,2.096249287947911e-11,1.000000000000000e-09,1.385403395165491e-11,2.220446049252351e-14,1.253744188028884e-32,9.283505955900537e+00,9.900000000000000e-01,,,4.610195567369652e-04,1.487168751064110e-05,8.749095653489915e-06,3.561339348624037e-02,2.062255675521394e+00,REACHED_FORCE,REACHED_FORCE,,2,0,0,1,0,0,,,,5.974889306527135e-15,NaN,1.002846223218615e-12,NaN,,,3.711570778842720e-11,9.917050495911291e-12,,solution good enough for the tolerances given,solution good enough for the tolerances given,,2.374055049009368e-17,9.917050495911291e-12,,5.974889306527135e-15,5.024599443112510e-18,7.872796856166035e-15,1.002846223218615e-12,,,5.974889306527135e-15,1.002846223218615e-12,,7.765786368570220e-04,1.410290396857160e+00,9.106884258976743e-12,5.132746219380950e-20,2.772645143684121e-01,7.760416666666666e-01,7.711275861876764e-01,3.406637839598048e-07,9.999996593362160e-01,9.999993550902689e-01,9.999989908928922e-01,9.999986051412232e-01,9.999981126568113e-01,9.999976418941672e-01,9.999971163996244e-01,9.999968135626768e-01,2.323269235107250e-26,3.964339122547332e-27,1.008707309651628e-03,1.505493924748254e-01,2.215804317506041e-01,3.144694749202802e-01,1.425422248642100e-01,9.185711879902017e-02,7.444077086547569e-02,3.551879015933739e-03,1.144018568453852e-21,6.245164027864727e-20,false
13,1.000000000000000e+06,0,2,CONTINUE,1.385403395165491e-10,2.096249288028123e-11,1.000000000000000e-09,1.385403395165491e-11,2.220446049252351e-14,2.205150521735980e-33,9.283416444684585e+00,9.900000000000000e-01,,,4.610195647173516e-04,1.487169065463908e-05,8.749092535675701e-06,3.561339348624037e-02,2.062255675521394e+00,REACHED_FORCE,REACHED_FORCE,,1,0,0,1,0,0,,,,1.198203208608575e-12,NaN,3.171008191405833e-13,NaN,,,1.173599861119141e-11,3.135779944316137e-12,,solution good enough for the tolerances given,solution good enough for the tolerances given,,1.173599861119141e-11,3.135779944316137e-12,,2.165178525870509e-14,1.198203208608575e-12,2.115899398372851e-14,3.171008191405833e-13,,,1.198203208608575e-12,3.171008191405833e-13,,4.366833709199342e-04,1.410289538462756e+00,9.106884258976743e-12,5.132746219380950e-20,2.772645143684121e-01,7.760416666666666e-01,2.605966875060684e-05,1.077189522025179e-07,9.999998922810478e-01,9.999997960792937e-01,9.999996809195834e-01,9.999995589447188e-01,9.999994032206552e-01,9.999992543654241e-01,9.999990882037124e-01,9.999989924462425e-01,1.233786873432149e-26,2.205150521735980e-27,1.008756061820749e-03,1.505496790680913e-01,2.215811977019330e-01,3.144688249350024e-01,1.425418998415315e-01,9.185689283857668e-02,7.444087475308858e-02,3.551874799956400e-03,2.175387447533784e-19,4.799029460474118e-19,true
13,3.162000000000000e+06,0,2,CONTINUE,1.385403395165491e-10,2.096249288448354e-11,1.000000000000000e-09,1.385403395165491e-11,2.220446049252351e-14,6.369215665447763e-33,9.283338019177888e+00,9.900000000000000e-01,,,4.610195672755890e-04,1.487169161437165e-05,8.749091583895063e-06,3.561339348624037e-02,2.062255675521394e+00,REACHED_FORCE,REACHED_FORCE,,1,0,0,1,0,0,,,,3.789385068887286e-13,NaN,1.002848062974177e-13,NaN,,,3.711575689579067e-12,9.917068924832745e-13,,solution good enough for the tolerances given,solution good enough for the tolerances given,,3.711575689579067e-12,9.917068924832745e-13,,5.832081743317811e-14,3.789385068887286e-13,6.324967557759216e-14,1.002848062974177e-13,,,3.789385068887286e-13,1.002848062974177e-13,,2.455759374589094e-04,1.410289267060379e+00,9.106884258976743e-12,5.132746219380950e-20,2.772645143684121e-01,7.760416666666666e-01,8.543829418020999e-08,3.406700510577565e-08,9.999999659329949e-01,9.999999355089136e-01,9.999998990889439e-01,9.999998605137197e-01,9.999998112650685e-01,9.999997641887927e-01,9.999997116391955e-01,9.999996813553257e-01,4.813807633026330e-26,2.013945993414583e-26,1.008792301175072e-03,1.505498516564391e-01,2.215815805074174e-01,3.144684071434539e-01,1.425418009431045e-01,9.185676474125355e-02,7.444093172102209e-02,3.551870986134037e-03,1.654864135274585e-18,6.320483560544326e-18,false
13,1.000000000000000e+07,0,2,CONTINUE,1.385403395165491e-10,2.096249290153499e-11,1.000000000000000e-09,1.385403395165491e-11,2.220446049252351e-14,4.722549974466185e-33,9.248483775415083e+00,9.900000000000000e-01,,,4.610195673740029e-04,1.487169186499464e-05,8.749091335265635e-06,3.561339348624037e-02,2.062255675521394e+00,REACHED_FORCE,REACHED_FORCE,,1,0,0,1,0,0,,,,1.933301513789356e-13,NaN,1.784686921392552e-13,NaN,,,1.173600347905676e-12,3.135776298965744e-13,,solution good enough for the tolerances given,solution good enough for the tolerances given,,1.173600347905676e-12,3.135776298965744e-13,,1.933301513789356e-13,1.198203659230103e-13,1.784686921392552e-13,3.171004379757571e-14,,,1.933301513789356e-13,1.784686921392552e-13,,1.380914442547518e-04,1.410289181220892e+00,9.106884258976743e-12,5.132746219380950e-20,2.772645143684121e-01,7.760416666666666e-01,1.153057560023106e-05,1.081258305113408e-08,9.999999891874169e-01,9.999999796015940e-01,9.999999680708322e-01,9.999999558738086e-01,9.999999402955415e-01,9.999999254240207e-01,9.999999088182415e-01,9.999998992413003e-01,1.649292829008979e-25,4.722549974466185e-26,1.028748176329979e-03,1.507314209920729e-01,2.219439723802134e-01,3.142326934082234e-01,1.423700812958693e-01,9.172134646193421e-02,7.442497193359131e-02,3.546765351765617e-03,1.961280533023806e-17,4.634704549728381e-17,false
13,3.162000000000000e+07,0,2,CONTINUE,1.385403395165491e-10,2.096249270564939e-11,1.000000000000000e-09,1.385403395165491e-11,2.220446049252351e-14,5.337081435006903e-33,5.590507556330265e+00,9.900000000000000e-01,,,4.610195716157146e-04,1.487169097091306e-05,8.749092216781764e-06,3.561339348624037e-02,2.062255675521394e+00,REACHED_FORCE,REACHED_FORCE,,1,0,0,1,0,0,,,,6.943785122130928e-13,NaN,6.069351447832383e-13,NaN,,,3.711576000127331e-13,9.917063791070238e-14,,solution good enough for the tolerances given,solution good enough for the tolerances given,,3.711576000127331e-13,9.917063791070238e-14,,6.943785122130928e-13,3.789385526285077e-14,6.069351447832383e-13,1.002847876626928e-14,,,6.943785122130928e-13,6.069351447832383e-13,,7.765793641398136e-05,1.410289154080650e+00,9.106884258976743e-12,5.132746219380950e-20,2.772645143684121e-01,7.760416666666666e-01,9.375381962123832e-01,5.657009305437555e-09,9.999999943429907e-01,9.999999923855756e-01,9.999999879064425e-01,9.999999832951850e-01,9.999999773773042e-01,9.999999714000092e-01,9.999999685223251e-01,1.210221183622697e-01,6.882778733438617e-25,1.687585149749183e-25,5.502342328198126e-02,1.702891102940425e-01,3.451619660486480e-01,2.210827152889965e-01,1.240096774325412e-01,7.840537197241089e-02,6.027735681378581e-03,1.497542545297202e-48,1.166915535948118e-16,6.705072655214681e-16,false
13,1.000000000000000e+08,0,2,CONTINUE,1.385403395165491e-10,2.096249330606286e-11,1.000000000000000e-09,1.385403395165491e-11,2.220446049252351e-14,4.951089823203911e-33,5.590593188496483e+00,9.900000000000000e-01,,,4.610195612493957e-04,1.487169251198777e-05,8.749090698441583e-06,3.561339348624037e-02,2.062255675521394e+00,REACHED_FORCE,REACHED_FORCE,,1,0,0,1,0,0,,,,1.808426264666028e-12,NaN,1.999583201823401e-12,NaN,,,1.173600457212737e-13,3.135775852722757e-14,,solution good enough for the tolerances given,solution good enough for the tolerances given,,1.173600457212737e-13,3.135775852722757e-14,,1.808426264666028e-12,1.198203489823513e-14,1.999583201823401e-12,3.171005057383929e-15,,,1.808426264666028e-12,1.999583201823401e-12,,4.366835026995725e-05,1.410289145496701e+00,9.106884258976743e-12,5.132746219380950e-20,2.772645143684121e-01,7.760416666666666e-01,9.999999980436629e-01,1.788718950734847e-09,9.999999982112810e-01,9.999999975923677e-01,9.999999961760582e-01,9.999999947179790e-01,9.999999928467156e-01,9.999999909566883e-01,9.999999900467627e-01,2.975509120637351e-11,2.287912555761974e-24,4.951089823203911e-25,5.501542837083222e-02,1.702888241881762e-01,3.451603899958588e-01,2.210908199218192e-01,1.240109583739234e-01,7.840581901680864e-02,6.027760132575766e-03,2.799698556009256e-47,6.882603035704265e-16,5.662855217585399e-15,false
13,3.162000000000000e+08,0,2,CONTINUE,1.385403395165491e-10,2.096249382733844e-11,1.000000000000000e-09,1.385403395165491e-11,2.220446049252351e-14,4.745348223540167e-33,5.729478945873085e+00,9.900000000000000e-01,,,4.610195521870661e-04,1.487168948205033e-05,8.749093704779764e-06,3.561339348624037e-02,2.062255675521394e+00,REACHED_FORCE,REACHED_FORCE,,1,0,0,1,0,0,,,,4.089204081057562e-12,NaN,7.401046236411881e-12,NaN,,,3.711575666977336e-14,9.917062441027721e-15,,solution good enough for the tolerances given,solution good enough for the tolerances given,,3.711575666977336e-14,9.917062441027721e-15,,4.089204081057562e-12,3.789378072395141e-15,7.401046236411881e-12,1.002841269769940e-15,,,4.089204081057562e-12,7.401046236411881e-12,,2.455759631015244e-05,1.410289142782676e+00,9.106884258976743e-12,5.132746219380950e-20,2.772645143684121e-01,7.760416666666666e-01,9.999171751289356e-01,5.519795731601107e-10,9.999999994480204e-01,9.999999992540649e-01,9.999999987986248e-01,9.999999983372929e-01,9.999999977411331e-01,9.999999971409479e-01,9.999999968539397e-01,1.790319379627304e-20,3.907282258056829e-24,1.500479108283401e-24,4.361108289031513e-02,1.763903633370763e-01,3.444647331157752e-01,2.257708595136232e-01,1.250964399716201e-01,7.848519714691531e-02,6.181324024598642e-03,4.317057188258232e-30,1.240467436427676e-14,6.476267409068521e-14,false
13,1.000000000000000e+09,0,4,CONTINUE,1.385403395165491e-10,2.096249286460342e-11,1.000000000000000e-09,1.385403395165491e-11,2.220446049252351e-14,6.133369451357862e-33,5.585742225049803e+00,9.900000000000000e-01,,,4.610195686522652e-04,1.487169208765381e-05,8.749091114569913e-06,3.561339348624037e-02,2.062255675521394e+00,REACHED_FORCE,REACHED_FORCE,,1,1,1,1,1,1,,,,1.702924069652725e-11,2.616251840008039e-17,2.146357456874189e-11,2.571316742156198e-17,,,1.173599549727133e-14,3.135767526505374e-15,,solution good enough for the tolerances given,solution good enough for the tolerances given,,1.173599549727133e-14,3.135767526505374e-15,,1.702924069652725e-11,1.198202642790566e-15,2.146357456874189e-11,3.170969482000144e-16,,,2.616251840008039e-17,2.571316742156198e-17,,1.380914620830532e-05,1.410289141924282e+00,9.106884258976743e-12,5.132746219380950e-20,2.772645143684121e-01,7.760416666666666e-01,3.027196905780440e-05,1.790272374790902e-10,9.999999998209728e-01,9.999999997590847e-01,9.999999996175275e-01,9.999999994717022e-01,9.999999992846316e-01,9.999999990956454e-01,9.999999990046522e-01,6.871011039882331e-23,1.935512810832185e-23,6.133369451357862e-24,5.536246010849055e-02,1.701409098320046e-01,3.451319868573848e-01,2.209666463729319e-01,1.239847419553668e-01,7.838785600921755e-02,6.025398863764242e-03,6.599162054715008e-15,1.805427472448866e-13,6.537939698737882e-13,false
13,3.162000000000000e+09,0,4,CONTINUE,1.385403395165491e-10,2.096249286473874e-11,1.000000000000000e-09,1.385403395165491e-11,2.220446049252351e-14,3.332606499386374e-33,5.585882450077091e+00,9.900000000000000e-01,,,4.610195686495961e-04,1.487169208844885e-05,8.749091114899294e-06,3.561339348624037e-02,2.062255675521394e+00,REACHED_FORCE,REACHED_FORCE,,1,1,1,1,1,1,,,,6.328119781216248e-11,2.846068819257076e-16,5.531485477134464e-11,5.335602412773503e-16,,,3.711568663087975e-15,9.916970340328734e-16,,solution good enough for the tolerances given,solution good enough for the tolerances given,,3.711568663087975e-15,9.916970340328734e-16,,6.328119781216248e-11,3.789422118108399e-16,5.531485477134464e-11,1.002887009549092e-16,,,2.846068819257076e-16,5.335602412773503e-16,,7.765796856506696e-06,1.410289141652879e+00,9.106884258976743e-12,5.132746219380950e-20,2.772645143684121e-01,7.760416666666666e-01,4.923145729755115e-10,5.661693336378448e-11,9.999999999433831e-01,9.999999999238243e-01,9.999999998790718e-01,9.999999998329510e-01,9.999999997737683e-01,9.999999997139992e-01,9.999999996852136e-01,1.112497260647222e-22,5.295907963647231e-23,1.053770175105971e-23,5.538722115186295e-02,1.698540459554657e-01,3.451830262237228e-01,2.211564350204945e-01,1.240006912379990e-01,7.840422479086900e-02,6.014355612430664e-03,3.549030621761985e-13,2.700904794266182e-12,4.100300599622540e-12,false
13,1.000000000000000e+10,0,4,CONTINUE,1.385403395165491e-10,2.096249286677548e-11,1.000000000000000e-09,1.385403395165491e-11,2.220446049252351e-14,7.039165692628241e-34,5.589048793469660e+00,9.900000000000000e-01,,,4.610195686113797e-04,1.487169209894807e-05,8.749091115019635e-06,3.561339348624037e-02,2.062255675521394e+00,REACHED_FORCE,REACHED_FORCE,,1,1,1,1,1,1,,,,1.394300467927439e-10,3.266978654868169e-15,1.964051435919872e-10,2.464391749817788e-15,,,1.173584611701005e-15,3.135535437054048e-16,,solution good enough for the tolerances given,solution good enough for the tolerances given,,1.173584611701005e-15,3.135535437054048e-16,,1.394300467927439e-10,1.198077281914373e-16,1.964051435919872e-10,3.169597288625592e-17,,,3.266978654868169e-15,2.464391749817788e-15,,4.366839749017038e-06,1.410289141567040e+00,9.106884258976743e-12,5.132746219380950e-20,2.772645143684121e-01,7.760416666666666e-01,3.741932666289678e-08,1.789213222025410e-11,9.999999999821079e-01,9.999999999759175e-01,9.999999999617575e-01,9.999999999471774e-01,9.999999999284659e-01,9.999999999095668e-01,9.999999999004667e-01,2.675576477204649e-22,1.062606867250054e-22,7.039165692628241e-24,5.516408674240950e-02,1.701220207106533e-01,3.452454359349729e-01,2.210316559268407e-01,1.240182131578653e-01,7.839939654366615e-02,6.019190915087264e-03,1.399305895234905e-12,9.359962718620164e-12,5.774640080385211e-11,false
13,3.162000000000000e+10,0,4,CONTINUE,1.385403395165491e-10,2.096249287613124e-11,1.000000000000000e-09,1.385403395165491e-11,2.220446049252351e-14,1.154771744389182e-33,5.100223115349364e+00,9.900000000000000e-01,,,4.610195684447851e-04,1.487169216601733e-05,8.749091161330453e-06,3.561339348624037e-02,2.062255675521394e+00,REACHED_FORCE,REACHED_FORCE,,1,1,1,1,1,1,,,,5.349742532108210e-10,1.835891143021082e-14,6.571242298887160e-10,2.502445890819314e-14,,,3.711573248818406e-16,9.916391850483680e-17,,solution good enough for the tolerances given,solution good enough for the tolerances given,,3.711573248818406e-16,9.916391850483680e-17,,5.349742532108210e-10,3.789117186247387e-17,6.571242298887160e-10,1.002548196370190e-17,,,1.835891143021082e-14,2.502445890819314e-14,,2.455763982204464e-06,1.410289141539899e+00,9.106884258976743e-12,5.132746219380950e-20,2.772645143684121e-01,7.760416666666666e-01,1.082562898566733e-03,6.200817637136424e-12,9.999999999937992e-01,9.999999999903211e-01,9.999999999857281e-01,9.999999999790792e-01,9.999999999725162e-01,9.999999999696154e-01,9.999988280416939e-01,5.744896446950430e-22,2.519338340077352e-22,3.651388255758594e-23,1.269446830882201e-01,2.385782525074776e-01,3.630631947685118e-01,1.666040638076672e-01,7.976697156805962e-02,2.504283356824583e-02,1.648908958194135e-41,1.551398511876283e-11,2.973280117734286e-10,3.789767906316320e-10,false
13,1.000000000000000e+11,0,4,CONTINUE,1.385403395165491e-10,2.096249299273190e-11,1.000000000000000e-09,1.385403395165491e-11,2.220446049252351e-14,5.061872206898171e-33,-1.000000000030657e+00,9.900000000000000e-01,,,4.610195664019564e-04,1.487169302668229e-05,8.749091450624407e-06,3.561339348624037e-02,2.062255675521394e+00,REACHED_FORCE,REACHED_FORCE,,1,1,1,1,1,1,,,,1.180020698302572e-09,2.449671043525261e-13,2.080196341968693e-09,1.833063522579416e-13,,,1.173370023470603e-16,3.132993918997324e-17,,solution good enough for the tolerances given,solution good enough for the tolerances given,,1.173370023470603e-16,3.132993918997324e-17,,1.180020698302572e-09,1.198043400596482e-17,2.080196341968693e-09,3.169597288625592e-18,,,2.449671043525261e-13,1.833063522579416e-13,,1.380916983824598e-06,1.410289141531315e+00,9.106884258976743e-12,5.132746219380950e-20,2.772645143684121e-01,7.760416666666666e-01,3.009593297325820e-01,-3.065681042357937e-11,1.000000000030657e+00,9.999999999977511e-01,9.999999999960985e-01,9.999999999941980e-01,9.999999999911218e-01,9.999999999606706e-01,9.094234818844847e-01,5.318534657113844e-21,1.637718471425532e-21,5.061872206898171e-22,7.698178918286978e-09,2.347369658839749e-01,3.613331535811891e-01,2.831702159827426e-01,1.207596301957079e-01,1.743355911067239e-08,3.929800607616506e-40,2.530744780238688e-11,1.590715315572865e-09,7.608626107086530e-09,false
13,3.162000000000000e+11,0,4,CONTINUE,1.385403395165491e-10,2.096249433830945e-11,1.000000000000000e-09,1.385403395165491e-11,2.220446049252351e-14,2.748270178572791e-33,-1.000000000227842e+00,9.900000000000000e-01,,,4.610195434090719e-04,1.487170053180291e-05,8.749093632327134e-06,3.561339348624037e-02,2.062255675521394e+00,REACHED_FORCE,REACHED_FORCE,,1,1,1,1,1,1,,,,4.405258791074379e-09,2.915480132247933e-12,6.539208625118140e-09,2.905095117197132e-12,,,3.712065690063043e-17,9.921841252144254e-18,,solution good enough for the tolerances given,solution good enough for the tolerances given,,3.712065690063043e-17,9.921841252144254e-18,,4.405258791074379e-09,3.793013537804757e-18,6.539208625118140e-09,1.002887009549092e-18,,,2.915480132247933e-12,2.905095117197132e-12,,7.765977362980028e-07,1.410289141528601e+00,9.106884258976743e-12,5.132746219380950e-20,2.772645143684121e-01,7.760416666666666e-01,4.011666672854031e-01,-2.278417454704140e-10,1.000000000227842e+00,1.000000000061850e+00,1.000000000005603e+00,9.999999999985887e-01,9.999999999953848e-01,9.999999998754676e-01,8.390653052435780e-01,1.706114247158255e-20,4.974845478609407e-21,8.690030304647165e-22,2.696361624953154e-13,1.627597835425705e-09,3.002373477464162e-03,9.711287106487282e-01,2.586885284341237e-02,1.858837181246030e-11,3.030551580406732e-41,2.624090383525761e-11,2.220249753610768e-08,3.915520374009568e-08,false
13,1.000000000000000e+12,0,6,CONTINUE,1.385403395165491e-10,2.096249286381363e-11,1.000000000000000e-09,1.385403395165491e-11,2.220446049252351e-14,5.049995080313740e-33,-1.000000000224039e+00,9.900000000000000e-01,,,4.610195686936174e-04,1.487180010769551e-05,8.749271082085370e-06,3.561339348624037e-02,2.062255675521394e+00,REACHED_FORCE,REACHED_FORCE,,1,2,2,1,2,2,,,,1.340583697785162e-08,1.391349742006326e-11,2.032111907672392e-08,1.934182504732158e-11,,,1.173554253591497e-17,3.140295573598666e-18,,solution good enough for the tolerances given,solution good enough for the tolerances given,,1.173554253591497e-17,3.140295573598666e-18,,1.340583697785162e-08,1.196010521523072e-18,2.032111907672392e-08,3.184843881676169e-19,,,1.742844393770696e-14,2.246694477967069e-14,,4.366827127718197e-07,1.410289141527743e+00,9.106884258976743e-12,5.132746219380950e-20,2.772645143684121e-01,7.760416666666666e-01,1.861538813951117e-02,-2.240385654772581e-10,1.000000000224039e+00,1.000000000123644e+00,9.999999999995342e-01,9.999999999862865e-01,9.999999998487765e-01,9.999999997471714e-01,9.996534673121835e-01,2.212901983396035e-20,1.063171003842928e-20,5.049995080313739e-21,5.776323860886217e-08,6.994120143398587e-07,9.999203391365776e-01,7.773419926015391e-05,4.569227772403451e-07,4.914879543463944e-08,1.313161280824802e-39,3.366636675746702e-08,4.097995922321230e-07,2.199513790333578e-07,false
13,3.162000000000000e+12,0,6,CONTINUE,1.385403395165491e-10,2.096249266700175e-11,1.000000000000000e-09,1.385403395165491e-11,2.220446049252351e-14,3.037666979752683e-33,-1.000000000161986e+00,9.900000000000000e-01,,,4.610195728684655e-04,1.487261537760523e-05,8.750631038348861e-06,3.561339348624037e-02,2.062255675521394e+00,REACHED_FORCE,REACHED_FORCE,,1,2,2,1,2,2,,,,7.084316745024197e-08,3.008059487249481e-10,5.529594777272120e-08,5.754056204387996e-10,,,3.707052249620834e-18,9.902452762466401e-19,,solution good enough for the tolerances given,solution good enough for the tolerances given,,3.707052249620834e-18,9.902452762466401e-19,,7.084316745024197e-08,3.760826285809094e-19,5.529594777272120e-08,1.067261513540418e-19,,,2.258090805570024e-12,3.834439773720509e-12,,2.456383128653266e-07,1.410289141527472e+00,9.106884258976743e-12,5.132746219380950e-20,2.772645143684121e-01,7.760416666666666e-01,9.999992174798378e-01,-1.619855360956990e-10,1.000000000161986e+00,1.000000000093589e+00,9.999999999998530e-01,9.999999999987395e-01,9.999999999044753e-01,9.999999998341005e-01,1.565034898562299e-06,1.951210466671015e-19,6.294511073126037e-20,9.605102989977985e-21,1.541175850097736e-08,5.655386675382556e-08,9.987416079758451e-01,1.251875346265289e-03,1.109985407293492e-07,1.030982893988898e-08,6.968612408137320e-37,7.025289738007471e-08,1.900943048356821e-06,4.352207949467395e-06,false
13,1.000000000000000e+13,0,8,CONTINUE,1.385403395165491e-10,2.096249336659385e-11,1.000000000000000e-09,1.385403395165491e-11,2.220446049252351e-14,2.725732282249145e-33,-1.000000000031054e+00,9.900000000000000e-01,,,4.610195570992983e-04,1.488898943751496e-05,8.777873858010930e-06,3.561339348624037e-02,2.062255675521394e+00,REACHED_FORCE,REACHED_FORCE,,1,3,3,1,3,3,,,,2.074997232891899e-07,2.720959665286251e-09,1.738186869603108e-07,6.189190009341507e-09,,,1.178725400876101e-18,3.248456938363841e-19,,solution good enough for the tolerances given,solution good enough for the tolerances given,,1.178725400876101e-18,3.248456938363841e-19,,2.074997232891899e-07,1.219727444046192e-19,1.738186869603108e-07,4.235164736271502e-20,,,2.215066444428842e-12,3.541701871227193e-12,,1.381213116880104e-07,1.410289141527386e+00,9.106884258976743e-12,5.132746219380950e-20,2.772645143684121e-01,7.760416666666666e-01,9.824945145629634e-01,-3.105427026639518e-11,1.000000000031054e+00,1.000000000018554e+00,1.000000000001626e+00,9.999999999999545e-01,9.999999999852445e-01,9.999999999735385e-01,6.327702414586906e-18,3.250046180011550e-19,1.435460675844012e-19,2.725732282249145e-20,2.631244265870731e-08,2.402931120004952e-07,2.629740221653621e-05,9.999128927791431e-01,5.949717291243089e-07,6.817165112528650e-08,2.031850898601059e-15,3.291639688436240e-06,1.980654639189851e-05,3.678188362284593e-05,false
13,3.162000000000000e+13,0,10,CONTINUE,1.385403395165491e-10,2.096249266647196e-11,1.000000000000000e-09,1.385403395165491e-11,2.220446049252351e-14,5.441998059951412e-33,-1.000000000019440e+00,9.900000000000000e-01,,,4.610195732257597e-04,1.516139151894350e-05,9.223559070437832e-06,3.561339348624037e-02,2.062255675521394e+00,REACHED_FORCE,REACHED_FORCE,,1,4,4,1,4,4,,,,5.490040260337900e-07,1.211718614509795e-08,5.225999716324051e-07,1.714419083464531e-08,,,3.658613677872462e-19,1.082480269469550e-19,,solution good enough for the tolerances given,solution good enough for the tolerances given,,3.658613677872462e-19,1.082480269469550e-19,,5.490040260337900e-07,4.235164736271502e-20,5.225999716324051e-07,2.032879073410321e-20,,,7.414876498259816e-13,7.607665283988866e-13,,7.738787102532098e-08,1.410289141527359e+00,9.106884258976743e-12,5.132746219380950e-20,2.772645143684121e-01,7.760416666666666e-01,7.796078587385990e-06,-1.944044925039634e-11,1.000000000019440e+00,1.000000000001832e+00,9.999999999999849e-01,9.999999999995290e-01,9.999999999973106e-01,9.999999999739593e-01,1.983017551180168e-18,1.055035760911421e-18,4.787023183006708e-19,1.720759786556636e-19,1.318238451962464e-35,3.343483224600956e-29,9.991596389210631e-01,1.171841702123021e-28,1.440521070411852e-29,1.655557398605444e-35,6.103455386696069e-07,4.230329413119103e-05,3.835033355097734e-04,4.139441037577736e-04,false
13,1.000000000000000e+14,0,12,CONTINUE,1.385403395165491e-10,2.096249448680340e-11,1.000000000000000e-09,1.385403395165491e-11,2.220446049252351e-14,3.362805539906641e-33,-1.000000001425278e+00,9.900000000000000e-01,,,4.610195356580558e-04,1.872536099675591e-05,1.426330072822728e-05,3.561339348624037e-02,2.062255675521394e+00,REACHED_FORCE,REACHED_FORCE,,1,5,5,1,5,5,,,,1.445256068383111e-06,1.255453116217364e-07,1.459859690394327e-06,8.406287725538094e-08,,,1.271819335662103e-19,6.561088996809781e-20,,solution good enough for the tolerances given,solution good enough for the tolerances given,,1.271819335662103e-19,6.561088996809781e-20,,1.445256068383111e-06,2.032879073410321e-20,1.459859690394327e-06,1.524659305057741e-20,,,8.791959895024961e-12,1.107643653510232e-11,,4.389917135061879e-08,1.410289141527350e+00,9.106884258976743e-12,5.132746219380950e-20,2.772645143684121e-01,7.760416666666666e-01,9.533078947423342e-01,-1.425278117750395e-09,1.000000001425278e+00,1.000000000515049e+00,9.999999999999956e-01,9.999999999999918e-01,9.999999993851729e-01,9.999999975289013e-01,2.846797239631022e-17,3.173425055917515e-18,1.317677917055247e-18,3.362805539906641e-19,1.173632291664137e-34,9.071568848256947e-36,9.922754571483063e-01,1.762939011518132e-29,1.249190205493045e-34,8.364314209912441e-37,8.324993206893906e-12,4.505821412272819e-05,1.830671875707226e-03,5.848812753538599e-03,false
13,3.162000000000000e+14,1,4,CONTINUE,1.385403395165491e-10,3.704974909108658e-11,1.000000000000000e-09,1.385403395165491e-11,2.220446049252351e-14,2.816029747221988e-33,-1.000000000617798e+00,8.030871272904920e-01,,,4.459218314464600e-04,2.609926354630366e-05,1.525775395226902e-05,3.561339348624037e-02,2.062255675521394e+00,REFINE_STALLED,REFINE_STALLED,,1,1,1,1,1,1,,,,5.131807979250202e-06,3.048043478332265e-06,5.754632924445806e-06,3.724378971302027e-06,,,5.744232479943753e-20,8.684463208497707e-20,,solution good enough for the tolerances given,solution good enough for the tolerances given,,5.744232479943753e-20,8.684463208497707e-20,,5.131807979250202e-06,1.355252715606881e-20,5.754632924445806e-06,2.710505431213761e-20,,,3.048043478332265e-06,3.724378971302027e-06,,2.497774563358988e-08,1.410289141527348e+00,9.106884258976743e-12,5.132746219380950e-20,2.772645143684121e-01,7.760416666666666e-01,4.620998156186433e-04,-6.177978129073836e-10,1.000000000617798e+00,1.000000000000002e+00,9.999999999999987e-01,9.999999999227811e-01,9.999999990336568e-01,9.999999982726739e-01,1.699005762003384e-17,7.854354524603863e-18,3.359479759183668e-18,8.904286060715924e-19,2.624402807741583e-34,3.029424017268782e-30,9.716842449281740e-01,4.034251154924134e-34,2.174984025961731e-34,5.033337182700082e-35,1.840140508158016e-05,1.041556954939970e-03,1.264981759400244e-02,1.460597911780251e-02,false
13,1.000000000000000e+15,1,4,CONTINUE,1.385403395165491e-10,1.385403321219140e-10,1.000000000000000e-09,1.385403395165491e-11,2.220446049252351e-14,4.068777441830979e-40,3.035267652241398e-06,9.900000000000000e-01,,,3.197358745765290e-11,5.921775146785873e-05,5.677434512358676e-05,3.561339348624037e-02,2.062255675521394e+00,REFINE_STALLED,REFINE_STALLED,,1,1,1,1,1,1,,,,1.199486515151816e-05,1.199484353745622e-05,1.647036597250079e-06,1.647033628361357e-06,,,9.957751092079144e-20,6.712892349966730e-20,,solution good enough for the tolerances given,solution good enough for the tolerances given,,9.957751092079144e-20,6.712892349966730e-20,,1.199486515151816e-05,1.171986529200174e-20,1.647036597250079e-06,8.295215579203598e-21,,,1.199484353745622e-05,1.647033628361357e-06,,3.162278297781054e-05,1.410289141881884e+00,9.106884258976743e-12,5.132746219380950e-20,2.772645143684121e-01,7.760416666666666e-01,1.125092300255549e-10,3.294602368697497e-10,9.999999996705398e-01,9.999999996688100e-01,9.999999994860354e-01,9.999999994808526e-01,9.999999990980748e-01,9.999999990967308e-01,9.999999990953876e-01,3.594502317758218e-24,1.763039931687748e-24,4.068777441830979e-25,1.256844681944258e-04,1.700900681221898e-08,8.764035878625251e-05,9.520746582215252e-05,3.377812980624319e-01,2.880526467777295e-01,3.535466350147873e-01,2.815630644223144e-04,6.084463441285004e-03,1.394484433753443e-02,false
13,3.162000000000000e+15,1,4,CONTINUE,1.385403395165491e-10,1.385403388253246e-10,1.000000000000000e-09,1.385403395165491e-11,2.220446049252351e-14,1.426509098661018e-40,9.601059048933512e-07,9.900000000000000e-01,,,1.302482399849798e-11,1.802834417245785e-04,1.778811491283957e-04,3.561339348624037e-02,2.062255675521394e+00,REFINE_STALLED,REFINE_STALLED,,1,1,1,1,1,1,,,,1.199487993003168e-05,1.199487309444805e-05,2.797737438013829e-06,1.647016274946863e-06,,,3.935824653802700e-20,2.088110365845285e-20,,solution good enough for the tolerances given,solution good enough for the tolerances given,,3.935824653802700e-20,2.088110365845285e-20,,1.199487993003168e-05,5.643104595786944e-21,2.797737438013829e-06,4.030267595092981e-21,,,1.199487309444805e-05,1.647016274946863e-06,,3.162277861816930e-05,1.410289141881883e+00,9.106884258976743e-12,5.132746219380950e-20,2.772645143684121e-01,7.760416666666666e-01,3.749035609285032e-11,3.293965100681362e-10,9.999999996706035e-01,9.999999996704068e-01,9.999999994860094e-01,9.999999994808622e-01,9.999999990980768e-01,9.999999990967305e-01,9.999999990953883e-01,3.103234457680728e-24,1.240989573620607e-24,4.510621769966139e-25,7.511359768480390e-05,2.230517962876220e-05,6.178030143136527e-05,6.248950624193508e-05,2.912729771112386e-01,2.734975560790203e-01,3.049969235410734e-01,2.055964595581675e-03,7.481020377073810e-02,5.314468631736081e-02,false
13,1.000000000000000e+16,1,5,CONTINUE,1.385403395165491e-10,1.385403404552395e-10,1.000000000000000e-09,1.385403395165491e-11,2.220446049252351e-14,6.933260586478291e-41,3.037113963191034e-07,9.900000000000000e-01,,,9.808441029413277e-12,7.097708846796215e-04,7.025211532632001e-04,3.561339348624037e-02,2.062255675521394e+00,REFINE_STALLED,REFINE_STALLED,,1,1,1,1,2,2,,,,1.199488460420561e-05,1.199488244279237e-05,8.482413868768127e-06,1.647010786360654e-06,,,2.228653452322108e-20,1.430093641488835e-20,,solution good enough for the tolerances given,solution good enough for the tolerances given,,2.228653452322108e-20,1.430093641488835e-20,,1.199488460420561e-05,4.393090398093424e-21,8.482413868768127e-06,3.373259703604544e-21,,,1.199488244279237e-05,1.647010489475947e-06,,3.162277723929653e-05,1.410289141881883e+00,9.106884258976743e-12,5.132746219380950e-20,2.772645143684121e-01,7.760416666666666e-01,3.208496463336294e-10,3.292599526361073e-10,9.999999996707400e-01,9.999999996704603e-01,9.999999994860918e-01,9.999999994808784e-01,9.999999990980808e-01,9.999999990967310e-01,9.999999990953912e-01,5.259344559030000e-24,2.373463921554425e-24,6.933260586478291e-25,2.175519501358073e-05,2.899712504411579e-05,3.082515524262541e-05,2.323007072647907e-05,1.876751402533419e-01,2.087310036234586e-01,1.980122366945345e-01,2.321598597712838e-02,1.591979260075559e-01,2.230628998979541e-01,false
13,3.162000000000000e+16,1,6,CONTINUE,1.385403395165491e-10,1.385403414607056e-10,1.000000000000000e-09,1.385403395165491e-11,2.220446049252351e-14,1.620919419010160e-41,9.603538475708173e-08,9.900000000000000e-01,,,8.776165752861917e-12,2.692447160812798e-03,2.665482618054381e-03,3.561339348624037e-02,2.062255675521394e+00,REFINE_STALLED,REFINE_STALLED,,1,2,2,1,2,2,,,,2.480820675293058e-05,1.199488539850106e-05,2.645589221173652e-05,1.647009546229838e-06,,,1.798117168160607e-20,1.539149580945919e-20,,solution good enough for the tolerances given,solution good enough for the tolerances given,,1.798117168160607e-20,1.539149580945919e-20,,2.480820675293058e-05,4.015971466493557e-21,2.645589221173652e-05,3.693444435838272e-21,,,1.199488471494203e-05,1.647009452338465e-06,,3.162277680333235e-05,1.410289141881883e+00,9.106884258976743e-12,5.132746219380950e-20,2.772645143684121e-01,7.760416666666666e-01,9.970079563588884e-11,3.293114669844499e-10,9.999999996706885e-01,9.999999996701476e-01,9.999999994860878e-01,9.999999994808852e-01,9.999999990980808e-01,9.999999990967314e-01,9.999999990953927e-01,3.255180089780298e-24,1.627726827263380e-24,5.125347202910126e-25,1.310458126766801e-05,1.015410023333786e-05,1.802565368902862e-05,1.054441737733675e-05,1.121505429682143e-01,1.462333779416808e-01,1.186688393526675e-01,1.857510940615333e-02,2.487079622483203e-01,3.556123393303961e-01,false
13,1.000000000000000e+17,1,6,CONTINUE,1.385403395165491e-10,1.385403417787151e-10,1.000000000000000e-09,1.385403395165491e-11,2.220446049252351e-14,5.519625276692875e-42,3.039485526665216e-08,9.900000000000000e-01,,,8.666154472419070e-12,8.514862840204543e-03,8.429701541387188e-03,3.561339348624037e-02,2.062255675521394e+00,REFINE_STALLED,REFINE_STALLED,,1,2,2,1,2,2,,,,8.165496324420566e-05,1.199488633333644e-05,8.330269490391726e-05,1.647008733690418e-06,,,1.686499295445117e-20,1.605298501001701e-20,,solution good enough for the tolerances given,solution good enough for the tolerances given,,1.686499295445117e-20,1.605298501001701e-20,,8.165496324420566e-05,3.896696000546727e-21,8.330269490391726e-05,3.794712971487518e-21,,,1.199488611719505e-05,1.647008704001980e-06,,3.162277666544507e-05,1.410289141881883e+00,9.106884258976743e-12,5.132746219380950e-20,2.772645143684121e-01,7.760416666666666e-01,1.907270101881171e-10,3.290030470282090e-10,9.999999996709970e-01,9.999999996702911e-01,9.999999994862212e-01,9.999999994808921e-01,9.999999990980983e-01,9.999999990967332e-01,9.999999990953736e-01,4.760289039523722e-24,1.854103861115755e-24,5.519625276692876e-25,8.307575570722934e-06,6.245306167032094e-06,1.576974705286515e-05,9.214017221965482e-06,8.124915423266665e-02,1.244118131278487e-01,8.622527670678071e-02,5.310254874601683e-03,1.722434229777638e-01,5.305205414343267e-01,false
13,3.162000000000000e+17,1,6,CONTINUE,1.385403395165491e-10,1.385403418792615e-10,1.000000000000000e-09,1.385403395165491e-11,2.220446049252351e-14,1.690024683986122e-42,9.603771594721100e-09,9.900000000000000e-01,,,8.655078829515727e-12,2.692394877221239e-02,2.665470527759753e-02,3.561339348624037e-02,2.062255675521394e+00,REFINE_STALLED,REFINE_STALLED,,1,2,2,1,2,2,,,,2.613897913736162e-04,1.199488662890741e-05,2.630375250658845e-04,1.647008774289020e-06,,,1.654461302063843e-20,1.628897141216677e-20,,solution good enough for the tolerances given,solution good enough for the tolerances given,,1.654461302063843e-20,1.628897141216677e-20,,2.613897913736162e-04,3.858984056899643e-21,2.630375250658845e-04,3.826731485100569e-21,,,1.199488656055149e-05,1.647008764899887e-06,,3.162277662184865e-05,1.410289141881883e+00,9.106884258976743e-12,5.132746219380950e-20,2.772645143684121e-01,7.760416666666666e-01,2.514008406993349e-10,3.293034733786726e-10,9.999999996706965e-01,9.999999996698485e-01,9.999999994861806e-01,9.999999994808215e-01,9.999999990980684e-01,9.999999990967303e-01,9.999999990953929e-01,4.312559703445340e-24,2.214380999654102e-24,5.343858050764119e-25,7.060161866613344e-06,4.955962132436534e-06,1.584468558333812e-05,8.982377743267160e-06,7.561645446828755e-02,1.092486520077488e-01,7.933515911874328e-02,3.047201454480624e-02,3.621429592698068e-01,3.431479174032826e-01,false
13,1.000000000000000e+18,1,6,CONTINUE,1.385403395165491e-10,1.385403419110636e-10,1.000000000000000e-09,1.385403395165491e-11,2.220446049252351e-14,6.351625336458897e-43,3.037896559254720e-09,9.900000000000000e-01,,,8.653970249146190e-12,8.514846297327118e-02,8.429697707675926e-02,3.561339348624037e-02,2.062255675521394e+00,REFINE_STALLED,REFINE_STALLED,,1,2,2,1,2,2,,,,8.298573673606811e-04,1.199488672239095e-05,8.315049281512907e-04,1.647008787129599e-06,,,1.644682954469229e-20,1.636612701033026e-20,,solution good enough for the tolerances given,solution good enough for the tolerances given,,1.644682954469229e-20,1.636612701033026e-20,,8.298573673606811e-04,3.847056681961093e-21,8.315049281512907e-04,3.836858187204200e-21,,,1.199488670077681e-05,1.647008784160755e-06,,3.162277660805992e-05,1.410289141881883e+00,9.106884258976743e-12,5.132746219380950e-20,2.772645143684121e-01,7.760416666666666e-01,1.826759902089936e-10,3.291751315970259e-10,9.999999996708249e-01,9.999999996703210e-01,9.999999994864190e-01,9.999999994809312e-01,9.999999990980928e-01,9.999999990967317e-01,9.999999990954056e-01,3.894822748760651e-24,1.577125625801820e-24,6.351625336458897e-25,5.666836462291138e-06,5.601842975555443e-06,1.595570250081513e-05,8.830062003086174e-06,7.079182390875113e-02,1.081494911869946e-01,7.648487602384796e-02,8.399068230806876e-03,2.764021686024155e-01,4.597365176032427e-01,false
