iter,alpha,state,ncraig,ipm_status,mu,mu_next,rho,force_tol,floor_tol,sigma2min,sigma2max,ritz_beta,ritz_gap,step,tau,kappa,norm_dp,norm_dy,norm_y,hdiag_min,hdiag_max,pstat,cstat,wstat,pbase,prefn,ppass,cbase,crefn,cpass,wbase,wrefn,wpass,pres0,pres1,cres0,cres1,wres0,wres1,r0_p,r0_c,r0_w,craig_p,craig_c,craig_w,r1_p,r1_c,r1_w,p_res0_dual,p_res0_prim,c_res0_dual,c_res0_prim,w_res0_dual,w_res0_prim,p_res_exit,c_res_exit,w_res_exit,Ldiag_min,Ldiag_max,ipm_pres,ipm_dres,bar_hdiag_med,bar_hdiag_frac_mid,chosen
1,1.000000e+00,0,5,CONTINUE,1.000000e+00,6.217340e-02,1.000000e-09,1.000000e-01,1.776357e-13,4.405499e-35,1.294428e+01,4.294834e-01,1.398712e-01,9.900000e-01,,,8.050163e+00,1.814226e+01,1.796083e+01,1.000000e+00,1.000000e+00,REACHED_FORCE,REACHED_FORCE,,4,0,0,1,0,0,,,,4.808746e-02,NaN,1.575531e-02,NaN,,,3.014430e+00,4.608646e-02,,solution good enough for the tolerances given,solution good enough for the tolerances given,,1.484153e-01,4.608646e-02,,3.873149e-16,4.808746e-02,6.607137e-16,1.575531e-02,,,4.808746e-02,1.575531e-02,,1.000000e+00,1.732051e+00,3.500000e+00,2.000170e+00,1.000000e+00,1.000000e+00,false
1,3.162000e+00,0,4,CONTINUE,1.000000e+00,6.382395e-02,1.000000e-09,1.000000e-01,1.776357e-13,1.740912e-35,1.294428e+01,1.896666e-04,3.395825e-01,9.900000e-01,,,8.028921e+00,1.808868e+01,1.790780e+01,1.000000e+00,1.000000e+00,REACHED_FORCE,REACHED_FORCE,,3,0,0,1,0,0,,,,7.565755e-03,NaN,9.062866e-03,NaN,,,2.045285e+00,3.128838e-02,,solution good enough for the tolerances given,solution good enough for the tolerances given,,6.620433e-02,3.128838e-02,,2.187190e-15,7.565755e-03,1.594826e-15,9.062866e-03,,,7.565755e-03,9.062866e-03,,5.623660e-01,1.521925e+00,3.500000e+00,2.000170e+00,1.000000e+00,1.000000e+00,false
1,1.000000e+01,0,4,CONTINUE,1.000000e+00,6.610426e-02,1.000000e-09,1.000000e-01,1.776357e-13,1.855051e-36,1.294428e+01,8.355911e-05,6.192168e-01,9.900000e-01,,,8.000292e+00,1.801897e+01,1.783878e+01,1.000000e+00,1.000000e+00,REACHED_FORCE,REACHED_FORCE,,3,0,0,1,0,0,,,,3.194514e-04,NaN,4.571557e-03,NaN,,,1.139955e+00,1.777136e-02,,solution good enough for the tolerances given,solution good enough for the tolerances given,,2.777754e-03,1.777136e-02,,4.009849e-15,3.194514e-04,3.576967e-15,4.571557e-03,,,3.194514e-04,4.571557e-03,,3.162278e-01,1.449138e+00,3.500000e+00,2.000170e+00,1.000000e+00,1.000000e+00,false
1,3.162000e+01,0,3,CONTINUE,1.000000e+00,6.797970e-02,1.000000e-09,1.000000e-01,1.776357e-13,NaN,1.294428e+01,1.134052e-05,8.371849e-01,9.900000e-01,,,7.977082e+00,1.794943e+01,1.776993e+01,1.000000e+00,1.000000e+00,REACHED_FORCE,REACHED_FORCE,,2,0,0,1,0,0,,,,2.788506e-03,NaN,1.850812e-03,NaN,,,4.833549e-01,7.461557e-03,,solution good enough for the tolerances given,solution good enough for the tolerances given,,1.289996e-02,7.461557e-03,,8.019697e-15,2.788506e-03,9.136075e-15,1.850812e-03,,,2.788506e-03,1.850812e-03,,1.778357e-01,1.425351e+00,3.500000e+00,2.000170e+00,1.000000e+00,1.000000e+00,false
1,1.000000e+02,0,3,CONTINUE,1.000000e+00,6.893353e-02,1.000000e-09,1.000000e-01,1.776357e-13,NaN,1.294428e+01,5.002717e-06,9.420681e-01,9.900000e-01,,,7.965983e+00,1.792785e+01,1.774857e+01,1.000000e+00,1.000000e+00,REACHED_FORCE,REACHED_FORCE,,2,0,0,1,0,0,,,,2.905855e-04,NaN,6.508331e-04,NaN,,,1.715896e-01,2.678644e-03,,solution good enough for the tolerances given,solution good enough for the tolerances given,,1.323833e-03,2.678644e-03,,3.390145e-14,2.905855e-04,3.444824e-14,6.508331e-04,,,2.905855e-04,6.508331e-04,,1.000000e-01,1.417745e+00,3.500000e+00,2.000170e+00,1.000000e+00,1.000000e+00,false
1,3.162000e+02,0,2,CONTINUE,1.000000e+00,6.526795e-02,1.000000e-09,1.000000e-01,1.776357e-13,3.903474e-38,1.294428e+01,6.198894e-05,9.809231e-01,9.900000e-01,,,7.975368e+00,1.767106e+01,1.749435e+01,1.000000e+00,1.000000e+00,REACHED_FORCE,REACHED_FORCE,,1,0,0,1,0,0,,,,1.360542e-02,NaN,1.489364e-04,NaN,,,5.646555e-02,5.827613e-04,,solution good enough for the tolerances given,solution good enough for the tolerances given,,5.646555e-02,5.827613e-04,,6.780289e-14,1.360542e-02,2.184456e-13,1.489364e-04,,,1.360542e-02,1.489364e-04,,5.623660e-02,1.415331e+00,3.500000e+00,2.000170e+00,1.000000e+00,1.000000e+00,true
1,1.000000e+03,0,2,CONTINUE,1.000000e+00,6.808124e-02,1.000000e-09,1.000000e-01,1.776357e-13,2.899513e-44,1.294428e+01,1.065065e-01,9.825445e-01,9.900000e-01,,,7.964887e+00,1.783377e+01,1.765544e+01,1.000000e+00,1.000000e+00,REACHED_FORCE,REACHED_FORCE,,1,0,0,1,0,0,,,,4.351627e-03,NaN,6.196863e-05,NaN,,,1.808654e-02,2.535444e-04,,solution good enough for the tolerances given,solution good enough for the tolerances given,,1.808654e-02,2.535444e-04,,3.834873e-13,4.351627e-03,2.970478e-13,6.196863e-05,,,4.351627e-03,6.196863e-05,,3.162278e-02,1.414567e+00,3.500000e+00,2.000170e+00,1.000000e+00,1.000000e+00,false
1,3.162000e+03,0,2,CONTINUE,1.000000e+00,6.900444e-02,1.000000e-09,1.000000e-01,1.776357e-13,NaN,1.294428e+01,9.990199e-01,1.823662e-05,9.900000e-01,,,7.961462e+00,1.788699e+01,1.770812e+01,1.000000e+00,1.000000e+00,REACHED_FORCE,REACHED_FORCE,,1,0,0,1,0,0,,,,1.381271e-03,NaN,2.105620e-05,NaN,,,5.743588e-03,8.698262e-05,,solution good enough for the tolerances given,solution good enough for the tolerances given,,5.743588e-03,8.698262e-05,,1.778550e-12,1.381271e-03,2.474350e-12,2.105620e-05,,,1.381271e-03,2.105620e-05,,1.778357e-02,1.414325e+00,3.500000e+00,2.000170e+00,1.000000e+00,1.000000e+00,false
1,1.000000e+04,0,2,CONTINUE,1.000000e+00,6.929973e-02,1.000000e-09,1.000000e-01,1.776357e-13,NaN,1.294423e+01,9.996927e-01,2.263168e-12,9.900000e-01,,,7.960368e+00,1.790398e+01,1.772494e+01,1.000000e+00,1.000000e+00,REACHED_FORCE,REACHED_FORCE,,1,0,0,1,0,0,,,,4.372650e-04,NaN,6.803233e-06,NaN,,,1.818498e-03,2.818070e-05,,solution good enough for the tolerances given,solution good enough for the tolerances given,,1.818498e-03,2.818070e-05,,3.040946e-12,4.372650e-04,2.174272e-12,6.803233e-06,,,4.372650e-04,6.803233e-06,,1.000000e-02,1.414249e+00,3.500000e+00,2.000170e+00,1.000000e+00,1.000000e+00,false
1,3.162000e+04,0,2,CONTINUE,1.000000e+00,6.939373e-02,1.000000e-09,1.000000e-01,1.776357e-13,2.520409e-58,1.294413e+01,9.999028e-01,3.452468e-19,9.900000e-01,,,7.960021e+00,1.790942e+01,1.773033e+01,1.000000e+00,1.000000e+00,REACHED_FORCE,REACHED_FORCE,,1,0,0,1,0,0,,,,1.383383e-04,NaN,2.165706e-06,NaN,,,5.753479e-04,8.978383e-06,,solution good enough for the tolerances given,solution good enough for the tolerances given,,5.753479e-04,8.978383e-06,,9.477118e-12,1.383383e-04,6.917604e-12,2.165706e-06,,,1.383383e-04,2.165706e-06,,5.623660e-03,1.414225e+00,3.500000e+00,2.000170e+00,1.000000e+00,1.000000e+00,false
1,1.000000e+05,0,2,CONTINUE,1.000000e+00,6.942548e-02,1.000000e-09,1.000000e-01,1.776357e-13,NaN,1.294420e+01,9.857146e-01,1.720892e-27,9.900000e-01,,,7.959911e+00,1.791145e+01,1.773234e+01,1.000000e+00,1.000000e+00,REACHED_FORCE,REACHED_FORCE,,1,0,0,1,0,0,,,,4.374765e-05,NaN,6.854614e-07,NaN,,,1.819488e-04,2.842464e-06,,solution good enough for the tolerances given,solution good enough for the tolerances given,,1.819488e-04,2.842464e-06,,2.870876e-11,4.374765e-05,6.819859e-11,6.854614e-07,,,4.374765e-05,6.854614e-07,,3.162278e-03,1.414217e+00,3.500000e+00,2.000170e+00,1.000000e+00,1.000000e+00,false
1,3.162000e+05,0,2,CONTINUE,1.000000e+00,6.943485e-02,1.000000e-09,1.000000e-01,1.776357e-13,NaN,1.294389e+01,3.661013e-01,2.178770e-31,9.900000e-01,,,7.959876e+00,1.791199e+01,1.773287e+01,1.000000e+00,1.000000e+00,REACHED_FORCE,REACHED_FORCE,,1,0,0,1,0,0,,,,1.383594e-05,NaN,2.169271e-07,NaN,,,5.754470e-05,8.996252e-07,,solution good enough for the tolerances given,solution good enough for the tolerances given,,5.754470e-05,8.996252e-07,,1.048914e-10,1.383594e-05,1.304518e-10,2.169271e-07,,,1.383594e-05,2.169271e-07,,1.778357e-03,1.414215e+00,3.500000e+00,2.000170e+00,1.000000e+00,1.000000e+00,false
1,1.000000e+06,0,2,CONTINUE,1.000000e+00,6.943816e-02,1.000000e-09,1.000000e-01,1.776357e-13,NaN,1.294424e+01,1.021592e-07,2.935001e-28,9.900000e-01,,,7.959865e+00,1.791222e+01,1.773309e+01,1.000000e+00,1.000000e+00,REACHED_FORCE,REACHED_FORCE,,1,0,0,1,0,0,,,,4.374976e-06,NaN,6.859392e-08,NaN,,,1.819587e-05,2.844753e-07,,solution good enough for the tolerances given,solution good enough for the tolerances given,,1.819587e-05,2.844753e-07,,5.500856e-10,4.374976e-06,2.633339e-10,6.859392e-08,,,4.374976e-06,6.859392e-08,,1.000000e-03,1.414214e+00,3.500000e+00,2.000170e+00,1.000000e+00,1.000000e+00,false
1,3.162000e+06,0,2,CONTINUE,1.000000e+00,6.943745e-02,1.000000e-09,1.000000e-01,1.776357e-13,NaN,1.294192e+01,9.487753e-07,1.360892e-28,9.900000e-01,,,7.959862e+00,1.791201e+01,1.773289e+01,1.000000e+00,1.000000e+00,REACHED_FORCE,REACHED_FORCE,,1,0,0,1,0,0,,,,1.383616e-06,NaN,2.171430e-08,NaN,,,5.754569e-06,9.005512e-08,,solution good enough for the tolerances given,solution good enough for the tolerances given,,5.754569e-06,9.005512e-08,,1.527480e-09,1.383616e-06,1.500918e-09,2.171430e-08,,,1.383616e-06,2.171430e-08,,5.623660e-04,1.414214e+00,3.500000e+00,2.000170e+00,1.000000e+00,1.000000e+00,false
1,1.000000e+07,0,2,CONTINUE,1.000000e+00,6.943965e-02,1.000000e-09,1.000000e-01,1.776357e-13,1.243209e-45,1.294188e+01,4.055220e-08,2.651372e-30,9.900000e-01,,,7.959861e+00,1.791233e+01,1.773320e+01,1.000000e+00,1.000000e+00,REACHED_FORCE,REACHED_FORCE,,1,0,0,1,0,0,,,,4.374998e-07,NaN,6.859035e-09,NaN,,,1.819597e-06,2.844636e-08,,solution good enough for the tolerances given,solution good enough for the tolerances given,,1.819597e-06,2.844636e-08,,7.723951e-09,4.374998e-07,4.142388e-09,6.859035e-09,,,4.374998e-07,6.859035e-09,,3.162278e-04,1.414214e+00,3.500000e+00,2.000170e+00,1.000000e+00,1.000000e+00,false
1,3.162000e+07,0,2,CONTINUE,1.000000e+00,6.944067e-02,1.000000e-09,1.000000e-01,1.776357e-13,NaN,1.292604e+01,9.083563e-04,3.899265e-27,9.900000e-01,,,7.959860e+00,1.791248e+01,1.773335e+01,1.000000e+00,1.000000e+00,REACHED_FORCE,REACHED_FORCE,,1,0,0,1,0,0,,,,1.383618e-07,NaN,1.432533e-08,NaN,,,5.754579e-07,8.991826e-09,,solution good enough for the tolerances given,solution good enough for the tolerances given,,5.754579e-07,8.991826e-09,,1.663427e-08,1.383618e-07,1.432533e-08,2.168122e-09,,,1.383618e-07,1.432533e-08,,1.778357e-04,1.414214e+00,3.500000e+00,2.000170e+00,1.000000e+00,1.000000e+00,false
1,1.000000e+08,0,2,CONTINUE,1.000000e+00,6.943691e-02,1.000000e-09,1.000000e-01,1.776357e-13,1.150660e-47,1.293841e+01,9.999916e-01,2.408937e-25,9.900000e-01,,,7.959860e+00,1.791189e+01,1.773277e+01,1.000000e+00,1.000000e+00,REACHED_FORCE,REACHED_FORCE,,1,0,0,1,0,0,,,,4.375000e-08,NaN,5.919631e-08,NaN,,,1.819598e-07,2.849155e-09,,solution good enough for the tolerances given,solution good enough for the tolerances given,,1.819598e-07,2.849155e-09,,1.989308e-08,4.375000e-08,5.919631e-08,6.869914e-10,,,4.375000e-08,5.919631e-08,,1.000000e-04,1.414214e+00,3.500000e+00,2.000170e+00,1.000000e+00,1.000000e+00,false
1,3.162000e+08,0,2,CONTINUE,1.000000e+00,6.944172e-02,1.000000e-09,1.000000e-01,1.776357e-13,NaN,1.292281e+01,1.000000e+00,1.033143e-25,9.900000e-01,,,7.959860e+00,1.791264e+01,1.773351e+01,1.000000e+00,1.000000e+00,REACHED_FORCE,REACHED_FORCE,,1,0,0,1,0,0,,,,5.326471e-08,NaN,1.812224e-07,NaN,,,5.754580e-08,8.986853e-10,,solution good enough for the tolerances given,solution good enough for the tolerances given,,5.754580e-08,8.986853e-10,,5.326471e-08,1.383618e-08,1.812224e-07,2.166929e-10,,,5.326471e-08,1.812224e-07,,5.623660e-05,1.414214e+00,3.500000e+00,2.000170e+00,1.000000e+00,1.000000e+00,false
1,1.000000e+09,0,2,CONTINUE,1.000000e+00,6.943703e-02,1.000000e-09,1.000000e-01,1.776357e-13,7.580438e-67,1.293658e+01,9.999988e-01,1.867419e-25,9.900000e-01,,,7.959860e+00,1.791190e+01,1.773278e+01,1.000000e+00,1.000000e+00,REACHED_FORCE,REACHED_FORCE,,1,0,0,1,0,0,,,,4.971218e-07,NaN,2.365338e-07,NaN,,,1.819598e-08,2.849072e-10,,solution good enough for the tolerances given,solution good enough for the tolerances given,,1.819598e-08,2.849072e-10,,4.971218e-07,4.375001e-09,2.365338e-07,6.869749e-11,,,4.971218e-07,2.365338e-07,,3.162278e-05,1.414214e+00,3.500000e+00,2.000170e+00,1.000000e+00,1.000000e+00,false
1,3.162000e+09,0,2,CONTINUE,1.000000e+00,6.943962e-02,1.000000e-09,1.000000e-01,1.776357e-13,NaN,1.292000e+01,9.963219e-01,1.033427e-26,9.900000e-01,,,7.959861e+00,1.791233e+01,1.773320e+01,1.000000e+00,1.000000e+00,REACHED_FORCE,REACHED_FORCE,,1,0,0,1,0,0,,,,1.084816e-06,NaN,7.787909e-07,NaN,,,5.754576e-09,8.996251e-11,,solution good enough for the tolerances given,solution good enough for the tolerances given,,5.754576e-09,8.996251e-11,,1.084816e-06,1.383617e-09,7.787909e-07,2.169198e-11,,,1.084816e-06,7.787909e-07,,1.778357e-05,1.414214e+00,3.500000e+00,2.000170e+00,1.000000e+00,1.000000e+00,false
1,1.000000e+10,0,2,CONTINUE,1.000000e+00,6.943877e-02,1.000000e-09,1.000000e-01,1.776357e-13,NaN,1.294584e+01,1.000000e+00,4.265643e-31,9.900000e-01,,,7.959860e+00,1.791220e+01,1.773308e+01,1.000000e+00,1.000000e+00,REACHED_FORCE,REACHED_FORCE,,1,0,0,1,0,0,,,,2.695436e-06,NaN,5.847846e-06,NaN,,,1.819597e-09,2.845881e-11,,solution good enough for the tolerances given,solution good enough for the tolerances given,,1.819597e-09,2.845881e-11,,2.695436e-06,4.374998e-10,5.847846e-06,6.862511e-12,,,2.695436e-06,5.847846e-06,,1.000000e-05,1.414214e+00,3.500000e+00,2.000170e+00,1.000000e+00,1.000000e+00,false
1,3.162000e+10,0,2,CONTINUE,1.000000e+00,6.943976e-02,1.000000e-09,1.000000e-01,1.776357e-13,NaN,NaN,8.694840e-06,9.335608e-25,9.900000e-01,,,7.959864e+00,1.791245e+01,1.773332e+01,1.000000e+00,1.000000e+00,REACHED_FORCE,REACHED_FORCE,,1,0,0,1,0,0,,,,8.773534e-06,NaN,1.682200e-05,NaN,,,5.754549e-10,8.989655e-12,,solution good enough for the tolerances given,solution good enough for the tolerances given,,5.754549e-10,8.989655e-12,,8.773534e-06,1.383613e-10,1.682200e-05,2.168044e-12,,,8.773534e-06,1.682200e-05,,5.623660e-06,1.414214e+00,3.500000e+00,2.000170e+00,1.000000e+00,1.000000e+00,false
1,1.000000e+11,0,2,CONTINUE,1.000000e+00,6.944388e-02,1.000000e-09,1.000000e-01,1.776357e-13,NaN,NaN,3.699392e-07,1.369284e-23,9.900000e-01,,,7.959853e+00,1.791255e+01,1.773343e+01,1.000000e+00,1.000000e+00,REACHED_FORCE,REACHED_FORCE,,1,0,0,1,0,0,,,,8.807323e-05,NaN,4.728158e-05,NaN,,,1.819606e-10,2.843232e-12,,solution good enough for the tolerances given,solution good enough for the tolerances given,,1.819606e-10,2.843232e-12,,8.807323e-05,4.375122e-11,4.728158e-05,6.861178e-13,,,8.807323e-05,4.728158e-05,,3.162278e-06,1.414214e+00,3.500000e+00,2.000170e+00,1.000000e+00,1.000000e+00,false
1,3.162000e+11,0,2,CONTINUE,1.000000e+00,6.941048e-02,1.000000e-09,1.000000e-01,1.776357e-13,6.476665e-48,NaN,1.740098e-09,2.781308e-22,9.900000e-01,,,7.959920e+00,1.791032e+01,1.773121e+01,1.000000e+00,1.000000e+00,REACHED_FORCE,REACHED_FORCE,,1,0,0,1,0,0,,,,1.107225e-04,NaN,8.057430e-05,NaN,,,5.754188e-11,9.020923e-13,,solution good enough for the tolerances given,solution good enough for the tolerances given,,5.754188e-11,9.020923e-13,,1.107225e-04,1.383471e-11,8.057430e-05,2.176037e-13,,,1.107225e-04,8.057430e-05,,1.778357e-06,1.414214e+00,3.500000e+00,2.000170e+00,1.000000e+00,1.000000e+00,false
1,1.000000e+12,0,2,CONTINUE,1.000000e+00,6.943665e-02,1.000000e-09,1.000000e-01,1.776357e-13,NaN,NaN,1.590576e-10,1.429937e-22,9.900000e-01,,,7.959872e+00,1.791333e+01,1.773420e+01,1.000000e+00,1.000000e+00,REACHED_FORCE,REACHED_FORCE,,1,0,0,1,0,0,,,,4.921498e-04,NaN,2.913788e-04,NaN,,,1.819645e-11,2.839433e-13,,solution good enough for the tolerances given,solution good enough for the tolerances given,,1.819645e-11,2.839433e-13,,4.921498e-04,4.374723e-12,2.913788e-04,6.838974e-14,,,4.921498e-04,2.913788e-04,,1.000000e-06,1.414214e+00,3.500000e+00,2.000170e+00,1.000000e+00,1.000000e+00,false
1,3.162000e+12,0,2,CONTINUE,1.000000e+00,6.940951e-02,1.000000e-09,1.000000e-01,1.776357e-13,NaN,NaN,2.997708e-06,1.266684e-22,9.900000e-01,,,7.960025e+00,1.789977e+01,1.772077e+01,1.000000e+00,1.000000e+00,REACHED_FORCE,REACHED_FORCE,,1,0,0,1,0,0,,,,1.725881e-03,NaN,1.416070e-03,NaN,,,5.752311e-12,9.171438e-14,,solution good enough for the tolerances given,solution good enough for the tolerances given,,5.752311e-12,9.171438e-14,,1.725881e-03,1.383782e-12,1.416070e-03,2.176037e-14,,,1.725881e-03,1.416070e-03,,5.623660e-07,1.414214e+00,3.500000e+00,2.000170e+00,1.000000e+00,1.000000e+00,false
1,1.000000e+13,0,2,CONTINUE,1.000000e+00,6.909408e-02,1.000000e-09,1.000000e-01,1.776357e-13,NaN,NaN,2.934735e-03,6.826433e-22,9.900000e-01,,,7.960748e+00,1.786108e+01,1.768247e+01,1.000000e+00,1.000000e+00,REACHED_FORCE,REACHED_FORCE,,1,0,0,1,0,0,,,,2.312115e-03,NaN,2.834802e-03,NaN,,,1.816469e-12,3.049265e-14,,solution good enough for the tolerances given,solution good enough for the tolerances given,,1.816469e-12,3.049265e-14,,2.312115e-03,4.369838e-13,2.834802e-03,7.105427e-15,,,2.312115e-03,2.834802e-03,,3.162278e-07,1.414214e+00,3.500000e+00,2.000170e+00,1.000000e+00,1.000000e+00,false
1,3.162000e+13,0,2,CONTINUE,1.000000e+00,6.686071e-02,1.000000e-09,1.000000e-01,1.776357e-13,NaN,NaN,6.425038e-02,1.250520e-21,9.900000e-01,,,7.965612e+00,1.772955e+01,1.755226e+01,1.000000e+00,1.000000e+00,REACHED_FORCE,REACHED_FORCE,,1,0,0,1,0,0,,,,1.614947e-02,NaN,2.008167e-02,NaN,,,5.720669e-13,1.155206e-14,,solution good enough for the tolerances given,solution good enough for the tolerances given,,5.720669e-13,1.155206e-14,,1.614947e-02,1.372236e-13,2.008167e-02,3.108624e-15,,,1.614947e-02,2.008167e-02,,1.778357e-07,1.414214e+00,3.500000e+00,2.000170e+00,1.000000e+00,1.000000e+00,false
1,1.000000e+14,0,2,CONTINUE,1.000000e+00,8.132412e-02,1.000000e-09,1.000000e-01,1.776357e-13,NaN,NaN,9.982376e-01,7.454320e-22,9.848731e-01,,,7.955574e+00,1.882596e+01,1.854118e+01,1.000000e+00,1.000000e+00,REACHED_FORCE,REACHED_FORCE,,1,0,0,1,0,0,,,,2.328546e-02,NaN,5.702740e-02,NaN,,,1.862285e-13,2.772225e-15,,solution good enough for the tolerances given,solution good enough for the tolerances given,,1.862285e-13,2.772225e-15,,2.328546e-02,4.440892e-14,5.702740e-02,8.881784e-16,,,2.328546e-02,5.702740e-02,,1.000000e-07,1.414214e+00,3.500000e+00,2.000170e+00,1.000000e+00,1.000000e+00,false
1,3.162000e+14,0,3,CONTINUE,1.000000e+00,7.930534e-02,1.000000e-09,1.000000e-01,1.776357e-13,1.446559e-49,NaN,2.317974e-02,9.084327e-21,9.778629e-01,,,7.976627e+00,1.787378e+01,1.747811e+01,1.000000e+00,1.000000e+00,REACHED_FORCE,REACHED_FORCE,,1,0,0,1,1,1,,,,8.718230e-02,NaN,1.283110e-01,1.168040e-02,,,5.664836e-14,2.473830e-15,,solution good enough for the tolerances given,solution good enough for the tolerances given,,5.664836e-14,2.473830e-15,,8.718230e-02,1.376677e-14,1.283110e-01,4.440892e-16,,,8.718230e-02,1.168040e-02,,5.623660e-08,1.414214e+00,3.500000e+00,2.000170e+00,1.000000e+00,1.000000e+00,false
1,1.000000e+15,0,4,CONTINUE,1.000000e+00,8.730486e-02,1.000000e-09,1.000000e-01,1.776357e-13,4.814303e-49,NaN,9.364039e-01,1.936196e-19,9.735025e-01,,,7.960286e+00,1.817515e+01,1.769355e+01,1.000000e+00,1.000000e+00,REACHED_FORCE,REACHED_FORCE,,1,1,1,1,1,1,,,,4.309561e-01,2.989809e-02,2.712952e-01,4.405800e-02,,,1.968103e-14,2.232211e-15,,solution good enough for the tolerances given,solution good enough for the tolerances given,,1.968103e-14,2.232211e-15,,4.309561e-01,4.440892e-15,2.712952e-01,4.440892e-16,,,2.989809e-02,4.405800e-02,,3.162278e-08,1.414214e+00,3.500000e+00,2.000170e+00,1.000000e+00,1.000000e+00,false
1,3.162000e+15,1,4,CONTINUE,1.000000e+00,9.846432e-01,1.000000e-09,1.000000e-01,1.776357e-13,3.848905e-59,NaN,9.992124e-01,8.517256e-19,2.172898e-02,,,1.247695e+02,3.916047e+01,8.509170e-01,1.000000e+00,1.000000e+00,REFINE_STALLED,REFINE_STALLED,,1,1,1,1,1,1,,,,9.071827e-01,1.528218e+00,3.451403e+00,1.298174e+01,,,8.654044e-15,6.630040e-15,,solution good enough for the tolerances given,solution good enough for the tolerances given,,8.654044e-15,6.630040e-15,,9.071827e-01,2.220446e-15,3.451403e+00,1.776357e-15,,,1.528218e+00,1.298174e+01,,1.490116e-08,1.414214e+00,3.500000e+00,2.000170e+00,1.000000e+00,1.000000e+00,false
1,1.000000e+16,0,4,CONTINUE,1.000000e+00,1.263044e-01,1.000000e-09,1.000000e-01,1.776357e-13,7.580438e-74,1.293658e-06,9.999988e-01,1.867419e-25,9.900000e-01,,,7.826238e+00,2.011645e+01,1.991528e+01,1.000000e+00,1.000000e+00,REACHED_FORCE,REACHED_FORCE,,1,1,1,1,1,1,,,,1.795617e+06,7.823755e-02,1.795616e+06,3.334722e-02,,,1.814439e-08,1.814439e-08,,solution good enough for the tolerances given,solution good enough for the tolerances given,,1.814439e-08,1.814439e-08,,1.795617e+06,4.375001e-09,1.795616e+06,4.375000e-09,,,7.823755e-02,3.334722e-02,,3.162278e-05,1.414214e+00,3.500000e+00,2.000170e+00,1.000000e+00,1.000000e+00,false
1,3.162000e+16,0,5,CONTINUE,1.000000e+00,1.249678e-01,1.000000e-09,1.000000e-01,1.776357e-13,2.397356e-74,4.091266e-07,9.999988e-01,1.867419e-25,9.900000e-01,,,7.826238e+00,3.323667e+01,3.290430e+01,1.000000e+00,1.000000e+00,REACHED_FORCE,REACHED_FORCE,,1,2,2,1,1,1,,,,5.677742e+06,1.364694e-01,5.677742e+06,9.157900e-02,,,1.814439e-08,1.814439e-08,,solution good enough for the tolerances given,solution good enough for the tolerances given,,1.814439e-08,1.814439e-08,,5.677742e+06,4.375001e-09,5.677742e+06,4.375001e-09,,,9.388627e-02,9.157900e-02,,3.162278e-05,1.414214e+00,3.500000e+00,2.000170e+00,1.000000e+00,1.000000e+00,false
1,1.000000e+17,1,6,CONTINUE,1.000000e+00,2.451878e-01,1.000000e-09,1.000000e-01,1.776357e-13,7.580438e-75,1.293658e-07,9.999988e-01,1.867419e-25,5.047099e-01,,,7.826238e+00,6.370917e+00,3.215465e+00,1.000000e+00,1.000000e+00,REFINE_STALLED,REFINE_STALLED,,1,2,2,1,2,2,,,,1.795618e+07,3.206457e-01,1.795618e+07,2.757552e-01,,,1.814439e-08,1.814439e-08,,solution good enough for the tolerances given,solution good enough for the tolerances given,,1.814439e-08,1.814439e-08,,1.795618e+07,4.375001e-09,1.795618e+07,4.375001e-09,,,1.859744e-01,1.410840e-01,,3.162278e-05,1.414214e+00,3.500000e+00,2.000170e+00,1.000000e+00,1.000000e+00,false
1,3.162000e+17,1,6,CONTINUE,1.000000e+00,2.878351e-01,1.000000e-09,1.000000e-01,1.776357e-13,2.397356e-75,4.091266e-08,9.999988e-01,1.867419e-25,2.149777e-01,,,7.826238e+00,1.017190e+02,2.186731e+01,1.000000e+00,1.000000e+00,REFINE_STALLED,REFINE_STALLED,,1,2,2,1,2,2,,,,5.677741e+07,9.029641e-01,5.677744e+07,8.580726e-01,,,1.814439e-08,1.814439e-08,,solution good enough for the tolerances given,solution good enough for the tolerances given,,1.814439e-08,1.814439e-08,,5.677741e+07,4.375001e-09,5.677744e+07,4.375001e-09,,,4.771334e-01,4.322431e-01,,3.162278e-05,1.414214e+00,3.500000e+00,2.000170e+00,1.000000e+00,1.000000e+00,false
1,1.000000e+18,1,6,CONTINUE,1.000000e+00,2.924715e-01,1.000000e-09,1.000000e-01,1.776357e-13,7.580438e-76,1.293658e-08,9.999988e-01,1.867419e-25,7.605439e-02,,,7.826238e+00,1.917101e+02,1.458039e+01,1.000000e+00,1.000000e+00,REFINE_STALLED,REFINE_STALLED,,1,2,2,1,2,2,,,,1.795617e+08,2.744728e+00,1.795618e+08,2.699837e+00,,,1.814439e-08,1.814439e-08,,solution good enough for the tolerances given,solution good enough for the tolerances given,,1.814439e-08,1.814439e-08,,1.795617e+08,4.375001e-09,1.795618e+08,4.375001e-09,,,1.398015e+00,1.353125e+00,,3.162278e-05,1.414214e+00,3.500000e+00,2.000170e+00,1.000000e+00,1.000000e+00,false
2,1.000000e+00,0,10,CONTINUE,6.526795e-02,4.234060e-03,1.000000e-09,6.526795e-03,2.375222e-14,3.480819e-07,6.428311e+00,6.667883e-01,4.951407e-02,9.275116e-01,,,3.645916e-01,7.545891e+00,1.053207e+01,5.897708e+00,3.554416e+01,REACHED_FORCE,REACHED_FORCE,,7,0,0,3,0,0,,,,9.855619e-04,NaN,1.759974e-03,NaN,,,5.317309e-01,1.377902e-02,,solution good enough for the tolerances given,solution good enough for the tolerances given,,6.463720e-03,9.367283e-03,,2.961820e-16,9.855619e-04,2.278323e-16,1.759974e-03,,,9.855619e-04,1.759974e-03,,1.948003e+00,6.127329e+00,3.485343e-02,2.000170e-02,1.858879e+01,8.333333e-02,false
2,3.162000e+00,0,7,CONTINUE,6.526795e-02,4.313532e-03,1.000000e-09,6.526795e-03,2.375222e-14,3.674601e-11,6.342492e+00,7.890505e-01,1.375310e-01,9.263831e-01,,,3.642307e-01,7.542580e+00,1.054361e+01,5.897708e+00,3.554416e+01,REACHED_FORCE,REACHED_FORCE,,5,0,0,2,0,0,,,,8.284540e-04,NaN,9.059390e-04,NaN,,,3.890747e-01,9.205230e-03,,solution good enough for the tolerances given,solution good enough for the tolerances given,,5.623789e-03,6.312129e-03,,3.075736e-16,8.284540e-04,1.822658e-16,9.059390e-04,,,8.284540e-04,9.059390e-04,,1.119804e+00,3.638824e+00,3.485343e-02,2.000170e-02,1.858879e+01,8.333333e-02,false
2,1.000000e+01,0,5,CONTINUE,6.526795e-02,4.278262e-03,1.000000e-09,6.526795e-03,2.375222e-14,9.235848e-18,6.163266e+00,9.473374e-01,3.352335e-01,9.294366e-01,,,3.579213e-01,7.501848e+00,1.055837e+01,5.897708e+00,3.554416e+01,REACHED_FORCE,REACHED_FORCE,,3,0,0,2,0,0,,,,1.402079e-03,NaN,3.067857e-04,NaN,,,2.675352e-01,6.680057e-03,,solution good enough for the tolerances given,solution good enough for the tolerances given,,8.688682e-03,2.451015e-03,,3.645317e-16,1.402079e-03,2.733988e-16,3.067857e-04,,,1.402079e-03,3.067857e-04,,6.441572e-01,2.356781e+00,3.485343e-02,2.000170e-02,1.858879e+01,8.333333e-02,false
2,3.162000e+01,0,4,CONTINUE,6.526795e-02,4.018610e-03,1.000000e-09,6.526795e-03,2.375222e-14,1.879021e-26,6.058257e+00,9.626138e-01,6.145778e-01,9.318499e-01,,,3.624008e-01,7.516534e+00,1.052686e+01,5.897708e+00,3.554416e+01,REACHED_FORCE,REACHED_FORCE,,3,0,0,1,0,0,,,,7.166775e-05,NaN,8.698099e-04,NaN,,,1.498275e-01,3.061065e-03,,solution good enough for the tolerances given,solution good enough for the tolerances given,,4.672089e-04,3.061065e-03,,8.201963e-16,7.166775e-05,5.012311e-16,8.698099e-04,,,7.166775e-05,8.698099e-04,,3.677382e-01,1.767513e+00,3.485343e-02,2.000170e-02,1.858879e+01,8.333333e-02,false
2,1.000000e+02,0,3,CONTINUE,6.526795e-02,4.002034e-03,1.000000e-09,6.526795e-03,2.375222e-14,1.956699e-35,5.971585e+00,9.742402e-01,8.345159e-01,9.343697e-01,,,3.570029e-01,7.485712e+00,1.053663e+01,5.897708e+00,3.554416e+01,REACHED_FORCE,REACHED_FORCE,,2,0,0,1,0,0,,,,5.582260e-04,NaN,3.437575e-04,NaN,,,6.375329e-02,1.228285e-03,,solution good enough for the tolerances given,solution good enough for the tolerances given,,1.764822e-03,1.228285e-03,,1.640393e-15,5.582260e-04,7.746298e-16,3.437575e-04,,,5.582260e-04,3.437575e-04,,2.081924e-01,1.534745e+00,3.485343e-02,2.000170e-02,1.858879e+01,8.333333e-02,false
2,3.162000e+02,0,3,CONTINUE,6.526795e-02,4.090178e-03,1.000000e-09,6.526795e-03,2.375222e-14,NaN,5.927730e+00,2.220848e-03,9.409875e-01,9.339414e-01,,,3.548009e-01,7.467670e+00,1.055654e+01,5.897708e+00,3.554416e+01,REACHED_FORCE,REACHED_FORCE,,2,0,0,1,0,0,,,,5.802875e-05,NaN,1.190446e-04,NaN,,,2.267771e-02,4.564435e-04,,solution good enough for the tolerances given,solution good enough for the tolerances given,,1.824018e-04,4.564435e-04,,2.278323e-15,5.802875e-05,4.146548e-15,1.190446e-04,,,5.802875e-05,1.190446e-04,,1.173685e-01,1.453413e+00,3.485343e-02,2.000170e-02,1.858879e+01,8.333333e-02,false
2,1.000000e+03,0,3,CONTINUE,6.526795e-02,4.084760e-03,1.000000e-09,6.526795e-03,2.375222e-14,2.858677e-38,5.911725e+00,7.183064e-04,9.805556e-01,9.344321e-01,,,3.538946e-01,7.461324e+00,1.055880e+01,5.897708e+00,3.554416e+01,REACHED_FORCE,REACHED_FORCE,,2,0,0,1,0,0,,,,5.872244e-06,NaN,3.888564e-05,NaN,,,7.466577e-03,1.509865e-04,,solution good enough for the tolerances given,solution good enough for the tolerances given,,1.842568e-05,1.509865e-04,,1.321427e-14,5.872244e-06,1.052585e-14,3.888564e-05,,,5.872244e-06,3.888564e-05,,6.605207e-02,1.426725e+00,3.485343e-02,2.000170e-02,1.858879e+01,8.333333e-02,false
2,3.162000e+03,0,2,CONTINUE,6.526795e-02,4.023985e-03,1.000000e-09,6.526795e-03,2.375222e-14,5.643220e-38,5.906445e+00,2.304373e-04,9.937678e-01,9.325892e-01,,,3.522107e-01,7.504339e+00,1.053263e+01,5.897708e+00,3.554416e+01,REACHED_FORCE,REACHED_FORCE,,1,0,0,1,0,0,,,,5.814790e-04,NaN,6.411431e-06,NaN,,,2.392602e-03,2.030442e-05,,solution good enough for the tolerances given,solution good enough for the tolerances given,,2.392602e-03,2.030442e-05,,1.904678e-14,5.814790e-04,2.925367e-14,6.411431e-06,,,5.814790e-04,6.411431e-06,,3.715515e-02,1.418182e+00,3.485343e-02,2.000170e-02,1.858879e+01,8.333333e-02,true
2,1.000000e+04,0,2,CONTINUE,6.526795e-02,4.062880e-03,1.000000e-09,6.526795e-03,2.375222e-14,NaN,5.904551e+00,1.777624e-04,9.980209e-01,9.340206e-01,,,3.530640e-01,7.473048e+00,1.055098e+01,5.897708e+00,3.554416e+01,REACHED_FORCE,REACHED_FORCE,,1,0,0,1,0,0,,,,1.845096e-04,NaN,3.337097e-06,NaN,,,7.597226e-04,1.248313e-05,,solution good enough for the tolerances given,solution good enough for the tolerances given,,7.597226e-04,1.248313e-05,,7.728072e-14,1.845096e-04,1.433521e-13,3.337097e-06,,,1.845096e-04,3.337097e-06,,2.089470e-02,1.415470e+00,3.485343e-02,2.000170e-02,1.858879e+01,8.333333e-02,false
2,3.162000e+04,0,2,CONTINUE,6.526795e-02,4.078755e-03,1.000000e-09,6.526795e-03,2.375222e-14,1.685299e-49,5.492727e+00,9.243884e-01,1.454567e-01,9.344159e-01,,,3.533333e-01,7.463034e+00,1.055733e+01,5.897708e+00,3.554416e+01,REACHED_FORCE,REACHED_FORCE,,1,0,0,1,0,0,,,,5.841714e-05,NaN,1.187349e-06,NaN,,,2.405865e-04,4.576031e-06,,solution good enough for the tolerances given,solution good enough for the tolerances given,,2.405865e-04,4.576031e-06,,3.497682e-13,5.841714e-05,4.206468e-13,1.187349e-06,,,5.841714e-05,1.187349e-06,,1.175078e-02,1.414611e+00,3.485343e-02,2.000170e-02,1.858879e+01,8.333333e-02,false
2,1.000000e+05,0,2,CONTINUE,6.526795e-02,4.081556e-03,1.000000e-09,6.526795e-03,2.375222e-14,4.060153e-46,5.492639e+00,9.999922e-01,1.755420e-08,9.345697e-01,,,3.534242e-01,7.459897e+00,1.055910e+01,5.897708e+00,3.554416e+01,REACHED_FORCE,REACHED_FORCE,,1,0,0,1,0,0,,,,1.847801e-05,NaN,3.885668e-07,NaN,,,7.610549e-05,1.509737e-06,,solution good enough for the tolerances given,solution good enough for the tolerances given,,7.610549e-05,1.509737e-06,,1.183452e-12,1.847801e-05,1.443545e-12,3.885668e-07,,,1.847801e-05,3.885668e-07,,6.607712e-03,1.414339e+00,3.485343e-02,2.000170e-02,1.858879e+01,8.333333e-02,false
2,3.162000e+05,0,2,CONTINUE,6.526795e-02,4.083843e-03,1.000000e-09,6.526795e-03,2.375222e-14,1.475037e-61,5.492611e+00,9.999975e-01,3.053746e-17,9.345835e-01,,,3.534638e-01,7.458982e+00,1.055985e+01,5.897708e+00,3.554416e+01,REACHED_FORCE,REACHED_FORCE,,1,0,0,1,0,0,,,,5.844423e-06,NaN,1.241397e-07,NaN,,,2.407199e-05,4.835044e-07,,solution good enough for the tolerances given,solution good enough for the tolerances given,,2.407199e-05,4.835044e-07,,2.283426e-12,5.844423e-06,3.140213e-12,1.241397e-07,,,5.844423e-06,1.241397e-07,,3.715963e-03,1.414253e+00,3.485343e-02,2.000170e-02,1.858879e+01,8.333333e-02,false
2,1.000000e+06,0,2,CONTINUE,6.526795e-02,4.083776e-03,1.000000e-09,6.526795e-03,2.375222e-14,1.131266e-43,5.492602e+00,9.999930e-01,1.228628e-23,9.346054e-01,,,3.534720e-01,7.458662e+00,1.055998e+01,5.897708e+00,3.554416e+01,REACHED_FORCE,REACHED_FORCE,,1,0,0,1,0,0,,,,1.848072e-06,NaN,3.938594e-08,NaN,,,7.611884e-06,1.535199e-07,,solution good enough for the tolerances given,solution good enough for the tolerances given,,7.611884e-06,1.535199e-07,,1.036949e-11,1.848072e-06,2.441697e-11,3.938594e-08,,,1.848072e-06,3.938594e-08,,2.089549e-03,1.414226e+00,3.485343e-02,2.000170e-02,1.858879e+01,8.333333e-02,false
2,3.162000e+06,0,2,CONTINUE,6.526795e-02,4.083820e-03,1.000000e-09,6.526795e-03,2.375222e-14,NaN,5.492600e+00,7.895893e-03,5.369856e-29,9.346263e-01,,,3.534616e-01,7.458465e+00,1.056001e+01,5.897708e+00,3.554416e+01,REACHED_FORCE,REACHED_FORCE,,1,0,0,1,0,0,,,,5.844694e-07,NaN,1.247661e-08,NaN,,,2.407333e-06,4.864520e-08,,solution good enough for the tolerances given,solution good enough for the tolerances given,,2.407333e-06,4.864520e-08,,3.217475e-11,5.844694e-07,2.389683e-11,1.247661e-08,,,5.844694e-07,1.247661e-08,,1.175092e-03,1.414218e+00,3.485343e-02,2.000170e-02,1.858879e+01,8.333333e-02,false
2,1.000000e+07,0,2,CONTINUE,6.526795e-02,4.085200e-03,1.000000e-09,6.526795e-03,2.375222e-14,NaN,5.492593e+00,4.767489e-07,3.189471e-28,9.345914e-01,,,3.534754e-01,7.458528e+00,1.056021e+01,5.897708e+00,3.554416e+01,REACHED_FORCE,REACHED_FORCE,,1,0,0,1,0,0,,,,1.848099e-07,NaN,3.944137e-09,NaN,,,7.612018e-07,1.537850e-08,,solution good enough for the tolerances given,solution good enough for the tolerances given,,7.612018e-07,1.537850e-08,,1.465322e-10,1.848099e-07,8.674141e-11,3.944137e-09,,,1.848099e-07,3.944137e-09,,6.607737e-04,1.414215e+00,3.485343e-02,2.000170e-02,1.858879e+01,8.333333e-02,false
2,3.162000e+07,0,2,CONTINUE,6.526795e-02,4.085515e-03,1.000000e-09,6.526795e-03,2.375222e-14,NaN,5.492531e+00,4.564947e-08,1.124804e-27,9.345931e-01,,,3.534704e-01,7.458480e+00,1.056024e+01,5.897708e+00,3.554416e+01,REACHED_FORCE,REACHED_FORCE,,1,0,0,1,0,0,,,,5.844722e-08,NaN,1.247781e-09,NaN,,,2.407346e-07,4.865380e-09,,solution good enough for the tolerances given,solution good enough for the tolerances given,,2.407346e-07,4.865380e-09,,5.168112e-10,5.844722e-08,4.782026e-10,1.247781e-09,,,5.844722e-08,1.247781e-09,,3.715967e-04,1.414214e+00,3.485343e-02,2.000170e-02,1.858879e+01,8.333333e-02,false
2,1.000000e+08,0,2,CONTINUE,6.526795e-02,4.086904e-03,1.000000e-09,6.526795e-03,2.375222e-14,NaN,5.492590e+00,2.071005e-07,6.034992e-28,9.345730e-01,,,3.534688e-01,7.458464e+00,1.056041e+01,5.897708e+00,3.554416e+01,REACHED_FORCE,REACHED_FORCE,,1,0,0,1,0,0,,,,1.848102e-08,NaN,1.526227e-09,NaN,,,7.612031e-08,1.538617e-09,,solution good enough for the tolerances given,solution good enough for the tolerances given,,7.612031e-08,1.538617e-09,,1.029574e-09,1.848102e-08,1.526227e-09,3.945909e-10,,,1.848102e-08,1.526227e-09,,2.089550e-04,1.414214e+00,3.485343e-02,2.000170e-02,1.858879e+01,8.333333e-02,false
2,3.162000e+08,0,2,CONTINUE,6.526795e-02,4.090414e-03,1.000000e-09,6.526795e-03,2.375222e-14,NaN,5.480222e+00,2.010850e-05,3.257147e-28,9.345153e-01,,,3.534703e-01,7.458473e+00,1.056082e+01,5.897708e+00,3.554416e+01,REACHED_FORCE,REACHED_FORCE,,1,0,0,1,0,0,,,,5.844724e-09,NaN,2.660892e-09,NaN,,,2.407347e-08,4.865703e-10,,solution good enough for the tolerances given,solution good enough for the tolerances given,,2.407347e-08,4.865703e-10,,2.076472e-09,5.844724e-09,2.660892e-09,1.247851e-10,,,5.844724e-09,2.660892e-09,,1.175092e-04,1.414214e+00,3.485343e-02,2.000170e-02,1.858879e+01,8.333333e-02,false
2,1.000000e+09,0,2,CONTINUE,6.526795e-02,4.086109e-03,1.000000e-09,6.526795e-03,2.375222e-14,3.269209e-48,5.251038e+00,9.999995e-01,3.920203e-25,9.345782e-01,,,3.534754e-01,7.458511e+00,1.056032e+01,5.897708e+00,3.554416e+01,REACHED_FORCE,REACHED_FORCE,,1,0,0,1,0,0,,,,6.116382e-09,NaN,1.099800e-08,NaN,,,7.612032e-09,1.538165e-10,,solution good enough for the tolerances given,solution good enough for the tolerances given,,7.612032e-09,1.538165e-10,,6.116382e-09,1.848102e-09,1.099800e-08,3.944803e-11,,,6.116382e-09,1.099800e-08,,6.607738e-05,1.414214e+00,3.485343e-02,2.000170e-02,1.858879e+01,8.333333e-02,false
2,3.162000e+09,0,2,CONTINUE,6.526795e-02,4.085975e-03,1.000000e-09,6.526795e-03,2.375222e-14,4.376775e-45,5.251103e+00,1.000000e+00,3.402200e-27,9.345800e-01,,,3.534758e-01,7.458513e+00,1.056031e+01,5.897708e+00,3.554416e+01,REACHED_FORCE,REACHED_FORCE,,1,0,0,1,0,0,,,,3.403262e-08,NaN,2.146636e-08,NaN,,,2.407347e-09,4.864465e-11,,solution good enough for the tolerances given,solution good enough for the tolerances given,,2.407347e-09,4.864465e-11,,3.403262e-08,5.844724e-10,2.146636e-08,1.247551e-11,,,3.403262e-08,2.146636e-08,,3.715967e-05,1.414214e+00,3.485343e-02,2.000170e-02,1.858879e+01,8.333333e-02,false
2,1.000000e+10,0,2,CONTINUE,6.526795e-02,4.083628e-03,1.000000e-09,6.526795e-03,2.375222e-14,1.790813e-67,5.188001e+00,1.000000e+00,1.956773e-26,9.346188e-01,,,3.534747e-01,7.458505e+00,1.056003e+01,5.897708e+00,3.554416e+01,REACHED_FORCE,REACHED_FORCE,,1,0,0,1,0,0,,,,1.257690e-07,NaN,1.176281e-07,NaN,,,7.612032e-10,1.538226e-11,,solution good enough for the tolerances given,solution good enough for the tolerances given,,7.612032e-10,1.538226e-11,,1.257690e-07,1.848102e-10,1.176281e-07,3.944955e-12,,,1.257690e-07,1.176281e-07,,2.089550e-05,1.414214e+00,3.485343e-02,2.000170e-02,1.858879e+01,8.333333e-02,false
2,3.162000e+10,0,2,CONTINUE,6.526795e-02,4.083891e-03,1.000000e-09,6.526795e-03,2.375222e-14,8.431013e-65,4.084566e+00,9.988750e-01,2.926661e-26,9.346236e-01,,,3.534667e-01,7.458448e+00,1.056005e+01,5.897708e+00,3.554416e+01,REACHED_FORCE,REACHED_FORCE,,1,0,0,1,0,0,,,,1.969836e-07,NaN,3.986620e-07,NaN,,,2.407347e-10,4.866526e-12,,solution good enough for the tolerances given,solution good enough for the tolerances given,,2.407347e-10,4.866526e-12,,1.969836e-07,5.844724e-11,3.986620e-07,1.248043e-12,,,1.969836e-07,3.986620e-07,,1.175092e-05,1.414214e+00,3.485343e-02,2.000170e-02,1.858879e+01,8.333333e-02,false
2,1.000000e+11,0,2,CONTINUE,6.526795e-02,4.082995e-03,1.000000e-09,6.526795e-03,2.375222e-14,NaN,5.203466e+00,1.581853e-04,3.567295e-25,9.346362e-01,,,3.534686e-01,7.458461e+00,1.055994e+01,5.897708e+00,3.554416e+01,REACHED_FORCE,REACHED_FORCE,,1,0,0,1,0,0,,,,9.437240e-07,NaN,1.686961e-06,NaN,,,7.612034e-11,1.538677e-12,,solution good enough for the tolerances given,solution good enough for the tolerances given,,7.612034e-11,1.538677e-12,,9.437240e-07,1.848102e-11,1.686961e-06,3.946149e-13,,,9.437240e-07,1.686961e-06,,6.607737e-06,1.414214e+00,3.485343e-02,2.000170e-02,1.858879e+01,8.333333e-02,false
2,3.162000e+11,0,2,CONTINUE,6.526795e-02,4.088021e-03,1.000000e-09,6.526795e-03,2.375222e-14,NaN,NaN,1.924587e-05,5.734412e-25,9.345700e-01,,,3.534569e-01,7.458354e+00,1.056053e+01,5.897708e+00,3.554416e+01,REACHED_FORCE,REACHED_FORCE,,1,0,0,1,0,0,,,,2.980057e-06,NaN,3.565450e-06,NaN,,,2.407344e-11,4.869180e-13,,solution good enough for the tolerances given,solution good enough for the tolerances given,,2.407344e-11,4.869180e-13,,2.980057e-06,5.844714e-12,3.565450e-06,1.248585e-13,,,2.980057e-06,3.565450e-06,,3.715967e-06,1.414214e+00,3.485343e-02,2.000170e-02,1.858879e+01,8.333333e-02,false
2,1.000000e+12,0,2,CONTINUE,6.526795e-02,4.082216e-03,1.000000e-09,6.526795e-03,2.375222e-14,NaN,NaN,2.358225e-10,3.137434e-22,9.346471e-01,,,3.534752e-01,7.458495e+00,1.055983e+01,5.897708e+00,3.554416e+01,REACHED_FORCE,REACHED_FORCE,,1,0,0,1,0,0,,,,1.020476e-05,NaN,1.006100e-05,NaN,,,7.612043e-12,1.538450e-13,,solution good enough for the tolerances given,solution good enough for the tolerances given,,7.612043e-12,1.538450e-13,,1.020476e-05,1.848105e-12,1.006100e-05,3.946843e-14,,,1.020476e-05,1.006100e-05,,2.089549e-06,1.414214e+00,3.485343e-02,2.000170e-02,1.858879e+01,8.333333e-02,false
2,3.162000e+12,0,2,CONTINUE,6.526795e-02,4.079880e-03,1.000000e-09,6.526795e-03,2.375222e-14,NaN,NaN,1.668415e-10,5.705816e-23,9.346994e-01,,,3.534727e-01,7.458509e+00,1.055944e+01,5.897708e+00,3.554416e+01,REACHED_FORCE,REACHED_FORCE,,1,0,0,1,0,0,,,,2.626655e-05,NaN,5.560788e-05,NaN,,,2.407364e-12,4.866376e-14,,solution good enough for the tolerances given,solution good enough for the tolerances given,,2.407364e-12,4.866376e-14,,2.626655e-05,5.844769e-13,5.560788e-05,1.249695e-14,,,2.626655e-05,5.560788e-05,,1.175091e-06,1.414214e+00,3.485343e-02,2.000170e-02,1.858879e+01,8.333333e-02,false
2,1.000000e+13,0,2,CONTINUE,6.526795e-02,4.057746e-03,1.000000e-09,6.526795e-03,2.375222e-14,NaN,NaN,1.945280e-07,3.897537e-23,9.350984e-01,,,3.534730e-01,7.458231e+00,1.055674e+01,5.897708e+00,3.554416e+01,REACHED_FORCE,REACHED_FORCE,,1,0,0,1,0,0,,,,9.703375e-05,NaN,7.516914e-05,NaN,,,7.612118e-13,1.541940e-14,,solution good enough for the tolerances given,solution good enough for the tolerances given,,7.612118e-13,1.541940e-14,,9.703375e-05,1.848174e-13,7.516914e-05,3.969047e-15,,,9.703375e-05,7.516914e-05,,6.607785e-07,1.414214e+00,3.485343e-02,2.000170e-02,1.858879e+01,8.333333e-02,false
2,3.162000e+13,0,2,CONTINUE,6.526795e-02,4.177678e-03,1.000000e-09,6.526795e-03,2.375222e-14,NaN,NaN,2.582284e-03,1.845315e-22,9.331412e-01,,,3.534780e-01,7.457755e+00,1.057165e+01,5.897708e+00,3.554416e+01,REACHED_FORCE,REACHED_FORCE,,1,0,0,1,0,0,,,,2.048454e-04,NaN,2.177912e-04,NaN,,,2.407197e-13,4.873453e-15,,solution good enough for the tolerances given,solution good enough for the tolerances given,,2.407197e-13,4.873453e-15,,2.048454e-04,5.844630e-14,2.177912e-04,1.249001e-15,,,2.048454e-04,2.177912e-04,,3.716137e-07,1.414214e+00,3.485343e-02,2.000170e-02,1.858879e+01,8.333333e-02,false
2,1.000000e+14,0,2,CONTINUE,6.526795e-02,4.345162e-03,1.000000e-09,6.526795e-03,2.375222e-14,NaN,NaN,1.249853e-02,1.019598e-22,9.307015e-01,,,3.532205e-01,7.459033e+00,1.058824e+01,5.897708e+00,3.554416e+01,REACHED_FORCE,REACHED_FORCE,,1,0,0,1,0,0,,,,1.542988e-03,NaN,1.491254e-03,NaN,,,7.611341e-14,1.526971e-15,,solution good enough for the tolerances given,solution good enough for the tolerances given,,7.611341e-14,1.526971e-15,,1.542988e-03,1.847134e-14,1.491254e-03,3.885781e-16,,,1.542988e-03,1.491254e-03,,2.089488e-07,1.414214e+00,3.485343e-02,2.000170e-02,1.858879e+01,8.333333e-02,false
2,3.162000e+14,0,2,CONTINUE,6.526795e-02,5.244543e-03,1.000000e-09,6.526795e-03,2.375222e-14,4.129009e-66,NaN,1.405481e-02,5.070619e-21,9.145663e-01,,,3.538607e-01,7.468476e+00,1.069901e+01,5.897708e+00,3.554416e+01,REACHED_FORCE,REACHED_FORCE,,1,0,0,1,0,0,,,,2.397474e-03,NaN,2.898069e-03,NaN,,,2.407455e-14,4.617135e-16,,solution good enough for the tolerances given,solution good enough for the tolerances given,,2.407455e-14,4.617135e-16,,2.397474e-03,5.842549e-15,2.898069e-03,1.110223e-16,,,2.397474e-03,2.898069e-03,,1.174989e-07,1.414214e+00,3.485343e-02,2.000170e-02,1.858879e+01,8.333333e-02,false
2,1.000000e+15,0,4,CONTINUE,6.526795e-02,4.149222e-03,1.000000e-09,6.526795e-03,2.375222e-14,NaN,NaN,6.784440e-02,1.714140e-20,9.333726e-01,,,3.533674e-01,7.461381e+00,1.056711e+01,5.897708e+00,3.554416e+01,REACHED_FORCE,REACHED_FORCE,,1,1,1,1,1,1,,,,7.674098e-03,6.818043e-04,1.435635e-02,3.900403e-04,,,7.648258e-15,1.183560e-16,,solution good enough for the tolerances given,solution good enough for the tolerances given,,7.648258e-15,1.183560e-16,,7.674098e-03,1.859624e-15,1.435635e-02,2.081668e-17,,,6.818043e-04,3.900403e-04,,6.604096e-08,1.414214e+00,3.485343e-02,2.000170e-02,1.858879e+01,8.333333e-02,false
2,3.162000e+15,0,4,CONTINUE,6.526795e-02,4.836133e-03,1.000000e-09,6.526795e-03,2.375222e-14,5.681040e-75,NaN,1.514667e-08,9.838797e-22,9.234964e-01,,,3.521093e-01,7.475496e+00,1.063297e+01,5.897708e+00,3.554416e+01,REACHED_FORCE,REACHED_FORCE,,1,1,1,1,1,1,,,,3.518512e-02,2.737349e-03,2.800118e-02,4.547530e-03,,,2.384549e-15,1.028473e-16,,solution good enough for the tolerances given,solution good enough for the tolerances given,,2.384549e-15,1.028473e-16,,3.518512e-02,5.689893e-16,2.800118e-02,2.775558e-17,,,2.737349e-03,4.547530e-03,,3.705976e-08,1.414214e+00,3.485343e-02,2.000170e-02,1.858879e+01,8.333333e-02,false
2,1.000000e+16,1,4,CONTINUE,6.526795e-02,4.901312e-02,1.000000e-09,6.526795e-03,2.375222e-14,3.889194e-54,NaN,1.000000e+00,3.135587e-21,2.324827e-01,,,9.969237e-01,8.157323e+00,1.574196e+01,5.897708e+00,3.554416e+01,REFINE_STALLED,REFINE_STALLED,,1,1,1,1,1,1,,,,1.330508e-01,1.218684e-01,1.702708e-01,4.691796e-01,,,7.929139e-16,1.691689e-16,,solution good enough for the tolerances given,solution good enough for the tolerances given,,7.929139e-16,1.691689e-16,,1.330508e-01,2.012279e-16,1.702708e-01,4.163336e-17,,,1.218684e-01,4.691796e-01,,2.098968e-08,1.414214e+00,3.485343e-02,2.000170e-02,1.858879e+01,8.333333e-02,false
2,3.162000e+16,1,6,CONTINUE,6.526795e-02,1.619309e-02,1.000000e-09,6.526795e-03,2.375222e-14,6.540293e-55,4.086852e-07,9.999888e-01,1.352301e-24,4.559188e-01,,,7.692861e-02,1.610813e+01,1.051288e+01,5.897708e+00,3.554416e+01,REFINE_STALLED,REFINE_STALLED,,1,2,2,1,2,2,,,,5.654572e+04,4.824289e-02,5.654597e+04,6.006800e-02,,,1.779572e-10,1.779576e-10,,solution good enough for the tolerances given,solution good enough for the tolerances given,,1.779572e-10,1.779576e-10,,5.654572e+04,4.300349e-11,5.654597e+04,4.300359e-11,,,4.824287e-02,6.006795e-02,,3.162278e-05,1.414214e+00,3.485343e-02,2.000170e-02,1.858879e+01,8.333333e-02,false
2,1.000000e+17,1,6,CONTINUE,6.526795e-02,1.618694e-02,1.000000e-09,6.526795e-03,2.375222e-14,4.003023e-52,1.292248e-07,1.000000e+00,5.841987e-26,4.536118e-01,,,7.692861e-02,1.954128e+01,1.161356e+01,5.897708e+00,3.554416e+01,REFINE_STALLED,REFINE_STALLED,,1,2,2,1,2,2,,,,1.788294e+05,4.824291e-02,1.788294e+05,6.014694e-02,,,1.779575e-10,1.779577e-10,,solution good enough for the tolerances given,solution good enough for the tolerances given,,1.779575e-10,1.779577e-10,,1.788294e+05,4.300357e-11,1.788294e+05,4.300360e-11,,,4.824289e-02,6.014691e-02,,3.162278e-05,1.414214e+00,3.485343e-02,2.000170e-02,1.858879e+01,8.333333e-02,false
2,3.162000e+17,1,6,CONTINUE,6.526795e-02,1.644882e-02,1.000000e-09,6.526795e-03,2.375222e-14,NaN,4.086922e-08,1.000000e+00,5.700485e-27,4.444442e-01,,,7.692861e-02,3.917956e+01,1.897730e+01,5.897708e+00,3.554416e+01,REFINE_STALLED,REFINE_STALLED,,1,2,2,1,2,2,,,,5.654579e+05,4.824294e-02,5.654573e+05,6.027442e-02,,,1.779576e-10,1.779577e-10,,solution good enough for the tolerances given,solution good enough for the tolerances given,,1.779576e-10,1.779577e-10,,5.654579e+05,4.300359e-11,5.654573e+05,4.300360e-11,,,4.824290e-02,6.027440e-02,,3.162278e-05,1.414214e+00,3.485343e-02,2.000170e-02,1.858879e+01,8.333333e-02,false
2,1.000000e+18,1,6,CONTINUE,6.526795e-02,1.735622e-02,1.000000e-09,6.526795e-03,2.375222e-14,NaN,1.292274e-08,1.000000e+00,1.221849e-25,4.185494e-01,,,7.692861e-02,1.050449e+02,4.463879e+01,5.897708e+00,3.554416e+01,REFINE_STALLED,REFINE_STALLED,,1,2,2,1,2,2,,,,1.788293e+06,5.611451e-02,1.788291e+06,6.589690e-02,,,1.779577e-10,1.779577e-10,,solution good enough for the tolerances given,solution good enough for the tolerances given,,1.779577e-10,1.779577e-10,,1.788293e+06,4.300361e-11,1.788291e+06,4.300361e-11,,,4.824296e-02,6.020756e-02,,3.162278e-05,1.414214e+00,3.485343e-02,2.000170e-02,1.858879e+01,8.333333e-02,false
3,1.000000e+00,0,7,CONTINUE,4.023985e-03,4.685111e-05,1.000000e-09,4.023985e-04,2.230906e-14,5.295889e-09,2.766176e+02,6.464756e-01,4.781545e-02,9.883532e-01,,,1.064524e-01,7.361341e-02,1.046089e+01,1.278722e+01,1.402593e+02,REACHED_FORCE,REACHED_FORCE,,5,0,0,2,0,0,,,,1.182681e-04,NaN,5.045522e-05,NaN,,,5.486680e-02,2.520021e-03,,solution good enough for the tolerances given,solution good enough for the tolerances given,,5.494859e-04,3.223595e-04,,1.366994e-16,1.182681e-04,9.113292e-17,5.045522e-05,,,1.182681e-04,5.045522e-05,,1.375351e+00,1.192725e+01,2.355439e-03,1.348331e-03,5.200382e+01,0.000000e+00,false
3,3.162000e+00,0,5,CONTINUE,4.023985e-03,4.769502e-05,1.000000e-09,4.023985e-04,2.230906e-14,2.571259e-13,2.082062e+02,4.578593e-01,1.370267e-01,9.881846e-01,,,1.059201e-01,7.338302e-02,1.046114e+01,1.278722e+01,1.402593e+02,REACHED_FORCE,REACHED_FORCE,,3,0,0,2,0,0,,,,8.852643e-05,NaN,7.928212e-06,NaN,,,2.104907e-02,8.853096e-04,,solution good enough for the tolerances given,solution good enough for the tolerances given,,5.002896e-04,5.701932e-05,,1.139162e-16,8.852643e-05,1.139162e-16,7.928212e-06,,,8.852643e-05,7.928212e-06,,9.097989e-01,6.808655e+00,2.355439e-03,1.348331e-03,5.200382e+01,0.000000e+00,false
3,1.000000e+01,0,3,CONTINUE,4.023985e-03,4.727507e-05,1.000000e-09,4.023985e-04,2.230906e-14,9.352851e-20,1.309634e+02,9.809988e-01,3.342940e-01,9.882239e-01,,,1.068240e-01,7.353127e-02,1.046092e+01,1.278722e+01,1.402593e+02,REACHED_FORCE,REACHED_FORCE,,2,0,0,1,0,0,,,,7.104358e-05,NaN,8.893444e-05,NaN,,,7.255239e-03,2.894346e-04,,solution good enough for the tolerances given,solution good enough for the tolerances given,,3.379246e-04,2.894346e-04,,1.366994e-16,7.104358e-05,6.834969e-17,8.893444e-05,,,7.104358e-05,8.893444e-05,,5.767085e-01,4.003240e+00,2.355439e-03,1.348331e-03,5.200382e+01,0.000000e+00,false
3,3.162000e+01,0,3,CONTINUE,4.023985e-03,4.640559e-05,1.000000e-09,4.023985e-04,2.230906e-14,5.965741e-29,1.211571e+02,9.832021e-01,6.135780e-01,9.884925e-01,,,1.061690e-01,7.368170e-02,1.046068e+01,1.278722e+01,1.402593e+02,REACHED_FORCE,REACHED_FORCE,,2,0,0,1,0,0,,,,1.151584e-05,NaN,2.845555e-05,NaN,,,2.373358e-03,9.492229e-05,,solution good enough for the tolerances given,solution good enough for the tolerances given,,6.706603e-05,9.492229e-05,,2.506155e-16,1.151584e-05,1.253078e-16,2.845555e-05,,,1.151584e-05,2.845555e-05,,3.402845e-01,2.536883e+00,2.355439e-03,1.348331e-03,5.200382e+01,0.000000e+00,false
3,1.000000e+02,0,3,CONTINUE,4.023985e-03,4.626914e-05,1.000000e-09,4.023985e-04,2.230906e-14,4.490819e-36,1.167948e+02,3.854161e-02,8.339324e-01,9.885436e-01,,,1.059444e-01,7.372870e-02,1.046062e+01,1.278722e+01,1.402593e+02,REACHED_FORCE,REACHED_FORCE,,2,0,0,1,0,0,,,,1.525517e-06,NaN,9.028681e-06,NaN,,,7.600407e-04,3.042139e-05,,solution good enough for the tolerances given,solution good enough for the tolerances given,,1.028244e-05,3.042139e-05,,2.733988e-16,1.525517e-06,1.936575e-16,9.028681e-06,,,1.525517e-06,9.028681e-06,,1.922946e-01,1.844612e+00,2.355439e-03,1.348331e-03,5.200382e+01,0.000000e+00,false
3,3.162000e+02,0,2,CONTINUE,4.023985e-03,4.594113e-05,1.000000e-09,4.023985e-04,2.230906e-14,9.047506e-36,1.146459e+02,1.339005e-03,9.407528e-01,9.885595e-01,,,1.058692e-01,7.373321e-02,1.046062e+01,1.278722e+01,1.402593e+02,REACHED_FORCE,REACHED_FORCE,,1,0,0,1,0,0,,,,5.522654e-05,NaN,2.781579e-06,NaN,,,2.414490e-04,9.237241e-06,,solution good enough for the tolerances given,solution good enough for the tolerances given,,2.414490e-04,9.237241e-06,,6.265388e-16,5.522654e-05,1.002462e-15,2.781579e-06,,,5.522654e-05,2.781579e-06,,1.083141e-01,1.563195e+00,2.355439e-03,1.348331e-03,5.200382e+01,0.000000e+00,true
3,1.000000e+03,0,2,CONTINUE,4.023985e-03,4.613611e-05,1.000000e-09,4.023985e-04,2.230906e-14,NaN,1.138016e+02,4.536256e-04,9.804750e-01,9.885603e-01,,,1.058485e-01,7.372832e-02,1.046062e+01,1.278722e+01,1.402593e+02,REACHED_FORCE,REACHED_FORCE,,1,0,0,1,0,0,,,,1.747067e-05,NaN,8.963695e-07,NaN,,,7.646033e-05,3.016431e-06,,solution good enough for the tolerances given,solution good enough for the tolerances given,,7.646033e-05,3.016431e-06,,2.426414e-15,1.747067e-05,1.754309e-15,8.963695e-07,,,1.747067e-05,8.963695e-07,,6.093826e-02,1.462963e+00,2.355439e-03,1.348331e-03,5.200382e+01,0.000000e+00,false
3,3.162000e+03,0,2,CONTINUE,4.023985e-03,4.844752e-05,1.000000e-09,4.023985e-04,2.230906e-14,2.448321e-47,1.135133e+02,1.468117e-04,9.937416e-01,9.880017e-01,,,1.058415e-01,7.372716e-02,1.046067e+01,1.278722e+01,1.402593e+02,REACHED_FORCE,REACHED_FORCE,,1,0,0,1,0,0,,,,5.526002e-06,NaN,2.851743e-07,NaN,,,2.419264e-05,9.637933e-07,,solution good enough for the tolerances given,solution good enough for the tolerances given,,2.419264e-05,9.637933e-07,,6.265388e-15,5.526002e-06,5.923640e-15,2.851743e-07,,,5.526002e-06,2.851743e-07,,3.427522e-02,1.429810e+00,2.355439e-03,1.348331e-03,5.200382e+01,0.000000e+00,false
3,1.000000e+04,0,2,CONTINUE,4.023985e-03,4.568755e-05,1.000000e-09,4.023985e-04,2.230906e-14,5.716476e-39,7.520760e+01,6.922489e-02,9.951494e-01,9.886925e-01,,,1.058392e-01,7.372688e-02,1.046062e+01,1.278722e+01,1.402593e+02,REACHED_FORCE,REACHED_FORCE,,1,0,0,1,0,0,,,,1.747402e-06,NaN,9.034060e-08,NaN,,,7.650882e-06,3.057389e-07,,solution good enough for the tolerances given,solution good enough for the tolerances given,,7.650882e-06,3.057389e-07,,2.462867e-14,1.747402e-06,2.236174e-14,9.034060e-08,,,1.747402e-06,9.034060e-08,,1.927453e-02,1.419164e+00,2.355439e-03,1.348331e-03,5.200382e+01,0.000000e+00,false
3,3.162000e+04,0,2,CONTINUE,4.023985e-03,4.652318e-05,1.000000e-09,4.023985e-04,2.230906e-14,1.923234e-67,7.489985e+01,9.999282e-01,1.251178e-04,9.884864e-01,,,1.058385e-01,7.372679e-02,1.046063e+01,1.278722e+01,1.402593e+02,REACHED_FORCE,REACHED_FORCE,,1,0,0,1,0,0,,,,5.526337e-07,NaN,2.858765e-08,NaN,,,2.419751e-06,9.679092e-08,,solution good enough for the tolerances given,solution good enough for the tolerances given,,2.419751e-06,9.679092e-08,,5.597840e-14,5.526337e-07,7.299747e-14,2.858765e-08,,,5.526337e-07,2.858765e-08,,1.083952e-02,1.415781e+00,2.355439e-03,1.348331e-03,5.200382e+01,0.000000e+00,false
3,1.000000e+05,0,2,CONTINUE,4.023985e-03,4.522014e-05,1.000000e-09,4.023985e-04,2.230906e-14,2.306932e-40,7.489407e+01,9.999971e-01,2.611149e-14,9.888108e-01,,,1.058383e-01,7.372676e-02,1.046061e+01,1.278722e+01,1.402593e+02,REACHED_FORCE,REACHED_FORCE,,1,0,0,1,0,0,,,,1.747436e-07,NaN,9.041112e-09,NaN,,,7.651371e-07,3.061524e-08,,solution good enough for the tolerances given,solution good enough for the tolerances given,,7.651371e-07,3.061524e-08,,3.307669e-13,1.747436e-07,3.696123e-13,9.041112e-09,,,1.747436e-07,9.041112e-09,,6.095272e-03,1.414709e+00,2.355439e-03,1.348331e-03,5.200382e+01,0.000000e+00,false
3,3.162000e+05,0,2,CONTINUE,4.023985e-03,4.470007e-05,1.000000e-09,4.023985e-04,2.230906e-14,2.405882e-42,7.489225e+01,9.999991e-01,1.707002e-20,9.889401e-01,,,1.058382e-01,7.372676e-02,1.046060e+01,1.278722e+01,1.402593e+02,REACHED_FORCE,REACHED_FORCE,,1,0,0,1,0,0,,,,5.526371e-08,NaN,2.859459e-09,NaN,,,2.419800e-07,9.683189e-09,,solution good enough for the tolerances given,solution good enough for the tolerances given,,2.419800e-07,9.683189e-09,,5.952802e-13,5.526371e-08,5.252446e-13,2.859459e-09,,,5.526371e-08,2.859459e-09,,3.427780e-03,1.414370e+00,2.355439e-03,1.348331e-03,5.200382e+01,0.000000e+00,false
3,1.000000e+06,0,2,CONTINUE,4.023985e-03,4.581337e-05,1.000000e-09,4.023985e-04,2.230906e-14,1.033607e-39,7.489167e+01,3.520693e-01,6.253077e-29,9.886635e-01,,,1.058382e-01,7.372675e-02,1.046062e+01,1.278722e+01,1.402593e+02,REACHED_FORCE,REACHED_FORCE,,1,0,0,1,0,0,,,,1.747439e-08,NaN,9.041791e-10,NaN,,,7.651419e-08,3.061928e-09,,solution good enough for the tolerances given,solution good enough for the tolerances given,,7.651419e-08,3.061928e-09,,2.224942e-12,1.747439e-08,1.792174e-12,9.041791e-10,,,1.747439e-08,9.041791e-10,,1.927498e-03,1.414263e+00,2.355439e-03,1.348331e-03,5.200382e+01,0.000000e+00,false
3,3.162000e+06,0,2,CONTINUE,4.023985e-03,4.521966e-05,1.000000e-09,4.023985e-04,2.230906e-14,NaN,7.489151e+01,1.802556e-03,2.957457e-30,9.888110e-01,,,1.058382e-01,7.372677e-02,1.046061e+01,1.278722e+01,1.402593e+02,REACHED_FORCE,REACHED_FORCE,,1,0,0,1,0,0,,,,5.526374e-09,NaN,2.859524e-10,NaN,,,2.419805e-08,9.683579e-10,,solution good enough for the tolerances given,solution good enough for the tolerances given,,2.419805e-08,9.683579e-10,,5.835685e-12,5.526374e-09,5.296144e-12,2.859524e-10,,,5.526374e-09,2.859524e-10,,1.083960e-03,1.414229e+00,2.355439e-03,1.348331e-03,5.200382e+01,0.000000e+00,false
3,1.000000e+07,0,2,CONTINUE,4.023985e-03,4.853156e-05,1.000000e-09,4.023985e-04,2.230906e-14,NaN,7.489143e+01,2.276282e-08,5.232646e-28,9.879879e-01,,,1.058382e-01,7.372677e-02,1.046067e+01,1.278722e+01,1.402593e+02,REACHED_FORCE,REACHED_FORCE,,1,0,0,1,0,0,,,,1.747440e-09,NaN,9.041828e-11,NaN,,,7.651424e-09,3.061957e-10,,solution good enough for the tolerances given,solution good enough for the tolerances given,,7.651424e-09,3.061957e-10,,2.592695e-11,1.747440e-09,2.721003e-11,9.041828e-11,,,1.747440e-09,9.041828e-11,,6.095287e-04,1.414219e+00,2.355439e-03,1.348331e-03,5.200382e+01,0.000000e+00,false
3,3.162000e+07,0,2,CONTINUE,4.023985e-03,4.483338e-05,1.000000e-09,4.023985e-04,2.230906e-14,NaN,7.488722e+01,7.188621e-09,1.823971e-28,9.889070e-01,,,1.058382e-01,7.372677e-02,1.046060e+01,1.278722e+01,1.402593e+02,REACHED_FORCE,REACHED_FORCE,,1,0,0,1,0,0,,,,5.526375e-10,NaN,4.794100e-11,NaN,,,2.419805e-09,9.683612e-11,,solution good enough for the tolerances given,solution good enough for the tolerances given,,2.419805e-09,9.683612e-11,,6.221974e-11,5.526375e-10,4.794100e-11,2.859529e-11,,,5.526375e-10,4.794100e-11,,3.427782e-04,1.414215e+00,2.355439e-03,1.348331e-03,5.200382e+01,0.000000e+00,false
3,1.000000e+08,0,2,CONTINUE,4.023985e-03,4.525307e-05,1.000000e-09,4.023985e-04,2.230906e-14,NaN,7.488041e+01,3.679535e-07,9.059998e-29,9.888029e-01,,,1.058382e-01,7.372672e-02,1.046061e+01,1.278722e+01,1.402593e+02,REACHED_FORCE,REACHED_FORCE,,1,0,0,1,0,0,,,,1.971241e-10,NaN,1.823830e-10,NaN,,,7.651425e-10,3.062001e-11,,solution good enough for the tolerances given,solution good enough for the tolerances given,,7.651425e-10,3.062001e-11,,1.971241e-10,1.747440e-10,1.823830e-10,9.041942e-12,,,1.971241e-10,1.823830e-10,,1.927499e-04,1.414214e+00,2.355439e-03,1.348331e-03,5.200382e+01,0.000000e+00,false
3,3.162000e+08,0,2,CONTINUE,4.023985e-03,4.592489e-05,1.000000e-09,4.023985e-04,2.230906e-14,8.535303e-48,1.020059e+01,9.466623e-01,1.086289e-25,9.886359e-01,,,1.058382e-01,7.372673e-02,1.046062e+01,1.278722e+01,1.402593e+02,REACHED_FORCE,REACHED_FORCE,,1,0,0,1,0,0,,,,1.095462e-09,NaN,6.968707e-10,NaN,,,2.419805e-10,9.683714e-12,,solution good enough for the tolerances given,solution good enough for the tolerances given,,2.419805e-10,9.683714e-12,,1.095462e-09,5.526374e-11,6.968707e-10,2.859555e-12,,,1.095462e-09,6.968707e-10,,1.083960e-04,1.414214e+00,2.355439e-03,1.348331e-03,5.200382e+01,0.000000e+00,false
3,1.000000e+09,0,2,CONTINUE,4.023985e-03,4.498171e-05,1.000000e-09,4.023985e-04,2.230906e-14,1.016465e-65,1.020186e+01,1.000000e+00,2.206469e-25,9.888701e-01,,,1.058382e-01,7.372677e-02,1.046060e+01,1.278722e+01,1.402593e+02,REACHED_FORCE,REACHED_FORCE,,1,0,0,1,0,0,,,,2.918659e-09,NaN,2.074357e-09,NaN,,,7.651425e-11,3.061960e-12,,solution good enough for the tolerances given,solution good enough for the tolerances given,,7.651425e-11,3.061960e-12,,2.918659e-09,1.747440e-11,2.074357e-09,9.041795e-13,,,2.918659e-09,2.074357e-09,,6.095287e-05,1.414214e+00,2.355439e-03,1.348331e-03,5.200382e+01,0.000000e+00,false
3,3.162000e+09,0,2,CONTINUE,4.023985e-03,4.568879e-05,1.000000e-09,4.023985e-04,2.230906e-14,NaN,1.016412e+01,1.000000e+00,2.947536e-26,9.886943e-01,,,1.058382e-01,7.372681e-02,1.046061e+01,1.278722e+01,1.402593e+02,REACHED_FORCE,REACHED_FORCE,,1,0,0,1,0,0,,,,5.905579e-09,NaN,4.793510e-09,NaN,,,2.419807e-11,9.683619e-13,,solution good enough for the tolerances given,solution good enough for the tolerances given,,2.419807e-11,9.683619e-13,,5.905579e-09,5.526380e-12,4.793510e-09,2.859536e-13,,,5.905579e-09,4.793510e-09,,3.427782e-05,1.414214e+00,2.355439e-03,1.348331e-03,5.200382e+01,0.000000e+00,false
3,1.000000e+10,0,2,CONTINUE,4.023985e-03,4.494077e-05,1.000000e-09,4.023985e-04,2.230906e-14,NaN,7.835618e+00,9.999241e-01,2.630575e-25,9.888804e-01,,,1.058382e-01,7.372667e-02,1.046060e+01,1.278722e+01,1.402593e+02,REACHED_FORCE,REACHED_FORCE,,1,0,0,1,0,0,,,,1.428341e-08,NaN,2.122952e-08,NaN,,,7.651415e-12,3.061948e-13,,solution good enough for the tolerances given,solution good enough for the tolerances given,,7.651415e-12,3.061948e-13,,1.428341e-08,1.747440e-12,2.122952e-08,9.041899e-14,,,1.428341e-08,2.122952e-08,,1.927498e-05,1.414214e+00,2.355439e-03,1.348331e-03,5.200382e+01,0.000000e+00,false
3,3.162000e+10,0,2,CONTINUE,4.023985e-03,4.476087e-05,1.000000e-09,4.023985e-04,2.230906e-14,1.612780e-59,NaN,2.947034e-02,1.309699e-25,9.889240e-01,,,1.058382e-01,7.372707e-02,1.046060e+01,1.278722e+01,1.402593e+02,REACHED_FORCE,REACHED_FORCE,,1,0,0,1,0,0,,,,7.564266e-08,NaN,8.769601e-08,NaN,,,2.419818e-12,9.683909e-14,,solution good enough for the tolerances given,solution good enough for the tolerances given,,2.419818e-12,9.683909e-14,,7.564266e-08,5.526430e-13,8.769601e-08,2.859431e-14,,,7.564266e-08,8.769601e-08,,1.083958e-05,1.414214e+00,2.355439e-03,1.348331e-03,5.200382e+01,0.000000e+00,false
3,1.000000e+11,0,2,CONTINUE,4.023985e-03,4.461276e-05,1.000000e-09,4.023985e-04,2.230906e-14,NaN,NaN,1.259867e-05,2.059364e-24,9.889636e-01,,,1.058381e-01,7.372450e-02,1.046060e+01,1.278722e+01,1.402593e+02,REACHED_FORCE,REACHED_FORCE,,1,0,0,1,0,0,,,,1.966372e-07,NaN,2.444349e-07,NaN,,,7.651231e-13,3.062273e-14,,solution good enough for the tolerances given,solution good enough for the tolerances given,,7.651231e-13,3.062273e-14,,1.966372e-07,1.747439e-13,2.444349e-07,9.043113e-15,,,1.966372e-07,2.444349e-07,,6.095291e-06,1.414214e+00,2.355439e-03,1.348331e-03,5.200382e+01,0.000000e+00,false
3,3.162000e+11,0,2,CONTINUE,4.023985e-03,4.488456e-05,1.000000e-09,4.023985e-04,2.230906e-14,NaN,NaN,4.774563e-09,3.485847e-23,9.888944e-01,,,1.058382e-01,7.372558e-02,1.046060e+01,1.278722e+01,1.402593e+02,REACHED_FORCE,REACHED_FORCE,,1,0,0,1,0,0,,,,5.911105e-07,NaN,5.975663e-07,NaN,,,2.419738e-13,9.679940e-15,,solution good enough for the tolerances given,solution good enough for the tolerances given,,2.419738e-13,9.679940e-15,,5.911105e-07,5.526222e-14,5.975663e-07,2.857957e-15,,,5.911105e-07,5.975663e-07,,3.427764e-06,1.414214e+00,2.355439e-03,1.348331e-03,5.200382e+01,0.000000e+00,false
3,1.000000e+12,0,2,CONTINUE,4.023985e-03,4.480602e-05,1.000000e-09,4.023985e-04,2.230906e-14,2.234805e-47,NaN,4.313354e-10,1.390854e-22,9.889284e-01,,,1.058378e-01,7.372774e-02,1.046060e+01,1.278722e+01,1.402593e+02,REACHED_FORCE,REACHED_FORCE,,1,0,0,1,0,0,,,,1.806010e-06,NaN,2.029031e-06,NaN,,,7.651643e-14,3.063878e-15,,solution good enough for the tolerances given,solution good enough for the tolerances given,,7.651643e-14,3.063878e-15,,1.806010e-06,1.747300e-14,2.029031e-06,9.046583e-16,,,1.806010e-06,2.029031e-06,,1.927528e-06,1.414214e+00,2.355439e-03,1.348331e-03,5.200382e+01,0.000000e+00,false
3,3.162000e+12,0,2,CONTINUE,4.023985e-03,5.089101e-05,1.000000e-09,4.023985e-04,2.230906e-14,2.519323e-52,NaN,2.425163e-06,6.286724e-23,9.874382e-01,,,1.058374e-01,7.368355e-02,1.046075e+01,1.278722e+01,1.402593e+02,REACHED_FORCE,REACHED_FORCE,,1,0,0,1,0,0,,,,6.380614e-06,NaN,7.118431e-06,NaN,,,2.418289e-14,9.667353e-16,,solution good enough for the tolerances given,solution good enough for the tolerances given,,2.418289e-14,9.667353e-16,,6.380614e-06,5.522492e-15,7.118431e-06,2.836273e-16,,,6.380614e-06,7.118431e-06,,1.083998e-06,1.414214e+00,2.355439e-03,1.348331e-03,5.200382e+01,0.000000e+00,false
3,1.000000e+13,0,2,CONTINUE,4.023985e-03,8.419747e-05,1.000000e-09,4.023985e-04,2.230906e-14,NaN,NaN,5.329674e-02,9.659076e-22,9.794419e-01,,,1.058343e-01,7.351958e-02,1.046149e+01,1.278722e+01,1.402593e+02,REACHED_FORCE,REACHED_FORCE,,1,0,0,1,0,0,,,,1.713136e-05,NaN,1.762683e-05,NaN,,,7.633513e-15,3.100488e-16,,solution good enough for the tolerances given,solution good enough for the tolerances given,,7.633513e-15,3.100488e-16,,1.713136e-05,1.742530e-15,1.762683e-05,9.020562e-17,,,1.713136e-05,1.762683e-05,,6.097163e-07,1.414214e+00,2.355439e-03,1.348331e-03,5.200382e+01,0.000000e+00,false
3,3.162000e+13,0,2,CONTINUE,4.023985e-03,2.472956e-04,1.000000e-09,4.023985e-04,2.230906e-14,5.343889e-51,NaN,3.321803e-02,6.048164e-24,9.388219e-01,,,1.058111e-01,7.341802e-02,1.046454e+01,1.278722e+01,1.402593e+02,REACHED_FORCE,REACHED_FORCE,,1,0,0,1,0,0,,,,5.321965e-05,NaN,5.001363e-05,NaN,,,2.405627e-15,9.908066e-17,,solution good enough for the tolerances given,solution good enough for the tolerances given,,2.405627e-15,9.908066e-17,,5.321965e-05,5.499073e-16,5.001363e-05,2.602085e-17,,,5.321965e-05,5.001363e-05,,3.419684e-07,1.414214e+00,2.355439e-03,1.348331e-03,5.200382e+01,0.000000e+00,false
3,1.000000e+14,0,2,CONTINUE,4.023985e-03,2.564914e-04,1.000000e-09,4.023985e-04,2.230906e-14,NaN,NaN,4.017510e-01,1.047913e-23,9.420099e-01,,,1.053570e-01,7.174948e-02,1.046609e+01,1.278722e+01,1.402593e+02,REACHED_FORCE,REACHED_FORCE,,1,0,0,1,0,0,,,,2.763849e-04,NaN,2.920218e-04,NaN,,,7.537828e-16,5.339032e-17,,solution good enough for the tolerances given,solution good enough for the tolerances given,,7.537828e-16,5.339032e-17,,2.763849e-04,1.726050e-16,2.920218e-04,1.040834e-17,,,2.763849e-04,2.920218e-04,,1.936292e-07,1.414214e+00,2.355439e-03,1.348331e-03,5.200382e+01,0.000000e+00,false
3,3.162000e+14,0,4,CONTINUE,4.023985e-03,1.235549e-04,1.000000e-09,4.023985e-04,2.230906e-14,NaN,NaN,3.200022e-06,2.023916e-22,9.690770e-01,,,1.058286e-01,8.448526e-02,1.046185e+01,1.278722e+01,1.402593e+02,REACHED_FORCE,REACHED_FORCE,,1,1,1,1,1,1,,,,6.066255e-04,2.692531e-05,6.022376e-04,3.306477e-05,,,2.472498e-16,4.067362e-17,,solution good enough for the tolerances given,solution good enough for the tolerances given,,2.472498e-16,4.067362e-17,,6.066255e-04,5.464379e-17,6.022376e-04,6.071532e-18,,,2.692531e-05,3.306477e-05,,1.079196e-07,1.414214e+00,2.355439e-03,1.348331e-03,5.200382e+01,0.000000e+00,false
3,1.000000e+15,1,4,CONTINUE,4.023985e-03,2.474216e-03,1.000000e-09,4.023985e-04,2.230906e-14,2.397978e-51,NaN,3.818035e-03,2.051282e-21,5.687113e-01,,,7.653165e-02,1.346496e-01,1.052117e+01,1.278722e+01,1.402593e+02,REFINE_STALLED,REFINE_STALLED,,1,1,1,1,1,1,,,,3.174998e-03,1.654545e-03,1.752466e-03,8.995715e-04,,,9.830121e-17,8.138077e-17,,solution good enough for the tolerances given,solution good enough for the tolerances given,,9.830121e-17,8.138077e-17,,3.174998e-03,1.734723e-17,1.752466e-03,1.951564e-17,,,1.654545e-03,8.995715e-04,,5.969499e-08,1.414214e+00,2.355439e-03,1.348331e-03,5.200382e+01,0.000000e+00,false
3,3.162000e+15,1,4,CONTINUE,4.023985e-03,3.980837e-03,1.000000e-09,4.023985e-04,2.230906e-14,1.198598e-52,NaN,5.129417e-04,3.470584e-20,2.910411e-04,,,9.632150e+01,9.669671e+01,1.052908e+01,1.278722e+01,1.402593e+02,REFINE_STALLED,REFINE_STALLED,,1,1,1,1,1,1,,,,2.701689e-02,5.811465e-02,1.121940e+00,8.318002e+00,,,1.034999e-16,4.500963e-15,,solution good enough for the tolerances given,solution good enough for the tolerances given,,1.034999e-16,4.500963e-15,,2.701689e-02,1.561251e-17,1.121940e+00,5.759282e-16,,,5.811465e-02,8.318002e+00,,2.265844e-08,1.414214e+00,2.355439e-03,1.348331e-03,5.200382e+01,0.000000e+00,false
3,1.000000e+16,1,6,CONTINUE,4.023985e-03,3.618287e-03,1.000000e-09,4.023985e-04,2.230906e-14,NaN,1.292277e-06,1.000000e+00,6.466872e-26,1.756702e-02,,,5.227448e-03,4.110206e+00,1.046993e+01,1.278722e+01,1.402593e+02,REFINE_STALLED,REFINE_STALLED,,1,2,2,1,2,2,,,,1.208779e+03,6.604906e-02,1.208756e+03,2.960113e-02,,,1.210131e-11,1.210285e-11,,solution good enough for the tolerances given,solution good enough for the tolerances given,,1.210131e-11,1.210285e-11,,1.208779e+03,2.921981e-12,1.208756e+03,2.922350e-12,,,6.604882e-02,2.960104e-02,,3.162280e-05,1.414214e+00,2.355439e-03,1.348331e-03,5.200382e+01,0.000000e+00,false
3,3.162000e+16,1,6,CONTINUE,4.023985e-03,3.618133e-03,1.000000e-09,4.023985e-04,2.230906e-14,NaN,4.086805e-07,9.999882e-01,1.153570e-24,1.756548e-02,,,5.227448e-03,7.226686e+00,1.047042e+01,1.278722e+01,1.402593e+02,REFINE_STALLED,REFINE_STALLED,,1,2,2,1,2,2,,,,3.822072e+03,6.604940e-02,3.822026e+03,2.960310e-02,,,1.210196e-11,1.210244e-11,,solution good enough for the tolerances given,solution good enough for the tolerances given,,1.210196e-11,1.210244e-11,,3.822072e+03,2.922138e-12,3.822026e+03,2.922254e-12,,,6.604934e-02,2.960307e-02,,3.162278e-05,1.414214e+00,2.355439e-03,1.348331e-03,5.200382e+01,0.000000e+00,false
3,1.000000e+17,1,6,CONTINUE,4.023985e-03,3.617720e-03,1.000000e-09,4.023985e-04,2.230906e-14,NaN,1.292289e-07,1.000000e+00,1.032796e-26,1.755754e-02,,,5.227448e-03,2.005951e+01,1.047549e+01,1.278722e+01,1.402593e+02,REFINE_STALLED,REFINE_STALLED,,1,2,2,1,2,2,,,,1.208739e+04,6.604951e-02,1.208737e+04,2.960940e-02,,,1.210216e-11,1.210232e-11,,solution good enough for the tolerances given,solution good enough for the tolerances given,,1.210216e-11,1.210232e-11,,1.208739e+04,2.922187e-12,1.208737e+04,2.922225e-12,,,6.604949e-02,2.960939e-02,,3.162278e-05,1.414214e+00,2.355439e-03,1.348331e-03,5.200382e+01,0.000000e+00,false
3,3.162000e+17,1,6,CONTINUE,4.023985e-03,3.616412e-03,1.000000e-09,4.023985e-04,2.230906e-14,9.455693e-51,4.086946e-08,1.000000e+00,3.220157e-27,1.753247e-02,,,5.227448e-03,6.258266e+01,1.052666e+01,1.278722e+01,1.402593e+02,REFINE_STALLED,REFINE_STALLED,,1,2,2,1,2,2,,,,3.822024e+04,6.604954e-02,3.822025e+04,2.962965e-02,,,1.210223e-11,1.210227e-11,,solution good enough for the tolerances given,solution good enough for the tolerances given,,1.210223e-11,1.210227e-11,,3.822024e+04,2.922203e-12,3.822025e+04,2.922215e-12,,,6.604953e-02,2.962964e-02,,3.162278e-05,1.414214e+00,2.355439e-03,1.348331e-03,5.200382e+01,0.000000e+00,false
3,1.000000e+18,1,6,CONTINUE,4.023985e-03,3.612304e-03,1.000000e-09,4.023985e-04,2.230906e-14,NaN,1.292259e-08,1.000000e+00,6.804178e-26,1.745332e-02,,,5.227448e-03,1.976561e+02,1.102227e+01,1.278722e+01,1.402593e+02,REFINE_STALLED,REFINE_STALLED,,1,2,2,1,2,2,,,,1.208736e+05,6.604956e-02,1.208737e+05,2.969397e-02,,,1.210225e-11,1.210226e-11,,solution good enough for the tolerances given,solution good enough for the tolerances given,,1.210225e-11,1.210226e-11,,1.208736e+05,2.922208e-12,1.208737e+05,2.922212e-12,,,6.604956e-02,2.969396e-02,,3.162278e-05,1.414214e+00,2.355439e-03,1.348331e-03,5.200382e+01,0.000000e+00,false
4,1.000000e+00,0,9,CONTINUE,4.594113e-05,5.519019e-07,1.000000e-09,4.594113e-06,2.220578e-14,1.987287e-05,3.798491e+03,5.864093e-01,6.199002e-04,9.879876e-01,,,1.149299e-03,2.205044e-03,1.045880e+01,1.165645e+03,1.215587e+04,REACHED_FORCE,REACHED_FORCE,,5,0,0,4,0,0,,,,1.138561e-06,NaN,7.136229e-07,NaN,,,1.201912e-03,3.743355e-04,,solution good enough for the tolerances given,solution good enough for the tolerances given,,7.590583e-06,4.446239e-06,,2.600525e-16,1.138561e-06,7.974131e-17,7.136229e-07,,,1.138561e-06,7.136229e-07,,1.444370e+00,1.102627e+02,2.990892e-05,1.542561e-05,4.564295e+03,0.000000e+00,false
4,3.162000e+00,0,7,CONTINUE,4.594113e-05,5.508682e-07,1.000000e-09,4.594113e-06,2.220578e-14,3.657047e-10,1.918670e+03,8.968350e-01,1.795362e-03,9.880097e-01,,,1.155672e-03,2.205454e-03,1.045880e+01,1.165645e+03,1.215587e+04,REACHED_FORCE,REACHED_FORCE,,4,0,0,3,0,0,,,,4.418491e-07,NaN,2.042951e-07,NaN,,,4.623123e-04,1.535233e-04,,solution good enough for the tolerances given,solution good enough for the tolerances given,,2.587217e-06,1.999325e-06,,1.417020e-16,4.418491e-07,6.834969e-17,2.042951e-07,,,4.418491e-07,2.042951e-07,,9.628376e-01,6.201904e+01,2.990892e-05,1.542561e-05,4.564295e+03,0.000000e+00,false
4,1.000000e+01,0,5,CONTINUE,4.594113e-05,5.496910e-07,1.000000e-09,4.594113e-06,2.220578e-14,1.090080e-18,1.899741e+03,9.512040e-01,5.655965e-03,9.880353e-01,,,1.155437e-03,2.205265e-03,1.045880e+01,1.165645e+03,1.215587e+04,REACHED_FORCE,REACHED_FORCE,,3,0,0,2,0,0,,,,1.965092e-07,NaN,2.305539e-07,NaN,,,1.593304e-04,5.383593e-05,,solution good enough for the tolerances given,solution good enough for the tolerances given,,1.008796e-06,1.565370e-06,,9.113292e-17,1.965092e-07,1.594826e-16,2.305539e-07,,,1.965092e-07,2.305539e-07,,6.207708e-01,3.489394e+01,2.990892e-05,1.542561e-05,4.564295e+03,0.000000e+00,false
4,3.162000e+01,0,4,CONTINUE,4.594113e-05,5.507893e-07,1.000000e-09,4.594113e-06,2.220578e-14,2.290546e-20,1.440256e+03,9.651156e-01,1.766811e-02,9.880113e-01,,,1.156041e-03,2.206042e-03,1.045880e+01,1.165645e+03,1.215587e+04,REACHED_FORCE,REACHED_FORCE,,2,0,0,2,0,0,,,,1.735639e-07,NaN,3.975395e-08,NaN,,,5.205494e-05,1.767650e-05,,solution good enough for the tolerances given,solution good enough for the tolerances given,,9.252091e-07,2.467913e-07,,9.113292e-17,1.735639e-07,6.834969e-17,3.975395e-08,,,1.735639e-07,3.975395e-08,,3.610343e-01,1.965798e+01,2.990892e-05,1.542561e-05,4.564295e+03,0.000000e+00,false
4,1.000000e+02,0,4,CONTINUE,4.594113e-05,5.505481e-07,1.000000e-09,4.594113e-06,2.220578e-14,3.097982e-29,1.350961e+03,9.917208e-01,5.382002e-02,9.880166e-01,,,1.156129e-03,2.207089e-03,1.045879e+01,1.165645e+03,1.215587e+04,REACHED_FORCE,REACHED_FORCE,,2,0,0,2,0,0,,,,3.513419e-08,NaN,1.158109e-08,NaN,,,1.664733e-05,5.656595e-06,,solution good enough for the tolerances given,solution good enough for the tolerances given,,2.404134e-07,9.669112e-08,,7.974131e-17,3.513419e-08,9.113292e-17,1.158109e-08,,,3.513419e-08,1.158109e-08,,2.041314e-01,1.111570e+01,2.990892e-05,1.542561e-05,4.564295e+03,0.000000e+00,false
4,3.162000e+02,0,3,CONTINUE,4.594113e-05,5.492065e-07,1.000000e-09,4.594113e-06,2.220578e-14,2.673212e-32,5.210164e+02,8.197435e-01,1.524410e-01,9.880469e-01,,,1.151823e-03,2.209853e-03,1.045878e+01,1.165645e+03,1.215587e+04,REACHED_FORCE,REACHED_FORCE,,2,0,0,1,0,0,,,,1.652700e-08,NaN,2.506197e-07,NaN,,,5.287655e-06,1.797717e-06,,solution good enough for the tolerances given,solution good enough for the tolerances given,,1.665111e-07,1.797717e-06,,9.113292e-17,1.652700e-08,1.139162e-16,2.506197e-07,,,1.652700e-08,2.506197e-07,,1.149989e-01,6.359530e+00,2.990892e-05,1.542561e-05,4.564295e+03,0.000000e+00,false
4,1.000000e+03,0,2,CONTINUE,4.594113e-05,5.502462e-07,1.000000e-09,4.594113e-06,2.220578e-14,5.788161e-35,4.913218e+02,8.753630e-04,3.625757e-01,9.880227e-01,,,1.154779e-03,2.215427e-03,1.045878e+01,1.165645e+03,1.215587e+04,REACHED_FORCE,REACHED_FORCE,,1,0,0,1,0,0,,,,2.112256e-07,NaN,7.620041e-08,NaN,,,1.679013e-06,5.726629e-07,,solution good enough for the tolerances given,solution good enough for the tolerances given,,1.679013e-06,5.726629e-07,,6.834969e-17,2.112256e-07,7.974131e-17,7.620041e-08,,,2.112256e-07,7.620041e-08,,6.470211e-02,3.762429e+00,2.990892e-05,1.542561e-05,4.564295e+03,0.000000e+00,true
4,3.162000e+03,0,2,CONTINUE,4.594113e-05,5.488376e-07,1.000000e-09,4.594113e-06,2.220578e-14,3.946907e-35,4.825397e+02,8.077233e-05,6.426771e-01,9.880537e-01,,,1.155729e-03,2.232881e-03,1.045876e+01,1.165645e+03,1.215587e+04,REACHED_FORCE,REACHED_FORCE,,1,0,0,1,0,0,,,,6.909212e-08,NaN,2.339087e-08,NaN,,,5.346987e-07,1.828958e-07,,solution good enough for the tolerances given,solution good enough for the tolerances given,,5.346987e-07,1.828958e-07,,1.708742e-16,6.909212e-08,1.253078e-16,2.339087e-08,,,6.909212e-08,2.339087e-08,,3.639280e-02,2.417511e+00,2.990892e-05,1.542561e-05,4.564295e+03,0.000000e+00,false
4,1.000000e+04,0,2,CONTINUE,4.594113e-05,5.483554e-07,1.000000e-09,4.594113e-06,2.220578e-14,9.292443e-36,4.797739e+02,2.553157e-05,8.504815e-01,9.880643e-01,,,1.156033e-03,2.248950e-03,1.045875e+01,1.165645e+03,1.215587e+04,REACHED_FORCE,REACHED_FORCE,,1,0,0,1,0,0,,,,2.242783e-08,NaN,7.638858e-09,NaN,,,1.701259e-07,5.837577e-08,,solution good enough for the tolerances given,solution good enough for the tolerances given,,1.701259e-07,5.837577e-08,,3.075736e-16,2.242783e-08,3.987065e-16,7.638858e-09,,,2.242783e-08,7.638858e-09,,2.046546e-02,1.793206e+00,2.990892e-05,1.542561e-05,4.564295e+03,0.000000e+00,false
4,3.162000e+04,0,2,CONTINUE,4.594113e-05,5.487989e-07,1.000000e-09,4.594113e-06,2.220578e-14,1.286389e-36,4.770295e+02,7.633936e-05,9.473293e-01,9.880547e-01,,,1.156131e-03,2.257075e-03,1.045874e+01,1.165645e+03,1.215587e+04,REACHED_FORCE,REACHED_FORCE,,1,0,0,1,0,0,,,,7.172892e-09,NaN,2.449423e-09,NaN,,,5.397116e-08,1.854931e-08,,solution good enough for the tolerances given,solution good enough for the tolerances given,,5.397116e-08,1.854931e-08,,1.013854e-15,7.172892e-09,1.093595e-15,2.449423e-09,,,7.172892e-09,2.449423e-09,,1.150929e-02,1.544162e+00,2.990892e-05,1.542561e-05,4.564295e+03,0.000000e+00,false
4,1.000000e+05,0,2,CONTINUE,4.594113e-05,5.481752e-07,1.000000e-09,4.594113e-06,2.220578e-14,1.084124e-37,1.507184e+01,8.232173e-01,3.222853e-01,9.880683e-01,,,1.156162e-03,2.260124e-03,1.045874e+01,1.165645e+03,1.215587e+04,REACHED_FORCE,REACHED_FORCE,,1,0,0,1,0,0,,,,2.277049e-09,NaN,7.782861e-10,NaN,,,1.708559e-08,5.875711e-09,,solution good enough for the tolerances given,solution good enough for the tolerances given,,1.708559e-08,5.875711e-09,,2.517547e-15,2.277049e-09,2.608680e-15,7.782861e-10,,,2.277049e-09,7.782861e-10,,6.471904e-03,1.456557e+00,2.990892e-05,1.542561e-05,4.564295e+03,0.000000e+00,false
4,3.162000e+05,0,2,CONTINUE,4.594113e-05,5.696750e-07,1.000000e-09,4.594113e-06,2.220578e-14,1.090090e-38,1.506947e+01,9.999956e-01,1.211496e-09,9.876003e-01,,,1.156171e-03,2.261145e-03,1.045874e+01,1.165645e+03,1.215587e+04,REACHED_FORCE,REACHED_FORCE,,1,0,0,1,0,0,,,,7.210627e-10,NaN,2.465302e-10,NaN,,,5.405519e-09,1.859329e-09,,solution good enough for the tolerances given,solution good enough for the tolerances given,,5.405519e-09,1.859329e-09,,9.010768e-15,7.210627e-10,7.791865e-15,2.465302e-10,,,7.210627e-10,2.465302e-10,,3.639586e-03,1.427741e+00,2.990892e-05,1.542561e-05,4.564295e+03,0.000000e+00,false
4,1.000000e+06,0,2,CONTINUE,4.594113e-05,5.678487e-07,1.000000e-09,4.594113e-06,2.220578e-14,2.979136e-39,1.506875e+01,9.999986e-01,1.041647e-16,9.876400e-01,,,1.156175e-03,2.261474e-03,1.045874e+01,1.165645e+03,1.215587e+04,REACHED_FORCE,REACHED_FORCE,,1,0,0,1,0,0,,,,2.280945e-10,NaN,7.799262e-11,NaN,,,1.709440e-09,5.880323e-10,,solution good enough for the tolerances given,solution good enough for the tolerances given,,1.709440e-09,5.880323e-10,,2.146180e-14,2.280945e-10,2.608680e-14,7.799262e-11,,,2.280945e-10,7.799262e-11,,2.046601e-03,1.418505e+00,2.990892e-05,1.542561e-05,4.564295e+03,0.000000e+00,false
4,3.162000e+06,0,2,CONTINUE,4.594113e-05,5.492277e-07,1.000000e-09,4.594113e-06,2.220578e-14,1.604280e-52,1.506852e+01,9.905746e-01,3.594527e-26,9.880454e-01,,,1.156175e-03,2.261578e-03,1.045874e+01,1.165645e+03,1.215587e+04,REACHED_FORCE,REACHED_FORCE,,1,0,0,1,0,0,,,,7.214564e-11,NaN,2.466959e-11,NaN,,,5.406414e-10,1.859798e-10,,solution good enough for the tolerances given,solution good enough for the tolerances given,,5.406414e-10,1.859798e-10,,6.366774e-14,7.214564e-11,6.866866e-14,2.466959e-11,,,7.214564e-11,2.466959e-11,,1.150939e-03,1.415572e+00,2.990892e-05,1.542561e-05,4.564295e+03,0.000000e+00,false
4,1.000000e+07,0,2,CONTINUE,4.594113e-05,5.542073e-07,1.000000e-09,4.594113e-06,2.220578e-14,1.644009e-41,1.506845e+01,3.743212e-01,3.440777e-30,9.879370e-01,,,1.156176e-03,2.261611e-03,1.045874e+01,1.165645e+03,1.215587e+04,REACHED_FORCE,REACHED_FORCE,,1,0,0,1,0,0,,,,2.281340e-11,NaN,7.800927e-12,NaN,,,1.709530e-10,5.880794e-11,,solution good enough for the tolerances given,solution good enough for the tolerances given,,1.709530e-10,5.880794e-11,,2.608794e-13,2.281340e-11,2.255027e-13,7.800927e-12,,,2.281340e-11,7.800927e-12,,6.471922e-04,1.414643e+00,2.990892e-05,1.542561e-05,4.564295e+03,0.000000e+00,false
4,3.162000e+07,0,2,CONTINUE,4.594113e-05,5.477516e-07,1.000000e-09,4.594113e-06,2.220578e-14,2.043511e-42,1.506843e+01,1.232748e-07,7.106001e-27,9.880775e-01,,,1.156176e-03,2.261622e-03,1.045874e+01,1.165645e+03,1.215587e+04,REACHED_FORCE,REACHED_FORCE,,1,0,0,1,0,0,,,,7.214962e-12,NaN,2.467128e-12,NaN,,,5.406504e-11,1.859845e-11,,solution good enough for the tolerances given,solution good enough for the tolerances given,,5.406504e-11,1.859845e-11,,6.529332e-13,7.214962e-12,7.564716e-13,2.467128e-12,,,7.214962e-12,2.467128e-12,,3.639589e-04,1.414349e+00,2.990892e-05,1.542561e-05,4.564295e+03,0.000000e+00,false
4,1.000000e+08,0,2,CONTINUE,4.594113e-05,5.500570e-07,1.000000e-09,4.594113e-06,2.220578e-14,9.435127e-44,1.506842e+01,1.655402e-08,3.605328e-27,9.880273e-01,,,1.156176e-03,2.261625e-03,1.045874e+01,1.165645e+03,1.215587e+04,REACHED_FORCE,REACHED_FORCE,,1,0,0,1,0,0,,,,3.733568e-12,NaN,3.305004e-12,NaN,,,1.709539e-11,5.880841e-12,,solution good enough for the tolerances given,solution good enough for the tolerances given,,1.709539e-11,5.880841e-12,,3.733568e-12,2.281382e-12,3.305004e-12,7.801116e-13,,,3.733568e-12,3.305004e-12,,2.046601e-04,1.414257e+00,2.990892e-05,1.542561e-05,4.564295e+03,0.000000e+00,false
4,3.162000e+08,0,2,CONTINUE,4.594113e-05,5.493341e-07,1.000000e-09,4.594113e-06,2.220578e-14,NaN,1.379769e+01,2.827667e-05,1.329812e-25,9.880431e-01,,,1.156176e-03,2.261626e-03,1.045874e+01,1.165645e+03,1.215587e+04,REACHED_FORCE,REACHED_FORCE,,1,0,0,1,0,0,,,,7.518831e-12,NaN,7.674531e-12,NaN,,,5.406513e-12,1.859850e-12,,solution good enough for the tolerances given,solution good enough for the tolerances given,,5.406513e-12,1.859850e-12,,7.518831e-12,7.215024e-13,7.674531e-12,2.467167e-13,,,7.518831e-12,7.674531e-12,,1.150939e-04,1.414227e+00,2.990892e-05,1.542561e-05,4.564295e+03,0.000000e+00,false
4,1.000000e+09,0,2,CONTINUE,4.594113e-05,5.575396e-07,1.000000e-09,4.594113e-06,2.220578e-14,1.815697e-45,9.564890e+00,6.127172e-02,5.027996e-25,9.878645e-01,,,1.156176e-03,2.261626e-03,1.045874e+01,1.165645e+03,1.215587e+04,REACHED_FORCE,REACHED_FORCE,,1,0,0,1,0,0,,,,2.599916e-11,NaN,2.709172e-11,NaN,,,1.709539e-12,5.880846e-13,,solution good enough for the tolerances given,solution good enough for the tolerances given,,1.709539e-12,5.880846e-13,,2.599916e-11,2.281408e-13,2.709172e-11,7.801351e-14,,,2.599916e-11,2.709172e-11,,6.471922e-05,1.414218e+00,2.990892e-05,1.542561e-05,4.564295e+03,0.000000e+00,false
4,3.162000e+09,0,2,CONTINUE,4.594113e-05,5.494714e-07,1.000000e-09,4.594113e-06,2.220578e-14,4.890498e-46,9.564567e+00,9.991168e-01,2.270965e-26,9.880401e-01,,,1.156176e-03,2.261626e-03,1.045874e+01,1.165645e+03,1.215587e+04,REACHED_FORCE,REACHED_FORCE,,1,0,0,1,0,0,,,,6.124988e-11,NaN,8.958845e-11,NaN,,,5.406513e-13,1.859851e-13,,solution good enough for the tolerances given,solution good enough for the tolerances given,,5.406513e-13,1.859851e-13,,6.124988e-11,7.215246e-14,8.958845e-11,2.467387e-14,,,6.124988e-11,8.958845e-11,,3.639589e-05,1.414215e+00,2.990892e-05,1.542561e-05,4.564295e+03,0.000000e+00,false
4,1.000000e+10,0,2,CONTINUE,4.594113e-05,5.490022e-07,1.000000e-09,4.594113e-06,2.220578e-14,1.082705e-66,1.025013e+01,1.000000e+00,2.458414e-24,9.880505e-01,,,1.156176e-03,2.261625e-03,1.045874e+01,1.165645e+03,1.215587e+04,REACHED_FORCE,REACHED_FORCE,,1,0,0,1,0,0,,,,3.515584e-10,NaN,2.267702e-10,NaN,,,1.709537e-13,5.880853e-14,,solution good enough for the tolerances given,solution good enough for the tolerances given,,1.709537e-13,5.880853e-14,,3.515584e-10,2.281626e-14,2.267702e-10,7.803545e-15,,,3.515584e-10,2.267702e-10,,2.046602e-05,1.414214e+00,2.990892e-05,1.542561e-05,4.564295e+03,0.000000e+00,false
4,3.162000e+10,0,2,CONTINUE,4.594113e-05,5.578576e-07,1.000000e-09,4.594113e-06,2.220578e-14,NaN,NaN,9.999991e-01,6.657243e-25,9.878568e-01,,,1.156176e-03,2.261632e-03,1.045874e+01,1.165645e+03,1.215587e+04,REACHED_FORCE,REACHED_FORCE,,1,0,0,1,0,0,,,,9.464979e-10,NaN,5.780319e-10,NaN,,,5.406530e-14,1.859853e-14,,solution good enough for the tolerances given,solution good enough for the tolerances given,,5.406530e-14,1.859853e-14,,9.464979e-10,7.217453e-15,5.780319e-10,2.469575e-15,,,9.464979e-10,5.780319e-10,,1.150938e-05,1.414214e+00,2.990892e-05,1.542561e-05,4.564295e+03,0.000000e+00,false
4,1.000000e+11,0,2,CONTINUE,4.594113e-05,5.516171e-07,1.000000e-09,4.594113e-06,2.220578e-14,NaN,NaN,8.907949e-01,5.572522e-25,9.879886e-01,,,1.156176e-03,2.261660e-03,1.045874e+01,1.165645e+03,1.215587e+04,REACHED_FORCE,REACHED_FORCE,,1,0,0,1,0,0,,,,4.067022e-09,NaN,2.528545e-09,NaN,,,1.709570e-14,5.880937e-15,,solution good enough for the tolerances given,solution good enough for the tolerances given,,1.709570e-14,5.880937e-15,,4.067022e-09,2.283865e-15,2.528545e-09,7.825568e-16,,,4.067022e-09,2.528545e-09,,6.471965e-06,1.414214e+00,2.990892e-05,1.542561e-05,4.564295e+03,0.000000e+00,false
4,3.162000e+11,0,2,CONTINUE,4.594113e-05,5.499611e-07,1.000000e-09,4.594113e-06,2.220578e-14,1.897714e-47,NaN,4.228537e-07,1.267181e-22,9.880236e-01,,,1.156176e-03,2.261755e-03,1.045874e+01,1.165645e+03,1.215587e+04,REACHED_FORCE,REACHED_FORCE,,1,0,0,1,0,0,,,,5.152227e-09,NaN,8.986491e-09,NaN,,,5.406720e-15,1.860142e-15,,solution good enough for the tolerances given,solution good enough for the tolerances given,,5.406720e-15,1.860142e-15,,5.152227e-09,7.239489e-16,8.986491e-09,2.491497e-16,,,5.152227e-09,8.986491e-09,,3.639585e-06,1.414214e+00,2.990892e-05,1.542561e-05,4.564295e+03,0.000000e+00,false
4,1.000000e+12,0,2,CONTINUE,4.594113e-05,5.496527e-07,1.000000e-09,4.594113e-06,2.220578e-14,NaN,NaN,5.566695e-10,2.010479e-22,9.880314e-01,,,1.156176e-03,2.262424e-03,1.045874e+01,1.165645e+03,1.215587e+04,REACHED_FORCE,REACHED_FORCE,,1,0,0,1,0,0,,,,1.820722e-08,NaN,2.503945e-08,NaN,,,1.709741e-15,5.889287e-16,,solution good enough for the tolerances given,solution good enough for the tolerances given,,1.709741e-15,5.889287e-16,,1.820722e-08,2.305624e-16,2.503945e-08,8.045458e-17,,,1.820722e-08,2.503945e-08,,2.046539e-06,1.414214e+00,2.990892e-05,1.542561e-05,4.564295e+03,0.000000e+00,false
4,3.162000e+12,0,2,CONTINUE,4.594113e-05,5.560461e-07,1.000000e-09,4.594113e-06,2.220578e-14,NaN,NaN,3.457266e-10,1.405455e-22,9.879142e-01,,,1.156176e-03,2.269924e-03,1.045874e+01,1.165645e+03,1.215587e+04,REACHED_FORCE,REACHED_FORCE,,1,0,0,1,0,0,,,,6.976050e-08,NaN,8.123132e-08,NaN,,,5.414652e-16,1.885513e-16,,solution good enough for the tolerances given,solution good enough for the tolerances given,,5.414652e-16,1.885513e-16,,6.976050e-08,7.457278e-17,8.123132e-08,2.711861e-17,,,6.976050e-08,8.123132e-08,,1.150799e-06,1.414214e+00,2.990892e-05,1.542561e-05,4.564295e+03,0.000000e+00,false
4,1.000000e+13,0,2,CONTINUE,4.594113e-05,1.061852e-06,1.000000e-09,4.594113e-06,2.220578e-14,NaN,NaN,2.329153e-08,2.754133e-23,9.768681e-01,,,1.156177e-03,2.342888e-03,1.045876e+01,1.165645e+03,1.215587e+04,REACHED_FORCE,REACHED_FORCE,,1,0,0,1,0,0,,,,1.708576e-07,NaN,2.865145e-07,NaN,,,1.736555e-16,6.631291e-17,,solution good enough for the tolerances given,solution good enough for the tolerances given,,1.736555e-16,6.631291e-17,,1.708576e-07,2.523481e-17,2.865145e-07,1.024571e-17,,,1.708576e-07,2.865145e-07,,6.469313e-07,1.414214e+00,2.990892e-05,1.542561e-05,4.564295e+03,0.000000e+00,false
4,3.162000e+13,0,2,CONTINUE,4.594113e-05,2.822697e-06,1.000000e-09,4.594113e-06,2.220578e-14,9.689403e-53,NaN,8.585135e-03,7.456131e-22,9.383724e-01,,,1.156054e-03,2.978677e-03,1.045884e+01,1.165645e+03,1.215587e+04,REACHED_FORCE,REACHED_FORCE,,1,0,0,1,0,0,,,,7.275974e-07,NaN,6.643177e-07,NaN,,,6.209920e-17,3.589464e-17,,solution good enough for the tolerances given,solution good enough for the tolerances given,,6.209920e-17,3.589464e-17,,7.275974e-07,9.635847e-18,6.643177e-07,4.892462e-18,,,7.275974e-07,6.643177e-07,,3.639138e-07,1.414214e+00,2.990892e-05,1.542561e-05,4.564295e+03,0.000000e+00,false
4,1.000000e+14,0,2,CONTINUE,4.594113e-05,5.687991e-06,1.000000e-09,4.594113e-06,2.220578e-14,NaN,NaN,4.607620e-02,3.792185e-23,8.776343e-01,,,1.156003e-03,6.548038e-03,1.045895e+01,1.165645e+03,1.215587e+04,REACHED_FORCE,REACHED_FORCE,,1,0,0,1,0,0,,,,2.426712e-06,NaN,2.207976e-06,NaN,,,3.513513e-17,3.128758e-17,,solution good enough for the tolerances given,solution good enough for the tolerances given,,3.513513e-17,3.128758e-17,,2.426712e-06,4.716279e-18,2.207976e-06,3.225501e-18,,,2.426712e-06,2.207976e-06,,2.039877e-07,1.414214e+00,2.990892e-05,1.542561e-05,4.564295e+03,0.000000e+00,false
4,3.162000e+14,0,4,CONTINUE,4.594113e-05,9.061408e-07,1.000000e-09,4.594113e-06,2.220578e-14,NaN,NaN,2.065693e-01,1.534547e-20,9.800257e-01,,,1.156176e-03,3.891556e-02,1.045882e+01,1.165645e+03,1.215587e+04,REACHED_FORCE,REACHED_FORCE,,1,1,1,1,1,1,,,,9.262413e-06,3.377375e-07,1.022560e-05,2.261957e-07,,,3.116162e-17,3.076334e-17,,solution good enough for the tolerances given,solution good enough for the tolerances given,,3.116162e-17,3.076334e-17,,9.262413e-06,3.130634e-18,1.022560e-05,2.663072e-18,,,3.377375e-07,2.261957e-07,,1.154433e-07,1.414214e+00,2.990892e-05,1.542561e-05,4.564295e+03,0.000000e+00,false
4,1.000000e+15,0,5,CONTINUE,4.594113e-05,3.522032e-06,1.000000e-09,4.594113e-06,2.220578e-14,1.432615e-50,NaN,1.803942e-02,1.011197e-20,9.270204e-01,,,1.151577e-03,1.536376e-01,1.045983e+01,1.165645e+03,1.215587e+04,REACHED_FORCE,REACHED_FORCE,,1,1,1,1,2,2,,,,2.585074e-05,4.406090e-06,3.678245e-05,5.554092e-06,,,3.076718e-17,3.072875e-17,,solution good enough for the tolerances given,solution good enough for the tolerances given,,3.076718e-17,3.072875e-17,,2.585074e-05,2.683400e-18,3.678245e-05,2.534323e-18,,,4.406090e-06,1.219414e-06,,6.511741e-08,1.414214e+00,2.990892e-05,1.542561e-05,4.564295e+03,0.000000e+00,false
4,3.162000e+15,1,6,CONTINUE,4.594113e-05,4.034377e-05,1.000000e-09,4.594113e-06,2.220578e-14,3.855407e-49,4.078589e-06,1.000000e+00,4.033300e-27,2.428478e-04,,,7.934333e-05,3.767717e+00,1.045973e+01,1.165645e+03,1.215587e+04,REFINE_STALLED,REFINE_STALLED,,1,2,2,1,2,2,,,,6.215157e+00,6.426919e-02,6.198036e+00,2.798556e-02,,,1.854543e-13,1.900087e-13,,solution good enough for the tolerances given,solution good enough for the tolerances given,,1.854543e-13,1.900087e-13,,6.215157e+00,4.352823e-14,6.198036e+00,4.462603e-14,,,6.419958e-02,2.795709e-02,,3.162860e-05,1.414214e+00,2.990892e-05,1.542561e-05,4.564295e+03,0.000000e+00,false
4,1.000000e+16,1,6,CONTINUE,4.594113e-05,4.034466e-05,1.000000e-09,4.594113e-06,2.220578e-14,NaN,1.291462e-06,1.000000e+00,2.330425e-26,2.429324e-04,,,7.933856e-05,4.151839e+00,1.045973e+01,1.165645e+03,1.215587e+04,REFINE_STALLED,REFINE_STALLED,,1,2,2,1,2,2,,,,1.960105e+01,6.436457e-02,1.962709e+01,2.794897e-02,,,1.874152e-13,1.888580e-13,,solution good enough for the tolerances given,solution good enough for the tolerances given,,1.874152e-13,1.888580e-13,,1.960105e+01,4.400366e-14,1.962709e+01,4.435144e-14,,,6.434248e-02,2.793998e-02,,3.162462e-05,1.414214e+00,2.990892e-05,1.542561e-05,4.564295e+03,0.000000e+00,false
4,3.162000e+16,1,6,CONTINUE,4.594113e-05,4.034490e-05,1.000000e-09,4.594113e-06,2.220578e-14,4.960813e-51,4.086043e-07,1.000000e+00,1.043548e-26,2.429603e-04,,,7.933809e-05,6.913763e+00,1.045973e+01,1.165645e+03,1.215587e+04,REFINE_STALLED,REFINE_STALLED,,1,2,2,1,2,2,,,,6.207638e+01,6.439478e-02,6.210242e+01,2.793727e-02,,,1.880356e-13,1.884922e-13,,solution good enough for the tolerances given,solution good enough for the tolerances given,,1.880356e-13,1.884922e-13,,6.207638e+01,4.415410e-14,6.210242e+01,4.426415e-14,,,6.438779e-02,2.793442e-02,,3.162336e-05,1.414214e+00,2.990892e-05,1.542561e-05,4.564295e+03,0.000000e+00,false
4,1.000000e+17,1,6,CONTINUE,4.594113e-05,4.034494e-05,1.000000e-09,4.594113e-06,2.220578e-14,NaN,1.292177e-07,1.000000e+00,1.368047e-27,2.429655e-04,,,7.933804e-05,1.880313e+01,1.045973e+01,1.165645e+03,1.215587e+04,REFINE_STALLED,REFINE_STALLED,,1,2,2,1,2,2,,,,1.964179e+02,6.440434e-02,1.964441e+02,2.793366e-02,,,1.882319e-13,1.883763e-13,,solution good enough for the tolerances given,solution good enough for the tolerances given,,1.882319e-13,1.883763e-13,,1.964179e+02,4.420169e-14,1.964441e+02,4.423650e-14,,,6.440214e-02,2.793276e-02,,3.162296e-05,1.414214e+00,2.990892e-05,1.542561e-05,4.564295e+03,0.000000e+00,false
4,3.162000e+17,1,6,CONTINUE,4.594113e-05,4.034465e-05,1.000000e-09,4.594113e-06,2.220578e-14,5.120755e-73,4.086828e-08,1.000000e+00,5.226973e-26,2.429637e-04,,,7.933803e-05,5.840102e+01,1.045974e+01,1.165645e+03,1.215587e+04,REFINE_STALLED,REFINE_STALLED,,1,2,2,1,2,2,,,,6.211713e+02,6.440737e-02,6.211981e+02,2.793287e-02,,,1.882940e-13,1.883396e-13,,solution good enough for the tolerances given,solution good enough for the tolerances given,,1.882940e-13,1.883396e-13,,6.211713e+02,4.421673e-14,6.211981e+02,4.422774e-14,,,6.440666e-02,2.793257e-02,,3.162283e-05,1.414214e+00,2.990892e-05,1.542561e-05,4.564295e+03,0.000000e+00,false
4,1.000000e+18,1,6,CONTINUE,4.594113e-05,4.034407e-05,1.000000e-09,4.594113e-06,2.220578e-14,6.854078e-75,1.292248e-08,1.000000e+00,1.604946e-25,2.429317e-04,,,7.933803e-05,1.843555e+02,1.045982e+01,1.165645e+03,1.215587e+04,REFINE_STALLED,REFINE_STALLED,,1,2,2,1,2,2,,,,1.964586e+03,6.440838e-02,1.964614e+03,2.793378e-02,,,1.883136e-13,1.883280e-13,,solution good enough for the tolerances given,solution good enough for the tolerances given,,1.883136e-13,1.883280e-13,,1.964586e+03,4.422148e-14,1.964614e+03,4.422498e-14,,,6.440811e-02,2.793367e-02,,3.162280e-05,1.414214e+00,2.990892e-05,1.542561e-05,4.564295e+03,0.000000e+00,false
5,1.000000e+00,0,12,CONTINUE,5.502462e-07,1.650943e-08,1.000000e-09,5.502462e-08,2.220448e-14,1.660886e-06,1.463787e+05,3.209087e-01,8.256545e-02,9.700432e-01,,,1.485980e-05,6.013106e-04,1.045840e+01,9.740860e+04,1.008772e+06,REACHED_FORCE,REACHED_FORCE,,6,0,0,6,0,0,,,,9.036804e-09,NaN,5.390538e-09,NaN,,,2.391893e-04,1.372280e-04,,solution good enough for the tolerances given,solution good enough for the tolerances given,,5.733000e-08,2.413198e-08,,2.779554e-15,9.036804e-09,1.720134e-15,5.390538e-09,,,9.036804e-09,5.390538e-09,,1.459259e+00,1.004377e+03,4.471466e-07,1.847579e-07,4.009063e+05,0.000000e+00,false
5,3.162000e+00,0,10,CONTINUE,5.502462e-07,1.650540e-08,1.000000e-09,5.502462e-08,2.220448e-14,6.563037e-07,1.393728e+05,8.498727e-01,2.923743e-05,9.700510e-01,,,1.490587e-05,6.013112e-04,1.045840e+01,9.740860e+04,1.008772e+06,REACHED_FORCE,REACHED_FORCE,,5,0,0,5,0,0,,,,9.671888e-09,NaN,1.105931e-09,NaN,,,1.006586e-04,5.774452e-05,,solution good enough for the tolerances given,solution good enough for the tolerances given,,4.092351e-08,1.044358e-08,,2.343331e-15,9.671888e-09,8.885460e-16,1.105931e-09,,,9.671888e-09,1.105931e-09,,9.781328e-01,5.648288e+02,4.471466e-07,1.847579e-07,4.009063e+05,0.000000e+00,false
5,1.000000e+01,0,8,CONTINUE,5.502462e-07,1.652651e-08,1.000000e-09,5.502462e-08,2.220448e-14,7.378275e-14,5.008225e+04,9.039006e-01,6.644944e-05,9.700125e-01,,,1.490479e-05,6.013125e-04,1.045840e+01,9.740860e+04,1.008772e+06,REACHED_FORCE,REACHED_FORCE,,4,0,0,4,0,0,,,,2.753797e-09,NaN,1.490030e-09,NaN,,,3.581766e-05,2.054028e-05,,solution good enough for the tolerances given,solution good enough for the tolerances given,,2.049136e-08,1.087361e-08,,5.662385e-16,2.753797e-09,2.620071e-16,1.490030e-09,,,2.753797e-09,1.490030e-09,,6.344812e-01,3.176148e+02,4.471466e-07,1.847579e-07,4.009063e+05,0.000000e+00,false
5,3.162000e+01,0,6,CONTINUE,5.502462e-07,1.651611e-08,1.000000e-09,5.502462e-08,2.220448e-14,3.032545e-21,8.843460e+03,8.924871e-01,2.100829e-04,9.700313e-01,,,1.490335e-05,6.013183e-04,1.045840e+01,9.740860e+04,1.008772e+06,REACHED_FORCE,REACHED_FORCE,,3,0,0,3,0,0,,,,3.079594e-09,NaN,1.664241e-09,NaN,,,1.182855e-05,6.781387e-06,,solution good enough for the tolerances given,solution good enough for the tolerances given,,2.118553e-08,1.134623e-08,,1.565410e-16,3.079594e-09,1.139162e-16,1.664241e-09,,,3.079594e-09,1.664241e-09,,3.711432e-01,1.786196e+02,4.471466e-07,1.847579e-07,4.009063e+05,0.000000e+00,false
5,1.000000e+02,0,4,CONTINUE,5.502462e-07,1.652221e-08,1.000000e-09,5.502462e-08,2.220448e-14,1.403406e-22,1.544273e+03,9.371039e-01,6.640972e-04,9.700203e-01,,,1.490086e-05,6.013300e-04,1.045839e+01,9.740860e+04,1.008772e+06,REACHED_FORCE,REACHED_FORCE,,2,0,0,2,0,0,,,,4.643495e-09,NaN,2.557072e-09,NaN,,,3.795721e-06,2.175932e-06,,solution good enough for the tolerances given,solution good enough for the tolerances given,,2.952977e-08,1.609679e-08,,9.113292e-17,4.643495e-09,9.113292e-17,2.557072e-09,,,4.643495e-09,2.557072e-09,,2.099458e-01,1.004476e+02,4.471466e-07,1.847579e-07,4.009063e+05,0.000000e+00,false
5,3.162000e+02,0,4,CONTINUE,5.502462e-07,1.652154e-08,1.000000e-09,5.502462e-08,2.220448e-14,8.412944e-30,9.189238e+02,9.678796e-01,2.096865e-03,9.700215e-01,,,1.490418e-05,6.016030e-04,1.045839e+01,9.740860e+04,1.008772e+06,REACHED_FORCE,REACHED_FORCE,,2,0,0,2,0,0,,,,2.008304e-09,NaN,1.077081e-09,NaN,,,1.206328e-06,6.914606e-07,,solution good enough for the tolerances given,solution good enough for the tolerances given,,1.955254e-08,1.038686e-08,,9.113292e-17,2.008304e-09,6.834969e-17,1.077081e-09,,,2.008304e-09,1.077081e-09,,1.182926e-01,5.650041e+01,4.471466e-07,1.847579e-07,4.009063e+05,0.000000e+00,false
5,1.000000e+03,0,4,CONTINUE,5.502462e-07,1.649609e-08,1.000000e-09,5.502462e-08,2.220448e-14,3.090741e-31,2.061885e+02,7.213201e-01,6.601516e-03,9.700678e-01,,,1.490541e-05,6.042019e-04,1.045839e+01,9.740860e+04,1.008772e+06,REACHED_FORCE,REACHED_FORCE,,2,0,0,2,0,0,,,,1.880366e-09,NaN,9.931719e-10,NaN,,,3.824659e-07,2.191827e-07,,solution good enough for the tolerances given,solution good enough for the tolerances given,,1.921415e-08,1.019922e-08,,6.834969e-17,1.880366e-09,7.974131e-17,9.931719e-10,,,1.880366e-09,9.931719e-10,,6.655839e-02,3.179263e+01,4.471466e-07,1.847579e-07,4.009063e+05,0.000000e+00,false
5,3.162000e+03,0,4,CONTINUE,5.502462e-07,1.650215e-08,1.000000e-09,5.502462e-08,2.220448e-14,2.630110e-35,2.039293e+02,2.315475e-02,2.058026e-02,9.700564e-01,,,1.490815e-05,6.287309e-04,1.045838e+01,9.740860e+04,1.008772e+06,REACHED_FORCE,REACHED_FORCE,,2,0,0,2,0,0,,,,2.078628e-09,NaN,1.087953e-09,NaN,,,1.223461e-07,7.000206e-08,,solution good enough for the tolerances given,solution good enough for the tolerances given,,1.872778e-08,9.929041e-09,,6.834969e-17,2.078628e-09,9.113292e-17,1.087953e-09,,,2.078628e-09,1.087953e-09,,3.743740e-02,1.791730e+01,4.471466e-07,1.847579e-07,4.009063e+05,0.000000e+00,false
5,1.000000e+04,0,2,CONTINUE,5.502462e-07,1.650082e-08,1.000000e-09,5.502462e-08,2.220448e-14,9.565001e-35,2.032656e+02,1.541579e-05,6.231292e-02,9.700588e-01,,,1.484629e-05,6.613982e-04,1.045837e+01,9.740860e+04,1.008772e+06,REACHED_FORCE,REACHED_FORCE,,1,0,0,1,0,0,,,,6.171811e-09,NaN,3.441274e-09,NaN,,,4.224616e-08,2.390345e-08,,solution good enough for the tolerances given,solution good enough for the tolerances given,,4.224616e-08,2.390345e-08,,1.366994e-16,6.171811e-09,5.695808e-17,3.441274e-09,,,6.171811e-09,3.441274e-09,,2.105296e-02,1.014284e+01,4.471466e-07,1.847579e-07,4.009063e+05,0.000000e+00,true
5,3.162000e+04,0,2,CONTINUE,5.502462e-07,1.644073e-08,1.000000e-09,5.502462e-08,2.220448e-14,5.426826e-35,2.030543e+02,5.495829e-06,1.736405e-01,9.701673e-01,,,1.488670e-05,9.581053e-04,1.045831e+01,9.740860e+04,1.008772e+06,REACHED_FORCE,REACHED_FORCE,,1,0,0,1,0,0,,,,2.823445e-09,NaN,1.551070e-09,NaN,,,1.957975e-08,1.072631e-08,,solution good enough for the tolerances given,solution good enough for the tolerances given,,1.957975e-08,1.072631e-08,,7.974131e-17,2.823445e-09,4.556646e-17,1.551070e-09,,,2.823445e-09,1.551070e-09,,1.183970e-02,5.822625e+00,4.471466e-07,1.847579e-07,4.009063e+05,0.000000e+00,false
5,1.000000e+05,0,2,CONTINUE,5.502462e-07,1.638729e-08,1.000000e-09,5.502462e-08,2.220448e-14,8.861746e-35,1.063252e+01,3.951559e-03,3.992329e-01,9.702630e-01,,,1.490049e-05,1.729546e-03,1.045822e+01,9.740860e+04,1.008772e+06,REACHED_FORCE,REACHED_FORCE,,1,0,0,1,0,0,,,,1.405245e-09,NaN,7.633482e-10,NaN,,,1.125041e-08,6.046311e-09,,solution good enough for the tolerances given,solution good enough for the tolerances given,,1.125041e-08,6.046311e-09,,1.139162e-16,1.405245e-09,1.594826e-16,7.633482e-10,,,1.405245e-09,7.633482e-10,,6.657699e-03,3.476739e+00,4.471466e-07,1.847579e-07,4.009063e+05,0.000000e+00,false
5,3.162000e+05,0,2,CONTINUE,5.502462e-07,1.630321e-08,1.000000e-09,5.502462e-08,2.220448e-14,2.252695e-35,9.412421e+00,3.732810e-01,6.775515e-01,9.704144e-01,,,1.490579e-05,2.648080e-03,1.045811e+01,9.740860e+04,1.008772e+06,REACHED_FORCE,REACHED_FORCE,,1,0,0,1,0,0,,,,6.213401e-10,NaN,3.359867e-10,NaN,,,5.453664e-09,2.921299e-09,,solution good enough for the tolerances given,solution good enough for the tolerances given,,5.453664e-09,2.921299e-09,,1.366994e-16,6.213401e-10,1.366994e-16,3.359867e-10,,,6.213401e-10,3.359867e-10,,3.744071e-03,2.278222e+00,4.471466e-07,1.847579e-07,4.009063e+05,0.000000e+00,false
5,1.000000e+06,0,2,CONTINUE,5.502462e-07,1.623918e-08,1.000000e-09,5.502462e-08,2.220448e-14,4.625668e-36,9.386194e+00,9.210134e-01,4.593370e-02,9.705296e-01,,,1.490786e-05,3.227415e-03,1.045804e+01,9.740860e+04,1.008772e+06,REACHED_FORCE,REACHED_FORCE,,1,0,0,1,0,0,,,,2.310266e-10,NaN,1.247711e-10,NaN,,,2.101730e-09,1.125752e-09,,solution good enough for the tolerances given,solution good enough for the tolerances given,,2.101730e-09,1.125752e-09,,2.847904e-16,2.310266e-10,4.784478e-16,1.247711e-10,,,2.310266e-10,1.247711e-10,,2.105355e-03,1.734581e+00,4.471466e-07,1.847579e-07,4.009063e+05,0.000000e+00,false
5,3.162000e+06,0,2,CONTINUE,5.502462e-07,1.622234e-08,1.000000e-09,5.502462e-08,2.220448e-14,1.339469e-36,8.183259e+00,9.817800e-01,4.741051e-12,9.705604e-01,,,1.490859e-05,3.471527e-03,1.045802e+01,9.740860e+04,1.008772e+06,REACHED_FORCE,REACHED_FORCE,,1,0,0,1,0,0,,,,7.764203e-11,NaN,4.191901e-11,NaN,,,7.149174e-10,3.829919e-10,,solution good enough for the tolerances given,solution good enough for the tolerances given,,7.149174e-10,3.829919e-10,,9.113292e-16,7.764203e-11,8.657628e-16,4.191901e-11,,,7.764203e-11,4.191901e-11,,1.183980e-03,1.522836e+00,4.471466e-07,1.847579e-07,4.009063e+05,0.000000e+00,false
5,1.000000e+07,0,2,CONTINUE,5.502462e-07,1.620958e-08,1.000000e-09,5.502462e-08,2.220448e-14,1.572183e-37,7.175990e+00,9.971573e-01,8.415320e-16,9.705810e-01,,,1.490887e-05,3.557029e-03,1.045801e+01,9.740860e+04,1.008772e+06,REACHED_FORCE,REACHED_FORCE,,1,0,0,1,0,0,,,,2.505655e-11,NaN,1.352691e-11,NaN,,,2.316181e-10,1.240908e-10,,solution good enough for the tolerances given,solution good enough for the tolerances given,,2.316181e-10,1.240908e-10,,3.212435e-15,2.505655e-11,2.027708e-15,1.352691e-11,,,2.505655e-11,1.352691e-11,,6.657717e-04,1.449440e+00,4.471466e-07,1.847579e-07,4.009063e+05,0.000000e+00,false
5,3.162000e+07,0,2,CONTINUE,5.502462e-07,1.621843e-08,1.000000e-09,5.502462e-08,2.220448e-14,6.442361e-39,7.175974e+00,9.999114e-01,5.234302e-23,9.705643e-01,,,1.490896e-05,3.584986e-03,1.045800e+01,9.740860e+04,1.008772e+06,REACHED_FORCE,REACHED_FORCE,,1,0,0,1,0,0,,,,7.976581e-12,NaN,4.306086e-12,NaN,,,7.382552e-11,3.955353e-11,,solution good enough for the tolerances given,solution good enough for the tolerances given,,7.382552e-11,3.955353e-11,,7.860214e-15,7.976581e-12,9.113292e-15,4.306086e-12,,,7.976581e-12,4.306086e-12,,3.744074e-04,1.425448e+00,4.471466e-07,1.847579e-07,4.009063e+05,0.000000e+00,false
5,1.000000e+08,0,2,CONTINUE,5.502462e-07,1.622638e-08,1.000000e-09,5.502462e-08,2.220448e-14,1.851570e-40,7.175974e+00,8.190570e-03,1.712812e-26,9.705529e-01,,,1.490894e-05,3.593915e-03,1.045800e+01,9.740860e+04,1.008772e+06,REACHED_FORCE,REACHED_FORCE,,1,0,0,1,0,0,,,,2.527480e-12,NaN,1.364420e-12,NaN,,,2.340176e-11,1.253799e-11,,solution good enough for the tolerances given,solution good enough for the tolerances given,,2.340176e-11,1.253799e-11,,3.066623e-14,2.527480e-12,3.101937e-14,1.364420e-12,,,2.527480e-12,1.364420e-12,,2.105355e-04,1.417776e+00,4.471466e-07,1.847579e-07,4.009063e+05,0.000000e+00,false
5,3.162000e+08,0,2,CONTINUE,5.502462e-07,1.622018e-08,1.000000e-09,5.502462e-08,2.220448e-14,7.072725e-41,7.175986e+00,1.861800e-04,1.123206e-25,9.705611e-01,,,1.490899e-05,3.596759e-03,1.045800e+01,9.740860e+04,1.008772e+06,REACHED_FORCE,REACHED_FORCE,,1,0,0,1,0,0,,,,7.998586e-13,NaN,4.317909e-13,NaN,,,7.406767e-12,3.968370e-12,,solution good enough for the tolerances given,solution good enough for the tolerances given,,7.406767e-12,3.968370e-12,,7.079889e-14,7.998586e-13,9.059752e-14,4.317909e-13,,,7.998586e-13,4.317909e-13,,1.183980e-04,1.415341e+00,4.471466e-07,1.847579e-07,4.009063e+05,0.000000e+00,false
5,1.000000e+09,0,2,CONTINUE,5.502462e-07,1.620907e-08,1.000000e-09,5.502462e-08,2.220448e-14,3.399099e-42,7.176068e+00,4.611342e-05,1.142085e-27,9.705814e-01,,,1.490899e-05,3.597656e-03,1.045800e+01,9.740860e+04,1.008772e+06,REACHED_FORCE,REACHED_FORCE,,1,0,0,1,0,0,,,,3.404726e-13,NaN,3.308353e-13,NaN,,,2.342604e-12,1.255112e-12,,solution good enough for the tolerances given,solution good enough for the tolerances given,,2.342604e-12,1.255112e-12,,3.404726e-13,2.529668e-13,3.308353e-13,1.365593e-13,,,3.404726e-13,3.308353e-13,,6.657718e-05,1.414570e+00,4.471466e-07,1.847579e-07,4.009063e+05,0.000000e+00,false
5,3.162000e+09,0,2,CONTINUE,5.502462e-07,1.622824e-08,1.000000e-09,5.502462e-08,2.220448e-14,1.513771e-42,7.173052e+00,6.854911e-02,7.023010e-24,9.705466e-01,,,1.490899e-05,3.597940e-03,1.045800e+01,9.740860e+04,1.008772e+06,REACHED_FORCE,REACHED_FORCE,,1,0,0,1,0,0,,,,8.693625e-13,NaN,9.543667e-13,NaN,,,7.409198e-13,3.969676e-13,,solution good enough for the tolerances given,solution good enough for the tolerances given,,7.409198e-13,3.969676e-13,,8.693625e-13,8.000593e-14,9.543667e-13,4.318895e-14,,,8.693625e-13,9.543667e-13,,3.744074e-05,1.414326e+00,4.471466e-07,1.847579e-07,4.009063e+05,0.000000e+00,false
5,1.000000e+10,0,2,CONTINUE,5.502462e-07,1.622161e-08,1.000000e-09,5.502462e-08,2.220448e-14,4.675611e-45,7.053627e+00,9.594129e-01,1.632031e-24,9.705585e-01,,,1.490899e-05,3.598030e-03,1.045800e+01,9.740860e+04,1.008772e+06,REACHED_FORCE,REACHED_FORCE,,1,0,0,1,0,0,,,,2.393242e-12,NaN,2.586933e-12,NaN,,,2.342847e-13,1.255243e-13,,solution good enough for the tolerances given,solution good enough for the tolerances given,,2.342847e-13,1.255243e-13,,2.393242e-12,2.529687e-14,2.586933e-12,1.365509e-14,,,2.393242e-12,2.586933e-12,,2.105357e-05,1.414249e+00,4.471466e-07,1.847579e-07,4.009063e+05,0.000000e+00,false
5,3.162000e+10,0,2,CONTINUE,5.502462e-07,1.621116e-08,1.000000e-09,5.502462e-08,2.220448e-14,4.425572e-44,NaN,9.999980e-01,3.185804e-24,9.705769e-01,,,1.490899e-05,3.598059e-03,1.045800e+01,9.740860e+04,1.008772e+06,REACHED_FORCE,REACHED_FORCE,,1,0,0,1,0,0,,,,9.088003e-12,NaN,1.102182e-11,NaN,,,7.409442e-14,3.969808e-14,,solution good enough for the tolerances given,solution good enough for the tolerances given,,7.409442e-14,3.969808e-14,,9.088003e-12,7.998785e-15,1.102182e-11,4.316985e-15,,,9.088003e-12,1.102182e-11,,1.183979e-05,1.414225e+00,4.471466e-07,1.847579e-07,4.009063e+05,0.000000e+00,false
5,1.000000e+11,0,2,CONTINUE,5.502462e-07,1.622406e-08,1.000000e-09,5.502462e-08,2.220448e-14,NaN,NaN,9.999993e-01,3.207639e-24,9.705512e-01,,,1.490899e-05,3.598072e-03,1.045800e+01,9.740860e+04,1.008772e+06,REACHED_FORCE,REACHED_FORCE,,1,0,0,1,0,0,,,,3.307142e-11,NaN,3.339441e-11,NaN,,,2.342873e-14,1.255259e-14,,solution good enough for the tolerances given,solution good enough for the tolerances given,,2.342873e-14,1.255259e-14,,3.307142e-11,2.529510e-15,3.339441e-11,1.366453e-15,,,3.307142e-11,3.339441e-11,,6.657733e-06,1.414217e+00,4.471466e-07,1.847579e-07,4.009063e+05,0.000000e+00,false
5,3.162000e+11,0,2,CONTINUE,5.502462e-07,1.622430e-08,1.000000e-09,5.502462e-08,2.220448e-14,NaN,NaN,9.999415e-01,1.329904e-23,9.705474e-01,,,1.490900e-05,3.598115e-03,1.045800e+01,9.740860e+04,1.008772e+06,REACHED_FORCE,REACHED_FORCE,,1,0,0,1,0,0,,,,8.832059e-11,NaN,9.638940e-11,NaN,,,7.409521e-15,3.969919e-15,,solution good enough for the tolerances given,solution good enough for the tolerances given,,7.409521e-15,3.969919e-15,,8.832059e-11,8.015143e-16,9.638940e-11,4.336902e-16,,,8.832059e-11,9.638940e-11,,3.744090e-06,1.414215e+00,4.471466e-07,1.847579e-07,4.009063e+05,0.000000e+00,false
5,1.000000e+12,0,2,CONTINUE,5.502462e-07,1.626756e-08,1.000000e-09,5.502462e-08,2.220448e-14,5.043003e-48,NaN,2.325376e-04,2.638920e-22,9.704691e-01,,,1.490901e-05,3.598525e-03,1.045800e+01,9.740860e+04,1.008772e+06,REACHED_FORCE,REACHED_FORCE,,1,0,0,1,0,0,,,,2.916083e-10,NaN,3.137984e-10,NaN,,,2.343047e-15,1.255584e-15,,solution good enough for the tolerances given,solution good enough for the tolerances given,,2.343047e-15,1.255584e-15,,2.916083e-10,2.549816e-16,3.137984e-10,1.386757e-16,,,2.916083e-10,3.137984e-10,,2.105275e-06,1.414214e+00,4.471466e-07,1.847579e-07,4.009063e+05,0.000000e+00,false
5,3.162000e+12,0,2,CONTINUE,5.502462e-07,1.623192e-08,1.000000e-09,5.502462e-08,2.220448e-14,NaN,NaN,3.376059e-02,2.731700e-24,9.704774e-01,,,1.490896e-05,3.602592e-03,1.045800e+01,9.740860e+04,1.008772e+06,REACHED_FORCE,REACHED_FORCE,,1,0,0,1,0,0,,,,1.123693e-09,NaN,1.276125e-09,NaN,,,7.414966e-16,3.980050e-16,,solution good enough for the tolerances given,solution good enough for the tolerances given,,7.414966e-16,3.980050e-16,,1.123693e-09,8.218157e-17,1.276125e-09,4.539842e-17,,,1.123693e-09,1.276125e-09,,1.183944e-06,1.414214e+00,4.471466e-07,1.847579e-07,4.009063e+05,0.000000e+00,false
5,1.000000e+13,0,2,CONTINUE,5.502462e-07,1.639172e-08,1.000000e-09,5.502462e-08,2.220448e-14,9.118608e-49,NaN,1.012876e-07,2.846273e-22,9.702300e-01,,,1.490893e-05,3.643041e-03,1.045800e+01,9.740860e+04,1.008772e+06,REACHED_FORCE,REACHED_FORCE,,1,0,0,1,0,0,,,,3.656689e-09,NaN,2.425861e-09,NaN,,,2.360177e-16,1.287279e-16,,solution good enough for the tolerances given,solution good enough for the tolerances given,,2.360177e-16,1.287279e-16,,3.656689e-09,2.752794e-17,2.425861e-09,1.589711e-17,,,3.656689e-09,2.425861e-09,,6.662085e-07,1.414214e+00,4.471466e-07,1.847579e-07,4.009063e+05,0.000000e+00,false
5,3.162000e+13,0,2,CONTINUE,5.502462e-07,2.115500e-08,1.000000e-09,5.502462e-08,2.220448e-14,1.873466e-51,NaN,3.149945e-06,2.913885e-21,9.609122e-01,,,1.490521e-05,4.024402e-03,1.045801e+01,9.740860e+04,1.008772e+06,REACHED_FORCE,REACHED_FORCE,,1,0,0,1,0,0,,,,7.165453e-09,NaN,9.489766e-09,NaN,,,7.939741e-17,4.886666e-17,,solution good enough for the tolerances given,solution good enough for the tolerances given,,7.939741e-17,4.886666e-17,,7.165453e-09,1.024836e-17,9.489766e-09,6.567999e-18,,,7.165453e-09,9.489766e-09,,3.743487e-07,1.414214e+00,4.471466e-07,1.847579e-07,4.009063e+05,0.000000e+00,false
5,1.000000e+14,0,2,CONTINUE,5.502462e-07,5.327158e-08,1.000000e-09,5.502462e-08,2.220448e-14,1.997452e-52,NaN,1.483880e-03,1.961203e-21,9.016280e-01,,,1.489714e-05,6.743045e-03,1.045806e+01,9.740860e+04,1.008772e+06,REACHED_FORCE,REACHED_FORCE,,1,0,0,1,0,0,,,,2.790061e-08,NaN,2.398620e-08,NaN,,,3.691374e-17,3.115079e-17,,solution good enough for the tolerances given,solution good enough for the tolerances given,,3.691374e-17,3.115079e-17,,2.790061e-08,4.782772e-18,2.398620e-08,3.616513e-18,,,2.790061e-08,2.398620e-08,,2.104997e-07,1.414214e+00,4.471466e-07,1.847579e-07,4.009063e+05,0.000000e+00,false
5,3.162000e+14,0,4,CONTINUE,5.502462e-07,1.732162e-08,1.000000e-09,5.502462e-08,2.220448e-14,4.956775e-53,-1.000000e+00,1.029294e-02,6.339217e-22,9.680206e-01,,,1.490902e-05,3.625802e-02,1.045806e+01,9.740860e+04,1.008772e+06,REACHED_FORCE,REACHED_FORCE,,1,1,1,1,1,1,,,,8.257738e-08,5.005663e-09,8.720384e-08,4.884051e-09,,,2.947224e-17,2.880050e-17,,solution good enough for the tolerances given,solution good enough for the tolerances given,,2.947224e-17,2.880050e-17,,8.257738e-08,3.055248e-18,8.720384e-08,2.687212e-18,,,5.005663e-09,4.884051e-09,,1.146147e-07,1.414214e+00,4.471466e-07,1.847579e-07,4.009063e+05,0.000000e+00,false
5,1.000000e+15,0,6,CONTINUE,5.502462e-07,2.212576e-08,1.000000e-09,5.502462e-08,2.220448e-14,7.213646e-64,NaN,4.727029e-02,3.043990e-21,9.596377e-01,,,1.490948e-05,1.711915e-01,1.045930e+01,9.740860e+04,1.008772e+06,REACHED_FORCE,REACHED_FORCE,,1,2,2,1,2,2,,,,2.850008e-07,6.310921e-08,2.042036e-07,8.299600e-08,,,2.862169e-17,2.855317e-17,,solution good enough for the tolerances given,solution good enough for the tolerances given,,2.862169e-17,2.855317e-17,,2.850008e-07,2.507959e-18,2.042036e-07,2.391598e-18,,,7.310935e-09,5.678553e-09,,6.465315e-08,1.414214e+00,4.471466e-07,1.847579e-07,4.009063e+05,0.000000e+00,false
5,3.162000e+15,1,4,CONTINUE,5.502462e-07,4.944306e-07,1.000000e-09,5.502462e-08,2.220448e-14,NaN,3.519699e-06,1.000000e+00,5.878095e-27,1.327603e-06,,,1.647878e-06,6.662865e+00,1.045877e+01,9.740860e+04,1.008772e+06,REFINE_STALLED,REFINE_STALLED,,1,1,1,1,1,1,,,,1.129571e-01,6.263157e-02,1.620961e-01,1.444742e-01,,,3.184834e-15,6.309313e-16,,solution good enough for the tolerances given,solution good enough for the tolerances given,,3.184834e-15,6.309313e-16,,1.129571e-01,6.802408e-16,1.620961e-01,1.797125e-16,,,6.263157e-02,1.444742e-01,,3.208595e-05,1.414214e+00,4.471466e-07,1.847579e-07,4.009063e+05,0.000000e+00,false
5,1.000000e+16,1,5,CONTINUE,5.502462e-07,4.956977e-07,1.000000e-09,5.502462e-08,2.220448e-14,NaN,1.224553e-06,9.999992e-01,3.344197e-25,1.281386e-06,,,6.851551e-07,6.885278e+00,1.045877e+01,9.740860e+04,1.008772e+06,REFINE_STALLED,REFINE_STALLED,,1,2,2,1,1,1,,,,2.765432e-01,7.096568e-02,2.552690e-01,1.687881e-01,,,1.145251e-15,2.882139e-16,,solution good enough for the tolerances given,solution good enough for the tolerances given,,1.145251e-15,2.882139e-16,,2.765432e-01,1.918862e-16,2.552690e-01,1.089269e-16,,,6.875196e-02,1.687881e-01,,3.177430e-05,1.414214e+00,4.471466e-07,1.847579e-07,4.009063e+05,0.000000e+00,false
5,3.162000e+16,1,6,CONTINUE,5.502462e-07,4.964981e-07,1.000000e-09,5.502462e-08,2.220448e-14,NaN,4.014126e-07,1.000000e+00,1.265516e-25,1.296519e-06,,,4.922219e-07,8.493551e+00,1.045877e+01,9.740860e+04,1.008772e+06,REFINE_STALLED,REFINE_STALLED,,1,2,2,1,2,2,,,,7.839888e-01,7.414421e-02,7.598383e-01,1.774332e-01,,,4.989589e-16,2.470837e-16,,solution good enough for the tolerances given,solution good enough for the tolerances given,,4.989589e-16,2.470837e-16,,7.839888e-01,6.102024e-17,7.598383e-01,7.374348e-17,,,7.337227e-02,1.751675e-01,,3.167123e-05,1.414214e+00,4.471466e-07,1.847579e-07,4.009063e+05,0.000000e+00,false
5,1.000000e+17,1,6,CONTINUE,5.502462e-07,4.968613e-07,1.000000e-09,5.502462e-08,2.220448e-14,3.845436e-74,1.285134e-07,1.000000e+00,1.605448e-26,1.298463e-06,,,4.248335e-07,1.830402e+01,1.045877e+01,9.740860e+04,1.008772e+06,REFINE_STALLED,REFINE_STALLED,,1,2,2,1,2,2,,,,2.385336e+00,7.521698e-02,2.360136e+00,1.801943e-01,,,3.332250e-16,2.670189e-16,,solution good enough for the tolerances given,solution good enough for the tolerances given,,3.332250e-16,2.670189e-16,,2.385336e+00,4.186758e-17,2.360136e+00,5.806411e-17,,,7.496495e-02,1.794545e-01,,3.163815e-05,1.414214e+00,4.471466e-07,1.847579e-07,4.009063e+05,0.000000e+00,false
5,3.162000e+17,1,6,CONTINUE,5.502462e-07,4.969830e-07,1.000000e-09,5.502462e-08,2.220448e-14,1.117251e-51,4.079536e-08,1.000000e+00,7.873313e-27,1.299468e-06,,,4.173437e-07,5.450373e+01,1.045877e+01,9.740860e+04,1.008772e+06,REFINE_STALLED,REFINE_STALLED,,1,2,2,1,2,2,,,,7.447207e+00,7.556340e-02,7.421649e+00,1.810679e-01,,,2.969274e-16,2.784629e-16,,solution good enough for the tolerances given,solution good enough for the tolerances given,,2.969274e-16,2.784629e-16,,7.447207e+00,4.214481e-17,7.421649e+00,5.258756e-17,,,7.548289e-02,1.808316e-01,,3.162764e-05,1.414214e+00,4.471466e-07,1.847579e-07,4.009063e+05,0.000000e+00,false
5,1.000000e+18,1,6,CONTINUE,5.502462e-07,4.970212e-07,1.000000e-09,5.502462e-08,2.220448e-14,4.907777e-54,1.291507e-08,1.000000e+00,5.823160e-26,1.299867e-06,,,4.165822e-07,1.712750e+02,1.045877e+01,9.740860e+04,1.008772e+06,REFINE_STALLED,REFINE_STALLED,,1,2,2,1,2,2,,,,2.345652e+01,7.567374e-02,2.343084e+01,1.813439e-01,,,2.881590e-16,2.826123e-16,,solution good enough for the tolerances given,solution good enough for the tolerances given,,2.881590e-16,2.826123e-16,,2.345652e+01,4.749166e-17,2.343084e+01,5.080107e-17,,,7.564818e-02,1.812690e-01,,3.162432e-05,1.414214e+00,4.471466e-07,1.847579e-07,4.009063e+05,0.000000e+00,false
6,1.000000e+00,0,14,CONTINUE,1.650082e-08,7.878072e-10,1.000000e-09,1.650082e-09,2.220446e-14,4.343540e-08,3.700270e+06,2.377396e-01,1.493085e-01,9.554600e-01,,,4.726881e-07,2.513193e-04,1.045821e+01,3.245206e+06,3.356743e+07,REACHED_FORCE,REACHED_FORCE,,7,0,0,7,0,0,,,,1.647118e-10,NaN,1.774760e-10,NaN,,,8.083951e-05,3.992958e-05,,solution good enough for the tolerances given,solution good enough for the tolerances given,,8.928932e-10,1.160242e-09,,4.892752e-14,1.647118e-10,2.196303e-14,1.774760e-10,,,1.647118e-10,1.774760e-10,,1.487702e+00,5.793740e+03,2.213451e-08,5.531878e-09,1.373144e+07,0.000000e+00,false
6,3.162000e+00,0,11,CONTINUE,1.650082e-08,7.876239e-10,1.000000e-09,1.650082e-09,2.220446e-14,4.342030e-08,2.709998e+05,2.326389e-01,2.228746e-01,9.554714e-01,,,4.731357e-07,2.513194e-04,1.045821e+01,3.245206e+06,3.356743e+07,REACHED_FORCE,REACHED_FORCE,,6,0,0,5,0,0,,,,5.606595e-11,NaN,1.132232e-10,NaN,,,3.875362e-05,1.870519e-05,,solution good enough for the tolerances given,solution good enough for the tolerances given,,4.420245e-10,6.553711e-10,,1.455848e-14,5.606595e-11,7.871606e-15,1.132232e-10,,,5.606595e-11,1.132232e-10,,1.013401e+00,3.258203e+03,2.213451e-08,5.531878e-09,1.373144e+07,0.000000e+00,false
6,1.000000e+01,0,10,CONTINUE,1.650082e-08,7.875980e-10,1.000000e-09,1.650082e-09,2.220446e-14,3.941281e-08,1.062423e+03,7.933056e-01,1.415613e-05,9.554730e-01,,,4.724324e-07,2.513194e-04,1.045821e+01,3.245206e+06,3.356743e+07,REACHED_FORCE,REACHED_FORCE,,5,0,0,5,0,0,,,,3.909913e-11,NaN,9.403311e-12,NaN,,,1.504093e-05,7.122278e-06,,solution good enough for the tolerances given,solution good enough for the tolerances given,,4.107014e-10,7.580710e-11,,7.803256e-15,3.909913e-11,4.203506e-15,9.403311e-12,,,3.909913e-11,9.403311e-12,,6.636615e-01,1.832142e+03,2.213451e-08,5.531878e-09,1.373144e+07,0.000000e+00,false
6,3.162000e+01,0,8,CONTINUE,1.650082e-08,7.875973e-10,1.000000e-09,1.650082e-09,2.220446e-14,6.750807e-15,1.129195e+02,9.763982e-01,5.491845e-06,9.554729e-01,,,4.724409e-07,2.513194e-04,1.045821e+01,3.245206e+06,3.356743e+07,REACHED_FORCE,REACHED_FORCE,,4,0,0,4,0,0,,,,5.727517e-11,NaN,1.644834e-11,NaN,,,5.185345e-06,2.425879e-06,,solution good enough for the tolerances given,solution good enough for the tolerances given,,4.322428e-10,9.941745e-11,,1.754309e-15,5.727517e-11,1.059420e-15,1.644834e-11,,,5.727517e-11,1.644834e-11,,4.119978e-01,1.030335e+03,2.213451e-08,5.531878e-09,1.373144e+07,0.000000e+00,false
6,1.000000e+02,0,6,CONTINUE,1.650082e-08,7.876085e-10,1.000000e-09,1.650082e-09,2.220446e-14,1.596836e-23,8.146543e+01,4.668268e-01,1.736805e-05,9.554723e-01,,,4.723772e-07,2.513193e-04,1.045821e+01,3.245206e+06,3.356743e+07,REACHED_FORCE,REACHED_FORCE,,3,0,0,3,0,0,,,,9.278512e-11,NaN,2.596200e-11,NaN,,,1.692966e-06,7.875917e-07,,solution good enough for the tolerances given,solution good enough for the tolerances given,,5.672485e-10,1.832231e-10,,7.694430e-16,9.278512e-11,2.620071e-16,2.596200e-11,,,9.278512e-11,2.596200e-11,,2.336837e-01,5.793758e+02,2.213451e-08,5.531878e-09,1.373144e+07,0.000000e+00,false
6,3.162000e+02,0,5,CONTINUE,1.650082e-08,7.877007e-10,1.000000e-09,1.650082e-09,2.220446e-14,1.243861e-23,1.164383e+01,8.669547e-01,5.491573e-05,9.554667e-01,,,4.723628e-07,2.513183e-04,1.045821e+01,3.245206e+06,3.356743e+07,REACHED_FORCE,REACHED_FORCE,,3,0,0,2,0,0,,,,4.494766e-11,NaN,1.149582e-10,NaN,,,5.412506e-07,2.512749e-07,,solution good enough for the tolerances given,solution good enough for the tolerances given,,4.150691e-10,8.598135e-10,,2.506155e-16,4.494766e-11,1.253078e-16,1.149582e-10,,,4.494766e-11,1.149582e-10,,1.317843e-01,3.258233e+02,2.213451e-08,5.531878e-09,1.373144e+07,0.000000e+00,false
6,1.000000e+03,0,4,CONTINUE,1.650082e-08,7.875873e-10,1.000000e-09,1.650082e-09,2.220446e-14,2.129809e-29,1.069238e+01,9.704361e-01,1.736534e-04,9.554736e-01,,,4.724249e-07,2.513201e-04,1.045821e+01,3.245206e+06,3.356743e+07,REACHED_FORCE,REACHED_FORCE,,2,0,0,2,0,0,,,,6.893795e-11,NaN,1.584879e-11,NaN,,,1.717469e-07,7.967812e-08,,solution good enough for the tolerances given,solution good enough for the tolerances given,,4.839247e-10,1.137036e-10,,9.113292e-17,6.893795e-11,9.113292e-17,1.584879e-11,,,6.893795e-11,1.584879e-11,,7.417076e-02,1.832196e+02,2.213451e-08,5.531878e-09,1.373144e+07,0.000000e+00,false
6,3.162000e+03,0,4,CONTINUE,1.650082e-08,7.875836e-10,1.000000e-09,1.650082e-09,2.220446e-14,1.118088e-30,7.594310e+00,1.782983e-01,5.488860e-04,9.554737e-01,,,4.724313e-07,2.513282e-04,1.045821e+01,3.245206e+06,3.356743e+07,REACHED_FORCE,REACHED_FORCE,,2,0,0,2,0,0,,,,3.953542e-11,NaN,7.447647e-12,NaN,,,5.437822e-08,2.522127e-08,,solution good enough for the tolerances given,solution good enough for the tolerances given,,4.098149e-10,7.299676e-11,,6.834969e-17,3.953542e-11,7.974131e-17,7.447647e-12,,,3.953542e-11,7.447647e-12,,4.172293e-02,1.030431e+02,2.213451e-08,5.531878e-09,1.373144e+07,0.000000e+00,false
6,1.000000e+04,0,4,CONTINUE,1.650082e-08,7.875387e-10,1.000000e-09,1.650082e-09,2.220446e-14,8.842484e-35,7.573940e+00,4.756844e-01,1.733824e-03,9.554763e-01,,,4.724330e-07,2.514086e-04,1.045821e+01,3.245206e+06,3.356743e+07,REACHED_FORCE,REACHED_FORCE,,2,0,0,2,0,0,,,,3.815135e-11,NaN,6.610206e-12,NaN,,,1.720487e-08,7.977496e-09,,solution good enough for the tolerances given,solution good enough for the tolerances given,,4.077932e-10,7.222296e-11,,9.113292e-17,3.815135e-11,9.113292e-17,6.610206e-12,,,3.815135e-11,6.610206e-12,,2.346360e-02,5.795466e+01,2.213451e-08,5.531878e-09,1.373144e+07,0.000000e+00,false
6,3.162000e+04,0,4,CONTINUE,1.650082e-08,7.875358e-10,1.000000e-09,1.650082e-09,2.220446e-14,4.644222e-35,7.572034e+00,2.883824e-05,5.461878e-03,9.554760e-01,,,4.724363e-07,2.522063e-04,1.045821e+01,3.245206e+06,3.356743e+07,REACHED_FORCE,REACHED_FORCE,,2,0,0,2,0,0,,,,4.049442e-11,NaN,6.618182e-12,NaN,,,5.455385e-09,2.524048e-09,,solution good enough for the tolerances given,solution good enough for the tolerances given,,4.046866e-10,7.146484e-11,,7.974131e-17,4.049442e-11,9.113292e-17,6.618182e-12,,,4.049442e-11,6.618182e-12,,1.319551e-02,3.261270e+01,2.213451e-08,5.531878e-09,1.373144e+07,0.000000e+00,false
6,1.000000e+05,0,3,CONTINUE,1.650082e-08,7.874977e-10,1.000000e-09,1.650082e-09,2.220446e-14,7.773094e-35,7.571431e+00,8.333543e-06,1.707185e-02,9.554772e-01,,,4.701609e-07,2.620160e-04,1.045820e+01,3.245206e+06,3.356743e+07,REACHED_FORCE,REACHED_FORCE,,2,0,0,1,0,0,,,,4.794405e-11,NaN,1.241127e-10,NaN,,,1.766195e-09,8.008979e-10,,solution good enough for the tolerances given,solution good enough for the tolerances given,,4.009764e-10,8.008979e-10,,9.113292e-17,4.794405e-11,9.113292e-17,1.241127e-10,,,4.794405e-11,1.241127e-10,,7.420120e-03,1.837592e+01,2.213451e-08,5.531878e-09,1.373144e+07,0.000000e+00,false
6,3.162000e+05,0,2,CONTINUE,1.650082e-08,7.873698e-10,1.000000e-09,1.650082e-09,2.220446e-14,5.990477e-35,7.569160e+00,5.414994e-05,5.205969e-02,9.554837e-01,,,4.717091e-07,2.702265e-04,1.045820e+01,3.245206e+06,3.356743e+07,REACHED_FORCE,REACHED_FORCE,,1,0,0,1,0,0,,,,1.036899e-10,NaN,4.327381e-11,NaN,,,6.643692e-10,2.610957e-10,,solution good enough for the tolerances given,solution good enough for the tolerances given,,6.643692e-10,2.610957e-10,,7.974131e-17,1.036899e-10,9.113292e-17,4.327381e-11,,,1.036899e-10,4.327381e-11,,4.172835e-03,1.039994e+01,2.213451e-08,5.531878e-09,1.373144e+07,0.000000e+00,true
6,1.000000e+06,0,2,CONTINUE,1.650082e-08,7.869421e-10,1.000000e-09,1.650082e-09,2.220446e-14,6.399970e-35,5.729718e+00,1.454540e-01,1.479816e-01,9.555044e-01,,,4.721915e-07,3.716744e-04,1.045818e+01,3.245206e+06,3.356743e+07,REACHED_FORCE,REACHED_FORCE,,1,0,0,1,0,0,,,,5.172566e-11,NaN,1.697466e-11,NaN,,,3.737327e-10,9.858951e-11,,solution good enough for the tolerances given,solution good enough for the tolerances given,,3.737327e-10,9.858951e-11,,6.834969e-17,5.172566e-11,1.253078e-16,1.697466e-11,,,5.172566e-11,1.697466e-11,,2.346457e-03,5.963843e+00,2.213451e-08,5.531878e-09,1.373144e+07,0.000000e+00,false
6,3.162000e+06,0,2,CONTINUE,1.650082e-08,7.873679e-10,1.000000e-09,1.650082e-09,2.220446e-14,9.171960e-35,5.449067e+00,3.106601e-02,3.545003e-01,9.554683e-01,,,4.723307e-07,6.654423e-04,1.045814e+01,3.245206e+06,3.356743e+07,REACHED_FORCE,REACHED_FORCE,,1,0,0,1,0,0,,,,2.803933e-11,NaN,7.342356e-12,NaN,,,2.414103e-10,4.756647e-11,,solution good enough for the tolerances given,solution good enough for the tolerances given,,2.414103e-10,4.756647e-11,,1.366994e-16,2.803933e-11,1.594826e-16,7.342356e-12,,,2.803933e-11,7.342356e-12,,1.319568e-03,3.551885e+00,2.213451e-08,5.531878e-09,1.373144e+07,0.000000e+00,false
6,1.000000e+07,0,2,CONTINUE,1.650082e-08,7.895238e-10,1.000000e-09,1.650082e-09,2.220446e-14,7.127583e-35,5.440163e+00,8.976060e-01,2.258197e-02,9.553251e-01,,,4.723616e-07,1.049610e-03,1.045810e+01,3.245206e+06,3.356743e+07,REACHED_FORCE,REACHED_FORCE,,1,0,0,1,0,0,,,,1.317745e-11,NaN,3.020595e-12,NaN,,,1.236560e-10,2.203637e-11,,solution good enough for the tolerances given,solution good enough for the tolerances given,,1.236560e-10,2.203637e-11,,1.594826e-16,1.317745e-11,1.822658e-16,3.020595e-12,,,1.317745e-11,3.020595e-12,,7.420150e-04,2.314464e+00,2.213451e-08,5.531878e-09,1.373144e+07,0.000000e+00,false
6,3.162000e+07,0,2,CONTINUE,1.650082e-08,7.904406e-10,1.000000e-09,1.650082e-09,2.220446e-14,5.707475e-36,5.440135e+00,9.373752e-01,4.665819e-10,9.552617e-01,,,4.723655e-07,1.309012e-03,1.045807e+01,3.245206e+06,3.356743e+07,REACHED_FORCE,REACHED_FORCE,,1,0,0,1,0,0,,,,5.059664e-12,NaN,1.094453e-12,NaN,,,4.898023e-11,8.433964e-12,,solution good enough for the tolerances given,solution good enough for the tolerances given,,4.898023e-11,8.433964e-12,,4.556646e-16,5.059664e-12,4.271856e-16,1.094453e-12,,,5.059664e-12,1.094453e-12,,4.172840e-04,1.749740e+00,2.213451e-08,5.531878e-09,1.373144e+07,0.000000e+00,false
6,1.000000e+08,0,2,CONTINUE,1.650082e-08,7.895101e-10,1.000000e-09,1.650082e-09,2.220446e-14,8.402750e-37,5.440056e+00,9.724560e-01,2.690464e-18,9.553159e-01,,,4.723652e-07,1.422420e-03,1.045806e+01,3.245206e+06,3.356743e+07,REACHED_FORCE,REACHED_FORCE,,1,0,0,1,0,0,,,,1.721942e-12,NaN,3.646950e-13,NaN,,,1.684127e-11,2.865629e-12,,solution good enough for the tolerances given,solution good enough for the tolerances given,,1.684127e-11,2.865629e-12,,1.332819e-15,1.721942e-12,1.355602e-15,3.646950e-13,,,1.721942e-12,3.646950e-13,,2.346458e-04,1.528291e+00,2.213451e-08,5.531878e-09,1.373144e+07,0.000000e+00,false
6,3.162000e+08,0,2,CONTINUE,1.650082e-08,7.911151e-10,1.000000e-09,1.650082e-09,2.220446e-14,6.631645e-38,5.439605e+00,9.437379e-01,2.030354e-25,9.552171e-01,,,4.723650e-07,1.462718e-03,1.045805e+01,3.245206e+06,3.356743e+07,REACHED_FORCE,REACHED_FORCE,,1,0,0,1,0,0,,,,5.582421e-13,NaN,1.174022e-13,NaN,,,5.477811e-12,9.284020e-13,,solution good enough for the tolerances given,solution good enough for the tolerances given,,5.477811e-12,9.284020e-13,,4.089590e-15,5.582421e-13,3.525705e-15,1.174022e-13,,,5.582421e-13,1.174022e-13,,1.319568e-04,1.451261e+00,2.213451e-08,5.531878e-09,1.373144e+07,0.000000e+00,false
6,1.000000e+09,0,2,CONTINUE,1.650082e-08,7.903724e-10,1.000000e-09,1.650082e-09,2.220446e-14,4.663935e-39,5.433218e+00,1.665590e-03,3.319425e-26,9.552622e-01,,,4.723648e-07,1.475961e-03,1.045805e+01,3.245206e+06,3.356743e+07,REACHED_FORCE,REACHED_FORCE,,1,0,0,1,0,0,,,,1.779350e-13,NaN,3.733702e-14,NaN,,,1.747834e-12,2.958578e-13,,solution good enough for the tolerances given,solution good enough for the tolerances given,,1.747834e-12,2.958578e-13,,8.213355e-15,1.779350e-13,8.327271e-15,3.733702e-14,,,1.779350e-13,3.733702e-14,,7.420151e-05,1.426032e+00,2.213451e-08,5.531878e-09,1.373144e+07,0.000000e+00,false
6,3.162000e+09,0,2,CONTINUE,1.650082e-08,7.859224e-10,1.000000e-09,1.650082e-09,2.220446e-14,8.544372e-40,5.436713e+00,4.410939e-08,1.394786e-24,9.555284e-01,,,4.723660e-07,1.480260e-03,1.045805e+01,3.245206e+06,3.356743e+07,REACHED_FORCE,REACHED_FORCE,,1,0,0,1,0,0,,,,5.641621e-14,NaN,5.718021e-14,NaN,,,5.543563e-13,9.378064e-14,,solution good enough for the tolerances given,solution good enough for the tolerances given,,5.543563e-13,9.378064e-14,,3.250028e-14,5.641621e-14,5.718021e-14,1.182829e-14,,,5.641621e-14,5.718021e-14,,4.172840e-05,1.417962e+00,2.213451e-08,5.531878e-09,1.373144e+07,0.000000e+00,false
6,1.000000e+10,0,2,CONTINUE,1.650082e-08,7.854349e-10,1.000000e-09,1.650082e-09,2.220446e-14,8.693769e-41,5.010458e+00,2.112162e-07,2.058016e-26,9.555597e-01,,,4.723656e-07,1.481587e-03,1.045805e+01,3.245206e+06,3.356743e+07,REACHED_FORCE,REACHED_FORCE,,1,0,0,1,0,0,,,,9.983612e-14,NaN,1.260938e-13,NaN,,,1.754475e-13,2.967866e-14,,solution good enough for the tolerances given,solution good enough for the tolerances given,,1.754475e-13,2.967866e-14,,9.983612e-14,1.785287e-14,1.260938e-13,3.742815e-15,,,9.983612e-14,1.260938e-13,,2.346458e-05,1.415400e+00,2.213451e-08,5.531878e-09,1.373144e+07,0.000000e+00,false
6,3.162000e+10,0,2,CONTINUE,1.650082e-08,7.851271e-10,1.000000e-09,1.650082e-09,2.220446e-14,6.977079e-42,2.696750e+00,3.123208e-04,8.129846e-24,9.555782e-01,,,4.723653e-07,1.481997e-03,1.045805e+01,3.245206e+06,3.356743e+07,REACHED_FORCE,REACHED_FORCE,,1,0,0,1,0,0,,,,4.761126e-13,NaN,3.256236e-13,NaN,,,5.550227e-14,9.388862e-15,,solution good enough for the tolerances given,solution good enough for the tolerances given,,5.550227e-14,9.388862e-15,,4.761126e-13,5.647157e-15,3.256236e-13,1.184305e-15,,,4.761126e-13,3.256236e-13,,1.319568e-05,1.414589e+00,2.213451e-08,5.531878e-09,1.373144e+07,0.000000e+00,false
6,1.000000e+11,0,2,CONTINUE,1.650082e-08,7.925803e-10,1.000000e-09,1.650082e-09,2.220446e-14,9.738087e-43,NaN,4.983490e-02,3.615661e-24,9.551238e-01,,,4.723671e-07,1.482215e-03,1.045805e+01,3.245206e+06,3.356743e+07,REACHED_FORCE,REACHED_FORCE,,1,0,0,1,0,0,,,,1.446849e-12,NaN,1.120194e-12,NaN,,,1.755142e-14,2.968189e-15,,solution good enough for the tolerances given,solution good enough for the tolerances given,,1.755142e-14,2.968189e-15,,1.446849e-12,1.785632e-15,1.120194e-12,3.747779e-16,,,1.446849e-12,1.120194e-12,,7.420164e-06,1.414332e+00,2.213451e-08,5.531878e-09,1.373144e+07,0.000000e+00,false
6,3.162000e+11,0,2,CONTINUE,1.650082e-08,7.843863e-10,1.000000e-09,1.650082e-09,2.220446e-14,7.875299e-44,NaN,9.606283e-01,3.352350e-24,9.556321e-01,,,4.723630e-07,1.482082e-03,1.045805e+01,3.245206e+06,3.356743e+07,REACHED_FORCE,REACHED_FORCE,,1,0,0,1,0,0,,,,3.507222e-12,NaN,3.607878e-12,NaN,,,5.550898e-15,9.393133e-16,,solution good enough for the tolerances given,solution good enough for the tolerances given,,5.550898e-15,9.393133e-16,,3.507222e-12,5.650863e-16,3.607878e-12,1.189373e-16,,,3.507222e-12,3.607878e-12,,4.172777e-06,1.414251e+00,2.213451e-08,5.531878e-09,1.373144e+07,0.000000e+00,false
6,1.000000e+12,0,2,CONTINUE,1.650082e-08,7.854292e-10,1.000000e-09,1.650082e-09,2.220446e-14,3.438443e-45,NaN,9.999999e-01,2.038627e-24,9.555316e-01,,,4.723693e-07,1.482349e-03,1.045805e+01,3.245206e+06,3.356743e+07,REACHED_FORCE,REACHED_FORCE,,1,0,0,1,0,0,,,,1.186110e-11,NaN,1.182387e-11,NaN,,,1.755221e-15,2.968812e-16,,solution good enough for the tolerances given,solution good enough for the tolerances given,,1.755221e-15,2.968812e-16,,1.186110e-11,1.790376e-16,1.182387e-11,3.794531e-17,,,1.186110e-11,1.182387e-11,,2.346499e-06,1.414225e+00,2.213451e-08,5.531878e-09,1.373144e+07,0.000000e+00,false
6,3.162000e+12,0,2,CONTINUE,1.650082e-08,7.982150e-10,1.000000e-09,1.650082e-09,2.220446e-14,6.891703e-46,NaN,9.697675e-01,1.956090e-22,9.547142e-01,,,4.723729e-07,1.482892e-03,1.045805e+01,3.245206e+06,3.356743e+07,REACHED_FORCE,REACHED_FORCE,,1,0,0,1,0,0,,,,4.972214e-11,NaN,3.565333e-11,NaN,,,5.551351e-16,9.409411e-17,,solution good enough for the tolerances given,solution good enough for the tolerances given,,5.551351e-16,9.409411e-17,,4.972214e-11,5.697762e-17,3.565333e-11,1.235584e-17,,,4.972214e-11,3.565333e-11,,1.319605e-06,1.414217e+00,2.213451e-08,5.531878e-09,1.373144e+07,0.000000e+00,false
6,1.000000e+13,0,2,CONTINUE,1.650082e-08,7.779170e-10,1.000000e-09,1.650082e-09,2.220446e-14,9.312536e-47,NaN,7.623597e-04,3.390105e-21,9.554219e-01,,,4.723874e-07,1.488122e-03,1.045805e+01,3.245206e+06,3.356743e+07,REACHED_FORCE,REACHED_FORCE,,1,0,0,1,0,0,,,,1.279137e-10,NaN,9.460293e-11,NaN,,,1.756450e-16,3.040305e-17,,solution good enough for the tolerances given,solution good enough for the tolerances given,,1.756450e-16,3.040305e-17,,1.279137e-10,1.837224e-17,9.460293e-11,4.262933e-18,,,1.279137e-10,9.460293e-11,,7.419459e-07,1.414215e+00,2.213451e-08,5.531878e-09,1.373144e+07,0.000000e+00,false
6,3.162000e+13,0,2,CONTINUE,1.650082e-08,7.876768e-10,1.000000e-09,1.650082e-09,2.220446e-14,8.059920e-48,-1.000000e+00,1.872199e-03,2.834988e-22,9.555586e-01,,,4.724981e-07,1.539603e-03,1.045805e+01,3.245206e+06,3.356743e+07,REACHED_FORCE,REACHED_FORCE,,1,0,0,1,0,0,,,,2.770400e-10,NaN,3.501799e-10,NaN,,,5.589860e-17,1.146602e-17,,solution good enough for the tolerances given,solution good enough for the tolerances given,,5.589860e-17,1.146602e-17,,2.770400e-10,6.166147e-18,3.501799e-10,1.704085e-18,,,2.770400e-10,3.501799e-10,,4.174599e-07,1.414214e+00,2.213451e-08,5.531878e-09,1.373144e+07,0.000000e+00,false
6,1.000000e+14,0,2,CONTINUE,1.650082e-08,1.880575e-09,1.000000e-09,1.650082e-09,2.220446e-14,7.903676e-49,NaN,9.839857e-08,9.874860e-21,8.868805e-01,,,4.722998e-07,1.983364e-03,1.045807e+01,3.245206e+06,3.356743e+07,REACHED_FORCE,REACHED_FORCE,,1,0,0,1,0,0,,,,8.286880e-10,NaN,8.364778e-10,NaN,,,1.874599e-17,7.216647e-18,,solution good enough for the tolerances given,solution good enough for the tolerances given,,1.874599e-17,7.216647e-18,,8.286880e-10,2.305604e-18,8.364778e-10,8.935006e-19,,,8.286880e-10,8.364778e-10,,2.343033e-07,1.414214e+00,2.213451e-08,5.531878e-09,1.373144e+07,0.000000e+00,false
6,3.162000e+14,0,4,CONTINUE,1.650082e-08,7.771276e-10,1.000000e-09,1.650082e-09,2.220446e-14,4.685832e-50,-1.000000e+00,1.365405e-08,9.238162e-22,9.551681e-01,,,4.723676e-07,8.456933e-03,1.045806e+01,3.245206e+06,3.356743e+07,REACHED_FORCE,REACHED_FORCE,,1,1,1,1,1,1,,,,4.020992e-09,1.788267e-10,3.673777e-09,1.854203e-10,,,8.610843e-18,6.649237e-18,,solution good enough for the tolerances given,solution good enough for the tolerances given,,8.610843e-18,6.649237e-18,,4.020992e-09,1.084998e-18,3.673777e-09,6.386744e-19,,,1.788267e-10,1.854203e-10,,1.311272e-07,1.414214e+00,2.213451e-08,5.531878e-09,1.373144e+07,0.000000e+00,false
6,1.000000e+15,0,5,CONTINUE,1.650082e-08,2.434335e-09,1.000000e-09,1.650082e-09,2.220446e-14,2.258396e-51,NaN,7.664678e-03,2.750615e-19,8.539106e-01,,,4.726021e-07,3.294743e-02,1.045812e+01,3.245206e+06,3.356743e+07,REACHED_FORCE,REACHED_FORCE,,1,2,2,1,1,1,,,,1.468850e-08,1.935587e-09,8.002244e-09,1.214502e-09,,,6.812812e-18,6.589523e-18,,solution good enough for the tolerances given,solution good enough for the tolerances given,,6.812812e-18,6.589523e-18,,1.468850e-08,6.989486e-19,8.002244e-09,5.578853e-19,,,4.108014e-10,1.214502e-09,,7.433023e-08,1.414214e+00,2.213451e-08,5.531878e-09,1.373144e+07,0.000000e+00,false
6,3.162000e+15,1,4,CONTINUE,1.650082e-08,1.564185e-08,1.000000e-09,1.650082e-09,2.220446e-14,3.263155e-52,NaN,1.598619e-02,2.359921e-19,1.077713e-01,,,6.031365e-07,8.343071e-02,1.045841e+01,3.245206e+06,3.356743e+07,REFINE_STALLED,REFINE_STALLED,,1,1,1,1,1,1,,,,3.619032e-08,2.060251e-08,4.502538e-08,3.418946e-08,,,6.606174e-18,6.953153e-18,,solution good enough for the tolerances given,solution good enough for the tolerances given,,6.606174e-18,6.953153e-18,,3.619032e-08,5.768766e-19,4.502538e-08,7.303872e-19,,,2.060251e-08,3.418946e-08,,3.608846e-08,1.414214e+00,2.213451e-08,5.531878e-09,1.373144e+07,0.000000e+00,false
6,1.000000e+16,1,5,CONTINUE,1.650082e-08,1.460935e-08,1.000000e-09,1.650082e-09,2.220446e-14,1.878390e-51,5.625695e-07,1.000000e+00,5.772354e-27,1.408726e-08,,,5.517086e-06,2.329255e+01,1.045836e+01,3.245206e+06,3.356743e+07,REFINE_STALLED,REFINE_STALLED,,1,1,1,1,2,2,,,,5.420765e-02,2.867943e-02,2.556641e+00,6.843730e-01,,,8.213152e-16,5.296573e-15,,solution good enough for the tolerances given,solution good enough for the tolerances given,,8.213152e-16,5.296573e-15,,5.420765e-02,1.852874e-16,2.556641e+00,1.415479e-15,,,2.867943e-02,3.968801e-01,,3.509808e-05,1.414214e+00,2.213451e-08,5.531878e-09,1.373144e+07,0.000000e+00,false
6,3.162000e+16,1,4,CONTINUE,1.650082e-08,1.485470e-08,1.000000e-09,1.650082e-09,2.220446e-14,NaN,2.415960e-07,1.000000e+00,3.143441e-26,2.575774e-09,,,5.068650e-06,9.464380e+01,1.045836e+01,3.245206e+06,3.356743e+07,REFINE_STALLED,REFINE_STALLED,,1,1,1,1,1,1,,,,9.486703e-02,5.509406e-02,8.093212e+00,4.102296e+00,,,4.110725e-16,3.459686e-15,,solution good enough for the tolerances given,solution good enough for the tolerances given,,4.110725e-16,3.459686e-15,,9.486703e-02,9.065746e-17,8.093212e+00,9.533825e-16,,,5.509406e-02,4.102296e+00,,3.298721e-05,1.414214e+00,2.213451e-08,5.531878e-09,1.373144e+07,0.000000e+00,false
6,1.000000e+17,1,5,CONTINUE,1.650082e-08,1.512663e-08,1.000000e-09,1.650082e-09,2.220446e-14,NaN,1.050753e-07,1.000000e+00,4.133139e-26,1.519669e-09,,,2.890256e-06,1.307517e+02,1.045836e+01,3.245206e+06,3.356743e+07,REFINE_STALLED,REFINE_STALLED,,1,2,2,1,1,1,,,,1.904536e-01,7.650982e-02,1.309334e+01,9.914894e+00,,,2.108335e-16,1.392112e-15,,solution good enough for the tolerances given,solution good enough for the tolerances given,,2.108335e-16,1.392112e-15,,1.904536e-01,4.414488e-17,1.309334e+01,3.851197e-16,,,6.949852e-02,9.914894e+00,,3.210985e-05,1.414214e+00,2.213451e-08,5.531878e-09,1.373144e+07,0.000000e+00,false
6,3.162000e+17,1,5,CONTINUE,1.650082e-08,1.526585e-08,1.000000e-09,1.650082e-09,2.220446e-14,NaN,3.826983e-08,1.000000e+00,2.443944e-26,1.220029e-09,,,1.177323e-06,1.456690e+02,1.045836e+01,3.245206e+06,3.356743e+07,REFINE_STALLED,REFINE_STALLED,,1,2,2,1,1,1,,,,4.766431e-01,8.761332e-02,1.572090e+01,1.425712e+01,,,1.350733e-16,5.183882e-16,,solution good enough for the tolerances given,solution good enough for the tolerances given,,1.350733e-16,5.183882e-16,,4.766431e-01,2.647883e-17,1.572090e+01,1.406915e-16,,,8.463583e-02,1.425712e+01,,3.178235e-05,1.414214e+00,2.213451e-08,5.531878e-09,1.373144e+07,0.000000e+00,false
6,1.000000e+18,1,5,CONTINUE,1.650082e-08,1.531955e-08,1.000000e-09,1.650082e-09,2.220446e-14,NaN,1.264537e-08,1.000000e+00,3.169235e-26,1.140051e-09,,,4.048689e-07,1.520141e+02,1.045836e+01,3.245206e+06,3.356743e+07,REFINE_STALLED,REFINE_STALLED,,1,2,2,1,1,1,,,,1.449409e+00,9.190394e-02,1.654467e+01,1.602250e+01,,,1.095739e-16,2.232985e-16,,solution good enough for the tolerances given,solution good enough for the tolerances given,,1.095739e-16,2.232985e-16,,1.449409e+00,2.050596e-17,1.654467e+01,5.668298e-17,,,9.085852e-02,1.602250e+01,,3.167380e-05,1.414214e+00,2.213451e-08,5.531878e-09,1.373144e+07,0.000000e+00,false
