iter,alpha,state,ncraig,ipm_status,mu,mu_next,rho,force_tol,floor_tol,sigma2min,sigma2max,step,tau,kappa,norm_dp,norm_dy,norm_y,hdiag_min,hdiag_max,pstat,cstat,wstat,pbase,prefn,ppass,cbase,crefn,cpass,wbase,wrefn,wpass,pres0,pres1,cres0,cres1,wres0,wres1,r0_p,r0_c,r0_w,craig_p,craig_c,craig_w,r1_p,r1_c,r1_w,p_res0_dual,p_res0_prim,c_res0_dual,c_res0_prim,w_res0_dual,w_res0_prim,p_res_exit,c_res_exit,w_res_exit,Ldiag_min,Ldiag_max,ipm_pres,ipm_dres,bar_hdiag_med,bar_hdiag_frac_mid,ritz_beta,omm,ritz_t1,ritz_t2,ritz_t3,ritz_t4,ritz_t5,ritz_t6,ritz_t7,ritz_t8,ritz_t9,ritz_t10,ritz_w1,ritz_w2,ritz_w3,ritz_w4,ritz_w5,ritz_w6,ritz_w7,ritz_w8,ritz_w9,ritz_w10,chosen
1,1.000000000000000e+00,0,8,CONTINUE,1.000000000000000e+00,3.531301614758768e-01,1.000000000000000e-09,1.000000000000000e-01,2.375761360197958e-13,1.299747256441153e+00,2.600950849055448e+01,6.703113300702341e-01,2.548273887384879e+00,1.000000000000001e-02,4.590854154811731e+00,1.386973705061831e+00,9.297041890124365e-01,1.000000000000000e+00,1.000000000000000e+00,REACHED_FORCE,REACHED_FORCE,REACHED_FORCE,3,0,0,3,0,0,2,0,0,3.061671695759759e-03,NaN,6.424982184208765e-03,NaN,3.060718314540298e-03,NaN,1.216516376008733e+00,6.906484744397201e-01,1.584368664037090e-01,solution good enough for the tolerances given,solution good enough for the tolerances given,solution good enough for the tolerances given,1.852669533620405e-02,1.181627843586100e-02,2.586353718713170e-02,6.836939463183439e-15,3.061671695759759e-03,7.695225920388540e-15,6.424982184208765e-03,6.591866321509300e-16,3.060718314540298e-03,3.061671695759759e-03,6.424982184208765e-03,3.060718314540298e-03,1.242174042603381e+00,3.041651374932948e+00,4.238929607482077e+00,5.655286595283870e+00,1.000000000000000e+00,1.000000000000000e+00,6.881870032695250e-02,3.702399843187487e-02,9.629760015681251e-01,9.514499156061580e-01,9.208826934719884e-01,8.812759538457600e-01,8.263878988717408e-01,7.626564346975930e-01,7.106316910297760e-01,6.550570366328438e-01,5.889611762896548e-01,5.651696084431926e-01,6.987408360506757e-02,1.359670032782693e-01,3.151138381243698e-01,1.292280274684665e-01,1.474178190635319e-01,1.071286076705474e-01,9.284879167574764e-03,7.250787457163570e-02,5.817628826158699e-04,1.289610416792082e-02,false
1,3.162000000000000e+00,0,5,CONTINUE,1.000000000000000e+00,3.639737222562830e-01,1.000000000000000e-09,1.000000000000000e-01,2.375761360197958e-13,1.299702013169635e+00,2.438238603874397e+01,6.597923789674969e-01,2.564289332787494e+00,1.000000000000012e-02,4.598202599403476e+00,1.391166465844553e+00,9.178810320393829e-01,1.000000000000000e+00,1.000000000000000e+00,REACHED_FORCE,REACHED_FORCE,REACHED_FORCE,2,0,0,2,0,0,1,0,0,7.396041663701794e-03,NaN,1.973231115077083e-02,NaN,8.774490636134157e-03,NaN,4.271336439391856e-01,2.746991971368454e-01,5.752856628004437e-02,solution good enough for the tolerances given,solution good enough for the tolerances given,solution good enough for the tolerances given,2.000441718630239e-02,2.240301166296430e-02,5.752856628004437e-02,2.427249661175495e-14,7.396041663701794e-03,2.285934758703655e-14,1.973231115077083e-02,3.103552512744937e-15,8.774490636134157e-03,7.396041663701794e-03,1.973231115077083e-02,8.774490636134157e-03,7.325520734241715e-01,2.927097302978387e+00,4.238929607482077e+00,5.655286595283870e+00,1.000000000000000e+00,1.000000000000000e+00,2.515163497210488e-02,1.280457200588769e-02,9.871954279941123e-01,9.800771965732606e-01,9.707768341032195e-01,9.538122032099086e-01,9.355981621470726e-01,9.093443645450975e-01,8.809400496995108e-01,8.571507000138475e-01,8.183226161530721e-01,8.042921765281319e-01,1.084003081335216e-01,1.440382347679195e-01,2.551854355199225e-01,1.028665341418792e-01,1.377395745150376e-01,1.205040669144426e-01,9.296871479504476e-03,9.990418936872728e-02,9.052433001937077e-04,2.115954185885180e-02,false
1,1.000000000000000e+01,0,4,CONTINUE,1.000000000000000e+00,3.547349816390378e-01,1.000000000000000e-09,1.000000000000000e-01,2.375761360197958e-13,1.299701590719618e+00,2.406607227666368e+01,6.693290643354148e-01,2.556319347165656e+00,1.000000000000001e-02,4.603766674490426e+00,1.348628381947475e+00,9.026761730250882e-01,1.000000000000000e+00,1.000000000000000e+00,REACHED_FORCE,REACHED_FORCE,REACHED_FORCE,2,0,0,1,0,0,1,0,0,2.600051312664325e-03,NaN,1.113106523554925e-02,NaN,2.938796708556875e-03,NaN,1.406527109679081e-01,9.578133856357263e-02,1.928951085509607e-02,solution good enough for the tolerances given,solution good enough for the tolerances given,solution good enough for the tolerances given,2.371208328312697e-03,9.578133856357263e-02,1.928951085509607e-02,7.266047327696282e-14,2.600051312664325e-03,7.097714260687783e-14,1.113106523554925e-02,1.504812745240685e-14,2.938796708556875e-03,2.600051312664325e-03,1.113106523554925e-02,2.938796708556875e-03,4.200134426433877e-01,2.889920948163027e+00,4.238929607482077e+00,5.655286595283870e+00,1.000000000000000e+00,1.000000000000000e+00,8.930400920556854e-03,4.138032811255243e-03,9.958619671887448e-01,9.930717197882827e-01,9.899000232782235e-01,9.836706852981685e-01,9.782344747882852e-01,9.693564135152841e-01,9.588289916839612e-01,9.499394198205928e-01,9.343996542079898e-01,9.285562003622588e-01,1.113543215205342e-01,1.782991145001040e-01,2.146268546945160e-01,9.859361954104087e-02,1.227951648652369e-01,1.243043487183135e-01,9.867857201585192e-03,1.130667102713522e-01,1.087804961421599e-03,2.600420372589641e-02,false
1,3.162000000000000e+01,0,3,CONTINUE,1.000000000000000e+00,3.527761954309755e-01,1.000000000000000e-09,1.000000000000000e-01,2.375761360197958e-13,1.299701559494766e+00,2.398406362427626e+01,6.707529735010547e-01,2.548252580625338e+00,1.000000000000001e-02,4.591873850273693e+00,1.361301821005520e+00,9.130972442718532e-01,1.000000000000000e+00,1.000000000000000e+00,REACHED_FORCE,REACHED_FORCE,REACHED_FORCE,1,0,0,1,0,0,1,0,0,5.563883264939463e-03,NaN,3.585714196223954e-03,NaN,9.481544155156280e-04,NaN,4.510645698279993e-02,3.131325789109271e-02,6.228522742730518e-03,solution good enough for the tolerances given,solution good enough for the tolerances given,solution good enough for the tolerances given,4.510645698279993e-02,3.131325789109271e-02,6.228522742730518e-03,3.782426333636125e-13,5.563883264939463e-03,2.353720645855312e-13,3.585714196223954e-03,3.641369589019151e-14,9.481544155156280e-04,5.563883264939463e-03,3.585714196223954e-03,9.481544155156280e-04,2.379449339852708e-01,2.878066823421353e+00,4.238929607482077e+00,5.655286595283870e+00,1.000000000000000e+00,1.000000000000000e+00,2.892863039838682e-03,1.316870534638692e-03,9.986831294653613e-01,9.977523722593660e-01,9.967062877959001e-01,9.946236403393636e-01,9.929440463140780e-01,9.900930529039823e-01,9.865894758482656e-01,9.836068551113683e-01,9.782791138009613e-01,9.762450917285839e-01,1.112879485206209e-01,1.885396909355071e-01,2.022695126428177e-01,1.002560676691447e-01,1.151918371661121e-01,1.253739611114005e-01,1.008956330838481e-02,1.178781758133530e-01,1.159533288722842e-03,2.795370954393627e-02,true
1,1.000000000000000e+02,0,3,CONTINUE,1.000000000000000e+00,3.521173566703839e-01,1.000000000000000e-09,1.000000000000000e-01,2.375761360197958e-13,1.299701553449971e+00,2.395963422997002e+01,6.714953613653371e-01,2.548804670376349e+00,1.000000000000001e-02,4.591332838616756e+00,1.369761475144574e+00,9.197884767365225e-01,1.000000000000000e+00,1.000000000000000e+00,REACHED_FORCE,REACHED_FORCE,REACHED_FORCE,1,0,0,1,0,0,1,0,0,1.764535929322723e-03,NaN,1.150284994609313e-03,NaN,3.017669285578414e-04,NaN,1.432751080546508e-02,1.003771002419738e-02,1.982961988407023e-03,solution good enough for the tolerances given,solution good enough for the tolerances given,solution good enough for the tolerances given,1.432751080546508e-02,1.003771002419738e-02,1.982961988407023e-03,9.918651114124921e-13,1.764535929322723e-03,9.452227062152546e-13,1.150284994609313e-03,7.950696104436732e-14,3.017669285578414e-04,1.764535929322723e-03,1.150284994609313e-03,3.017669285578414e-04,1.341336025534500e-01,2.874307409904426e+00,4.238929607482077e+00,5.655286595283870e+00,1.000000000000000e+00,1.000000000000000e+00,9.199848894259928e-04,4.171945180330150e-04,9.995828054819670e-01,9.992839231028254e-01,9.989483533779278e-01,9.982778131023672e-01,9.977502744289458e-01,9.968452240027468e-01,9.957192276958029e-01,9.947577158339210e-01,9.930282966111108e-01,9.923646727197823e-01,1.111788043693094e-01,1.914810634376896e-01,1.985564430984905e-01,1.011985935949963e-01,1.124455376271850e-01,1.256943680000621e-01,1.016390010763388e-02,1.194737585238089e-01,1.183955475561174e-03,2.862357576526327e-02,false
1,3.162000000000000e+02,0,3,CONTINUE,1.000000000000000e+00,3.519036849437842e-01,1.000000000000000e-09,1.000000000000000e-01,2.375761360197958e-13,1.299701551817734e+00,2.395205133064034e+01,6.717347073248618e-01,2.548983837884362e+00,1.000000000000001e-02,4.591159947742569e+00,1.372492049830381e+00,9.219505453985105e-01,1.000000000000000e+00,1.000000000000000e+00,REACHED_FORCE,REACHED_FORCE,REACHED_FORCE,1,0,0,1,0,0,1,0,0,5.585728196030755e-04,NaN,3.654528121891483e-04,NaN,9.563436618302913e-05,NaN,4.537719818983883e-03,3.188406532135573e-03,6.284961573620343e-04,solution good enough for the tolerances given,solution good enough for the tolerances given,solution good enough for the tolerances given,4.537719818983883e-03,3.188406532135573e-03,6.284961573620343e-04,2.817903321822014e-12,5.585728196030755e-04,1.823032970066164e-12,3.654528121891483e-04,2.507964659524277e-13,9.563436618302913e-05,5.585728196030755e-04,3.654528121891483e-04,9.563436618302913e-05,7.549287371270355e-02,2.873117756371327e+00,4.238929607482077e+00,5.655286595283870e+00,1.000000000000000e+00,1.000000000000000e+00,2.914200365187326e-04,1.320194993779111e-04,9.998679805006221e-01,9.997730078808509e-01,9.996663889402161e-01,9.994531061188798e-01,9.992866009099761e-01,9.990000445769768e-01,9.986421007721249e-01,9.983361339687858e-01,9.977845987908235e-01,9.975726130397388e-01,1.111358516368426e-01,1.923765702603836e-01,1.974042165977295e-01,1.015394741458654e-01,1.115433803064538e-01,1.257937261198842e-01,1.018782822132555e-02,1.199859298778119e-01,1.191863842091567e-03,2.884115899161162e-02,false
1,1.000000000000000e+03,0,3,CONTINUE,1.000000000000000e+00,3.518355514410028e-01,1.000000000000000e-09,1.000000000000000e-01,2.375761360197958e-13,1.299701551324413e+00,2.394966679940413e+01,6.718108823605119e-01,2.549040975610482e+00,1.000000000000001e-02,4.591105108629590e+00,1.373361397850186e+00,9.226391324895993e-01,1.000000000000000e+00,1.000000000000000e+00,REACHED_FORCE,REACHED_FORCE,REACHED_FORCE,1,0,0,1,0,0,1,0,0,1.766737476085879e-04,NaN,1.157237366451288e-04,NaN,3.025957107473272e-05,NaN,1.435486186533777e-03,1.009575851554602e-03,1.988685917378574e-04,solution good enough for the tolerances given,solution good enough for the tolerances given,solution good enough for the tolerances given,1.435486186533777e-03,1.009575851554602e-03,1.988685917378574e-04,8.407296012288317e-12,1.766737476085879e-04,6.598792024837650e-12,1.157237366451288e-04,6.716149878377929e-13,3.025957107473272e-05,1.766737476085879e-04,1.157237366451288e-04,3.025957107473272e-05,4.246177776513282e-02,2.872741388748993e+00,4.238929607482077e+00,5.655286595283870e+00,1.000000000000000e+00,1.000000000000000e+00,9.219215461430929e-05,4.175249100057954e-05,9.999582475089994e-01,9.999281724821543e-01,9.998944098525495e-01,9.998268471480237e-01,9.997742305488646e-01,9.996835894236554e-01,9.995702226523411e-01,9.994732862212328e-01,9.992984272432566e-01,9.992311841259959e-01,1.111214332883484e-01,1.926562401775718e-01,1.970420062207823e-01,1.016515675258223e-01,1.112547077990140e-01,1.258249516009327e-01,1.019543879296468e-02,1.201486991195271e-01,1.194384227546026e-03,2.891057124749189e-02,false
1,3.162000000000000e+03,0,3,CONTINUE,1.000000000000000e+00,3.518139535209616e-01,1.000000000000000e-09,1.000000000000000e-01,2.375761360197958e-13,1.299701551166130e+00,2.394891424235217e+01,6.718350147837141e-01,2.549059088447760e+00,9.999999999999898e-03,4.591087755093154e+00,1.373636839476264e+00,9.228573263569902e-01,1.000000000000000e+00,1.000000000000000e+00,REACHED_FORCE,REACHED_FORCE,REACHED_FORCE,1,0,0,1,0,0,1,0,0,5.587935737833913e-05,NaN,3.661504757292128e-05,NaN,9.571758047328663e-06,NaN,4.540464465723812e-04,3.194243987997354e-04,6.290712620223672e-05,solution good enough for the tolerances given,solution good enough for the tolerances given,solution good enough for the tolerances given,4.540464465723812e-04,3.194243987997354e-04,6.290712620223672e-05,2.251293192712804e-11,5.587935737833913e-05,2.089949802670935e-11,3.661504757292128e-05,3.714958016010042e-12,9.571758047328663e-06,5.587935737833913e-05,3.661504757292128e-05,9.571758047328663e-06,2.388099987590412e-02,2.872622380711736e+00,4.238929607482077e+00,5.655286595283870e+00,1.000000000000000e+00,1.000000000000000e+00,2.916073405809819e-05,1.320524826464720e-05,9.999867947517354e-01,9.999772788981910e-01,9.999665962956273e-01,9.999452169315188e-01,9.999285798478136e-01,9.998999109181799e-01,9.998640395313203e-01,9.998333638334500e-01,9.997780172398083e-01,9.997567298441284e-01,1.111167916092255e-01,1.927443052052050e-01,1.969277073433562e-01,1.016874356428273e-01,1.111631052592385e-01,1.258348041886349e-01,1.019784931931615e-02,1.202002407920279e-01,1.195183033968111e-03,2.893257760619946e-02,false
1,1.000000000000000e+04,0,3,CONTINUE,1.000000000000000e+00,3.518071169031035e-01,1.000000000000000e-09,1.000000000000000e-01,2.375761360197958e-13,1.299701551135217e+00,2.394867636305036e+01,6.718426522131110e-01,2.549064822034925e+00,1.000000000000012e-02,4.591082265057064e+00,1.373724014256144e+00,9.229263851466891e-01,1.000000000000000e+00,1.000000000000000e+00,REACHED_FORCE,REACHED_FORCE,REACHED_FORCE,1,0,0,1,0,0,1,0,0,1.766958369809337e-05,NaN,1.157935638292387e-05,NaN,3.026790126285048e-06,NaN,1.435760891091633e-04,1.010160500293890e-04,1.989261751752720e-05,solution good enough for the tolerances given,solution good enough for the tolerances given,solution good enough for the tolerances given,1.435760891091633e-04,1.010160500293890e-04,1.989261751752720e-05,8.546216341517872e-11,1.766958369809337e-05,6.890909590680824e-11,1.157935638292387e-05,8.186617019694527e-12,3.026790126285048e-06,1.766958369809337e-05,1.157935638292387e-05,3.026790126285048e-06,1.342902868037074e-02,2.872584739678099e+00,4.238929607482077e+00,5.655286595283870e+00,1.000000000000000e+00,1.000000000000000e+00,9.221067779067461e-06,4.175578680265524e-06,9.999958244213197e-01,9.999928150626678e-01,9.999894367248962e-01,9.999826753408045e-01,9.999774150147794e-01,9.999683495829059e-01,9.999570051976224e-01,9.999473036389099e-01,9.999297983943337e-01,9.999230651787477e-01,1.111153153121915e-01,1.927721224250968e-01,1.968915790462396e-01,1.016988227264402e-01,1.111340999766254e-01,1.258379183652266e-01,1.019861214698640e-02,1.202165503043608e-01,1.195435873389441e-03,2.893954382344356e-02,false
1,3.162000000000000e+04,0,3,CONTINUE,1.000000000000000e+00,3.518049547922986e-01,1.000000000000000e-09,1.000000000000000e-01,2.375761360197958e-13,1.299701551066872e+00,2.394860114624502e+01,6.718450674375502e-01,2.549066635181412e+00,1.000000000000001e-02,4.591080529001529e+00,1.373751582417785e+00,9.229482245319179e-01,1.000000000000000e+00,1.000000000000000e+00,REACHED_FORCE,REACHED_FORCE,REACHED_FORCE,1,0,0,1,0,0,1,0,0,5.588156726809412e-06,NaN,3.662203382786538e-06,NaN,9.572591535271337e-07,NaN,4.540739309730469e-05,3.194829057718538e-05,6.291288818497604e-06,solution good enough for the tolerances given,solution good enough for the tolerances given,solution good enough for the tolerances given,4.540739309730469e-05,3.194829057718538e-05,6.291288818497604e-06,2.476003946154713e-10,5.588156726809412e-06,2.101565180372327e-10,3.662203382786538e-06,4.233435461817644e-11,9.572591535271337e-07,5.588156726809412e-06,3.662203382786538e-06,9.572591535271337e-07,7.552090724494918e-03,2.872572838447258e+00,4.238929607482077e+00,5.655286595283870e+00,1.000000000000000e+00,1.000000000000000e+00,2.916258023935948e-06,1.320557785011722e-06,9.999986794422150e-01,9.999977276713224e-01,9.999966592034126e-01,9.999945207553504e-01,9.999928571800837e-01,9.999899901554813e-01,9.999864022455636e-01,9.999833338835951e-01,9.999777972878628e-01,9.999756676570114e-01,1.111148473664006e-01,1.927809138375159e-01,1.968801587777487e-01,1.017024273376908e-01,1.111249260246586e-01,1.258389027701705e-01,1.019885336001897e-02,1.202217077297807e-01,1.195515832410395e-03,2.894174696360413e-02,false
1,1.000000000000000e+05,0,3,CONTINUE,1.000000000000000e+00,3.518042708973894e-01,1.000000000000000e-09,1.000000000000000e-01,2.375761360197958e-13,1.299701551193247e+00,2.394857731447163e+01,6.718458314067597e-01,2.549067209262537e+00,1.000000000000001e-02,4.591079980000214e+00,1.373760302391876e+00,9.229551325140711e-01,1.000000000000000e+00,1.000000000000000e+00,REACHED_FORCE,REACHED_FORCE,REACHED_FORCE,1,0,0,1,0,0,1,0,0,1.766980467543385e-06,NaN,1.158005495381353e-06,NaN,3.026873471220937e-07,NaN,1.435788373626705e-05,1.010219006741411e-05,1.989319369469539e-06,solution good enough for the tolerances given,solution good enough for the tolerances given,solution good enough for the tolerances given,1.435788373626705e-05,1.010219006741411e-05,1.989319369469539e-06,5.635878362017955e-10,1.766980467543385e-06,6.002807810899547e-10,1.158005495381353e-06,6.218398618266196e-11,3.026873471220937e-07,1.766980467543385e-06,1.158005495381353e-06,3.026873471220937e-07,4.246677174894960e-03,2.872569074301172e+00,4.238929607482077e+00,5.655286595283870e+00,1.000000000000000e+00,1.000000000000000e+00,9.221252162165009e-07,4.175611642009969e-07,9.999995824388358e-01,9.999992814844226e-01,9.999989436298803e-01,9.999982674403088e-01,9.999977414210049e-01,9.999968348646656e-01,9.999957003490189e-01,9.999947301139278e-01,9.999929793958252e-01,9.999923059851312e-01,1.111146994191526e-01,1.927836951074973e-01,1.968765455573274e-01,1.017035679467639e-01,1.111220242670931e-01,1.258392139946030e-01,1.019892964034835e-02,1.202233390841742e-01,1.195541121625966e-03,2.894244386141373e-02,false
1,3.162000000000000e+05,0,3,CONTINUE,1.000000000000000e+00,3.518040549344171e-01,1.000000000000000e-09,1.000000000000000e-01,2.375761360197958e-13,1.299701550793452e+00,2.394856970422271e+01,6.718460726601276e-01,2.549067389339606e+00,9.999999999999898e-03,4.591079805329857e+00,1.373763059264709e+00,9.229573161325568e-01,1.000000000000000e+00,1.000000000000000e+00,REACHED_FORCE,REACHED_FORCE,REACHED_FORCE,1,0,0,1,0,0,1,0,0,5.588178826961718e-07,NaN,3.662273252685434e-07,NaN,9.572674906186403e-08,NaN,4.540766796524850e-06,3.194887573857896e-06,6.291346446622248e-07,solution good enough for the tolerances given,solution good enough for the tolerances given,solution good enough for the tolerances given,4.540766796524850e-06,3.194887573857896e-06,6.291346446622248e-07,3.584603167780601e-09,5.588178826961718e-07,1.865198021226711e-09,3.662273252685434e-07,2.551181274623353e-10,9.572674906186403e-08,5.588178826961718e-07,3.662273252685434e-07,9.572674906186403e-08,2.388188860016533e-03,2.872567884173816e+00,4.238929607482077e+00,5.655286595283870e+00,1.000000000000000e+00,1.000000000000000e+00,2.916276458481199e-07,1.320561088258287e-07,9.999998679438912e-01,9.999997727649479e-01,9.999996659160798e-01,9.999994520661566e-01,9.999992857099594e-01,9.999989990061835e-01,9.999986402074776e-01,9.999983333633583e-01,9.999977796844152e-01,9.999975667124138e-01,1.111146504206340e-01,1.927845725999604e-01,1.968754076409055e-01,1.017039277940082e-01,1.111211071742355e-01,1.258393124831104e-01,1.019895374709644e-02,1.202238548610877e-01,1.195549125197341e-03,2.894266415376498e-02,false
1,1.000000000000000e+06,0,3,CONTINUE,1.000000000000000e+00,3.518039859988649e-01,1.000000000000000e-09,1.000000000000000e-01,2.375761360197958e-13,1.299701550285365e+00,2.394856776591251e+01,6.718461496679966e-01,2.549067455124564e+00,1.000000000000012e-02,4.591079751629163e+00,1.373763928782502e+00,9.229580061053041e-01,1.000000000000000e+00,1.000000000000000e+00,REACHED_FORCE,REACHED_FORCE,REACHED_FORCE,1,0,0,1,0,0,1,0,0,1.766982676828575e-07,NaN,1.158012472401627e-07,NaN,3.026881787124157e-08,NaN,1.435791120414108e-06,1.010224854053570e-06,1.989325127300261e-07,solution good enough for the tolerances given,solution good enough for the tolerances given,solution good enough for the tolerances given,1.435791120414108e-06,1.010224854053570e-06,1.989325127300261e-07,6.697199699900195e-09,1.766982676828575e-07,8.674685682576369e-09,1.158012472401627e-07,1.091074869491752e-09,3.026881787124157e-08,1.766982676828575e-07,1.158012472401627e-07,3.026881787124157e-08,1.342918673192661e-03,2.872567507758780e+00,4.238929607482077e+00,5.655286595283870e+00,1.000000000000000e+00,1.000000000000000e+00,9.221270587746084e-08,4.175614876089639e-08,9.999999582438512e-01,9.999999281482246e-01,9.999998943625620e-01,9.999998267430941e-01,9.999997741412957e-01,9.999996834855323e-01,9.999995700331963e-01,9.999994730088922e-01,9.999992979351460e-01,9.999992305931847e-01,1.111146347179350e-01,1.927848507238094e-01,1.968750515882198e-01,1.017040412463822e-01,1.111208139713287e-01,1.258393439542838e-01,1.019896129456101e-02,1.202240176022045e-01,1.195551422792912e-03,2.894273347848209e-02,false
1,3.162000000000000e+06,0,3,CONTINUE,1.000000000000000e+00,3.518039650773948e-01,1.000000000000000e-09,1.000000000000000e-01,2.375761360197958e-13,1.299701547274856e+00,2.394856580561412e+01,6.718461738294950e-01,2.549067483632984e+00,1.000000000000012e-02,4.591079740579525e+00,1.373764220080717e+00,9.229582350050898e-01,1.000000000000000e+00,1.000000000000000e+00,REACHED_FORCE,REACHED_FORCE,REACHED_FORCE,1,0,0,1,0,0,1,0,0,5.588181062710879e-08,NaN,3.662280226853987e-08,NaN,9.572683099180453e-09,NaN,4.540769542392986e-07,3.194893460442741e-07,6.291352163955561e-08,solution good enough for the tolerances given,solution good enough for the tolerances given,solution good enough for the tolerances given,4.540769542392986e-07,3.194893460442741e-07,6.291352163955561e-08,3.007887888735385e-08,5.588181062710879e-08,3.027002606915681e-08,3.662280226853987e-08,4.100122041112188e-09,9.572683099180453e-09,5.588181062710879e-08,3.662280226853987e-08,9.572683099180453e-09,7.552118841137617e-04,2.872567388746002e+00,4.238929607482077e+00,5.655286595283870e+00,1.000000000000000e+00,1.000000000000000e+00,2.916278317705790e-08,1.320561460183001e-08,9.999999867943854e-01,9.999999772764731e-01,9.999999665915663e-01,9.999999452065215e-01,9.999999285709135e-01,9.999998999005234e-01,9.999998640205761e-01,9.999998333360854e-01,9.999997779679967e-01,9.999997566707078e-01,1.111146272536488e-01,1.927849179134637e-01,1.968749602591628e-01,1.017040801413222e-01,1.111207291793524e-01,1.258393501521450e-01,1.019896129134407e-02,1.202240682960644e-01,1.195551843606189e-03,2.894275366988977e-02,false
1,1.000000000000000e+07,0,3,CONTINUE,1.000000000000000e+00,3.518039644784421e-01,1.000000000000000e-09,1.000000000000000e-01,2.375761360197958e-13,1.299701550647782e+00,2.394856306250862e+01,6.718461782071664e-01,2.549067523256844e+00,9.999999999999898e-03,4.591079733798312e+00,1.373764277181625e+00,9.229582793820048e-01,1.000000000000000e+00,1.000000000000000e+00,REACHED_FORCE,REACHED_FORCE,REACHED_FORCE,1,0,0,1,0,0,1,0,0,6.047630569167579e-08,NaN,7.438495262861191e-08,NaN,1.426464012736399e-08,NaN,1.435791401839455e-07,1.010225415731960e-07,1.989325656271500e-08,solution good enough for the tolerances given,solution good enough for the tolerances given,solution good enough for the tolerances given,1.435791401839455e-07,1.010225415731960e-07,1.989325656271500e-08,6.047630569167579e-08,1.766982964282038e-08,7.438495262861191e-08,1.158013155673946e-08,1.426464012736399e-08,3.026882602716326e-09,6.047630569167579e-08,7.438495262861191e-08,1.426464012736399e-08,4.246682186307609e-04,2.872567351104494e+00,4.238929607482077e+00,5.655286595283870e+00,1.000000000000000e+00,1.000000000000000e+00,9.221272693774728e-09,4.175615853085901e-09,9.999999958243841e-01,9.999999928148211e-01,9.999999894362523e-01,9.999999826743006e-01,9.999999774141216e-01,9.999999683485437e-01,9.999999570033020e-01,9.999999473008638e-01,9.999999297934691e-01,9.999999230592652e-01,1.111146155834749e-01,1.927849004530676e-01,1.968749697025690e-01,1.017040905076790e-01,1.111207196548197e-01,1.258393384208136e-01,1.019896550082156e-02,1.202240867681178e-01,1.195549405984568e-03,2.894276400265276e-02,false
1,3.162000000000000e+07,0,3,CONTINUE,1.000000000000000e+00,3.518040014165346e-01,1.000000000000000e-09,1.000000000000000e-01,2.375761360197958e-13,1.299701576319012e+00,2.394853830528833e+01,6.718461464629333e-01,2.549067543627330e+00,1.000000000000001e-02,4.591079740085509e+00,1.373764463921557e+00,9.229583612334156e-01,1.000000000000000e+00,1.000000000000000e+00,REACHED_FORCE,REACHED_FORCE,REACHED_FORCE,1,0,0,1,0,0,1,0,0,2.249411531966587e-07,NaN,2.059650100223296e-07,NaN,2.742294903402362e-08,NaN,4.540769852063971e-08,3.194894354917180e-08,6.291352760971761e-09,solution good enough for the tolerances given,solution good enough for the tolerances given,solution good enough for the tolerances given,4.540769852063971e-08,3.194894354917180e-08,6.291352760971761e-09,2.249411531966587e-07,5.588180652063073e-09,2.059650100223296e-07,3.662281230659732e-09,2.742294903402362e-08,9.572685123902268e-10,2.249411531966587e-07,2.059650100223296e-07,2.742294903402362e-08,2.388189763158685e-04,2.872567339203216e+00,4.238929607482077e+00,5.655286595283870e+00,1.000000000000000e+00,1.000000000000000e+00,2.916278275077399e-09,1.320562992290775e-09,9.999999986794370e-01,9.999999977276466e-01,9.999999966591557e-01,9.999999945206510e-01,9.999999928570904e-01,9.999999899900507e-01,9.999999864020555e-01,9.999999833336054e-01,9.999999777967957e-01,9.999999756670660e-01,1.111147649451729e-01,1.927852121759178e-01,1.968746280408670e-01,1.017040091677008e-01,1.111206813920800e-01,1.258393727203973e-01,1.019895551221204e-02,1.202240868237431e-01,1.195543626229399e-03,2.894274559568003e-02,false
1,1.000000000000000e+08,0,3,CONTINUE,1.000000000000000e+00,3.518039408065844e-01,1.000000000000000e-09,1.000000000000000e-01,2.375761360197958e-13,1.299701545001583e+00,2.394857843452543e+01,6.718462075905204e-01,2.549068020383585e+00,1.000000000000001e-02,4.591079703829498e+00,1.373764521436803e+00,9.229584838497222e-01,1.000000000000000e+00,1.000000000000000e+00,REACHED_FORCE,REACHED_FORCE,REACHED_FORCE,1,0,0,1,0,0,1,0,0,9.123100416355065e-07,NaN,5.197436624262431e-07,NaN,8.612819459997406e-08,NaN,1.435791509606538e-08,1.010225449650407e-08,1.989325618952994e-09,solution good enough for the tolerances given,solution good enough for the tolerances given,solution good enough for the tolerances given,1.435791509606538e-08,1.010225449650407e-08,1.989325618952994e-09,9.123100416355065e-07,1.766983283674776e-09,5.197436624262431e-07,1.158013235522131e-09,8.612819459997406e-08,3.026883828956298e-10,9.123100416355065e-07,5.197436624262431e-07,8.612819459997406e-08,1.342918840237220e-04,2.872567335439066e+00,4.238929607482077e+00,5.655286595283870e+00,1.000000000000000e+00,1.000000000000000e+00,9.221272089534660e-10,4.175613188550642e-10,9.999999995824387e-01,9.999999992814816e-01,9.999999989436241e-01,9.999999982674288e-01,9.999999977414118e-01,9.999999968348536e-01,9.999999957003294e-01,9.999999947300862e-01,9.999999929793468e-01,9.999999923059260e-01,1.111145604407351e-01,1.927848720951365e-01,1.968748672490720e-01,1.017041291184144e-01,1.111209390764197e-01,1.258393139723022e-01,1.019885872877310e-02,1.202241325249467e-01,1.195555217009340e-03,2.894277157719089e-02,false
1,3.162000000000000e+08,0,3,CONTINUE,1.000000000000000e+00,3.518034303661991e-01,1.000000000000000e-09,1.000000000000000e-01,2.375761360197958e-13,1.299701041426139e+00,2.394840545007176e+01,6.718466761298189e-01,2.549069826593706e+00,1.000000000000012e-02,4.591079355123970e+00,1.373764321379321e+00,9.229589931044331e-01,1.000000000000000e+00,1.000000000000000e+00,REACHED_FORCE,REACHED_FORCE,REACHED_FORCE,1,0,0,1,0,0,1,0,0,2.869775741970086e-06,NaN,1.887902764403226e-06,NaN,2.577338568238548e-07,NaN,4.540769855659710e-09,3.194891052730566e-09,6.291352338483368e-10,solution good enough for the tolerances given,solution good enough for the tolerances given,solution good enough for the tolerances given,4.540769855659710e-09,3.194891052730566e-09,6.291352338483368e-10,2.869775741970086e-06,5.588191146395865e-10,1.887902764403226e-06,3.662283740174095e-10,2.577338568238548e-07,9.572696530785738e-11,2.869775741970086e-06,1.887902764403226e-06,2.577338568238548e-07,7.552119818161180e-05,2.872567334248937e+00,4.238929607482077e+00,5.655286595283870e+00,1.000000000000000e+00,1.000000000000000e+00,2.916281291662520e-10,1.320570319762737e-10,9.999999998679430e-01,9.999999997727647e-01,9.999999996659148e-01,9.999999994520654e-01,9.999999992857094e-01,9.999999989990047e-01,9.999999986402071e-01,9.999999983333610e-01,9.999999977796799e-01,9.999999975667055e-01,1.111150163056967e-01,1.927833872929463e-01,1.968759211667696e-01,1.017041241566916e-01,1.111211406157238e-01,1.258403101542938e-01,1.019767280737657e-02,1.202242329673670e-01,1.195917062019595e-03,2.894227747111565e-02,false
1,1.000000000000000e+09,0,3,CONTINUE,1.000000000000000e+00,3.518025203716341e-01,1.000000000000000e-09,1.000000000000000e-01,2.375761360197958e-13,1.299698515835535e+00,2.394831101104699e+01,6.718473761053696e-01,2.549069276600422e+00,1.000000000000001e-02,4.591079090229747e+00,1.373762462805031e+00,9.229587060276103e-01,1.000000000000000e+00,1.000000000000000e+00,REACHED_FORCE,REACHED_FORCE,REACHED_FORCE,1,0,0,1,0,0,1,0,0,8.363736245432529e-06,NaN,5.446912486528932e-06,NaN,7.811718218255663e-07,NaN,1.435789754622478e-09,1.010223097133851e-09,1.989325083629100e-10,solution good enough for the tolerances given,solution good enough for the tolerances given,solution good enough for the tolerances given,1.435789754622478e-09,1.010223097133851e-09,1.989325083629100e-10,8.363736245432529e-06,1.766985565051469e-10,5.446912486528932e-06,1.158014262141643e-10,7.811718218255663e-07,3.026879266202911e-11,8.363736245432529e-06,5.446912486528932e-06,7.811718218255663e-07,4.246682752307237e-05,2.872567333872522e+00,4.238929607482077e+00,5.655286595283870e+00,1.000000000000000e+00,1.000000000000000e+00,9.221312358050988e-11,4.175659817917676e-11,9.999999999582434e-01,9.999999999281486e-01,9.999999998943618e-01,9.999999998267430e-01,9.999999997741407e-01,9.999999996834852e-01,9.999999995700322e-01,9.999999994730091e-01,9.999999992979354e-01,9.999999992305908e-01,1.111153926774798e-01,1.927841859440081e-01,1.968721260809669e-01,1.017059252648549e-01,1.111208169747543e-01,1.258456408717082e-01,1.019345477243331e-02,1.202247157114893e-01,1.195393651208336e-03,2.894234805109711e-02,false
1,3.162000000000000e+09,0,3,CONTINUE,1.000000000000000e+00,3.518019183661443e-01,1.000000000000000e-09,1.000000000000000e-01,2.375761360197958e-13,1.299702704691145e+00,2.394647276610655e+01,6.718477434542643e-01,2.549079333417881e+00,1.000000000000001e-02,4.591074337187471e+00,1.373759061992237e+00,9.229569258493309e-01,1.000000000000000e+00,1.000000000000000e+00,REACHED_FORCE,REACHED_FORCE,REACHED_FORCE,1,0,0,1,0,0,1,0,0,2.979872426507343e-05,NaN,2.435524849204415e-05,NaN,3.244198651675101e-06,NaN,4.540745886793772e-10,3.194849126747717e-10,6.291362315894797e-11,solution good enough for the tolerances given,solution good enough for the tolerances given,solution good enough for the tolerances given,4.540745886793772e-10,3.194849126747717e-10,6.291362315894797e-11,2.979872426507343e-05,5.588140956108604e-11,2.435524849204415e-05,3.662294006369217e-11,3.244198651675101e-06,9.572685123902269e-12,2.979872426507343e-05,2.435524849204415e-05,3.244198651675101e-06,2.388189848766028e-05,2.872567333753509e+00,4.238929607482077e+00,5.655286595283870e+00,1.000000000000000e+00,1.000000000000000e+00,2.916270957179188e-11,1.320676901173101e-11,9.999999999867932e-01,9.999999999772748e-01,9.999999999665909e-01,9.999999999452063e-01,9.999999999285716e-01,9.999999998999012e-01,9.999999998640203e-01,9.999999998333367e-01,9.999999997779683e-01,9.999999997566709e-01,1.111237325777465e-01,1.928223942716703e-01,1.969299205792804e-01,1.016083812926006e-01,1.111187027516730e-01,1.258364326503913e-01,1.019376165510928e-02,1.202282072262509e-01,1.195440633152439e-03,2.894302636212561e-02,false
1,1.000000000000000e+10,0,3,CONTINUE,1.000000000000000e+00,3.518110873292654e-01,1.000000000000000e-09,1.000000000000000e-01,2.375761360197958e-13,1.299698891816994e+00,2.394512775070017e+01,6.718427706671881e-01,2.549159018421318e+00,1.000000000000001e-02,4.591102158264835e+00,1.373779267908285e+00,9.229636696366437e-01,1.000000000000000e+00,1.000000000000000e+00,REACHED_FORCE,REACHED_FORCE,REACHED_FORCE,1,0,0,1,0,0,1,0,0,8.421594419795307e-05,NaN,5.986016176661471e-05,NaN,1.430236595039130e-05,NaN,1.435803091440340e-10,1.010216509336228e-10,1.989274591642525e-11,solution good enough for the tolerances given,solution good enough for the tolerances given,solution good enough for the tolerances given,1.435803091440340e-10,1.010216509336228e-10,1.989274591642525e-11,8.421594419795307e-05,1.767108759392928e-11,5.986016176661471e-05,1.158038216596927e-11,1.430236595039130e-05,3.026930597178519e-12,8.421594419795307e-05,5.986016176661471e-05,1.430236595039130e-05,1.342922365724542e-05,2.872567333715868e+00,4.238929607482077e+00,5.655286595283870e+00,1.000000000000000e+00,1.000000000000000e+00,9.224900757468297e-12,4.176214929429989e-12,9.999999999958238e-01,9.999999999928142e-01,9.999999999894360e-01,9.999999999826741e-01,9.999999999774154e-01,9.999999999683493e-01,9.999999999570039e-01,9.999999999473006e-01,9.999999999297926e-01,9.999999999230591e-01,1.111682991376333e-01,1.929272844693181e-01,1.971281367574158e-01,1.013679577484587e-01,1.112490488715306e-01,1.256171435780598e-01,1.018683864643918e-02,1.202207683130543e-01,1.195536780660357e-03,2.893898569743039e-02,false
1,3.162000000000000e+10,0,3,CONTINUE,1.000000000000000e+00,3.517465588577683e-01,1.000000000000000e-09,1.000000000000000e-01,2.375761360197958e-13,1.299675427206115e+00,2.394164241384122e+01,6.718961110082285e-01,2.549338517867463e+00,1.000000000000001e-02,4.591058866270312e+00,1.373708170527979e+00,9.229891774379777e-01,1.000000000000000e+00,1.000000000000000e+00,REACHED_FORCE,REACHED_FORCE,REACHED_FORCE,1,0,0,1,0,0,1,0,0,2.121825407892953e-04,NaN,3.660217938449236e-04,NaN,3.026084280099408e-05,NaN,4.540813813657701e-11,3.194817662235075e-11,6.291437479005385e-12,solution good enough for the tolerances given,solution good enough for the tolerances given,solution good enough for the tolerances given,4.540813813657701e-11,3.194817662235075e-11,6.291437479005385e-12,2.121825407892953e-04,5.588460348845720e-12,3.660217938449236e-04,3.663092488212006e-12,3.026084280099408e-05,9.571515918346757e-13,2.121825407892953e-04,3.660217938449236e-04,3.026084280099408e-05,7.552131099789720e-06,2.872567333703967e+00,4.238929607482077e+00,5.655286595283870e+00,1.000000000000000e+00,1.000000000000000e+00,2.916676822454534e-12,1.320943354699011e-12,9.999999999986791e-01,9.999999999977272e-01,9.999999999966591e-01,9.999999999945202e-01,9.999999999928566e-01,9.999999999899902e-01,9.999999999864029e-01,9.999999999833340e-01,9.999999999777960e-01,9.999999999756666e-01,1.110917333485189e-01,1.928410699898759e-01,1.975553406094248e-01,1.011070061455967e-01,1.115166587957149e-01,1.250878764948389e-01,1.015982684281395e-02,1.205203595932190e-01,1.192957435687713e-03,2.892717074430892e-02,false
1,1.000000000000000e+11,0,3,CONTINUE,1.000000000000000e+00,3.516899939549203e-01,1.000000000000000e-09,1.000000000000000e-01,2.375761360197958e-13,1.299702642733498e+00,-9.999999999995826e-01,6.719267209997128e-01,2.549415769884770e+00,1.000000000000001e-02,4.590743674767996e+00,1.373345740835714e+00,9.227877004386627e-01,1.000000000000000e+00,1.000000000000000e+00,REACHED_FORCE,REACHED_FORCE,REACHED_FORCE,1,0,0,1,0,0,1,0,0,8.866816120960329e-04,NaN,8.262112677045487e-04,NaN,8.102994854381843e-05,NaN,1.435573968250981e-11,1.009699904882491e-11,1.988927561736864e-12,solution good enough for the tolerances given,solution good enough for the tolerances given,solution good enough for the tolerances given,1.435573968250981e-11,1.009699904882491e-11,1.988927561736864e-12,8.866816120960329e-04,1.767610662265538e-12,8.262112677045487e-04,1.157912740878774e-12,8.102994854381843e-05,3.026531356257125e-13,8.866816120960329e-04,8.262112677045487e-04,8.102994854381843e-05,4.246771443215860e-06,2.872567333700202e+00,4.238929607482077e+00,5.655286595283870e+00,1.000000000000000e+00,1.000000000000000e+00,9.263763834707605e-13,4.174438572590589e-13,9.999999999995826e-01,9.999999999992819e-01,9.999999999989440e-01,9.999999999982674e-01,9.999999999977420e-01,9.999999999968356e-01,9.999999999957017e-01,9.999999999947302e-01,9.999999999929796e-01,9.999999999923059e-01,1.125748080206283e-01,2.027746750544625e-01,1.866251780016416e-01,1.008965509854964e-01,1.116846271645155e-01,1.243609679650027e-01,1.024217515127266e-02,1.205489747091831e-01,1.235438618858122e-03,2.905660432893936e-02,false
1,3.162000000000000e+11,0,3,CONTINUE,1.000000000000000e+00,3.522279926203997e-01,1.000000000000000e-09,1.000000000000000e-01,2.375761360197958e-13,1.299414567282026e+00,-9.999999999998674e-01,6.715364737858134e-01,2.549338521107594e+00,1.000000000000001e-02,4.590721019969472e+00,1.374162651100577e+00,9.228003411282463e-01,1.000000000000000e+00,1.000000000000000e+00,REACHED_FORCE,REACHED_FORCE,REACHED_FORCE,1,0,0,1,0,0,1,0,0,2.595243471130573e-03,NaN,2.044205372753331e-03,NaN,4.176383610801668e-04,NaN,4.540902976780496e-12,3.194081577455792e-12,6.287323790832486e-13,solution good enough for the tolerances given,solution good enough for the tolerances given,solution good enough for the tolerances given,4.540902976780496e-12,3.194081577455792e-12,6.287323790832486e-13,2.595243471130573e-03,5.589372899523192e-13,2.044205372753331e-03,3.662750281707953e-13,4.176383610801668e-04,9.576078671734122e-14,2.595243471130573e-03,2.044205372753331e-03,4.176383610801668e-04,2.388234018420866e-06,2.872567333699013e+00,4.238929607482077e+00,5.655286595283870e+00,1.000000000000000e+00,1.000000000000000e+00,2.998418464848226e-13,1.325606291402437e-13,9.999999999998674e-01,9.999999999997728e-01,9.999999999996663e-01,9.999999999994513e-01,9.999999999992852e-01,9.999999999989986e-01,9.999999999986400e-01,9.999999999983338e-01,9.999999999977791e-01,9.999999999975662e-01,1.121588106476824e-01,2.009492742555981e-01,1.894157506857059e-01,1.003930549546373e-01,1.116767459197511e-01,1.243701476438307e-01,1.015966342469326e-02,1.205202381408839e-01,1.264692242446485e-03,2.909162208477125e-02,false
1,1.000000000000000e+12,0,3,CONTINUE,1.000000000000000e+00,3.513680969487695e-01,1.000000000000000e-09,1.000000000000000e-01,2.375761360197958e-13,1.301618389412438e+00,-9.999999999999565e-01,6.726569565413401e-01,2.559838037111784e+00,1.000000000000001e-02,4.590867331521539e+00,1.375468481086450e+00,9.252184423061508e-01,1.000000000000000e+00,1.000000000000000e+00,REACHED_FORCE,REACHED_FORCE,REACHED_FORCE,1,0,0,1,0,0,1,0,0,1.302700773313289e-02,NaN,4.240655618805776e-03,NaN,1.072121546970061e-03,NaN,1.435111441693383e-12,1.007013741579222e-12,1.986629865768611e-13,solution good enough for the tolerances given,solution good enough for the tolerances given,solution good enough for the tolerances given,1.435111441693383e-12,1.007013741579222e-12,1.986629865768611e-13,1.302700773313289e-02,1.765785560910592e-13,4.240655618805776e-03,1.155517295350407e-13,1.072121546970061e-03,3.025675839996993e-14,1.302700773313289e-02,4.240655618805776e-03,1.072121546970061e-03,1.343186089968982e-06,2.872567333698636e+00,4.238929607482077e+00,5.655286595283870e+00,1.000000000000000e+00,1.000000000000000e+00,2.208900378378177e-13,4.352074256530614e-14,9.999999999999565e-01,9.999999999999254e-01,9.999999999998854e-01,9.999999999998028e-01,9.999999999997404e-01,9.999999999996796e-01,9.999999999995641e-01,9.999999999994735e-01,9.999999999992970e-01,9.999999999992317e-01,1.788015988737849e-01,1.844679278742884e-01,1.589084094859106e-01,1.680421549568136e-01,4.237787465283353e-02,1.084196112414868e-01,9.471261554151010e-03,1.195208719049395e-01,8.795343297518929e-04,2.911075512604037e-02,false
1,3.162000000000000e+12,0,3,CONTINUE,1.000000000000000e+00,3.556532314884999e-01,1.000000000000000e-09,1.000000000000000e-01,2.375761360197958e-13,1.298348502462123e+00,-9.999999999999791e-01,6.682664538452824e-01,2.550115901234074e+00,1.000000000000012e-02,4.589285175633949e+00,1.371479208405114e+00,9.165135471234206e-01,1.000000000000000e+00,1.000000000000000e+00,REACHED_FORCE,REACHED_FORCE,REACHED_FORCE,1,0,0,1,0,0,1,0,0,2.524703247066265e-02,NaN,1.915448323309773e-02,NaN,4.013825051401997e-03,NaN,4.536590867370537e-13,3.202421456311249e-13,6.246452692780195e-14,solution good enough for the tolerances given,solution good enough for the tolerances given,solution good enough for the tolerances given,4.536590867370537e-13,3.202421456311249e-13,6.246452692780195e-14,2.524703247066265e-02,5.657814200333680e-14,1.915448323309773e-02,3.673016476829526e-14,4.013825051401997e-03,9.496230487455219e-15,2.524703247066265e-02,1.915448323309773e-02,4.013825051401997e-03,7.555342526804044e-07,2.872567333698517e+00,4.238929607482077e+00,5.655286595283870e+00,1.000000000000000e+00,1.000000000000000e+00,9.209320513274887e-14,2.087219286295294e-14,9.999999999999791e-01,9.999999999999789e-01,9.999999999999654e-01,9.999999999999361e-01,9.999999999999030e-01,9.999999999998728e-01,9.999999999998357e-01,9.999999999998197e-01,9.999999999997766e-01,9.999999999997564e-01,3.997348162038112e-02,5.404081988890241e-01,3.089107037907685e-02,1.000091395486490e-01,1.234548356077017e-01,6.383421988097210e-04,1.319058650919611e-01,2.430861106365844e-03,1.029375737235990e-03,2.925882982079466e-02,false
1,1.000000000000000e+13,0,3,CONTINUE,1.000000000000000e+00,3.491664419507996e-01,1.000000000000000e-09,1.000000000000000e-01,2.375761360197958e-13,1.313002806813456e+00,-9.999999999999885e-01,6.770339676060906e-01,2.603758333159377e+00,1.000000000000012e-02,4.593395214147031e+00,1.394722921460129e+00,9.442747932273092e-01,1.000000000000000e+00,1.000000000000000e+00,REACHED_FORCE,REACHED_FORCE,REACHED_FORCE,1,0,0,1,0,0,1,0,0,6.980625769320295e-02,NaN,6.993638785251402e-02,NaN,6.943825043767501e-03,NaN,1.448230631945571e-13,9.949425328228124e-14,1.950969475310312e-14,solution good enough for the tolerances given,solution good enough for the tolerances given,solution good enough for the tolerances given,1.448230631945571e-13,9.949425328228124e-14,1.950969475310312e-14,6.980625769320295e-02,1.779473821072690e-14,6.993638785251402e-02,1.163502113778297e-14,6.943825043767501e-03,2.994306910458853e-15,6.980625769320295e-02,6.993638785251402e-02,6.943825043767501e-03,4.255453323195224e-07,2.872567333698479e+00,4.238929607482077e+00,5.655286595283870e+00,1.000000000000000e+00,1.000000000000000e+00,2.669881027226602e-14,1.154631945610163e-14,9.999999999999885e-01,9.999999999999871e-01,9.999999999999860e-01,9.999999999999785e-01,9.999999999999736e-01,9.999999999999640e-01,9.999999999999614e-01,9.999999999999476e-01,9.999999999999272e-01,9.999999999999238e-01,7.516370156109585e-01,3.748116600028050e-167,2.665270136844023e-02,1.284788741010459e-138,3.259058937330289e-03,3.053091507359460e-249,9.424343068440676e-167,1.436872973733319e-01,2.193480259086658e-167,7.476392670993896e-02,false
1,3.162000000000000e+13,0,5,CONTINUE,1.000000000000000e+00,3.506226289533210e-01,1.000000000000000e-09,1.000000000000000e-01,2.375761360197958e-13,1.780360384001588e+00,-9.999999999999958e-01,6.729439146280783e-01,2.544824926809527e+00,1.000000000000001e-02,4.586861552800867e+00,1.374219686798440e+00,9.247727755931135e-01,1.000000000000000e+00,1.000000000000000e+00,REACHED_FORCE,REACHED_FORCE,REACHED_FORCE,1,1,1,1,1,1,1,0,0,2.859693545879567e-01,9.503451958641653e-03,2.902412710459935e-01,1.540756003744655e-02,2.449043010292406e-02,NaN,4.559235875319243e-14,3.350723084380837e-14,6.113920241089244e-15,solution good enough for the tolerances given,solution good enough for the tolerances given,solution good enough for the tolerances given,4.559235875319243e-14,3.350723084380837e-14,6.113920241089244e-15,2.859693545879567e-01,5.475304064839045e-15,2.902412710459935e-01,4.220546883313431e-15,2.449043010292406e-02,9.125506774731743e-16,9.503451958641653e-03,1.540756003744655e-02,2.449043010292406e-02,2.394630223704785e-07,2.872567333698468e+00,4.238929607482077e+00,5.655286595283870e+00,1.000000000000000e+00,1.000000000000000e+00,4.611407503990339e-15,4.218847493575595e-15,9.999999999999958e-01,9.999999999999913e-01,9.999999999999887e-01,9.999999999999873e-01,9.999999999999865e-01,9.999999999999862e-01,9.999999999999856e-01,9.999999999999849e-01,9.999999999999836e-01,9.999999999999822e-01,7.906450757547250e-01,1.540111372946373e-114,2.424966018867187e-171,1.001871506365571e-256,3.115969840799620e-228,7.324718563108155e-86,4.185956335446910e-200,1.449607247438273e-57,4.410043723854677e-143,2.093549242452755e-01,false
1,1.000000000000000e+14,0,6,CONTINUE,1.000000000000000e+00,3.489692354580279e-01,1.000000000000000e-09,1.000000000000000e-01,2.375761360197958e-13,2.370315593352883e+00,-9.999999999999980e-01,6.750080637219017e-01,2.606097829623311e+00,1.000000000000001e-02,4.579729123816029e+00,1.374535481955188e+00,9.278225341916223e-01,1.000000000000000e+00,1.000000000000000e+00,REACHED_FORCE,REACHED_FORCE,REACHED_FORCE,1,1,1,1,2,2,1,0,0,7.404824172957896e-01,6.012466311856146e-02,8.177097657974631e-01,1.518430405339453e-01,7.308638484473640e-02,NaN,1.629982070770947e-14,1.113765266112159e-14,2.009836617529758e-15,solution good enough for the tolerances given,solution good enough for the tolerances given,solution good enough for the tolerances given,1.629982070770947e-14,1.113765266112159e-14,2.009836617529758e-15,7.404824172957896e-01,2.965789701787816e-15,8.177097657974631e-01,1.825101354946349e-15,7.308638484473640e-02,2.566548780393302e-16,6.012466311856146e-02,1.859145828400224e-02,7.308638484473640e-02,1.347627582466554e-07,2.872567333698464e+00,4.238929607482077e+00,5.655286595283870e+00,1.000000000000000e+00,1.000000000000000e+00,2.017261888735422e-15,1.998401444325282e-15,9.999999999999980e-01,9.999999999999978e-01,9.999999999999973e-01,9.999999999999973e-01,9.999999999999967e-01,9.999999999999964e-01,9.999999999999964e-01,9.999999999999960e-01,9.999999999999958e-01,9.999999999999958e-01,1.197752090167591e-265,1.051724325935643e-118,8.113991278121325e-207,1.000000000000000e+00,5.287683714745650e-236,4.060783055683057e-89,9.039761239561196e-60,1.911377367822943e-177,2.492524659632557e-148,4.595933894991877e-30,false
1,3.162000000000000e+14,1,7,CONTINUE,1.000000000000000e+00,5.537818417027417e-01,1.000000000000000e-09,1.000000000000000e-01,2.375761360197958e-13,1.582542563556992e+00,-9.999999999999991e-01,4.089286113651677e-01,1.039273305107113e+00,6.289009890380683e-01,6.109110812779596e+00,3.440908340189415e+00,1.407085869388481e+00,1.000000000000000e+00,1.000000000000000e+00,REFINE_STALLED,REFINE_STALLED,REFINE_STALLED,1,1,1,1,1,1,1,2,2,2.448047991390006e+00,2.353051308241504e+00,3.763342989902702e+00,3.621444046012278e+00,5.648657799508713e-01,1.278510815099389e-01,9.904867590141350e-15,1.358794891095022e-14,9.391260605002022e-16,solution good enough for the tolerances given,solution good enough for the tolerances given,solution good enough for the tolerances given,9.904867590141350e-15,1.358794891095022e-14,9.391260605002022e-16,2.448047991390006e+00,1.140688346841468e-15,3.763342989902702e+00,1.425860433551835e-15,5.648657799508713e-01,1.711032520262202e-16,2.353051308241504e+00,3.621444046012278e+00,1.451528243129074e-01,6.898976684417664e-08,2.872567333698463e+00,4.238929607482077e+00,5.655286595283870e+00,1.000000000000000e+00,1.000000000000000e+00,1.443560957108892e-15,8.881784197001252e-16,9.999999999999991e-01,9.999999999999989e-01,9.999999999999989e-01,9.999999999999989e-01,9.999999999999987e-01,9.999999999999984e-01,9.999999999999984e-01,9.999999999999982e-01,9.999999999999980e-01,9.999999999999980e-01,5.439241708979181e-61,3.996570381668203e-121,4.152701552756427e-151,1.000000000000000e+00,4.173805797714439e-91,4.873566879717281e-181,1.006194764360363e-30,7.623435450900833e-211,2.454477634774053e-270,1.358223034690604e-240,false
1,1.000000000000000e+15,1,11,CONTINUE,1.000000000000000e+00,2.815797811355468e-01,1.000000000000000e-09,1.000000000000000e-01,2.375761360197958e-13,1.299698890916994e-06,2.388290622676951e-05,7.114450460745022e-01,2.644078691310070e+00,1.000000000000001e-02,4.238926587008287e+00,1.389332623285923e+00,9.884338121864624e-01,1.000000000000000e+00,1.000000000000000e+00,REACHED_FORCE,REFINE_STALLED,REACHED_FORCE,1,3,3,1,4,4,1,1,1,9.499311292786432e+05,5.097312372946862e+01,9.499326398348571e+05,5.103823488244415e+01,2.999332794193560e+05,4.472496738563765e-02,1.456920007060757e-09,1.456918088006351e-09,2.020484105094531e-10,solution good enough for the tolerances given,solution good enough for the tolerances given,solution good enough for the tolerances given,1.456920007060757e-09,1.456918088006351e-09,2.020484105094531e-10,9.499311292786432e+05,1.236627727962160e-05,9.499326398348571e+05,1.236627727962160e-05,2.999332794193560e+05,2.371094683882884e-11,6.198462624153327e-02,7.779301695940191e-01,4.472496738563765e-02,4.246685114848378e-05,2.872567333872523e+00,4.238929607482077e+00,5.655286595283870e+00,1.000000000000000e+00,1.000000000000000e+00,9.247876372906434e-11,4.187095115071315e-11,9.999999999581290e-01,9.999999999282929e-01,9.999999998944860e-01,9.999999998260327e-01,9.999999997744122e-01,9.999999996835232e-01,9.999999995703694e-01,9.999999994730073e-01,9.999999992979332e-01,9.999999992305910e-01,1.138563112784855e-01,1.959379289674290e-01,1.984514263934751e-01,1.010310554076487e-01,1.135627773356824e-01,1.228183719732267e-01,7.655570725251804e-03,1.183994745802157e-01,1.499630939859078e-03,2.678745239872532e-02,false
1,3.162000000000000e+15,1,11,CONTINUE,1.000000000000000e+00,2.835092864710974e-01,1.000000000000000e-09,1.000000000000000e-01,2.375761360197958e-13,4.110373232646023e-07,7.553261495400339e-06,7.076462552485154e-01,2.579096289859127e+00,1.000000000000012e-02,4.236531134582080e+00,1.377059269064659e+00,9.744708350088636e-01,1.000000000000000e+00,1.000000000000000e+00,REACHED_FORCE,REFINE_STALLED,REACHED_FORCE,1,3,3,1,4,4,1,1,1,3.003679010162261e+06,5.095599121545170e+02,3.003679682342010e+06,5.097160314959509e+02,9.483855453404461e+05,4.464120843932733e-02,1.456916701466828e-09,1.456916163414075e-09,2.020478782502993e-10,solution good enough for the tolerances given,solution good enough for the tolerances given,solution good enough for the tolerances given,1.456916701466828e-09,1.456916163414075e-09,2.020478782502993e-10,3.003679010162261e+06,3.910160606584570e-05,3.003679682342010e+06,3.910148645600330e-05,9.483855453404461e+05,2.371077573557682e-11,9.359079620556779e-02,7.649086748394293e-01,4.464120843932733e-02,4.246683216949543e-05,2.872567333872522e+00,4.238929607482077e+00,5.655286595283870e+00,1.000000000000000e+00,1.000000000000000e+00,9.247891245920331e-11,4.187006297229345e-11,9.999999999581299e-01,9.999999999282940e-01,9.999999998944884e-01,9.999999998260338e-01,9.999999997744129e-01,9.999999996835232e-01,9.999999995703701e-01,9.999999994730091e-01,9.999999992979336e-01,9.999999992305917e-01,1.138517801614996e-01,1.959423614788136e-01,1.984512538280954e-01,1.010292684924586e-01,1.135624764873511e-01,1.228200939370436e-01,7.656012674855463e-03,1.183998268204839e-01,1.499669132626185e-03,2.678725698677185e-02,false
1,1.000000000000000e+16,1,14,CONTINUE,1.000000000000000e+00,2.817849131953306e-01,1.000000000000000e-09,1.000000000000000e-01,2.375761360197958e-13,1.299701891576466e-07,2.388328619101926e-06,7.113515141609704e-01,2.646938982802523e+00,1.000000000000001e-02,4.239072897908493e+00,1.390932331438494e+00,9.894418200642219e-01,1.000000000000000e+00,1.000000000000000e+00,REACHED_FORCE,REFINE_STALLED,REACHED_FORCE,1,5,5,1,5,5,1,1,1,9.499364703450974e+06,5.096861843741312e+03,9.499322177426510e+06,5.096783174627721e+03,2.999322584243735e+06,4.437637814924097e-02,1.456918881122547e-09,1.456916200400567e-09,2.020478645339270e-10,solution good enough for the tolerances given,solution good enough for the tolerances given,solution good enough for the tolerances given,1.456918881122547e-09,1.456916200400567e-09,2.020478645339270e-10,9.499364703450974e+06,1.236592279949345e-04,9.499322177426510e+06,1.236597064340760e-04,2.999322584243735e+06,2.371057611511612e-11,6.369793171223220e-02,7.785823513923499e-01,4.437637814924097e-02,4.246682752307237e-05,2.872567333872522e+00,4.238929607482077e+00,5.655286595283870e+00,1.000000000000000e+00,1.000000000000000e+00,9.247906509613701e-11,4.187028501689838e-11,9.999999999581297e-01,9.999999999282936e-01,9.999999998944877e-01,9.999999998260340e-01,9.999999997744131e-01,9.999999996835234e-01,9.999999995703694e-01,9.999999994730084e-01,9.999999992979338e-01,9.999999992305928e-01,1.138521111207936e-01,1.959362129615647e-01,1.984598403981583e-01,1.010266525558425e-01,1.135625453233315e-01,1.228192464200888e-01,7.656394264759271e-03,1.184000373633899e-01,1.499460974308935e-03,2.678749861776188e-02,false
1,3.162000000000000e+16,1,16,CONTINUE,1.000000000000000e+00,2.748062419323730e-01,1.000000000000000e-09,1.000000000000000e-01,2.375761360197958e-13,4.110379163745938e-08,7.553221439285029e-07,7.173469845956981e-01,2.621499581011810e+00,1.000000000000001e-02,4.237340017627544e+00,1.366881119736215e+00,9.805280495435652e-01,1.000000000000000e+00,1.000000000000000e+00,REACHED_FORCE,REFINE_STALLED,REACHED_FORCE,1,6,6,1,6,6,1,1,1,3.003726721985677e+07,5.094163112832087e+04,3.003726796636089e+07,5.094252023078936e+04,9.483858630111612e+06,4.353900888858021e-02,1.456918881122547e-09,1.456918881122547e-09,2.020478645339270e-10,solution good enough for the tolerances given,solution good enough for the tolerances given,solution good enough for the tolerances given,1.456918881122547e-09,1.456918881122547e-09,2.020478645339270e-10,3.003726721985677e+07,3.910105123932278e-04,3.003726796636089e+07,3.910119477113366e-04,9.483858630111612e+06,2.371057611511612e-11,6.091389283776653e-02,7.728772943990485e-01,4.353900888858021e-02,4.246682752307237e-05,2.872567333872522e+00,4.238929607482077e+00,5.655286595283870e+00,1.000000000000000e+00,1.000000000000000e+00,9.247906509613701e-11,4.187028501689838e-11,9.999999999581297e-01,9.999999999282936e-01,9.999999998944877e-01,9.999999998260340e-01,9.999999997744131e-01,9.999999996835234e-01,9.999999995703694e-01,9.999999994730084e-01,9.999999992979338e-01,9.999999992305928e-01,1.138521111207936e-01,1.959362129615647e-01,1.984598403981583e-01,1.010266525558425e-01,1.135625453233315e-01,1.228192464200888e-01,7.656394264759271e-03,1.184000373633899e-01,1.499460974308935e-03,2.678749861776188e-02,false
1,1.000000000000000e+17,1,18,CONTINUE,1.000000000000000e+00,2.711721366751255e-01,1.000000000000000e-09,1.000000000000000e-01,2.375761360197958e-13,1.299701891576466e-08,2.388328619101926e-07,7.201659413346905e-01,2.618152516197073e+00,9.999999999999898e-03,4.236953632219617e+00,1.350107063829195e+00,9.723011245251674e-01,1.000000000000000e+00,1.000000000000000e+00,REACHED_FORCE,REFINE_STALLED,REACHED_FORCE,1,7,7,1,7,7,1,1,1,9.499726874996433e+07,5.088116105726851e+05,9.499726949715051e+07,5.088082646661877e+05,2.999322841810632e+07,4.110834477102140e-02,1.456918881122547e-09,1.456918881122547e-09,2.020478645339270e-10,solution good enough for the tolerances given,solution good enough for the tolerances given,solution good enough for the tolerances given,1.456918881122547e-09,1.456918881122547e-09,2.020478645339270e-10,9.499726874996433e+07,1.236589004270437e-03,9.499726949715051e+07,1.236589004270437e-03,2.999322841810632e+07,2.371057611511612e-11,6.835836104272019e-02,7.702656756079106e-01,4.110834477102140e-02,4.246682752307237e-05,2.872567333872522e+00,4.238929607482077e+00,5.655286595283870e+00,1.000000000000000e+00,1.000000000000000e+00,9.247906509613701e-11,4.187028501689838e-11,9.999999999581297e-01,9.999999999282936e-01,9.999999998944877e-01,9.999999998260340e-01,9.999999997744131e-01,9.999999996835234e-01,9.999999995703694e-01,9.999999994730084e-01,9.999999992979338e-01,9.999999992305928e-01,1.138521111207936e-01,1.959362129615647e-01,1.984598403981583e-01,1.010266525558425e-01,1.135625453233315e-01,1.228192464200888e-01,7.656394264759271e-03,1.184000373633899e-01,1.499460974308935e-03,2.678749861776188e-02,false
1,3.162000000000000e+17,1,23,CONTINUE,1.000000000000000e+00,3.130952312733214e-01,1.000000000000000e-09,1.000000000000000e-01,2.375761360197958e-13,4.110379163745938e-09,7.553221439285028e-08,6.816301847741699e-01,2.596675819294368e+00,9.999999999999898e-03,4.240030614041226e+00,1.493047050994121e+00,1.017705937245653e+00,1.000000000000000e+00,1.000000000000000e+00,REFINE_ITMAX,REFINE_STALLED,REACHED_FORCE,1,10,10,1,9,9,1,1,1,3.004088082949421e+08,5.065291573433929e+06,3.004088090408353e+08,5.065294959345984e+06,9.483858887678507e+07,5.006896386060863e-02,1.456918881122547e-09,1.456918881122547e-09,2.020478645339270e-10,solution good enough for the tolerances given,solution good enough for the tolerances given,solution good enough for the tolerances given,1.456918881122547e-09,1.456918881122547e-09,2.020478645339270e-10,3.004088082949421e+08,3.910107589525121e-03,3.004088090408353e+08,3.910115244555035e-03,9.483858887678507e+07,2.371057611511612e-11,1.177186675155510e-01,7.786919168703013e-01,5.006896386060863e-02,4.246682752307237e-05,2.872567333872522e+00,4.238929607482077e+00,5.655286595283870e+00,1.000000000000000e+00,1.000000000000000e+00,9.247906509613701e-11,4.187028501689838e-11,9.999999999581297e-01,9.999999999282936e-01,9.999999998944877e-01,9.999999998260340e-01,9.999999997744131e-01,9.999999996835234e-01,9.999999995703694e-01,9.999999994730084e-01,9.999999992979338e-01,9.999999992305928e-01,1.138521111207936e-01,1.959362129615647e-01,1.984598403981583e-01,1.010266525558425e-01,1.135625453233315e-01,1.228192464200888e-01,7.656394264759271e-03,1.184000373633899e-01,1.499460974308935e-03,2.678749861776188e-02,false
1,1.000000000000000e+18,1,24,CONTINUE,1.000000000000000e+00,9.382908935756070e-01,1.000000000000000e-09,1.000000000000000e-01,2.375761360197958e-13,1.299701891576466e-09,2.388328619101926e-08,6.114039425176283e-02,1.791349735285502e+00,2.138617218983018e+00,7.934370656836045e+00,1.756146373446632e+01,1.073714816363306e+00,1.000000000000000e+00,1.000000000000000e+00,REFINE_ITMAX,REFINE_ITMAX,REACHED_FORCE,1,10,10,1,10,10,1,1,1,9.503340898817720e+08,4.996788701318242e+07,9.503340891708668e+08,4.996784432382227e+07,2.999322867567320e+08,8.065570960330259e-02,1.456918881122547e-09,1.456918881122547e-09,2.020478645339270e-10,solution good enough for the tolerances given,solution good enough for the tolerances given,solution good enough for the tolerances given,1.456918881122547e-09,1.456918881122547e-09,2.020478645339270e-10,9.503340898817720e+08,1.236593269720494e-02,9.503340891708668e+08,1.236596331732528e-02,2.999322867567320e+08,2.371057611511612e-11,7.434641577510628e+01,7.514765763974125e+01,8.065570960330259e-02,4.246682752307237e-05,2.872567333872522e+00,4.238929607482077e+00,5.655286595283870e+00,1.000000000000000e+00,1.000000000000000e+00,9.247906509613701e-11,4.187028501689838e-11,9.999999999581297e-01,9.999999999282936e-01,9.999999998944877e-01,9.999999998260340e-01,9.999999997744131e-01,9.999999996835234e-01,9.999999995703694e-01,9.999999994730084e-01,9.999999992979338e-01,9.999999992305928e-01,1.138521111207936e-01,1.959362129615647e-01,1.984598403981583e-01,1.010266525558425e-01,1.135625453233315e-01,1.228192464200888e-01,7.656394264759271e-03,1.184000373633899e-01,1.499460974308935e-03,2.678749861776188e-02,false
2,1.000000000000000e+00,0,7,CONTINUE,3.527761954309755e-01,2.060242606229139e-01,1.000000000000000e-09,3.527761954309756e-02,9.305555939508942e-14,1.599773142068183e+00,1.736460149619268e+02,5.013876677591147e-01,1.060085430876851e+01,3.289954690838275e-02,1.335977917240812e+01,1.066316850174764e+00,1.103539120166592e+00,4.274639408650095e-02,4.211481256968150e+00,REACHED_FORCE,REACHED_FORCE,REACHED_FORCE,2,0,0,3,0,0,2,0,0,1.041453894984936e-02,NaN,3.020651426443788e-02,NaN,1.880185783596545e-03,NaN,2.006232010735207e-01,6.762292457474298e-01,1.616214575683068e-01,solution good enough for the tolerances given,solution good enough for the tolerances given,solution good enough for the tolerances given,2.730877512041492e-02,1.168648755921370e-02,1.840409164269694e-02,9.619032400485675e-15,1.041453894984936e-02,2.516791536315311e-14,3.020651426443788e-02,1.502266530781733e-15,1.880185783596545e-03,1.041453894984936e-02,3.020651426443788e-02,1.880185783596545e-03,5.229147631357142e-01,2.896462597210506e+00,5.466968223042723e-01,7.306914195450867e-01,5.355271266456345e-01,9.800000000000000e-01,6.874710037676014e-02,5.725867837396703e-03,9.942741321626033e-01,9.819576878222028e-01,9.550168859197573e-01,9.060429563928812e-01,8.700024575308641e-01,8.359948375205771e-01,8.023544106946490e-01,7.313254608917079e-01,6.235320972287621e-01,6.153510535905931e-01,1.861774517147050e-01,2.499893149497174e-01,8.717028850265536e-02,8.047044311885812e-02,1.709080684452695e-01,6.102473522455881e-02,1.599511927434209e-02,2.302840411038880e-02,2.757672898905170e-02,9.765944567045275e-02,false
2,3.162000000000000e+00,0,6,CONTINUE,3.527761954309755e-01,2.103726486405185e-01,1.000000000000000e-09,3.527761954309756e-02,9.305555939508942e-14,1.599771584073815e+00,1.647627073453549e+02,4.880199471884599e-01,1.044154164483996e+01,3.230886412009822e-02,1.341522807976793e+01,1.091816829893692e+00,1.119156609746339e+00,4.274639408650095e-02,4.211481256968150e+00,REACHED_FORCE,REACHED_FORCE,REACHED_FORCE,2,0,0,2,0,0,2,0,0,1.486851781107783e-03,NaN,5.551644241820177e-03,NaN,2.603821835825360e-04,NaN,6.943590376388488e-02,2.405785260230219e-01,5.537935429543790e-02,solution good enough for the tolerances given,solution good enough for the tolerances given,solution good enough for the tolerances given,4.332728380677486e-03,1.416896340267761e-02,2.488109780892067e-03,3.041877540294764e-14,1.486851781107783e-03,8.184099096507340e-14,5.551644241820177e-03,5.530943630279263e-15,2.603821835825360e-04,1.486851781107783e-03,5.551644241820177e-03,2.603821835825360e-04,2.948967597482636e-01,2.880145777502196e+00,5.466968223042723e-01,7.306914195450867e-01,5.355271266456345e-01,9.800000000000000e-01,1.975195253020135e-02,1.915783386051917e-03,9.980842166139481e-01,9.938079048469215e-01,9.837748114503532e-01,9.650030372432093e-01,9.517475533965253e-01,9.352587136109031e-01,9.218300968042791e-01,8.958911034343512e-01,8.396687928305878e-01,8.349420363570311e-01,1.704878909406810e-01,2.118340290207741e-01,7.297009039102417e-02,1.070344245269340e-01,1.670767299729508e-01,4.527717231483834e-02,4.656675886677572e-03,2.878336472900696e-02,4.176604864020632e-02,1.501135735769061e-01,false
2,1.000000000000000e+01,0,5,CONTINUE,3.527761954309755e-01,2.119589674614684e-01,1.000000000000000e-09,3.527761954309756e-02,9.305555939508942e-14,1.599771566321336e+00,1.607608905309187e+02,4.830672432221377e-01,1.034392673533754e+01,3.153592899118395e-02,1.338566527634415e+01,1.090978861328280e+00,1.118082927109947e+00,4.274639408650095e-02,4.211481256968150e+00,REACHED_FORCE,REACHED_FORCE,REACHED_FORCE,1,0,0,2,1,1,1,0,0,1.245817515766696e-02,NaN,3.583636137388923e-02,1.059235908041657e-03,2.243635423786142e-03,NaN,2.283562790736095e-02,7.923939662221223e-02,1.807575820703679e-02,solution good enough for the tolerances given,solution good enough for the tolerances given,solution good enough for the tolerances given,2.283562790736095e-02,1.606615810636612e-03,1.807575820703679e-02,1.767638659948073e-13,1.245817515766696e-02,4.548331179297885e-13,3.583636137388923e-02,2.909191475711594e-14,2.243635423786142e-03,1.245817515766696e-02,1.059235908041657e-03,2.243635423786142e-03,1.659744159911513e-01,2.874965797304776e+00,5.466968223042723e-01,7.306914195450867e-01,5.355271266456345e-01,9.800000000000000e-01,5.810346812365452e-03,6.216551435836992e-04,9.993783448564163e-01,9.979714256690060e-01,9.946057132669914e-01,9.884034972610672e-01,9.840077664124205e-01,9.782558895057338e-01,9.733179350486852e-01,9.645569547185975e-01,9.430607648009985e-01,9.411685652464342e-01,1.641135504660899e-01,1.956820891140150e-01,6.698314542290230e-02,1.109784162149929e-01,1.597362938811713e-01,4.328051392576448e-02,3.369100967481444e-03,3.083156809998847e-02,4.870281282194525e-02,1.763225090856486e-01,false
2,3.162000000000000e+01,0,3,CONTINUE,3.527761954309755e-01,2.098739669234845e-01,1.000000000000000e-09,3.527761954309756e-02,9.305555939508942e-14,1.599771564798229e+00,1.593488950310661e+02,4.907096276539213e-01,1.045038134622813e+01,3.239218560165204e-02,1.340226072756019e+01,1.079444363327368e+00,1.116187876650874e+00,4.274639408650095e-02,4.211481256968150e+00,REACHED_FORCE,REACHED_FORCE,REACHED_FORCE,1,0,0,1,0,0,1,0,0,4.005753627461250e-03,NaN,1.447969093201151e-02,NaN,7.187082785336155e-04,NaN,7.324514827496407e-03,2.557520453607949e-02,5.779180738173410e-03,solution good enough for the tolerances given,solution good enough for the tolerances given,solution good enough for the tolerances given,7.324514827496407e-03,2.557520453607949e-02,5.779180738173410e-03,1.738668397659552e-13,4.005753627461250e-03,4.949840908202863e-13,1.447969093201151e-02,3.005381799716451e-14,7.187082785336155e-04,4.005753627461250e-03,1.447969093201151e-02,7.187082785336155e-04,9.336498511516689e-02,2.873326077551018e+00,5.466968223042723e-01,7.306914195450867e-01,5.355271266456345e-01,9.800000000000000e-01,1.799641719116745e-03,1.984279718199033e-04,9.998015720281801e-01,9.993503266764046e-01,9.982642660641772e-01,9.962778390992373e-01,9.948665191480386e-01,9.929941525455929e-01,9.913578265484888e-01,9.885125100082821e-01,9.812631923239417e-01,9.806144358761655e-01,1.618362140793392e-01,1.900559594476107e-01,6.492373334829298e-02,1.117024718935670e-01,1.568866553926137e-01,4.265901749729517e-02,3.109865346954813e-03,3.147860985324059e-02,5.126137869360850e-02,1.860860944474768e-01,true
2,1.000000000000000e+02,0,3,CONTINUE,3.527761954309755e-01,2.108245513880473e-01,1.000000000000000e-09,3.527761954309756e-02,9.305555939508942e-14,1.599771564483582e+00,1.588869707188555e+02,4.870049276170382e-01,1.041966267903932e+01,3.224893142298565e-02,1.341654787214052e+01,1.090316081650753e+00,1.120856179789701e+00,4.274639408650095e-02,4.211481256968150e+00,REACHED_FORCE,REACHED_FORCE,REACHED_FORCE,1,0,0,1,0,0,1,0,0,1.273339203927677e-03,NaN,4.615928122860160e-03,NaN,2.282036231638379e-04,NaN,2.326833434544664e-03,8.140423865628412e-03,1.833859530983765e-03,solution good enough for the tolerances given,solution good enough for the tolerances given,solution good enough for the tolerances given,2.326833434544664e-03,8.140423865628412e-03,1.833859530983765e-03,6.640979969295309e-13,1.273339203927677e-03,1.524922181212054e-12,4.615928122860160e-03,1.013987471370021e-13,2.282036231638379e-04,1.273339203927677e-03,4.615928122860160e-03,2.282036231638379e-04,5.250542399934324e-02,2.872807270168949e+00,5.466968223042723e-01,7.306914195450867e-01,5.355271266456345e-01,9.800000000000000e-01,5.655488709614115e-04,6.293386182731897e-05,9.999370661381727e-01,9.997937220345509e-01,9.994480578494164e-01,9.988175133832441e-01,9.983691164195799e-01,9.977717321961284e-01,9.972467308326110e-01,9.963388933702634e-01,9.939985291841926e-01,9.937879384748556e-01,1.610830964153441e-01,1.882203562110373e-01,6.425529583436831e-02,1.118744864339970e-01,1.559283525044103e-01,4.246015717801755e-02,3.038391627716706e-03,3.168160443684562e-02,5.211246756432034e-02,1.893457917939429e-01,false
2,3.162000000000000e+02,0,3,CONTINUE,3.527761954309755e-01,2.111246125747278e-01,1.000000000000000e-09,3.527761954309756e-02,9.305555939508942e-14,1.599771564396899e+00,1.587393747083069e+02,4.858333580150929e-01,1.040982486553621e+01,3.220346238426836e-02,1.342092367840131e+01,1.093830256587024e+00,1.122348332199829e+00,4.274639408650095e-02,4.211481256968150e+00,REACHED_FORCE,REACHED_FORCE,REACHED_FORCE,1,0,0,1,0,0,1,0,0,4.033769739147780e-04,NaN,1.463590840635887e-03,NaN,7.226656049486196e-05,NaN,7.369748908764363e-04,2.579874374162964e-03,5.806236748999201e-04,solution good enough for the tolerances given,solution good enough for the tolerances given,solution good enough for the tolerances given,7.369748908764363e-04,2.579874374162964e-03,5.806236748999201e-04,1.615046856550251e-12,4.033769739147780e-04,5.332157838341696e-12,1.463590840635887e-03,3.038001636062803e-13,7.226656049486196e-05,4.033769739147780e-04,1.463590840635887e-03,7.226656049486196e-05,2.952810911806648e-02,2.872643217101945e+00,5.466968223042723e-01,7.306914195450867e-01,5.355271266456345e-01,9.800000000000000e-01,1.785184701070503e-04,1.992254501681501e-05,9.999800774549832e-01,9.999346770560111e-01,9.998251307229071e-01,9.996254758406394e-01,9.994834533582956e-01,9.992939925465067e-01,9.991271947103102e-01,9.988392487414447e-01,9.980941811635653e-01,9.980270210074333e-01,1.608414400781550e-01,1.876342316807104e-01,6.404223636263855e-02,1.119229840400643e-01,1.556194817010173e-01,4.239694878301463e-02,3.016736059182153e-03,3.174555604943604e-02,5.238593325980753e-02,1.903944519859740e-01,false
2,1.000000000000000e+03,0,3,CONTINUE,3.527761954309755e-01,2.112194645365026e-01,1.000000000000000e-09,3.527761954309756e-02,9.305555939508942e-14,1.599771564373039e+00,1.586925377537932e+02,4.854627950902399e-01,1.040670072252531e+01,3.218906392021287e-02,1.342229312138307e+01,1.094949515747701e+00,1.122821900636377e+00,4.274639408650095e-02,4.211481256968150e+00,REACHED_FORCE,REACHED_FORCE,REACHED_FORCE,1,0,0,1,0,0,1,0,0,1.276155863648585e-04,NaN,4.631663172117110e-04,NaN,2.286031274772154e-05,NaN,2.331421717070863e-04,8.163004735283720e-04,1.836589882935275e-04,solution good enough for the tolerances given,solution good enough for the tolerances given,solution good enough for the tolerances given,2.331421717070863e-04,8.163004735283720e-04,1.836589882935275e-04,9.532415842846478e-12,1.276155863648585e-04,3.236340425906465e-11,4.631663172117110e-04,1.797607604129939e-12,2.286031274772154e-05,1.276155863648585e-04,4.631663172117110e-04,2.286031274772154e-05,1.660429697038010e-02,2.872591328247354e+00,5.466968223042723e-01,7.306914195450867e-01,5.355271266456345e-01,9.800000000000000e-01,5.641392215792498e-05,6.301453821966341e-06,9.999936985461780e-01,9.999793362039039e-01,9.999446747440476e-01,9.998815197586225e-01,9.998365907792001e-01,9.997766297703843e-01,9.997238118447704e-01,9.996326788656977e-01,9.993965937254300e-01,9.993753012470635e-01,1.607646460712008e-01,1.874482716518363e-01,6.397467778277866e-02,1.119377274917221e-01,1.555211975301051e-01,4.237692038821887e-02,3.009977863803937e-03,3.176575751388209e-02,5.247286880880739e-02,1.907279548976443e-01,false
2,3.162000000000000e+03,0,3,CONTINUE,3.527761954309755e-01,2.112494490220640e-01,1.000000000000000e-09,3.527761954309756e-02,9.305555939508942e-14,1.599771564359766e+00,1.586777135717077e+02,4.853456310731618e-01,1.040571168339706e+01,3.218450975364499e-02,1.342272463729770e+01,1.095304179345423e+00,1.122971794094628e+00,4.274639408650095e-02,4.211481256968150e+00,REACHED_FORCE,REACHED_FORCE,REACHED_FORCE,1,0,0,1,0,0,1,0,0,4.036591811608392e-05,NaN,1.465168310498931e-04,NaN,7.230664103585877e-06,NaN,7.374359170875482e-05,2.582140252628664e-04,5.808975656844241e-05,solution good enough for the tolerances given,solution good enough for the tolerances given,solution good enough for the tolerances given,7.374359170875482e-05,2.582140252628664e-04,5.808975656844241e-05,2.215663766240059e-11,4.036591811608392e-05,7.036822390640097e-11,1.465168310498931e-04,4.473339505227393e-12,7.230664103585877e-06,4.036591811608392e-05,1.465168310498931e-04,7.230664103585877e-06,9.337718978780711e-03,2.872574922129016e+00,5.466968223042723e-01,7.306914195450867e-01,5.355271266456345e-01,9.800000000000000e-01,1.783786420965251e-05,1.993064413619017e-06,9.999980069355864e-01,9.999934640907721e-01,9.999824999184788e-01,9.999625243957704e-01,9.999483132097774e-01,9.999293448586116e-01,9.999126332492190e-01,9.998838034716087e-01,9.998090906615693e-01,9.998023511393939e-01,1.607403292395549e-01,1.873894177641580e-01,6.395330030375367e-02,1.119423292408720e-01,1.554900629935448e-01,4.237058413465551e-02,3.007850101756576e-03,3.177214210289100e-02,5.250040012824250e-02,1.908335839905709e-01,false
2,1.000000000000000e+04,0,3,CONTINUE,3.527761954309755e-01,2.112589320197356e-01,1.000000000000000e-09,3.527761954309756e-02,9.305555939508942e-14,1.599771564338748e+00,1.586730233483440e+02,4.853085742615014e-01,1.040539874171881e+01,3.218306918596654e-02,1.342286096678790e+01,1.095416430877914e+00,1.123019218875678e+00,4.274639408650095e-02,4.211481256968150e+00,REACHED_FORCE,REACHED_FORCE,REACHED_FORCE,1,0,0,1,0,0,1,0,0,1.276438177006039e-05,NaN,4.633241532017009e-05,NaN,2.286432400929141e-06,NaN,2.331883336194525e-05,8.165272560457582e-05,1.836863982141112e-05,solution good enough for the tolerances given,solution good enough for the tolerances given,solution good enough for the tolerances given,2.331883336194525e-05,8.165272560457582e-05,1.836863982141112e-05,1.588227409906478e-10,1.276438177006039e-05,4.084604190845520e-10,4.633241532017009e-05,2.678298768184795e-11,2.286432400929141e-06,1.276438177006039e-05,4.633241532017009e-05,2.286432400929141e-06,5.250759473604085e-03,2.872569733162370e+00,5.466968223042723e-01,7.306914195450867e-01,5.355271266456345e-01,9.800000000000000e-01,5.639997883671558e-06,6.302264548008196e-07,9.999993697735452e-01,9.999979332585187e-01,9.999944661577465e-01,9.999881496566061e-01,9.999836558647943e-01,9.999776575370617e-01,9.999723725611817e-01,9.999632557378454e-01,9.999396265858118e-01,9.999374949825792e-01,1.607326347714469e-01,1.873707974794789e-01,6.394653722591871e-02,1.119437786670820e-01,1.554802097453059e-01,4.236857970041619e-02,3.007178028334204e-03,3.177416117668643e-02,5.250911220502318e-02,1.908670110003083e-01,false
2,3.162000000000000e+04,0,3,CONTINUE,3.527761954309755e-01,2.112619302483389e-01,1.000000000000000e-09,3.527761954309756e-02,9.305555939508942e-14,1.599771564417108e+00,1.586715400431747e+02,4.852968577430339e-01,1.040529978652829e+01,3.218261369707276e-02,1.342290405956261e+01,1.095451929889032e+00,1.123034215040501e+00,4.274639408650095e-02,4.211481256968150e+00,REACHED_FORCE,REACHED_FORCE,REACHED_FORCE,1,0,0,1,0,0,1,0,0,4.036874224187481e-06,NaN,1.465326211503309e-05,NaN,7.231065423953610e-07,NaN,7.374821085103263e-06,2.582367149136472e-05,5.809249885097654e-06,solution good enough for the tolerances given,solution good enough for the tolerances given,solution good enough for the tolerances given,7.374821085103263e-06,2.582367149136472e-05,5.809249885097654e-06,2.244641271094153e-10,4.036874224187481e-06,6.515983246048001e-10,1.465326211503309e-05,3.598819940651961e-11,7.231065423953610e-07,4.036874224187481e-06,1.465326211503309e-05,7.231065423953610e-07,2.952849523049265e-03,2.872568092542420e+00,5.466968223042723e-01,7.306914195450867e-01,5.355271266456345e-01,9.800000000000000e-01,1.783647079827719e-06,1.993145534173735e-07,9.999998006854466e-01,9.999993463728694e-01,9.999982498601111e-01,9.999962522075830e-01,9.999948309995744e-01,9.999929339417263e-01,9.999912624623567e-01,9.999883791317387e-01,9.999809057854200e-01,9.999802315974581e-01,1.607302012072070e-01,1.873649101573252e-01,6.394439870464942e-02,1.119442364206383e-01,1.554770936332841e-01,4.236794594227913e-02,3.006965630825430e-03,3.177479949850353e-02,5.251186737649495e-02,1.908775814287943e-01,false
2,1.000000000000000e+05,0,3,CONTINUE,3.527761954309755e-01,2.112628784324676e-01,1.000000000000000e-09,3.527761954309756e-02,9.305555939508942e-14,1.599771564398486e+00,1.586710696170204e+02,4.852931531261166e-01,1.040526848447618e+01,3.218246966926938e-02,1.342291765737869e+01,1.095463156286130e+00,1.123038957999687e+00,4.274639408650095e-02,4.211481256968150e+00,REACHED_FORCE,REACHED_FORCE,REACHED_FORCE,1,0,0,1,0,0,1,0,0,1.276466414917169e-06,NaN,4.633399406677759e-06,NaN,2.286472530944045e-07,NaN,2.331929526972275e-06,8.165499414035773e-06,1.836891403762459e-06,solution good enough for the tolerances given,solution good enough for the tolerances given,solution good enough for the tolerances given,2.331929526972275e-06,8.165499414035773e-06,1.836891403762459e-06,1.340784093382825e-09,1.276466414917169e-06,3.705679859484813e-09,4.633399406677759e-06,2.385562047859020e-10,2.286472530944045e-07,1.276466414917169e-06,4.633399406677759e-06,2.286472530944045e-07,1.660436563268007e-03,2.872567573644943e+00,5.466968223042723e-01,7.306914195450867e-01,5.355271266456345e-01,9.800000000000000e-01,5.639858590192903e-07,6.302345723074865e-08,9.999999369765428e-01,9.999997933222313e-01,9.999994466026021e-01,9.999988149424635e-01,9.999983655543444e-01,9.999977656993010e-01,9.999972371698730e-01,9.999963254522536e-01,9.999939623305170e-01,9.999937491466194e-01,1.607294309483750e-01,1.873630485343807e-01,6.394372243341032e-02,1.119443810975504e-01,1.554761077867287e-01,4.236774515721815e-02,3.006898375353242e-03,3.177500222948267e-02,5.251273874782213e-02,1.908809246896788e-01,false
2,3.162000000000000e+05,0,3,CONTINUE,3.527761954309755e-01,2.112631777326794e-01,1.000000000000000e-09,3.527761954309756e-02,9.305555939508942e-14,1.599771565030790e+00,1.586709274644966e+02,4.852919826455476e-01,1.040525858838179e+01,3.218242413367665e-02,1.342292194029488e+01,1.095466708401601e+00,1.123040459839978e+00,4.274639408650095e-02,4.211481256968150e+00,REACHED_FORCE,REACHED_FORCE,REACHED_FORCE,1,0,0,1,0,0,1,0,0,4.036902470140464e-07,NaN,1.465341999012160e-06,NaN,7.231105577038935e-08,NaN,7.374867291890714e-07,2.582389830374861e-06,5.809277323064641e-07,solution good enough for the tolerances given,solution good enough for the tolerances given,solution good enough for the tolerances given,7.374867291890714e-07,2.582389830374861e-06,5.809277323064641e-07,1.260122644753243e-09,4.036902470140464e-07,4.463875350565064e-09,1.465341999012160e-06,3.379891131003440e-10,7.231105577038935e-08,4.036902470140464e-07,1.465341999012160e-06,7.231105577038935e-08,9.337731193448317e-04,2.872567409582867e+00,5.466968223042723e-01,7.306914195450867e-01,5.355271266456345e-01,9.800000000000000e-01,1.783633140500325e-07,1.993153586621332e-08,9.999999800684641e-01,9.999999346369244e-01,9.999998249846941e-01,9.999996252184384e-01,9.999994830967440e-01,9.999992933887323e-01,9.999991262376097e-01,9.999988379010182e-01,9.999980905457280e-01,9.999980231245749e-01,1.607291840585683e-01,1.873624609720901e-01,6.394351037967512e-02,1.119444270872537e-01,1.554757948772554e-01,4.236768208907196e-02,3.006877728381703e-03,3.177506607825734e-02,5.251301631085129e-02,1.908819804185956e-01,false
2,1.000000000000000e+06,0,3,CONTINUE,3.527761954309755e-01,2.112632719943147e-01,1.000000000000000e-09,3.527761954309756e-02,9.305555939508942e-14,1.599771563222462e+00,1.586708877082131e+02,4.852916109083012e-01,1.040525549581837e+01,3.218240989072755e-02,1.342292337838448e+01,1.095467835011929e+00,1.123040933884019e+00,4.274639408650095e-02,4.211481256968150e+00,REACHED_FORCE,REACHED_FORCE,REACHED_FORCE,1,0,0,1,0,0,1,0,0,1.276469243139856e-07,NaN,4.633415217701901e-07,NaN,2.286476537326691e-08,NaN,2.331934155972938e-07,8.165522156964366e-07,1.836894142165987e-07,solution good enough for the tolerances given,solution good enough for the tolerances given,solution good enough for the tolerances given,2.331934155972938e-07,8.165522156964366e-07,1.836894142165987e-07,4.751342193458162e-09,1.276469243139856e-07,1.437752164818248e-08,4.633415217701901e-07,7.075903189593496e-10,2.286476537326691e-08,1.276469243139856e-07,4.633415217701901e-07,2.286476537326691e-08,5.250761631142147e-04,2.872567357693111e+00,5.466968223042723e-01,7.306914195450867e-01,5.355271266456345e-01,9.800000000000000e-01,5.639844633256922e-08,6.302353305898123e-09,9.999999936976467e-01,9.999999793321873e-01,9.999999446601283e-01,9.999998814940148e-01,9.999998365551139e-01,9.999997765693851e-01,9.999997237161238e-01,9.999996325440095e-01,9.999993962297707e-01,9.999993749111449e-01,1.607291128414474e-01,1.873622683038748e-01,6.394344491879524e-02,1.119444358392613e-01,1.554756959157047e-01,4.236766116835825e-02,3.006871314696628e-03,3.177508695476745e-02,5.251309316487125e-02,1.908823295782231e-01,false
2,3.162000000000000e+06,0,3,CONTINUE,3.527761954309755e-01,2.112632951264269e-01,1.000000000000000e-09,3.527761954309756e-02,9.305555939508942e-14,1.599771568307667e+00,1.586709082151465e+02,4.852915089588828e-01,1.040525455958747e+01,3.218240580655591e-02,1.342292359090019e+01,1.095468183413436e+00,1.123041101342223e+00,4.274639408650095e-02,4.211481256968150e+00,REACHED_FORCE,REACHED_FORCE,REACHED_FORCE,1,0,0,1,0,0,1,0,0,4.036905219199380e-08,NaN,1.465343564663950e-07,NaN,7.231109657851496e-09,NaN,7.374872041143989e-08,2.582392080035778e-07,5.809280092217245e-08,solution good enough for the tolerances given,solution good enough for the tolerances given,solution good enough for the tolerances given,7.374872041143989e-08,2.582392080035778e-07,5.809280092217245e-08,1.496470393823125e-08,4.036905219199380e-08,4.861302983922846e-08,1.465343564663950e-07,3.154112449951411e-09,7.231109657851496e-09,4.036905219199380e-08,1.465343564663950e-07,7.231109657851496e-09,2.952849865946298e-04,2.872567341286902e+00,5.466968223042723e-01,7.306914195450867e-01,5.355271266456345e-01,9.800000000000000e-01,1.783631732893635e-08,1.993153864177089e-09,9.999999980068461e-01,9.999999934636887e-01,9.999999824984577e-01,9.999999625218211e-01,9.999999483096422e-01,9.999999293388179e-01,9.999999126236744e-01,9.999998837899802e-01,9.999998090542441e-01,9.999998023121062e-01,1.607290670913145e-01,1.873622180860350e-01,6.394343067348734e-02,1.119444453592846e-01,1.554756589540413e-01,4.236766461680894e-02,3.006870006499808e-03,3.177509451602427e-02,5.251312269920577e-02,1.908824279972976e-01,false
2,1.000000000000000e+07,0,3,CONTINUE,3.527761954309755e-01,2.112632991802853e-01,1.000000000000000e-09,3.527761954309756e-02,9.305555939508942e-14,1.599771576717702e+00,1.586709780529851e+02,4.852914304384686e-01,1.040525518258180e+01,3.218240493208666e-02,1.342292582409826e+01,1.095468373172386e+00,1.123041152707552e+00,4.274639408650095e-02,4.211481256968150e+00,REACHED_FORCE,REACHED_FORCE,REACHED_FORCE,1,0,0,1,0,0,1,0,0,9.874042235749594e-08,NaN,3.108245863625327e-07,NaN,1.804903841356650e-08,NaN,2.331934589332054e-08,8.165526218663590e-08,1.836894307316953e-08,solution good enough for the tolerances given,solution good enough for the tolerances given,solution good enough for the tolerances given,2.331934589332054e-08,8.165526218663590e-08,1.836894307316953e-08,9.874042235749594e-08,1.276469568236035e-08,3.108245863625327e-07,4.633417633109476e-08,1.804903841356650e-08,2.286477024970959e-09,9.874042235749594e-08,3.108245863625327e-07,1.804903841356650e-08,1.660436599106747e-04,2.872567336097927e+00,5.466968223042723e-01,7.306914195450867e-01,5.355271266456345e-01,9.800000000000000e-01,5.639842044444890e-09,6.302349753184444e-10,9.999999993697650e-01,9.999999979332181e-01,9.999999944660118e-01,9.999999881494006e-01,9.999999836555092e-01,9.999999776569340e-01,9.999999723716038e-01,9.999999632543882e-01,9.999999396229440e-01,9.999999374910798e-01,1.607289274736625e-01,1.873623690641359e-01,6.394341174803900e-02,1.119444572670626e-01,1.554758238112253e-01,4.236748080807166e-02,3.006871211400826e-03,3.177510361020484e-02,5.251311324298756e-02,1.908824417632097e-01,false
2,3.162000000000000e+07,0,3,CONTINUE,3.527761954309755e-01,2.112632301160679e-01,1.000000000000000e-09,3.527761954309756e-02,9.305555939508942e-14,1.599771583406229e+00,1.586708554702416e+02,4.852914322071565e-01,1.040525789392553e+01,3.218241015280042e-02,1.342292939383298e+01,1.095468849589896e+00,1.123041335488364e+00,4.274639408650095e-02,4.211481256968150e+00,REACHED_FORCE,REACHED_FORCE,REACHED_FORCE,1,0,0,1,0,0,1,0,0,4.100221169994008e-07,NaN,1.214976923245648e-06,NaN,7.550993200715138e-08,NaN,7.374874279833323e-09,2.582394095931043e-08,5.809279478359803e-09,solution good enough for the tolerances given,solution good enough for the tolerances given,solution good enough for the tolerances given,7.374874279833323e-09,2.582394095931043e-08,5.809279478359803e-09,4.100221169994008e-07,4.036905755322903e-09,1.214976923245648e-06,1.465344465237400e-08,7.550993200715138e-08,7.231110028575209e-10,4.100221169994008e-07,1.214976923245648e-06,7.550993200715138e-08,9.337730118624410e-05,2.872567334457306e+00,5.466968223042723e-01,7.306914195450867e-01,5.355271266456345e-01,9.800000000000000e-01,1.783629738065921e-09,1.993154530310903e-10,9.999999998006845e-01,9.999999993463689e-01,9.999999982498453e-01,9.999999962521824e-01,9.999999948309639e-01,9.999999929338810e-01,9.999999912623665e-01,9.999999883789965e-01,9.999999809054211e-01,9.999999802312073e-01,1.607292349485765e-01,1.873621348914737e-01,6.394354649254919e-02,1.119440441186751e-01,1.554755227603296e-01,4.236766593410635e-02,3.006860584467536e-03,3.177524619147452e-02,5.251468954020751e-02,1.908810545381402e-01,false
2,1.000000000000000e+08,0,3,CONTINUE,3.527761954309755e-01,2.112631790741353e-01,1.000000000000000e-09,3.527761954309756e-02,9.305555939508942e-14,1.599771777530743e+00,1.586707545312442e+02,4.852918044320031e-01,1.040525747266668e+01,3.218241658435007e-02,1.342292028251714e+01,1.095468256735217e+00,1.123041500347638e+00,4.274639408650095e-02,4.211481256968150e+00,REACHED_FORCE,REACHED_FORCE,REACHED_FORCE,1,0,0,1,0,0,1,0,0,5.086234679070100e-07,NaN,1.484754262856937e-06,NaN,9.287436606693236e-08,NaN,2.331936196380048e-09,8.165521888584924e-09,1.836894684211871e-09,solution good enough for the tolerances given,solution good enough for the tolerances given,solution good enough for the tolerances given,2.331936196380048e-09,8.165521888584924e-09,1.836894684211871e-09,5.086234679070100e-07,1.276470070138907e-09,1.484754262856937e-06,4.633416007628581e-09,9.287436606693236e-08,2.286477566797924e-10,5.086234679070100e-07,1.484754262856937e-06,9.287436606693236e-08,5.250764946526229e-05,2.872567333938409e+00,5.466968223042723e-01,7.306914195450867e-01,5.355271266456345e-01,9.800000000000000e-01,5.639831999882741e-10,6.302358634968641e-11,9.999999999369764e-01,9.999999997933220e-01,9.999999994466009e-01,9.999999988149406e-01,9.999999983655521e-01,9.999999977656937e-01,9.999999972371598e-01,9.999999963254389e-01,9.999999939622952e-01,9.999999937491084e-01,1.607296625213143e-01,1.873616620208985e-01,6.394347216852098e-02,1.119467204855673e-01,1.554727354151755e-01,4.236769317232626e-02,3.006853649461302e-03,3.177522523622998e-02,5.251459138175336e-02,1.908813839487536e-01,false
2,3.162000000000000e+08,0,3,CONTINUE,3.527761954309755e-01,2.112626582413921e-01,1.000000000000000e-09,3.527761954309756e-02,9.305555939508942e-14,1.599772106010230e+00,1.586650224662633e+02,4.852936331523774e-01,1.040526817222453e+01,3.218250688940190e-02,1.342289034002552e+01,1.095468058397344e+00,1.123042512684217e+00,4.274639408650095e-02,4.211481256968150e+00,REACHED_FORCE,REACHED_FORCE,REACHED_FORCE,1,0,0,1,0,0,1,0,0,1.500165145884661e-06,NaN,4.573767479199556e-06,NaN,2.807319316451183e-07,NaN,7.374881068642888e-10,2.582382601734035e-09,5.809282273436438e-10,solution good enough for the tolerances given,solution good enough for the tolerances given,solution good enough for the tolerances given,7.374881068642888e-10,2.582382601734035e-09,5.809282273436438e-10,1.500165145884661e-06,4.036901762913689e-10,4.573767479199556e-06,1.465340284614609e-09,2.807319316451183e-07,7.231105750993908e-11,1.500165145884661e-06,4.573767479199556e-06,2.807319316451183e-07,2.952849234293838e-05,2.872567333774346e+00,5.466968223042723e-01,7.306914195450867e-01,5.355271266456345e-01,9.800000000000000e-01,1.783637997786754e-10,1.993227805030529e-11,9.999999999800677e-01,9.999999999346358e-01,9.999999998249853e-01,9.999999996252189e-01,9.999999994830966e-01,9.999999992933883e-01,9.999999991262369e-01,9.999999988378996e-01,9.999999980905412e-01,9.999999980231213e-01,1.607342462352246e-01,1.873609406293673e-01,6.394709233223982e-02,1.119388049745499e-01,1.554722680024264e-01,4.236755385005655e-02,3.006849910781176e-03,3.177474738502442e-02,5.251484124214842e-02,1.908826554381820e-01,false
2,1.000000000000000e+09,0,3,CONTINUE,3.527761954309755e-01,2.112623299818358e-01,1.000000000000000e-09,3.527761954309756e-02,9.305555939508942e-14,1.599769115656589e+00,1.586444845477705e+02,4.852970270774414e-01,1.040532184937984e+01,3.218276100783311e-02,1.342289413672544e+01,1.095466914546008e+00,1.123044967553387e+00,4.274639408650095e-02,4.211481256968150e+00,REACHED_FORCE,REACHED_FORCE,REACHED_FORCE,1,0,0,1,0,0,1,0,0,7.028746763742392e-06,NaN,1.439145884990882e-05,NaN,8.854918089977890e-07,NaN,2.331950258167435e-10,8.165455181483675e-10,1.836898612067543e-10,solution good enough for the tolerances given,solution good enough for the tolerances given,solution good enough for the tolerances given,2.331950258167435e-10,8.165455181483675e-10,1.836898612067543e-10,7.028746763742392e-06,1.276474746961129e-10,1.439145884990882e-05,4.633404771848365e-10,8.854918089977890e-07,2.286472718872450e-11,7.028746763742392e-06,1.439145884990882e-05,8.854918089977890e-07,1.660430715124225e-05,2.872567333722456e+00,5.466968223042723e-01,7.306914195450867e-01,5.355271266456345e-01,9.800000000000000e-01,5.642212525859365e-11,6.303402244611789e-12,9.999999999936966e-01,9.999999999793308e-01,9.999999999446587e-01,9.999999998814932e-01,9.999999998365541e-01,9.999999997765689e-01,9.999999997237137e-01,9.999999996325430e-01,9.999999993962292e-01,9.999999993749098e-01,1.607359053309867e-01,1.873593910973400e-01,6.394460788471312e-02,1.119423208878777e-01,1.554726518387666e-01,4.236625712018418e-02,3.006343673503519e-03,3.177458503197966e-02,5.251684419813019e-02,1.908810929365179e-01,false
2,3.162000000000000e+09,0,3,CONTINUE,3.527761954309755e-01,2.112616701790446e-01,1.000000000000000e-09,3.527761954309756e-02,9.305555939508942e-14,1.599779296396544e+00,1.586773960782594e+02,4.852821533936219e-01,1.040541462595033e+01,3.218271856376567e-02,1.342326380637353e+01,1.095497429553964e+00,1.123039545564547e+00,4.274639408650095e-02,4.211481256968150e+00,REACHED_FORCE,REACHED_FORCE,REACHED_FORCE,1,0,0,1,0,0,1,0,0,2.687248279022545e-05,NaN,8.737273752663224e-05,NaN,4.684657430552590e-06,NaN,7.374932716947162e-11,2.582507615966063e-10,5.809190676570063e-11,solution good enough for the tolerances given,solution good enough for the tolerances given,solution good enough for the tolerances given,7.374932716947162e-11,2.582507615966063e-10,5.809190676570063e-11,2.687248279022545e-05,4.036896059471954e-11,8.737273752663224e-05,1.465361900658781e-10,4.684657430552590e-06,7.230908982254078e-12,2.687248279022545e-05,8.737273752663224e-05,4.684657430552590e-06,9.337691120505181e-06,2.872567333706050e+00,5.466968223042723e-01,7.306914195450867e-01,5.355271266456345e-01,9.800000000000000e-01,1.783748563911946e-11,1.993072373807081e-12,9.999999999980069e-01,9.999999999934635e-01,9.999999999824982e-01,9.999999999625220e-01,9.999999999483102e-01,9.999999999293390e-01,9.999999999126250e-01,9.999999998837898e-01,9.999999998090545e-01,9.999999998023130e-01,1.607447196248760e-01,1.873642101151061e-01,6.394691253567229e-02,1.119349019757382e-01,1.554547562246269e-01,4.238499960926362e-02,2.993670437370409e-03,3.177823477019324e-02,5.252733452961876e-02,1.908702601775346e-01,false
2,1.000000000000000e+10,0,3,CONTINUE,3.527761954309755e-01,2.112436739228189e-01,1.000000000000000e-09,3.527761954309756e-02,9.305555939508942e-14,1.599783891716895e+00,-9.999999999993687e-01,4.853799245612211e-01,1.040529896295010e+01,3.218533131610796e-02,1.342106954246062e+01,1.095406617528036e+00,1.123085372962983e+00,4.274639408650095e-02,4.211481256968150e+00,REACHED_FORCE,REACHED_FORCE,REACHED_FORCE,1,0,0,1,0,0,1,0,0,7.583111561728482e-05,NaN,2.013391598875872e-04,NaN,1.215939679448019e-05,NaN,2.331943556887607e-11,8.163993484359842e-11,1.837006803972993e-11,solution good enough for the tolerances given,solution good enough for the tolerances given,solution good enough for the tolerances given,2.331943556887607e-11,8.163993484359842e-11,1.837006803972993e-11,7.583111561728482e-05,1.276430260115603e-11,2.013391598875872e-04,4.632763134653267e-11,1.215939679448019e-05,2.286595342869736e-12,7.583111561728482e-05,2.013391598875872e-04,1.215939679448019e-05,5.250455388883185e-06,2.872567333700861e+00,5.466968223042723e-01,7.306914195450867e-01,5.355271266456345e-01,9.800000000000000e-01,5.712490829902264e-12,6.312728118018640e-13,9.999999999993687e-01,9.999999999979323e-01,9.999999999944629e-01,9.999999999881453e-01,9.999999999836524e-01,9.999999999776537e-01,9.999999999723628e-01,9.999999999632538e-01,9.999999999396234e-01,9.999999999374916e-01,1.608131760352050e-01,1.873651706553995e-01,6.393219827650096e-02,1.119887462039806e-01,1.553173839319225e-01,4.239490771287175e-02,2.983977983923360e-03,3.184221124648754e-02,5.253712298283217e-02,1.908251049708767e-01,false
2,3.162000000000000e+10,0,3,CONTINUE,3.527761954309755e-01,2.112493638098128e-01,1.000000000000000e-09,3.527761954309756e-02,9.305555939508942e-14,1.599766718528534e+00,-9.999999999997999e-01,4.853408303039198e-01,1.040652030712749e+01,3.218745476420473e-02,1.342317962268918e+01,1.095701428321885e+00,1.123088258262289e+00,4.274639408650095e-02,4.211481256968150e+00,REACHED_FORCE,REACHED_FORCE,REACHED_FORCE,1,0,0,1,0,0,1,0,0,1.727425991238419e-04,NaN,4.687098591165741e-04,NaN,2.468858662688266e-05,NaN,7.376387805640227e-12,2.582362327962922e-11,5.809441363215298e-12,solution good enough for the tolerances given,solution good enough for the tolerances given,solution good enough for the tolerances given,7.376387805640227e-12,2.582362327962922e-11,5.809441363215298e-12,1.727425991238419e-04,4.037238265976007e-12,4.687098591165741e-04,1.465436615745500e-11,2.468858662688266e-05,7.231108602714775e-13,1.727425991238419e-04,4.687098591165741e-04,2.468858662688266e-05,2.952686804890832e-06,2.872567333699221e+00,5.466968223042723e-01,7.306914195450867e-01,5.355271266456345e-01,9.800000000000000e-01,1.817643552351032e-12,2.000621890374532e-13,9.999999999997999e-01,9.999999999993459e-01,9.999999999982483e-01,9.999999999962512e-01,9.999999999948304e-01,9.999999999929330e-01,9.999999999912597e-01,9.999999999883789e-01,9.999999999809044e-01,9.999999999802311e-01,1.616512800601920e-01,1.869770114394437e-01,6.414444580840253e-02,1.125869537651081e-01,1.539845369604956e-01,4.243758528791848e-02,2.972186936455525e-03,3.178833262860806e-02,5.249337184017899e-02,1.909642952731974e-01,false
2,1.000000000000000e+11,0,3,CONTINUE,3.527761954309755e-01,2.112871798909181e-01,1.000000000000000e-09,3.527761954309756e-02,9.305555939508942e-14,1.599744113150875e+00,-9.999999999999354e-01,4.856461107577960e-01,1.040147771391993e+01,3.218991669611321e-02,1.340934282236085e+01,1.093899068685465e+00,1.122694375878752e+00,4.274639408650095e-02,4.211481256968150e+00,REACHED_FORCE,REACHED_FORCE,REACHED_FORCE,1,0,0,1,0,0,1,0,0,9.315140089331954e-04,NaN,2.727825919626577e-03,NaN,1.588761883450800e-04,NaN,2.333423827676488e-12,8.151400300905921e-12,1.837267215591288e-12,solution good enough for the tolerances given,solution good enough for the tolerances given,solution good enough for the tolerances given,2.333423827676488e-12,8.151400300905921e-12,1.837267215591288e-12,9.315140089331954e-04,1.276544328950287e-12,2.727825919626577e-03,4.627715588718493e-12,1.588761883450800e-04,2.289646684197536e-13,9.315140089331954e-04,2.727825919626577e-03,1.588761883450800e-04,1.660928105484578e-06,2.872567333698702e+00,5.466968223042723e-01,7.306914195450867e-01,5.355271266456345e-01,9.800000000000000e-01,6.811985011590477e-13,6.461498003318411e-14,9.999999999999354e-01,9.999999999997908e-01,9.999999999994407e-01,9.999999999988101e-01,9.999999999983613e-01,9.999999999977596e-01,9.999999999972233e-01,9.999999999963249e-01,9.999999999939626e-01,9.999999999937490e-01,1.647774836297632e-01,1.859480656490105e-01,6.444663614967941e-02,1.152607841793285e-01,1.500746642591131e-01,4.113412157451145e-02,3.043038312559653e-03,3.180857366336838e-02,5.145609677623592e-02,1.920505358064298e-01,false
2,3.162000000000000e+11,0,3,CONTINUE,3.527761954309755e-01,2.109466351152822e-01,1.000000000000000e-09,3.527761954309756e-02,9.305555939508942e-14,1.599784687407031e+00,-9.999999999999796e-01,4.868566300995126e-01,1.040394736659954e+01,3.222249297062006e-02,1.339294358017324e+01,1.093867888069191e+00,1.123570654702590e+00,4.274639408650095e-02,4.211481256968150e+00,REACHED_FORCE,REACHED_FORCE,REACHED_FORCE,1,0,0,1,0,0,1,0,0,1.996704707221781e-03,NaN,5.343308143250154e-03,NaN,3.454638527861668e-04,NaN,7.374853826321959e-13,2.573505854115258e-12,5.817035562222755e-13,solution good enough for the tolerances given,solution good enough for the tolerances given,solution good enough for the tolerances given,7.374853826321959e-13,2.573505854115258e-12,5.817035562222755e-13,1.996704707221781e-03,4.043740189553004e-13,5.343308143250154e-03,1.462533563902788e-12,3.454638527861668e-04,7.240519281576217e-14,1.996704707221781e-03,5.343308143250154e-03,3.454638527861668e-04,9.339117774958848e-07,2.872567333698538e+00,5.466968223042723e-01,7.306914195450867e-01,5.355271266456345e-01,9.800000000000000e-01,4.884338937067789e-13,2.042810365310288e-14,9.999999999999796e-01,9.999999999999314e-01,9.999999999998068e-01,9.999999999996048e-01,9.999999999994627e-01,9.999999999992688e-01,9.999999999990394e-01,9.999999999988378e-01,9.999999999980898e-01,9.999999999980231e-01,1.752566019977163e-01,1.837667802288373e-01,6.008424892309371e-02,1.349571158543898e-01,1.312992000169379e-01,3.858749806618601e-02,9.489788438415016e-04,3.209083230636797e-02,5.317879430242950e-02,1.898299494602009e-01,false
2,1.000000000000000e+12,0,3,CONTINUE,3.527761954309755e-01,2.085857714394558e-01,1.000000000000000e-09,3.527761954309756e-02,9.305555939508942e-14,1.600995246131419e+00,-9.999999999999869e-01,4.853849536009770e-01,1.050593394807550e+01,3.240514569898492e-02,1.355596872627394e+01,1.108809640595269e+00,1.128324738198307e+00,4.274639408650095e-02,4.211481256968150e+00,REACHED_FORCE,REACHED_FORCE,REACHED_FORCE,1,0,0,1,0,0,1,0,0,1.051028091368306e-02,NaN,3.478425402724729e-02,NaN,2.011055371068438e-03,NaN,2.341196184907980e-13,8.305011402780103e-13,1.828569493603985e-13,solution good enough for the tolerances given,solution good enough for the tolerances given,solution good enough for the tolerances given,2.341196184907980e-13,8.305011402780103e-13,1.828569493603985e-13,1.051028091368306e-02,1.265023376647188e-13,3.478425402724729e-02,4.673970501182914e-13,2.011055371068438e-03,2.278524972815832e-14,1.051028091368306e-02,3.478425402724729e-02,2.011055371068438e-03,5.264139691786675e-07,2.872567333698486e+00,5.466968223042723e-01,7.306914195450867e-01,5.355271266456345e-01,9.800000000000000e-01,1.231554090912862e-13,1.310063169057685e-14,9.999999999999869e-01,9.999999999999802e-01,9.999999999999301e-01,9.999999999998641e-01,9.999999999998199e-01,9.999999999997580e-01,9.999999999996316e-01,9.999999999993960e-01,9.999999999993956e-01,9.999999999993754e-01,3.861659767471999e-01,1.607289424586289e-02,3.467536021644425e-02,1.997708585228179e-01,6.104832693837476e-02,2.375801305164904e-02,3.162332307063005e-02,5.130531194951782e-02,1.374230876023296e-03,1.942057043814812e-01,false
2,3.162000000000000e+12,0,3,CONTINUE,3.527761954309755e-01,2.067967753049439e-01,1.000000000000000e-09,3.527761954309756e-02,9.305555939508942e-14,1.603928273875016e+00,-9.999999999999951e-01,5.003033897213777e-01,1.039839164903851e+01,3.304876679293602e-02,1.317541928804312e+01,1.075337882410335e+00,1.135860838423073e+00,4.274639408650095e-02,4.211481256968150e+00,REACHED_FORCE,REACHED_FORCE,REACHED_FORCE,1,0,0,1,0,0,1,0,0,1.221838173273615e-02,NaN,3.330214438080317e-02,NaN,2.472421880436999e-03,NaN,7.572512783041958e-14,2.515059598906299e-13,5.862719534549513e-14,solution good enough for the tolerances given,solution good enough for the tolerances given,solution good enough for the tolerances given,7.572512783041958e-14,2.515059598906299e-13,5.862719534549513e-14,1.221838173273615e-02,4.038036747818796e-14,3.330214438080317e-02,1.438978349540512e-13,2.472421880436999e-03,7.214853793772284e-15,1.221838173273615e-02,3.330214438080317e-02,2.472421880436999e-03,3.009887021291875e-07,2.872567333698470e+00,5.466968223042723e-01,7.306914195450867e-01,5.355271266456345e-01,9.800000000000000e-01,6.108794944805686e-14,4.884981308350689e-15,9.999999999999951e-01,9.999999999999898e-01,9.999999999999789e-01,9.999999999999618e-01,9.999999999999445e-01,9.999999999999292e-01,9.999999999998825e-01,9.999999999998455e-01,9.999999999998084e-01,9.999999999998028e-01,4.384296425815974e-01,3.568045486598860e-02,5.077244891396125e-02,1.307640483875993e-01,8.079271561585276e-02,1.343369047609515e-03,2.727734520340959e-02,1.915137065213951e-06,1.871706518732968e-03,2.330663537281837e-01,false
2,1.000000000000000e+13,0,5,CONTINUE,3.527761954309755e-01,2.105151375118010e-01,1.000000000000000e-09,3.527761954309756e-02,9.305555939508942e-14,1.649670193175906e+00,-9.999999999999973e-01,4.872226850131685e-01,1.039610120211024e+01,3.218428974979826e-02,1.334696365162233e+01,1.086527955099088e+00,1.120907512362047e+00,4.274639408650095e-02,4.211481256968150e+00,REACHED_FORCE,REACHED_FORCE,REACHED_FORCE,1,1,1,1,1,1,1,0,0,3.665780571866017e-02,3.030521834007853e-03,1.112229171888511e-01,4.410212351077771e-03,5.441867880831223e-03,NaN,2.443895470139567e-14,7.697290834423448e-14,1.803572261241928e-14,solution good enough for the tolerances given,solution good enough for the tolerances given,solution good enough for the tolerances given,2.443895470139567e-14,7.697290834423448e-14,1.803572261241928e-14,3.665780571866017e-02,1.266164064994029e-14,1.112229171888511e-01,4.534236178694834e-14,5.441867880831223e-03,2.252859485011899e-15,3.030521834007853e-03,4.410212351077771e-03,5.441867880831223e-03,1.685873940435761e-07,2.872567333698465e+00,5.466968223042723e-01,7.306914195450867e-01,5.355271266456345e-01,9.800000000000000e-01,1.523943989524828e-14,2.664535259100376e-15,9.999999999999973e-01,9.999999999999891e-01,9.999999999999873e-01,9.999999999999867e-01,9.999999999999842e-01,9.999999999999796e-01,9.999999999999671e-01,9.999999999999432e-01,9.999999999999409e-01,9.999999999999394e-01,5.166302726406872e-01,1.336890658098565e-139,1.187519814447098e-84,2.922225422032404e-223,5.536054226851277e-195,2.461216505317752e-01,7.181578809546239e-84,1.925930014077528e-223,1.176238918971248e-84,2.372480768275380e-01,false
2,3.162000000000000e+13,0,7,CONTINUE,3.527761954309755e-01,2.082475295832574e-01,1.000000000000000e-09,3.527761954309756e-02,9.305555939508942e-14,1.716010008676228e+00,-9.999999999999987e-01,4.920440888369175e-01,1.040666791463804e+01,3.330851872028498e-02,1.325287386742564e+01,1.083097147561971e+00,1.125648273782744e+00,4.274639408650095e-02,4.211481256968150e+00,REACHED_FORCE,REACHED_FORCE,REACHED_FORCE,1,2,2,1,2,2,1,0,0,1.468200865131875e-01,4.036923598204831e-02,4.654737785374367e-01,8.764401705204569e-02,2.861217551829368e-02,NaN,8.993320351437598e-15,2.150028124220933e-14,5.702909594833737e-15,solution good enough for the tolerances given,solution good enough for the tolerances given,solution good enough for the tolerances given,8.993320351437598e-15,2.150028124220933e-14,5.702909594833737e-15,1.468200865131875e-01,3.650202709892697e-15,4.654737785374367e-01,1.340308807538725e-14,2.861217551829368e-02,5.988613820917706e-16,9.291714672377067e-03,3.376297946166525e-02,2.861217551829368e-02,8.429369702178807e-08,2.872567333698463e+00,5.466968223042723e-01,7.306914195450867e-01,5.355271266456345e-01,9.800000000000000e-01,6.984756099258751e-15,1.332267629550188e-15,9.999999999999987e-01,9.999999999999971e-01,9.999999999999931e-01,9.999999999999927e-01,9.999999999999916e-01,9.999999999999913e-01,9.999999999999911e-01,9.999999999999880e-01,9.999999999999878e-01,9.999999999999816e-01,6.639868366518955e-01,1.631279871324283e-115,2.103194382224367e-201,1.055902552071290e-57,1.739797493218646e-86,4.627563094919971e-230,7.788429890327422e-259,3.899632112675180e-116,1.348781114159068e-172,3.360131633481045e-01,false
2,1.000000000000000e+14,1,6,CONTINUE,3.527761954309755e-01,3.245258941623119e-01,1.000000000000000e-09,3.527761954309756e-02,9.305555939508942e-14,1.958086794508901e+00,-1.000000000000001e+00,7.208229322767752e-02,2.817255680601164e+00,1.607740316122932e-02,7.082067860909113e+00,2.044111370590493e+00,9.879163013456843e-01,4.274639408650095e-02,4.211481256968150e+00,REFINE_STALLED,REFINE_STALLED,REFINE_STALLED,1,1,1,1,1,1,1,1,1,6.715967508450378e-01,8.319655801204118e-01,5.163915548470481e-01,6.331893474681571e-01,2.092505796835706e-01,1.879565198700345e-01,5.734197198113332e-15,8.702247114435900e-15,3.280828924847528e-15,solution good enough for the tolerances given,solution good enough for the tolerances given,solution good enough for the tolerances given,5.734197198113332e-15,8.702247114435900e-15,3.280828924847528e-15,6.715967508450378e-01,1.511412059564945e-15,5.163915548470481e-01,2.110273441656716e-15,2.092505796835706e-01,4.277581300655504e-16,8.319655801204118e-01,6.331893474681571e-01,1.879565198700345e-01,4.214684851089403e-08,2.872567333698462e+00,5.466968223042723e-01,7.306914195450867e-01,5.355271266456345e-01,9.800000000000000e-01,2.687016949673990e-15,-1.332267629550188e-15,1.000000000000001e+00,9.999999999999993e-01,9.999999999999991e-01,9.999999999999987e-01,9.999999999999982e-01,9.999999999999980e-01,9.999999999999978e-01,9.999999999999976e-01,9.999999999999967e-01,9.999999999999949e-01,2.194475526111913e-206,2.379330497008270e-264,1.000000000000000e+00,9.901746357256333e-177,2.503659606820803e-147,2.047087231649720e-59,4.065305684274250e-118,7.495403266326486e-89,7.228111377782523e-30,2.339521658827280e-206,false
2,3.162000000000000e+14,1,11,CONTINUE,3.527761954309755e-01,3.464191208565929e-01,1.000000000000000e-09,3.527761954309756e-02,9.305555939508942e-14,4.110363742921760e-06,7.551939867876552e-05,1.371673338782532e-01,5.575570849269274e+00,2.117161813791506e-02,1.314944234808647e+01,1.932365350731278e+00,8.833531338689640e-01,4.274639408650095e-02,4.211481256968150e+00,REFINE_STALLED,REFINE_STALLED,REFINE_STALLED,1,3,3,1,3,3,1,2,2,1.370309374616961e+05,6.244808993242546e+00,1.370329625264029e+05,7.418039883363609e+00,9.483843904521286e+04,1.001984023222721e-01,4.785499206513155e-10,4.785531660444190e-10,2.020474486518437e-10,solution good enough for the tolerances given,solution good enough for the tolerances given,solution good enough for the tolerances given,4.785499206513155e-10,4.785531660444190e-10,2.020474486518437e-10,1.370309374616961e+05,2.184761531393810e-10,1.370329625264029e+05,1.202219428939812e-10,9.483843904521286e+04,2.371080425278549e-11,4.316221716617875e-01,1.928483578830959e+00,1.002113315311078e-01,4.246686794615926e-05,2.872567333872522e+00,5.466968223042723e-01,7.306914195450867e-01,5.355271266456345e-01,9.800000000000000e-01,9.288270430879256e-11,4.187739044425598e-11,9.999999999581226e-01,9.999999999282934e-01,9.999999998944802e-01,9.999999998261417e-01,9.999999997745730e-01,9.999999996835107e-01,9.999999995705393e-01,9.999999994730069e-01,9.999999992979429e-01,9.999999992305899e-01,1.141026923890692e-01,1.959635871823757e-01,1.985727083489089e-01,1.009213765704098e-01,1.134346396899518e-01,1.235062167762413e-01,6.816091310148226e-03,1.173238506590060e-01,3.046588808799291e-04,2.905417819300896e-02,false
2,1.000000000000000e+15,1,11,CONTINUE,3.527761954309755e-01,3.464190265022313e-01,1.000000000000000e-09,3.527761954309756e-02,9.305555939508942e-14,1.299699641080563e-06,2.387936047668532e-05,1.371664340057813e-01,5.575534568692001e+00,2.117160680618942e-02,1.314936547329827e+01,1.932382694009015e+00,8.833536248511447e-01,4.274639408650095e-02,4.211481256968150e+00,REFINE_STALLED,REFINE_STALLED,REFINE_STALLED,1,3,3,1,3,3,1,2,2,4.333910095162443e+05,6.399070604063949e+01,4.333920986297685e+05,6.527383323091688e+01,2.999349462480916e+05,1.001797008484198e-01,4.785501675160059e-10,4.785519798172745e-10,2.020485518890611e-10,solution good enough for the tolerances given,solution good enough for the tolerances given,solution good enough for the tolerances given,4.785501675160059e-10,4.785519798172745e-10,2.020485518890611e-10,4.333910095162443e+05,1.715063142535766e-10,4.333920986297685e+05,2.930021279881952e-10,2.999349462480916e+05,2.371080425278549e-11,4.316248179332511e-01,1.928508336089878e+00,1.002221386523705e-01,4.246683513882735e-05,2.872567333872522e+00,5.466968223042723e-01,7.306914195450867e-01,5.355271266456345e-01,9.800000000000000e-01,9.288204771868241e-11,4.187716839965105e-11,9.999999999581228e-01,9.999999999282945e-01,9.999999998944811e-01,9.999999998261415e-01,9.999999997745721e-01,9.999999996835103e-01,9.999999995705402e-01,9.999999994730087e-01,9.999999992979427e-01,9.999999992305915e-01,1.141125418109236e-01,1.959544046270700e-01,1.985706574925179e-01,1.009219100047030e-01,1.134381897212479e-01,1.235044208610412e-01,6.816152061436432e-03,1.173223674992200e-01,3.048084805828564e-04,2.905454744125643e-02,false
2,3.162000000000000e+15,1,11,CONTINUE,3.527761954309755e-01,3.464190163184216e-01,1.000000000000000e-09,3.527761954309756e-02,9.305555939508942e-14,4.110376791303918e-07,7.551979910400165e-06,1.371663115265688e-01,5.575529712404119e+00,2.117157853228890e-02,1.314935489080422e+01,1.932385327676140e+00,8.833538261271791e-01,4.274639408650095e-02,4.211481256968150e+00,REFINE_STALLED,REFINE_STALLED,REFINE_STALLED,1,3,3,1,3,3,1,2,2,1.370589321003990e+06,6.391308253353810e+02,1.370588952158181e+06,6.404203159801325e+02,9.483814529076969e+05,1.001182842589318e-01,4.785503018398600e-10,4.785508957752303e-10,2.020474879921055e-10,solution good enough for the tolerances given,solution good enough for the tolerances given,solution good enough for the tolerances given,4.785503018398600e-10,4.785508957752303e-10,2.020474879921055e-10,1.370589321003990e+06,5.465624539992857e-10,1.370588952158181e+06,9.992666040819055e-10,9.483814529076969e+05,2.371077573557682e-11,4.316244773674233e-01,1.928520665191297e+00,1.002531776764905e-01,4.246683616485242e-05,2.872567333872522e+00,5.466968223042723e-01,7.306914195450867e-01,5.355271266456345e-01,9.800000000000000e-01,9.288234421959151e-11,4.187716839965105e-11,9.999999999581228e-01,9.999999999282947e-01,9.999999998944804e-01,9.999999998261415e-01,9.999999997745728e-01,9.999999996835112e-01,9.999999995705413e-01,9.999999994730084e-01,9.999999992979456e-01,9.999999992305924e-01,1.141135769467430e-01,1.959550429680280e-01,1.985752723718792e-01,1.009205847926940e-01,1.134340976901211e-01,1.235033104052965e-01,6.816494370890962e-03,1.173223467347076e-01,3.046961696792597e-04,2.905457754996010e-02,false
2,1.000000000000000e+16,1,11,CONTINUE,3.527761954309755e-01,3.464190600719940e-01,1.000000000000000e-09,3.527761954309756e-02,9.305555939508942e-14,1.299700766327540e-07,2.387974032812058e-06,1.371678136159820e-01,5.575560940741074e+00,2.117175965476577e-02,1.314934614544171e+01,1.932366721884340e+00,8.833554973225467e-01,4.274639408650095e-02,4.211481256968150e+00,REFINE_STALLED,REFINE_STALLED,REFINE_STALLED,1,3,3,1,3,3,1,2,2,4.336612475908102e+06,6.403060998586597e+03,4.336620550998511e+06,6.404191576324906e+03,2.999323137469410e+06,9.992408970393672e-02,4.785503144544363e-10,4.785507090660770e-10,2.020478645339270e-10,solution good enough for the tolerances given,solution good enough for the tolerances given,solution good enough for the tolerances given,4.785503144544363e-10,4.785507090660770e-10,2.020478645339270e-10,4.336612475908102e+06,2.699729450870182e-09,4.336620550998511e+06,3.692701228691437e-09,2.999323137469410e+06,2.371057611511612e-11,4.316305970370298e-01,1.928520449473801e+00,1.003504858955101e-01,4.246682752307237e-05,2.872567333872522e+00,5.466968223042723e-01,7.306914195450867e-01,5.355271266456345e-01,9.800000000000000e-01,9.288276063560009e-11,4.187650226583628e-11,9.999999999581235e-01,9.999999999282956e-01,9.999999998944817e-01,9.999999998261420e-01,9.999999997745737e-01,9.999999996835118e-01,9.999999995705404e-01,9.999999994730095e-01,9.999999992979449e-01,9.999999992305921e-01,1.141181963966707e-01,1.959564449936807e-01,1.985662554699168e-01,1.009205700328552e-01,1.134342246796305e-01,1.235063654337452e-01,6.816576587418088e-03,1.173218407987344e-01,3.047426051662658e-04,2.905478300218284e-02,false
2,3.162000000000000e+16,1,11,CONTINUE,3.527761954309755e-01,3.464063383627253e-01,1.000000000000000e-09,3.527761954309756e-02,9.305555939508942e-14,4.110370860210849e-08,7.551939867876553e-07,1.371818182757009e-01,5.575091017948289e+00,2.117387335921857e-02,1.314591001426493e+01,1.931643488663203e+00,8.833681695071818e-01,4.274639408650095e-02,4.211481256968150e+00,REFINE_STALLED,REFINE_STALLED,REFINE_STALLED,1,3,3,1,3,3,1,2,2,1.373296839949493e+07,6.399820391236711e+04,1.373293171581906e+07,6.399687601233759e+04,9.483859183337282e+06,9.930963993072786e-02,4.785507953230364e-10,4.785503144544363e-10,2.020478645339270e-10,solution good enough for the tolerances given,solution good enough for the tolerances given,solution good enough for the tolerances given,4.785507953230364e-10,4.785503144544363e-10,2.020478645339270e-10,1.373296839949493e+07,9.507940531130877e-09,1.373293171581906e+07,8.586789212346701e-09,9.483859183337282e+06,2.371057611511612e-11,4.317957873555434e-01,1.927684683472394e+00,1.006577225009473e-01,4.246682752307237e-05,2.872567333872522e+00,5.466968223042723e-01,7.306914195450867e-01,5.355271266456345e-01,9.800000000000000e-01,9.288178820344855e-11,4.187739044425598e-11,9.999999999581226e-01,9.999999999282942e-01,9.999999998944804e-01,9.999999998261406e-01,9.999999997745717e-01,9.999999996835109e-01,9.999999995705411e-01,9.999999994730089e-01,9.999999992979447e-01,9.999999992305912e-01,1.141130765165798e-01,1.959590130019042e-01,1.985675991546661e-01,1.009225379974357e-01,1.134325188406407e-01,1.235061955757556e-01,6.816525217925408e-03,1.173228768447992e-01,3.047318228186896e-04,2.905492502747390e-02,false
2,1.000000000000000e+17,1,13,CONTINUE,3.527761954309755e-01,3.464193079464596e-01,1.000000000000000e-09,3.527761954309756e-02,9.305555939508942e-14,1.299699265998670e-08,2.387923386222566e-07,1.371647650969789e-01,5.575515789610148e+00,2.117146098115169e-02,1.314944375075810e+01,1.932415347946756e+00,8.833527179591782e-01,4.274639408650095e-02,4.211481256968150e+00,REFINE_STALLED,REFINE_STALLED,REFINE_STALLED,1,4,4,1,4,4,1,2,2,4.363695415152457e+07,6.402355532411620e+05,4.363695439759103e+07,6.402392468223305e+05,2.999322897133198e+07,9.736622691132490e-02,4.785507953230364e-10,4.785507953230364e-10,2.020478645339270e-10,solution good enough for the tolerances given,solution good enough for the tolerances given,solution good enough for the tolerances given,4.785507953230364e-10,4.785507953230364e-10,2.020478645339270e-10,4.363695415152457e+07,4.066038402429432e-08,4.363695439759103e+07,3.190525507706208e-08,2.999322897133198e+07,2.371057611511612e-11,4.316228413894468e-01,1.928539762377063e+00,1.016293988973188e-01,4.246682752307237e-05,2.872567333872522e+00,5.466968223042723e-01,7.306914195450867e-01,5.355271266456345e-01,9.800000000000000e-01,9.288178820344855e-11,4.187739044425598e-11,9.999999999581226e-01,9.999999999282942e-01,9.999999998944804e-01,9.999999998261406e-01,9.999999997745717e-01,9.999999996835109e-01,9.999999995705411e-01,9.999999994730089e-01,9.999999992979447e-01,9.999999992305912e-01,1.141130765165798e-01,1.959590130019042e-01,1.985675991546661e-01,1.009225379974357e-01,1.134325188406407e-01,1.235061955757556e-01,6.816525217925408e-03,1.173228768447992e-01,3.047318228186896e-04,2.905492502747390e-02,false
2,3.162000000000000e+17,1,14,CONTINUE,3.527761954309755e-01,3.464173547749524e-01,1.000000000000000e-09,3.527761954309756e-02,9.305555939508942e-14,4.110370860210849e-09,7.551939867876553e-08,1.371296746720099e-01,5.574714904931753e+00,2.116863795059287e-02,1.314932717164811e+01,1.932694449205462e+00,8.833255906108209e-01,4.274639408650095e-02,4.211481256968150e+00,REFINE_STALLED,REFINE_STALLED,REFINE_STALLED,1,5,5,1,4,4,1,2,2,1.400360517937556e+08,6.401109964889016e+06,1.400360519866133e+08,6.401076526996901e+06,9.483858943001075e+07,9.122136584181054e-02,4.785507953230364e-10,4.785507953230364e-10,2.020478645339270e-10,solution good enough for the tolerances given,solution good enough for the tolerances given,solution good enough for the tolerances given,4.785507953230364e-10,4.785507953230364e-10,2.020478645339270e-10,1.400360517937556e+08,7.653740932773238e-08,1.400360519866133e+08,1.238884171087509e-07,9.483858943001075e+07,2.371057611511612e-11,4.316252856505156e-01,1.928411826733958e+00,1.047018047535732e-01,4.246682752307237e-05,2.872567333872522e+00,5.466968223042723e-01,7.306914195450867e-01,5.355271266456345e-01,9.800000000000000e-01,9.288178820344855e-11,4.187739044425598e-11,9.999999999581226e-01,9.999999999282942e-01,9.999999998944804e-01,9.999999998261406e-01,9.999999997745717e-01,9.999999996835109e-01,9.999999995705411e-01,9.999999994730089e-01,9.999999992979447e-01,9.999999992305912e-01,1.141130765165798e-01,1.959590130019042e-01,1.985675991546661e-01,1.009225379974357e-01,1.134325188406407e-01,1.235061955757556e-01,6.816525217925408e-03,1.173228768447992e-01,3.047318228186896e-04,2.905492502747390e-02,false
2,1.000000000000000e+18,1,14,CONTINUE,3.527761954309755e-01,3.463698606497599e-01,1.000000000000000e-09,3.527761954309756e-02,9.305555939508942e-14,1.299699265998671e-09,2.387923386222566e-08,1.360276182030368e-01,5.550388040583155e+00,2.107887486222787e-02,1.314930760514150e+01,1.942059312441151e+00,8.824833624773727e-01,4.274639408650095e-02,4.211481256968150e+00,REFINE_STALLED,REFINE_STALLED,REFINE_STALLED,1,5,5,1,4,4,1,2,2,4.634379481781827e+08,6.402069000985596e+07,4.634379481810344e+08,6.402099294716824e+07,2.999322873099578e+08,1.259988499652329e-01,4.785507953230364e-10,4.785507953230364e-10,2.020478645339270e-10,solution good enough for the tolerances given,solution good enough for the tolerances given,solution good enough for the tolerances given,4.785507953230364e-10,4.785507953230364e-10,2.020478645339270e-10,4.634379481781827e+08,2.998488968806311e-07,4.634379481810344e+08,4.679589711067526e-07,2.999322873099578e+08,2.371057611511612e-11,4.316290460529907e-01,1.925239339392445e+00,1.144192133340299e-01,4.246682752307237e-05,2.872567333872522e+00,5.466968223042723e-01,7.306914195450867e-01,5.355271266456345e-01,9.800000000000000e-01,9.288178820344855e-11,4.187739044425598e-11,9.999999999581226e-01,9.999999999282942e-01,9.999999998944804e-01,9.999999998261406e-01,9.999999997745717e-01,9.999999996835109e-01,9.999999995705411e-01,9.999999994730089e-01,9.999999992979447e-01,9.999999992305912e-01,1.141130765165798e-01,1.959590130019042e-01,1.985675991546661e-01,1.009225379974357e-01,1.134325188406407e-01,1.235061955757556e-01,6.816525217925408e-03,1.173228768447992e-01,3.047318228186896e-04,2.905492502747390e-02,false
3,1.000000000000000e+00,0,7,CONTINUE,2.098739669234845e-01,8.052316128887854e-02,1.000000000000000e-09,2.098739669234845e-02,5.860483160135532e-14,7.972672724903135e-01,3.313954975474609e+02,6.249829515010005e-01,1.530857452101879e+01,1.255164004925676e-02,6.861861511514893e+00,4.815835477347279e-01,1.291153201846127e+00,2.385582967629124e-02,1.766193738253912e+02,REACHED_FORCE,REACHED_FORCE,REACHED_FORCE,3,0,0,2,0,0,2,0,0,3.997356088344024e-03,NaN,7.347835743595659e-03,NaN,8.375682731639129e-04,NaN,1.436192312718183e-01,9.832395974312230e-02,3.434227204870549e-02,solution good enough for the tolerances given,solution good enough for the tolerances given,solution good enough for the tolerances given,9.017710942985308e-03,1.592352628390355e-02,6.429623857602908e-03,5.397974652978431e-15,3.997356088344024e-03,6.473042980091536e-15,7.347835743595659e-03,8.798585519267779e-16,8.375682731639129e-04,3.997356088344024e-03,7.347835743595659e-03,8.375682731639129e-04,2.182725131831195e-01,1.335275925750769e+01,6.838698038598878e-02,9.074230521539829e-02,9.415092805177987e-01,8.400000000000000e-01,7.376514493240800e-02,3.008464336546002e-03,9.969915356634540e-01,9.758728216554020e-01,9.226170694704455e-01,8.731235438961424e-01,8.211830603421253e-01,7.403945120016877e-01,7.088059226622065e-01,6.029110193846866e-01,5.115998938763068e-01,4.435997275939995e-01,2.063243787281771e-02,7.764911371397618e-02,6.616945645304791e-02,7.722606081253031e-02,1.109745102273911e-01,1.523256741637945e-01,1.210941666791653e-01,1.098857081523611e-01,7.621404132184166e-02,1.878288306030745e-01,false
3,3.162000000000000e+00,0,5,CONTINUE,2.098739669234845e-01,7.913910022682613e-02,1.000000000000000e-09,2.098739669234845e-02,5.860483160135532e-14,7.972672596220147e-01,2.077778754057115e+02,6.322670888528353e-01,1.531063909916672e+01,1.234232800889642e-02,6.843194161779537e+00,4.683043971368522e-01,1.285124556075291e+00,2.385582967629124e-02,1.766193738253912e+02,REACHED_FORCE,REACHED_FORCE,REACHED_FORCE,2,0,0,2,0,0,1,0,0,8.151009017211700e-03,NaN,1.218864429362453e-02,NaN,1.613669628699878e-03,NaN,5.910799682865785e-02,3.635160455532542e-02,1.247867897241416e-02,solution good enough for the tolerances given,solution good enough for the tolerances given,solution good enough for the tolerances given,6.837956738231144e-03,2.796072771873932e-03,1.247867897241416e-02,1.196154970272160e-14,8.151009017211700e-03,2.279144853479782e-14,1.218864429362453e-02,2.268959995643974e-15,1.613669628699878e-03,8.151009017211700e-03,1.218864429362453e-02,1.613669628699878e-03,1.228095460594701e-01,7.535693764348729e+00,6.838698038598878e-02,9.074230521539829e-02,9.415092805177987e-01,8.400000000000000e-01,2.231477430082562e-02,1.519771523795455e-03,9.984802284762045e-01,9.912633696174880e-01,9.708521688114842e-01,9.478928777567140e-01,9.291061795076277e-01,8.977010428742519e-01,8.836047828564629e-01,8.276067557199507e-01,7.680994301152466e-01,7.159864745030146e-01,1.638515962601703e-02,4.679865726693902e-02,5.495332922889345e-02,7.372117914649268e-02,5.882916595496498e-02,1.500668421703829e-01,8.666293088205908e-02,1.222089559958443e-01,1.014400789841715e-01,2.889337007442344e-01,false
3,1.000000000000000e+01,0,4,CONTINUE,2.098739669234845e-01,7.918982690600095e-02,1.000000000000000e-09,2.098739669234845e-02,5.860483160135532e-14,7.972672596170552e-01,1.699930539291132e+02,6.313050586357365e-01,1.536012734799402e+01,1.235044377480498e-02,6.882037977076445e+00,4.824781126727846e-01,1.300849463315324e+00,2.385582967629124e-02,1.766193738253912e+02,REACHED_FORCE,REACHED_FORCE,REACHED_FORCE,2,0,0,1,0,0,1,0,0,2.857070823369657e-03,NaN,5.066257843323168e-03,NaN,5.562663818905090e-04,NaN,2.119766591318442e-02,1.277890066088025e-02,4.213547612352114e-03,solution good enough for the tolerances given,solution good enough for the tolerances given,solution good enough for the tolerances given,8.894609944353286e-04,1.277890066088025e-02,4.213547612352114e-03,3.413059025866446e-14,2.857070823369657e-03,5.314232488550674e-14,5.066257843323168e-03,6.245298242374155e-15,5.562663818905090e-04,2.857070823369657e-03,5.066257843323168e-03,5.562663818905090e-04,6.906863581269701e-02,4.251688037600877e+00,6.838698038598878e-02,9.074230521539829e-02,9.415092805177987e-01,8.400000000000000e-01,7.394801800464856e-03,5.879134843547185e-04,9.994120865156453e-01,9.970212805201882e-01,9.902273638294580e-01,9.822123564825352e-01,9.756406457914454e-01,9.651035709322002e-01,9.599615895029346e-01,9.382046292632561e-01,9.128539806900867e-01,8.885504860138561e-01,1.495309729265721e-02,3.600785844385643e-02,4.655819466697568e-02,6.688649834022684e-02,4.338789914621708e-02,1.356373157021369e-01,7.716098301974650e-02,1.220918056182378e-01,1.113826184985465e-01,3.459337292713984e-01,false
3,3.162000000000000e+01,0,3,CONTINUE,2.098739669234845e-01,7.997442405292816e-02,1.000000000000000e-09,2.098739669234845e-02,5.860483160135532e-14,7.972672596169752e-01,1.583426829737707e+02,6.274734566049552e-01,1.534034404990286e+01,1.246900055749331e-02,6.880583921805605e+00,4.843914243643359e-01,1.302327775467952e+00,2.385582967629124e-02,1.766193738253912e+02,REACHED_FORCE,REACHED_FORCE,REACHED_FORCE,1,0,0,1,0,0,1,0,0,1.199007967713413e-03,NaN,1.666226127838859e-03,NaN,1.816236322549623e-04,NaN,7.031218331937767e-03,4.158214059995116e-03,1.365714270269096e-03,solution good enough for the tolerances given,solution good enough for the tolerances given,solution good enough for the tolerances given,7.031218331937767e-03,4.158214059995116e-03,1.365714270269096e-03,2.991632241638109e-13,1.199007967713413e-03,4.653348380093776e-13,1.666226127838859e-03,5.893071908885782e-14,1.816236322549623e-04,1.199007967713413e-03,1.666226127838859e-03,1.816236322549623e-04,3.884377246030448e-02,2.872698651172438e+00,6.838698038598878e-02,9.074230521539829e-02,9.415092805177987e-01,8.400000000000000e-01,2.410958428021743e-03,1.996886599934244e-04,9.998003113400066e-01,9.990280240542944e-01,9.968453651673925e-01,9.942349574188556e-01,9.920783598522268e-01,9.886845248267137e-01,9.869776133626006e-01,9.795947011057714e-01,9.706933335299478e-01,9.618460276784456e-01,1.446683030703030e-02,3.251904881744031e-02,4.347211468208922e-02,6.371832597278458e-02,3.873983014990387e-02,1.294510156013143e-01,7.365057754679523e-02,1.209971091886136e-01,1.144906646131240e-01,3.684944831209039e-01,true
3,1.000000000000000e+02,0,3,CONTINUE,2.098739669234845e-01,8.031407236713804e-02,1.000000000000000e-09,2.098739669234845e-02,5.860483160135532e-14,7.972672596169466e-01,1.547045441597273e+02,6.258903374851545e-01,1.533500025675609e+01,1.252289365050689e-02,6.884360393257140e+00,4.871311946553826e-01,1.303927926345727e+00,2.385582967629124e-02,1.766193738253912e+02,REACHED_FORCE,REACHED_FORCE,REACHED_FORCE,1,0,0,1,0,0,1,0,0,3.867658466750093e-04,NaN,5.339768000579230e-04,NaN,5.804393857575217e-05,NaN,2.259336355088183e-03,1.334802867265524e-03,4.354171901168893e-04,solution good enough for the tolerances given,solution good enough for the tolerances given,solution good enough for the tolerances given,2.259336355088183e-03,1.334802867265524e-03,4.354171901168893e-04,7.917595316470356e-13,3.867658466750093e-04,1.148874596896596e-12,5.339768000579230e-04,1.583207859304644e-13,5.804393857575217e-05,3.867658466750093e-04,5.339768000579230e-04,5.804393857575217e-05,2.184284086173708e-02,2.872608856932711e+00,6.838698038598878e-02,9.074230521539829e-02,9.415092805177987e-01,8.400000000000000e-01,7.711726693544132e-04,6.463516442045680e-05,9.999353648355795e-01,9.996892865676476e-01,9.989957248299531e-01,9.981627526559280e-01,9.974724692786233e-01,9.963932434129774e-01,9.958450004518367e-01,9.934565425988043e-01,9.905437293577536e-01,9.876125287123064e-01,1.430663492298333e-02,3.141126409649532e-02,4.245335550356816e-02,6.260897719793392e-02,3.729154094133993e-02,1.273143379163864e-01,7.246641226211273e-02,1.205044015071077e-01,1.154453396217543e-01,3.761977360303172e-01,false
3,3.162000000000000e+02,0,3,CONTINUE,2.098739669234845e-01,8.042177293654196e-02,1.000000000000000e-09,2.098739669234845e-02,5.860483160135532e-14,7.972672596171341e-01,1.535597311357805e+02,6.253892953946486e-01,1.533333099344775e+01,1.254000733760384e-02,6.885567124631098e+00,4.880178207466524e-01,1.304449144671281e+00,2.385582967629124e-02,1.766193738253912e+02,REACHED_FORCE,REACHED_FORCE,REACHED_FORCE,1,0,0,1,0,0,1,0,0,1.231044533883816e-04,NaN,1.696064745912046e-04,NaN,1.841969328102606e-05,NaN,7.182517543294721e-04,4.242251186839122e-04,1.380700004384517e-04,solution good enough for the tolerances given,solution good enough for the tolerances given,solution good enough for the tolerances given,7.182517543294721e-04,4.242251186839122e-04,1.380700004384517e-04,1.307724429609087e-12,1.231044533883816e-04,2.274075057579291e-12,1.696064745912046e-04,2.444535628224604e-13,1.841969328102606e-05,1.231044533883816e-04,1.696064745912046e-04,1.841969328102606e-05,1.228373206706523e-02,2.872580465715997e+00,6.838698038598878e-02,9.074230521539829e-02,9.415092805177987e-01,8.400000000000000e-01,2.448252147173994e-04,2.059452820080132e-05,9.999794054717992e-01,9.999013840715264e-01,9.996817009070629e-01,9.994175129772255e-01,9.991983523308292e-01,9.988564344440964e-01,9.986821832137905e-01,9.979212951387298e-01,9.969899400111627e-01,9.960489286061024e-01,1.425518304305856e-02,3.106075453598436e-02,4.212699248688715e-02,6.224732355356794e-02,3.683577273235875e-02,1.266201110686757e-01,7.208386293680914e-02,1.203323433531126e-01,1.157431535733672e-01,3.786945027161794e-01,false
3,1.000000000000000e+03,0,3,CONTINUE,2.098739669234845e-01,8.045586590097997e-02,1.000000000000000e-09,2.098739669234845e-02,5.860483160135532e-14,7.972672596162371e-01,1.531982243666485e+02,6.252307894246322e-01,1.533280521635642e+01,1.254542725339435e-02,6.885950039530742e+00,4.883003137965526e-01,1.304615564380971e+00,2.385582967629124e-02,1.766193738253912e+02,REACHED_FORCE,REACHED_FORCE,REACHED_FORCE,1,0,0,1,0,0,1,0,0,3.900517225505214e-05,NaN,5.370362297009159e-05,NaN,5.830654807318903e-06,NaN,2.274875187162201e-04,1.343516295825776e-04,4.369472412082029e-05,solution good enough for the tolerances given,solution good enough for the tolerances given,solution good enough for the tolerances given,2.274875187162201e-04,1.343516295825776e-04,4.369472412082029e-05,4.179322463397841e-12,3.900517225505214e-05,7.338076905612860e-12,5.370362297009159e-05,7.823696585478556e-13,5.830654807318903e-06,3.900517225505214e-05,5.370362297009159e-05,5.830654807318903e-06,6.907357699364307e-03,2.872571486048897e+00,6.838698038598878e-02,9.074230521539829e-02,9.415092805177987e-01,8.400000000000000e-01,7.750928210956620e-05,6.527448191295804e-06,9.999934725518087e-01,9.999687820823494e-01,9.998992842223775e-01,9.998156724141378e-01,9.997462877582272e-01,9.996381127451356e-01,9.995829273924293e-01,9.993417779130869e-01,9.990462559601792e-01,9.987472867163802e-01,1.423882346780662e-02,3.094987590821996e-02,4.202334459671126e-02,6.213184331867315e-02,3.669183547553912e-02,1.263986519351880e-01,7.196203085633320e-02,1.202762411381634e-01,1.158369000055366e-01,3.794904532978280e-01,false
3,3.162000000000000e+03,0,3,CONTINUE,2.098739669234845e-01,8.046664808660287e-02,1.000000000000000e-09,2.098739669234845e-02,5.860483160135532e-14,7.972672596170587e-01,1.530839837538994e+02,6.251806708544532e-01,1.533263920206063e+01,1.254714160125333e-02,6.886071231066785e+00,4.883898387949610e-01,1.304668340081414e+00,2.385582967629124e-02,1.766193738253912e+02,REACHED_FORCE,REACHED_FORCE,REACHED_FORCE,1,0,0,1,0,0,1,0,0,1.234358018271665e-05,NaN,1.699149579209981e-05,NaN,1.844613163825550e-06,NaN,7.198193905296652e-05,4.251070617507910e-05,1.382240649907727e-05,solution good enough for the tolerances given,solution good enough for the tolerances given,solution good enough for the tolerances given,7.198193905296652e-05,4.251070617507910e-05,1.382240649907727e-05,4.105954708326725e-11,1.234358018271665e-05,5.869762164252229e-11,1.699149579209981e-05,7.606660094124657e-12,1.844613163825550e-06,1.234358018271665e-05,1.699149579209981e-05,1.844613163825550e-06,3.884465140836512e-03,2.872568646902917e+00,6.838698038598878e-02,9.074230521539829e-02,9.415092805177987e-01,8.400000000000000e-01,2.452235042877922e-05,2.065891371305639e-06,9.999979341086287e-01,9.999901235905458e-01,9.999681411037059e-01,9.999416908490206e-01,9.999197389438159e-01,9.998855219433411e-01,9.998680605445125e-01,9.997917398933717e-01,9.996981763445373e-01,9.996034828598335e-01,1.423364215594297e-02,3.091481725349250e-02,4.199053126659084e-02,6.209522167113020e-02,3.664634756886571e-02,1.263284428010965e-01,7.192342598100193e-02,1.202583329307018e-01,1.158664941260366e-01,3.797427442451413e-01,false
3,1.000000000000000e+04,0,3,CONTINUE,2.098739669234845e-01,8.047005857420871e-02,1.000000000000000e-09,2.098739669234845e-02,5.860483160135532e-14,7.972672596199265e-01,1.530478575177541e+02,6.251648188593693e-01,1.533258671681470e+01,1.254768388994410e-02,6.886109574895574e+00,4.884181746849879e-01,1.304685047851363e+00,2.385582967629124e-02,1.766193738253912e+02,REACHED_FORCE,REACHED_FORCE,REACHED_FORCE,1,0,0,1,0,0,1,0,0,3.903838764192671e-06,NaN,5.373454534962873e-06,NaN,5.833303688503174e-07,NaN,2.276446859001918e-05,1.344401452583538e-05,4.371016081741909e-06,solution good enough for the tolerances given,solution good enough for the tolerances given,solution good enough for the tolerances given,2.276446859001918e-05,1.344401452583538e-05,4.371016081741909e-06,4.223662241986033e-11,3.903838764192671e-06,6.063985139879353e-11,5.373454534962873e-06,8.827470907741002e-12,5.833303688503174e-07,3.903838764192671e-06,5.373454534962873e-06,5.833303688503174e-07,2.184299715240122e-03,2.872567748933776e+00,6.838698038598878e-02,9.074230521539829e-02,9.415092805177987e-01,8.400000000000000e-01,7.754930185142247e-06,6.533899675753574e-07,9.999993466100324e-01,9.999968767218215e-01,9.999899255190590e-01,9.999815611927168e-01,9.999746191372568e-01,9.999637991163770e-01,9.999582769489617e-01,9.999341387750924e-01,9.999045436591926e-01,9.998745872760719e-01,1.423200250845025e-02,3.090372870186119e-02,4.198014877784734e-02,6.208362796759120e-02,3.663196272396625e-02,1.263062179853695e-01,7.191120749373713e-02,1.202526518291091e-01,1.158758495652907e-01,3.798226024467776e-01,false
3,3.162000000000000e+04,0,3,CONTINUE,2.098739669234845e-01,8.047113687619631e-02,1.000000000000000e-09,2.098739669234845e-02,5.860483160135532e-14,7.972672596363216e-01,1.530364353364430e+02,6.251598069264476e-01,1.533257012414038e+01,1.254785535331434e-02,6.886121698290628e+00,4.884271357147068e-01,1.304690331917314e+00,2.385582967629124e-02,1.766193738253912e+02,REACHED_FORCE,REACHED_FORCE,REACHED_FORCE,1,0,0,1,0,0,1,0,0,1.234690503478864e-06,NaN,1.699459108899754e-06,NaN,1.844878274426684e-07,NaN,7.199767220409340e-06,4.251957002756384e-06,1.382395147494196e-06,solution good enough for the tolerances given,solution good enough for the tolerances given,solution good enough for the tolerances given,7.199767220409340e-06,4.251957002756384e-06,1.382395147494196e-06,1.536446574183445e-10,1.234690503478864e-06,2.466403875979129e-10,1.699459108899754e-06,3.031303394559454e-11,1.844878274426684e-07,1.234690503478864e-06,1.699459108899754e-06,1.844878274426684e-07,1.228375986507954e-03,2.872567465018935e+00,6.838698038598878e-02,9.074230521539829e-02,9.415092805177987e-01,8.400000000000000e-01,2.452635940106916e-06,2.066537085898545e-07,9.999997933462914e-01,9.999990122102281e-01,9.999968138198436e-01,9.999941684797700e-01,9.999919729299954e-01,9.999885509779842e-01,9.999868044746598e-01,9.999791700850970e-01,9.999698094334473e-01,9.999603341306069e-01,1.423148403501134e-02,3.090022276015865e-02,4.197686566422859e-02,6.207996124577773e-02,3.662741484499267e-02,1.262991891712484e-01,7.190734347892021e-02,1.202508539832011e-01,1.158788070070758e-01,3.798478578093855e-01,false
3,1.000000000000000e+05,0,3,CONTINUE,2.098739669234845e-01,8.047147803791993e-02,1.000000000000000e-09,2.098739669234845e-02,5.860483160135532e-14,7.972672595619126e-01,1.530328265241233e+02,6.251582226464623e-01,1.533256487840682e+01,1.254790958588249e-02,6.886125526155142e+00,4.884299697539211e-01,1.304692003531458e+00,2.385582967629124e-02,1.766193738253912e+02,REACHED_FORCE,REACHED_FORCE,REACHED_FORCE,1,0,0,1,0,0,1,0,0,3.904171280706062e-07,NaN,5.373764083844727e-07,NaN,5.833568817269770e-08,NaN,2.276604205709724e-06,1.344490107975128e-06,4.371170598224863e-07,solution good enough for the tolerances given,solution good enough for the tolerances given,solution good enough for the tolerances given,2.276604205709724e-06,1.344490107975128e-06,4.371170598224863e-07,9.935094906596093e-10,3.904171280706062e-07,1.299431375166754e-09,5.373764083844727e-07,1.727564271530246e-10,5.833568817269770e-08,3.904171280706062e-07,5.373764083844727e-07,5.833568817269770e-08,6.907362625945110e-04,2.872567375221996e+00,6.838698038598878e-02,9.074230521539829e-02,9.415092805177987e-01,8.400000000000000e-01,7.755331218759849e-07,6.534545282654847e-08,9.999999346545472e-01,9.999996876572976e-01,9.999989925228532e-01,9.999981560587647e-01,9.999974618172919e-01,9.999963797900138e-01,9.999958275369297e-01,9.999934134870923e-01,9.999904535457764e-01,9.999874573118949e-01,1.423132001008810e-02,3.089911399518514e-02,4.197582718178162e-02,6.207880139572407e-02,3.662597630358860e-02,1.262969660984579e-01,7.190612124181707e-02,1.202502850920798e-01,1.158797424130136e-01,3.798558462682641e-01,false
3,3.162000000000000e+05,0,3,CONTINUE,2.098739669234845e-01,8.047158582491511e-02,1.000000000000000e-09,2.098739669234845e-02,5.860483160135532e-14,7.972672595325102e-01,1.530316854929544e+02,6.251577234872870e-01,1.533256319381789e+01,1.254792672361697e-02,6.886126699480127e+00,4.884308662673684e-01,1.304692533097414e+00,2.385582967629124e-02,1.766193738253912e+02,REACHED_FORCE,REACHED_FORCE,REACHED_FORCE,1,0,0,1,0,0,1,0,0,1.234723766863608e-07,NaN,1.699490073398239e-07,NaN,1.844904819670376e-08,NaN,7.199924598332335e-07,4.252045688283147e-07,1.382410616757688e-07,solution good enough for the tolerances given,solution good enough for the tolerances given,solution good enough for the tolerances given,7.199924598332335e-07,4.252045688283147e-07,1.382410616757688e-07,2.512672015942172e-09,1.234723766863608e-07,3.680333346981254e-09,1.699490073398239e-07,4.571459011053982e-10,1.844904819670376e-08,1.234723766863608e-07,1.699490073398239e-07,1.844904819670376e-08,3.884466002156569e-04,2.872567346830509e+00,6.838698038598878e-02,9.074230521539829e-02,9.415092805177987e-01,8.400000000000000e-01,2.452676123462308e-07,2.066601612060737e-08,9.999999793339839e-01,9.999999012195344e-01,9.999996813790796e-01,9.999994168419246e-01,9.999991972833538e-01,9.999988550856334e-01,9.999986804316660e-01,9.999979169694583e-01,9.999969808613105e-01,9.999960332714508e-01,1.423126834297052e-02,3.089876330572132e-02,4.197549871947739e-02,6.207843492670084e-02,3.662552152846065e-02,1.262962639482595e-01,7.190573335806923e-02,1.202501062623971e-01,1.158800426423053e-01,3.798583669656385e-01,false
3,1.000000000000000e+06,0,3,CONTINUE,2.098739669234845e-01,8.047161990592652e-02,1.000000000000000e-09,2.098739669234845e-02,5.860483160135532e-14,7.972672594265581e-01,1.530313155577375e+02,6.251575541142856e-01,1.533256261961962e+01,1.254793230632885e-02,6.886127142228872e+00,4.884311544169906e-01,1.304692699403375e+00,2.385582967629124e-02,1.766193738253912e+02,REACHED_FORCE,REACHED_FORCE,REACHED_FORCE,1,0,0,1,0,0,1,0,0,3.904204535050851e-08,NaN,5.373795195549044e-08,NaN,5.833595386753089e-09,NaN,2.276619930782794e-07,1.344499013948005e-07,4.371186050950079e-08,solution good enough for the tolerances given,solution good enough for the tolerances given,solution good enough for the tolerances given,2.276619930782794e-07,1.344499013948005e-07,4.371186050950079e-08,5.643735425329355e-09,3.904204535050851e-08,8.068924672789904e-09,5.373795195549044e-08,1.117781100124171e-09,5.833595386753089e-09,3.904204535050851e-08,5.373795195549044e-08,5.833595386753089e-09,2.184299856337014e-04,2.872567337850815e+00,6.838698038598878e-02,9.074230521539829e-02,9.415092805177987e-01,8.400000000000000e-01,7.755371343081803e-08,6.534610186292866e-09,9.999999934653898e-01,9.999999687655809e-01,9.999998992519957e-01,9.999998156052722e-01,9.999997461807638e-01,9.999996379777848e-01,9.999995827521138e-01,9.999993413448035e-01,9.999990453463741e-01,9.999987457170304e-01,1.423125220676579e-02,3.089865229047969e-02,4.197539467705017e-02,6.207831813442844e-02,3.662537671325474e-02,1.262960415963299e-01,7.190561206789527e-02,1.202500499809885e-01,1.158801394399995e-01,3.798591628928075e-01,false
3,3.162000000000000e+06,0,3,CONTINUE,2.098739669234845e-01,8.047163274584393e-02,1.000000000000000e-09,2.098739669234845e-02,5.860483160135532e-14,7.972672583584247e-01,1.530309196615826e+02,6.251575740287322e-01,1.533256250054141e+01,1.254793287584686e-02,6.886126662221928e+00,4.884312194996931e-01,1.304692762822573e+00,2.385582967629124e-02,1.766193738253912e+02,REACHED_FORCE,REACHED_FORCE,REACHED_FORCE,1,0,0,1,0,0,1,0,0,4.628854548414834e-08,NaN,7.499995827542481e-08,NaN,9.292061532530063e-09,NaN,7.199940286743189e-08,4.252054048210147e-08,1.382412304497913e-08,solution good enough for the tolerances given,solution good enough for the tolerances given,solution good enough for the tolerances given,7.199940286743189e-08,4.252054048210147e-08,1.382412304497913e-08,4.628854548414834e-08,1.234727124764929e-08,7.499995827542481e-08,1.699493117325093e-08,9.292061532530063e-09,1.844907554470687e-09,4.628854548414834e-08,7.499995827542481e-08,9.292061532530063e-09,1.228375955416763e-04,2.872567335011667e+00,6.838698038598878e-02,9.074230521539829e-02,9.415092805177987e-01,8.400000000000000e-01,2.452732902988435e-08,2.066611992646017e-09,9.999999979333880e-01,9.999999901219305e-01,9.999999681378671e-01,9.999999416841112e-01,9.999999197282109e-01,9.999998855084389e-01,9.999998680430077e-01,9.999997916965548e-01,9.999996980853104e-01,9.999996033257283e-01,1.423126795620217e-02,3.089860982838224e-02,4.197537524345003e-02,6.207832289655135e-02,3.662527201577549e-02,1.262959620017485e-01,7.190556528048878e-02,1.202500402120975e-01,1.158801675274177e-01,3.798594170378861e-01,false
3,1.000000000000000e+07,0,3,CONTINUE,2.098739669234845e-01,8.047163341157770e-02,1.000000000000000e-09,2.098739669234845e-02,5.860483160135532e-14,7.972672574743581e-01,1.530300060764683e+02,6.251575188014807e-01,1.533256205270961e+01,1.254793411569330e-02,6.886126730878638e+00,4.884312185687049e-01,1.304692747322243e+00,2.385582967629124e-02,1.766193738253912e+02,REACHED_FORCE,REACHED_FORCE,REACHED_FORCE,1,0,0,1,0,0,1,0,0,3.317353737043781e-08,NaN,5.565947492881787e-08,NaN,6.585798567972022e-09,NaN,2.276621438077277e-08,1.344499942957687e-08,4.371187791830745e-09,solution good enough for the tolerances given,solution good enough for the tolerances given,solution good enough for the tolerances given,2.276621438077277e-08,1.344499942957687e-08,4.371187791830745e-09,3.317353737043781e-08,3.904207654833480e-09,5.565947492881787e-08,5.373798372366090e-09,6.585798567972022e-09,5.833597411474904e-10,3.317353737043781e-08,5.565947492881787e-08,6.585798567972022e-09,6.907361867297671e-05,2.872567334113697e+00,6.838698038598878e-02,9.074230521539829e-02,9.415092805177987e-01,8.400000000000000e-01,7.755998479205703e-09,6.534666141533307e-10,9.999999993465334e-01,9.999999968765458e-01,9.999999899251817e-01,9.999999815604977e-01,9.999999746180338e-01,9.999999637977625e-01,9.999999582751944e-01,9.999999341344410e-01,9.999999045345557e-01,9.999998745715611e-01,1.423133019732470e-02,3.089857603596480e-02,4.197540864288757e-02,6.207841509307153e-02,3.662510854545598e-02,1.262959666824450e-01,7.190551089721746e-02,1.202500521554329e-01,1.158801653630666e-01,3.798594663871340e-01,false
3,3.162000000000000e+07,0,3,CONTINUE,2.098739669234845e-01,8.047161758343682e-02,1.000000000000000e-09,2.098739669234845e-02,5.860483160135532e-14,7.972672671856389e-01,1.530291606488398e+02,6.251572130317342e-01,1.533256076444966e+01,1.254793804838519e-02,6.886128629346273e+00,4.884313805990468e-01,1.304692708454412e+00,2.385582967629124e-02,1.766193738253912e+02,REACHED_FORCE,REACHED_FORCE,REACHED_FORCE,1,0,0,1,0,0,1,0,0,2.166545102185236e-07,NaN,3.133346083407068e-07,NaN,4.376386425619791e-08,NaN,7.199941112480773e-09,4.252057985875058e-09,1.382411420330953e-09,solution good enough for the tolerances given,solution good enough for the tolerances given,solution good enough for the tolerances given,7.199941112480773e-09,4.252057985875058e-09,1.382411420330953e-09,2.166545102185236e-07,1.234726993585769e-09,3.133346083407068e-07,1.699492461429293e-09,4.376386425619791e-08,1.844907982228817e-10,2.166545102185236e-07,3.133346083407068e-07,4.376386425619791e-08,3.884467213994924e-05,2.872567333829783e+00,6.838698038598878e-02,9.074230521539829e-02,9.415092805177987e-01,8.400000000000000e-01,2.452852026777059e-09,2.066635751418744e-10,9.999999997933364e-01,9.999999990121902e-01,9.999999968137829e-01,9.999999941684059e-01,9.999999919728124e-01,9.999999885508408e-01,9.999999868042984e-01,9.999999791696509e-01,9.999999698085222e-01,9.999999603325591e-01,1.423133544478806e-02,3.089858900100144e-02,4.197537526933397e-02,6.207841874370105e-02,3.662530386168605e-02,1.262956865413791e-01,7.190555936482668e-02,1.202501223561014e-01,1.158801719534750e-01,3.798594374637068e-01,false
3,1.000000000000000e+08,0,3,CONTINUE,2.098739669234845e-01,8.047162704603281e-02,1.000000000000000e-09,2.098739669234845e-02,5.860483160135532e-14,7.972672917243087e-01,1.529994369730373e+02,6.251569145222170e-01,1.533255634629860e+01,1.254794982472547e-02,6.886126906089808e+00,4.884320139225513e-01,1.304692732883222e+00,2.385582967629124e-02,1.766193738253912e+02,REACHED_FORCE,REACHED_FORCE,REACHED_FORCE,1,0,0,1,0,0,1,0,0,5.161291605431191e-07,NaN,8.057808096011389e-07,NaN,1.094695083122365e-07,NaN,2.276621220936710e-09,1.344502394261185e-09,4.371185250964974e-10,solution good enough for the tolerances given,solution good enough for the tolerances given,solution good enough for the tolerances given,2.276621220936710e-09,1.344502394261185e-09,4.371185250964974e-10,5.161291605431191e-07,3.904211618725485e-10,8.057808096011389e-07,5.373797060574491e-10,1.094695083122365e-07,5.833591422861084e-11,5.161291605431191e-07,8.057808096011389e-07,1.094695083122365e-07,2.184300832223051e-05,2.872567333739986e+00,6.838698038598878e-02,9.074230521539829e-02,9.415092805177987e-01,8.400000000000000e-01,7.775409775378062e-10,6.535971763810267e-11,9.999999999346403e-01,9.999999996876245e-01,9.999999989924726e-01,9.999999981559753e-01,9.999999974617007e-01,9.999999963797663e-01,9.999999958275161e-01,9.999999934134440e-01,9.999999904534558e-01,9.999999874571552e-01,1.423399242611528e-02,3.089759757229357e-02,4.197718374821618e-02,6.208300923360292e-02,3.661878999952797e-02,1.262955512585255e-01,7.190374339779490e-02,1.202501481965377e-01,1.158803391545659e-01,3.798596450128207e-01,false
3,3.162000000000000e+08,0,3,CONTINUE,2.098739669234845e-01,8.047146099127130e-02,1.000000000000000e-09,2.098739669234845e-02,5.860483160135532e-14,7.972672153177699e-01,1.530012146494634e+02,6.251542719948251e-01,1.533255713572816e+01,1.254797539880848e-02,6.886151594923819e+00,4.884338242163488e-01,1.304692496135598e+00,2.385582967629124e-02,1.766193738253912e+02,REACHED_FORCE,REACHED_FORCE,REACHED_FORCE,1,0,0,1,0,0,1,0,0,2.592925112349810e-06,NaN,3.916547615386578e-06,NaN,5.051356751470851e-07,NaN,7.199933994238412e-10,4.252083673926317e-10,1.382399782329098e-10,solution good enough for the tolerances given,solution good enough for the tolerances given,solution good enough for the tolerances given,7.199933994238412e-10,4.252083673926317e-10,1.382399782329098e-10,2.592925112349810e-06,1.234717283476217e-10,3.916547615386578e-06,1.699480199029565e-10,5.051356751470851e-07,1.844889446043181e-11,2.592925112349810e-06,3.916547615386578e-06,5.051356751470851e-07,1.228369158718891e-05,2.872567333711594e+00,6.838698038598878e-02,9.074230521539829e-02,9.415092805177987e-01,8.400000000000000e-01,2.456650321173607e-10,2.067013227247116e-11,9.999999999793299e-01,9.999999999012121e-01,9.999999996813684e-01,9.999999994168254e-01,9.999999991972608e-01,9.999999988550821e-01,9.999999986804291e-01,9.999999979169638e-01,9.999999969808524e-01,9.999999960332555e-01,1.423299854094070e-02,3.089832336792634e-02,4.197614218925897e-02,6.208175592588680e-02,3.662097680302918e-02,1.262953552555617e-01,7.190501667588009e-02,1.202504968141178e-01,1.158805225513990e-01,3.798584118759992e-01,false
3,1.000000000000000e+09,0,3,CONTINUE,2.098739669234845e-01,8.047147642197519e-02,1.000000000000000e-09,2.098739669234845e-02,5.860483160135532e-14,7.972668914203868e-01,1.402335241269930e+02,6.251463555518838e-01,1.533250886818991e+01,1.254809403598732e-02,6.886184425136977e+00,4.884307227996558e-01,1.304687372360240e+00,2.385582967629124e-02,1.766193738253912e+02,REACHED_FORCE,REACHED_FORCE,REACHED_FORCE,1,0,0,1,0,0,1,0,0,8.394198512013125e-06,NaN,1.190377103232926e-05,NaN,1.555954433644793e-06,NaN,2.276613392089956e-10,1.344546470640592e-10,4.371118881638351e-11,solution good enough for the tolerances given,solution good enough for the tolerances given,solution good enough for the tolerances given,2.276613392089956e-10,1.344546470640592e-10,4.371118881638351e-11,8.394198512013125e-06,3.904174118596082e-11,1.190377103232926e-05,5.373811319178826e-11,1.555954433644793e-06,5.833394654121254e-12,8.394198512013125e-06,1.190377103232926e-05,1.555954433644793e-06,6.907455733212536e-06,2.872567333702615e+00,6.838698038598878e-02,9.074230521539829e-02,9.415092805177987e-01,8.400000000000000e-01,1.436155129303567e-10,7.130962487167380e-12,9.999999999928690e-01,9.999999999673459e-01,9.999999998971054e-01,9.999999998120892e-01,9.999999997407927e-01,9.999999996373927e-01,9.999999995825359e-01,9.999999993413444e-01,9.999999990453454e-01,9.999999987457149e-01,1.545288981079316e-02,3.046481070207801e-02,4.283547910780631e-02,6.436120604645454e-02,3.357976901928845e-02,1.263072436951888e-01,7.100798758924706e-02,1.202527421045581e-01,1.158810628230901e-01,3.798568091014957e-01,false
3,3.162000000000000e+09,0,3,CONTINUE,2.098739669234845e-01,8.046607043558524e-02,1.000000000000000e-09,2.098739669234845e-02,5.860483160135532e-14,7.972680661018166e-01,1.335854724439996e+02,6.251216717748268e-01,1.533247604613623e+01,1.254832492755171e-02,6.886386467531302e+00,4.884305559243419e-01,1.304680653113797e+00,2.385582967629124e-02,1.766193738253912e+02,REACHED_FORCE,REACHED_FORCE,REACHED_FORCE,1,0,0,1,0,0,1,0,0,4.044989848783364e-05,NaN,6.177400035044080e-05,NaN,7.996648156465470e-06,NaN,7.199791746994327e-11,4.252463765531838e-11,1.382217470041812e-11,solution good enough for the tolerances given,solution good enough for the tolerances given,solution good enough for the tolerances given,7.199791746994327e-11,4.252463765531838e-11,1.382217470041812e-11,4.044989848783364e-05,1.234634013226897e-11,6.177400035044080e-05,1.699517271400837e-11,7.996648156465470e-06,1.844692677303351e-12,4.044989848783364e-05,6.177400035044080e-05,7.996648156465470e-06,3.884147092609435e-06,2.872567333699775e+00,6.838698038598878e-02,9.074230521539829e-02,9.415092805177987e-01,8.400000000000000e-01,5.572416843432469e-11,2.367439577710684e-12,9.999999999976326e-01,9.999999999893752e-01,9.999999999670073e-01,9.999999999398248e-01,9.999999999166393e-01,9.999999998851661e-01,9.999999998679177e-01,9.999999997916953e-01,9.999999996980862e-01,9.999999996033260e-01,1.621292563047863e-02,3.021790725604570e-02,4.344758777976959e-02,6.594832026336672e-02,3.164875833527625e-02,1.262673397138615e-01,7.026630529231762e-02,1.202596465380833e-01,1.158845776579802e-01,3.798466315328203e-01,false
3,1.000000000000000e+10,0,3,CONTINUE,2.098739669234845e-01,8.046942271877920e-02,1.000000000000000e-09,2.098739669234845e-02,5.860483160135532e-14,7.972637872698394e-01,9.683078106570296e+01,6.251521976900698e-01,1.533223785124537e+01,1.254795644784229e-02,6.885887926940570e+00,4.884071572797283e-01,1.304669151123083e+00,2.385582967629124e-02,1.766193738253912e+02,REACHED_FORCE,REACHED_FORCE,REACHED_FORCE,1,0,0,1,0,0,1,0,0,4.984752402727257e-05,NaN,8.253476688912681e-05,NaN,8.629367448356783e-06,NaN,2.276512550572772e-11,1.344631955711173e-11,4.371005696459282e-12,solution good enough for the tolerances given,solution good enough for the tolerances given,solution good enough for the tolerances given,2.276512550572772e-11,1.344631955711173e-11,4.371005696459282e-12,4.984752402727257e-05,3.904005867064924e-12,8.253476688912681e-05,5.373839836387497e-12,8.629367448356783e-06,5.832054345313715e-13,4.984752402727257e-05,8.253476688912681e-05,8.629367448356783e-06,2.184329295373999e-06,2.872567333698877e+00,6.838698038598878e-02,9.074230521539829e-02,9.415092805177987e-01,8.400000000000000e-01,5.143820274637943e-11,1.032729457506321e-12,9.999999999989673e-01,9.999999999955411e-01,9.999999999879223e-01,9.999999999787725e-01,9.999999999648979e-01,9.999999999588591e-01,9.999999999423035e-01,9.999999999341334e-01,9.999999999045350e-01,9.999999998745710e-01,2.296930112077926e-02,2.983664864318897e-02,4.980490268838781e-02,7.424230964755810e-02,1.131832554437422e-01,9.388671979452502e-02,1.187441820975493e-04,1.202257203593727e-01,1.158908014561099e-01,3.798415966642388e-01,false
3,3.162000000000000e+10,0,3,CONTINUE,2.098739669234845e-01,8.043892649982909e-02,1.000000000000000e-09,2.098739669234845e-02,5.860483160135532e-14,7.972283491336905e-01,-9.999999999996598e-01,6.246217521595090e-01,1.533529320030476e+01,1.254529113075748e-02,6.893731558795659e+00,4.892111591875591e-01,1.304933787849378e+00,2.385582967629124e-02,1.766193738253912e+02,REACHED_FORCE,REACHED_FORCE,REACHED_FORCE,1,0,0,1,0,0,1,0,0,5.142932050029167e-04,NaN,7.435717692492357e-04,NaN,9.843088817053421e-05,NaN,7.199615111343751e-12,4.252292608428949e-12,1.380353280412608e-12,solution good enough for the tolerances given,solution good enough for the tolerances given,solution good enough for the tolerances given,7.199615111343751e-12,4.252292608428949e-12,1.380353280412608e-12,5.142932050029167e-04,1.234481446160508e-12,7.435717692492357e-04,1.701051497227339e-12,9.843088817053421e-05,1.841356163888839e-13,5.142932050029167e-04,7.435717692492357e-04,9.843088817053421e-05,1.228058205725939e-06,2.872567333698593e+00,6.838698038598878e-02,9.074230521539829e-02,9.415092805177987e-01,8.400000000000000e-01,1.576172487290809e-11,3.401723347451480e-13,9.999999999996598e-01,9.999999999985238e-01,9.999999999960878e-01,9.999999999932101e-01,9.999999999888121e-01,9.999999999869271e-01,9.999999999791693e-01,9.999999999705045e-01,9.999999999698077e-01,9.999999999603306e-01,2.388225046055740e-02,3.035271640234658e-02,5.016475751047049e-02,7.356921142903006e-02,1.187215171210658e-01,8.722628638085124e-02,1.203678926419210e-01,4.433078406936609e-06,1.155612216262045e-01,3.801497133491468e-01,false
3,1.000000000000000e+11,0,3,CONTINUE,2.098739669234845e-01,8.046898395660279e-02,1.000000000000000e-09,2.098739669234845e-02,5.860483160135532e-14,7.971819356593625e-01,-9.999999999998901e-01,6.251649335043582e-01,1.533636588535910e+01,1.254841109014438e-02,6.889825617222895e+00,4.886498302271846e-01,1.304577542060957e+00,2.385582967629124e-02,1.766193738253912e+02,REACHED_FORCE,REACHED_FORCE,REACHED_FORCE,1,0,0,1,0,0,1,0,0,6.665029594616126e-04,NaN,8.971317187837140e-04,NaN,1.069385359398511e-04,NaN,2.274924239531237e-12,1.344698266152518e-12,4.364763785353336e-13,solution good enough for the tolerances given,solution good enough for the tolerances given,solution good enough for the tolerances given,2.274924239531237e-12,1.344698266152518e-12,4.364763785353336e-13,6.665029594616126e-04,3.905003969368410e-13,8.971317187837140e-04,5.361805574328320e-13,1.069385359398511e-04,5.820362289758589e-14,6.665029594616126e-04,8.971317187837140e-04,1.069385359398511e-04,6.899736465686694e-07,2.872567333698504e+00,6.838698038598878e-02,9.074230521539829e-02,9.415092805177987e-01,8.400000000000000e-01,2.905540238596526e-12,1.099120794378905e-13,9.999999999998901e-01,9.999999999995262e-01,9.999999999987550e-01,9.999999999978466e-01,9.999999999964571e-01,9.999999999958633e-01,9.999999999934119e-01,9.999999999904532e-01,9.999999999882174e-01,9.999999999874558e-01,2.416039860698702e-02,3.023935961311658e-02,5.076341844359893e-02,7.272237503875968e-02,1.201771072498678e-01,8.563381347697062e-02,1.206015327852090e-01,1.159700345668314e-01,2.727977377739212e-08,3.797319329388860e-01,false
3,3.162000000000000e+11,0,3,CONTINUE,2.098739669234845e-01,8.060672864343005e-02,1.000000000000000e-09,2.098739669234845e-02,5.860483160135532e-14,7.971168050121136e-01,-9.999999999999658e-01,6.256994625549105e-01,1.533309218698401e+01,1.255923829274714e-02,6.884450254287606e+00,4.867500646755463e-01,1.303852368941910e+00,2.385582967629124e-02,1.766193738253912e+02,REACHED_FORCE,REACHED_FORCE,REACHED_FORCE,1,0,0,1,0,0,1,0,0,1.658721891157343e-03,NaN,2.373250566679708e-03,NaN,2.540068784803599e-04,NaN,7.184230533966666e-13,4.253607187660508e-13,1.384281561865218e-13,solution good enough for the tolerances given,solution good enough for the tolerances given,solution good enough for the tolerances given,7.184230533966666e-13,4.253607187660508e-13,1.384281561865218e-13,1.658721891157343e-03,1.229947209981813e-13,2.373250566679708e-03,1.693351850886159e-13,2.540068784803599e-04,1.850766842750282e-14,1.658721891157343e-03,2.373250566679708e-03,2.540068784803599e-04,3.862822472100175e-07,2.872567333698475e+00,6.838698038598878e-02,9.074230521539829e-02,9.415092805177987e-01,8.400000000000000e-01,7.877401706894237e-13,3.419486915845482e-14,9.999999999999658e-01,9.999999999998503e-01,9.999999999996056e-01,9.999999999993192e-01,9.999999999988800e-01,9.999999999986924e-01,9.999999999979157e-01,9.999999999969800e-01,9.999999999962077e-01,9.999999999960325e-01,2.487474667427646e-02,3.033476840831909e-02,4.939087553461582e-02,7.457767585707285e-02,1.199082121876727e-01,8.538741273466274e-02,1.206892152416217e-01,1.155043737708419e-01,4.526402301712921e-08,3.793326743268940e-01,false
3,1.000000000000000e+12,0,3,CONTINUE,2.098739669234845e-01,7.895924076490934e-02,1.000000000000000e-09,2.098739669234845e-02,5.860483160135532e-14,7.970972791796188e-01,-9.999999999999891e-01,6.177793416959868e-01,1.545122094073196e+01,1.232632587661307e-02,7.080271321871883e+00,5.031722747609485e-01,1.311551731336161e+00,2.385582967629124e-02,1.766193738253912e+02,REACHED_FORCE,REACHED_FORCE,REACHED_FORCE,1,0,0,1,0,0,1,0,0,1.069313550482699e-02,NaN,1.695409868551861e-02,NaN,2.084392634468518e-03,NaN,2.266090603655064e-13,1.354556811754234e-13,4.277489965586226e-14,solution good enough for the tolerances given,solution good enough for the tolerances given,solution good enough for the tolerances given,2.266090603655064e-13,1.354556811754234e-13,4.277489965586226e-14,1.069313550482699e-02,3.901154146197820e-14,1.695409868551861e-02,5.595076341257399e-14,2.084392634468518e-03,5.731958942878376e-15,1.069313550482699e-02,1.695409868551861e-02,2.084392634468518e-03,2.149076029934877e-07,2.872567333698466e+00,6.838698038598878e-02,9.074230521539829e-02,9.415092805177987e-01,8.400000000000000e-01,1.040291016670135e-13,1.088018564132653e-14,9.999999999999891e-01,9.999999999999520e-01,9.999999999998745e-01,9.999999999997842e-01,9.999999999996450e-01,9.999999999995861e-01,9.999999999993403e-01,9.999999999990454e-01,9.999999999987472e-01,9.999999999987454e-01,2.542482213706160e-02,3.085386944143250e-02,5.013171367177782e-02,7.077133585065531e-02,1.128733190948238e-01,9.086379842139850e-02,1.345271674479729e-01,1.046833202760640e-01,3.828692390896211e-04,3.794877844197241e-01,false
3,3.162000000000000e+12,0,3,CONTINUE,2.098739669234845e-01,7.656925169487551e-02,1.000000000000000e-09,2.098739669234845e-02,5.860483160135532e-14,7.961365607606090e-01,-9.999999999999911e-01,6.354010472528284e-01,1.527810176911456e+01,1.244619355625779e-02,6.784297042785206e+00,4.808407725556708e-01,1.303028943253481e+00,2.385582967629124e-02,1.766193738253912e+02,REACHED_FORCE,REACHED_FORCE,REACHED_FORCE,1,0,0,1,0,0,1,0,0,1.106801907416342e-02,NaN,1.572989809488172e-02,NaN,1.828045349701355e-03,NaN,7.101993827602081e-14,4.472186196209595e-14,1.384498178726849e-14,solution good enough for the tolerances given,solution good enough for the tolerances given,solution good enough for the tolerances given,7.101993827602081e-14,4.472186196209595e-14,1.384498178726849e-14,1.106801907416342e-02,1.209129647651956e-14,1.572989809488172e-02,1.716735961996409e-14,1.828045349701355e-03,1.853618563617385e-15,1.106801907416342e-02,1.572989809488172e-02,1.828045349701355e-03,1.115100797049386e-07,2.872567333698463e+00,6.838698038598878e-02,9.074230521539829e-02,9.415092805177987e-01,8.400000000000000e-01,6.003600137561912e-14,8.881784197001252e-15,9.999999999999911e-01,9.999999999999869e-01,9.999999999999565e-01,9.999999999999301e-01,9.999999999998814e-01,9.999999999998717e-01,9.999999999997917e-01,9.999999999996976e-01,9.999999999996030e-01,9.999999999996028e-01,5.625964489429539e-02,2.478080499380656e-07,7.586449469694904e-02,4.320131917401727e-02,4.994016528569349e-02,1.652225243983787e-01,1.230010748533336e-01,1.169528921916597e-01,8.106443653968476e-04,3.687469923322262e-01,false
3,1.000000000000000e+13,1,6,CONTINUE,2.098739669234845e-01,9.894087629577442e-02,1.000000000000000e-09,2.098739669234845e-02,5.860483160135532e-14,7.914937833690557e-01,-9.999999999999942e-01,5.833302531007137e-01,1.511597738587690e+01,7.704161184505200e-03,1.315606746775887e+01,5.126198089120669e-01,1.310591832238953e+00,2.385582967629124e-02,1.766193738253912e+02,REFINE_STALLED,REFINE_STALLED,REACHED_FORCE,1,1,1,1,1,1,1,1,1,6.179125570465267e-02,1.205998192319560e-01,1.609905708466311e-01,3.459519952533552e-01,2.518849308409461e-02,2.062446700993523e-02,2.146112718116133e-14,1.310891575444003e-14,3.574634013515392e-15,solution good enough for the tolerances given,solution good enough for the tolerances given,solution good enough for the tolerances given,2.146112718116133e-14,1.310891575444003e-14,3.574634013515392e-15,6.179125570465267e-02,2.381186924031564e-15,1.609905708466311e-01,2.623583197735376e-15,2.518849308409461e-02,3.707237127234771e-16,1.205998192319560e-01,3.459519952533552e-01,2.062446700993523e-02,4.214684851089403e-08,2.872567333698462e+00,6.838698038598878e-02,9.074230521539829e-02,9.415092805177987e-01,8.400000000000000e-01,2.181259772043867e-14,5.773159728050814e-15,9.999999999999942e-01,9.999999999999918e-01,9.999999999999845e-01,9.999999999999771e-01,9.999999999999645e-01,9.999999999999614e-01,9.999999999999332e-01,9.999999999999039e-01,9.999999999998748e-01,9.999999999998737e-01,2.371397577972730e-138,1.290943812172108e-01,1.291706699830176e-57,5.866811537745109e-138,2.478181676787532e-01,2.528771949550870e-139,1.295369659945253e-01,1.751636567491281e-01,4.698817427338004e-03,3.136880109330444e-01,false
3,3.162000000000000e+13,1,10,CONTINUE,2.098739669234845e-01,2.162903316414481e-01,1.000000000000000e-09,2.098739669234845e-02,5.860483160135532e-14,4.109552533500117e-05,7.572577861827432e-04,2.384837843319857e-03,1.079900039591936e+01,3.146621901174469e-02,8.885032510470802e+01,2.500462445924044e+02,1.311327995087638e+00,2.385582967629124e-02,1.766193738253912e+02,REFINE_STALLED,REFINE_STALLED,REFINE_STALLED,1,3,3,1,2,2,1,2,2,2.151895351730681e+04,9.716245894478503e+01,2.121999677983110e+04,3.971624947802458e+02,9.484240668245748e+03,2.507094597621360e+00,2.548617082854348e-10,2.594610277067867e-10,2.020754591258205e-10,solution good enough for the tolerances given,solution good enough for the tolerances given,solution good enough for the tolerances given,2.548617082854348e-10,2.594610277067867e-10,2.020754591258205e-10,2.151895351730681e+04,3.234302035192564e-11,2.121999677983110e+04,3.321199673454947e-11,9.484240668245748e+03,2.371710655590179e-11,2.270723512781764e+01,3.220507491252231e+02,2.500920328444054e+00,4.246935401196719e-05,2.872567333872522e+00,6.838698038598878e-02,9.074230521539829e-02,9.415092805177987e-01,8.400000000000000e-01,9.126930286742145e-11,4.176325951732451e-11,9.999999999582367e-01,9.999999999286582e-01,9.999999998950089e-01,9.999999998263895e-01,9.999999997737137e-01,9.999999996834232e-01,9.999999995698241e-01,9.999999994728530e-01,9.999999992980395e-01,9.999999992304380e-01,1.041187536758961e-01,1.796883460029426e-01,1.881727918237155e-01,9.249717136426108e-02,1.046138450936165e-01,1.153915329009667e-01,1.032412241655196e-02,1.568634521429565e-01,2.355437426728676e-05,4.830643020482617e-02,false
3,1.000000000000000e+14,1,10,CONTINUE,2.098739669234845e-01,2.163132949781967e-01,1.000000000000000e-09,2.098739669234845e-02,5.860483160135532e-14,1.299618253383210e-05,2.394398198290388e-04,2.366174475860018e-03,1.079834242168613e+01,3.146748667393579e-02,8.938330868639956e+01,2.521255650642556e+02,1.311444672864134e+00,2.385582967629124e-02,1.766193738253912e+02,REFINE_STALLED,REFINE_STALLED,REFINE_STALLED,1,3,3,1,2,2,1,2,2,6.803651130980821e+04,9.738601065226042e+01,6.773452601082348e+04,3.996848865541013e+02,2.999363431090516e+04,2.515565961514253e+00,2.548153798747306e-10,2.561843647036681e-10,2.020566158771071e-10,solution good enough for the tolerances given,solution good enough for the tolerances given,solution good enough for the tolerances given,2.548153798747306e-10,2.561843647036681e-10,2.020566158771071e-10,6.803651130980821e+04,3.286488527060561e-11,6.773452601082348e+04,3.350156047139517e-11,2.999363431090516e+04,2.371280045739246e-11,2.279262373988699e+01,3.247497174500808e+02,2.513608557725821e+00,4.246761918623591e-05,2.872567333872522e+00,6.838698038598878e-02,9.074230521539829e-02,9.415092805177987e-01,8.400000000000000e-01,9.130882914624414e-11,4.176414769574421e-11,9.999999999582359e-01,9.999999999286642e-01,9.999999998949474e-01,9.999999998264300e-01,9.999999997737505e-01,9.999999996834439e-01,9.999999995699020e-01,9.999999994729587e-01,9.999999992980813e-01,9.999999992305433e-01,1.042224496712518e-01,1.799204570234873e-01,1.878710159496092e-01,9.255028129146603e-02,1.047088960438523e-01,1.154288512215668e-01,1.032816864347006e-02,1.567770643710458e-01,2.394045458615639e-05,4.816887532966466e-02,false
3,3.162000000000000e+14,1,10,CONTINUE,2.098739669234845e-01,2.163205972880082e-01,1.000000000000000e-09,2.098739669234845e-02,5.860483160135532e-14,4.110291385215106e-06,7.572255783797430e-05,2.360299887829120e-03,1.079813882254319e+01,3.146787048298915e-02,8.955372597277251e+01,2.527884296619752e+02,1.311482718291656e+00,2.385582967629124e-02,1.766193738253912e+02,REFINE_STALLED,REFINE_STALLED,REFINE_STALLED,1,3,3,1,2,2,1,2,2,2.151118180352548e+05,9.879632062283817e+01,2.148102426630167e+05,4.022723813806988e+02,9.483893240841781e+04,2.518236555496701e+00,2.548003307403259e-10,2.552246198554137e-10,2.020503972463607e-10,solution good enough for the tolerances given,solution good enough for the tolerances given,solution good enough for the tolerances given,2.548003307403259e-10,2.552246198554137e-10,2.020503972463607e-10,2.151118180352548e+05,3.389059223208546e-11,2.148102426630167e+05,3.461860805224835e-11,9.483893240841781e+04,2.371120349370688e-11,2.281977264884877e+01,3.256093348274247e+02,2.517630077646322e+00,4.246708642373561e-05,2.872567333872522e+00,6.838698038598878e-02,9.074230521539829e-02,9.415092805177987e-01,8.400000000000000e-01,9.132081580178566e-11,4.176503587416391e-11,9.999999999582350e-01,9.999999999286651e-01,9.999999998949265e-01,9.999999998264411e-01,9.999999997737614e-01,9.999999996834501e-01,9.999999995699258e-01,9.999999994729922e-01,9.999999992980932e-01,9.999999992305764e-01,1.042480927334121e-01,1.799996376852730e-01,1.877825434765916e-01,9.256752181196964e-02,1.047359560535791e-01,1.154387411459840e-01,1.032888666941456e-02,1.567490010079480e-01,2.406780837227383e-05,4.812555160745546e-02,false
3,1.000000000000000e+15,1,10,CONTINUE,2.098739669234845e-01,2.163232527617904e-01,1.000000000000000e-09,2.098739669234845e-02,5.860483160135532e-14,1.299693639796259e-06,2.394347278836747e-05,2.358368917536298e-03,1.079807216419117e+01,3.146799380207662e-02,8.960999517959948e+01,2.530037510810331e+02,1.311491475798081e+00,2.385582967629124e-02,1.766193738253912e+02,REFINE_STALLED,REFINE_STALLED,REFINE_STALLED,1,3,3,1,2,2,1,2,2,6.802858257316806e+05,1.016934277508942e+02,6.799843985281829e+05,4.042205367112916e+02,2.999317536370709e+05,2.519071046097300e+00,2.547960164251383e-10,2.549292633797843e-10,2.020485339771664e-10,solution good enough for the tolerances given,solution good enough for the tolerances given,solution good enough for the tolerances given,2.547960164251383e-10,2.549292633797843e-10,2.020485339771664e-10,6.802858257316806e+05,4.117092153696644e-11,6.799843985281829e+05,3.165715296617853e-11,2.999317536370709e+05,2.371106090766353e-11,2.282864265848410e+01,3.258887484583158e+02,2.518911146088208e+00,4.246690493777112e-05,2.872567333872522e+00,6.838698038598878e-02,9.074230521539829e-02,9.415092805177987e-01,8.400000000000000e-01,9.132569873474429e-11,4.176503587416391e-11,9.999999999582350e-01,9.999999999286660e-01,9.999999998949203e-01,9.999999998264442e-01,9.999999997737639e-01,9.999999996834514e-01,9.999999995699327e-01,9.999999994730022e-01,9.999999992980986e-01,9.999999992305879e-01,1.042611234881306e-01,1.800139010651864e-01,1.877552335433253e-01,9.257671040732253e-02,1.047450827489429e-01,1.154414419721751e-01,1.032903244923853e-02,1.567414659526061e-01,2.408432404432042e-05,4.811192404902782e-02,false
3,3.162000000000000e+15,1,10,CONTINUE,2.098739669234845e-01,2.163255744740874e-01,1.000000000000000e-09,2.098739669234845e-02,5.860483160135532e-14,4.110369673994289e-07,7.572054498941021e-06,2.357813591866488e-03,1.079805100743798e+01,3.146803595057378e-02,8.962568159365657e+01,2.530659174907254e+02,1.311501192715448e+00,2.385582967629124e-02,1.766193738253912e+02,REFINE_STALLED,REFINE_STALLED,REFINE_STALLED,1,3,3,1,2,2,1,2,2,2.151058070792100e+06,1.397901618255786e+02,2.150761910191301e+06,4.401279082581284e+02,9.483888631435378e+05,2.519281431513163e+00,2.547945294915530e-10,2.548363627368117e-10,2.020484091359989e-10,solution good enough for the tolerances given,solution good enough for the tolerances given,solution good enough for the tolerances given,2.547945294915530e-10,2.548363627368117e-10,2.020484091359989e-10,2.151058070792100e+06,1.451144931447923e-10,2.150761910191301e+06,1.310653191897540e-10,9.483888631435378e+05,2.371086128720283e-11,2.283114340591406e+01,3.259667826716734e+02,2.519340788989803e+00,4.246685140834301e-05,2.872567333872522e+00,6.838698038598878e-02,9.074230521539829e-02,9.415092805177987e-01,8.400000000000000e-01,9.132625919607988e-11,4.176614609718854e-11,9.999999999582339e-01,9.999999999286648e-01,9.999999998949178e-01,9.999999998264435e-01,9.999999997737650e-01,9.999999996834528e-01,9.999999995699349e-01,9.999999994730056e-01,9.999999992980997e-01,9.999999992305910e-01,1.042682460055184e-01,1.800248091751792e-01,1.877396080544786e-01,9.257662407213268e-02,1.047471825558767e-01,1.154430813924537e-01,1.032957944881719e-02,1.567391002660701e-01,2.410969555438636e-05,4.810765933391866e-02,false
3,1.000000000000000e+16,1,11,CONTINUE,2.098739669234845e-01,2.163237878916012e-01,1.000000000000000e-09,2.098739669234845e-02,5.860483160135532e-14,1.299697765673265e-07,2.394372738292850e-06,2.357644025557309e-03,1.079804692383000e+01,3.146804326388401e-02,8.963108637747153e+01,2.530882885723987e+02,1.311497177801608e+00,2.385582967629124e-02,1.766193738253912e+02,REFINE_STALLED,REFINE_STALLED,REFINE_STALLED,1,3,3,1,3,3,1,2,2,6.803010222769818e+06,7.403144669798737e+02,6.802710003547629e+06,7.418529613111615e+02,2.999328773603228e+06,2.519193475801408e+00,2.547939984234660e-10,2.548074108558949e-10,2.020481371512564e-10,solution good enough for the tolerances given,solution good enough for the tolerances given,solution good enough for the tolerances given,2.547939984234660e-10,2.548074108558949e-10,2.020481371512564e-10,6.803010222769818e+06,4.890121817402597e-10,6.802710003547629e+06,2.286429372715270e-10,2.999328773603228e+06,2.371083276999416e-11,2.283211829458629e+01,3.259988592645696e+02,2.519553668776782e+00,4.246683671248473e-05,2.872567333872522e+00,6.838698038598878e-02,9.074230521539829e-02,9.415092805177987e-01,8.400000000000000e-01,9.132740813141655e-11,4.176459178495406e-11,9.999999999582354e-01,9.999999999286648e-01,9.999999998949161e-01,9.999999998264457e-01,9.999999997737665e-01,9.999999996834525e-01,9.999999995699360e-01,9.999999994730067e-01,9.999999992980990e-01,9.999999992305904e-01,1.042687052481843e-01,1.800331378766696e-01,1.877350137826206e-01,9.257560783049210e-02,1.047476581800017e-01,1.154428237265388e-01,1.032948817496106e-02,1.567376964997019e-01,2.413176266936448e-05,4.810573691815988e-02,false
3,3.162000000000000e+16,1,11,CONTINUE,2.098739669234845e-01,2.163237581778041e-01,1.000000000000000e-09,2.098739669234845e-02,5.860483160135532e-14,4.110373232646023e-08,7.572376559848004e-07,2.357571879768247e-03,1.079804447446629e+01,3.146804884130047e-02,8.963320304191306e+01,2.530958098033091e+02,1.311497066436050e+00,2.385582967629124e-02,1.766193738253912e+02,REFINE_STALLED,REFINE_STALLED,REFINE_STALLED,1,3,3,1,3,3,1,2,2,2.151319053915181e+07,7.502262518404049e+03,2.151302933555973e+07,7.504765063056742e+03,9.483856083272818e+06,2.518671891264294e+00,2.547942531364214e-10,2.547982894386744e-10,2.020478336879819e-10,solution good enough for the tolerances given,solution good enough for the tolerances given,solution good enough for the tolerances given,2.547942531364214e-10,2.547982894386744e-10,2.020478336879819e-10,2.151319053915181e+07,1.589319590759366e-09,2.151302933555973e+07,1.435010593453463e-09,9.483856083272818e+06,2.371074721836815e-11,2.283240948893942e+01,3.260088670745564e+02,2.519864937717070e+00,4.246683159258945e-05,2.872567333872522e+00,6.838698038598878e-02,9.074230521539829e-02,9.415092805177987e-01,8.400000000000000e-01,9.132676941347648e-11,4.176436974034914e-11,9.999999999582356e-01,9.999999999286660e-01,9.999999998949181e-01,9.999999998264464e-01,9.999999997737663e-01,9.999999996834537e-01,9.999999995699367e-01,9.999999994730071e-01,9.999999992980999e-01,9.999999992305917e-01,1.042616061155867e-01,1.800364794165304e-01,1.877379118081143e-01,9.257567541528305e-02,1.047484679797797e-01,1.154415451678773e-01,1.032924206975003e-02,1.567387376202924e-01,2.411703445755503e-05,4.810621737232912e-02,false
3,1.000000000000000e+17,1,11,CONTINUE,2.098739669234845e-01,2.163236547128756e-01,1.000000000000000e-09,2.098739669234845e-02,5.860483160135532e-14,1.299701141410299e-08,2.394334549311728e-07,2.357598551143365e-03,1.079804534956062e+01,3.146804501123714e-02,8.963241295241384e+01,2.530922295899098e+02,1.311496350116039e+00,2.385582967629124e-02,1.766193738253912e+02,REFINE_STALLED,REFINE_STALLED,REFINE_STALLED,1,3,3,1,3,3,1,2,2,6.805609673053321e+07,7.525572739122924e+04,6.805601947970457e+07,7.525716001781696e+04,2.999324449367951e+07,2.516946519624655e+00,2.547937362064855e-10,2.547953197820750e-10,2.020479066845064e-10,solution good enough for the tolerances given,solution good enough for the tolerances given,solution good enough for the tolerances given,2.547937362064855e-10,2.547953197820750e-10,2.020479066845064e-10,6.805609673053321e+07,4.661169012141651e-09,6.805601947970457e+07,4.661162453183657e-09,2.999324449367951e+07,2.371091832162017e-11,2.283248977357821e+01,3.260045810359754e+02,2.520745336766387e+00,4.246682805136154e-05,2.872567333872522e+00,6.838698038598878e-02,9.074230521539829e-02,9.415092805177987e-01,8.400000000000000e-01,9.132722337373019e-11,4.176525791876884e-11,9.999999999582347e-01,9.999999999286648e-01,9.999999998949172e-01,9.999999998264455e-01,9.999999997737645e-01,9.999999996834534e-01,9.999999995699369e-01,9.999999994730069e-01,9.999999992980999e-01,9.999999992305924e-01,1.042657972478545e-01,1.800328757385831e-01,1.877361384660318e-01,9.257760563942047e-02,1.047483551735813e-01,1.154429483662782e-01,1.032897780523792e-02,1.567378369987130e-01,2.412714461203174e-05,4.810533741968764e-02,false
3,3.162000000000000e+17,1,11,CONTINUE,2.098739669234845e-01,2.163219202901235e-01,1.000000000000000e-09,2.098739669234845e-02,5.860483160135532e-14,4.110376791303918e-09,7.572215525970045e-08,2.357635199189676e-03,1.079802388619565e+01,3.146814592545157e-02,8.962547123374809e+01,2.531001782746815e+02,1.311501476642413e+00,2.385582967629124e-02,1.766193738253912e+02,REFINE_STALLED,REFINE_STALLED,REFINE_STALLED,1,3,3,1,3,3,1,2,2,2.153940977363301e+08,7.523162498608103e+05,2.153932459006624e+08,7.523193052976421e+05,9.483862293850577e+07,2.511467162299634e+00,2.547939028629145e-10,2.547942559168411e-10,2.020478732796406e-10,solution good enough for the tolerances given,solution good enough for the tolerances given,solution good enough for the tolerances given,2.547939028629145e-10,2.547942559168411e-10,2.020478732796406e-10,2.153940977363301e+08,1.142305181318048e-08,2.153932459006624e+08,9.789616143382831e-09,9.483862293850577e+07,2.371094683882884e-11,2.282912788851763e+01,3.260135410487572e+02,2.523491454387494e+00,4.246682685126888e-05,2.872567333872522e+00,6.838698038598878e-02,9.074230521539829e-02,9.415092805177987e-01,8.400000000000000e-01,9.132770574038797e-11,4.176525791876884e-11,9.999999999582347e-01,9.999999999286646e-01,9.999999998949169e-01,9.999999998264451e-01,9.999999997737652e-01,9.999999996834541e-01,9.999999995699376e-01,9.999999994730067e-01,9.999999992980999e-01,9.999999992305924e-01,1.042674499848255e-01,1.800376100949186e-01,1.877295109609742e-01,9.257739950230649e-02,1.047468006090622e-01,1.154441193669843e-01,1.032961780974481e-02,1.567381821938524e-01,2.411750103098873e-05,4.810519197630055e-02,false
3,1.000000000000000e+18,1,12,CONTINUE,2.098739669234845e-01,2.165930888166633e-01,1.000000000000000e-09,2.098739669234845e-02,5.860483160135532e-14,1.299700016162672e-09,2.394347278836747e-08,2.352609958945541e-03,1.079732761374885e+01,3.146994733753392e-02,8.963704983112120e+01,2.532501935146953e+02,1.312211784056046e+00,2.385582967629124e-02,1.766193738253912e+02,REFINE_STALLED,REFINE_STALLED,REFINE_STALLED,1,4,4,1,3,3,1,2,2,6.831911346876005e+08,7.525272327124760e+06,6.831914608992590e+08,7.525328170653500e+06,2.999322870921012e+08,2.494136567717534e+00,2.547939647770514e-10,2.547938442015141e-10,2.020478645339270e-10,solution good enough for the tolerances given,solution good enough for the tolerances given,solution good enough for the tolerances given,2.547939647770514e-10,2.547938442015141e-10,2.020478645339270e-10,6.831911346876005e+08,3.906935428148351e-08,6.831914608992590e+08,3.972413916810101e-08,2.999322870921012e+08,2.371057611511612e-11,2.283255010626060e+01,3.258249204326507e+02,2.532159337311202e+00,4.246682752307237e-05,2.872567333872522e+00,6.838698038598878e-02,9.074230521539829e-02,9.415092805177987e-01,8.400000000000000e-01,9.132690237343290e-11,4.176503587416391e-11,9.999999999582350e-01,9.999999999286644e-01,9.999999998949165e-01,9.999999998264462e-01,9.999999997737663e-01,9.999999996834528e-01,9.999999995699376e-01,9.999999994730076e-01,9.999999992981004e-01,9.999999992305917e-01,1.042682504979592e-01,1.800283424060000e-01,1.877369618252986e-01,9.257819762243633e-02,1.047482591535076e-01,1.154435329796673e-01,1.032934266664685e-02,1.567377783544554e-01,2.412598011457639e-05,4.810520851391356e-02,false
4,1.000000000000000e+00,0,9,CONTINUE,7.997442405292816e-02,2.872567733607490e-02,1.000000000000000e-09,7.997442405292817e-03,3.575425921638842e-14,3.471906576090924e-01,1.515705256588522e+02,6.688965157133733e-01,2.006720241237856e+01,3.071618039024636e-03,5.108139143240822e+00,7.509060515736317e-01,1.152391511162600e+00,5.866100381547681e-03,2.277971652305838e+02,REACHED_FORCE,REACHED_FORCE,REACHED_FORCE,4,0,0,3,0,0,2,0,0,2.486179819394066e-03,NaN,5.094843474282486e-03,NaN,7.396616216734206e-04,NaN,1.788445438772300e-01,1.670695336333366e-01,2.425872759809427e-02,solution good enough for the tolerances given,solution good enough for the tolerances given,solution good enough for the tolerances given,5.850583291596084e-03,1.020995539938698e-02,5.707668713160120e-03,6.099598192778563e-15,2.486179819394066e-03,1.294608596018307e-14,5.094843474282486e-03,1.872882190918093e-15,7.396616216734206e-04,2.486179819394066e-03,5.094843474282486e-03,7.396616216734206e-04,1.082960456786741e-01,1.513093884197900e+01,1.738251571234114e-02,2.302841615864647e-02,2.740277021826552e+00,7.200000000000000e-01,2.650051633390461e-01,6.554345904503212e-03,9.934456540954968e-01,9.444956761954049e-01,8.771607600394361e-01,7.825249975912636e-01,6.729135226225842e-01,6.115111592670226e-01,4.980522502255421e-01,4.363209062978264e-01,3.091598552786373e-01,2.577145674579306e-01,2.545362202893091e-03,2.332850611045850e-02,3.281688251169175e-02,1.062974624400187e-01,7.015353054400711e-02,1.668440852088238e-01,4.903393102695298e-01,1.078015792147807e-02,9.477042287653707e-02,2.124279914562028e-03,false
4,3.162000000000000e+00,0,7,CONTINUE,7.997442405292816e-02,2.767041499044727e-02,1.000000000000000e-09,7.997442405292817e-03,3.575425921638842e-14,3.465395504449386e-01,5.535495672108453e+01,6.818210727506799e-01,2.006587840452951e+01,2.927981029895669e-03,5.021484467543933e+00,7.645160605626617e-01,1.135670960140241e+00,5.866100381547681e-03,2.277971652305838e+02,REACHED_FORCE,REACHED_FORCE,REACHED_FORCE,3,0,0,2,0,0,2,0,0,5.004690417614242e-04,NaN,1.719154411884697e-03,NaN,1.380866106754356e-04,NaN,8.300538240342545e-02,7.235711074373807e-02,1.118228213568900e-02,solution good enough for the tolerances given,solution good enough for the tolerances given,solution good enough for the tolerances given,2.007387117063960e-03,8.038003856705301e-03,1.203178226010435e-03,1.655605223754181e-14,5.004690417614242e-04,3.209361869150279e-14,1.719154411884697e-03,4.921266723719068e-15,1.380866106754356e-04,5.004690417614242e-04,1.719154411884697e-03,1.380866106754356e-04,6.090941160262477e-02,8.521235967629391e+00,1.738251571234114e-02,2.302841615864647e-02,2.740277021826552e+00,7.200000000000000e-01,4.244290544577962e-02,5.680773269676531e-03,9.943192267303235e-01,9.754799996125677e-01,9.409017329229800e-01,9.103957555479000e-01,8.441431870136982e-01,7.879148914513272e-01,7.552202681324233e-01,6.650047654933363e-01,5.857856996824752e-01,5.228456853877298e-01,2.886140735576277e-03,1.645951819933734e-02,2.834327897532357e-02,6.252354050888234e-02,1.597539151972867e-01,8.216943808438772e-02,4.832351971450313e-01,3.008903052899219e-03,1.576732913223844e-01,3.946776778890758e-03,false
4,1.000000000000000e+01,0,5,CONTINUE,7.997442405292816e-02,2.763491432257533e-02,1.000000000000000e-09,7.997442405292817e-03,3.575425921638842e-14,3.465395263047980e-01,3.258493425951868e+01,6.809428946389825e-01,2.016093053974058e+01,2.904568240216225e-03,5.133396202225331e+00,7.484966611045407e-01,1.139846523160344e+00,5.866100381547681e-03,2.277971652305838e+02,REACHED_FORCE,REACHED_FORCE,REACHED_FORCE,2,0,0,2,0,0,1,0,0,2.058779307974791e-03,NaN,4.029777321394442e-03,NaN,5.725411898749435e-04,NaN,3.162582880466043e-02,2.668912129087555e-02,4.214960872912571e-03,solution good enough for the tolerances given,solution good enough for the tolerances given,solution good enough for the tolerances given,1.713738759919231e-03,1.192780788465288e-03,4.214960872912571e-03,3.212756821762216e-14,2.058779307974791e-03,6.909860216160650e-14,4.029777321394442e-03,9.791609158259094e-15,5.725411898749435e-04,2.058779307974791e-03,4.029777321394442e-03,5.725411898749435e-04,3.425169159494742e-02,4.797529098077343e+00,1.738251571234114e-02,2.302841615864647e-02,2.740277021826552e+00,7.200000000000000e-01,3.133527199148928e-02,3.059513573011929e-03,9.969404864269881e-01,9.892852839661100e-01,9.739487916804271e-01,9.608905745627893e-01,9.441381691576757e-01,9.207267271373915e-01,9.070046788682520e-01,8.625648431466220e-01,8.172686423555595e-01,7.760556588852960e-01,4.271902220607957e-03,1.503241861229511e-02,5.118161453194554e-02,1.954081192956790e-02,1.346245421332649e-01,7.790424002688848e-02,4.765996611742379e-01,3.476995933553611e-03,2.113791072770232e-01,5.988706160615949e-03,false
4,3.162000000000000e+01,0,5,CONTINUE,7.997442405292816e-02,2.729675703484040e-02,1.000000000000000e-09,7.997442405292817e-03,3.575425921638842e-14,3.465395262053769e-01,2.884771147847958e+01,6.859498765143660e-01,2.011343136822695e+01,2.864521468482211e-03,5.045276733834802e+00,7.644859444078091e-01,1.129168341447759e+00,5.866100381547681e-03,2.277971652305838e+02,REACHED_FORCE,REACHED_FORCE,REACHED_FORCE,2,0,0,2,0,0,1,0,0,6.816370616529319e-04,NaN,1.356051857455868e-03,NaN,1.952776234380564e-04,NaN,1.076304996715852e-02,8.931757755407874e-03,1.425709518952321e-03,solution good enough for the tolerances given,solution good enough for the tolerances given,solution good enough for the tolerances given,2.091771760460345e-04,1.393492849695712e-04,1.425709518952321e-03,9.695984659689561e-14,6.816370616529319e-04,1.982199665022436e-13,1.356051857455868e-03,2.795177650494073e-14,1.952776234380564e-04,6.816370616529319e-04,1.356051857455868e-03,1.952776234380564e-04,1.926222135250904e-02,2.872599624956920e+00,1.738251571234114e-02,2.302841615864647e-02,2.740277021826552e+00,7.200000000000000e-01,1.136539712278369e-02,1.095092779042073e-03,9.989049072209579e-01,9.962256742968930e-01,9.911692587053614e-01,9.837454616299808e-01,9.810045598061531e-01,9.733220572449638e-01,9.685880912512855e-01,9.520264457862976e-01,9.339589217421624e-01,9.163710370184334e-01,4.513477613958723e-03,1.425447763630480e-02,5.097683104485624e-02,4.441728577486304e-02,9.452302851646838e-02,7.416144469272702e-02,4.679018675105526e-01,3.656740475921908e-03,2.383841146905472e-01,7.210732043799885e-03,false
4,1.000000000000000e+02,0,3,CONTINUE,7.997442405292816e-02,2.712205209691147e-02,1.000000000000000e-09,7.997442405292817e-03,3.575425921638842e-14,3.465395262004167e-01,2.798345515109670e+01,6.882264138113833e-01,2.010675888911062e+01,2.845926741841580e-03,5.021576078932976e+00,7.684770026923622e-01,1.127180420644322e+00,5.866100381547681e-03,2.277971652305838e+02,REACHED_FORCE,REACHED_FORCE,REACHED_FORCE,1,0,0,1,0,0,1,0,0,7.375647917367659e-04,NaN,7.497824331460249e-04,NaN,6.337027730517773e-05,NaN,3.490630972849700e-03,2.906803772365566e-03,4.612794385889800e-04,solution good enough for the tolerances given,solution good enough for the tolerances given,solution good enough for the tolerances given,3.490630972849700e-03,2.906803772365566e-03,4.612794385889800e-04,3.188567784402170e-13,7.375647917367659e-04,6.488886092280572e-13,7.497824331460249e-04,8.895624581425620e-14,6.337027730517773e-05,7.375647917367659e-04,7.497824331460249e-04,6.337027730517773e-05,1.083150915685111e-02,2.872577544233629e+00,1.738251571234114e-02,2.302841615864647e-02,2.740277021826552e+00,7.200000000000000e-01,3.605437647147419e-03,3.572263568760725e-04,9.996427736431239e-01,9.987713745402426e-01,9.971635772667271e-01,9.945354114730408e-01,9.936879741272218e-01,9.913813165476522e-01,9.898489819867330e-01,9.843162154769798e-01,9.781301949455389e-01,9.719526188118093e-01,4.515564793814262e-03,1.389854733693638e-02,4.947756890482913e-02,7.626178271186479e-02,5.965483826960424e-02,7.227546332939605e-02,4.639465069022571e-01,3.715608811873977e-03,2.485430709650778e-01,7.711047974345798e-03,true
4,3.162000000000000e+02,0,3,CONTINUE,7.997442405292816e-02,2.708739951448064e-02,1.000000000000000e-09,7.997442405292817e-03,3.575425921638842e-14,3.465395261995756e-01,2.773349672528023e+01,6.889207478814515e-01,2.009696459025173e+01,2.838093944896371e-03,5.006123231644333e+00,7.711308960021618e-01,1.124877195656840e+00,5.866100381547681e-03,2.277971652305838e+02,REACHED_FORCE,REACHED_FORCE,REACHED_FORCE,1,0,0,1,0,0,1,0,0,2.350061836419359e-04,NaN,2.368557601003979e-04,NaN,2.021115400426779e-05,NaN,1.113092111187302e-03,9.190487993997570e-04,1.469739338483801e-04,solution good enough for the tolerances given,solution good enough for the tolerances given,solution good enough for the tolerances given,1.113092111187302e-03,9.190487993997570e-04,1.469739338483801e-04,1.859726749546841e-12,2.350061836419359e-04,3.926036365529995e-12,2.368557601003979e-04,5.517788188908011e-13,2.021115400426779e-05,2.350061836419359e-04,2.368557601003979e-04,2.021115400426779e-05,6.091280039693381e-03,2.872570562840643e+00,1.738251571234114e-02,2.302841615864647e-02,2.740277021826552e+00,7.200000000000000e-01,1.136328194039351e-03,1.140207734724452e-04,9.998859792265276e-01,9.996080276693126e-01,9.990988279546283e-01,9.982475042335289e-01,9.979637580131879e-01,9.972550252106002e-01,9.967671889129875e-01,9.949861450131872e-01,9.929785589911990e-01,9.909564297394153e-01,4.509295557683072e-03,1.377629013887320e-02,4.893899651829892e-02,8.530530533880820e-02,4.979716814968346e-02,7.155898315335057e-02,4.625480351138597e-01,3.734314883812706e-03,2.519474721640825e-01,7.884138981547153e-03,false
4,1.000000000000000e+03,0,3,CONTINUE,7.997442405292816e-02,2.707651838856471e-02,1.000000000000000e-09,7.997442405292817e-03,3.575425921638842e-14,3.465395261994499e-01,2.765652927685922e+01,6.891403304583031e-01,2.009381885562549e+01,2.835611715406432e-03,5.001195144179803e+00,7.719676195780388e-01,1.124142524823775e+00,5.866100381547681e-03,2.277971652305838e+02,REACHED_FORCE,REACHED_FORCE,REACHED_FORCE,1,0,0,1,0,0,1,0,0,7.448615018146647e-05,NaN,7.486385432272611e-05,NaN,6.408019203357989e-06,NaN,3.528902177137465e-04,2.905741634493301e-04,4.658384500911903e-05,solution good enough for the tolerances given,solution good enough for the tolerances given,solution good enough for the tolerances given,3.528902177137465e-04,2.905741634493301e-04,4.658384500911903e-05,6.277253233834004e-12,7.448615018146647e-05,1.268587981724123e-11,7.486385432272611e-05,1.727716846358881e-12,6.408019203357989e-06,7.448615018146647e-05,7.486385432272611e-05,6.408019203357989e-06,3.425229422065525e-03,2.872568354753612e+00,1.738251571234114e-02,2.302841615864647e-02,2.740277021826552e+00,7.200000000000000e-01,3.587557216189780e-04,3.615651962218802e-05,9.999638434803778e-01,9.998757201337716e-01,9.997146428760980e-01,9.994436687013017e-01,9.993518864222031e-01,9.991300781144479e-01,9.989755145274176e-01,9.984091645147604e-01,9.977691092634984e-01,9.971226294432303e-01,4.506649577420164e-03,1.373670529754877e-02,4.876352729592186e-02,8.780169675551196e-02,4.705829848747144e-02,7.131783287998925e-02,4.620899335610035e-01,3.740235714122654e-03,2.530445994393558e-01,7.940520991654453e-03,false
4,3.162000000000000e+03,0,3,CONTINUE,7.997442405292816e-02,2.707308700058899e-02,1.000000000000000e-09,7.997442405292817e-03,3.575425921638842e-14,3.465395261988261e-01,2.763239593114202e+01,6.892097441142069e-01,2.009281933981576e+01,2.834826523498171e-03,4.999632910775874e+00,7.722318800540457e-01,1.123909616063482e+00,5.866100381547681e-03,2.277971652305838e+02,REACHED_FORCE,REACHED_FORCE,REACHED_FORCE,1,0,0,1,0,0,1,0,0,2.357445444980913e-05,NaN,2.367300969880246e-05,NaN,2.028304869759145e-06,NaN,1.116969889951469e-04,9.189263546069902e-05,1.474351503267764e-05,solution good enough for the tolerances given,solution good enough for the tolerances given,solution good enough for the tolerances given,1.116969889951469e-04,9.189263546069902e-05,1.474351503267764e-05,2.082908105128345e-11,2.357445444980913e-05,4.357588030097995e-11,2.367300969880246e-05,6.020362827943151e-12,2.028304869759145e-06,2.357445444980913e-05,2.367300969880246e-05,2.028304869759145e-06,1.926232853569788e-03,2.872567656612843e+00,1.738251571234114e-02,2.302841615864647e-02,2.740277021826552e+00,7.200000000000000e-01,1.133983389304130e-04,1.144496900395975e-05,9.999885550309960e-01,9.999606620804102e-01,9.999097137984476e-01,9.998238448342855e-01,9.997945980959255e-01,9.997246852091671e-01,9.996757730902420e-01,9.994963415922793e-01,9.992933906246693e-01,9.990882218168846e-01,4.505747665999784e-03,1.372409959432372e-02,4.870756920499270e-02,8.855180480872439e-02,4.623307239914885e-02,7.124004181107428e-02,4.619434817101551e-01,3.742108000568831e-03,2.533935585542917e-01,7.958516250720141e-03,false
4,1.000000000000000e+04,0,3,CONTINUE,7.997442405292816e-02,2.707200263944938e-02,1.000000000000000e-09,7.997442405292817e-03,3.575425921638842e-14,3.465395261990939e-01,2.762478296560193e+01,6.892316967382225e-01,2.009250271640594e+01,2.834578148211635e-03,4.999138394690229e+00,7.723154308643494e-01,1.123835888762388e+00,5.866100381547681e-03,2.277971652305838e+02,REACHED_FORCE,REACHED_FORCE,REACHED_FORCE,1,0,0,1,0,0,1,0,0,7.456024881442240e-06,NaN,7.485092430890674e-06,NaN,6.415236093736736e-07,NaN,3.532795387230206e-05,2.905614154290948e-05,4.663012707078861e-06,solution good enough for the tolerances given,solution good enough for the tolerances given,solution good enough for the tolerances given,3.532795387230206e-05,2.905614154290948e-05,4.663012707078861e-06,1.836417287826005e-11,7.456024881442240e-06,3.781387053767797e-11,7.485092430890674e-06,5.652545174584462e-12,6.415236093736736e-07,7.456024881442240e-06,7.485092430890674e-06,6.415236093736736e-07,1.083152823221581e-03,2.872567435803993e+00,1.738251571234114e-02,2.302841615864647e-02,2.740277021826552e+00,7.200000000000000e-01,3.585038159586963e-05,3.619924838216271e-06,9.999963800751618e-01,9.999875579801106e-01,9.999714474663035e-01,9.999442787145500e-01,9.999350084610702e-01,9.999129257080263e-01,9.998974566572247e-01,9.998406883403830e-01,9.997764621065950e-01,9.997115158761711e-01,4.505455906510553e-03,1.372010369988712e-02,4.868982377500700e-02,8.878510323764871e-02,4.597617189281413e-02,7.121528038040036e-02,4.618969994869459e-01,3.742700192026284e-03,2.535041365767223e-01,7.964224852037498e-03,false
4,3.162000000000000e+04,0,3,CONTINUE,7.997442405292816e-02,2.707165981926481e-02,1.000000000000000e-09,7.997442405292817e-03,3.575425921638842e-14,3.465395261923605e-01,2.762237793219941e+01,6.892386368421439e-01,2.009240255020945e+01,2.834499624987191e-03,4.998981996127996e+00,7.723418444623216e-01,1.123812571638399e+00,5.866100381547681e-03,2.277971652305838e+02,REACHED_FORCE,REACHED_FORCE,REACHED_FORCE,1,0,0,1,0,0,1,0,0,2.358187437404439e-06,NaN,2.367170480103917e-06,NaN,2.029027598110967e-07,NaN,1.117359791936487e-05,9.189134455919952e-06,1.474814940985946e-06,solution good enough for the tolerances given,solution good enough for the tolerances given,solution good enough for the tolerances given,1.117359791936487e-05,9.189134455919952e-06,1.474814940985946e-06,1.560225982219588e-10,2.358187437404439e-06,3.277228669339188e-10,2.367170480103917e-06,4.677941416814641e-11,2.029027598110967e-07,2.358187437404439e-06,2.367170480103917e-06,2.029027598110967e-07,6.091283425871914e-04,2.872567365989902e+00,1.738251571234114e-02,2.302841615864647e-02,2.740277021826552e+00,7.200000000000000e-01,1.133725932478507e-05,1.144923775786566e-06,9.999988550762242e-01,9.999960648054994e-01,9.999909696997634e-01,9.999823757396604e-01,9.999794417141276e-01,9.999724602967757e-01,9.999675678204485e-01,9.999496113167879e-01,9.999292940971580e-01,9.999087472996876e-01,4.505363007413830e-03,1.371883942377158e-02,4.868420860785160e-02,8.885847103134395e-02,4.589535725111665e-02,7.120743553055596e-02,4.618822868291938e-01,3.742887432883886e-03,2.535391194261454e-01,7.966031459723310e-03,false
4,1.000000000000000e+05,0,3,CONTINUE,7.997442405292816e-02,2.707155129978177e-02,1.000000000000000e-09,7.997442405292817e-03,3.575425921638842e-14,3.465395262044449e-01,2.762161751920760e+01,6.892408317625547e-01,2.009237086421932e+01,2.834474788478874e-03,4.998932526295176e+00,7.723501986318069e-01,1.123805195885965e+00,5.866100381547681e-03,2.277971652305838e+02,REACHED_FORCE,REACHED_FORCE,REACHED_FORCE,1,0,0,1,0,0,1,0,0,7.456767022748408e-07,NaN,7.484961603690177e-07,NaN,6.415958991145701e-08,NaN,3.533185383405440e-06,2.905601200161379e-06,4.663476234693496e-07,solution good enough for the tolerances given,solution good enough for the tolerances given,solution good enough for the tolerances given,3.533185383405440e-06,2.905601200161379e-06,4.663476234693496e-07,4.103824601892910e-10,7.456767022748408e-07,8.013216702999996e-10,7.484961603690177e-07,1.176893876375971e-10,6.415958991145701e-08,7.456767022748408e-07,7.484961603690177e-07,6.415958991145701e-08,3.425230037655057e-04,2.872567343909015e+00,1.738251571234114e-02,2.302841615864647e-02,2.740277021826552e+00,7.200000000000000e-01,3.584779007240580e-06,3.620351477495731e-07,9.999996379648523e-01,9.999987556578144e-01,9.999971445787255e-01,9.999944269995295e-01,9.999934990345626e-01,9.999912917481405e-01,9.999897447167986e-01,9.999840665493294e-01,9.999776417125270e-01,9.999711440955943e-01,4.505333556592745e-03,1.371843943437559e-02,4.868243211590939e-02,8.888163656567021e-02,4.586983803384317e-02,7.120495277536935e-02,4.618776318274240e-01,3.742946656726013e-03,2.535501859805476e-01,7.966603053542354e-03,false
4,3.162000000000000e+05,0,3,CONTINUE,7.997442405292816e-02,2.707151738761056e-02,1.000000000000000e-09,7.997442405292817e-03,3.575425921638842e-14,3.465395261978794e-01,2.762137702398864e+01,6.892415245413726e-01,2.009236084514008e+01,2.834466945675341e-03,4.998916892152380e+00,7.723528398669891e-01,1.123802863879194e+00,5.866100381547681e-03,2.277971652305838e+02,REACHED_FORCE,REACHED_FORCE,REACHED_FORCE,1,0,0,1,0,0,1,0,0,2.358261673630189e-07,NaN,2.367157388167105e-07,NaN,2.029099914401384e-08,NaN,1.117398803307024e-06,9.189121471323587e-07,1.474861308284648e-07,solution good enough for the tolerances given,solution good enough for the tolerances given,solution good enough for the tolerances given,1.117398803307024e-06,9.189121471323587e-07,1.474861308284648e-07,1.232308409095120e-09,2.358261673630189e-07,2.575664360145626e-09,2.367157388167105e-07,3.644022857650466e-10,2.029099914401384e-08,2.358261673630189e-07,2.367157388167105e-07,2.029099914401384e-08,1.926232940716945e-04,2.872567336927606e+00,1.738251571234114e-02,2.302841615864647e-02,2.740277021826552e+00,7.200000000000000e-01,1.133699958276197e-06,1.144966443877848e-07,9.999998855033556e-01,9.999996064665285e-01,9.999990969531853e-01,9.999982374868309e-01,9.999979439901540e-01,9.999972459473853e-01,9.999967566871283e-01,9.999949609031401e-01,9.999929289597476e-01,9.999908739804724e-01,4.505324237180813e-03,1.371831301782462e-02,4.868187038747714e-02,8.888895614612105e-02,4.586177399257158e-02,7.120416723149788e-02,4.618761609809874e-01,3.742965464137037e-03,2.535536847270987e-01,7.966783815104097e-03,false
4,1.000000000000000e+06,0,3,CONTINUE,7.997442405292816e-02,2.707150590349187e-02,1.000000000000000e-09,7.997442405292817e-03,3.575425921638842e-14,3.465395262184135e-01,2.762130060384090e+01,6.892417382766780e-01,2.009235760330166e+01,2.834464549343534e-03,4.998911914877372e+00,7.723536779305162e-01,1.123802125159193e+00,5.866100381547681e-03,2.277971652305838e+02,REACHED_FORCE,REACHED_FORCE,REACHED_FORCE,1,0,0,1,0,0,1,0,0,7.456841270438076e-08,NaN,7.484948604120605e-08,NaN,6.416031398477307e-09,NaN,3.533224390014852e-07,2.905599904615622e-07,4.663522620892801e-08,solution good enough for the tolerances given,solution good enough for the tolerances given,solution good enough for the tolerances given,3.533224390014852e-07,2.905599904615622e-07,4.663522620892801e-08,2.549528159031514e-09,7.456841270438076e-08,5.752188074863588e-09,7.484948604120605e-08,8.917923026258621e-10,6.416031398477307e-09,7.456841270438076e-08,7.484948604120605e-08,6.416031398477307e-09,1.083152851101365e-04,2.872567334719518e+00,1.738251571234114e-02,2.302841615864647e-02,2.740277021826552e+00,7.200000000000000e-01,3.584753005550298e-07,3.620394195547050e-08,9.999999637960580e-01,9.999998755643787e-01,9.999997144561941e-01,9.999994426912416e-01,9.999993498853290e-01,9.999991291665837e-01,9.999989744621893e-01,9.999984066320823e-01,9.999977641262604e-01,9.999971143346179e-01,4.505321298096489e-03,1.371827280918637e-02,4.868169247435227e-02,8.889127416581669e-02,4.585922081844500e-02,7.120391884095920e-02,4.618756955388866e-01,3.742971559290433e-03,2.535547917626733e-01,7.966840732293749e-03,false
4,3.162000000000000e+06,0,3,CONTINUE,7.997442405292816e-02,2.707150957321678e-02,1.000000000000000e-09,7.997442405292817e-03,3.575425921638842e-14,3.465395263051872e-01,2.762127782658361e+01,6.892418105156645e-01,2.009235666406269e+01,2.834463618061587e-03,4.998910389040091e+00,7.723539420218043e-01,1.123801903920429e+00,5.866100381547681e-03,2.277971652305838e+02,REACHED_FORCE,REACHED_FORCE,REACHED_FORCE,1,0,0,1,0,0,1,0,0,2.358269083541690e-08,NaN,2.367156075234818e-08,NaN,2.891269795298519e-09,NaN,1.117402707776823e-07,9.189119841624618e-08,1.474865984332644e-08,solution good enough for the tolerances given,solution good enough for the tolerances given,solution good enough for the tolerances given,1.117402707776823e-07,9.189119841624618e-08,1.474865984332644e-08,8.568912538998887e-09,2.358269083541690e-08,2.149436904134426e-08,2.367156075234818e-08,2.891269795298519e-09,2.029107213380944e-09,2.358269083541690e-08,2.367156075234818e-08,2.891269795298519e-09,6.091282667652709e-05,2.872567334021376e+00,1.738251571234114e-02,2.302841615864647e-02,2.740277021826552e+00,7.200000000000000e-01,1.133697354332975e-07,1.144970673827572e-08,9.999999885502933e-01,9.999999606465128e-01,9.999999096951506e-01,9.999998237478118e-01,9.999997943972002e-01,9.999997245939148e-01,9.999996756677644e-01,9.999994960880285e-01,9.999992928914747e-01,9.999990873905519e-01,4.505320178590063e-03,1.371826006337548e-02,4.868163660574196e-02,8.889200628182048e-02,4.585841141907193e-02,7.120384083023908e-02,4.618755501659138e-01,3.742973683521459e-03,2.535551419438710e-01,7.966858827854846e-03,false
4,1.000000000000000e+07,0,3,CONTINUE,7.997442405292816e-02,2.707146399479965e-02,1.000000000000000e-09,7.997442405292817e-03,3.575425921638842e-14,3.465395273163982e-01,2.762126923205659e+01,6.892414419489140e-01,2.009235339230803e+01,2.834468618896772e-03,4.998909727224259e+00,7.723541580714501e-01,1.123801782508566e+00,5.866100381547681e-03,2.277971652305838e+02,REACHED_FORCE,REACHED_FORCE,REACHED_FORCE,1,0,0,1,0,0,1,0,0,1.048690575686479e-07,NaN,2.086413769238510e-07,NaN,3.132892094670435e-08,NaN,3.533228293228113e-08,2.905600570790719e-08,4.663527362248622e-09,solution good enough for the tolerances given,solution good enough for the tolerances given,solution good enough for the tolerances given,3.533228293228113e-08,2.905600570790719e-08,4.663527362248622e-09,1.048690575686479e-07,7.456849001453346e-09,2.086413769238510e-07,7.484949716291743e-09,3.132892094670435e-08,6.416038941279001e-10,1.048690575686479e-07,2.086413769238510e-07,3.132892094670435e-08,3.425226951927139e-05,2.872567333800567e+00,1.738251571234114e-02,2.302841615864647e-02,2.740277021826552e+00,7.200000000000000e-01,3.584750788366476e-08,3.620398425496774e-09,9.999999963796016e-01,9.999999875564243e-01,9.999999714456034e-01,9.999999442690378e-01,9.999999349883537e-01,9.999999129165754e-01,9.999998974461235e-01,9.999998406629785e-01,9.999997764121763e-01,9.999997114327133e-01,4.505320067793075e-03,1.371825611488027e-02,4.868163480461891e-02,8.889212792587618e-02,4.585823660553254e-02,7.120380227026686e-02,4.618754566278505e-01,3.742974126152363e-03,2.535553251532129e-01,7.966866303815882e-03,false
4,3.162000000000000e+07,0,3,CONTINUE,7.997442405292816e-02,2.707141560627331e-02,1.000000000000000e-09,7.997442405292817e-03,3.575425921638842e-14,3.465395230394573e-01,2.762126471970724e+01,6.892413690820830e-01,2.009235510267687e+01,2.834469126672514e-03,4.998911892407254e+00,7.723544083002604e-01,1.123801780512794e+00,5.866100381547681e-03,2.277971652305838e+02,REACHED_FORCE,REACHED_FORCE,REACHED_FORCE,1,0,0,1,0,0,1,0,0,1.883436984065534e-07,NaN,3.997549093484464e-07,NaN,6.013670360405456e-08,NaN,1.117403049445310e-08,9.189125944684407e-09,1.474866427020486e-09,solution good enough for the tolerances given,solution good enough for the tolerances given,solution good enough for the tolerances given,1.117403049445310e-08,9.189125944684407e-09,1.474866427020486e-09,1.883436984065534e-07,2.358270381074684e-09,3.997549093484464e-07,2.367158368018395e-09,6.013670360405456e-08,2.029108546560449e-10,1.883436984065534e-07,3.997549093484464e-07,6.013670360405456e-08,1.926235476743606e-05,2.872567333730753e+00,1.738251571234114e-02,2.302841615864647e-02,2.740277021826552e+00,7.200000000000000e-01,1.133697225436057e-08,1.144971228939085e-09,9.999999988550288e-01,9.999999960646508e-01,9.999999909695139e-01,9.999999823747728e-01,9.999999794397022e-01,9.999999724593829e-01,9.999999675667663e-01,9.999999496087801e-01,9.999999292891014e-01,9.999999087389794e-01,4.505319199888793e-03,1.371825321931418e-02,4.868163034406709e-02,8.889217840235701e-02,4.585814602290868e-02,7.120379785267468e-02,4.618754779977375e-01,3.742981424268563e-03,2.535553544661041e-01,7.966861070678994e-03,false
4,1.000000000000000e+08,0,3,CONTINUE,7.997442405292816e-02,2.707170847750504e-02,1.000000000000000e-09,7.997442405292817e-03,3.575425921638842e-14,3.465395173216535e-01,2.762121003026098e+01,6.892417787841015e-01,2.009235675730215e+01,2.834462735437929e-03,4.998910742852696e+00,7.723543652507805e-01,1.123802177324988e+00,5.866100381547681e-03,2.277971652305838e+02,REACHED_FORCE,REACHED_FORCE,REACHED_FORCE,1,0,0,1,0,0,1,0,0,2.915632527940058e-07,NaN,6.476602513782019e-07,NaN,8.448253426748856e-08,NaN,3.533228719326651e-09,2.905596766206644e-09,4.663533233953950e-10,solution good enough for the tolerances given,solution good enough for the tolerances given,solution good enough for the tolerances given,3.533228719326651e-09,2.905596766206644e-09,4.663533233953950e-10,2.915632527940058e-07,7.456849685866354e-10,6.476602513782019e-07,7.484941988128193e-10,8.448253426748856e-08,6.416041864292889e-11,2.915632527940058e-07,6.476602513782019e-07,8.448253426748856e-08,1.083141207129475e-05,2.872567333708672e+00,1.738251571234114e-02,2.302841615864647e-02,2.740277021826552e+00,7.200000000000000e-01,3.584756569820927e-09,3.620406197057946e-10,9.999999996379594e-01,9.999999987556418e-01,9.999999971445592e-01,9.999999944269014e-01,9.999999934988322e-01,9.999999912916571e-01,9.999999897446110e-01,9.999999840662962e-01,9.999999776412131e-01,9.999999711432630e-01,4.505321090698643e-03,1.371823384816908e-02,4.868161590919982e-02,8.889237231679427e-02,4.585793108573847e-02,7.120371654237778e-02,4.618755851201021e-01,3.743006816916427e-03,2.535553631023689e-01,7.966854167634187e-03,false
4,3.162000000000000e+08,0,3,CONTINUE,7.997442405292816e-02,2.707062654830797e-02,1.000000000000000e-09,7.997442405292817e-03,3.575425921638842e-14,3.465395839639481e-01,2.762122189543718e+01,6.892376640244234e-01,2.009232234201208e+01,2.834521819973896e-03,4.998905513383069e+00,7.723570588178744e-01,1.123800503074194e+00,5.866100381547681e-03,2.277971652305838e+02,REACHED_FORCE,REACHED_FORCE,REACHED_FORCE,1,0,0,1,0,0,1,0,0,1.700124951630163e-06,NaN,3.570052179257679e-06,NaN,5.215268701210268e-07,NaN,1.117403262318265e-09,9.189173775422188e-10,1.474868401677751e-10,solution good enough for the tolerances given,solution good enough for the tolerances given,solution good enough for the tolerances given,1.117403262318265e-09,9.189173775422188e-10,1.474868401677751e-10,1.700124951630163e-06,2.358272776520213e-10,3.570052179257679e-06,2.367170430797663e-10,5.215268701210268e-07,2.029114891639379e-11,1.700124951630163e-06,3.570052179257679e-06,5.215268701210268e-07,6.091349740524872e-06,2.872567333701691e+00,1.738251571234114e-02,2.302841615864647e-02,2.740277021826552e+00,7.200000000000000e-01,1.133698303763573e-09,1.144973005295924e-10,9.999999998855027e-01,9.999999996064648e-01,9.999999990969510e-01,9.999999982374761e-01,9.999999979439669e-01,9.999999972459381e-01,9.999999967566771e-01,9.999999949608787e-01,9.999999929289096e-01,9.999999908738988e-01,4.505322362777079e-03,1.371822415067195e-02,4.868152715461706e-02,8.889263391681519e-02,4.585729566930741e-02,7.120392719278067e-02,4.618755514675351e-01,3.743064341502027e-03,2.535555308794389e-01,7.966922864555744e-03,false
4,1.000000000000000e+09,0,3,CONTINUE,7.997442405292816e-02,2.707172166430903e-02,1.000000000000000e-09,7.997442405292817e-03,3.575425921638842e-14,3.465396596479926e-01,2.762097287462402e+01,6.892290323911171e-01,2.009232954701578e+01,2.834594095065550e-03,4.998975391200712e+00,7.723614073001559e-01,1.123803518644883e+00,5.866100381547681e-03,2.277971652305838e+02,REACHED_FORCE,REACHED_FORCE,REACHED_FORCE,1,0,0,1,0,0,1,0,0,3.493464266407714e-06,NaN,6.177566568032523e-06,NaN,8.837471591293128e-07,NaN,3.533226096403326e-10,2.905608949709095e-10,4.663569436166327e-11,solution good enough for the tolerances given,solution good enough for the tolerances given,solution good enough for the tolerances given,3.533226096403326e-10,2.905608949709095e-10,4.663569436166327e-11,3.493464266407714e-06,7.456876492042506e-11,6.177566568032523e-06,7.485068604534692e-11,8.837471591293128e-07,6.416101037500882e-12,3.493464266407714e-06,6.177566568032523e-06,8.837471591293128e-07,3.424804258721928e-06,2.872567333699483e+00,1.738251571234114e-02,2.302841615864647e-02,2.740277021826552e+00,7.200000000000000e-01,3.585532021420449e-10,3.620437283302635e-11,9.999999999637956e-01,9.999999998755642e-01,9.999999997144540e-01,9.999999994426823e-01,9.999999993498656e-01,9.999999991291626e-01,9.999999989744601e-01,9.999999984066297e-01,9.999999977641207e-01,9.999999971143274e-01,4.505433761584101e-03,1.371793128850308e-02,4.868167671811526e-02,8.890321653921955e-02,4.584714616404453e-02,7.120218658930781e-02,4.618757595615213e-01,3.744582999587212e-03,2.535549991046598e-01,7.967067273456717e-03,false
4,3.162000000000000e+09,0,3,CONTINUE,7.997442405292816e-02,2.707068953767491e-02,1.000000000000000e-09,7.997442405292817e-03,3.575425921638842e-14,3.465395530840218e-01,2.762175756700388e+01,6.892376677225760e-01,2.009221105283081e+01,2.834589431569558e-03,4.998784273251546e+00,7.723552818912822e-01,1.123788280722146e+00,5.866100381547681e-03,2.277971652305838e+02,REACHED_FORCE,REACHED_FORCE,REACHED_FORCE,1,0,0,1,0,0,1,0,0,8.088038226436383e-06,NaN,1.509298946926751e-05,NaN,2.266565254554524e-06,NaN,1.117404885385306e-10,9.189171054013133e-11,1.474869395941102e-11,solution good enough for the tolerances given,solution good enough for the tolerances given,solution good enough for the tolerances given,1.117404885385306e-10,9.189171054013133e-11,1.474869395941102e-11,8.088038226436383e-06,2.358296160631323e-11,1.509298946926751e-05,2.367224898666225e-11,2.266565254554524e-06,2.029191888102791e-12,8.088038226436383e-06,1.509298946926751e-05,2.266565254554524e-06,1.925423777724873e-06,2.872567333698785e+00,1.738251571234114e-02,2.302841615864647e-02,2.740277021826552e+00,7.200000000000000e-01,1.134389986883121e-10,1.144950800835431e-11,9.999999999885505e-01,9.999999999606459e-01,9.999999999096949e-01,9.999999998237408e-01,9.999999997943800e-01,9.999999997245932e-01,9.999999996756679e-01,9.999999994960884e-01,9.999999992928910e-01,9.999999990873898e-01,4.506443932995794e-03,1.372492423868594e-02,4.867335588811508e-02,8.893241299176040e-02,4.581674575553613e-02,7.119988993660600e-02,4.618793273324392e-01,3.745378053482536e-03,2.535547294271309e-01,7.966792443247871e-03,false
4,1.000000000000000e+10,0,3,CONTINUE,7.997442405292816e-02,2.704642813057206e-02,1.000000000000000e-09,7.997442405292817e-03,3.575425921638842e-14,3.465405671698191e-01,2.745929899002558e+01,6.889714090571583e-01,2.009019912680386e+01,2.838138618801974e-03,4.998688182534380e+00,7.724432837808181e-01,1.123794422813314e+00,5.866100381547681e-03,2.277971652305838e+02,REACHED_FORCE,REACHED_FORCE,REACHED_FORCE,1,0,0,1,0,0,1,0,0,6.936924507439193e-05,NaN,1.412635121958686e-04,NaN,2.079761887861930e-05,NaN,3.533236104826803e-11,2.906109931757072e-11,4.663672816834278e-12,solution good enough for the tolerances given,solution good enough for the tolerances given,solution good enough for the tolerances given,3.533236104826803e-11,2.906109931757072e-11,4.663672816834278e-12,6.936924507439193e-05,7.457078964224070e-12,1.412635121958686e-04,7.486793895659289e-12,2.079761887861930e-05,6.416585830048289e-13,6.936924507439193e-05,1.412635121958686e-04,2.079761887861930e-05,1.081951550285300e-06,2.872567333698564e+00,1.738251571234114e-02,2.302841615864647e-02,2.740277021826552e+00,7.200000000000000e-01,4.017616187925770e-11,3.641753565375438e-12,9.999999999963582e-01,9.999999999874924e-01,9.999999999713951e-01,9.999999999439331e-01,9.999999999340139e-01,9.999999999128077e-01,9.999999998974449e-01,9.999999998406632e-01,9.999999997764117e-01,9.999999997114335e-01,4.551328561562368e-03,1.378218258625331e-02,4.872679975414246e-02,9.517763612666645e-02,4.003992063821282e-02,7.077810010436988e-02,4.616712787585695e-01,3.746318907468291e-03,2.535587303098891e-01,7.967704252866284e-03,false
4,3.162000000000000e+10,0,3,CONTINUE,7.997442405292816e-02,2.714153849197147e-02,1.000000000000000e-09,7.997442405292817e-03,3.575425921638842e-14,3.465421671706361e-01,2.669205973012758e+01,6.897913992200398e-01,2.009632962038940e+01,2.827701181026364e-03,4.998952254792638e+00,7.722346069401254e-01,1.123875645237879e+00,5.866100381547681e-03,2.277971652305838e+02,REACHED_FORCE,REACHED_FORCE,REACHED_FORCE,1,0,0,1,0,0,1,0,0,1.737719490406090e-04,NaN,3.343524087072861e-04,NaN,4.949985276004306e-05,NaN,1.117391725956300e-11,9.184176873826267e-12,1.475130718600005e-12,solution good enough for the tolerances given,solution good enough for the tolerances given,solution good enough for the tolerances given,1.117391725956300e-11,9.184176873826267e-12,1.475130718600005e-12,1.737719490406090e-04,2.358259088260051e-12,3.343524087072861e-04,2.366272423896612e-12,4.949985276004306e-05,2.029355862052649e-13,1.737719490406090e-04,3.343524087072861e-04,4.949985276004306e-05,6.093099206763766e-07,2.872567333698494e+00,1.738251571234114e-02,2.302841615864647e-02,2.740277021826552e+00,7.200000000000000e-01,1.914048378453445e-11,1.184830011879967e-12,9.999999999988152e-01,9.999999999959377e-01,9.999999999908726e-01,9.999999999819182e-01,9.999999999769906e-01,9.999999999720790e-01,9.999999999675608e-01,9.999999999496088e-01,9.999999999292886e-01,9.999999999087397e-01,4.764071206086805e-03,1.409900079100215e-02,4.889888610195221e-02,1.144224103977515e-01,2.745558498482567e-02,6.540724444624181e-02,4.596910624715776e-01,3.740184644487450e-03,2.535485019820482e-01,7.973052974026945e-03,false
4,1.000000000000000e+11,0,3,CONTINUE,7.997442405292816e-02,2.723688386282876e-02,1.000000000000000e-09,7.997442405292817e-03,3.575425921638842e-14,3.465293681463596e-01,-9.999999999995961e-01,6.890653622567983e-01,2.009105210490408e+01,2.836005615981910e-03,4.998993993568099e+00,7.723502997017795e-01,1.124142213781483e+00,5.866100381547681e-03,2.277971652305838e+02,REACHED_FORCE,REACHED_FORCE,REACHED_FORCE,1,0,0,1,0,0,1,0,0,2.643711400365841e-04,NaN,6.381265817883185e-04,NaN,9.529380300017858e-05,NaN,3.533271541215872e-12,2.902302123836517e-12,4.666763919916951e-13,solution good enough for the tolerances given,solution good enough for the tolerances given,solution good enough for the tolerances given,3.533271541215872e-12,2.902302123836517e-12,4.666763919916951e-13,2.643711400365841e-04,7.456964895389386e-13,6.381265817883185e-04,7.483771071540161e-13,9.529380300017858e-05,6.416371950983257e-14,2.643711400365841e-04,6.381265817883185e-04,9.529380300017858e-05,3.397987559733206e-07,2.872567333698472e+00,1.738251571234114e-02,2.302841615864647e-02,2.740277021826552e+00,7.200000000000000e-01,1.052319214281489e-11,4.038991363586319e-13,9.999999999995961e-01,9.999999999986142e-01,9.999999999970473e-01,9.999999999941838e-01,9.999999999915163e-01,9.999999999897531e-01,9.999999999841851e-01,9.999999999839637e-01,9.999999999776406e-01,9.999999999711424e-01,5.405490425590203e-03,1.520265862332953e-02,4.829136097450211e-02,1.242906292383687e-01,7.308494046669919e-02,4.684540832591793e-01,1.912955687278258e-03,1.879288917157915e-03,2.534933559246191e-01,7.985236483276512e-03,false
4,3.162000000000000e+11,0,3,CONTINUE,7.997442405292816e-02,2.781510160552275e-02,1.000000000000000e-09,7.997442405292817e-03,3.575425921638842e-14,3.465253046538603e-01,-9.999999999998728e-01,6.948512897569342e-01,2.017421918378714e+01,2.746456808608098e-03,5.042924183460630e+00,7.734834327262339e-01,1.125885269663111e+00,5.866100381547681e-03,2.277971652305838e+02,REACHED_FORCE,REACHED_FORCE,REACHED_FORCE,1,0,0,1,0,0,1,0,0,1.976967742640002e-03,NaN,3.849050822888854e-03,NaN,5.381447658950275e-04,NaN,1.117094464697506e-12,9.158978411100732e-13,1.480595184864080e-13,solution good enough for the tolerances given,solution good enough for the tolerances given,solution good enough for the tolerances given,1.117094464697506e-12,9.158978411100732e-13,1.480595184864080e-13,1.976967742640002e-03,2.360939705875128e-13,3.849050822888854e-03,2.365787631349204e-13,5.381447658950275e-04,2.033989908461692e-14,1.976967742640002e-03,3.849050822888854e-03,5.381447658950275e-04,1.884864366154897e-07,2.872567333698465e+00,1.738251571234114e-02,2.302841615864647e-02,2.740277021826552e+00,7.200000000000000e-01,3.681495639418303e-12,1.272315586220429e-13,9.999999999998728e-01,9.999999999995606e-01,9.999999999990654e-01,9.999999999981595e-01,9.999999999973146e-01,9.999999999967581e-01,9.999999999949654e-01,9.999999999947082e-01,9.999999999929288e-01,9.999999999908735e-01,5.392099777530210e-03,1.535065161400554e-02,4.829519497162877e-02,1.242508874018835e-01,7.318372070259507e-02,4.683671638043754e-01,3.723178034051757e-03,4.294965431697597e-05,2.533728516425287e-01,8.021302397085383e-03,false
4,1.000000000000000e+12,0,4,CONTINUE,7.997442405292816e-02,2.822978913423543e-02,1.000000000000000e-09,7.997442405292817e-03,3.575425921638842e-14,3.465373674482533e-01,-9.999999999999583e-01,6.741113041089645e-01,1.992854136442204e+01,3.058509731700829e-03,4.943859893250800e+00,7.756454965815789e-01,1.121239564397515e+00,5.866100381547681e-03,2.277971652305838e+02,REACHED_FORCE,REACHED_FORCE,REACHED_FORCE,1,0,0,1,1,1,1,0,0,4.298687267874920e-03,NaN,8.609627890407383e-03,1.843930095309343e-04,1.286678378340161e-03,NaN,3.535689959203516e-13,2.941492522706601e-13,4.689163447998297e-14,solution good enough for the tolerances given,solution good enough for the tolerances given,solution good enough for the tolerances given,3.535689959203516e-13,2.941492522706601e-13,4.689163447998297e-14,4.298687267874920e-03,7.474360392678718e-14,8.609627890407383e-03,7.568467181293138e-14,1.286678378340161e-03,6.480535670493089e-15,4.298687267874920e-03,1.843930095309343e-04,1.286678378340161e-03,9.424321830774485e-08,2.872567333698463e+00,1.738251571234114e-02,2.302841615864647e-02,2.740277021826552e+00,7.200000000000000e-01,7.243996047777236e-13,4.174438572590589e-14,9.999999999999583e-01,9.999999999998597e-01,9.999999999997031e-01,9.999999999994171e-01,9.999999999991487e-01,9.999999999989750e-01,9.999999999984068e-01,9.999999999977625e-01,9.999999999973577e-01,9.999999999971143e-01,6.071813009938545e-03,1.433195297628466e-02,4.936950183048869e-02,1.246223316271705e-01,7.108034597631051e-02,4.685167801115446e-01,3.783820661337474e-03,2.539055479310949e-01,2.672129200725727e-08,8.317879154538545e-03,false
4,3.162000000000000e+12,1,4,CONTINUE,7.997442405292816e-02,2.264405490549041e-02,1.000000000000000e-09,7.997442405292817e-03,3.575425921638842e-14,3.464578708829957e-01,-9.999999999999818e-01,7.351240767735210e-01,1.981043738796149e+01,2.497485413090663e-03,4.673512170905243e+00,7.478548508873778e-01,1.102411890265801e+00,5.866100381547681e-03,2.277971652305838e+02,REACHED_FORCE,REFINE_STALLED,REACHED_FORCE,1,0,0,1,1,1,1,0,0,7.544456378800421e-03,NaN,1.533058398624470e-02,1.189772289108846e-02,2.526775833693425e-03,NaN,1.114972504442120e-13,9.080555008549377e-14,1.521147949832692e-14,solution good enough for the tolerances given,solution good enough for the tolerances given,solution good enough for the tolerances given,1.114972504442120e-13,9.080555008549377e-14,1.521147949832692e-14,7.544456378800421e-03,2.341262831892113e-14,1.533058398624470e-02,2.287080135417143e-14,2.526775833693425e-03,2.110273441656716e-15,7.544456378800421e-03,1.189772289108846e-02,2.526775833693425e-03,4.214684851089403e-08,2.872567333698462e+00,1.738251571234114e-02,2.302841615864647e-02,2.740277021826552e+00,7.200000000000000e-01,1.086795814838125e-13,1.820765760385257e-14,9.999999999999818e-01,9.999999999999565e-01,9.999999999999045e-01,9.999999999998161e-01,9.999999999997293e-01,9.999999999996763e-01,9.999999999994964e-01,9.999999999992915e-01,9.999999999991114e-01,9.999999999990872e-01,1.348834747257075e-02,5.185760799679383e-03,6.092663274701880e-02,1.118870787552267e-01,7.313783662995726e-02,4.701155541470498e-01,4.527132870559735e-03,2.512328647834735e-01,6.005081243587445e-07,9.498191286340343e-03,false
4,1.000000000000000e+13,1,11,CONTINUE,7.997442405292816e-02,7.993084092722409e-02,1.000000000000000e-09,7.997442405292817e-03,3.575425921638842e-14,1.297737926967556e-04,2.397521149029328e-03,2.652451313944165e-02,1.548275274641978e+01,1.219950225383794e-02,3.215379342697153e+00,1.816709593983429e+01,1.578889572604934e+00,5.866100381547681e-03,2.277971652305838e+02,REFINE_STALLED,REFINE_STALLED,REFINE_STALLED,1,3,3,1,3,3,1,2,2,1.654123166705797e+03,5.256414603740958e+01,1.637655213662844e+03,6.952176982256617e+01,3.001066588710523e+03,7.330997141675186e+00,9.619906684795310e-11,9.684316913001591e-11,2.024001147936474e-10,solution good enough for the tolerances given,solution good enough for the tolerances given,solution good enough for the tolerances given,9.619906684795310e-11,9.684316913001591e-11,2.024001147936474e-10,1.654123166705797e+03,1.218326447448365e-11,1.637655213662844e+03,1.222518477123008e-11,3.001066588710523e+03,2.376453067392172e-11,7.270651015100538e+00,2.391471743110739e+01,7.225694096145860e+00,4.274997349586024e-05,2.872567333872522e+00,1.738251571234114e-02,2.302841615864647e-02,2.740277021826552e+00,7.200000000000000e-01,9.007273175508987e-11,4.170974676753758e-11,9.999999999582903e-01,9.999999999288576e-01,9.999999998955558e-01,9.999999998273779e-01,9.999999997744153e-01,9.999999996830060e-01,9.999999995687958e-01,9.999999994720128e-01,9.999999992973576e-01,9.999999992294284e-01,1.005014104167433e-01,1.731182713513439e-01,1.879646247258651e-01,8.836794384592757e-02,1.047942483209480e-01,1.073194576810239e-01,1.229009950138764e-02,1.690319999757932e-01,2.918408203545148e-04,5.632010336061295e-02,false
4,3.162000000000000e+13,1,11,CONTINUE,7.997442405292816e-02,7.986993696413236e-02,1.000000000000000e-09,7.997442405292817e-03,3.575425921638842e-14,4.108408608445548e-05,7.582252959311605e-04,2.559464742684452e-02,1.547927931724454e+01,1.220762941144712e-02,3.251356250561219e+00,1.853472665126911e+01,1.571724499777700e+00,5.866100381547681e-03,2.277971652305838e+02,REFINE_STALLED,REFINE_STALLED,REFINE_STALLED,1,3,3,1,3,3,1,2,2,5.195308803015362e+03,5.286557320803426e+01,5.178098939234281e+03,7.026863603739237e+01,9.485570869650675e+03,7.477137447345248e+00,9.612819708304329e-11,9.633396028538323e-11,2.021593469885666e-10,solution good enough for the tolerances given,solution good enough for the tolerances given,solution good enough for the tolerances given,9.612819708304329e-11,9.633396028538323e-11,2.021593469885666e-10,5.195308803015362e+03,1.219589759792492e-11,5.178098939234281e+03,1.219638239047233e-11,9.485570869650675e+03,2.372771495752741e-11,7.404713834240084e+00,2.470237939531437e+01,7.442826255471825e+00,4.255658560172629e-05,2.872567333872522e+00,1.738251571234114e-02,2.302841615864647e-02,2.740277021826552e+00,7.200000000000000e-01,9.029458231455538e-11,4.170996881214251e-11,9.999999999582900e-01,9.999999999288862e-01,9.999999998953772e-01,9.999999998274540e-01,9.999999997748605e-01,9.999999996832774e-01,9.999999995694306e-01,9.999999994726914e-01,9.999999992977602e-01,9.999999992302238e-01,1.010934625751120e-01,1.740470422337433e-01,1.859932129837217e-01,8.888023351313062e-02,1.054975902702388e-01,1.077011291567283e-01,1.241860402264612e-02,1.685626985666587e-01,2.714104740906147e-04,5.553461620392973e-02,false
4,1.000000000000000e+14,1,11,CONTINUE,7.997442405292816e-02,7.986513507780546e-02,1.000000000000000e-09,7.997442405292817e-03,3.575425921638842e-14,1.299505377644579e-05,2.397482859552002e-04,2.534052570295030e-02,1.547856612851369e+01,1.220976312491179e-02,3.267293132621978e+00,1.865941753518518e+01,1.569945105623607e+00,5.866100381547681e-03,2.277971652305838e+02,REFINE_STALLED,REFINE_STALLED,REFINE_STALLED,1,3,3,1,3,3,1,2,2,1.639327620157797e+04,5.291590233596202e+01,1.637571979882676e+04,7.046385796213814e+01,2.999501350327054e+04,7.524319191523221e+00,9.610576388562358e-11,9.617135148397835e-11,2.020834418028173e-10,solution good enough for the tolerances given,solution good enough for the tolerances given,solution good enough for the tolerances given,9.610576388562358e-11,9.617135148397835e-11,2.020834418028173e-10,1.639327620157797e+04,1.213264642909256e-11,1.637571979882676e+04,1.207033632814635e-11,2.999501350327054e+04,2.371627955685032e-11,7.453434777913365e+00,2.499928397611054e+01,7.513366017301665e+00,4.249523819289726e-05,2.872567333872522e+00,1.738251571234114e-02,2.302841615864647e-02,2.740277021826552e+00,7.200000000000000e-01,9.036266505988770e-11,4.171041290135236e-11,9.999999999582896e-01,9.999999999288958e-01,9.999999998953195e-01,9.999999998274764e-01,9.999999997749993e-01,9.999999996833615e-01,9.999999995696311e-01,9.999999994729063e-01,9.999999992978865e-01,9.999999992304764e-01,1.012875027014487e-01,1.743406828993145e-01,1.853646033906166e-01,8.904752756704920e-02,1.057177831474104e-01,1.078176131276954e-01,1.246051452689952e-02,1.684121495433930e-01,2.656005057037256e-04,5.528602259046929e-02,false
4,3.162000000000000e+14,1,11,CONTINUE,7.997442405292816e-02,7.986501580564682e-02,1.000000000000000e-09,7.997442405292817e-03,3.575425921638842e-14,4.110182260377510e-06,7.582293323938420e-05,2.526434087399454e-02,1.547838185200907e+01,1.221039126742644e-02,3.272842230898523e+00,1.869969747368258e+01,1.569432826909124e+00,5.866100381547681e-03,2.277971652305838e+02,REFINE_STALLED,REFINE_STALLED,REFINE_STALLED,1,3,3,1,3,3,1,2,2,5.179826864507829e+04,5.307206217687699e+01,5.178041836901507e+04,7.092697547001161e+01,9.484016387292140e+04,7.539315918724414e+00,9.609880022394580e-11,9.611967071465727e-11,2.020585723087564e-10,solution good enough for the tolerances given,solution good enough for the tolerances given,solution good enough for the tolerances given,9.609880022394580e-11,9.611967071465727e-11,2.020585723087564e-10,5.179826864507829e+04,1.222880645673130e-11,5.178041836901507e+04,1.232687713735099e-11,9.484016387292140e+04,2.371248676809708e-11,7.469543035813603e+00,2.509870345894374e+01,7.535862236789522e+00,4.247581383602084e-05,2.872567333872522e+00,1.738251571234114e-02,2.302841615864647e-02,2.740277021826552e+00,7.200000000000000e-01,9.038378107751948e-11,4.170974676753758e-11,9.999999999582903e-01,9.999999999289011e-01,9.999999998953011e-01,9.999999998274836e-01,9.999999997750451e-01,9.999999996833897e-01,9.999999995696949e-01,9.999999994729760e-01,9.999999992979274e-01,9.999999992305559e-01,1.013372065426197e-01,1.744111045117895e-01,1.851932300319955e-01,8.910123374180338e-02,1.057897334897221e-01,1.078585417449094e-01,1.247310969236845e-02,1.683649206105331e-01,2.634999063665575e-04,5.520741972789149e-02,false
4,1.000000000000000e+15,1,11,CONTINUE,7.997442405292816e-02,7.986513244514828e-02,1.000000000000000e-09,7.997442405292817e-03,3.575425921638842e-14,1.299681262322411e-06,2.397482859552002e-05,2.524045973944797e-02,1.547832577760580e+01,1.221058685096196e-02,3.274629325826430e+00,1.871253473819485e+01,1.569273205008980e+00,5.866100381547681e-03,2.277971652305838e+02,REFINE_STALLED,REFINE_STALLED,REFINE_STALLED,1,3,3,1,3,3,1,2,2,1.637754357979316e+05,5.352828683249982e+01,1.637595797519697e+05,7.064828857494820e+01,2.999337303748007e+05,7.544056317246533e+00,9.609650385397669e-11,9.610325590027374e-11,2.020512382819453e-10,solution good enough for the tolerances given,solution good enough for the tolerances given,solution good enough for the tolerances given,9.609650385397669e-11,9.610325590027374e-11,2.020512382819453e-10,1.637754357979316e+05,1.147675062965872e-11,1.637595797519697e+05,1.142368010432192e-11,2.999337303748007e+05,2.371111794208087e-11,7.474639084389277e+00,2.513041006176849e+01,7.543014775034933e+00,4.246966976397998e-05,2.872567333872522e+00,1.738251571234114e-02,2.302841615864647e-02,2.740277021826552e+00,7.200000000000000e-01,9.039193005986472e-11,4.171041290135236e-11,9.999999999582896e-01,9.999999999289009e-01,9.999999998952949e-01,9.999999998274842e-01,9.999999997750582e-01,9.999999996833984e-01,9.999999995697157e-01,9.999999994729964e-01,9.999999992979414e-01,9.999999992305806e-01,1.013590192522919e-01,1.744432084453492e-01,1.851256223474154e-01,8.911302885629706e-02,1.058152543190605e-01,1.078688633211847e-01,1.247756480854943e-02,1.683516990456679e-01,2.629710106146417e-04,5.518276859356932e-02,false
4,3.162000000000000e+15,1,11,CONTINUE,7.997442405292816e-02,7.986519421507364e-02,1.000000000000000e-09,7.997442405292817e-03,3.575425921638842e-14,4.110357811866348e-07,7.582333688995008e-06,2.523283397704590e-02,1.547830720217792e+01,1.221065081953642e-02,3.275184371766141e+00,1.871670488778588e+01,1.569224416834538e+00,5.866100381547681e-03,2.277971652305838e+02,REFINE_STALLED,REFINE_STALLED,REFINE_STALLED,1,3,3,1,3,3,1,2,2,5.178276348583241e+05,5.811362967824096e+01,5.178093046968621e+05,7.730534829939681e+01,9.483834627336246e+05,7.545474061283374e+00,9.609559905099157e-11,9.609786086103978e-11,2.020486305359432e-10,solution good enough for the tolerances given,solution good enough for the tolerances given,solution good enough for the tolerances given,9.609559905099157e-11,9.609786086103978e-11,2.020486305359432e-10,5.178276348583241e+05,1.141615156123276e-11,5.178093046968621e+05,1.435388478550214e-11,9.483834627336246e+05,2.371100387324618e-11,7.476316770693403e+00,2.514063140977136e+01,7.545309121457234e+00,4.246772052181045e-05,2.872567333872522e+00,1.738251571234114e-02,2.302841615864647e-02,2.740277021826552e+00,7.200000000000000e-01,9.039360364346981e-11,4.170952472293266e-11,9.999999999582905e-01,9.999999999289026e-01,9.999999998952942e-01,9.999999998274878e-01,9.999999997750648e-01,9.999999996834021e-01,9.999999995697202e-01,9.999999994730038e-01,9.999999992979434e-01,9.999999992305888e-01,1.013659040536518e-01,1.744545515020641e-01,1.851001621006972e-01,8.912239241988333e-02,1.058209248546249e-01,1.078727806773604e-01,1.247917784823310e-02,1.683472088331096e-01,2.627942594873263e-04,5.517410345088822e-02,false
4,1.000000000000000e+16,1,11,CONTINUE,7.997442405292816e-02,7.986520531880625e-02,1.000000000000000e-09,7.997442405292817e-03,3.575425921638842e-14,1.299700016162672e-07,2.397533912460221e-06,2.523039515927090e-02,1.547830258241886e+01,1.221067025263135e-02,3.275393537330343e+00,1.871800511887633e+01,1.569207584535298e+00,5.866100381547681e-03,2.277971652305838e+02,REFINE_STALLED,REFINE_STALLED,REFINE_STALLED,1,3,3,1,3,3,1,2,2,1.637653296301150e+06,9.955881848319896e+01,1.637620991645574e+06,1.165710273176994e+02,2.999325973529006e+06,7.545681121828909e+00,9.609560488264060e-11,9.609617466736499e-11,2.020482376817799e-10,solution good enough for the tolerances given,solution good enough for the tolerances given,solution good enough for the tolerances given,9.609560488264060e-11,9.609617466736499e-11,2.020482376817799e-10,1.637653296301150e+06,5.688100901802755e-11,1.637620991645574e+06,5.688105179384056e-11,2.999325973529006e+06,2.371083276999416e-11,7.476883967607680e+00,2.514397557440304e+01,7.546153069411566e+00,4.246710864966188e-05,2.872567333872522e+00,1.738251571234114e-02,2.302841615864647e-02,2.740277021826552e+00,7.200000000000000e-01,9.039323642369599e-11,4.170952472293266e-11,9.999999999582905e-01,9.999999999289015e-01,9.999999998952940e-01,9.999999998274862e-01,9.999999997750653e-01,9.999999996834028e-01,9.999999995697231e-01,9.999999994730058e-01,9.999999992979465e-01,9.999999992305917e-01,1.013697813313413e-01,1.744579544513084e-01,1.850964782427449e-01,8.912389476069632e-02,1.058201202420019e-01,1.078731717466759e-01,1.248016137447921e-02,1.683431504061160e-01,2.626984689660362e-04,5.517258897567059e-02,false
4,3.162000000000000e+16,1,11,CONTINUE,7.997442405292816e-02,7.986521819333758e-02,1.000000000000000e-09,7.997442405292817e-03,3.575425921638842e-14,4.110363742921761e-08,7.582172231347255e-07,2.522965521171739e-02,1.547830077902472e+01,1.221067590938312e-02,3.275447841756768e+00,1.871827486627675e+01,1.569200200316428e+00,5.866100381547681e-03,2.277971652305838e+02,REFINE_STALLED,REFINE_STALLED,REFINE_STALLED,1,3,3,1,3,3,1,2,2,5.178494583533653e+06,7.336516183469359e+02,5.178537303521131e+06,7.337677314247200e+02,9.483867808696343e+06,7.545000590758664e+00,9.609534429798826e-11,9.609580576338911e-11,2.020480279698140e-10,solution good enough for the tolerances given,solution good enough for the tolerances given,solution good enough for the tolerances given,9.609534429798826e-11,9.609580576338911e-11,2.020480279698140e-10,5.178494583533653e+06,1.187901758335834e-10,5.178537303521131e+06,1.457280979237670e-10,9.483867808696343e+06,2.371088980441150e-11,7.476952386851009e+00,2.514458657318166e+01,7.546799673413745e+00,4.246691810363358e-05,2.872567333872522e+00,1.738251571234114e-02,2.302841615864647e-02,2.740277021826552e+00,7.200000000000000e-01,9.039345709444346e-11,4.171041290135236e-11,9.999999999582896e-01,9.999999999289015e-01,9.999999998952926e-01,9.999999998274867e-01,9.999999997750662e-01,9.999999996834028e-01,9.999999995697240e-01,9.999999994730067e-01,9.999999992979458e-01,9.999999992305899e-01,1.013737483320902e-01,1.744592890398052e-01,1.850882865006594e-01,8.912082458950936e-02,1.058247186385916e-01,1.078741543167462e-01,1.248062334625149e-02,1.683431924553070e-01,2.626178704532134e-04,5.517254491058650e-02,false
4,1.000000000000000e+17,1,11,CONTINUE,7.997442405292816e-02,7.986539652143088e-02,1.000000000000000e-09,7.997442405292817e-03,3.575425921638842e-14,1.299700391244998e-08,2.397508385734329e-07,2.522947873630555e-02,1.547830052450739e+01,1.221067708873118e-02,3.275464681816100e+00,1.871850978227816e+01,1.569201956958554e+00,5.866100381547681e-03,2.277971652305838e+02,REFINE_STALLED,REFINE_STALLED,REFINE_STALLED,1,3,3,1,3,3,1,2,2,1.638033308406138e+07,7.452984841702541e+03,1.638027770066211e+07,7.453175603257423e+03,2.999320013758383e+07,7.542397132042269e+00,9.609546052972893e-11,9.609556294704969e-11,2.020478292366715e-10,solution good enough for the tolerances given,solution good enough for the tolerances given,solution good enough for the tolerances given,9.609546052972893e-11,9.609556294704969e-11,2.020478292366715e-10,1.638033308406138e+07,3.782254772625259e-10,1.638027770066211e+07,2.500991282309673e-10,2.999320013758383e+07,2.371088980441150e-11,7.477092314347287e+00,2.514524809211629e+01,7.548194724291899e+00,4.246685770274810e-05,2.872567333872522e+00,1.738251571234114e-02,2.302841615864647e-02,2.740277021826552e+00,7.200000000000000e-01,9.039379018144844e-11,4.170996881214251e-11,9.999999999582900e-01,9.999999999289024e-01,9.999999998952935e-01,9.999999998274860e-01,9.999999997750648e-01,9.999999996834019e-01,9.999999995697253e-01,9.999999994730071e-01,9.999999992979467e-01,9.999999992305919e-01,1.013680816830106e-01,1.744594181076896e-01,1.850970160407781e-01,8.912046830786237e-02,1.058261704064553e-01,1.078720544343937e-01,1.247950491188269e-02,1.683436966996187e-01,2.626033427831353e-04,5.517098606552642e-02,false
4,3.162000000000000e+17,1,11,CONTINUE,7.997442405292816e-02,7.986905380221923e-02,1.000000000000000e-09,7.997442405292817e-03,3.575425921638842e-14,4.110377977524585e-09,7.582131868009708e-08,2.522917560559262e-02,1.547831904110674e+01,1.221071376758031e-02,3.275947894398919e+00,1.871949888558900e+01,1.569226017035133e+00,5.866100381547681e-03,2.277971652305838e+02,REFINE_STALLED,REFINE_STALLED,REFINE_STALLED,1,3,3,1,3,3,1,2,2,5.182443571257243e+07,7.465939098844696e+04,5.182475660706792e+07,7.465959988068204e+04,9.483840767011039e+07,7.534033001456260e+00,9.609551651778935e-11,9.609541941782940e-11,2.020476890993852e-10,solution good enough for the tolerances given,solution good enough for the tolerances given,solution good enough for the tolerances given,9.609551651778935e-11,9.609541941782940e-11,2.020476890993852e-10,5.182443571257243e+07,1.074241568122641e-09,5.182475660706792e+07,1.130934306529022e-09,9.483840767011039e+07,2.371060463232479e-11,7.476488260512073e+00,2.514909669086237e+01,7.552399168038842e+00,4.246683730858788e-05,2.872567333872522e+00,1.738251571234114e-02,2.302841615864647e-02,2.740277021826552e+00,7.200000000000000e-01,9.039354747682356e-11,4.171063494595728e-11,9.999999999582894e-01,9.999999999289000e-01,9.999999998952904e-01,9.999999998274856e-01,9.999999997750662e-01,9.999999996834026e-01,9.999999995697253e-01,9.999999994730073e-01,9.999999992979465e-01,9.999999992305926e-01,1.013740399549021e-01,1.744631167939844e-01,1.850876101642990e-01,8.912317621147385e-02,1.058204493596698e-01,1.078736171478612e-01,1.247975728254875e-02,1.683446882209389e-01,2.625966865158879e-04,5.517094817780677e-02,false
4,1.000000000000000e+18,1,11,CONTINUE,7.997442405292816e-02,7.999123888886361e-02,1.000000000000000e-09,7.997442405292817e-03,3.575425921638842e-14,1.299700016162672e-09,2.397470096664669e-08,2.518806841497940e-02,1.547766724990246e+01,1.221060891378481e-02,3.265703950350719e+00,1.870506341489159e+01,1.568901662419048e+00,5.866100381547681e-03,2.277971652305838e+02,REFINE_STALLED,REFINE_STALLED,REFINE_STALLED,1,3,3,1,3,3,1,2,2,1.642009340699046e+08,7.469333796370694e+05,1.642021860850499e+08,7.469359992642649e+05,2.999318703508235e+08,7.507548129779403e+00,9.609546732458886e-11,9.609551292088750e-11,2.020477482024518e-10,solution good enough for the tolerances given,solution good enough for the tolerances given,solution good enough for the tolerances given,9.609546732458886e-11,9.609551292088750e-11,2.020477482024518e-10,1.642009340699046e+08,7.019048564871499e-09,1.642021860850499e+08,5.654013132009918e-09,2.999318703508235e+08,2.371069018395080e-11,7.481908232246115e+00,2.505003855691609e+01,7.565655863972852e+00,4.246683275173210e-05,2.872567333872522e+00,1.738251571234114e-02,2.302841615864647e-02,2.740277021826552e+00,7.200000000000000e-01,9.039392670358903e-11,4.171063494595728e-11,9.999999999582894e-01,9.999999999289018e-01,9.999999998952920e-01,9.999999998274862e-01,9.999999997750653e-01,9.999999996834021e-01,9.999999995697253e-01,9.999999994730073e-01,9.999999992979456e-01,9.999999992305917e-01,1.013652822735228e-01,1.744607326964411e-01,1.850991282098460e-01,8.912303828298219e-02,1.058197368679030e-01,1.078751198586262e-01,1.247958695325809e-02,1.683437063239624e-01,2.626575957747175e-04,5.517101093768278e-02,false
5,1.000000000000000e+00,0,14,CONTINUE,2.712205209691147e-02,1.198316746740700e-02,1.000000000000000e-09,2.712205209691147e-03,2.638432211141385e-14,1.626918060158083e-01,3.088439147967907e+01,5.860381602899971e-01,2.277030003381424e+01,1.059097416630020e-03,3.283483421461669e+00,8.321720101970975e-01,8.750210022576072e-01,9.582031373848488e-04,3.005435859293692e+02,REACHED_FORCE,REACHED_FORCE,REACHED_FORCE,6,0,0,5,0,0,3,0,0,6.221481939870670e-04,NaN,1.351304207748197e-03,NaN,3.311318431118581e-04,NaN,2.267331019907514e-01,1.226960726020053e-01,2.642208258605706e-02,solution good enough for the tolerances given,solution good enough for the tolerances given,solution good enough for the tolerances given,2.804222598832579e-03,5.314280288020026e-03,2.875054343534113e-03,2.483973661066595e-15,6.221481939870670e-04,5.953898143182971e-15,1.351304207748197e-03,1.326860645831700e-15,3.311318431118581e-04,6.221481939870670e-04,1.351304207748197e-03,3.311318431118581e-04,4.377550706214426e-02,1.741881112650717e+01,4.116218595362336e-03,5.477676972153335e-03,3.907625785967164e+00,5.400000000000000e-01,3.812124177571227e-01,3.136330830203649e-02,9.686366916979635e-01,9.334600760378760e-01,8.595677814472550e-01,7.133649742818204e-01,6.106048577936021e-01,5.393687438147681e-01,4.106440459608762e-01,3.420690616966439e-01,2.263550636475797e-01,1.399268535084149e-01,1.093402829984994e-02,3.369549072135454e-02,3.871362881510743e-02,3.244018039009567e-02,3.035868791496248e-01,2.926264916126335e-01,2.356961895636412e-01,2.114710631754650e-02,6.840233490568444e-03,2.431977163957709e-02,false
5,3.162000000000000e+00,0,10,CONTINUE,2.712205209691147e-02,1.188523500497996e-02,1.000000000000000e-09,2.712205209691147e-03,2.638432211141385e-14,1.625791863124809e-01,2.029564895340043e+01,5.893256752219622e-01,2.286135593345381e+01,1.042709163455635e-03,3.376544872823305e+00,8.389872463675355e-01,8.742999755043815e-01,9.582031373848488e-04,3.005435859293692e+02,REACHED_FORCE,REACHED_FORCE,REACHED_FORCE,4,0,0,4,0,0,2,0,0,3.918706502532645e-04,NaN,1.218482913163654e-03,NaN,2.675511379858597e-04,NaN,1.072868414494355e-01,6.390454206926317e-02,1.157032291090419e-02,solution good enough for the tolerances given,solution good enough for the tolerances given,solution good enough for the tolerances given,1.914087365875670e-03,1.417496257405600e-03,2.341502927323145e-03,7.457579237553011e-15,3.918706502532645e-04,1.778106430501543e-14,1.218482913163654e-03,3.819321688428136e-15,2.675511379858597e-04,3.918706502532645e-04,1.218482913163654e-03,2.675511379858597e-04,2.461834604992743e-02,9.856067432994724e+00,4.116218595362336e-03,5.477676972153335e-03,3.907625785967164e+00,5.400000000000000e-01,1.081847224214437e-01,1.534334368073231e-02,9.846566563192677e-01,9.556450760229170e-01,8.737286505065004e-01,8.169986468443048e-01,7.575971829687963e-01,6.785191012017291e-01,5.765251967571975e-01,4.826066213513962e-01,3.890750806855025e-01,3.395309054576811e-01,1.624181687764419e-02,2.607829250163807e-02,5.275555185911283e-02,3.801374477290254e-01,1.594899900105458e-01,2.792612445710413e-01,8.827690178932120e-03,1.274029024612875e-02,9.085525210945553e-04,6.355912350483663e-02,false
5,1.000000000000000e+01,0,8,CONTINUE,2.712205209691147e-02,1.189029939938404e-02,1.000000000000000e-09,2.712205209691147e-03,2.638432211141385e-14,1.625787184487598e-01,1.838512524600196e+01,5.893986797818153e-01,2.282173004071545e+01,1.045882623228425e-03,3.329377176981296e+00,8.534498910530988e-01,8.732961950003985e-01,9.582031373848488e-04,3.005435859293692e+02,REACHED_FORCE,REACHED_FORCE,REACHED_FORCE,3,0,0,3,0,0,2,0,0,1.022676456014199e-04,NaN,2.188713379584634e-04,NaN,4.931767645528904e-05,NaN,4.229230137911634e-02,2.753740368031278e-02,4.458029741513362e-03,solution good enough for the tolerances given,solution good enough for the tolerances given,solution good enough for the tolerances given,6.503642318181273e-04,4.916574207067001e-04,3.990513387518375e-04,1.442147578278698e-14,1.022676456014199e-04,3.433287285179233e-14,2.188713379584634e-04,7.437775347316717e-15,4.931767645528904e-05,1.022676456014199e-04,2.188713379584634e-04,4.931767645528904e-05,1.384339245985660e-02,5.601407277120511e+00,4.116218595362336e-03,5.477676972153335e-03,3.907625785967164e+00,5.400000000000000e-01,1.912874229449946e-02,5.409755068964350e-03,9.945902449310356e-01,9.834558298210925e-01,9.494362763313359e-01,9.299078040013976e-01,9.001903327597841e-01,8.686566307319602e-01,8.072433424364156e-01,7.463721227122220e-01,6.675829959818462e-01,6.191618247252805e-01,1.280135239975771e-02,1.779761310019488e-02,8.552308022505511e-02,3.213323501958107e-01,1.162580180382754e-01,2.791220867387956e-01,1.013098027753028e-02,1.934592258168810e-02,1.701400252274580e-03,1.359871961906181e-01,false
5,3.162000000000000e+01,0,5,CONTINUE,2.712205209691147e-02,1.186365981279915e-02,1.000000000000000e-09,2.712205209691147e-03,2.638432211141385e-14,1.625787184368552e-01,1.747682399275552e+01,5.901124869039985e-01,2.288065323234855e+01,1.039084833235746e-03,3.395696842188028e+00,8.451562389003986e-01,8.749274319859869e-01,9.582031373848488e-04,3.005435859293692e+02,REACHED_FORCE,REACHED_FORCE,REACHED_FORCE,2,0,0,2,0,0,1,0,0,3.333719490111107e-04,NaN,8.095673509900985e-04,NaN,1.818728002175371e-04,NaN,1.490232909880264e-02,1.016461948472367e-02,1.540113375233393e-03,solution good enough for the tolerances given,solution good enough for the tolerances given,solution good enough for the tolerances given,8.532337358899639e-04,5.938816355227838e-04,1.540113375233393e-03,7.577675686200252e-14,3.333719490111107e-04,1.849626765526331e-13,8.095673509900985e-04,3.981713588365747e-14,1.818728002175371e-04,3.333719490111107e-04,8.095673509900985e-04,1.818728002175371e-04,7.785068900231098e-03,3.187312686040589e+00,4.116218595362336e-03,5.477676972153335e-03,3.907625785967164e+00,5.400000000000000e-01,6.086031695062728e-03,1.806302343547284e-03,9.981936976564527e-01,9.943337099994063e-01,9.828821749088107e-01,9.764210876050070e-01,9.658124808590318e-01,9.543458553753807e-01,9.297759904673061e-01,9.029603354578478e-01,8.639483016589825e-01,8.371531525008422e-01,1.132504969036392e-02,1.449899051436040e-02,8.702816669149686e-02,2.768001767044336e-01,1.039347183768387e-01,2.702371687900070e-01,1.081372494060846e-02,2.280847959323604e-02,2.295413647965041e-03,2.002581110506898e-01,false
5,1.000000000000000e+02,0,5,CONTINUE,2.712205209691147e-02,1.186362138401179e-02,1.000000000000000e-09,2.712205209691147e-03,2.638432211141385e-14,1.625787184368112e-01,1.714031884335239e+01,5.902579121475841e-01,2.284025697954090e+01,1.042028131120049e-03,3.347144161673339e+00,8.550793386126075e-01,8.729488946417178e-01,9.582031373848488e-04,3.005435859293692e+02,REACHED_FORCE,REACHED_FORCE,REACHED_FORCE,2,0,0,2,0,0,1,0,0,1.030020663420419e-04,NaN,2.628689548211839e-04,NaN,5.861224316778127e-05,NaN,4.924999929384597e-03,3.418499305041860e-03,5.031003891864389e-04,solution good enough for the tolerances given,solution good enough for the tolerances given,solution good enough for the tolerances given,1.027912732425321e-04,6.992369223509824e-05,5.031003891864389e-04,3.876795407021038e-13,1.030020663420419e-04,9.233776007210340e-13,2.628689548211839e-04,2.022090358212686e-13,5.861224316778127e-05,1.030020663420419e-04,2.628689548211839e-04,5.861224316778127e-05,4.377676509526021e-03,2.872569001549460e+00,4.116218595362336e-03,5.477676972153335e-03,3.907625785967164e+00,5.400000000000000e-01,1.959440939251158e-03,5.830795387151699e-04,9.994169204612848e-01,9.981515605524198e-01,9.944663180058093e-01,9.923928365680689e-01,9.889084401995544e-01,9.850980497479452e-01,9.766748952899128e-01,9.671352950694302e-01,9.525677264491509e-01,9.420554278616836e-01,1.073353124264560e-02,1.331731741668971e-02,8.572255233102302e-02,2.585160269006714e-01,9.876066886431531e-02,2.633795853995975e-01,1.092178170045452e-02,2.395260005510959e-02,2.554446064554095e-03,2.321414900249389e-01,false
5,3.162000000000000e+02,0,3,CONTINUE,2.712205209691147e-02,1.188379363109431e-02,1.000000000000000e-09,2.712205209691147e-03,2.638432211141385e-14,1.625787184367974e-01,1.702894600911222e+01,5.897238510156610e-01,2.283587279573920e+01,1.045401889464602e-03,3.344711576286443e+00,8.529753254445354e-01,8.739547913491351e-01,9.582031373848488e-04,3.005435859293692e+02,REACHED_FORCE,REACHED_FORCE,REACHED_FORCE,1,0,0,1,0,0,1,0,0,2.185194255971098e-04,NaN,1.825093011813505e-04,NaN,1.864422828743976e-05,NaN,1.581948886497547e-03,1.110603240546363e-03,1.608515033243857e-04,solution good enough for the tolerances given,solution good enough for the tolerances given,solution good enough for the tolerances given,1.581948886497547e-03,1.110603240546363e-03,1.608515033243857e-04,4.324490637084230e-13,2.185194255971098e-04,1.070049455501792e-12,1.825093011813505e-04,2.273373434039491e-13,1.864422828743976e-05,2.185194255971098e-04,1.825093011813505e-04,1.864422828743976e-05,2.461856980914581e-03,2.872567861165676e+00,4.116218595362336e-03,5.477676972153335e-03,3.907625785967164e+00,5.400000000000000e-01,6.240977271078038e-04,1.856819625561945e-04,9.998143180374438e-01,9.994091910673547e-01,9.982375176651439e-01,9.975786715971565e-01,9.964633737163127e-01,9.952385870288966e-01,9.925037387489711e-01,9.893674299693331e-01,9.844964776435192e-01,9.809187218574928e-01,1.052561675238572e-02,1.292449072317955e-02,8.504887836762370e-02,2.521648977912931e-01,9.691692443270870e-02,2.605525907764998e-01,1.093332742748089e-02,2.429949182319964e-02,2.645070028674119e-03,2.439887118769546e-01,true
5,1.000000000000000e+03,0,3,CONTINUE,2.712205209691147e-02,1.187540545468277e-02,1.000000000000000e-09,2.712205209691147e-03,2.638432211141385e-14,1.625787184368048e-01,1.699323449039328e+01,5.899684179661517e-01,2.282432578877247e+01,1.044675538216443e-03,3.329784987054481e+00,8.569298943452071e-01,8.729166485132051e-01,9.582031373848488e-04,3.005435859293692e+02,REACHED_FORCE,REACHED_FORCE,REACHED_FORCE,1,0,0,1,0,0,1,0,0,6.933993250929299e-05,NaN,5.779656183210735e-05,NaN,5.905952945307520e-06,NaN,5.027697957552093e-04,3.524533720592089e-04,5.104023713714653e-05,solution good enough for the tolerances given,solution good enough for the tolerances given,solution good enough for the tolerances given,5.027697957552093e-04,3.524533720592089e-04,5.104023713714653e-05,5.106983362664268e-12,6.933993250929299e-05,1.260309106867199e-11,5.779656183210735e-05,2.735785783675427e-12,5.905952945307520e-06,6.933993250929299e-05,5.779656183210735e-05,5.905952945307520e-06,1.384343224935970e-03,2.872567500483605e+00,4.116218595362336e-03,5.477676972153335e-03,3.907625785967164e+00,5.400000000000000e-01,1.978090008449150e-04,5.884348604023870e-05,9.999411565139598e-01,9.998125440910645e-01,9.994414496826003e-01,9.992328115528130e-01,9.988788089006783e-01,9.984895163293817e-01,9.976174682179773e-01,9.966133585989611e-01,9.950452594976517e-01,9.938867353311224e-01,1.045737315689315e-02,1.279808180819160e-02,8.480582545933869e-02,2.500924907232518e-01,9.630943650261521e-02,2.595808734967071e-01,1.093412074473364e-02,2.440650729121306e-02,2.674636567514082e-03,2.479406542495417e-01,false
5,3.162000000000000e+03,0,3,CONTINUE,2.712205209691147e-02,1.187261831732636e-02,1.000000000000000e-09,2.712205209691147e-03,2.638432211141385e-14,1.625787184366758e-01,1.698189531307859e+01,5.900500568590621e-01,2.282067626470132e+01,1.044431310503176e-03,3.325047410064860e+00,8.582001769300986e-01,8.725857839970974e-01,9.582031373848488e-04,3.005435859293692e+02,REACHED_FORCE,REACHED_FORCE,REACHED_FORCE,1,0,0,1,0,0,1,0,0,2.195391144327733e-05,NaN,1.828691301300299e-05,NaN,1.868850273040854e-06,NaN,1.592634518217372e-04,1.115949776781494e-04,1.615980806337253e-05,solution good enough for the tolerances given,solution good enough for the tolerances given,solution good enough for the tolerances given,1.592634518217372e-04,1.115949776781494e-04,1.615980806337253e-05,3.283801863421332e-12,2.195391144327733e-05,7.929081572807407e-12,1.828691301300299e-05,1.572813646057766e-12,1.868850273040854e-06,2.195391144327733e-05,1.828691301300299e-05,1.868850273040854e-06,7.785075989277842e-04,2.872567386445188e+00,4.116218595362336e-03,5.477676972153335e-03,3.907625785967164e+00,5.400000000000000e-01,6.260599007345696e-05,1.862275317876527e-05,9.999813772468212e-01,9.999406512035378e-01,9.998232296923203e-01,9.997572155894002e-01,9.996451253848193e-01,9.995218066244187e-01,9.992452815492850e-01,9.989264700499270e-01,9.984277093250050e-01,9.980585310475701e-01,1.043553373359935e-02,1.275788931320596e-02,8.472584000565231e-02,2.494306487834685e-01,9.611480351092708e-02,2.592654622382085e-01,1.093406362894392e-02,2.444002484759986e-02,2.684075560012014e-03,2.492116583783820e-01,false
5,1.000000000000000e+04,0,3,CONTINUE,2.712205209691147e-02,1.187172299332905e-02,1.000000000000000e-09,2.712205209691147e-03,2.638432211141385e-14,1.625787184365244e-01,1.697830415174135e+01,5.900763185928141e-01,2.281952214152865e+01,1.044352575422546e-03,3.323547174619959e+00,8.586039832883695e-01,8.724808717461963e-01,9.582031373848488e-04,3.005435859293692e+02,REACHED_FORCE,REACHED_FORCE,REACHED_FORCE,1,0,0,1,0,0,1,0,0,6.944316230493313e-06,NaN,5.783155892773341e-06,NaN,5.910363054033171e-07,NaN,5.038520638062759e-05,3.529934969893425e-05,5.111541408273572e-06,solution good enough for the tolerances given,solution good enough for the tolerances given,solution good enough for the tolerances given,5.038520638062759e-05,3.529934969893425e-05,5.111541408273572e-06,1.340059514305114e-11,6.944316230493313e-06,3.260023049501896e-11,5.783155892773341e-06,6.911812313912513e-12,5.910363054033171e-07,6.944316230493313e-06,5.783155892773341e-06,5.910363054033171e-07,4.377677773924406e-04,2.872567350376977e+00,4.116218595362336e-03,5.477676972153335e-03,3.907625785967164e+00,5.400000000000000e-01,1.980082182581508e-05,5.889835057892867e-06,9.999941101649421e-01,9.999812274074619e-01,9.999440926487611e-01,9.999232158738867e-01,9.998877594476293e-01,9.998487457282076e-01,9.997612347929529e-01,9.996603004631617e-01,9.995023066022869e-01,9.993852914446273e-01,1.042859961078925e-02,1.274515436824764e-02,8.470022360721322e-02,2.492206529032800e-01,9.605298448803538e-02,2.591648717236832e-01,1.093401402993352e-02,2.445059238765651e-02,2.687070024026735e-03,2.496158368571349e-01,false
5,3.162000000000000e+04,0,3,CONTINUE,2.712205209691147e-02,1.187143854531052e-02,1.000000000000000e-09,2.712205209691147e-03,2.638432211141385e-14,1.625787184359296e-01,1.697716823531070e+01,5.900846663676106e-01,2.281915725465450e+01,1.044327530931399e-03,3.323072656529800e+00,8.587318618575296e-01,8.724476745005808e-01,9.582031373848488e-04,3.005435859293692e+02,REACHED_FORCE,REACHED_FORCE,REACHED_FORCE,1,0,0,1,0,0,1,0,0,2.196427740028412e-06,NaN,1.829038159810565e-06,NaN,1.869290818743563e-07,NaN,1.593721454822599e-05,1.116491802892539e-05,1.616734410527985e-06,solution good enough for the tolerances given,solution good enough for the tolerances given,solution good enough for the tolerances given,1.593721454822599e-05,1.116491802892539e-05,1.616734410527985e-06,7.346804197127277e-11,2.196427740028412e-06,1.836189543088287e-10,1.829038159810565e-06,4.117529091975327e-11,1.869290818743563e-07,2.196427740028412e-06,1.829038159810565e-06,1.869290818743563e-07,2.461857166714110e-04,2.872567338973135e+00,4.116218595362336e-03,5.477676972153335e-03,3.907625785967164e+00,5.400000000000000e-01,6.262601095983632e-06,1.862825065757079e-06,9.999981371749342e-01,9.999940624128282e-01,9.999823177325082e-01,9.999757150253448e-01,9.999645003836859e-01,9.999521600450725e-01,9.999244768511687e-01,9.998925431826654e-01,9.998425481284025e-01,9.998055132738096e-01,1.042640453609264e-02,1.274112561285324e-02,8.469209240724423e-02,2.491541905527384e-01,9.603341274121641e-02,2.591329839678477e-01,1.093399517500603e-02,2.445393017188765e-02,2.688017704677743e-03,2.497438471304366e-01,false
5,1.000000000000000e+05,0,3,CONTINUE,2.712205209691147e-02,1.187134857735425e-02,1.000000000000000e-09,2.712205209691147e-03,2.638432211141385e-14,1.625787184336296e-01,1.697680892318200e+01,5.900873108290177e-01,2.281904186198965e+01,1.044319594822337e-03,3.322922573355860e+00,8.587723280087038e-01,8.724371725847604e-01,9.582031373848488e-04,3.005435859293692e+02,REACHED_FORCE,REACHED_FORCE,REACHED_FORCE,1,0,0,1,0,0,1,0,0,6.945353955727165e-07,NaN,5.783501689773089e-07,NaN,5.910803356598159e-08,NaN,5.039608808605323e-06,3.530477475172147e-06,5.112295420063992e-07,solution good enough for the tolerances given,solution good enough for the tolerances given,solution good enough for the tolerances given,5.039608808605323e-06,3.530477475172147e-06,5.112295420063992e-07,2.141801578757922e-10,6.945353955727165e-07,5.223284650369168e-10,5.783501689773089e-07,1.135177688875012e-10,5.910803356598159e-08,6.945353955727165e-07,5.783501689773089e-07,5.910803356598159e-08,1.384343314116741e-04,2.872567335366313e+00,4.116218595362336e-03,5.477676972153335e-03,3.907625785967164e+00,5.400000000000000e-01,1.980282658557996e-06,5.890385027518263e-07,9.999994109614972e-01,9.999981224698236e-01,9.999944087411732e-01,9.999923209340070e-01,9.999887747292292e-01,9.999848725107074e-01,9.999761183469063e-01,9.999660196575175e-01,9.999502083573533e-01,9.999384951176420e-01,1.042570998804834e-02,1.273985118798171e-02,8.468951742121457e-02,2.491331631573890e-01,9.602721992025927e-02,2.591228899907324e-01,1.093398888349413e-02,2.445498555310267e-02,2.688317524750291e-03,2.497843563730278e-01,false
5,3.162000000000000e+05,0,3,CONTINUE,2.712205209691147e-02,1.187132011183849e-02,1.000000000000000e-09,2.712205209691147e-03,2.638432211141385e-14,1.625787184288018e-01,1.697669533900939e+01,5.900881470106369e-01,2.281900537589727e+01,1.044317085884460e-03,3.322875118660893e+00,8.587851243765295e-01,8.724338516454303e-01,9.582031373848488e-04,3.005435859293692e+02,REACHED_FORCE,REACHED_FORCE,REACHED_FORCE,1,0,0,1,0,0,1,0,0,2.196531575494846e-07,NaN,1.829072718019169e-07,NaN,1.869334856443053e-08,NaN,1.593830336208578e-06,1.116546081110695e-06,1.616809839125243e-07,solution good enough for the tolerances given,solution good enough for the tolerances given,solution good enough for the tolerances given,1.593830336208578e-06,1.116546081110695e-06,1.616809839125243e-07,3.363287209934070e-10,2.196531575494846e-07,8.626235996989185e-10,1.829072718019169e-07,1.904210078047974e-10,1.869334856443053e-08,2.196531575494846e-07,1.829072718019169e-07,1.869334856443053e-08,7.785075122214197e-05,2.872567334225929e+00,4.116218595362336e-03,5.477676972153335e-03,3.907625785967164e+00,5.400000000000000e-01,6.262801897297213e-07,1.862880079084306e-07,9.999998137119921e-01,9.999994062141795e-01,9.999982317208672e-01,9.999975714371806e-01,9.999964499167859e-01,9.999952157982369e-01,9.999924471716973e-01,9.999892532789383e-01,9.999842525813267e-01,9.999805479225263e-01,1.042549035819893e-02,1.273944820922345e-02,8.468870300748432e-02,2.491265140730828e-01,9.602526162647171e-02,2.591196978534760e-01,1.093398689077074e-02,2.445531917372551e-02,2.688412346012538e-03,2.497971664615545e-01,false
5,1.000000000000000e+06,0,3,CONTINUE,2.712205209691147e-02,1.187131440928408e-02,1.000000000000000e-09,2.712205209691147e-03,2.638432211141385e-14,1.625787183677166e-01,1.697665948015371e+01,5.900884045850023e-01,2.281899413903275e+01,1.044316291899586e-03,3.322860509927613e+00,8.587891675109413e-01,8.724328149865863e-01,9.582031373848488e-04,3.005435859293692e+02,REACHED_FORCE,REACHED_FORCE,REACHED_FORCE,1,0,0,1,0,0,1,0,0,6.945457817183470e-08,NaN,5.783536500417806e-08,NaN,5.910847392871789e-09,NaN,5.039717683788737e-07,3.530531701913693e-07,5.112370744952687e-08,solution good enough for the tolerances given,solution good enough for the tolerances given,solution good enough for the tolerances given,5.039717683788737e-07,3.530531701913693e-07,5.112370744952687e-08,4.015802202864492e-09,6.945457817183470e-08,9.832219579988510e-09,5.783536500417806e-08,2.118863587093630e-09,5.910847392871789e-09,6.945457817183470e-08,5.783536500417806e-08,5.910847392871789e-09,4.377678139122845e-05,2.872567333865247e+00,4.116218595362336e-03,5.477676972153335e-03,3.907625785967164e+00,5.400000000000000e-01,1.980303505710749e-07,5.890440002431774e-08,9.999999410956000e-01,9.999998122442711e-01,9.999994408688788e-01,9.999992320868656e-01,9.999988774607652e-01,9.999984872304458e-01,9.999976117833541e-01,9.999966018618287e-01,9.999950206125956e-01,9.999938491712863e-01,1.042542114048186e-02,1.273932068737974e-02,8.468844537125265e-02,2.491244111121674e-01,9.602464227313375e-02,2.591186879240858e-01,1.093398636623081e-02,2.445542462580213e-02,2.688442262789149e-03,2.498012182366774e-01,false
5,3.162000000000000e+06,0,3,CONTINUE,2.712205209691147e-02,1.187130533063434e-02,1.000000000000000e-09,2.712205209691147e-03,2.638432211141385e-14,1.625787182842786e-01,1.697664978273049e+01,5.900885106209879e-01,2.281898997945704e+01,1.044316012260239e-03,3.322855025996118e+00,8.587904600006936e-01,8.724324551116085e-01,9.582031373848488e-04,3.005435859293692e+02,REACHED_FORCE,REACHED_FORCE,REACHED_FORCE,1,0,0,1,0,0,1,0,0,2.196541944445491e-08,NaN,1.829076054684081e-08,NaN,2.551648302693977e-09,NaN,1.593841225751391e-07,1.116551527230261e-07,1.616817396940709e-08,solution good enough for the tolerances given,solution good enough for the tolerances given,solution good enough for the tolerances given,1.593841225751391e-07,1.116551527230261e-07,1.616817396940709e-08,4.384555066648318e-09,2.196541944445491e-08,1.165168676484187e-08,1.829076054684081e-08,2.551648302693977e-09,1.869339302275885e-09,2.196541944445491e-08,1.829076054684081e-08,2.551648302693977e-09,2.461863047352169e-05,2.872567333751209e+00,4.116218595362336e-03,5.477676972153335e-03,3.907625785967164e+00,5.400000000000000e-01,6.262821732347983e-08,1.862885390391256e-08,9.999999813711461e-01,9.999999406211495e-01,9.999998231715643e-01,9.999997571430649e-01,9.999996449904640e-01,9.999995215777612e-01,9.999992447120355e-01,9.999989253174993e-01,9.999984252358129e-01,9.999980547581958e-01,1.042539885009999e-02,1.273928005890019e-02,8.468836036829069e-02,2.491237497390064e-01,9.602444769945587e-02,2.591183686868051e-01,1.093398613888856e-02,2.445545792996743e-02,2.688451794780647e-03,2.498024987338053e-01,false
5,1.000000000000000e+07,0,3,CONTINUE,2.712205209691147e-02,1.187127526325446e-02,1.000000000000000e-09,2.712205209691147e-03,2.638432211141385e-14,1.625787178326013e-01,1.697664079776453e+01,5.900886009938238e-01,2.281898613610738e+01,1.044315948205332e-03,3.322849954227920e+00,8.587908760837311e-01,8.724322511497729e-01,9.582031373848488e-04,3.005435859293692e+02,REACHED_FORCE,REACHED_FORCE,REACHED_FORCE,1,0,0,1,0,0,1,0,0,3.891250227745466e-08,NaN,9.681429217520686e-08,NaN,2.060523789778541e-08,NaN,5.039728563407741e-08,3.530537600814199e-08,5.112378427730900e-09,solution good enough for the tolerances given,solution good enough for the tolerances given,solution good enough for the tolerances given,5.039728563407741e-08,3.530537600814199e-08,5.112378427730900e-09,3.891250227745466e-08,6.945467836571062e-09,9.681429217520686e-08,5.783537963617960e-09,2.060523789778541e-08,5.910851385281003e-10,3.891250227745466e-08,9.681429217520686e-08,2.060523789778541e-08,1.384349152557605e-05,2.872567333715141e+00,4.116218595362336e-03,5.477676972153335e-03,3.907625785967164e+00,5.400000000000000e-01,1.980325474592498e-08,5.890446796996684e-09,9.999999941095532e-01,9.999999812243962e-01,9.999999440868311e-01,9.999999232086189e-01,9.999998877459535e-01,9.999998487228385e-01,9.999997611778226e-01,9.999996601851435e-01,9.999995020590275e-01,9.999993849137216e-01,1.042539536176943e-02,1.273926675764658e-02,8.468836404624515e-02,2.491235142576507e-01,9.602437865689108e-02,2.591182687914290e-01,1.093398678594936e-02,2.445546721212131e-02,2.688454375380844e-03,2.498029037549173e-01,false
5,3.162000000000000e+07,0,3,CONTINUE,2.712205209691147e-02,1.187136475449715e-02,1.000000000000000e-09,2.712205209691147e-03,2.638432211141385e-14,1.625787178545997e-01,1.697659937850096e+01,5.900885900964530e-01,2.281899260155102e+01,1.044315549809777e-03,3.322857698749389e+00,8.587909181274352e-01,8.724324437786795e-01,9.582031373848488e-04,3.005435859293692e+02,REACHED_FORCE,REACHED_FORCE,REACHED_FORCE,1,0,0,1,0,0,1,0,0,7.193028165793534e-08,NaN,1.859481250904439e-07,NaN,4.101278773609817e-08,NaN,1.593842305854856e-08,1.116551686821962e-08,1.616818311323484e-09,solution good enough for the tolerances given,solution good enough for the tolerances given,solution good enough for the tolerances given,1.593842305854856e-08,1.116551686821962e-08,1.616818311323484e-09,7.193028165793534e-08,2.196542816849286e-09,1.859481250904439e-07,1.829076797312297e-09,4.101278773609817e-08,1.869340671101901e-10,7.193028165793534e-08,1.859481250904439e-07,4.101278773609817e-08,7.784969020276044e-06,2.872567333703736e+00,4.116218595362336e-03,5.477676972153335e-03,3.907625785967164e+00,5.400000000000000e-01,6.263572203529203e-09,1.862890952608609e-09,9.999999981371090e-01,9.999999940620952e-01,9.999999823171336e-01,9.999999757142893e-01,9.999999644990264e-01,9.999999521577548e-01,9.999999244711516e-01,9.999998925316458e-01,9.999998425233574e-01,9.999998054754785e-01,1.042543477877918e-02,1.273928722327420e-02,8.468866917020246e-02,2.491231551535489e-01,9.602427779354634e-02,2.591182365467227e-01,1.093398851811163e-02,2.445546514425521e-02,2.688455685777898e-03,2.498030299857804e-01,false
5,1.000000000000000e+08,0,3,CONTINUE,2.712205209691147e-02,1.187141008840339e-02,1.000000000000000e-09,2.712205209691147e-03,2.638432211141385e-14,1.625787138690918e-01,1.697661784971746e+01,5.900889019112914e-01,2.281899483833896e+01,1.044314962323357e-03,3.322858499930306e+00,8.587912557553488e-01,8.724323433243297e-01,9.582031373848488e-04,3.005435859293692e+02,REACHED_FORCE,REACHED_FORCE,REACHED_FORCE,1,0,0,1,0,0,1,0,0,2.503521265877554e-07,NaN,6.084332128380205e-07,NaN,1.329930237049157e-07,NaN,5.039729343822265e-09,3.530537391280442e-09,5.112382490266174e-10,solution good enough for the tolerances given,solution good enough for the tolerances given,solution good enough for the tolerances given,5.039729343822265e-09,3.530537391280442e-09,5.112382490266174e-10,2.503521265877554e-07,6.945471346861217e-10,6.084332128380205e-07,5.783535701178475e-10,1.329930237049157e-07,5.910844541150921e-11,2.503521265877554e-07,6.084332128380205e-07,1.329930237049157e-07,4.377797841414025e-06,2.872567333700130e+00,4.116218595362336e-03,5.477676972153335e-03,3.907625785967164e+00,5.400000000000000e-01,1.980327604843525e-09,5.890454790602462e-10,9.999999994109545e-01,9.999999981224383e-01,9.999999944086819e-01,9.999999923208607e-01,9.999999887745941e-01,9.999999848722810e-01,9.999999761177772e-01,9.999999660185034e-01,9.999999502058805e-01,9.999999384913366e-01,1.042540170147631e-02,1.273929215589200e-02,8.468832244340317e-02,2.491235291258448e-01,9.602430953610157e-02,2.591181954086509e-01,1.093399297984017e-02,2.445545577502505e-02,2.688453180455203e-03,2.498030476933099e-01,false
5,3.162000000000000e+08,0,3,CONTINUE,2.712205209691147e-02,1.187112698835068e-02,1.000000000000000e-09,2.712205209691147e-03,2.638432211141385e-14,1.625787087377882e-01,1.697664999464780e+01,5.900891599695804e-01,2.281896775642869e+01,1.044315909194980e-03,3.322825000407459e+00,8.587908462608529e-01,8.724314561615765e-01,9.582031373848488e-04,3.005435859293692e+02,REACHED_FORCE,REACHED_FORCE,REACHED_FORCE,1,0,0,1,0,0,1,0,0,7.051408045652206e-07,NaN,1.641461249677785e-06,NaN,3.481555256762455e-07,NaN,1.593842394558538e-09,1.116552135246366e-09,1.616817452495527e-10,solution good enough for the tolerances given,solution good enough for the tolerances given,solution good enough for the tolerances given,1.593842394558538e-09,1.116552135246366e-09,1.616817452495527e-10,7.051408045652206e-07,2.196543581021362e-10,1.641461249677785e-06,1.829064738988843e-10,3.481555256762455e-07,1.869334397315993e-11,7.051408045652206e-07,1.641461249677785e-06,3.481555256762455e-07,2.462256260601860e-06,2.872567333698989e+00,4.116218595362336e-03,5.477676972153335e-03,3.907625785967164e+00,5.400000000000000e-01,6.262922903197991e-10,1.862885401493486e-10,9.999999998137115e-01,9.999999994062108e-01,9.999999982317143e-01,9.999999975714298e-01,9.999999964499033e-01,9.999999952157759e-01,9.999999924471148e-01,9.999999892531641e-01,9.999999842523347e-01,9.999999805475434e-01,1.042537370793146e-02,1.273928419985185e-02,8.468819027020789e-02,2.491237102390911e-01,9.602422877874610e-02,2.591184080186512e-01,1.093401129863648e-02,2.445542533065325e-02,2.688449020585193e-03,2.498029191356454e-01,false
5,1.000000000000000e+09,0,3,CONTINUE,2.712205209691147e-02,1.187238284623378e-02,1.000000000000000e-09,2.712205209691147e-03,2.638432211141385e-14,1.625787131851635e-01,1.697537005791586e+01,5.900903115269489e-01,2.281904009243847e+01,1.044309629974186e-03,3.322911873385745e+00,8.587915214926772e-01,8.724329747074024e-01,9.582031373848488e-04,3.005435859293692e+02,REACHED_FORCE,REACHED_FORCE,REACHED_FORCE,1,0,0,1,0,0,1,0,0,2.491154488340507e-06,NaN,6.155485872287186e-06,NaN,1.346818214075164e-06,NaN,5.039730607672774e-10,3.530524563239978e-10,5.112389633488518e-11,solution good enough for the tolerances given,solution good enough for the tolerances given,solution good enough for the tolerances given,5.039730607672774e-10,3.530524563239978e-10,5.112389633488518e-11,2.491154488340507e-06,6.945483448851647e-11,6.155485872287186e-06,5.783557334154741e-11,1.346818214075164e-06,5.910875910080460e-12,2.491154488340507e-06,6.155485872287186e-06,1.346818214075164e-06,1.384445387045972e-06,2.872567333698629e+00,4.116218595362336e-03,5.477676972153335e-03,3.907625785967164e+00,5.400000000000000e-01,1.988908374630161e-10,5.890887777582066e-11,9.999999999410911e-01,9.999999998122249e-01,9.999999994408482e-01,9.999999992320756e-01,9.999999988774517e-01,9.999999984872276e-01,9.999999976117775e-01,9.999999966018505e-01,9.999999950205889e-01,9.999999938491333e-01,1.042645288541784e-02,1.273914577307184e-02,8.470242552175292e-02,2.491132105207827e-01,9.602048729530281e-02,2.591174579550902e-01,1.093408057764726e-02,2.445528579229068e-02,2.688457438337493e-03,2.498029962403061e-01,false
5,3.162000000000000e+09,0,3,CONTINUE,2.712205209691147e-02,1.186720715017338e-02,1.000000000000000e-09,2.712205209691147e-03,2.638432211141385e-14,1.625785751834435e-01,1.696894391105916e+01,5.901015382238457e-01,2.281884677136927e+01,1.044302082764873e-03,3.322611648340441e+00,8.588146297324668e-01,8.724162646734439e-01,9.582031373848488e-04,3.005435859293692e+02,REACHED_FORCE,REACHED_FORCE,REACHED_FORCE,1,0,0,1,0,0,1,0,0,4.850342396822831e-06,NaN,1.317927763603115e-05,NaN,2.760561847528316e-06,NaN,1.593841356099444e-10,1.116602548413794e-10,1.616878262326763e-11,solution good enough for the tolerances given,solution good enough for the tolerances given,solution good enough for the tolerances given,1.593841356099444e-10,1.116602548413794e-10,1.616878262326763e-11,4.850342396822831e-06,2.196563930723237e-11,1.317927763603115e-05,1.828954297186637e-11,2.760561847528316e-06,1.869445614429811e-12,4.850342396822831e-06,1.317927763603115e-05,2.760561847528316e-06,7.794318694247020e-07,2.872567333698515e+00,4.116218595362336e-03,5.477676972153335e-03,3.907625785967164e+00,5.400000000000000e-01,6.445013063226831e-11,1.863731391438250e-11,9.999999999813627e-01,9.999999999405806e-01,9.999999998231286e-01,9.999999997571198e-01,9.999999996449751e-01,9.999999995215756e-01,9.999999992447113e-01,9.999999989253159e-01,9.999999984252337e-01,9.999999980547527e-01,1.043313588476027e-02,1.273821915001639e-02,8.478572405027857e-02,2.490454557099437e-01,9.600178381600689e-02,2.591102511454912e-01,1.093461712818967e-02,2.445456913380039e-02,2.688045945207336e-03,2.498081980363056e-01,false
5,1.000000000000000e+10,0,3,CONTINUE,2.712205209691147e-02,1.183575373065624e-02,1.000000000000000e-09,2.712205209691147e-03,2.638432211141385e-14,1.625781917416504e-01,1.696910183626208e+01,5.901900028232909e-01,2.281592189453115e+01,1.044269364811444e-03,3.318837323607943e+00,8.588460836204387e-01,8.722816614912466e-01,9.582031373848488e-04,3.005435859293692e+02,REACHED_FORCE,REACHED_FORCE,REACHED_FORCE,1,0,0,1,0,0,1,0,0,4.472185647292156e-05,NaN,1.116864238925138e-04,NaN,2.376905663533645e-05,NaN,5.039720131187822e-11,3.531110064744294e-11,5.112966914342646e-12,solution good enough for the tolerances given,solution good enough for the tolerances given,solution good enough for the tolerances given,5.039720131187822e-11,3.531110064744294e-11,5.112966914342646e-12,4.472185647292156e-05,6.945239626717510e-12,1.116864238925138e-04,5.779354320898946e-12,2.376905663533645e-05,5.911332185419196e-13,4.472185647292156e-05,1.116864238925138e-04,2.376905663533645e-05,4.380028979986629e-07,2.872567333698479e+00,4.116218595362336e-03,5.477676972153335e-03,3.907625785967164e+00,5.400000000000000e-01,2.035142675478768e-11,5.893063814710331e-12,9.999999999941069e-01,9.999999999812121e-01,9.999999999440752e-01,9.999999999232023e-01,9.999999998877407e-01,9.999999998487228e-01,9.999999997611784e-01,9.999999996601849e-01,9.999999995020590e-01,9.999999993849114e-01,1.043292520704348e-02,1.273700282006835e-02,8.477736665877585e-02,2.490533808312694e-01,9.600478849728782e-02,2.591120134464966e-01,1.093518157167137e-02,2.445397935923104e-02,2.687883330051442e-03,2.498054782781042e-01,false
5,3.162000000000000e+10,0,3,CONTINUE,2.712205209691147e-02,1.196024042975421e-02,1.000000000000000e-09,2.712205209691147e-03,2.638432211141385e-14,1.625781115220161e-01,1.446565414582756e+01,5.900763382206656e-01,2.282614527422646e+01,1.043883866838693e-03,3.333158976136002e+00,8.586891871507870e-01,8.726856861022187e-01,9.582031373848488e-04,3.005435859293692e+02,REACHED_FORCE,REACHED_FORCE,REACHED_FORCE,1,0,0,1,0,0,1,0,0,1.224980077774326e-04,NaN,3.039778690669440e-04,NaN,6.539162007558585e-05,NaN,1.593829809158345e-11,1.116111211843018e-11,1.616263798650308e-12,solution good enough for the tolerances given,solution good enough for the tolerances given,solution good enough for the tolerances given,1.593829809158345e-11,1.116111211843018e-11,1.616263798650308e-12,1.224980077774326e-04,2.196155243476470e-12,3.039778690669440e-04,1.830035277627823e-12,6.539162007558585e-05,1.869303028386456e-13,1.224980077774326e-04,3.039778690669440e-04,6.539162007558585e-05,2.493441183966623e-07,2.872567333698467e+00,4.116218595362336e-03,5.477676972153335e-03,3.907625785967164e+00,5.400000000000000e-01,4.437490091569826e-11,2.186251180091858e-12,9.999999999978137e-01,9.999999999916602e-01,9.999999999794811e-01,9.999999999723972e-01,9.999999999618634e-01,9.999999999520648e-01,9.999999999244560e-01,9.999999998925322e-01,9.999999998425233e-01,9.999999998054747e-01,1.346576167458660e-02,1.521275821271059e-02,1.999474272927355e-01,1.634369153296945e-01,6.797483953853946e-02,2.521293493789613e-01,1.091659736227507e-02,2.442797453652771e-02,2.686644592242509e-03,2.498017320817270e-01,false
5,1.000000000000000e+11,0,3,CONTINUE,2.712205209691147e-02,1.183818424226325e-02,1.000000000000000e-09,2.712205209691147e-03,2.638432211141385e-14,1.625754334440422e-01,-9.999999999992482e-01,5.900373504608638e-01,2.282099536234092e+01,1.044847705915332e-03,3.329099092856262e+00,8.589111842188891e-01,8.724866868586187e-01,9.582031373848488e-04,3.005435859293692e+02,REACHED_FORCE,REACHED_FORCE,REACHED_FORCE,1,0,0,1,0,0,1,0,0,1.462021362914189e-04,NaN,3.658295896076708e-04,NaN,8.494466828024209e-05,NaN,5.039837668340486e-12,3.532688988075076e-12,5.111086381334338e-13,solution good enough for the tolerances given,solution good enough for the tolerances given,solution good enough for the tolerances given,5.039837668340486e-12,3.532688988075076e-12,5.111086381334338e-13,1.462021362914189e-04,6.945553316012891e-13,3.658295896076708e-04,5.782242802230353e-13,8.494466828024209e-05,5.920172520107218e-14,1.462021362914189e-04,3.658295896076708e-04,8.494466828024209e-05,1.332800374925011e-07,2.872567333698464e+00,4.116218595362336e-03,5.477676972153335e-03,3.907625785967164e+00,5.400000000000000e-01,2.454712021727651e-11,7.518430322761560e-13,9.999999999992482e-01,9.999999999966338e-01,9.999999999930114e-01,9.999999999895990e-01,9.999999999849223e-01,9.999999999761491e-01,9.999999999660201e-01,9.999999999525684e-01,9.999999999502069e-01,9.999999999384901e-01,1.514115600554885e-02,2.219111129452870e-02,2.766545270389481e-01,1.305940529430811e-01,2.674456469466612e-01,1.106396414384970e-02,2.445162381240765e-02,7.170252499085139e-07,2.653058721907881e-03,2.498041420678177e-01,false
5,3.162000000000000e+11,0,3,CONTINUE,2.712205209691147e-02,1.151930236209663e-02,1.000000000000000e-09,2.712205209691147e-03,2.638432211141385e-14,1.625640088540173e-01,-9.999999999997879e-01,5.914349318854181e-01,2.279148135048121e+01,1.042425219890666e-03,3.307701897840874e+00,8.596125628271835e-01,8.708469228728858e-01,9.582031373848488e-04,3.005435859293692e+02,REACHED_FORCE,REACHED_FORCE,REACHED_FORCE,1,0,0,1,0,0,1,0,0,4.416046301221895e-04,NaN,1.083498561131859e-03,NaN,2.404020196946084e-04,NaN,1.593887617908752e-12,1.118470969531748e-12,1.617383265836914e-13,solution good enough for the tolerances given,solution good enough for the tolerances given,solution good enough for the tolerances given,1.593887617908752e-12,1.118470969531748e-12,1.617383265836914e-13,4.416046301221895e-04,2.195473058375292e-13,1.083498561131859e-03,1.818254996958372e-13,2.404020196946084e-04,1.859322005351593e-14,4.416046301221895e-04,1.083498561131859e-03,2.404020196946084e-04,8.429369702178807e-08,2.872567333698463e+00,4.116218595362336e-03,5.477676972153335e-03,3.907625785967164e+00,5.400000000000000e-01,3.526834096517556e-12,2.120525977034049e-13,9.999999999997879e-01,9.999999999992353e-01,9.999999999980276e-01,9.999999999973939e-01,9.999999999963258e-01,9.999999999952116e-01,9.999999999924469e-01,9.999999999892522e-01,9.999999999842526e-01,9.999999999805458e-01,1.281470938759779e-02,1.395228003945424e-02,1.579426537456159e-01,1.911115122708932e-01,8.102581903195255e-02,2.553390295087957e-01,1.095862055210423e-02,2.438709130950734e-02,2.679756868701740e-03,2.497885272853773e-01,false
5,1.000000000000000e+12,1,6,CONTINUE,2.712205209691147e-02,1.025130696660701e-02,1.000000000000000e-09,2.712205209691147e-03,2.638432211141385e-14,1.625378817432795e-01,-9.999999999999247e-01,5.973567308587818e-01,2.194562835391556e+01,1.091016347110597e-03,2.598005981650471e+00,8.203418956498419e-01,8.547573777325471e-01,9.582031373848488e-04,3.005435859293692e+02,REACHED_FORCE,REFINE_STALLED,REACHED_FORCE,1,1,1,1,2,2,1,0,0,4.073237584176208e-03,9.252816241883992e-04,8.364270279905668e-03,3.567636707231482e-03,2.658091129748508e-03,NaN,5.037401960681731e-13,3.333830776117704e-13,5.156414991760927e-14,solution good enough for the tolerances given,solution good enough for the tolerances given,solution good enough for the tolerances given,5.037401960681731e-13,3.333830776117704e-13,5.156414991760927e-14,4.073237584176208e-03,6.761831199149737e-14,8.364270279905668e-03,4.836139846430161e-14,2.658091129748508e-03,6.017131029588743e-15,9.252816241883992e-04,5.686846515483060e-03,2.658091129748508e-03,4.214684851089403e-08,2.872567333698462e+00,4.116218595362336e-03,5.477676972153335e-03,3.907625785967164e+00,5.400000000000000e-01,4.287554561891987e-13,7.527312106958561e-14,9.999999999999247e-01,9.999999999996614e-01,9.999999999992999e-01,9.999999999989573e-01,9.999999999984921e-01,9.999999999976144e-01,9.999999999966032e-01,9.999999999950218e-01,9.999999999938587e-01,9.999999999938476e-01,1.512410807233137e-02,2.161317345284629e-02,2.778649322004160e-01,1.305527025287850e-01,2.674515755867248e-01,1.062190708961639e-02,2.435243227249925e-02,2.592330067574439e-03,2.639378722975281e-04,2.495629008569105e-01,false
5,3.162000000000000e+12,1,11,CONTINUE,2.712205209691147e-02,2.641778858492162e-02,1.000000000000000e-09,2.712205209691147e-03,2.638432211141385e-14,4.069752135671610e-04,7.566061117264876e-03,7.321989997333321e-02,2.016048325756632e+01,2.706856854478563e-03,4.362686984810077e-01,5.133746717153164e+00,1.314043864185735e+00,9.582031373848488e-04,3.005435859293692e+02,REFINE_STALLED,REFINE_STALLED,REFINE_STALLED,1,3,3,1,3,3,1,2,2,1.112657102833976e+02,9.116192270279935e+00,1.118991989756520e+02,1.240820708273654e+01,9.512702498614107e+02,7.585148551883314e+00,2.944761793687858e-11,2.969545744316133e-11,2.031094044599325e-10,solution good enough for the tolerances given,solution good enough for the tolerances given,solution good enough for the tolerances given,2.944761793687858e-11,2.969545744316133e-11,2.031094044599325e-10,1.112657102833976e+02,3.768107109143098e-12,1.118991989756520e+02,3.820778393558503e-12,9.512702498614107e+02,2.386927438137044e-11,1.189704098960044e+00,3.259164926424879e+00,7.238951196317262e+00,4.286842642939804e-05,2.872567333872522e+00,4.116218595362336e-03,5.477676972153335e-03,3.907625785967164e+00,5.400000000000000e-01,8.952184831744378e-11,4.179923074332237e-11,9.999999999582008e-01,9.999999999288116e-01,9.999999998964375e-01,9.999999998255198e-01,9.999999997732032e-01,9.999999996806150e-01,9.999999995639663e-01,9.999999994684490e-01,9.999999992942015e-01,9.999999992229121e-01,1.007044661082385e-01,1.713733851631388e-01,2.012064067312553e-01,9.151165217480034e-02,1.101756254664417e-01,9.902971330925944e-02,1.211804645585351e-02,1.600982401203985e-01,7.708397363790699e-04,5.301162473423499e-02,false
5,1.000000000000000e+13,1,11,CONTINUE,2.712205209691147e-02,2.567785905222035e-02,1.000000000000000e-09,2.712205209691147e-03,2.638432211141385e-14,1.295601331243547e-04,2.398274424039572e-03,7.447681711923060e-02,2.015856345516722e+01,2.692856340878585e-03,4.137505263897278e-01,5.170205551951943e+00,1.325487358955299e+00,9.582031373848488e-04,3.005435859293692e+02,REFINE_STALLED,REFINE_STALLED,REFINE_STALLED,1,3,3,1,3,3,1,2,2,3.417430580751353e+02,9.227921429975341e+00,3.422297129058564e+02,1.180930395676189e+01,3.002259305717399e+03,8.082455958145850e+00,2.935894869203919e-11,2.943333203577556e-11,2.023845334847787e-10,solution good enough for the tolerances given,solution good enough for the tolerances given,solution good enough for the tolerances given,2.935894869203919e-11,2.943333203577556e-11,2.023845334847787e-10,3.417430580751353e+02,3.721937748304690e-12,3.422297129058564e+02,3.736816601928803e-12,3.002259305717399e+03,2.376156488421993e-11,1.272414202597121e+00,2.676964068595580e+00,7.961709741249535e+00,4.259446209321022e-05,2.872567333872522e+00,4.116218595362336e-03,5.477676972153335e-03,3.907625785967164e+00,5.400000000000000e-01,8.997060760186187e-11,4.169664613584700e-11,9.999999999583034e-01,9.999999999291291e-01,9.999999998962057e-01,9.999999998282536e-01,9.999999997761519e-01,9.999999996824418e-01,9.999999995678641e-01,9.999999994715500e-01,9.999999992967432e-01,9.999999992281576e-01,1.033759472315189e-01,1.752876179551936e-01,1.950610754992800e-01,8.960247459012771e-02,1.133834914182524e-01,1.019154140941762e-01,1.211497338556598e-02,1.582800364718861e-01,7.454626721070199e-04,5.023350668189223e-02,false
5,3.162000000000000e+13,1,11,CONTINUE,2.712205209691147e-02,2.562013422285879e-02,1.000000000000000e-09,2.712205209691147e-03,2.638432211141385e-14,4.106255253888583e-05,7.590900795401378e-04,7.386616216827127e-02,2.015809890086541e+01,2.693228696490610e-03,4.134157192534089e-01,5.237424774777089e+00,1.327062302762463e+00,9.582031373848488e-04,3.005435859293692e+02,REFINE_STALLED,REFINE_STALLED,REFINE_STALLED,1,3,3,1,3,3,1,2,2,1.070089741271228e+03,9.254701144053266e+00,1.070553426050068e+03,1.175719431000999e+01,9.486848247244772e+03,8.250264839952472e+00,2.933034555013107e-11,2.935422461529646e-11,2.021550048746634e-10,solution good enough for the tolerances given,solution good enough for the tolerances given,solution good enough for the tolerances given,2.933034555013107e-11,2.935422461529646e-11,2.021550048746634e-10,1.070089741271228e+03,3.711094079707529e-12,1.070553426050068e+03,3.711728587600459e-12,9.486848247244772e+03,2.372697351010197e-11,1.297174667177278e+00,2.629688684872182e+00,8.210847458387102e+00,4.250725217188096e-05,2.872567333872522e+00,4.116218595362336e-03,5.477676972153335e-03,3.907625785967164e+00,5.400000000000000e-01,9.007474846310082e-11,4.166245126668855e-11,9.999999999583375e-01,9.999999999292557e-01,9.999999998961195e-01,9.999999998291442e-01,9.999999997770888e-01,9.999999996830218e-01,9.999999995691200e-01,9.999999994725441e-01,9.999999992975566e-01,9.999999992298201e-01,1.042622589938420e-01,1.762923288585999e-01,1.933331570007917e-01,8.888843846564745e-02,1.144737924214218e-01,1.028600046743983e-01,1.211827582435590e-02,1.576669308262859e-01,7.393252798631336e-04,4.936548765479294e-02,false
5,1.000000000000000e+14,1,11,CONTINUE,2.712205209691147e-02,2.562087279045883e-02,1.000000000000000e-09,2.712205209691147e-03,2.638432211141385e-14,1.299289430882648e-05,2.400793028969288e-04,7.356901121204275e-02,2.015796270726765e+01,2.693827488169869e-03,4.139721064757736e-01,5.264222509920553e+00,1.327314271461810e+00,9.582031373848488e-04,3.005435859293692e+02,REFINE_STALLED,REFINE_STALLED,REFINE_STALLED,1,3,3,1,3,3,1,2,2,3.373615666025906e+03,9.270686138440153e+00,3.374053009775007e+03,1.174721866472250e+01,2.999617665778899e+04,8.304394045982034e+00,2.932132060852449e-11,2.932885124197481e-11,2.020815830125106e-10,solution good enough for the tolerances given,solution good enough for the tolerances given,solution good enough for the tolerances given,2.932132060852449e-11,2.932885124197481e-11,2.020815830125106e-10,3.373615666025906e+03,3.720675861820996e-12,3.374053009775007e+03,3.716120237735798e-12,2.999617665778899e+04,2.371590883313760e-11,1.304861585686183e+00,2.629458576228495e+00,8.291803536064814e+00,4.247961791638045e-05,2.872567333872522e+00,4.116218595362336e-03,5.477676972153335e-03,3.907625785967164e+00,5.400000000000000e-01,9.010435794794386e-11,4.165290334867677e-11,9.999999999583471e-01,9.999999999292986e-01,9.999999998960920e-01,9.999999998294287e-01,9.999999997773852e-01,9.999999996832054e-01,9.999999995695199e-01,9.999999994728608e-01,9.999999992978164e-01,9.999999992303485e-01,1.045550484120871e-01,1.765811243347472e-01,1.928030532662284e-01,8.865267946556313e-02,1.148265343437940e-01,1.031625678658635e-01,1.211867727093642e-02,1.574698610175849e-01,7.379522076726361e-04,4.909250181552247e-02,false
5,3.162000000000000e+14,1,11,CONTINUE,2.712205209691147e-02,2.562301578216929e-02,1.000000000000000e-09,2.712205209691147e-03,2.638432211141385e-14,4.109964028084437e-06,7.593369446830385e-05,7.346468331984227e-02,2.015792087778916e+01,2.694064450465705e-03,4.142168066546150e-01,5.273257343706236e+00,1.327367738582923e+00,9.582031373848488e-04,3.005435859293692e+02,REFINE_STALLED,REFINE_STALLED,REFINE_STALLED,1,3,3,1,3,3,1,2,2,1.065675288967167e+04,9.278567153725483e+00,1.065719614391192e+04,1.178213556981231e+01,9.484131708911457e+04,8.321676147428063e+00,2.931841503297297e-11,2.932082266113581e-11,2.020583476952373e-10,solution good enough for the tolerances given,solution good enough for the tolerances given,solution good enough for the tolerances given,2.931841503297297e-11,2.932082266113581e-11,2.020583476952373e-10,1.065675288967167e+04,3.701077410161827e-12,1.065719614391192e+04,3.696692889328655e-12,9.484131708911457e+04,2.371228714763638e-11,1.307283993850689e+00,2.630955492618120e+00,8.317678005936230e+00,4.247087444283276e-05,2.872567333872522e+00,4.116218595362336e-03,5.477676972153335e-03,3.907625785967164e+00,5.400000000000000e-01,9.011191942201439e-11,4.164890654578812e-11,9.999999999583511e-01,9.999999999293121e-01,9.999999998960833e-01,9.999999998295195e-01,9.999999997774793e-01,9.999999996832629e-01,9.999999995696469e-01,9.999999994729605e-01,9.999999992978983e-01,9.999999992305151e-01,1.046478196999233e-01,1.766696724657860e-01,1.926422263461970e-01,8.857182518199162e-02,1.149413964082931e-01,1.032573813302774e-01,1.211849813004279e-02,1.574080834094201e-01,7.376061277388294e-04,4.900549090033006e-02,false
5,1.000000000000000e+15,1,11,CONTINUE,2.712205209691147e-02,2.562388245025371e-02,1.000000000000000e-09,2.712205209691147e-03,2.638432211141385e-14,1.299662133962893e-06,2.401036219835328e-05,7.343075971416163e-02,2.015790785906726e+01,2.694143959234638e-03,4.143011916191278e-01,5.276172860165432e+00,1.327382728782816e+00,9.582031373848488e-04,3.005435859293692e+02,REFINE_STALLED,REFINE_STALLED,REFINE_STALLED,1,3,3,1,3,3,1,2,2,3.369201434476774e+04,9.308439911156350e+00,3.369246293767177e+04,1.185689155533115e+01,2.999359506284774e+05,8.327109048670000e+00,2.931749073588442e-11,2.931828416016602e-11,2.020514326776420e-10,solution good enough for the tolerances given,solution good enough for the tolerances given,solution good enough for the tolerances given,2.931749073588442e-11,2.931828416016602e-11,2.020514326776420e-10,3.369201434476774e+04,3.746177375675071e-12,3.369246293767177e+04,3.837803167135112e-12,2.999359506284774e+05,2.371131756254156e-11,1.308046233552507e+00,2.631566323720867e+00,8.325840132180344e+00,4.246810900851911e-05,2.872567333872522e+00,4.116218595362336e-03,5.477676972153335e-03,3.907625785967164e+00,5.400000000000000e-01,9.011462728698606e-11,4.164868450118320e-11,9.999999999583513e-01,9.999999999293154e-01,9.999999998960785e-01,9.999999998295468e-01,9.999999997775082e-01,9.999999996832820e-01,9.999999995696853e-01,9.999999994729925e-01,9.999999992979247e-01,9.999999992305693e-01,1.046790079727735e-01,1.767105632658441e-01,1.925801696777951e-01,8.854867058263761e-02,1.149723529411316e-01,1.032873621661747e-01,1.211988059971894e-02,1.573864548237281e-01,7.374430161430549e-04,4.897809495405304e-02,false
5,3.162000000000000e+15,1,11,CONTINUE,2.712205209691147e-02,2.562417531449285e-02,1.000000000000000e-09,2.712205209691147e-03,2.638432211141385e-14,4.110340018802809e-07,7.593490897343223e-06,7.341984813710178e-02,2.015790378807266e+01,2.694169741010287e-03,4.143293250162631e-01,5.277088836064789e+00,1.327386069073491e+00,9.582031373848488e-04,3.005435859293692e+02,REFINE_STALLED,REFINE_STALLED,REFINE_STALLED,1,3,3,1,3,3,1,2,2,1.065231004965720e+05,8.844930465023655e+00,1.065242265852683e+05,1.173710212838268e+01,9.483885725789242e+05,8.328855456082017e+00,2.931721763502492e-11,2.931749832566817e-11,2.020488726933072e-10,solution good enough for the tolerances given,solution good enough for the tolerances given,solution good enough for the tolerances given,2.931721763502492e-11,2.931749832566817e-11,2.020488726933072e-10,1.065231004965720e+05,4.546363121682193e-12,1.065242265852683e+05,5.948051656234241e-12,9.483885725789242e+05,2.371100387324618e-11,1.308288589506107e+00,2.631805918880560e+00,8.328438803507526e+00,4.246723256787728e-05,2.872567333872522e+00,4.116218595362336e-03,5.477676972153335e-03,3.907625785967164e+00,5.400000000000000e-01,9.011536094268874e-11,4.164824041197335e-11,9.999999999583518e-01,9.999999999293192e-01,9.999999998960789e-01,9.999999998295561e-01,9.999999997775175e-01,9.999999996832876e-01,9.999999995696971e-01,9.999999994730022e-01,9.999999992979323e-01,9.999999992305855e-01,1.046862771507931e-01,1.767123472533804e-01,1.925696813572789e-01,8.854212673476464e-02,1.149842878183578e-01,1.032962152776747e-01,1.211949476567568e-02,1.573812729069985e-01,7.373800040137681e-04,4.897091673106203e-02,false
5,1.000000000000000e+16,1,11,CONTINUE,2.712205209691147e-02,2.562426554265920e-02,1.000000000000000e-09,2.712205209691147e-03,2.638432211141385e-14,1.299697390592455e-07,2.401113027187096e-06,7.341661359237329e-02,2.015790228530606e+01,2.694177468924678e-03,4.143351291330952e-01,5.277369019370950e+00,1.327387767923158e+00,9.582031373848488e-04,3.005435859293692e+02,REFINE_STALLED,REFINE_STALLED,REFINE_STALLED,1,3,3,1,3,3,1,2,2,3.368778750585128e+05,1.498623946594643e+01,3.368761609502888e+05,1.596126332949338e+01,2.999305583407237e+06,8.329432803457617e+00,2.931708661345865e-11,2.931720809490348e-11,2.020476051509877e-10,solution good enough for the tolerances given,solution good enough for the tolerances given,solution good enough for the tolerances given,2.931708661345865e-11,2.931720809490348e-11,2.020476051509877e-10,3.368778750585128e+05,1.080490658127560e-11,3.368761609502888e+05,8.640550253374260e-12,2.999305583407237e+06,2.371080425278549e-11,1.308361873740330e+00,2.631839776671828e+00,8.329236252901637e+00,4.246695385113897e-05,2.872567333872522e+00,4.116218595362336e-03,5.477676972153335e-03,3.907625785967164e+00,5.400000000000000e-01,9.011561078159716e-11,4.164735223355365e-11,9.999999999583526e-01,9.999999999293190e-01,9.999999998960789e-01,9.999999998295608e-01,9.999999997775215e-01,9.999999996832905e-01,9.999999995697022e-01,9.999999994730056e-01,9.999999992979354e-01,9.999999992305901e-01,1.046894006625344e-01,1.767135140338854e-01,1.925633346126715e-01,8.853777294789855e-02,1.149912549530646e-01,1.033010258303838e-01,1.212011476428700e-02,1.573787243740775e-01,7.372934415805799e-04,4.896756437961633e-02,false
5,3.162000000000000e+16,1,11,CONTINUE,2.712205209691147e-02,2.562429163089814e-02,1.000000000000000e-09,2.712205209691147e-03,2.638432211141385e-14,4.110372046428093e-08,7.593531381710847e-07,7.341573580322756e-02,2.015790181095909e+01,2.694179320014270e-03,4.143362330880677e-01,5.277451373661418e+00,1.327388535719034e+00,9.582031373848488e-04,3.005435859293692e+02,REFINE_STALLED,REFINE_STALLED,REFINE_STALLED,1,3,3,1,3,3,1,2,2,1.065216352623663e+06,1.322678883179200e+02,1.065219468704149e+06,1.323046455566482e+02,9.483925185966041e+06,8.329692783577199e+00,2.931702900550493e-11,2.931707600181409e-11,2.020485276187130e-10,solution good enough for the tolerances given,solution good enough for the tolerances given,solution good enough for the tolerances given,2.931702900550493e-11,2.931707600181409e-11,2.020485276187130e-10,1.065216352623663e+06,1.547257477934221e-11,1.065219468704149e+06,1.995813742981221e-11,9.483925185966041e+06,2.371080425278549e-11,1.308377215282579e+00,2.631807115938383e+00,8.329452676523877e+00,4.246686733500482e-05,2.872567333872522e+00,4.116218595362336e-03,5.477676972153335e-03,3.907625785967164e+00,5.400000000000000e-01,9.011603156793325e-11,4.164801836736842e-11,9.999999999583520e-01,9.999999999293199e-01,9.999999998960791e-01,9.999999998295597e-01,9.999999997775215e-01,9.999999996832900e-01,9.999999995697029e-01,9.999999994730064e-01,9.999999992979356e-01,9.999999992305915e-01,1.046966732325424e-01,1.767074282445837e-01,1.925634193153580e-01,8.853975397025428e-02,1.149887214645724e-01,1.033019495437623e-01,1.211958920522284e-02,1.573788501613269e-01,7.374672004600281e-04,4.896614766191681e-02,false
5,1.000000000000000e+17,1,11,CONTINUE,2.712205209691147e-02,2.562422573864763e-02,1.000000000000000e-09,2.712205209691147e-03,2.638432211141385e-14,1.299698890916994e-08,2.401049020719381e-07,7.341574086336307e-02,2.015790142767501e+01,2.694177365192658e-03,4.143331569647261e-01,5.277468094353472e+00,1.327390332463027e+00,9.582031373848488e-04,3.005435859293692e+02,REFINE_STALLED,REFINE_STALLED,REFINE_STALLED,1,3,3,1,3,3,1,2,2,3.369084355896761e+06,1.374835620559635e+03,3.369077464028974e+06,1.374960497076854e+03,2.999310416404190e+07,8.330041297199156e+00,2.931710451394702e-11,2.931713213661018e-11,2.020475063138947e-10,solution good enough for the tolerances given,solution good enough for the tolerances given,solution good enough for the tolerances given,2.931710451394702e-11,2.931713213661018e-11,2.020475063138947e-10,3.369084355896761e+06,6.835787015186986e-11,3.369077464028974e+06,5.340666124005588e-11,2.999310416404190e+07,2.371071870115947e-11,1.308390035865443e+00,2.631720359511856e+00,8.329386918752759e+00,4.246684289065083e-05,2.872567333872522e+00,4.116218595362336e-03,5.477676972153335e-03,3.907625785967164e+00,5.400000000000000e-01,9.011560346984042e-11,4.164846245657827e-11,9.999999999583515e-01,9.999999999293181e-01,9.999999998960778e-01,9.999999998295608e-01,9.999999997775220e-01,9.999999996832909e-01,9.999999995697035e-01,9.999999994730073e-01,9.999999992979371e-01,9.999999992305910e-01,1.046879608829447e-01,1.767141814671737e-01,1.925657370005407e-01,8.853827893085243e-02,1.149897617002201e-01,1.033023366960320e-01,1.211901063519184e-02,1.573792228656411e-01,7.375253371285778e-04,4.896598448427469e-02,false
5,3.162000000000000e+17,1,11,CONTINUE,2.712205209691147e-02,2.562218051343602e-02,1.000000000000000e-09,2.712205209691147e-03,2.638432211141385e-14,4.110379163745938e-09,7.593531381710846e-08,7.340889846325248e-02,2.015790339597459e+01,2.694211962771966e-03,4.143871123083065e-01,5.277731859433064e+00,1.327364539702068e+00,9.582031373848488e-04,3.005435859293692e+02,REFINE_STALLED,REFINE_STALLED,REFINE_STALLED,1,3,3,1,3,3,1,2,2,1.065563931755962e+07,1.378651326351033e+04,1.065569580867159e+07,1.378663221158536e+04,9.483847004989685e+07,8.330982148599951e+00,2.931706146617780e-11,2.931709301261364e-11,2.020478211639915e-10,solution good enough for the tolerances given,solution good enough for the tolerances given,solution good enough for the tolerances given,2.931706146617780e-11,2.931709301261364e-11,2.020478211639915e-10,1.065563931755962e+07,1.317520706089699e-10,1.065569580867159e+07,1.302970941053650e-10,9.483847004989685e+07,2.371074721836815e-11,1.308422420732358e+00,2.632871907208775e+00,8.328945288693733e+00,4.246683533031813e-05,2.872567333872522e+00,4.116218595362336e-03,5.477676972153335e-03,3.907625785967164e+00,5.400000000000000e-01,9.011582071314310e-11,4.164801836736842e-11,9.999999999583520e-01,9.999999999293183e-01,9.999999998960778e-01,9.999999998295601e-01,9.999999997775215e-01,9.999999996832905e-01,9.999999995697035e-01,9.999999994730069e-01,9.999999992979360e-01,9.999999992305928e-01,1.046923347055168e-01,1.767156302207785e-01,1.925603618582357e-01,8.853742635445923e-02,1.149912247149012e-01,1.033018584237115e-01,1.211928625041286e-02,1.573782635388352e-01,7.374167085948632e-04,4.896619722455413e-02,false
5,1.000000000000000e+18,1,11,CONTINUE,2.712205209691147e-02,2.571123291275432e-02,1.000000000000000e-09,2.712205209691147e-03,2.638432211141385e-14,1.299700016162672e-09,2.401074622896970e-08,7.315817977647401e-02,2.015820291191802e+01,2.696236452052486e-03,4.181919656649365e-01,5.296450101219193e+00,1.326877030474624e+00,9.582031373848488e-04,3.005435859293692e+02,REFINE_STALLED,REFINE_STALLED,REFINE_STALLED,1,3,3,1,3,3,1,2,2,3.372536193826826e+07,1.379578870243800e+05,3.372539058933348e+07,1.379576102924779e+05,2.999321819718413e+08,8.333931811753439e+00,2.931705556834520e-11,2.931707125842100e-11,2.020478655160212e-10,solution good enough for the tolerances given,solution good enough for the tolerances given,solution good enough for the tolerances given,2.931705556834520e-11,2.931707125842100e-11,2.020478655160212e-10,3.372536193826826e+07,6.654760166654865e-10,3.372539058933348e+07,5.782868184616508e-10,2.999321819718413e+08,2.371083276999416e-11,1.310065139115627e+00,2.715550711740736e+00,8.327479061067036e+00,4.246682821742059e-05,2.872567333872522e+00,4.116218595362336e-03,5.477676972153335e-03,3.907625785967164e+00,5.400000000000000e-01,9.011644189476402e-11,4.164801836736842e-11,9.999999999583520e-01,9.999999999293188e-01,9.999999998960782e-01,9.999999998295610e-01,9.999999997775226e-01,9.999999996832902e-01,9.999999995697042e-01,9.999999994730069e-01,9.999999992979349e-01,9.999999992305917e-01,1.046908937885026e-01,1.767163431482142e-01,1.925585740019824e-01,8.853655153063036e-02,1.149933606918874e-01,1.033037980034184e-01,1.211935074216665e-02,1.573776825655690e-01,7.374430592415020e-04,4.896600246838789e-02,false
6,1.000000000000000e+00,0,18,CONTINUE,1.188379363109431e-02,4.269093791503617e-03,1.000000000000000e-09,1.188379363109431e-03,2.391717538301663e-14,6.912386705176998e-02,4.092547797708870e+01,6.657894371209896e-01,2.542761088480379e+01,2.996250473839441e-04,2.818451561818172e+00,5.633887371991160e-01,7.591672344676907e-01,2.973935211803242e-04,5.895913882099535e+02,REACHED_FORCE,REACHED_FORCE,REACHED_FORCE,8,0,0,7,0,0,3,0,0,2.083744563747649e-04,NaN,8.611916483981982e-04,NaN,2.031380753395327e-04,NaN,1.764156461693138e-01,4.792170926050988e-02,1.441650027235532e-02,solution good enough for the tolerances given,solution good enough for the tolerances given,solution good enough for the tolerances given,1.273005158960771e-03,1.327987186586504e-03,1.437397784681458e-03,7.242565572130390e-16,2.083744563747649e-04,2.433049371887553e-15,8.611916483981982e-04,6.252371060315689e-16,2.031380753395327e-04,2.083744563747649e-04,8.611916483981982e-04,2.031380753395327e-04,2.438803650433218e-02,2.434117780499169e+01,1.486492817778866e-03,1.978778317532173e-03,2.279721169466118e+00,5.000000000000000e-01,2.422838995003589e-01,2.385184494608450e-02,9.761481550539155e-01,9.264593628188482e-01,8.285214243354663e-01,7.856150631324575e-01,6.497897527209890e-01,5.041422676979571e-01,3.967260563121782e-01,2.537335651313963e-01,1.756345635896376e-01,6.465468518852438e-02,2.255400039274526e-02,1.875322232126294e-02,9.524102118092856e-02,1.348785026333534e-01,6.286085534989737e-02,2.346523402666863e-02,5.976031552458411e-01,3.979689759709910e-02,2.690769028714839e-03,2.156342223489639e-03,false
6,3.162000000000000e+00,0,11,CONTINUE,1.188379363109431e-02,4.232914725193196e-03,1.000000000000000e-09,1.188379363109431e-03,2.391717538301663e-14,6.907979356904211e-02,3.570669783511894e+01,6.679831935796152e-01,2.544993857005845e+01,2.960950090759089e-04,2.832879334009082e+00,5.591110522311376e-01,7.606487804306374e-01,2.973935211803242e-04,5.895913882099535e+02,REACHED_FORCE,REACHED_FORCE,REACHED_FORCE,5,0,0,4,0,0,2,0,0,2.279213832303530e-04,NaN,6.300111527580581e-04,NaN,1.302841938136634e-04,NaN,8.718383951901193e-02,2.550095553739853e-02,5.823076913712566e-03,solution good enough for the tolerances given,solution good enough for the tolerances given,solution good enough for the tolerances given,1.300580380739562e-03,2.330004550015819e-03,1.016844255690504e-03,2.704645580842443e-15,2.279213832303530e-04,1.090911439302140e-14,6.300111527580581e-04,2.785982987170079e-15,1.302841938136634e-04,2.279213832303530e-04,6.300111527580581e-04,1.302841938136634e-04,1.371508738512952e-02,1.374127350691919e+01,1.486492817778866e-03,1.978778317532173e-03,2.279721169466118e+00,5.000000000000000e-01,3.829823188974125e-02,8.779278345867780e-03,9.912207216541322e-01,9.614744990719422e-01,9.265608448313185e-01,8.589365746117835e-01,7.819881696152898e-01,6.767913856773898e-01,6.354832245834655e-01,5.143625585156719e-01,3.935827187293297e-01,1.792718926661993e-01,1.177312764120260e-02,1.558400109908106e-02,1.135327456171739e-01,4.463217769713388e-02,1.879148229091485e-02,6.925967310945320e-01,2.548065675162726e-02,6.612411207962604e-02,4.702277378229227e-03,6.782688350479328e-03,false
6,1.000000000000000e+01,0,8,CONTINUE,1.188379363109431e-02,4.204504160372458e-03,1.000000000000000e-09,1.188379363109431e-03,2.391717538301663e-14,6.907979356036267e-02,3.283873316166342e+01,6.713087013276638e-01,2.539482035605402e+01,2.951700152195403e-04,2.762715145596168e+00,5.573782160777118e-01,7.597470285758550e-01,2.973935211803242e-04,5.895913882099535e+02,REACHED_FORCE,REACHED_FORCE,REACHED_FORCE,3,0,0,3,0,0,2,0,0,1.717104760802934e-04,NaN,1.427515647589324e-04,NaN,1.989740640941002e-05,NaN,3.507215249167089e-02,1.314038204077480e-02,2.127032763150294e-03,solution good enough for the tolerances given,solution good enough for the tolerances given,solution good enough for the tolerances given,1.339587113128396e-03,1.159392290787269e-03,1.837588376241596e-04,8.368558188422536e-15,1.717104760802934e-04,3.480392252669846e-14,1.427515647589324e-04,9.501623622656218e-15,1.989740640941002e-05,1.717104760802934e-04,1.427515647589324e-04,1.989740640941002e-05,7.712236838774449e-03,7.794953317052618e+00,1.486492817778866e-03,1.978778317532173e-03,2.279721169466118e+00,5.000000000000000e-01,1.173483216011549e-02,3.035939467046278e-03,9.969640605329537e-01,9.844994779095992e-01,9.747299148286896e-01,9.497521422059383e-01,9.180768099591379e-01,8.687884985437654e-01,8.462741989196687e-01,7.700941692151798e-01,6.724094187838913e-01,4.085632712563060e-01,8.129271446199597e-03,1.634870824069965e-02,7.227364340961014e-02,3.298248069755734e-02,1.552953781637724e-02,7.055899373042143e-01,2.732833217261071e-02,9.157312467929103e-02,8.479548267300638e-03,2.176541596613984e-02,false
6,3.162000000000000e+01,0,5,CONTINUE,1.188379363109431e-02,4.175156529943356e-03,1.000000000000000e-09,1.188379363109431e-03,2.391717538301663e-14,6.907979356036260e-02,3.179237759502095e+01,6.733594307239874e-01,2.541818809828438e+01,2.920790360491945e-04,2.778778388726421e+00,5.576800298447927e-01,7.601237646476754e-01,2.973935211803242e-04,5.895913882099535e+02,REACHED_FORCE,REACHED_FORCE,REACHED_FORCE,2,0,0,2,0,0,1,0,0,1.349428576147605e-04,NaN,3.618856320882094e-04,NaN,9.959336051632669e-05,NaN,1.236373109833071e-02,5.634502146520205e-03,7.187509599115277e-04,solution good enough for the tolerances given,solution good enough for the tolerances given,solution good enough for the tolerances given,8.063440897527174e-04,6.734170056046485e-04,7.187509599115277e-04,2.239890713904271e-14,1.349428576147605e-04,9.468522834689840e-14,3.618856320882094e-04,2.531502997633700e-14,9.959336051632669e-05,1.349428576147605e-04,3.618856320882094e-04,9.959336051632669e-05,4.337102567436320e-03,4.447268279438172e+00,1.486492817778866e-03,1.978778317532173e-03,2.279721169466118e+00,5.000000000000000e-01,3.861228371285913e-03,9.937641502749672e-04,9.990062358497250e-01,9.946525780039525e-01,9.917284677662012e-01,9.834817649057155e-01,9.725291358664607e-01,9.544137664717538e-01,9.456725316171024e-01,9.137295694327805e-01,8.664938592310456e-01,6.859595405116377e-01,6.804539961040787e-03,1.702004885317290e-02,5.678052133424560e-02,2.817374859960005e-02,1.396217405230376e-02,6.853304530813565e-01,2.745904246174027e-02,1.037570742943595e-01,1.133282355359403e-02,4.937957380858664e-02,false
6,1.000000000000000e+02,0,5,CONTINUE,1.188379363109431e-02,4.126042679884808e-03,1.000000000000000e-09,1.188379363109431e-03,2.391717538301663e-14,6.907979356036185e-02,3.145331641418446e+01,6.772832310814366e-01,2.540178889470134e+01,2.886593019933710e-04,2.746461451060872e+00,5.643718631785607e-01,7.592410423260888e-01,2.973935211803242e-04,5.895913882099535e+02,REACHED_FORCE,REACHED_FORCE,REACHED_FORCE,2,0,0,2,0,0,1,0,0,2.582924280411032e-05,NaN,1.210546284124596e-04,NaN,3.242699970499426e-05,NaN,4.091732136945168e-03,2.032737378596331e-03,2.329619597597038e-04,solution good enough for the tolerances given,solution good enough for the tolerances given,solution good enough for the tolerances given,1.243486570151991e-04,9.312211667898656e-05,2.329619597597038e-04,9.187095408796219e-14,2.582924280411032e-05,3.787359624150345e-13,1.210546284124596e-04,9.773502744328768e-14,3.242699970499426e-05,2.582924280411032e-05,1.210546284124596e-04,3.242699970499426e-05,2.438825403922901e-03,2.872567851342541e+00,1.486492817778866e-03,1.978778317532173e-03,2.279721169466118e+00,5.000000000000000e-01,1.236150417155271e-03,3.178304495419226e-04,9.996821695504581e-01,9.982618184396523e-01,9.973526704616084e-01,9.947118013135968e-01,9.911458481570332e-01,9.851218495523285e-01,9.821588560732056e-01,9.710111900828583e-01,9.535443525978035e-01,8.735454463172445e-01,6.290620977097994e-03,1.700467434238939e-02,5.110372431794503e-02,2.622109604374681e-02,1.322477729640129e-02,6.665225857739309e-01,2.703757847133614e-02,1.069644026661943e-01,1.252845126981927e-02,7.310208884113946e-02,false
6,3.162000000000000e+02,0,4,CONTINUE,1.188379363109431e-02,4.100541354420957e-03,1.000000000000000e-09,1.188379363109431e-03,2.391717538301663e-14,6.907979356035995e-02,3.134548828126881e+01,6.792144610956241e-01,2.540763273184720e+01,2.864445873558396e-04,2.745114943298692e+00,5.623843729472037e-01,7.608271578860808e-01,2.973935211803242e-04,5.895913882099535e+02,REACHED_FORCE,REACHED_FORCE,REACHED_FORCE,2,0,0,1,0,0,1,0,0,8.840358167346879e-06,NaN,9.249115730383815e-05,NaN,1.035469538643995e-05,NaN,1.316306471985404e-03,6.775601688024346e-04,7.429124972268811e-05,solution good enough for the tolerances given,solution good enough for the tolerances given,solution good enough for the tolerances given,1.462442910326233e-05,6.775601688024346e-04,7.429124972268811e-05,5.533666665186753e-13,8.840358167346879e-06,2.292157423928616e-12,9.249115730383815e-05,6.068987036727606e-13,1.035469538643995e-05,8.840358167346879e-06,9.249115730383815e-05,1.035469538643995e-05,1.371512607657439e-03,2.872567497406277e+00,1.486492817778866e-03,1.978778317532173e-03,2.279721169466118e+00,5.000000000000000e-01,3.924814413545839e-04,1.008832999289666e-04,9.998991167000710e-01,9.994454914144834e-01,9.991594350460171e-01,9.983209838538193e-01,9.971826344242359e-01,9.952463440623560e-01,9.942879584724932e-01,9.906467379963824e-01,9.848261658941797e-01,9.562229718073825e-01,6.103962386828228e-03,1.692236867581248e-02,4.912848997506357e-02,2.549807308877038e-02,1.293344587568658e-02,6.574651504931818e-01,2.677957176845292e-02,1.075982118534461e-01,1.291550449450392e-02,8.465522138825211e-02,false
6,1.000000000000000e+03,0,3,CONTINUE,1.188379363109431e-02,4.103120902694406e-03,1.000000000000000e-09,1.188379363109431e-03,2.391717538301663e-14,6.907979356033117e-02,3.131120033099330e+01,6.791401206254356e-01,2.539959061785271e+01,2.870925654172180e-04,2.737059329387717e+00,5.645368134781948e-01,7.596801162259641e-01,2.973935211803242e-04,5.895913882099535e+02,REACHED_FORCE,REACHED_FORCE,REACHED_FORCE,1,0,0,1,0,0,1,0,0,4.422859962219294e-05,NaN,3.009214413026928e-05,NaN,3.284292742515845e-06,NaN,4.186338813999007e-04,2.186972263124644e-04,2.355412680101530e-05,solution good enough for the tolerances given,solution good enough for the tolerances given,solution good enough for the tolerances given,4.186338813999007e-04,2.186972263124644e-04,2.355412680101530e-05,1.102440839828634e-12,4.422859962219294e-05,4.673825602598104e-12,3.009214413026928e-05,1.239550952034233e-12,3.284292742515845e-06,4.422859962219294e-05,3.009214413026928e-05,3.284292742515845e-06,7.712243720675932e-04,2.872567385462874e+00,1.486492817778866e-03,1.978778317532173e-03,2.279721169466118e+00,5.000000000000000e-01,1.244074829189524e-04,3.193643338472718e-05,9.999680635666153e-01,9.998241810404140e-01,9.997338745537796e-01,9.994684328176995e-01,9.991074164673089e-01,9.984919921126937e-01,9.981867700906828e-01,9.970234613257942e-01,9.951517286331620e-01,9.857305515727710e-01,6.041352817796863e-03,1.688478042141548e-02,4.847684525516229e-02,2.525375602672335e-02,1.283275645711015e-02,6.541385326571888e-01,2.667911598026436e-02,1.077326141284615e-01,1.303586446686747e-02,8.892438178901067e-02,true
6,3.162000000000000e+03,0,3,CONTINUE,1.188379363109431e-02,4.107458906815332e-03,1.000000000000000e-09,1.188379363109431e-03,2.391717538301663e-14,6.907979356032044e-02,3.129205727746754e+01,6.788257188322092e-01,2.539572161500684e+01,2.873927484632792e-04,2.734277487525332e+00,5.654285327370261e-01,7.592631072365830e-01,2.973935211803242e-04,5.895913882099535e+02,REACHED_FORCE,REACHED_FORCE,REACHED_FORCE,1,0,0,1,0,0,1,0,0,1.399257334378571e-05,NaN,9.550684131987897e-06,NaN,1.039695422326143e-06,NaN,1.326440168050947e-04,6.947486335588524e-05,7.455500342949180e-06,solution good enough for the tolerances given,solution good enough for the tolerances given,solution good enough for the tolerances given,1.326440168050947e-04,6.947486335588524e-05,7.455500342949180e-06,3.553397879462356e-12,1.399257334378571e-05,1.504591295310936e-11,9.550684131987897e-06,3.911621962565149e-12,1.039695422326143e-06,1.399257334378571e-05,9.550684131987897e-06,1.039695422326143e-06,4.337103767892406e-04,2.872567350069244e+00,1.486492817778866e-03,1.978778317532173e-03,2.279721169466118e+00,5.000000000000000e-01,4.237463121095338e-05,1.010647319987790e-05,9.999898935268001e-01,9.999443156545427e-01,9.999157877123364e-01,9.998318185228888e-01,9.997175408171980e-01,9.995225919034613e-01,9.994258441586217e-01,9.990567334423059e-01,9.984616076095870e-01,9.954427443839078e-01,6.022801050458205e-03,1.690723281558242e-02,4.823280557229501e-02,2.517258108286410e-02,1.279965699684280e-02,6.530335147354380e-01,2.664516357711910e-02,1.077671585155454e-01,1.307355387540713e-02,9.034553177844801e-02,false
6,1.000000000000000e+04,0,3,CONTINUE,1.188379363109431e-02,4.108834881009019e-03,1.000000000000000e-09,1.188379363109431e-03,2.391717538301663e-14,6.907979356022174e-02,3.129355857281916e+01,6.787258798785566e-01,2.539449109677216e+01,2.874881750821794e-04,2.733391453061935e+00,5.657146435174273e-01,7.591308293470234e-01,2.973935211803242e-04,5.895913882099535e+02,REACHED_FORCE,REACHED_FORCE,REACHED_FORCE,1,0,0,1,0,0,1,0,0,4.424947419521472e-06,NaN,3.023322525072212e-06,NaN,3.288538545351328e-07,NaN,4.196714549765659e-05,2.199919870672808e-05,2.358068746878653e-06,solution good enough for the tolerances given,solution good enough for the tolerances given,solution good enough for the tolerances given,4.196714549765659e-05,2.199919870672808e-05,2.358068746878653e-06,7.253546121984621e-12,4.424947419521472e-06,2.922230357043170e-11,3.023322525072212e-06,8.223969278525560e-12,3.288538545351328e-07,4.424947419521472e-06,3.023322525072212e-06,3.288538545351328e-07,2.438825668319646e-04,2.872567338874903e+00,1.486492817778866e-03,1.978778317532173e-03,2.279721169466118e+00,5.000000000000000e-01,1.284759468767611e-05,3.195535599243016e-06,9.999968044644008e-01,9.999823938316456e-01,9.999733714127833e-01,9.999468151563837e-01,9.999106692209201e-01,9.998489942639495e-01,9.998183806183673e-01,9.997015466103275e-01,9.995130480757498e-01,9.985544912053987e-01,6.015378463509235e-03,1.688160446662199e-02,4.818718215353806e-02,2.514866376210285e-02,1.278934398405307e-02,6.526784443003405e-01,2.663420272746390e-02,1.077772399355667e-01,1.308543174183238e-02,9.080250846497141e-02,false
6,3.162000000000000e+04,0,3,CONTINUE,1.188379363109431e-02,4.109270332957197e-03,1.000000000000000e-09,1.188379363109431e-03,2.391717538301663e-14,6.907979355983561e-02,3.117181930323566e+01,6.786942730346043e-01,2.539410134734410e+01,2.875183954463029e-04,2.733110684327196e+00,5.658055169185535e-01,7.590889682091495e-01,2.973935211803242e-04,5.895913882099535e+02,REACHED_FORCE,REACHED_FORCE,REACHED_FORCE,1,0,0,1,0,0,1,0,0,1.399463431977069e-06,NaN,9.564823250811591e-07,NaN,1.040120726236713e-07,NaN,1.327486001488879e-05,6.960498404103833e-06,7.458162963856273e-07,solution good enough for the tolerances given,solution good enough for the tolerances given,solution good enough for the tolerances given,1.327486001488879e-05,6.960498404103833e-06,7.458162963856273e-07,2.422040672217915e-11,1.399463431977069e-06,9.388845560189441e-11,9.564823250811591e-07,2.415181170465498e-11,1.040120726236713e-07,1.399463431977069e-06,9.564823250811591e-07,1.040120726236713e-07,1.371512525413453e-04,2.872567335335540e+00,1.486492817778866e-03,1.978778317532173e-03,2.279721169466118e+00,5.000000000000000e-01,7.276133883487720e-06,1.014554878997487e-06,9.999989854451210e-01,9.999943841078380e-01,9.999915562230173e-01,9.999831732197525e-01,9.999717453709248e-01,9.999522386658709e-01,9.999425547200972e-01,9.999055931985279e-01,9.998459474670363e-01,9.995423975682608e-01,6.037509271604832e-03,1.741811050227806e-02,4.764023578478201e-02,2.510888970715339e-02,1.278182542025488e-02,6.525655487998413e-01,2.663060251772149e-02,1.077803413330618e-01,1.308918275492954e-02,9.094775390837279e-02,false
6,1.000000000000000e+05,0,3,CONTINUE,1.188379363109431e-02,4.109408121580641e-03,1.000000000000000e-09,1.188379363109431e-03,2.391717538301663e-14,6.907979355876358e-02,3.127953317707303e+01,6.786842730158730e-01,2.539397802406474e+01,2.875279573528175e-04,2.733021833793513e+00,5.658343001323548e-01,7.590757250513881e-01,2.973935211803242e-04,5.895913882099535e+02,REACHED_FORCE,REACHED_FORCE,REACHED_FORCE,1,0,0,1,0,0,1,0,0,4.425152618605640e-07,NaN,3.024737063530947e-07,NaN,3.288963980469575e-08,NaN,4.197762792391432e-06,2.201222802770053e-06,2.358335160132655e-07,solution good enough for the tolerances given,solution good enough for the tolerances given,solution good enough for the tolerances given,4.197762792391432e-06,2.201222802770053e-06,2.358335160132655e-07,8.729521998283163e-11,4.425152618605640e-07,3.569674017857043e-10,3.024737063530947e-07,1.002915130484545e-10,3.288963980469575e-08,4.425152618605640e-07,3.024737063530947e-07,3.288963980469575e-08,7.712244503796016e-05,2.872567334216106e+00,1.486492817778866e-03,1.978778317532173e-03,2.279721169466118e+00,5.000000000000000e-01,1.423231607077948e-06,3.196977635955278e-07,9.999996803022364e-01,9.999982376323122e-01,9.999973362948255e-01,9.999946810420431e-01,9.999910661487820e-01,9.999848973737618e-01,9.999818350922348e-01,9.999701466421773e-01,9.999512834572217e-01,9.998552608209562e-01,6.015208878857922e-03,1.693421942401417e-02,4.810621116569751e-02,2.513491336186105e-02,1.278453811225738e-02,6.525298629578330e-01,2.662959498923812e-02,1.077813136355847e-01,1.309036867154395e-02,9.099376880311284e-02,false
6,3.162000000000000e+05,0,3,CONTINUE,1.188379363109431e-02,4.109450222167801e-03,1.000000000000000e-09,1.188379363109431e-03,2.391717538301663e-14,6.907979355216323e-02,2.933567840123439e+01,6.786811144639362e-01,2.539393879700280e+01,2.875309832096111e-04,2.732993483614411e+00,5.658434041310626e-01,7.590715296116091e-01,2.973935211803242e-04,5.895913882099535e+02,REACHED_FORCE,REACHED_FORCE,REACHED_FORCE,1,0,0,1,0,0,1,0,0,1.399483926669790e-07,NaN,9.566238597632046e-08,NaN,1.040163275623082e-08,NaN,1.327590926400444e-06,6.961802224322493e-07,7.458429496171240e-08,solution good enough for the tolerances given,solution good enough for the tolerances given,solution good enough for the tolerances given,1.327590926400444e-06,6.961802224322493e-07,7.458429496171240e-08,7.847050535224244e-10,1.399483926669790e-07,3.357427629232701e-09,9.566238597632046e-08,8.798158151316480e-10,1.040163275623082e-08,1.399483926669790e-07,9.566238597632046e-08,1.040163275623082e-08,4.337105262830432e-05,2.872567333862170e+00,1.486492817778866e-03,1.978778317532173e-03,2.279721169466118e+00,5.000000000000000e-01,2.874650756867451e-06,1.078057565440105e-07,9.999998921942435e-01,9.999993573121781e-01,9.999990895661015e-01,9.999983019285409e-01,9.999971708813004e-01,9.999952236545513e-01,9.999942551494109e-01,9.999905585176425e-01,9.999845926105073e-01,9.999542209030575e-01,6.425345600059003e-03,3.182468736322749e-02,3.377089531503454e-02,2.427348951970970e-02,1.268117436400054e-02,6.525170093365714e-01,2.662671092357494e-02,1.077816187931148e-01,1.309074360327979e-02,9.100832518142883e-02,false
6,1.000000000000000e+06,0,3,CONTINUE,1.188379363109431e-02,4.109460817109805e-03,1.000000000000000e-09,1.188379363109431e-03,2.391717538301663e-14,6.907979353445447e-02,2.498403504715002e+01,6.786801191207494e-01,2.539392597442060e+01,2.875319451384805e-04,2.732984070465055e+00,5.658462837182803e-01,7.590701895967326e-01,2.973935211803242e-04,5.895913882099535e+02,REACHED_FORCE,REACHED_FORCE,REACHED_FORCE,1,0,0,1,0,0,1,0,0,4.425173083049177e-08,NaN,3.024878818591753e-08,NaN,3.289006511034587e-09,NaN,4.197867723121866e-07,2.201353215916536e-07,2.358361808185985e-08,solution good enough for the tolerances given,solution good enough for the tolerances given,solution good enough for the tolerances given,4.197867723121866e-07,2.201353215916536e-07,2.358361808185985e-08,2.545648258657417e-09,4.425173083049177e-08,1.063484667039403e-08,3.024878818591753e-08,2.805125679264799e-09,3.289006511034587e-09,4.425173083049177e-08,3.024878818591753e-08,3.289006511034587e-09,2.438828035506854e-05,2.872567333750227e+00,1.486492817778866e-03,1.978778317532173e-03,2.279721169466118e+00,5.000000000000000e-01,5.506626752150790e-06,4.002555864524027e-08,9.999999599744414e-01,9.999997627393477e-01,9.999994969382540e-01,9.999991227861585e-01,9.999984898067953e-01,9.999981840401422e-01,9.999971528921917e-01,9.999970145834125e-01,9.999951281321148e-01,9.999855241963962e-01,7.481863018900403e-03,5.955954416979447e-02,2.799180666578553e-02,1.382483461090387e-02,6.524824416188247e-01,2.677379931968559e-02,1.000236799751954e-06,1.077809184299928e-01,1.309086201637808e-02,9.101292991293546e-02,false
6,3.162000000000000e+06,0,3,CONTINUE,1.188379363109431e-02,4.109466800971362e-03,1.000000000000000e-09,1.188379363109431e-03,2.391717538301663e-14,6.907979351199048e-02,2.491290711757176e+01,6.786797937951168e-01,2.539392233676006e+01,2.875322523117398e-04,2.732981570593033e+00,5.658471933351379e-01,7.590697801898970e-01,2.973935211803242e-04,5.895913882099535e+02,REACHED_FORCE,REACHED_FORCE,REACHED_FORCE,1,0,0,1,0,0,1,0,0,1.399485967436992e-08,NaN,1.243402644949457e-08,NaN,3.280984644041005e-09,NaN,1.327601420622333e-07,6.961932759892516e-08,7.458455620575507e-09,solution good enough for the tolerances given,solution good enough for the tolerances given,solution good enough for the tolerances given,1.327601420622333e-07,6.961932759892516e-08,7.458455620575507e-09,2.931074243961353e-09,1.399485967436992e-08,1.243402644949457e-08,9.566380677539505e-09,3.280984644041005e-09,1.040167467652757e-09,1.399485967436992e-08,1.243402644949457e-08,3.280984644041005e-09,1.371522174477283e-05,2.872567333714833e+00,1.486492817778866e-03,1.978778317532173e-03,2.279721169466118e+00,5.000000000000000e-01,1.918758044132780e-06,1.269444505069828e-08,9.999999873055549e-01,9.999999249060730e-01,9.999998406322589e-01,9.999997222250225e-01,9.999995223875011e-01,9.999994256460002e-01,9.999990558437938e-01,9.999988515651221e-01,9.999984592396831e-01,9.999954219016800e-01,7.500035938562273e-03,5.961913281988923e-02,2.797364075914953e-02,1.377854190249475e-02,6.525006828033486e-01,2.674086662255033e-02,1.077818120979252e-01,2.002476106958814e-09,1.309089965958774e-02,9.101438539401606e-02,false
6,1.000000000000000e+07,0,3,CONTINUE,1.188379363109431e-02,4.109461828223913e-03,1.000000000000000e-09,1.188379363109431e-03,2.391717538301663e-14,6.907979329491852e-02,2.473046454113529e+01,6.786797172441575e-01,2.539392119656904e+01,2.875323312056716e-04,2.732980682092764e+00,5.658474733356734e-01,7.590696576870410e-01,2.973935211803242e-04,5.895913882099535e+02,REACHED_FORCE,REACHED_FORCE,REACHED_FORCE,1,0,0,1,0,0,1,0,0,7.663711805962259e-09,NaN,3.473128201503557e-08,NaN,9.182350221289718e-09,NaN,4.197878190628552e-08,2.201366301298102e-08,2.358364353000854e-09,solution good enough for the tolerances given,solution good enough for the tolerances given,solution good enough for the tolerances given,4.197878190628552e-08,2.201366301298102e-08,2.358364353000854e-09,7.663711805962259e-09,4.425175268180292e-09,3.473128201503557e-08,3.024893039945485e-09,9.182350221289718e-09,3.289011444511687e-10,7.663711805962259e-09,3.473128201503557e-08,9.182350221289718e-09,7.712412642443179e-06,2.872567333703639e+00,1.486492817778866e-03,1.978778317532173e-03,2.279721169466118e+00,5.000000000000000e-01,3.363734642340227e-07,4.043595680514045e-09,9.999999959564043e-01,9.999999762097677e-01,9.999999494140790e-01,9.999999119477091e-01,9.999998489766208e-01,9.999998183729712e-01,9.999997014576015e-01,9.999995128110728e-01,9.999986366946091e-01,9.999985524007750e-01,7.546745966012207e-03,5.975619387837627e-02,2.791621720044919e-02,1.367529367024970e-02,6.525177005336646e-01,2.670031493370331e-02,1.077817786788120e-01,1.309091165988834e-02,2.688447010135121e-18,9.101484347884395e-02,false
6,3.162000000000000e+07,0,3,CONTINUE,1.188379363109431e-02,4.109393199654766e-03,1.000000000000000e-09,1.188379363109431e-03,2.391717538301663e-14,6.907979314389621e-02,2.472681541036179e+01,6.786797837540464e-01,2.539391048330053e+01,2.875324089558059e-04,2.732969286448302e+00,5.658474555511230e-01,7.590693164563043e-01,2.973935211803242e-04,5.895913882099535e+02,REACHED_FORCE,REACHED_FORCE,REACHED_FORCE,1,0,0,1,0,0,1,0,0,5.180881390236761e-08,NaN,2.099933911194453e-07,NaN,5.622331769484042e-08,NaN,1.327602458648632e-08,6.961945387270262e-09,7.458455177140172e-10,solution good enough for the tolerances given,solution good enough for the tolerances given,solution good enough for the tolerances given,1.327602458648632e-08,6.961945387270262e-09,7.458455177140172e-10,5.180881390236761e-08,1.399486048265455e-09,2.099933911194453e-07,9.566391781427632e-10,5.622331769484042e-08,1.040168608341104e-10,5.180881390236761e-08,2.099933911194453e-07,5.622331769484042e-08,4.337441098860946e-06,2.872567333700099e+00,1.486492817778866e-03,1.978778317532173e-03,2.279721169466118e+00,5.000000000000000e-01,1.753905482954202e-08,1.278998240650253e-09,9.999999987210018e-01,9.999999924759300e-01,9.999999840007957e-01,9.999999721518089e-01,9.999999522380051e-01,9.999999425593790e-01,9.999999055842956e-01,9.999998459237539e-01,9.999995428274938e-01,9.999995421882792e-01,7.547662436027119e-03,5.975874268879396e-02,2.791494025670149e-02,1.367342835009040e-02,6.525177547880253e-01,2.669979952530360e-02,1.077817624338516e-01,1.309091277430862e-02,6.637927858206941e-14,9.101499674683167e-02,false
6,1.000000000000000e+08,0,3,CONTINUE,1.188379363109431e-02,4.109674077250662e-03,1.000000000000000e-09,1.188379363109431e-03,2.391717538301663e-14,6.907979116778168e-02,2.472683383039834e+01,6.786793673120649e-01,2.539393962575962e+01,2.875324806852548e-04,2.733001285958611e+00,5.658469269979446e-01,7.590700718544549e-01,2.973935211803242e-04,5.895913882099535e+02,REACHED_FORCE,REACHED_FORCE,REACHED_FORCE,1,0,0,1,0,0,1,0,0,1.136131884207577e-07,NaN,4.678977476860403e-07,NaN,1.276137278492197e-07,NaN,4.197879084687213e-09,2.201365265475629e-09,2.358356117134421e-10,solution good enough for the tolerances given,solution good enough for the tolerances given,solution good enough for the tolerances given,4.197879084687213e-09,2.201365265475629e-09,2.358356117134421e-10,1.136131884207577e-07,4.425175233202153e-10,4.678977476860403e-07,3.024877915130936e-10,1.276137278492197e-07,3.289000893144479e-11,1.136131884207577e-07,4.678977476860403e-07,1.276137278492197e-07,2.439061101151720e-06,2.872567333698980e+00,1.486492817778866e-03,1.978778317532173e-03,2.279721169466118e+00,5.000000000000000e-01,7.299002518712733e-09,4.044189427787614e-10,9.999999995955811e-01,9.999999976208889e-01,9.999999949410561e-01,9.999999911944077e-01,9.999999848976552e-01,9.999999818372741e-01,9.999999701457531e-01,9.999999512810837e-01,9.999998556007460e-01,9.999998552398844e-01,7.547672753269144e-03,5.975870087719006e-02,2.791479588579604e-02,1.367345828739287e-02,6.525176505597150e-01,2.670003399150777e-02,1.077817655959675e-01,1.309091154155285e-02,1.190047279915754e-14,9.101501050759722e-02,false
6,3.162000000000000e+08,0,3,CONTINUE,1.188379363109431e-02,4.109607683721490e-03,1.000000000000000e-09,1.188379363109431e-03,2.391717538301663e-14,6.907978843734799e-02,2.472662655801991e+01,6.786797591032196e-01,2.539394667616537e+01,2.875313706074428e-04,2.733007041483791e+00,5.658492509002278e-01,7.590704512520680e-01,2.973935211803242e-04,5.895913882099535e+02,REACHED_FORCE,REACHED_FORCE,REACHED_FORCE,1,0,0,1,0,0,1,0,0,2.656341871767162e-07,NaN,1.091631449379069e-06,NaN,3.044693924134816e-07,NaN,1.327602410435317e-09,6.961939508286746e-10,7.458505061988752e-11,solution good enough for the tolerances given,solution good enough for the tolerances given,solution good enough for the tolerances given,1.327602410435317e-09,6.961939508286746e-10,7.458505061988752e-11,2.656341871767162e-07,1.399485540079885e-10,1.091631449379069e-06,9.566554057712412e-11,3.044693924134816e-07,1.040153779392595e-11,2.656341871767162e-07,1.091631449379069e-06,3.044693924134816e-07,1.371554553390008e-06,2.872567333698626e+00,1.486492817778866e-03,1.978778317532173e-03,2.279721169466118e+00,5.000000000000000e-01,4.731661925273551e-10,1.279008010612870e-10,9.999999998720992e-01,9.999999992475930e-01,9.999999984000776e-01,9.999999972151790e-01,9.999999952237990e-01,9.999999942559370e-01,9.999999905584298e-01,9.999999845923734e-01,9.999999542193129e-01,9.999999542188059e-01,7.547698275800114e-03,5.975883604322011e-02,2.791485601393184e-02,1.367338207522317e-02,6.525180507725646e-01,2.669967023033399e-02,1.077815583948542e-01,1.309092411446231e-02,1.304809545108961e-07,9.101489359865481e-02,false
6,1.000000000000000e+09,0,3,CONTINUE,1.188379363109431e-02,4.106915614731401e-03,1.000000000000000e-09,1.188379363109431e-03,2.391717538301663e-14,6.907977818106673e-02,2.472698317816301e+01,6.786808998557231e-01,2.539364344664672e+01,2.875378113423959e-04,2.732727176985410e+00,5.658487224488210e-01,7.590596512086261e-01,2.973935211803242e-04,5.895913882099535e+02,REACHED_FORCE,REACHED_FORCE,REACHED_FORCE,1,0,0,1,0,0,1,0,0,1.843420767047451e-06,NaN,7.918081218756687e-06,NaN,2.099620694290942e-06,NaN,4.197877480237841e-10,2.201399663839860e-10,2.358328876509192e-11,solution good enough for the tolerances given,solution good enough for the tolerances given,solution good enough for the tolerances given,4.197877480237841e-10,2.201399663839860e-10,2.358328876509192e-11,1.843420767047451e-06,4.425186929713522e-11,7.918081218756687e-06,3.024969237035892e-11,2.099620694290942e-06,3.288861158821991e-12,1.843420767047451e-06,7.918081218756687e-06,2.099620694290942e-06,7.714139882054797e-07,2.872567333698514e+00,1.486492817778866e-03,1.978778317532173e-03,2.279721169466118e+00,5.000000000000000e-01,1.447723487056578e-10,4.044165002881073e-11,9.999999999595583e-01,9.999999997620885e-01,9.999999994941053e-01,9.999999991194395e-01,9.999999984897661e-01,9.999999981837275e-01,9.999999970145741e-01,9.999999951281076e-01,9.999999855240438e-01,9.999999855239838e-01,7.547637462294850e-03,5.975899032096179e-02,2.791506789078056e-02,1.367330582295874e-02,6.525174039596402e-01,2.669994958468850e-02,1.077817235366395e-01,1.309093146693217e-02,2.473470194110065e-06,9.101251648490973e-02,false
6,3.162000000000000e+09,0,3,CONTINUE,1.188379363109431e-02,4.099861284375493e-03,1.000000000000000e-09,1.188379363109431e-03,2.391717538301663e-14,6.907974387470506e-02,2.472722755526179e+01,6.787006002056922e-01,2.539298651794192e+01,2.875245941243513e-04,2.731927756175617e+00,5.658603918616976e-01,7.590388270163706e-01,2.973935211803242e-04,5.895913882099535e+02,REACHED_FORCE,REACHED_FORCE,REACHED_FORCE,1,0,0,1,0,0,1,0,0,5.335778147451816e-06,NaN,2.213195851606349e-05,NaN,5.956596809788287e-06,NaN,1.327600277160402e-10,6.962170319215671e-11,7.458408821371355e-12,solution good enough for the tolerances given,solution good enough for the tolerances given,solution good enough for the tolerances given,1.327600277160402e-10,6.962170319215671e-11,7.458408821371355e-12,5.335778147451816e-06,1.399474841670819e-11,2.213195851606349e-05,9.568874957474988e-12,5.956596809788287e-06,1.040136669067393e-12,5.335778147451816e-06,2.213195851606349e-05,5.956596809788287e-06,4.318766816314887e-07,2.872567333698478e+00,1.486492817778866e-03,1.978778317532173e-03,2.279721169466118e+00,5.000000000000000e-01,4.501159128877237e-11,1.278976924368180e-11,9.999999999872102e-01,9.999999999247597e-01,9.999999998400080e-01,9.999999997215183e-01,9.999999995223803e-01,9.999999994255944e-01,9.999999990558417e-01,9.999999984592385e-01,9.999999954218806e-01,9.999999954218775e-01,7.547644634811960e-03,5.975883136264461e-02,2.791600730288083e-02,1.367381081537302e-02,6.525189024726414e-01,2.669854622910975e-02,1.077807110888758e-01,1.309085505590490e-02,1.660681747016434e-03,8.935400929074101e-02,false
6,1.000000000000000e+10,0,3,CONTINUE,1.188379363109431e-02,4.072376424563542e-03,1.000000000000000e-09,1.188379363109431e-03,2.391717538301663e-14,6.907961060501666e-02,2.471517740836502e+01,6.787659048744425e-01,2.538863311294868e+01,2.875491569951327e-04,2.727226644204706e+00,5.658557318436483e-01,7.589018999041525e-01,2.973935211803242e-04,5.895913882099535e+02,REACHED_FORCE,REACHED_FORCE,REACHED_FORCE,1,0,0,1,0,0,1,0,0,2.116951704031057e-05,NaN,8.671641054287956e-05,NaN,2.305295695355890e-05,NaN,4.197862774814931e-11,2.201586780205348e-11,2.358330849763165e-12,solution good enough for the tolerances given,solution good enough for the tolerances given,solution good enough for the tolerances given,4.197862774814931e-11,2.201586780205348e-11,2.358330849763165e-12,2.116951704031057e-05,4.424945981579321e-12,8.671641054287956e-05,3.026950648340866e-12,2.305295695355890e-05,3.287748987683821e-13,2.116951704031057e-05,8.671641054287956e-05,2.305295695355890e-05,2.493441183966623e-07,2.872567333698467e+00,1.486492817778866e-03,1.978778317532173e-03,2.279721169466118e+00,5.000000000000000e-01,1.450882252436849e-11,4.046096790943920e-12,9.999999999959539e-01,9.999999999762059e-01,9.999999999494005e-01,9.999999999119347e-01,9.999999998489755e-01,9.999999998183726e-01,9.999999997014557e-01,9.999999995128093e-01,9.999999985523969e-01,9.999999985523949e-01,7.549713712781969e-03,5.976598282319145e-02,2.791452557128416e-02,1.366838180967715e-02,6.525194474677319e-01,2.669803878427347e-02,1.077760616363046e-01,1.309130861794772e-02,1.552441792459422e-05,9.100101515888311e-02,false
6,3.162000000000000e+10,0,3,CONTINUE,1.188379363109431e-02,4.036866257479693e-03,1.000000000000000e-09,1.188379363109431e-03,2.391717538301663e-14,6.907901041791771e-02,2.471864469280585e+01,6.788568348223398e-01,2.538413799516395e+01,2.874622294144426e-04,2.724644385764944e+00,5.659292662082661e-01,7.587540029993656e-01,2.973935211803242e-04,5.895913882099535e+02,REACHED_FORCE,REACHED_FORCE,REACHED_FORCE,1,0,0,1,0,0,1,0,0,4.488436194943147e-05,NaN,1.761065345077448e-04,NaN,4.777262528664542e-05,NaN,1.327574963947118e-11,6.960714912257902e-12,7.462257314008438e-13,solution good enough for the tolerances given,solution good enough for the tolerances given,solution good enough for the tolerances given,1.327574963947118e-11,6.960714912257902e-12,7.462257314008438e-13,4.488436194943147e-05,1.399298213209613e-12,1.761065345077448e-04,9.580801834420262e-13,4.777262528664542e-05,1.039167083972577e-13,4.488436194943147e-05,1.761065345077448e-04,4.777262528664542e-05,1.332800374925011e-07,2.872567333698464e+00,1.486492817778866e-03,1.978778317532173e-03,2.279721169466118e+00,5.000000000000000e-01,4.537478616465250e-12,1.279421013578030e-12,9.999999999987206e-01,9.999999999924756e-01,9.999999999839992e-01,9.999999999721514e-01,9.999999999522362e-01,9.999999999425599e-01,9.999999999055837e-01,9.999999998459206e-01,9.999999995421833e-01,9.999999995421829e-01,7.545785763903886e-03,5.974790746520224e-02,2.789388929457261e-02,1.361172816016922e-02,6.526732433789197e-01,2.672413505772350e-02,1.077006474517978e-01,1.309133508955261e-02,9.098608305712137e-02,2.524528103746133e-05,false
6,1.000000000000000e+11,0,3,CONTINUE,1.188379363109431e-02,3.872530009049361e-03,1.000000000000000e-09,1.188379363109431e-03,2.391717538301663e-14,6.907785181174514e-02,-9.999999999995941e-01,6.797919719566191e-01,2.535515231256882e+01,2.872052564660330e-04,2.689703288176360e+00,5.655021866963238e-01,7.578282130062487e-01,2.973935211803242e-04,5.895913882099535e+02,REACHED_FORCE,REACHED_FORCE,REACHED_FORCE,1,0,0,1,0,0,1,0,0,1.322349645334181e-04,NaN,5.318421267675550e-04,NaN,1.419062301564529e-04,NaN,4.197705618535911e-12,2.200027330635757e-12,2.357030523910967e-13,solution good enough for the tolerances given,solution good enough for the tolerances given,solution good enough for the tolerances given,4.197705618535911e-12,2.200027330635757e-12,2.357030523910967e-13,1.322349645334181e-04,4.422967823018461e-13,5.318421267675550e-04,3.029690528280213e-13,1.419062301564529e-04,3.285182438903427e-14,1.322349645334181e-04,5.318421267675550e-04,1.419062301564529e-04,8.429369702178807e-08,2.872567333698463e+00,1.486492817778866e-03,1.978778317532173e-03,2.279721169466118e+00,5.000000000000000e-01,1.610116562966484e-12,4.058975378029572e-13,9.999999999995941e-01,9.999999999976190e-01,9.999999999949341e-01,9.999999999911888e-01,9.999999999848974e-01,9.999999999818361e-01,9.999999999701457e-01,9.999999999512819e-01,9.999999998552369e-01,9.999999998552358e-01,7.561461184046977e-03,5.999608096221352e-02,2.766587461176342e-02,1.355732158565875e-02,6.526815827145073e-01,2.672711020831877e-02,1.077467192707751e-01,1.306118653178415e-02,9.100062115556190e-02,2.041775369867551e-06,false
6,3.162000000000000e+11,1,4,CONTINUE,1.188379363109431e-02,5.003146408211161e-03,1.000000000000000e-09,1.188379363109431e-03,2.391717538301663e-14,6.907314777575575e-02,-9.999999999998708e-01,6.566355526341003e-01,2.607639980094682e+01,2.764851726789210e-04,3.896612803267336e+00,5.891103599238479e-01,7.829278881446226e-01,2.973935211803242e-04,5.895913882099535e+02,REACHED_FORCE,REFINE_STALLED,REACHED_FORCE,1,0,0,1,1,1,1,0,0,6.598012420340293e-04,NaN,2.916987688448551e-03,2.327060167284267e-03,7.886802600734819e-04,NaN,1.327471206899608e-12,6.813467300859838e-13,7.463812940292160e-14,solution good enough for the tolerances given,solution good enough for the tolerances given,solution good enough for the tolerances given,1.327471206899608e-12,6.813467300859838e-13,7.463812940292160e-14,6.598012420340293e-04,1.392628973822367e-13,2.916987688448551e-03,9.237080353657174e-14,7.886802600734819e-04,1.020916070423114e-14,6.598012420340293e-04,2.327060167284267e-03,7.886802600734819e-04,4.214684851089403e-08,2.872567333698462e+00,1.486492817778866e-03,1.978778317532173e-03,2.279721169466118e+00,5.000000000000000e-01,6.938737197301973e-13,1.292299600663682e-13,9.999999999998708e-01,9.999999999992457e-01,9.999999999983940e-01,9.999999999972089e-01,9.999999999952247e-01,9.999999999942559e-01,9.999999999905580e-01,9.999999999845914e-01,9.999999999542146e-01,9.999999999542144e-01,7.580306285975625e-03,5.994606891646088e-02,2.741498532197420e-02,1.309842344443968e-02,6.537098961053388e-01,2.652581738805713e-02,1.076032298737760e-01,1.314284863672419e-02,9.063512602904085e-02,3.432979982137688e-04,false
6,1.000000000000000e+12,1,9,CONTINUE,1.188379363109431e-02,5.727198344430690e-02,1.000000000000000e-09,1.188379363109431e-03,2.391717538301663e-14,1.215028307405726e-03,2.354220161725465e-02,3.744386298710761e-02,2.282967330501411e+01,1.026148355550277e-03,1.179974623189573e-01,7.350018884068344e+00,9.666220753255237e-01,2.973935211803242e-04,5.895913882099535e+02,REFINE_STALLED,REFINE_STALLED,REFINE_STALLED,1,3,3,1,1,1,1,2,2,1.514186161218796e+01,4.150856461602443e+00,1.612733644469260e+01,8.141161779596114e+00,3.047796307730201e+02,6.830469587578070e+00,1.207015639672913e-11,1.329397621216510e-11,2.086940310523157e-10,solution good enough for the tolerances given,solution good enough for the tolerances given,solution good enough for the tolerances given,1.207015639672913e-11,1.329397621216510e-11,2.086940310523157e-10,1.514186161218796e+01,1.691401986743277e-12,1.612733644469260e+01,1.896554785922715e-12,3.047796307730201e+02,2.453318351644084e-11,9.435366189425196e-01,8.141161779596114e+00,6.023457925966910e+00,4.361311763550929e-05,2.872567333872522e+00,1.486492817778866e-03,1.978778317532173e-03,2.279721169466118e+00,5.000000000000000e-01,8.268077996398694e-11,4.247691087755356e-11,9.999999999575231e-01,9.999999999284928e-01,9.999999998943967e-01,9.999999998065798e-01,9.999999997490805e-01,9.999999996629045e-01,9.999999995365145e-01,9.999999994341300e-01,9.999999992681714e-01,9.999999991769739e-01,8.588558920614751e-02,1.484242946484570e-01,2.504906215824481e-01,9.737015201656081e-02,8.843715185850926e-02,1.101948334735743e-01,2.069773531863209e-02,1.319170294972650e-01,5.161189818742451e-03,6.142140257966384e-02,false
6,3.162000000000000e+12,1,10,CONTINUE,1.188379363109431e-02,1.055456962422628e-02,1.000000000000000e-09,1.188379363109431e-03,2.391717538301663e-14,4.021782994976039e-04,7.540425265590320e-03,8.936659296723718e-03,2.283953251673553e+01,1.040590097421602e-03,2.434722838298141e-01,4.555309423780490e+00,8.771085469825516e-01,2.973935211803242e-04,5.895913882099535e+02,REFINE_STALLED,REFINE_STALLED,REFINE_STALLED,1,3,3,1,2,2,1,2,2,4.369299275591593e+01,6.285159342933511e+00,4.467400212161820e+01,1.318363283546759e+01,9.536450515439981e+02,9.672442045287077e+00,1.194990330699069e-11,1.227105007986126e-11,2.041909920263109e-10,solution good enough for the tolerances given,solution good enough for the tolerances given,solution good enough for the tolerances given,1.194990330699069e-11,1.227105007986126e-11,2.041909920263109e-10,4.369299275591593e+01,1.569612117811447e-12,4.467400212161820e+01,1.633736626159357e-12,9.536450515439981e+02,2.399032993217899e-11,1.855607551689979e+00,7.697242673304141e+00,8.675779582334068e+00,4.311991532491636e-05,2.872567333872522e+00,1.486492817778866e-03,1.978778317532173e-03,2.279721169466118e+00,5.000000000000000e-01,8.841114142680220e-11,4.194133929047439e-11,9.999999999580587e-01,9.999999999287381e-01,9.999999998964857e-01,9.999999998209144e-01,9.999999997682658e-01,9.999999996766651e-01,9.999999995581832e-01,9.999999994597419e-01,9.999999992879438e-01,9.999999992136435e-01,9.904092006477483e-02,1.697400756316749e-01,2.163782177955591e-01,9.511398977652281e-02,1.014411656271853e-01,1.117184114209585e-01,1.642644803924628e-02,1.402963866410561e-01,2.247269944497080e-03,4.759711505852517e-02,false
6,1.000000000000000e+13,1,10,CONTINUE,1.188379363109431e-02,1.078831261445170e-02,1.000000000000000e-09,1.188379363109431e-03,2.391717538301663e-14,1.290727409583386e-04,2.395378820065998e-03,1.909221174559528e-02,2.284340269362617e+01,1.033305372447508e-03,2.341530367977676e-01,5.725926003293734e+00,8.782915058542194e-01,2.973935211803242e-04,5.895913882099535e+02,REFINE_STALLED,REFINE_STALLED,REFINE_STALLED,1,3,3,1,2,2,1,2,2,1.323701263105144e+02,7.246438328319258e+00,1.333855323738524e+02,1.634479867877689e+01,3.004732272315336e+03,1.120129175614204e+01,1.191743228236592e-11,1.198805275383208e-11,2.027283046174557e-10,solution good enough for the tolerances given,solution good enough for the tolerances given,solution good enough for the tolerances given,1.191743228236592e-11,1.198805275383208e-11,2.027283046174557e-10,1.323701263105144e+02,1.524280449977750e-12,1.333855323738524e+02,1.542816635613924e-12,3.004732272315336e+03,2.380120380427267e-11,2.542945013709808e+00,1.122620732846723e+01,1.080530704156262e+01,4.272493470497459e-05,2.872567333872522e+00,1.486492817778866e-03,1.978778317532173e-03,2.279721169466118e+00,5.000000000000000e-01,8.994490475859969e-11,4.174705026116499e-11,9.999999999582529e-01,9.999999999290512e-01,9.999999998963742e-01,9.999999998265185e-01,9.999999997745903e-01,9.999999996811313e-01,9.999999995658984e-01,9.999999994686986e-01,9.999999992947017e-01,9.999999992252431e-01,1.043036975863738e-01,1.776486570598975e-01,2.024036510897553e-01,9.119384744254948e-02,1.097382924193300e-01,1.116497158506959e-01,1.440475728588191e-02,1.436916517151857e-01,1.548939790854109e-03,4.341678975947654e-02,false
6,3.162000000000000e+13,1,10,CONTINUE,1.188379363109431e-02,1.137975874043851e-02,1.000000000000000e-09,1.188379363109431e-03,2.391717538301663e-14,4.101365893342387e-05,7.587099785014923e-04,2.091301374578949e-02,2.284434445348147e+01,1.031977668575573e-03,2.405717150325832e-01,6.576674520479526e+00,8.777530866909516e-01,2.973935211803242e-04,5.895913882099535e+02,REFINE_STALLED,REFINE_STALLED,REFINE_STALLED,1,3,3,1,2,2,1,2,2,4.233157927778457e+02,7.582157547567997e+00,4.131235862942470e+02,1.819468539444319e+01,9.489405107543864e+03,1.176388091416054e+01,1.190778009664549e-11,1.192750923985234e-11,2.022648713329341e-10,solution good enough for the tolerances given,solution good enough for the tolerances given,solution good enough for the tolerances given,1.190778009664549e-11,1.192750923985234e-11,2.022648713329341e-10,4.233157927778457e+02,1.510410392610375e-12,4.131235862942470e+02,1.515832226908956e-12,9.489405107543864e+03,2.373974921958659e-11,2.837542086138450e+00,1.330122644454952e+01,1.162873729362612e+01,4.254872091393980e-05,2.872567333872522e+00,1.486492817778866e-03,1.978778317532173e-03,2.279721169466118e+00,5.000000000000000e-01,9.029877808986546e-11,4.168332345955150e-11,9.999999999583167e-01,9.999999999292197e-01,9.999999998962557e-01,9.999999998283768e-01,9.999999997765505e-01,9.999999996825562e-01,9.999999995684556e-01,9.999999994716324e-01,9.999999992969029e-01,9.999999992289019e-01,1.061222206881300e-01,1.795987600880439e-01,1.983558467498368e-01,8.965515409122235e-02,1.127000123986787e-01,1.115421172261348e-01,1.368530693284764e-02,1.448717262534512e-01,1.353544301088805e-03,4.211531127056596e-02,false
6,1.000000000000000e+14,1,10,CONTINUE,1.188379363109431e-02,1.162439724963380e-02,1.000000000000000e-09,1.188379363109431e-03,2.391717538301663e-14,1.298798569090167e-05,2.400230039216586e-04,1.988476061344643e-02,2.284403679860936e+01,1.032633571490028e-03,2.438750873073833e-01,6.920618247235270e+00,8.765459831356134e-01,2.973935211803242e-04,5.895913882099535e+02,REFINE_STALLED,REFINE_STALLED,REFINE_STALLED,1,3,3,1,2,2,1,2,2,1.345748601984089e+03,7.695665656532497e+00,1.334522266008953e+03,1.891032524698452e+01,2.999869709828738e+04,1.195091186065896e+01,1.190478378136116e-11,1.191071083152614e-11,2.021160406060982e-10,solution good enough for the tolerances given,solution good enough for the tolerances given,solution good enough for the tolerances given,1.190478378136116e-11,1.191071083152614e-11,2.021160406060982e-10,1.345748601984089e+03,1.506104294101048e-12,1.334522266008953e+03,1.507879490340820e-12,2.999869709828738e+04,2.371992975956022e-11,2.940484098509950e+00,1.410560925119774e+01,1.190712799974943e+01,4.249275190019744e-05,2.872567333872522e+00,1.486492817778866e-03,1.978778317532173e-03,2.279721169466118e+00,5.000000000000000e-01,9.039355138700515e-11,4.166267331129347e-11,9.999999999583373e-01,9.999999999292826e-01,9.999999998962141e-01,9.999999998289737e-01,9.999999997771649e-01,9.999999996830080e-01,9.999999995692765e-01,9.999999994725715e-01,9.999999992976081e-01,9.999999992300577e-01,1.067105453672721e-01,1.801238848937937e-01,1.971549170314413e-01,8.913835197351232e-02,1.136629191421353e-01,1.115012235196613e-01,1.345036927093291e-02,1.452583215280001e-01,1.294322507273665e-03,4.170514476597766e-02,false
6,3.162000000000000e+14,1,10,CONTINUE,1.188379363109431e-02,1.169819189297159e-02,1.000000000000000e-09,1.188379363109431e-03,2.391717538301663e-14,4.109473090146001e-06,7.591952811182881e-05,1.955994441753039e-02,2.284394132482513e+01,1.032844147112703e-03,2.450452924173382e-01,7.037670901096805e+00,8.761680029116121e-01,2.973935211803242e-04,5.895913882099535e+02,REFINE_STALLED,REFINE_STALLED,REFINE_STALLED,1,3,3,1,2,2,1,2,2,4.262226237539015e+03,7.738161418505751e+00,4.250825569078844e+03,1.915552082747945e+01,9.484372853095489e+04,1.201107797729192e+01,1.190386381583559e-11,1.190569238131568e-11,2.020692963153579e-10,solution good enough for the tolerances given,solution good enough for the tolerances given,solution good enough for the tolerances given,1.190386381583559e-11,1.190569238131568e-11,2.020692963153579e-10,4.262226237539015e+03,1.491371591171374e-12,4.250825569078844e+03,1.496422701757231e-12,9.484372853095489e+04,2.371357042202658e-11,2.974089072893748e+00,1.437636068513746e+01,1.199711706803547e+01,4.247503206776893e-05,2.872567333872522e+00,1.486492817778866e-03,1.978778317532173e-03,2.279721169466118e+00,5.000000000000000e-01,9.042051314162741e-11,4.165667810696050e-11,9.999999999583433e-01,9.999999999293030e-01,9.999999998961988e-01,9.999999998291622e-01,9.999999997773585e-01,9.999999996831517e-01,9.999999995695370e-01,9.999999994728692e-01,9.999999992978299e-01,9.999999992304232e-01,1.069045592093824e-01,1.802830742123882e-01,1.967736144024350e-01,8.897463937889219e-02,1.139731330231195e-01,1.114855879827983e-01,1.337513090760032e-02,1.453797257010153e-01,1.275765331774599e-03,4.157476985059407e-02,false
6,1.000000000000000e+15,1,10,CONTINUE,1.188379363109431e-02,1.172125887979593e-02,1.000000000000000e-09,1.188379363109431e-03,2.391717538301663e-14,1.299610752725963e-06,2.400690647552666e-05,1.945711121903049e-02,2.284391125277178e+01,1.032911137832337e-03,2.454288465926360e-01,7.075587762941423e+00,8.760491496235102e-01,2.973935211803242e-04,5.895913882099535e+02,REFINE_STALLED,REFINE_STALLED,REFINE_STALLED,1,3,3,1,2,2,1,2,2,1.348649887082381e+04,7.725444969191279e+00,1.347499014700076e+04,1.922168246199071e+01,2.999382635237012e+05,1.203019402290716e+01,1.190356190616661e-11,1.190412784237058e-11,2.020547562102486e-10,solution good enough for the tolerances given,solution good enough for the tolerances given,solution good enough for the tolerances given,1.190356190616661e-11,1.190412784237058e-11,2.020547562102486e-10,1.348649887082381e+04,1.505697923877486e-12,1.347499014700076e+04,1.480641991408896e-12,2.999382635237012e+05,2.371180235508897e-11,2.984839213481504e+00,1.446381239973692e+01,1.202576375953006e+01,4.246942706163592e-05,2.872567333872522e+00,1.486492817778866e-03,1.978778317532173e-03,2.279721169466118e+00,5.000000000000000e-01,9.042886115869326e-11,4.165467970551617e-11,9.999999999583453e-01,9.999999999293119e-01,9.999999998961953e-01,9.999999998292228e-01,9.999999997774192e-01,9.999999996831956e-01,9.999999995696203e-01,9.999999994729636e-01,9.999999992979016e-01,9.999999992305388e-01,1.069580805237063e-01,1.803244982347610e-01,1.966709184397044e-01,8.891964105439093e-02,1.140699554816888e-01,1.114827214637794e-01,1.335061543795233e-02,1.454187457346848e-01,1.270266568636103e-03,4.153455706069539e-02,false
6,3.162000000000000e+15,1,10,CONTINUE,1.188379363109431e-02,1.172885118205071e-02,1.000000000000000e-09,1.188379363109431e-03,2.391717538301663e-14,4.110290199044418e-07,7.592640825329817e-06,1.942477913983469e-02,2.284390184302053e+01,1.032932234762444e-03,2.455517109554616e-01,7.087620071146821e+00,8.760120135391058e-01,2.973935211803242e-04,5.895913882099535e+02,REFINE_STALLED,REFINE_STALLED,REFINE_STALLED,1,3,3,1,2,2,1,2,2,4.265121419221836e+04,7.657961257966986e+00,4.263967511937478e+04,1.929368432542021e+01,9.483954872975198e+05,1.203623453081702e+01,1.190346194019699e-11,1.190364699874379e-11,2.020503127688338e-10,solution good enough for the tolerances given,solution good enough for the tolerances given,solution good enough for the tolerances given,1.190346194019699e-11,1.190364699874379e-11,2.020503127688338e-10,4.265121419221836e+04,1.581849564982405e-12,4.263967511937478e+04,1.550993945200344e-12,9.483954872975198e+05,2.371111794208087e-11,2.988241862771173e+00,1.449157543237846e+01,1.203482902227436e+01,4.246765185789401e-05,2.872567333872522e+00,1.486492817778866e-03,1.978778317532173e-03,2.279721169466118e+00,5.000000000000000e-01,9.043199547630290e-11,4.165290334867677e-11,9.999999999583471e-01,9.999999999293137e-01,9.999999998961948e-01,9.999999998292428e-01,9.999999997774387e-01,9.999999996832110e-01,9.999999995696456e-01,9.999999994729938e-01,9.999999992979238e-01,9.999999992305761e-01,1.069818307192310e-01,1.803369924378265e-01,1.966264183054782e-01,8.890544897400644e-02,1.141024503280638e-01,1.114813960971494e-01,1.334395083896901e-02,1.454306924983806e-01,1.268203117847864e-03,4.152261668304672e-02,false
6,1.000000000000000e+16,1,10,CONTINUE,1.188379363109431e-02,1.173196781797128e-02,1.000000000000000e-09,1.188379363109431e-03,2.391717538301663e-14,1.299692514561622e-07,2.400818625687903e-06,1.941495633421053e-02,2.284389902201823e+01,1.032938649122782e-03,2.455902996983072e-01,7.091365962133005e+00,8.760022016113306e-01,2.973935211803242e-04,5.895913882099535e+02,REFINE_STALLED,REFINE_STALLED,REFINE_STALLED,1,3,3,1,2,2,1,2,2,1.348942307039494e+05,8.125557630389679e+00,1.348822405092013e+05,1.932906038363797e+01,2.999332557192357e+06,1.203816876267990e+01,1.190344676151650e-11,1.190347463798598e-11,2.020486505575716e-10,solution good enough for the tolerances given,solution good enough for the tolerances given,solution good enough for the tolerances given,1.190344676151650e-11,1.190347463798598e-11,2.020486505575716e-10,1.348942307039494e+05,2.900380136724168e-12,1.348822405092013e+05,1.948867822904190e-12,2.999332557192357e+06,2.371088980441150e-11,2.989313631485795e+00,1.450038224005740e+01,1.203771131512536e+01,4.246708867434842e-05,2.872567333872522e+00,1.486492817778866e-03,1.978778317532173e-03,2.279721169466118e+00,5.000000000000000e-01,9.043304562183168e-11,4.165245925946692e-11,9.999999999583475e-01,9.999999999293145e-01,9.999999998961937e-01,9.999999998292479e-01,9.999999997774456e-01,9.999999996832154e-01,9.999999995696545e-01,9.999999994730022e-01,9.999999992979305e-01,9.999999992305872e-01,1.069837936358989e-01,1.803372584501313e-01,1.966246291184293e-01,8.889885952095564e-02,1.141127942611828e-01,1.114817495874308e-01,1.334096316123501e-02,1.454346634755025e-01,1.267634993613652e-03,4.151765379561947e-02,false
6,3.162000000000000e+16,1,11,CONTINUE,1.188379363109431e-02,1.173172534549250e-02,1.000000000000000e-09,1.188379363109431e-03,2.391717538301663e-14,4.110372046428093e-08,7.592559876016679e-07,1.941135138761349e-02,2.284389774874264e+01,1.032941008111655e-03,2.455970517766665e-01,7.092639233438279e+00,8.759961765017070e-01,2.973935211803242e-04,5.895913882099535e+02,REFINE_STALLED,REFINE_STALLED,REFINE_STALLED,1,3,3,1,3,3,1,2,2,4.265406990613995e+05,2.830474232624879e+01,4.265261593519920e+05,3.084974458709046e+01,9.483863372792758e+06,1.203880703797259e+01,1.190342254391939e-11,1.190343687841425e-11,2.020480549330712e-10,solution good enough for the tolerances given,solution good enough for the tolerances given,solution good enough for the tolerances given,1.190342254391939e-11,1.190343687841425e-11,2.020480549330712e-10,4.265406990613995e+05,3.888546866476909e-12,4.265261593519920e+05,5.279552141730569e-12,9.483863372792758e+06,2.371091832162017e-11,2.989655196615311e+00,1.450306706194667e+01,1.203859025594216e+01,4.246691610773242e-05,2.872567333872522e+00,1.486492817778866e-03,1.978778317532173e-03,2.279721169466118e+00,5.000000000000000e-01,9.043312047798901e-11,4.165334743788662e-11,9.999999999583467e-01,9.999999999293132e-01,9.999999998961924e-01,9.999999998292479e-01,9.999999997774467e-01,9.999999996832172e-01,9.999999995696571e-01,9.999999994730056e-01,9.999999992979336e-01,9.999999992305915e-01,1.069877693568260e-01,1.803418496320943e-01,1.966159716051712e-01,8.889745557735682e-02,1.141135362451856e-01,1.114817081795021e-01,1.334057664063641e-02,1.454370892441172e-01,1.267578134289426e-03,4.151646538482022e-02,false
6,1.000000000000000e+17,1,11,CONTINUE,1.188379363109431e-02,1.173173864518959e-02,1.000000000000000e-09,1.188379363109431e-03,2.391717538301663e-14,1.299699641080563e-08,2.400780230814657e-07,1.941011851293697e-02,2.284389751503096e+01,1.032941796113365e-03,2.456056688018339e-01,7.093088249498863e+00,8.759946154984538e-01,2.973935211803242e-04,5.895913882099535e+02,REFINE_STALLED,REFINE_STALLED,REFINE_STALLED,1,3,3,1,3,3,1,2,2,1.348962754295526e+06,2.965760112728585e+02,1.348952146739996e+06,2.965693802591134e+02,2.999329120603048e+07,1.203906052069567e+01,1.190341354853211e-11,1.190341091901749e-11,2.020480700353127e-10,solution good enough for the tolerances given,solution good enough for the tolerances given,solution good enough for the tolerances given,1.190341354853211e-11,1.190341091901749e-11,2.020480700353127e-10,1.348962754295526e+06,1.389019675483662e-11,1.348952146739996e+06,1.746595618265635e-11,2.999329120603048e+07,2.371086128720283e-11,2.989768982167851e+00,1.450405811846594e+01,1.203883067234242e+01,4.246685753782524e-05,2.872567333872522e+00,1.486492817778866e-03,1.978778317532173e-03,2.279721169466118e+00,5.000000000000000e-01,9.043269181404054e-11,4.165312539328170e-11,9.999999999583469e-01,9.999999999293150e-01,9.999999998961933e-01,9.999999998292490e-01,9.999999997774474e-01,9.999999996832176e-01,9.999999995696580e-01,9.999999994730071e-01,9.999999992979336e-01,9.999999992305915e-01,1.069964377639802e-01,1.803412266285194e-01,1.966081575385324e-01,8.889938533925661e-02,1.141135511621304e-01,1.114804780452453e-01,1.334055296712939e-02,1.454364329971270e-01,1.267369434538545e-03,4.151640812354129e-02,false
6,3.162000000000000e+17,1,11,CONTINUE,1.188379363109431e-02,1.173175288313854e-02,1.000000000000000e-09,1.188379363109431e-03,2.391717538301663e-14,4.110375605083935e-09,7.592559876016681e-08,1.940963546328993e-02,2.284389744266067e+01,1.032942273606658e-03,2.456096239356622e-01,7.093266278525402e+00,8.759942124998085e-01,2.973935211803242e-04,5.895913882099535e+02,REFINE_STALLED,REFINE_STALLED,REFINE_STALLED,1,3,3,1,3,3,1,2,2,4.265389976323536e+06,2.995930739814700e+03,4.265369878139644e+06,2.995899340747509e+03,9.483865986867635e+07,1.203941583450044e+01,1.190342998700719e-11,1.190342423791749e-11,2.020479141390415e-10,solution good enough for the tolerances given,solution good enough for the tolerances given,solution good enough for the tolerances given,1.190342998700719e-11,1.190342423791749e-11,2.020479141390415e-10,4.265389976323536e+06,3.567116931266860e-11,4.265369878139644e+06,6.196886491842032e-11,9.483865986867635e+07,2.371077573557682e-11,2.989808174156626e+00,1.450444978331940e+01,1.203879671628442e+01,4.246683466722854e-05,2.872567333872522e+00,1.486492817778866e-03,1.978778317532173e-03,2.279721169466118e+00,5.000000000000000e-01,9.043288286394690e-11,4.165334743788662e-11,9.999999999583467e-01,9.999999999293134e-01,9.999999998961924e-01,9.999999998292493e-01,9.999999997774460e-01,9.999999996832167e-01,9.999999995696573e-01,9.999999994730069e-01,9.999999992979340e-01,9.999999992305921e-01,1.069817640596862e-01,1.803465746808357e-01,1.966158953378487e-01,8.889813649777853e-02,1.141159534044372e-01,1.114804081057697e-01,1.334017843617051e-02,1.454370367983126e-01,1.267338286823399e-03,4.151671439233664e-02,false
6,1.000000000000000e+18,1,11,CONTINUE,1.188379363109431e-02,1.172968910076857e-02,1.000000000000000e-09,1.188379363109431e-03,2.391717538301663e-14,1.299700391244998e-09,2.400805827260369e-08,1.940854484391704e-02,2.284389725803854e+01,1.032943868121479e-03,2.456178404185922e-01,7.093601996644803e+00,8.759904476235467e-01,2.973935211803242e-04,5.895913882099535e+02,REFINE_STALLED,REFINE_STALLED,REFINE_STALLED,1,3,3,1,3,3,1,2,2,1.348916049965675e+07,2.997245447083646e+04,1.348912185896695e+07,2.997277420342741e+04,2.999318189296431e+08,1.204029064182711e+01,1.190341681410150e-11,1.190341972148099e-11,2.020477679159802e-10,solution good enough for the tolerances given,solution good enough for the tolerances given,solution good enough for the tolerances given,1.190341681410150e-11,1.190341972148099e-11,2.020477679159802e-10,1.348916049965675e+07,1.432363141352070e-10,1.348912185896695e+07,2.174991366382187e-10,2.999318189296431e+08,2.371069018395080e-11,2.989811702210852e+00,1.450479196111093e+01,1.203838618875344e+01,4.246682732153617e-05,2.872567333872522e+00,1.486492817778866e-03,1.978778317532173e-03,2.279721169466118e+00,5.000000000000000e-01,9.043278449644335e-11,4.165268130407185e-11,9.999999999583473e-01,9.999999999293150e-01,9.999999998961930e-01,9.999999998292497e-01,9.999999997774482e-01,9.999999996832176e-01,9.999999995696578e-01,9.999999994730069e-01,9.999999992979347e-01,9.999999992305919e-01,1.069938151920186e-01,1.803371017044543e-01,1.966171114157791e-01,8.889503796248201e-02,1.141160916065046e-01,1.114799109491916e-01,1.334086416509681e-02,1.454371619885331e-01,1.267337062163980e-03,4.151556795377577e-02,false
7,1.000000000000000e+00,0,20,CONTINUE,4.103120902694406e-03,1.235558818205210e-03,1.000000000000000e-09,4.103120902694407e-04,2.275425509888673e-14,6.234950927799638e-02,9.654211052287062e+01,7.299666121174510e-01,2.865216650985682e+01,6.289001735383450e-05,3.159542992217278e+00,5.504988355330818e-01,7.098640660984439e-01,6.916348854242857e-05,1.521087705629471e+03,REACHED_FORCE,REACHED_FORCE,REACHED_FORCE,8,0,0,7,0,0,5,0,0,1.941819152098213e-04,NaN,3.357997828289807e-04,NaN,4.436623928145646e-05,NaN,8.336545793297868e-02,2.001098854983812e-02,1.260715262476887e-02,solution good enough for the tolerances given,solution good enough for the tolerances given,solution good enough for the tolerances given,1.315582948393892e-03,1.545198210673041e-03,3.505083818460107e-04,7.242565572130390e-16,1.941819152098213e-04,4.164475203974974e-15,3.357997828289807e-04,9.619032400485675e-16,4.436623928145646e-05,1.941819152098213e-04,3.357997828289807e-04,4.436623928145646e-05,1.176122431625584e-02,3.903705496297873e+01,4.289191096731424e-04,5.708256201141787e-04,4.818136427458329e-01,4.000000000000000e-01,6.435057934713621e-02,1.025198239652125e-02,9.897480176034787e-01,9.610124033668682e-01,9.268882246640362e-01,8.895904772602979e-01,8.221189384749334e-01,6.768876306624314e-01,5.548680780152178e-01,4.383512026697908e-01,1.045191929496108e-01,5.869020386743617e-02,2.211511997891689e-02,5.428916441044580e-02,5.876476953206942e-02,4.543583824940305e-02,3.813765530851549e-01,3.970055830762129e-02,1.197157349678063e-01,3.439392400629623e-02,2.340011153731734e-01,1.020722208911274e-02,false
7,3.162000000000000e+00,0,15,CONTINUE,4.103120902694406e-03,1.231646973909704e-03,1.000000000000000e-09,4.103120902694407e-04,2.275425509888673e-14,6.234950909771643e-02,8.463201593719357e+01,7.306286524789466e-01,2.866849274046788e+01,6.264902869862596e-05,3.173359705124484e+00,5.500703275313513e-01,7.103346838110483e-01,6.916348854242857e-05,1.521087705629471e+03,REACHED_FORCE,REACHED_FORCE,REACHED_FORCE,6,0,0,5,0,0,4,0,0,2.472202096333466e-05,NaN,6.262513577701718e-05,NaN,7.602518710820118e-06,NaN,4.358357846432198e-02,1.204569584196052e-02,5.524319111590659e-03,solution good enough for the tolerances given,solution good enough for the tolerances given,solution good enough for the tolerances given,2.075318597532140e-04,4.296939089439878e-04,6.716402870254826e-05,9.576595492836474e-16,2.472202096333466e-05,1.142401553916505e-14,6.262513577701718e-05,2.574505730718225e-15,7.602518710820118e-06,2.472202096333466e-05,6.262513577701718e-05,7.602518710820118e-06,6.614122322601760e-03,2.198921443131174e+01,4.289191096731424e-04,5.708256201141787e-04,4.818136427458329e-01,4.000000000000000e-01,2.659505911777962e-02,3.722919006978742e-03,9.962770809930213e-01,9.848300739095631e-01,9.681477090031746e-01,9.439166922121898e-01,9.357548297191058e-01,8.688235808924631e-01,7.976323598733719e-01,7.116370539477660e-01,2.695739329384548e-01,1.646821936387108e-01,9.910777774083120e-03,2.840936814991620e-02,3.095511010323776e-02,1.062971045625702e-02,1.734454065921142e-01,2.392518302834214e-02,9.052625308331277e-02,3.317081104527021e-02,5.696189124807861e-01,2.940846728668016e-02,false
7,1.000000000000000e+01,0,10,CONTINUE,4.103120902694406e-03,1.275425643650315e-03,1.000000000000000e-09,4.103120902694407e-04,2.275425509888673e-14,6.234950909771576e-02,8.167660578622227e+01,7.207876542677621e-01,2.858917118176880e+01,6.598359570866627e-05,3.138499599775047e+00,5.526555390875155e-01,7.080510523866127e-01,6.916348854242857e-05,1.521087705629471e+03,REACHED_FORCE,REACHED_FORCE,REACHED_FORCE,4,0,0,3,0,0,3,0,0,4.075708441673318e-05,NaN,7.151759877823855e-05,NaN,4.708782744646690e-06,NaN,2.350232622845397e-02,7.439842829637928e-03,2.437574296823455e-03,solution good enough for the tolerances given,solution good enough for the tolerances given,solution good enough for the tolerances given,3.035455300116805e-04,5.595965644412147e-04,3.675188875644686e-05,4.492653956462133e-15,4.075708441673318e-05,5.053970470347092e-14,7.151759877823855e-05,1.154566800775942e-14,4.708782744646690e-06,4.075708441673318e-05,7.151759877823855e-05,4.708782744646690e-06,3.719232705084826e-03,1.242174649422784e+01,4.289191096731424e-04,5.708256201141787e-04,4.818136427458329e-01,4.000000000000000e-01,7.364253164725933e-03,1.222843612040059e-03,9.987771563879599e-01,9.949984913533635e-01,9.894257801049449e-01,9.794246336612288e-01,9.784907321021649e-01,9.544346919241629e-01,9.257345772104484e-01,8.864245324494305e-01,5.385719651190901e-01,3.840449499615580e-01,3.586672501464112e-03,1.030289935640644e-02,1.100979303889278e-02,2.836434337629119e-02,4.045317273345403e-02,9.926965624767728e-03,4.192660949620400e-02,1.769580480500347e-02,7.817428143550839e-01,5.499092471243196e-02,false
7,3.162000000000000e+01,0,7,CONTINUE,4.103120902694406e-03,1.243641059144289e-03,1.000000000000000e-09,4.103120902694407e-04,2.275425509888673e-14,6.234950909771449e-02,8.077378420547444e+01,7.278730531369869e-01,2.865908824532871e+01,6.341369317873236e-05,3.176653741704175e+00,5.496690074566791e-01,7.095190861962297e-01,6.916348854242857e-05,1.521087705629471e+03,REACHED_FORCE,REACHED_FORCE,REACHED_FORCE,3,0,0,2,0,0,2,0,0,1.682888722866402e-05,NaN,8.319187633857890e-05,NaN,1.128949275315169e-05,NaN,1.052848968552937e-02,3.786441707481440e-03,9.930995421006863e-04,solution good enough for the tolerances given,solution good enough for the tolerances given,solution good enough for the tolerances given,1.349319230929662e-04,4.014252501666332e-04,1.068973763512852e-04,2.172133118024379e-14,1.682888722866402e-05,2.235540930870228e-13,8.319187633857890e-05,4.948143431896895e-14,1.128949275315169e-05,1.682888722866402e-05,8.319187633857890e-05,1.128949275315169e-05,2.091570373893243e-03,7.065156755367640e+00,4.289191096731424e-04,5.708256201141787e-04,4.818136427458329e-01,4.000000000000000e-01,2.246702423051493e-03,3.913791606470207e-04,9.996086208393530e-01,9.983985893969106e-01,9.966100472437380e-01,9.933055378225745e-01,9.929974336148519e-01,9.851263206770160e-01,9.752567206229378e-01,9.610569446366420e-01,7.868094553114088e-01,6.634686629543329e-01,1.815973437214217e-03,5.211274889334895e-03,5.536782735130817e-03,2.539334284092000e-02,9.881007393977079e-03,5.270736669026680e-03,2.319105420434287e-02,1.036694620916856e-02,8.315366016478167e-01,8.179627997306868e-02,false
7,1.000000000000000e+02,0,5,CONTINUE,4.103120902694406e-03,1.163424059999748e-03,1.000000000000000e-09,4.103120902694407e-04,2.275425509888673e-14,6.234950909771052e-02,6.955342164961382e+01,7.453665767617891e-01,2.880128762914958e+01,5.732117507498437e-05,3.238663172393245e+00,5.412694754761020e-01,7.130972904779529e-01,6.916348854242857e-05,1.521087705629471e+03,REACHED_FORCE,REACHED_FORCE,REACHED_FORCE,2,0,0,2,0,0,1,0,0,2.399674050712138e-05,NaN,2.280898177263230e-04,NaN,5.114072533133727e-05,NaN,3.891068323848463e-03,1.521701348515684e-03,3.541995264360329e-04,solution good enough for the tolerances given,solution good enough for the tolerances given,solution good enough for the tolerances given,1.126388537021094e-04,5.088900602066789e-05,3.541995264360329e-04,6.339349038951698e-14,2.399674050712138e-05,6.055283451965884e-13,2.280898177263230e-04,1.321287265293772e-13,5.114072533133727e-05,2.399674050712138e-05,2.280898177263230e-04,5.114072533133727e-05,1.176124873232651e-03,4.153161279832025e+00,4.289191096731424e-04,5.708256201141787e-04,4.818136427458329e-01,4.000000000000000e-01,1.890000477361728e-02,1.437537108276432e-04,9.998562462891724e-01,9.994272004569966e-01,9.988342689961387e-01,9.978411262753621e-01,9.953067249086215e-01,9.952449860499426e-01,9.920415218186857e-01,9.873493278398553e-01,9.210849358260592e-01,8.617820614857987e-01,1.610380069672500e-03,4.240455471856878e-03,3.620006061167300e-03,2.581478407057854e-02,2.560947450540181e-04,3.683550289320379e-03,1.756549333955818e-02,8.009629765624223e-03,8.341799718917229e-01,1.010196342954448e-01,false
7,3.162000000000000e+02,0,5,CONTINUE,4.103120902694406e-03,1.212386680562819e-03,1.000000000000000e-09,4.103120902694407e-04,2.275425509888673e-14,6.234950909767114e-02,6.481374484914143e+01,7.348874376515248e-01,2.869825754579768e+01,6.114468780518296e-05,3.184438039779002e+00,5.465023296246145e-01,7.107547073089499e-01,6.916348854242857e-05,1.521087705629471e+03,REACHED_FORCE,REACHED_FORCE,REACHED_FORCE,2,0,0,2,0,0,1,0,0,7.307591435042821e-06,NaN,7.576733432705394e-05,NaN,1.701586584124154e-05,NaN,1.302605904296767e-03,5.304868395207663e-04,1.170949352814844e-04,solution good enough for the tolerances given,solution good enough for the tolerances given,solution good enough for the tolerances given,1.253857738636424e-05,5.546480989573700e-06,1.170949352814844e-04,1.067376637601687e-13,7.307591435042821e-06,1.284935456560569e-12,7.576733432705394e-05,2.860473905730310e-13,1.701586584124154e-05,7.307591435042821e-06,7.576733432705394e-05,1.701586584124154e-05,6.614126664173576e-04,2.872567371771261e+00,4.289191096731424e-04,5.708256201141787e-04,4.818136427458329e-01,4.000000000000000e-01,2.411410983638778e-02,4.879213574604524e-05,9.999512078642540e-01,9.998080766642449e-01,9.996175790451821e-01,9.993159228880791e-01,9.984924771222247e-01,9.974693164451287e-01,9.959642463436054e-01,9.745057837010482e-01,9.736192273743003e-01,9.517256039534575e-01,1.573226734762674e-03,3.956959929093733e-03,2.990101189591639e-03,2.304827157880827e-02,3.537874477078481e-03,1.584848860451099e-02,7.273545611215394e-03,4.864243012996251e-22,8.318146802453963e-01,1.099568516295431e-01,false
7,1.000000000000000e+03,0,4,CONTINUE,4.103120902694406e-03,1.233890615513099e-03,1.000000000000000e-09,4.103120902694407e-04,2.275425509888673e-14,6.234950909755882e-02,6.466089801058186e+01,7.303062090478869e-01,2.865857632717474e+01,6.275539564718855e-05,3.165712821189867e+00,5.478750938316734e-01,7.095780291021736e-01,6.916348854242857e-05,1.521087705629471e+03,REACHED_FORCE,REACHED_FORCE,REACHED_FORCE,2,0,0,1,0,0,1,0,0,2.311842284883718e-06,NaN,3.602237290144647e-05,NaN,5.471047125349163e-06,NaN,4.197590377175663e-04,1.730819457140152e-04,3.757597718573602e-05,solution good enough for the tolerances given,solution good enough for the tolerances given,solution good enough for the tolerances given,1.303498416648960e-06,1.730819457140152e-04,3.757597718573602e-05,1.098512950384803e-12,2.311842284883718e-06,1.189078739695969e-11,3.602237290144647e-05,2.673796778108650e-12,5.471047125349163e-06,2.311842284883718e-06,3.602237290144647e-05,5.471047125349163e-06,3.719233476669828e-04,2.872567345737081e+00,4.289191096731424e-04,5.708256201141787e-04,4.818136427458329e-01,4.000000000000000e-01,6.639173082315570e-03,1.546505795169129e-05,9.999845349420483e-01,9.999391923233510e-01,9.998789096160885e-01,9.997835912532953e-01,9.995228291838688e-01,9.991984107237198e-01,9.987203633466620e-01,9.915051598097213e-01,9.878609004859877e-01,9.842145580250671e-01,1.519393747325511e-03,3.815917112903779e-03,2.872461808329979e-03,2.221078196763838e-02,3.413397467747525e-03,1.531235293993945e-02,7.042002661901839e-03,8.305924113621613e-01,6.195219059556929e-26,1.132212809320520e-01,false
7,3.162000000000000e+03,0,3,CONTINUE,4.103120902694406e-03,1.244222736561683e-03,1.000000000000000e-09,4.103120902694407e-04,2.275425509888673e-14,6.234950909756156e-02,6.459155571425154e+01,7.279370596270921e-01,2.863343060013938e+01,6.365703390454216e-05,3.151297739789335e+00,5.493436032475227e-01,7.091198941329619e-01,6.916348854242857e-05,1.521087705629471e+03,REACHED_FORCE,REACHED_FORCE,REACHED_FORCE,1,0,0,1,0,0,1,0,0,1.768822270983406e-05,NaN,1.150402651247993e-05,NaN,1.739529837866501e-06,NaN,1.335621621930829e-04,5.512969527331249e-05,1.194013429270109e-05,solution good enough for the tolerances given,solution good enough for the tolerances given,solution good enough for the tolerances given,1.335621621930829e-04,5.512969527331249e-05,1.194013429270109e-05,1.840459332551412e-12,1.768822270983406e-05,1.727690871434991e-11,1.150402651247993e-05,3.889996114427116e-12,1.739529837866501e-06,1.768822270983406e-05,1.150402651247993e-05,1.739529837866501e-06,2.091570596832739e-04,2.872567337505742e+00,4.289191096731424e-04,5.708256201141787e-04,4.818136427458329e-01,4.000000000000000e-01,1.359531727298059e-04,4.896212554728052e-06,9.999951037874453e-01,9.999807520734808e-01,9.999616815081742e-01,9.999315490722216e-01,9.998490428094550e-01,9.997463539359784e-01,9.995949534330077e-01,9.972977643803109e-01,9.949570914497997e-01,9.949532964876616e-01,1.503073067606706e-03,3.772296366917105e-03,2.834547694279621e-03,2.194764561590432e-02,3.374265871724074e-03,1.514354718367369e-02,6.968928077881414e-03,8.301511816937577e-01,9.294458905059433e-21,1.143045144282550e-01,true
7,1.000000000000000e+04,0,3,CONTINUE,4.103120902694406e-03,1.239878130147234e-03,1.000000000000000e-09,4.103120902694407e-04,2.275425509888673e-14,6.234950909649516e-02,6.440506391952846e+01,7.289871019300234e-01,2.864000439065336e+01,6.330202743011186e-05,3.153086398325999e+00,5.491919105568489e-01,7.093544357540916e-01,6.916348854242857e-05,1.521087705629471e+03,REACHED_FORCE,REACHED_FORCE,REACHED_FORCE,1,0,0,1,0,0,1,0,0,5.601117949842788e-06,NaN,3.626794297088931e-06,NaN,5.509745923517123e-07,NaN,4.231423992365801e-05,1.751986322894810e-05,3.781171132898443e-06,solution good enough for the tolerances given,solution good enough for the tolerances given,solution good enough for the tolerances given,4.231423992365801e-05,1.751986322894810e-05,3.781171132898443e-06,5.527694024076025e-12,5.601117949842788e-06,5.318501729870407e-11,3.626794297088931e-06,1.196593484984535e-11,5.509745923517123e-07,5.601117949842788e-06,3.626794297088931e-06,5.509745923517123e-07,1.176124931381015e-04,2.872567334902324e+00,4.289191096731424e-04,5.708256201141787e-04,4.818136427458329e-01,4.000000000000000e-01,2.145123420532039e-05,1.552670530036160e-06,9.999984473294700e-01,9.999938996737182e-01,9.999878662060369e-01,9.999783545116249e-01,9.999522623846662e-01,9.999197832013906e-01,9.998718887924465e-01,9.991439713369513e-01,9.983990891576373e-01,9.983987063878199e-01,1.502781435149858e-03,3.764008795786401e-03,2.813967961962119e-03,2.186290008778017e-02,3.361902537469308e-03,1.509022786549939e-02,6.945829437793666e-03,8.300058798130869e-01,7.210454964584108e-19,1.146525020654716e-01,false
7,3.162000000000000e+04,0,3,CONTINUE,4.103120902694406e-03,1.238478439060370e-03,1.000000000000000e-09,4.103120902694407e-04,2.275425509888673e-14,6.234950909680841e-02,6.362671758181105e+01,7.293250308686837e-01,2.864211500773290e+01,6.318788521353976e-05,3.153656422447851e+00,5.491428377142370e-01,7.094297933883238e-01,6.916348854242857e-05,1.521087705629471e+03,REACHED_FORCE,REACHED_FORCE,REACHED_FORCE,1,0,0,1,0,0,1,0,0,1.772196189986780e-06,NaN,1.145908129856221e-06,NaN,1.743425082134891e-07,NaN,1.339032505705765e-05,5.549719366456667e-06,1.196387843815285e-06,solution good enough for the tolerances given,solution good enough for the tolerances given,solution good enough for the tolerances given,1.339032505705765e-05,5.549719366456667e-06,1.196387843815285e-06,1.126428867702780e-11,1.772196189986780e-06,1.278018452798287e-10,1.145908129856221e-06,2.902969093399350e-11,1.743425082134891e-07,1.772196189986780e-06,1.145908129856221e-06,1.743425082134891e-07,6.614124421612634e-05,2.872567334079190e+00,4.289191096731424e-04,5.708256201141787e-04,4.818136427458329e-01,4.000000000000000e-01,1.029479206125661e-05,4.970480786958831e-07,9.999995029519213e-01,9.999980516162419e-01,9.999961386456343e-01,9.999931539855096e-01,9.999849021889651e-01,9.999746296018192e-01,9.999594805722674e-01,9.997291176488968e-01,9.994933592712514e-01,9.994930269604024e-01,1.524398904878824e-03,3.786711309478016e-03,2.768419726560110e-03,2.182818460352743e-02,3.357952855386449e-03,1.507337590912243e-02,6.938527584631043e-03,8.299593551945168e-01,1.325651001906330e-19,1.147630739118981e-01,false
7,1.000000000000000e+05,0,3,CONTINUE,4.103120902694406e-03,1.238033027368009e-03,1.000000000000000e-09,4.103120902694407e-04,2.275425509888673e-14,6.234950909597591e-02,5.599301092081125e+01,7.294325084108180e-01,2.864278581580541e+01,6.315159302781151e-05,3.153837183875719e+00,5.491272061083440e-01,7.094537495079835e-01,6.916348854242857e-05,1.521087705629471e+03,REACHED_FORCE,REACHED_FORCE,REACHED_FORCE,1,0,0,1,0,0,1,0,0,5.604496549458255e-07,NaN,3.622273310804090e-07,NaN,5.513648343542213e-08,NaN,4.234842884269881e-06,1.755723675439263e-06,3.783550437677956e-07,solution good enough for the tolerances given,solution good enough for the tolerances given,solution good enough for the tolerances given,4.234842884269881e-06,1.755723675439263e-06,3.783550437677956e-07,2.901322081649395e-11,5.604496549458255e-07,3.689004501539669e-10,3.622273310804090e-07,8.414771415027083e-11,5.513648343542213e-08,5.604496549458255e-07,3.622273310804090e-07,5.513648343542213e-08,3.719231924424999e-05,2.872567333818848e+00,4.289191096731424e-04,5.708256201141787e-04,4.818136427458329e-01,4.000000000000000e-01,1.368335021838707e-05,1.785936860621007e-07,9.999998214063139e-01,9.999993059879887e-01,9.999986428863931e-01,9.999978328090366e-01,9.999952258519815e-01,9.999919777401703e-01,9.999871874019457e-01,9.999143311321959e-01,9.998418919542565e-01,9.998396395330084e-01,1.802204994375516e-03,4.216835765028014e-03,2.233364356580158e-03,2.164470822939139e-02,3.355953829139972e-03,1.506803219992701e-02,6.936218236969457e-03,8.299445816062690e-01,2.153338873137284e-22,1.147981007823187e-01,false
7,3.162000000000000e+05,0,3,CONTINUE,4.103120902694406e-03,1.237891987423580e-03,1.000000000000000e-09,4.103120902694407e-04,2.275425509888673e-14,6.234950910073065e-02,6.458803371752533e+01,7.294665535113516e-01,2.864299827070505e+01,6.314009829076089e-05,3.153894402690926e+00,5.491222519623735e-01,7.094613370254901e-01,6.916348854242857e-05,1.521087705629471e+03,REACHED_FORCE,REACHED_FORCE,REACHED_FORCE,1,0,0,1,0,0,1,0,0,1.772534284268348e-07,NaN,1.145455089363262e-07,NaN,1.743815635288664e-08,NaN,1.339374728015488e-06,5.553477491753821e-07,1.196625976466945e-07,solution good enough for the tolerances given,solution good enough for the tolerances given,solution good enough for the tolerances given,1.339374728015488e-06,5.553477491753821e-07,1.196625976466945e-07,7.690658860387332e-11,1.772534284268348e-07,7.879115296818545e-10,1.145455089363262e-07,1.773920793426287e-10,1.743815635288664e-08,1.772534284268348e-07,1.145455089363262e-07,1.743815635288664e-08,2.091575310405097e-05,2.872567333736535e+00,4.289191096731424e-04,5.708256201141787e-04,4.818136427458329e-01,4.000000000000000e-01,1.890600344097844e-07,4.896503280615860e-08,9.999999510349672e-01,9.999998075088706e-01,9.999996167908173e-01,9.999993154441723e-01,9.999984902024456e-01,9.999974629022698e-01,9.999959479094572e-01,9.999729051593272e-01,9.999492795853200e-01,9.999492795535344e-01,1.494778663726239e-03,3.751437619880335e-03,2.818719520092093e-03,2.182774218816659e-02,3.356385086096530e-03,1.506636327218982e-02,6.935488148013939e-03,8.299399045772475e-01,1.342628280441612e-11,1.148091809111606e-01,false
7,1.000000000000000e+06,0,3,CONTINUE,4.103120902694406e-03,1.237846194037954e-03,1.000000000000000e-09,4.103120902694407e-04,2.275425509888673e-14,6.234950900186302e-02,4.985537458741151e+01,7.294773263014747e-01,2.864306542246351e+01,6.313646163950761e-05,3.153912434294612e+00,5.491206777194746e-01,7.094637360937146e-01,6.916348854242857e-05,1.521087705629471e+03,REACHED_FORCE,REACHED_FORCE,REACHED_FORCE,1,0,0,1,0,0,1,0,0,5.604834697114680e-08,NaN,3.621819952352498e-08,NaN,5.514038590135993e-09,NaN,4.235185133769445e-07,1.756100082802062e-07,3.783788430357619e-08,solution good enough for the tolerances given,solution good enough for the tolerances given,solution good enough for the tolerances given,4.235185133769445e-07,1.756100082802062e-07,3.783788430357619e-08,2.766347345126978e-10,5.604834697114680e-08,2.766313024985198e-09,3.621819952352498e-08,6.259149762195942e-10,5.514038590135993e-09,5.604834697114680e-08,3.621819952352498e-08,5.514038590135993e-09,1.176123647585308e-05,2.872567333710501e+00,4.289191096731424e-04,5.708256201141787e-04,4.818136427458329e-01,4.000000000000000e-01,1.104716836628087e-06,2.005801758020453e-08,9.999999799419824e-01,9.999999215369781e-01,9.999998257512701e-01,9.999997819237768e-01,9.999995225375861e-01,9.999991977680450e-01,9.999987187254183e-01,9.999914324526425e-01,9.999840377619877e-01,9.999839616385494e-01,2.105507807318554e-03,4.770040140034850e-03,2.682892349598193e-03,2.033610661102099e-02,3.353306563350055e-03,1.506577857539396e-02,6.935256996546832e-03,8.299384246106541e-01,1.294942195815080e-20,1.148126863460821e-01,false
7,3.162000000000000e+06,0,3,CONTINUE,4.103120902694406e-03,1.237832688775763e-03,1.000000000000000e-09,4.103120902694407e-04,2.275425509888673e-14,6.234950915687355e-02,4.250809479812048e+01,7.294806971500060e-01,2.864308768125618e+01,6.313531872585381e-05,3.153919290357021e+00,5.491202057459896e-01,7.094645210159435e-01,6.916348854242857e-05,1.521087705629471e+03,REACHED_FORCE,REACHED_FORCE,REACHED_FORCE,1,0,0,1,0,0,1,0,0,1.772568238590304e-08,NaN,1.333366276396088e-08,NaN,3.008813796919637e-09,NaN,1.339408962292687e-07,5.553854960352884e-08,1.196649744322785e-08,solution good enough for the tolerances given,solution good enough for the tolerances given,solution good enough for the tolerances given,1.339408962292687e-07,5.553854960352884e-08,1.196649744322785e-08,1.320846611761251e-09,1.772568238590304e-08,1.333366276396088e-08,1.145409977707921e-08,3.008813796919637e-09,1.743854629719801e-09,1.772568238590304e-08,1.333366276396088e-08,3.008813796919637e-09,6.614370158797342e-06,2.872567333702269e+00,4.289191096731424e-04,5.708256201141787e-04,4.818136427458329e-01,4.000000000000000e-01,1.210967452748953e-06,7.439889593285898e-09,9.999999925601104e-01,9.999999716647729e-01,9.999999318627772e-01,9.999998491074212e-01,9.999997462904270e-01,9.999995947894784e-01,9.999980504475338e-01,9.999972904498562e-01,9.999949289168636e-01,9.999949277238167e-01,2.579118875904927e-03,5.000557859394367e-03,2.230145340426933e-02,3.365850279486910e-03,1.506608102404016e-02,6.935186715508498e-03,1.081139526404022e-17,8.299379550801775e-01,1.312123932227820e-14,1.148137967612052e-01,false
7,1.000000000000000e+07,0,3,CONTINUE,4.103120902694406e-03,1.237802364075661e-03,1.000000000000000e-09,4.103120902694407e-04,2.275425509888673e-14,6.234950856033106e-02,4.248466460422230e+01,7.294818195549140e-01,2.864309047242067e+01,6.313494841018576e-05,3.153917068557327e+00,5.491198764185339e-01,7.094646514196055e-01,6.916348854242857e-05,1.521087705629471e+03,REACHED_FORCE,REACHED_FORCE,REACHED_FORCE,1,0,0,1,0,0,1,0,0,5.604868532470861e-09,NaN,5.519848194185403e-08,NaN,1.263464939103953e-08,NaN,4.235219360494897e-08,1.756137392221945e-08,3.783809452715332e-09,solution good enough for the tolerances given,solution good enough for the tolerances given,solution good enough for the tolerances given,4.235219360494897e-08,1.756137392221945e-08,3.783809452715332e-09,5.111890541572391e-09,5.604868532470861e-09,5.519848194185403e-08,3.621771169144415e-09,1.263464939103953e-08,5.514074350715666e-10,5.604868532470861e-09,5.519848194185403e-08,1.263464939103953e-08,3.719205655568101e-06,2.872567333699666e+00,4.289191096731424e-04,5.708256201141787e-04,4.818136427458329e-01,4.000000000000000e-01,2.834663070413796e-07,2.353790495845942e-09,9.999999976462095e-01,9.999999910373905e-01,9.999999784546462e-01,9.999999522874311e-01,9.999999197770113e-01,9.999998718723958e-01,9.999992518325009e-01,9.999991432386527e-01,9.999983961509400e-01,9.999983961406926e-01,2.580787410184399e-03,4.999961687452802e-03,2.230036115464836e-02,3.365752908624644e-03,1.506602089163288e-02,6.935161941662721e-03,1.526524105668926e-17,8.299378064304582e-01,9.145040614708146e-10,1.148141466608323e-01,false
7,3.162000000000000e+07,0,3,CONTINUE,4.103120902694406e-03,1.237799306263769e-03,1.000000000000000e-09,4.103120902694407e-04,2.275425509888673e-14,6.234950699018174e-02,4.251383527736404e+01,7.294820036492249e-01,2.864309795750934e+01,6.313486256061707e-05,3.153923856405473e+00,5.491198571247574e-01,7.094648454865121e-01,6.916348854242857e-05,1.521087705629471e+03,REACHED_FORCE,REACHED_FORCE,REACHED_FORCE,1,0,0,1,0,0,1,0,0,1.339121193820471e-08,NaN,1.415261737027645e-07,NaN,3.166312536238922e-08,NaN,1.339412389487193e-08,5.553895383736833e-09,1.196650547597684e-09,solution good enough for the tolerances given,solution good enough for the tolerances given,solution good enough for the tolerances given,1.339412389487193e-08,5.553895383736833e-09,1.196650547597684e-09,1.339121193820471e-08,1.772572176460356e-09,1.415261737027645e-07,1.145404908907754e-09,3.166312536238922e-08,1.743855827442565e-10,1.339121193820471e-08,1.415261737027645e-07,3.166312536238922e-08,2.090840544318006e-06,2.872567333698842e+00,4.289191096731424e-04,5.708256201141787e-04,4.818136427458329e-01,4.000000000000000e-01,1.244868432162887e-07,7.438885063493217e-10,9.999999992561115e-01,9.999999971667137e-01,9.999999931863053e-01,9.999999849107658e-01,9.999999746290377e-01,9.999999594789326e-01,9.999998132189897e-01,9.999997290443318e-01,9.999994927702839e-01,9.999994927700485e-01,2.578692168751396e-03,5.000676454740656e-03,2.230159093370540e-02,3.365858797694415e-03,1.506601410378772e-02,6.935152721093937e-03,1.153997044860186e-17,8.299377538580126e-01,1.617363018190373e-06,1.148126435991960e-01,false
7,1.000000000000000e+08,0,3,CONTINUE,4.103120902694406e-03,1.237733634572215e-03,1.000000000000000e-09,4.103120902694407e-04,2.275425509888673e-14,6.234950541336116e-02,4.247096248388667e+01,7.294820533308730e-01,2.864309876808072e+01,6.313489326371274e-05,3.153927052254581e+00,5.491200580745537e-01,7.094648295023008e-01,6.916348854242857e-05,1.521087705629471e+03,REACHED_FORCE,REACHED_FORCE,REACHED_FORCE,1,0,0,1,0,0,1,0,0,3.040331375187777e-08,NaN,3.423765502596734e-07,NaN,7.740697567973083e-08,NaN,4.235222871884329e-09,1.756145515635372e-09,3.783814284780490e-10,solution good enough for the tolerances given,solution good enough for the tolerances given,solution good enough for the tolerances given,4.235222871884329e-09,1.756145515635372e-09,3.783814284780490e-10,3.040331375187777e-08,5.604880430607807e-10,3.423765502596734e-07,3.621773365415064e-10,7.740697567973083e-08,5.514078913469054e-11,3.040331375187777e-08,3.423765502596734e-07,7.740697567973083e-08,1.176342627763185e-06,2.872567333698582e+00,4.289191096731424e-04,5.708256201141787e-04,4.818136427458329e-01,4.000000000000000e-01,3.583867780070485e-09,2.354549888394786e-10,9.999999997645450e-01,9.999999991035629e-01,9.999999978454428e-01,9.999999952287237e-01,9.999999919776994e-01,9.999999871872385e-01,9.999999144734544e-01,9.999999143238095e-01,9.999998396138503e-01,9.999998396138297e-01,2.581760672309650e-03,4.999606366885042e-03,2.229975186712072e-02,3.365695993033629e-03,1.506599853214101e-02,6.935139223909927e-03,1.922894405382291e-12,8.299376796944162e-01,1.659092017603839e-04,1.146484584465003e-01,false
7,3.162000000000000e+08,0,3,CONTINUE,4.103120902694406e-03,1.238103174839256e-03,1.000000000000000e-09,4.103120902694407e-04,2.275425509888673e-14,6.234949861983054e-02,4.247080893183195e+01,7.294806626549413e-01,2.864309671094484e+01,6.313528731541682e-05,3.153934597801306e+00,5.491227086203305e-01,7.094652182745483e-01,6.916348854242857e-05,1.521087705629471e+03,REACHED_FORCE,REACHED_FORCE,REACHED_FORCE,1,0,0,1,0,0,1,0,0,1.075395256919109e-07,NaN,9.986196329889005e-07,NaN,2.241517261459852e-07,NaN,1.339412712632321e-09,5.553892810330866e-10,1.196673448246867e-10,solution good enough for the tolerances given,solution good enough for the tolerances given,solution good enough for the tolerances given,1.339412712632321e-09,5.553892810330866e-10,1.196673448246867e-10,1.075395256919109e-07,1.772569481806927e-10,9.986196329889005e-07,1.145423484527343e-10,2.241517261459852e-07,1.743904306697306e-11,1.075395256919109e-07,9.986196329889005e-07,2.241517261459852e-07,6.623897186187765e-07,2.872567333698500e+00,4.289191096731424e-04,5.708256201141787e-04,4.818136427458329e-01,4.000000000000000e-01,1.608912289788663e-09,7.446421257384372e-11,9.999999999255358e-01,9.999999997164968e-01,9.999999993186097e-01,9.999999984910573e-01,9.999999974629026e-01,9.999999959478927e-01,9.999999730006033e-01,9.999999729044271e-01,9.999999492769918e-01,9.999999492769749e-01,2.581757670705817e-03,4.999625552994141e-03,2.229972836787233e-02,3.365714097782714e-03,1.506596889822169e-02,6.935103762749961e-03,2.324209200910209e-13,8.299376973811058e-01,9.810813739365830e-06,1.148045934545959e-01,false
7,1.000000000000000e+09,0,3,CONTINUE,4.103120902694406e-03,1.237317405115606e-03,1.000000000000000e-09,4.103120902694407e-04,2.275425509888673e-14,6.234950509091076e-02,4.246795880377991e+01,7.294709000127394e-01,2.864308416138111e+01,6.313813757329202e-05,3.154308850687502e+00,5.491234060964059e-01,7.094663068111025e-01,6.916348854242857e-05,1.521087705629471e+03,REACHED_FORCE,REACHED_FORCE,REACHED_FORCE,1,0,0,1,0,0,1,0,0,2.371311594596409e-07,NaN,2.814876475780977e-06,NaN,6.354850084782907e-07,NaN,4.235223509439048e-10,1.756164183445110e-10,3.783796508780957e-11,solution good enough for the tolerances given,solution good enough for the tolerances given,solution good enough for the tolerances given,4.235223509439048e-10,1.756164183445110e-10,3.783796508780957e-11,2.371311594596409e-07,5.604928413039303e-11,2.814876475780977e-06,3.621837533590388e-11,6.354850084782907e-07,5.514058951422984e-12,2.371311594596409e-07,2.814876475780977e-06,6.354850084782907e-07,3.698370947239058e-07,2.872567333698474e+00,4.289191096731424e-04,5.708256201141787e-04,4.818136427458329e-01,4.000000000000000e-01,7.275569681695736e-11,2.354716421848480e-11,9.999999999764528e-01,9.999999999103542e-01,9.999999997845432e-01,9.999999995228719e-01,9.999999991977691e-01,9.999999987187227e-01,9.999999914328104e-01,9.999999914323860e-01,9.999999839613812e-01,9.999999839613806e-01,2.581755338808182e-03,4.999731302232300e-03,2.229955689808579e-02,3.365774518899754e-03,1.506579154793202e-02,6.935057994224361e-03,8.607244450779085e-08,8.299369360906832e-01,8.394503934360005e-02,3.087027089308916e-02,false
7,3.162000000000000e+09,0,3,CONTINUE,4.103120902694406e-03,1.241358163242753e-03,1.000000000000000e-09,4.103120902694407e-04,2.275425509888673e-14,6.234921679043405e-02,4.246789633224071e+01,7.293851062076959e-01,2.864410230400244e+01,6.315680623949444e-05,3.155634349953716e+00,5.491879494125000e-01,7.094979695546881e-01,6.916348854242857e-05,1.521087705629471e+03,REACHED_FORCE,REACHED_FORCE,REACHED_FORCE,1,0,0,1,0,0,1,0,0,8.784570513183080e-07,NaN,9.361394476958207e-06,NaN,2.120115834565829e-06,NaN,1.339413021180923e-10,5.554537283497854e-11,1.196859867600740e-11,solution good enough for the tolerances given,solution good enough for the tolerances given,solution good enough for the tolerances given,1.339413021180923e-10,5.554537283497854e-11,1.196859867600740e-11,8.784570513183080e-07,1.772651056619075e-11,9.361394476958207e-06,1.145924418260440e-11,2.120115834565829e-06,1.744312102781302e-12,8.784570513183080e-07,9.361394476958207e-06,2.120115834565829e-06,2.107342425544702e-07,2.872567333698466e+00,4.289191096731424e-04,5.708256201141787e-04,4.818136427458329e-01,4.000000000000000e-01,1.307988680347406e-11,7.446931959975700e-12,9.999999999925531e-01,9.999999999716491e-01,9.999999999318610e-01,9.999999998491063e-01,9.999999997462894e-01,9.999999995947872e-01,9.999999972904545e-01,9.999999972904534e-01,9.999999949276759e-01,9.999999949276743e-01,2.581849501319565e-03,4.999902475527796e-03,2.230091979324454e-02,3.366708495644722e-03,1.506316217918612e-02,6.934658930976864e-03,6.709782375610351e-01,1.589590509343466e-01,9.605898234621731e-02,1.875652778250118e-02,false
7,1.000000000000000e+10,0,3,CONTINUE,4.103120902694406e-03,1.225892502428772e-03,1.000000000000000e-09,4.103120902694407e-04,2.275425509888673e-14,6.234850513849449e-02,4.247877407432460e+01,7.294250027588390e-01,2.864117730968552e+01,6.316542848999783e-05,3.161622440202194e+00,5.491313336809640e-01,7.094104165176126e-01,6.916348854242857e-05,1.521087705629471e+03,REACHED_FORCE,REACHED_FORCE,REACHED_FORCE,1,0,0,1,0,0,1,0,0,3.740640003556785e-06,NaN,3.792658505467506e-05,NaN,8.539748577544099e-06,NaN,4.235227774244446e-11,1.756248231397180e-11,3.784740626517847e-12,solution good enough for the tolerances given,solution good enough for the tolerances given,solution good enough for the tolerances given,4.235227774244446e-11,1.756248231397180e-11,3.784740626517847e-12,3.740640003556785e-06,5.605420290330740e-12,3.792658505467506e-05,3.621689734244822e-12,8.539748577544099e-06,5.513802296544945e-13,3.740640003556785e-06,3.792658505467506e-05,8.539748577544099e-06,1.115100797049386e-07,2.872567333698463e+00,4.289191096731424e-04,5.708256201141787e-04,4.818136427458329e-01,4.000000000000000e-01,4.167880675978318e-12,2.354116901415182e-12,9.999999999976459e-01,9.999999999910354e-01,9.999999999784550e-01,9.999999999522855e-01,9.999999999197784e-01,9.999999998718749e-01,9.999999991432338e-01,9.999999991432336e-01,9.999999983961134e-01,9.999999983961123e-01,2.584548705304667e-03,5.010510114018071e-03,2.228778594647323e-02,3.365893687491445e-03,1.506555949949514e-02,6.932292574435338e-03,7.537597104533676e-01,7.617717758568805e-02,2.861258096093641e-02,8.620394047279017e-02,false
7,3.162000000000000e+10,0,3,CONTINUE,4.103120902694406e-03,1.269143179007598e-03,1.000000000000000e-09,4.103120902694407e-04,2.275425509888673e-14,6.234720831566282e-02,-9.999999999992546e-01,7.297257887889814e-01,2.864448684093433e+01,6.313509625390396e-05,3.299102669641466e+00,5.487419013266441e-01,7.095199455003711e-01,6.916348854242857e-05,1.521087705629471e+03,REACHED_FORCE,REACHED_FORCE,REACHED_FORCE,1,0,0,1,0,0,1,0,0,2.444273700795138e-05,NaN,2.436583085158213e-04,NaN,5.412448060332413e-05,NaN,1.339416764918409e-11,5.558284129856256e-12,1.194732921265677e-12,solution good enough for the tolerances given,solution good enough for the tolerances given,solution good enough for the tolerances given,1.339416764918409e-11,5.558284129856256e-12,1.194732921265677e-12,2.444273700795138e-05,1.772936473775547e-12,2.436583085158213e-04,1.143864005375819e-12,5.412448060332413e-05,1.741545933540211e-13,2.444273700795138e-05,2.436583085158213e-04,5.412448060332413e-05,4.214684851089403e-08,2.872567333698462e+00,4.289191096731424e-04,5.708256201141787e-04,4.818136427458329e-01,4.000000000000000e-01,1.330629056024779e-12,7.454037387333301e-13,9.999999999992546e-01,9.999999999971649e-01,9.999999999931848e-01,9.999999999849105e-01,9.999999999746279e-01,9.999999999594762e-01,9.999999997290374e-01,9.999999997290370e-01,9.999999994927538e-01,9.999999994927511e-01,2.587791180951669e-03,5.011540173142100e-03,2.229413202964440e-02,3.375570312155859e-03,1.504643396057359e-02,6.928406958984600e-03,3.820615317164217e-02,7.917340024042303e-01,9.706866539127625e-02,1.774730441739903e-02,false
7,1.000000000000000e+11,1,7,CONTINUE,4.103120902694406e-03,1.462637461322642e-02,1.000000000000000e-09,4.103120902694407e-04,2.275425509888673e-14,4.220641876407122e-03,1.808144450470915e-01,2.122368278131542e-02,2.538534076536459e+01,2.844959221192114e-04,4.511983850602488e-01,5.357284009095361e+00,7.728386083910027e-01,6.916348854242857e-05,1.521087705629471e+03,REFINE_STALLED,REFINE_STALLED,REFINE_STALLED,1,1,1,1,1,1,1,2,2,5.897633617606685e-01,5.768097614871665e-01,1.228909879506750e+00,7.879251658556753e-01,3.456086493467375e+01,1.810280962753747e+00,7.148799437724606e-12,2.997918575105903e-11,3.075843861659019e-10,solution good enough for the tolerances given,solution good enough for the tolerances given,solution good enough for the tolerances given,7.148799437724606e-12,2.997918575105903e-11,3.075843861659019e-10,5.897633617606685e-01,1.648741189431850e-12,1.228909879506750e+00,3.712806226181254e-12,3.456086493467375e+01,3.091185571756099e-11,5.768097614871665e-01,7.879251658556753e-01,9.134664988503098e-01,4.472134153984988e-05,2.872567333872522e+00,4.289191096731424e-04,5.708256201141787e-04,4.818136427458329e-01,4.000000000000000e-01,2.641962560297281e-10,5.530531588249232e-11,9.999999999446947e-01,9.999999998805778e-01,9.999999997688271e-01,9.999999996286055e-01,9.999999994897733e-01,9.999999992582420e-01,9.999999990273460e-01,9.999999989416637e-01,9.999999986450512e-01,9.999999976306921e-01,2.161356542696972e-02,1.002959190692589e-01,3.690454836563438e-02,1.834917095987903e-01,2.272619786658127e-02,1.993420745592731e-02,4.607556315384177e-02,4.113254799204563e-01,1.744896345477864e-02,1.401838456877615e-01,false
7,3.162000000000000e+11,1,7,CONTINUE,4.103120902694406e-03,2.152465330781575e-02,1.000000000000000e-09,4.103120902694407e-04,2.275425509888673e-14,2.288418088457015e-03,6.811875838208466e-02,9.865529897130418e-03,2.539488041571289e+01,2.858728622485267e-04,3.119883800202465e-01,1.052893317284866e+01,7.884676150244623e-01,6.916348854242857e-05,1.521087705629471e+03,REFINE_STALLED,REFINE_STALLED,REFINE_STALLED,1,1,1,1,1,1,1,2,2,1.888913385957389e+00,1.623109022702217e+00,3.634365575073196e+00,3.849601101283802e+00,1.030310411954985e+02,5.978820822633951e+00,4.481125914576389e-12,1.522744001672524e-11,2.473339880998185e-10,solution good enough for the tolerances given,solution good enough for the tolerances given,solution good enough for the tolerances given,4.481125914576389e-12,1.522744001672524e-11,2.473339880998185e-10,1.888913385957389e+00,6.997775454391727e-13,3.634365575073196e+00,2.130902968641897e-12,1.030310411954985e+02,2.793733974991983e-11,1.623109022702217e+00,3.849601101283802e+00,3.538999660007815e+00,4.472134153984988e-05,2.872567333872522e+00,4.289191096731424e-04,5.708256201141787e-04,4.818136427458329e-01,4.000000000000000e-01,1.352280524666148e-10,4.642708439916987e-11,9.999999999535729e-01,9.999999999129263e-01,9.999999998593652e-01,9.999999997271762e-01,9.999999996111564e-01,9.999999994676867e-01,9.999999993732973e-01,9.999999992730126e-01,9.999999990327944e-01,9.999999986180168e-01,4.157164560449045e-02,1.336253423115065e-01,1.656959034266619e-01,1.539560027102159e-01,1.435378480819609e-01,7.088228636626967e-03,4.341909607488383e-02,1.993149605590964e-01,9.389181422659095e-03,1.024017911718996e-01,false
7,1.000000000000000e+12,1,9,CONTINUE,4.103120902694406e-03,3.667260423261807e-03,1.000000000000000e-09,4.103120902694407e-04,2.275425509888673e-14,1.013081389323739e-03,2.276419288188083e-02,7.673998340678184e-04,2.539966602251603e+01,2.869607068014084e-04,6.397480118196328e-02,5.169003702132348e+00,7.587593372249753e-01,6.916348854242857e-05,1.521087705629471e+03,REFINE_STALLED,REFINE_STALLED,REFINE_STALLED,1,2,2,1,2,2,1,2,2,5.010830379665654e+00,2.437697009316875e+00,7.221749807868500e+00,3.495034841732458e+00,3.116385125628003e+02,1.175095868561307e+01,3.916042547046027e-12,6.496482049471538e-12,2.185803769052845e-10,solution good enough for the tolerances given,solution good enough for the tolerances given,solution good enough for the tolerances given,3.916042547046027e-12,6.496482049471538e-12,2.185803769052845e-10,5.010830379665654e+00,5.519015598755119e-13,7.221749807868500e+00,7.658557053717414e-13,3.116385125628003e+02,2.577111554485055e-11,1.294238608770335e+00,3.196674557763910e+00,9.419176208165203e+00,4.472134153984988e-05,2.872567333872522e+00,4.289191096731424e-04,5.708256201141787e-04,4.818136427458329e-01,4.000000000000000e-01,1.013445772093475e-10,4.392863850455342e-11,9.999999999560714e-01,9.999999999237994e-01,9.999999998838136e-01,9.999999997849611e-01,9.999999996944138e-01,9.999999996165092e-01,9.999999994908464e-01,9.999999993930131e-01,9.999999992016169e-01,9.999999990129125e-01,7.002190283306101e-02,1.462919210883691e-01,2.428841248921776e-01,1.221784056221233e-01,1.381782620438943e-01,1.923336618592073e-02,2.052324629265522e-02,1.804662186973792e-01,2.222665713525745e-03,5.799988663089422e-02,false
7,3.162000000000000e+12,1,10,CONTINUE,4.103120902694406e-03,3.683020949084456e-03,1.000000000000000e-09,4.103120902694407e-04,2.275425509888673e-14,3.754185190421658e-04,7.404400708788666e-03,1.388001722146345e-03,2.539968835593969e+01,2.869174776291564e-04,4.269750063268665e-02,3.970313816839528e+00,7.575257800569730e-01,6.916348854242857e-05,1.521087705629471e+03,REFINE_STALLED,REFINE_STALLED,REFINE_STALLED,1,3,3,1,2,2,1,2,2,1.314900793805426e+01,3.498308468615379e+00,1.190511025793164e+01,4.507249876040539e+00,9.623221995217961e+02,1.940207737410527e+01,3.823304972005378e-12,4.076688124093864e-12,2.075603342411044e-10,solution good enough for the tolerances given,solution good enough for the tolerances given,solution good enough for the tolerances given,3.823304972005378e-12,4.076688124093864e-12,2.075603342411044e-10,1.314900793805426e+01,4.963339964544549e-13,1.190511025793164e+01,5.542310593588272e-13,9.623221995217961e+02,2.453192875925932e-11,8.154108902980514e-01,2.461312501780228e+00,1.673844659758900e+01,4.365597299375102e-05,2.872567333872522e+00,4.289191096731424e-04,5.708256201141787e-04,4.818136427458329e-01,4.000000000000000e-01,8.908858729154670e-11,4.271183406956425e-11,9.999999999572882e-01,9.999999999262768e-01,9.999999998919882e-01,9.999999998065525e-01,9.999999997398690e-01,9.999999996576696e-01,9.999999995411377e-01,9.999999994444380e-01,9.999999992650823e-01,9.999999991575921e-01,9.319574464663344e-02,1.697400737970399e-01,2.237709275055476e-01,1.230887795465324e-01,9.953143423530519e-02,7.010909035123543e-02,1.725760459393993e-02,1.600919024742053e-01,9.615180740372511e-04,4.225292477552390e-02,false
7,1.000000000000000e+13,1,10,CONTINUE,4.103120902694406e-03,3.730464185600098e-03,1.000000000000000e-09,4.103120902694407e-04,2.275425509888673e-14,1.261039874634985e-04,2.377950064512966e-03,3.152786742529536e-03,2.539975831090043e+01,2.866958973547276e-04,3.229024930395734e-02,5.097746664638606e+00,7.524181204690862e-01,6.916348854242857e-05,1.521087705629471e+03,REFINE_STALLED,REFINE_STALLED,REFINE_STALLED,1,3,3,1,2,2,1,2,2,3.845963042807445e+01,3.876144653351101e+00,3.654802575956683e+01,6.731397989037025e+00,3.014272005546699e+03,2.368781636405385e+01,3.808276570684041e-12,3.846696864830222e-12,2.038203233404159e-10,solution good enough for the tolerances given,solution good enough for the tolerances given,solution good enough for the tolerances given,3.808276570684041e-12,3.846696864830222e-12,2.038203233404159e-10,3.845963042807445e+01,4.846463967131848e-13,3.654802575956683e+01,4.890184412675631e-13,3.014272005546699e+03,2.399654668366927e-11,1.120479758733218e+00,3.763799855651689e+00,2.252376937113631e+01,4.313599003607917e-05,2.872567333872522e+00,4.289191096731424e-04,5.708256201141787e-04,4.818136427458329e-01,4.000000000000000e-01,9.111028106567043e-11,4.205302772675168e-11,9.999999999579470e-01,9.999999999278260e-01,9.999999998943980e-01,9.999999998189704e-01,9.999999997641467e-01,9.999999996750744e-01,9.999999995601259e-01,9.999999994635320e-01,9.999999992871518e-01,9.999999992070037e-01,1.031441088079365e-01,1.810701497149413e-01,2.059378274403914e-01,1.071979019213360e-01,1.019348594764078e-01,9.671559800060697e-02,1.539148833323585e-02,1.504169696363251e-01,9.115384713924195e-04,3.727955819742722e-02,false
7,3.162000000000000e+13,1,10,CONTINUE,4.103120902694406e-03,3.827605956006943e-03,1.000000000000000e-09,4.103120902694407e-04,2.275425509888673e-14,4.070638449557133e-05,7.567789776741062e-04,6.564829392032924e-03,2.539992609894447e+01,2.862143369512791e-04,3.109117014359028e-02,5.828095577215103e+00,7.423364962383281e-01,6.916348854242857e-05,1.521087705629471e+03,REFINE_STALLED,REFINE_STALLED,REFINE_STALLED,1,3,3,1,2,2,1,2,2,1.238754709745157e+02,4.063898046128885e+00,1.216945010595915e+02,7.737373567271709e+00,9.499189187124490e+03,2.537164783494018e+01,3.805298990091822e-12,3.810598534868605e-12,2.026114704599534e-10,solution good enough for the tolerances given,solution good enough for the tolerances given,solution good enough for the tolerances given,3.805298990091822e-12,3.810598534868605e-12,2.026114704599534e-10,1.238754709745157e+02,4.804409995969778e-13,1.216945010595915e+02,4.812679986484379e-13,9.499189187124490e+03,2.380436921443516e-11,1.325719944966391e+00,4.933919169217259e+00,2.495982801794935e+01,4.268132954690158e-05,2.872567333872522e+00,4.289191096731424e-04,5.708256201141787e-04,4.818136427458329e-01,4.000000000000000e-01,9.096884771060959e-11,4.178968282531059e-11,9.999999999582103e-01,9.999999999287050e-01,9.999999998954068e-01,9.999999998251872e-01,9.999999997728928e-01,9.999999996806970e-01,9.999999995665674e-01,9.999999994699613e-01,9.999999992944721e-01,9.999999992230812e-01,1.064661386482274e-01,1.826705388452039e-01,2.004244296442785e-01,9.671184090446668e-02,1.097417830869756e-01,1.057162096499758e-01,1.468044764867427e-02,1.469310587025707e-01,9.839225466284067e-04,3.567363032299800e-02,false
7,1.000000000000000e+14,1,10,CONTINUE,4.103120902694406e-03,3.940133464519736e-03,1.000000000000000e-09,4.103120902694407e-04,2.275425509888673e-14,1.295694518009907e-05,2.398121177219390e-04,1.043789820845437e-02,2.540012238396701e+01,2.856678161216852e-04,3.103554413791523e-02,6.154445368122968e+00,7.313092272633307e-01,6.916348854242857e-05,1.521087705629471e+03,REFINE_STALLED,REFINE_STALLED,REFINE_STALLED,1,3,3,1,2,2,1,2,2,3.937412819514806e+02,4.163717852640143e+00,3.914374062001424e+02,8.121218888622638e+00,3.000870924195007e+04,2.594529958205139e+01,3.804551003371880e-12,3.805491413956473e-12,2.022265522066490e-10,solution good enough for the tolerances given,solution good enough for the tolerances given,solution good enough for the tolerances given,3.804551003371880e-12,3.805491413956473e-12,2.022265522066490e-10,3.937412819514806e+02,4.790695000924551e-13,3.914374062001424e+02,4.792495149721910e-13,3.000870924195007e+04,2.374071880468140e-11,1.416842348036947e+00,5.400771342527525e+00,2.581020590821180e+01,4.253485014697823e-05,2.872567333872522e+00,4.289191096731424e-04,5.708256201141787e-04,4.818136427458329e-01,4.000000000000000e-01,9.067810679143834e-11,4.169931067110610e-11,9.999999999583007e-01,9.999999999290485e-01,9.999999998957942e-01,9.999999998275608e-01,9.999999997756654e-01,9.999999996824913e-01,9.999999995686575e-01,9.999999994720388e-01,9.999999992968349e-01,9.999999992282131e-01,1.075203669496737e-01,1.827245045901133e-01,1.988197801861065e-01,9.287443717994605e-02,1.130525956483784e-01,1.086044996398229e-01,1.444232776821228e-02,1.457825839677535e-01,1.022497929359969e-03,3.515640614063431e-02,false
7,3.162000000000000e+14,1,10,CONTINUE,4.103120902694406e-03,4.012310726331483e-03,1.000000000000000e-09,4.103120902694407e-04,2.275425509888673e-14,4.106355882978604e-06,7.589525522297420e-05,1.289373132204833e-02,2.540024755293079e+01,2.853305098369398e-04,3.105378521632469e-02,6.282634267414260e+00,7.246144451151637e-01,6.916348854242857e-05,1.521087705629471e+03,REFINE_STALLED,REFINE_STALLED,REFINE_STALLED,1,3,3,1,2,2,1,2,2,1.246872855817894e+03,4.197335822812224e+00,1.244517288623841e+03,8.261373005410071e+00,9.485397239195979e+04,2.613110145461998e+01,3.804331468910216e-12,3.804567611713478e-12,2.021043395847151e-10,solution good enough for the tolerances given,solution good enough for the tolerances given,solution good enough for the tolerances given,3.804331468910216e-12,3.804567611713478e-12,2.021043395847151e-10,1.246872855817894e+03,4.786176805675734e-13,1.244517288623841e+03,4.797325251940567e-13,9.485397239195979e+04,2.372030048327294e-11,1.447778816095364e+00,5.570837043384873e+00,2.608783860448860e+01,4.248836431634780e-05,2.872567333872522e+00,4.289191096731424e-04,5.708256201141787e-04,4.818136427458329e-01,4.000000000000000e-01,9.055187683323782e-11,4.167000078325600e-11,9.999999999583300e-01,9.999999999291649e-01,9.999999998959266e-01,9.999999998283600e-01,9.999999997765363e-01,9.999999996830593e-01,9.999999995693232e-01,9.999999994727011e-01,9.999999992975868e-01,9.999999992298390e-01,1.078568127607279e-01,1.826839559139709e-01,1.983148278347703e-01,9.163750007779037e-02,1.141737330016184e-01,1.095244095413836e-01,1.436583057478002e-02,1.454163291794149e-01,1.036933586211507e-03,3.498966752933238e-02,false
7,1.000000000000000e+15,1,10,CONTINUE,4.103120902694406e-03,4.044535124673317e-03,1.000000000000000e-09,4.103120902694407e-04,2.275425509888673e-14,1.299298427231469e-06,2.400294002026824e-05,1.362568879504563e-02,2.540028494789822e+01,2.852306431615122e-04,3.106362309333555e-02,6.325653160874404e+00,7.226081775133196e-01,6.916348854242857e-05,1.521087705629471e+03,REFINE_STALLED,REFINE_STALLED,REFINE_STALLED,1,3,3,1,2,2,1,2,2,3.945134641980098e+03,4.210074290767918e+00,3.942763121129311e+03,8.313382365581699e+00,2.999481452993329e+05,2.619033957709211e+01,3.804266793763008e-12,3.804338943098981e-12,2.020657916317849e-10,solution good enough for the tolerances given,solution good enough for the tolerances given,solution good enough for the tolerances given,3.804266793763008e-12,3.804338943098981e-12,2.020657916317849e-10,3.945134641980098e+03,4.783859782471213e-13,3.942763121129311e+03,4.755342573800176e-13,2.999481452993329e+05,2.371368449086126e-11,1.457789650245870e+00,5.626899520861352e+00,2.617667447123100e+01,4.247363346380340e-05,2.872567333872522e+00,4.289191096731424e-04,5.708256201141787e-04,4.818136427458329e-01,4.000000000000000e-01,9.050843367976368e-11,4.166156308826885e-11,9.999999999583384e-01,9.999999999292017e-01,9.999999998959681e-01,9.999999998286162e-01,9.999999997768096e-01,9.999999996832400e-01,9.999999995695337e-01,9.999999994729110e-01,9.999999992978241e-01,9.999999992303539e-01,1.079656200256326e-01,1.826657799768880e-01,1.981566867663671e-01,9.124175006961388e-02,1.145346908724922e-01,1.098182113641125e-01,1.434111402298191e-02,1.452967376980323e-01,1.041584605561441e-03,3.493782459831880e-02,false
7,3.162000000000000e+15,1,10,CONTINUE,4.103120902694406e-03,4.056594880649471e-03,1.000000000000000e-09,4.103120902694407e-04,2.275425509888673e-14,4.109973515963119e-07,7.591790943621911e-06,1.357244502009289e-02,2.540028227534797e+01,2.852380556567186e-04,3.106715901782843e-02,6.339515110876895e+00,7.226608874138466e-01,6.916348854242857e-05,1.521087705629471e+03,REFINE_STALLED,REFINE_STALLED,REFINE_STALLED,1,3,3,1,2,2,1,2,2,1.247629643168753e+04,4.241790327878094e+00,1.247399573950736e+04,8.314266891773503e+00,9.483998527935194e+05,2.620908810930867e+01,3.804240617792045e-12,3.804271571644439e-12,2.020533923618928e-10,solution good enough for the tolerances given,solution good enough for the tolerances given,solution good enough for the tolerances given,3.804240617792045e-12,3.804271571644439e-12,2.020533923618928e-10,1.247629643168753e+04,4.900655575234527e-13,1.247399573950736e+04,4.900664486862236e-13,9.483998527935194e+05,2.371163125183695e-11,1.460974162469583e+00,5.644880165005828e+00,2.620481019347605e+01,4.246898348151355e-05,2.872567333872522e+00,4.289191096731424e-04,5.708256201141787e-04,4.818136427458329e-01,4.000000000000000e-01,9.049439649332504e-11,4.165756628538020e-11,9.999999999583424e-01,9.999999999292140e-01,9.999999998959819e-01,9.999999998286988e-01,9.999999997768969e-01,9.999999996832962e-01,9.999999995696007e-01,9.999999994729767e-01,9.999999992979007e-01,9.999999992305169e-01,1.079874221621601e-01,1.826599945216705e-01,1.981146174924275e-01,9.112157098919027e-02,1.146494679842657e-01,1.099083529294167e-01,1.433306020910806e-02,1.452606474344472e-01,1.043472155490256e-03,3.492139412182326e-02,false
7,1.000000000000000e+16,1,10,CONTINUE,4.103120902694406e-03,4.060628643879346e-03,1.000000000000000e-09,4.103120902694407e-04,2.275425509888673e-14,1.299659883604673e-07,2.400537091799331e-06,1.355550282550184e-02,2.540028142492847e+01,2.852404228066150e-04,3.106828288394172e-02,6.343920676107496e+00,7.226779634275466e-01,6.916348854242857e-05,1.521087705629471e+03,REFINE_STALLED,REFINE_STALLED,REFINE_STALLED,1,3,3,1,2,2,1,2,2,3.945905513115093e+04,4.472978734475225e+00,3.945648894879202e+04,8.072739825349185e+00,2.999331516622403e+06,2.621494511064255e+01,3.804238724607497e-12,3.804241790964965e-12,2.020494886531778e-10,solution good enough for the tolerances given,solution good enough for the tolerances given,solution good enough for the tolerances given,3.804238724607497e-12,3.804241790964965e-12,2.020494886531778e-10,3.945905513115093e+04,4.651575580748441e-13,3.945648894879202e+04,3.939349382561590e-13,2.999331516622403e+06,2.371108942487220e-11,1.461989150519783e+00,5.650627963245918e+00,2.621375412698500e+01,4.246751180426983e-05,2.872567333872522e+00,4.289191096731424e-04,5.708256201141787e-04,4.818136427458329e-01,4.000000000000000e-01,9.048993685911943e-11,4.165734424077527e-11,9.999999999583427e-01,9.999999999292177e-01,9.999999998959859e-01,9.999999998287250e-01,9.999999997769238e-01,9.999999996833135e-01,9.999999995696214e-01,9.999999994729973e-01,9.999999992979234e-01,9.999999992305679e-01,1.080029072268144e-01,1.826585633333832e-01,1.980988274225293e-01,9.107860315622970e-02,1.146848004809114e-01,1.099365296102487e-01,1.433096003657604e-02,1.452483662756159e-01,1.043727851026299e-03,3.491671460666510e-02,false
7,3.162000000000000e+16,1,10,CONTINUE,4.103120902694406e-03,4.062542523472390e-03,1.000000000000000e-09,4.103120902694407e-04,2.275425509888673e-14,4.110341205002252e-08,7.591871876539594e-07,1.355033470321882e-02,2.540028117060898e+01,2.852411459362652e-04,3.106885172952014e-02,6.345228251250087e+00,7.226835910453943e-01,6.916348854242857e-05,1.521087705629471e+03,REFINE_STALLED,REFINE_STALLED,REFINE_STALLED,1,3,3,1,2,2,1,2,2,1.247716071331243e+05,5.466075809122953e+00,1.247700588287372e+05,8.072500988399073e+00,9.483843881857621e+06,2.621660980737034e+01,3.804232865125047e-12,3.804244530276749e-12,2.020480904979661e-10,solution good enough for the tolerances given,solution good enough for the tolerances given,solution good enough for the tolerances given,3.804232865125047e-12,3.804244530276749e-12,2.020480904979661e-10,1.247716071331243e+05,6.032663996686748e-13,1.247700588287372e+05,4.602098223704192e-13,9.483843881857621e+06,2.371080425278549e-11,1.462313620945387e+00,5.652463735084774e+00,2.621672166934218e+01,4.246705029014611e-05,2.872567333872522e+00,4.289191096731424e-04,5.708256201141787e-04,4.818136427458329e-01,4.000000000000000e-01,9.048804740395531e-11,4.165712219617035e-11,9.999999999583429e-01,9.999999999292186e-01,9.999999998959876e-01,9.999999998287332e-01,9.999999997769333e-01,9.999999996833202e-01,9.999999995696283e-01,9.999999994730040e-01,9.999999992979312e-01,9.999999992305857e-01,1.080077773103905e-01,1.826561638634532e-01,1.980945315155296e-01,9.106511121038252e-02,1.146969786973749e-01,1.099449823614754e-01,1.433067467671958e-02,1.452450744165408e-01,1.043850792705516e-03,3.491485515542814e-02,false
7,1.000000000000000e+17,1,11,CONTINUE,4.103120902694406e-03,4.062037180249440e-03,1.000000000000000e-09,4.103120902694407e-04,2.275425509888673e-14,1.299696265351323e-08,2.400575478896026e-07,1.354856522692453e-02,2.540028106066783e+01,2.852413935352096e-04,3.106809062548592e-02,6.345754253272908e+00,7.226845426251102e-01,6.916348854242857e-05,1.521087705629471e+03,REFINE_STALLED,REFINE_STALLED,REFINE_STALLED,1,3,3,1,3,3,1,2,2,3.946093561969700e+05,3.150056469189250e+01,3.946062054779113e+05,3.151878568255189e+01,2.999318621660646e+07,2.621642575503002e+01,3.804234568076876e-12,3.804240741233211e-12,2.020479271842043e-10,solution good enough for the tolerances given,solution good enough for the tolerances given,solution good enough for the tolerances given,3.804234568076876e-12,3.804240741233211e-12,2.020479271842043e-10,3.946093561969700e+05,1.553851291532439e-12,3.946062054779113e+05,9.469950097339317e-13,2.999318621660646e+07,2.371097535603751e-11,1.462411440499652e+00,5.652976535704036e+00,2.621793657842873e+01,4.246688786614325e-05,2.872567333872522e+00,4.289191096731424e-04,5.708256201141787e-04,4.818136427458329e-01,4.000000000000000e-01,9.048823694596253e-11,4.165667810696050e-11,9.999999999583433e-01,9.999999999292191e-01,9.999999998959872e-01,9.999999998287350e-01,9.999999997769351e-01,9.999999996833211e-01,9.999999995696309e-01,9.999999994730071e-01,9.999999992979334e-01,9.999999992305895e-01,1.079958269117552e-01,1.826538037700559e-01,1.981057786130632e-01,9.106451753876477e-02,1.147026133398979e-01,1.099466431945266e-01,1.433080289122448e-02,1.452418817385255e-01,1.043900836788799e-03,3.491423116539697e-02,false
7,3.162000000000000e+17,1,11,CONTINUE,4.103120902694406e-03,4.062036114556197e-03,1.000000000000000e-09,4.103120902694407e-04,2.275425509888673e-14,4.110374418864636e-09,7.591750477810152e-08,1.354809522133038e-02,2.540028105124764e+01,2.852414523516505e-04,3.106870597674064e-02,6.345876599657575e+00,7.226850335553398e-01,6.916348854242857e-05,1.521087705629471e+03,REFINE_STALLED,REFINE_STALLED,REFINE_STALLED,1,3,3,1,3,3,1,2,2,1.247841295799575e+06,3.352011801641665e+02,1.247843038578468e+06,3.352395373272573e+02,9.483880515219355e+07,2.621426722265086e+01,3.804233431832808e-12,3.804235886927150e-12,2.020480631975463e-10,solution good enough for the tolerances given,solution good enough for the tolerances given,solution good enough for the tolerances given,3.804233431832808e-12,3.804235886927150e-12,2.020480631975463e-10,1.247841295799575e+06,4.525628437490037e-12,1.247843038578468e+06,3.752912282619003e-12,9.483880515219355e+07,2.371091832162017e-11,1.462437915241661e+00,5.653115787349807e+00,2.621941859804859e+01,4.246685301048146e-05,2.872567333872522e+00,4.289191096731424e-04,5.708256201141787e-04,4.818136427458329e-01,4.000000000000000e-01,9.048738734804207e-11,4.165778832998512e-11,9.999999999583422e-01,9.999999999292175e-01,9.999999998959868e-01,9.999999998287352e-01,9.999999997769344e-01,9.999999996833213e-01,9.999999995696309e-01,9.999999994730076e-01,9.999999992979347e-01,9.999999992305919e-01,1.080067862984961e-01,1.826651963209150e-01,1.980845524489655e-01,9.105991370386685e-02,1.147045370239659e-01,1.099475944661575e-01,1.433006529763571e-02,1.452432759401809e-01,1.043929368071693e-03,3.491414913174428e-02,false
7,1.000000000000000e+18,1,11,CONTINUE,4.103120902694406e-03,4.062012876634298e-03,1.000000000000000e-09,4.103120902694407e-04,2.275425509888673e-14,1.299700766327540e-09,2.400562683060718e-08,1.354811164378099e-02,2.540028106038561e+01,2.852411461479828e-04,3.106906393475804e-02,6.345567363178090e+00,7.226865371246408e-01,6.916348854242857e-05,1.521087705629471e+03,REFINE_STALLED,REFINE_STALLED,REFINE_STALLED,1,3,3,1,3,3,1,2,2,3.947280445316927e+06,3.377845330327034e+03,3.947291808223256e+06,3.377978065696243e+03,2.999321042531469e+08,2.620691114287519e+01,3.804228574580335e-12,3.804237179375386e-12,2.020477964608762e-10,solution good enough for the tolerances given,solution good enough for the tolerances given,solution good enough for the tolerances given,3.804228574580335e-12,3.804237179375386e-12,2.020477964608762e-10,3.947280445316927e+06,2.094372001728204e-11,3.947291808223256e+06,1.931304686758103e-11,2.999321042531469e+08,2.371097535603751e-11,1.462456678456668e+00,5.652899510154104e+00,2.622324365448720e+01,4.246682918747778e-05,2.872567333872522e+00,4.289191096731424e-04,5.708256201141787e-04,4.818136427458329e-01,4.000000000000000e-01,9.048770947754621e-11,4.165690015156542e-11,9.999999999583431e-01,9.999999999292197e-01,9.999999998959874e-01,9.999999998287374e-01,9.999999997769367e-01,9.999999996833226e-01,9.999999995696314e-01,9.999999994730080e-01,9.999999992979349e-01,9.999999992305921e-01,1.080014096194540e-01,1.826563928837971e-01,1.980937409150384e-01,9.106114598449164e-02,1.147054222200049e-01,1.099499425788319e-01,1.433074842691037e-02,1.452434568527100e-01,1.043987673696702e-03,3.491375284506529e-02,false
8,1.000000000000000e+00,0,15,CONTINUE,1.244222736561683e-03,1.896564934255962e-05,1.000000000000000e-09,1.244222736561683e-04,2.235428753104316e-14,2.013798369666550e-01,3.792000659368633e+02,9.845995428657618e-01,2.869460222680628e+01,9.721103114528740e-07,4.196919798336152e-02,5.920803721713357e-02,7.140651040410165e-01,1.222331226980020e-05,7.436888188913395e+03,REACHED_FORCE,REACHED_FORCE,REACHED_FORCE,6,0,0,4,0,0,5,0,0,3.073509066568114e-06,NaN,8.886719748971046e-06,NaN,3.554664005443601e-06,NaN,3.501423756563207e-02,7.777530854025740e-04,1.079703365186678e-02,solution good enough for the tolerances given,solution good enough for the tolerances given,solution good enough for the tolerances given,2.671736521856214e-05,6.738122307050487e-05,3.882540693974296e-05,7.242565572130390e-16,3.073509066568114e-06,4.526603482581493e-16,8.886719748971046e-06,1.430123787778091e-15,3.554664005443601e-06,3.073509066568114e-06,8.886719748971046e-06,3.554664005443601e-06,4.944350966646322e-03,8.625145290044679e+01,1.035708478525041e-04,1.377609652404238e-04,1.130243286854994e-01,4.000000000000000e-02,1.001219085097829e-02,2.630194178256828e-03,9.973698058217432e-01,9.871272300814529e-01,9.781703432368581e-01,9.658247846886231e-01,9.403418503927929e-01,9.049070720116559e-01,8.588935777533371e-01,7.614286470295303e-01,5.423572538147771e-01,1.676237862249426e-01,1.120481850525859e-02,3.516832294737393e-02,5.179874961142655e-02,3.357805331813039e-02,1.941367479848415e-02,3.224825233693120e-01,2.153208093275441e-01,5.532709644256204e-02,2.266174634852338e-01,2.908848819467456e-02,false
8,3.162000000000000e+00,0,11,CONTINUE,1.244222736561683e-03,1.931790542063871e-05,1.000000000000000e-09,1.244222736561683e-04,2.235428753104316e-14,2.013798369666548e-01,3.718975999224821e+02,9.844806090215052e-01,2.868669596857681e+01,9.908966220189023e-07,3.658608244117906e-02,5.918357573799840e-02,7.138693999562948e-01,1.222331226980020e-05,7.436888188913395e+03,REACHED_FORCE,REACHED_FORCE,REACHED_FORCE,4,0,0,3,0,0,4,0,0,7.059629440828409e-06,NaN,3.120207244338133e-06,NaN,1.031001532202396e-06,NaN,1.358515270461782e-02,3.908001565831876e-04,4.727939341309309e-03,solution good enough for the tolerances given,solution good enough for the tolerances given,solution good enough for the tolerances given,6.314687873227447e-05,2.732774860999690e-05,1.020682078860712e-05,8.147886268646689e-16,7.059629440828409e-06,7.242565572130390e-16,3.120207244338133e-06,3.235814208251615e-15,1.031001532202396e-06,7.059629440828409e-06,3.120207244338133e-06,1.031001532202396e-06,2.780535652243667e-03,4.852119398404254e+01,1.035708478525041e-04,1.377609652404238e-04,1.130243286854994e-01,4.000000000000000e-02,3.097854633807820e-03,8.496608329735533e-04,9.991503391670264e-01,9.957649586367228e-01,9.927929772404683e-01,9.888375437917983e-01,9.803228055767230e-01,9.678349757914403e-01,9.506090363048960e-01,9.098440913496166e-01,7.893548186294547e-01,3.890380141662663e-01,7.642195984410100e-03,2.591417807104905e-02,3.438129824782509e-02,2.221007555259774e-02,1.398317157505435e-02,2.450957016665199e-01,1.752458363678572e-01,5.248678612449754e-02,3.189360160131285e-01,1.041047403970594e-01,false
8,1.000000000000000e+01,0,8,CONTINUE,1.244222736561683e-03,1.931245776347921e-05,1.000000000000000e-09,1.244222736561683e-04,2.235428753104316e-14,2.013798369666422e-01,2.978481437328435e+02,9.844994302494463e-01,2.868338272461047e+01,9.906864988641189e-07,3.437249888834096e-02,5.914343134728871e-02,7.137853664575583e-01,1.222331226980020e-05,7.436888188913395e+03,REACHED_FORCE,REACHED_FORCE,REACHED_FORCE,3,0,0,2,0,0,3,0,0,6.112153104363134e-06,NaN,3.676625813586147e-06,NaN,1.821315365494130e-06,NaN,4.993538197413885e-03,1.793201203338995e-04,1.769893482081579e-03,solution good enough for the tolerances given,solution good enough for the tolerances given,solution good enough for the tolerances given,5.933003887988766e-05,3.055198313521879e-05,1.801217153314474e-05,1.086384835819558e-15,6.112153104363134e-06,1.086384835819558e-15,3.676625813586147e-06,2.199646379816945e-14,1.821315365494130e-06,6.112153104363134e-06,3.676625813586147e-06,1.821315365494130e-06,1.563541581492754e-03,2.731240250288598e+01,1.035708478525041e-04,1.377609652404238e-04,1.130243286854994e-01,4.000000000000000e-02,9.241364752350795e-02,3.356288740287150e-04,9.996643711259713e-01,9.983186512098415e-01,9.967719227946800e-01,9.937463208476981e-01,9.896008476541687e-01,9.838366883251060e-01,9.702631693834938e-01,9.696198048244646e-01,9.221856837303085e-01,6.681927994702964e-01,7.217058379966091e-03,3.356375275078797e-02,2.603989225755930e-02,1.112235310017056e-02,1.896451218956838e-01,1.389079341879925e-01,4.715758836653124e-09,4.411181844211230e-02,3.221304766572282e-01,2.272615876127406e-01,false
8,3.162000000000000e+01,0,5,CONTINUE,1.244222736561683e-03,1.905860983628650e-05,1.000000000000000e-09,1.244222736561683e-04,2.235428753104316e-14,2.013798369666331e-01,2.932543795114104e+02,9.848644780833020e-01,2.867736004930091e+01,9.773990671685531e-07,3.046907172336631e-02,5.917273602688730e-02,7.136422070537115e-01,1.222331226980020e-05,7.436888188913395e+03,REACHED_FORCE,REACHED_FORCE,REACHED_FORCE,2,0,0,1,0,0,2,0,0,1.319388759859161e-05,NaN,8.446550266591734e-06,NaN,2.824410375809603e-06,NaN,1.728666215268070e-03,8.504134291215854e-05,6.052380941513225e-04,solution good enough for the tolerances given,solution good enough for the tolerances given,solution good enough for the tolerances given,1.049089987546462e-04,8.504134291215854e-05,2.707162366665813e-05,1.616315720088962e-15,1.319388759859161e-05,1.588996960789789e-15,8.446550266591734e-06,3.022356562776131e-14,2.824410375809603e-06,1.319388759859161e-05,8.446550266591734e-06,2.824410375809603e-06,8.792826701659130e-04,1.540538633044925e+01,1.035708478525041e-04,1.377609652404238e-04,1.130243286854994e-01,4.000000000000000e-02,1.156344292199158e-02,1.078317850188304e-04,9.998921682149812e-01,9.994636547016128e-01,9.989709275059612e-01,9.980107334760875e-01,9.966876409239303e-01,9.948311385349619e-01,9.901882833262908e-01,9.740078781669990e-01,8.651328866005155e-01,8.642711510192179e-01,6.120556515135040e-03,2.834165396634245e-02,2.152768041249676e-02,9.309678412253178e-03,1.605442130026156e-01,1.185358941247662e-01,3.839355699780284e-02,2.999098541658165e-01,4.566784343204526e-25,3.173169124027724e-01,false
8,1.000000000000000e+02,0,5,CONTINUE,1.244222736561683e-03,1.881669969984916e-05,1.000000000000000e-09,1.244222736561683e-04,2.235428753104316e-14,2.013798369665085e-01,2.928415566848899e+02,9.849270307016074e-01,2.868466698494456e+01,9.658761072491007e-07,3.524101021175895e-02,5.916198345871578e-02,7.138115974590472e-01,1.222331226980020e-05,7.436888188913395e+03,REACHED_FORCE,REACHED_FORCE,REACHED_FORCE,2,0,0,1,0,0,2,0,0,1.504439845629571e-06,NaN,2.262870789356696e-06,NaN,3.292402310870409e-07,NaN,5.684080820482324e-04,2.277409354007839e-05,1.973490105179687e-04,solution good enough for the tolerances given,solution good enough for the tolerances given,solution good enough for the tolerances given,1.201393638927185e-05,2.277409354007839e-05,3.187280318207785e-06,6.346616359386623e-15,1.504439845629571e-06,7.051953128606060e-15,2.262870789356696e-06,1.435895207218382e-13,3.292402310870409e-07,1.504439845629571e-06,2.262870789356696e-06,3.292402310870409e-07,4.944352784552053e-04,8.727302796522078e+00,1.035708478525041e-04,1.377609652404238e-04,1.130243286854994e-01,4.000000000000000e-02,1.812055046250891e-02,3.414699280823719e-05,9.999658530071918e-01,9.998302346667232e-01,9.996742210320217e-01,9.993700665559870e-01,9.989502540596914e-01,9.983598087939203e-01,9.968765793720956e-01,9.916325733475281e-01,9.607830754958313e-01,9.526917981227111e-01,5.668779114041741e-03,2.624881173477489e-02,1.991155822716331e-02,8.628738966311522e-03,1.491381452715966e-01,1.103953600798194e-01,3.598579485269263e-02,2.874702426638137e-01,9.686810014786154e-29,3.565525690897859e-01,false
8,3.162000000000000e+02,0,4,CONTINUE,1.244222736561683e-03,1.898675096993798e-05,1.000000000000000e-09,1.244222736561683e-04,2.235428753104316e-14,2.013798369661247e-01,2.926532335643088e+02,9.847591059576495e-01,2.868579352560527e+01,9.749075366830050e-07,3.599475728110042e-02,5.918369457344791e-02,7.138438234596203e-01,1.222331226980020e-05,7.436888188913395e+03,REACHED_FORCE,REACHED_FORCE,REACHED_FORCE,2,0,0,1,0,0,1,0,0,5.671231672336092e-07,NaN,1.043152228561246e-06,NaN,7.859003336332791e-06,NaN,1.822786163260739e-04,7.182747652561609e-06,6.307885627975661e-05,solution good enough for the tolerances given,solution good enough for the tolerances given,solution good enough for the tolerances given,1.254705157025722e-06,7.182747652561609e-06,6.307885627975661e-05,2.596015938282914e-14,5.671231672336092e-07,2.334303992401317e-14,1.043152228561246e-06,4.687099867310774e-13,7.859003336332791e-06,5.671231672336092e-07,1.043152228561246e-06,7.859003336332791e-06,2.780535948033139e-04,4.976023533475613e+00,1.035708478525041e-04,1.377609652404238e-04,1.130243286854994e-01,4.000000000000000e-02,8.294276865672843e-05,1.080637698902542e-05,9.999891936230110e-01,9.999462885587214e-01,9.998969249863680e-01,9.998006840944168e-01,9.996677735306444e-01,9.994806980699098e-01,9.990100868600894e-01,9.973385282484915e-01,9.845387668930353e-01,9.845383868400620e-01,5.517130844567746e-03,2.554410593734799e-02,1.936344298656183e-02,8.397656784571080e-03,1.452570591564059e-01,1.076095371924310e-01,3.514903223092145e-02,2.828146039964138e-01,8.019859350421015e-19,3.703474308707791e-01,false
8,1.000000000000000e+03,0,3,CONTINUE,1.244222736561683e-03,2.008035342810287e-05,1.000000000000000e-09,1.244222736561683e-04,2.235428753104316e-14,2.013798369674346e-01,2.926075720332466e+02,9.838684186459091e-01,2.868435315556640e+01,1.035007521106668e-06,3.505178115808558e-02,5.930748475982357e-02,7.138333449050254e-01,1.222331226980020e-05,7.436888188913395e+03,REACHED_FORCE,REACHED_FORCE,REACHED_FORCE,1,0,0,1,0,0,1,0,0,6.881352371880748e-06,NaN,3.421700147490571e-07,NaN,2.493773536585769e-06,NaN,5.790062881398187e-05,2.562389562249022e-06,2.001470799604013e-05,solution good enough for the tolerances given,solution good enough for the tolerances given,solution good enough for the tolerances given,5.790062881398187e-05,2.562389562249022e-06,2.001470799604013e-05,4.512316390339596e-14,6.881352371880748e-06,4.112843633001779e-14,3.421700147490571e-07,7.488098446970729e-13,2.493773536585769e-06,6.881352371880748e-06,3.421700147490571e-07,2.493773536585769e-06,1.563541629777473e-04,2.872567335826056e+00,1.035708478525041e-04,1.377609652404238e-04,1.130243286854994e-01,4.000000000000000e-02,1.320864299225811e-05,3.417534876204442e-06,9.999965824651238e-01,9.999830145943799e-01,9.999674036509731e-01,9.999369669495174e-01,9.998949261164688e-01,9.998357384005393e-01,9.996867774439961e-01,9.991569082774171e-01,9.950588126024946e-01,9.950587962961898e-01,5.467839685530407e-03,2.531562579760574e-02,1.918730304765807e-02,8.323073492849645e-03,1.440002012371312e-01,1.067057609357627e-01,3.487627859185232e-02,2.812630271056455e-01,2.772257485693883e-16,3.748608901059645e-01,true
8,3.162000000000000e+03,0,3,CONTINUE,1.244222736561683e-03,1.946042202609292e-05,1.000000000000000e-09,1.244222736561683e-04,2.235428753104316e-14,2.013798369621004e-01,2.925931335486490e+02,9.843630746741943e-01,2.868569631003054e+01,1.000579556309936e-06,3.593514198337054e-02,5.923606316740197e-02,7.138523511184413e-01,1.222331226980020e-05,7.436888188913395e+03,REACHED_FORCE,REACHED_FORCE,REACHED_FORCE,1,0,0,1,0,0,1,0,0,2.179884381419679e-06,NaN,1.061787805423544e-07,NaN,7.895541425238666e-07,NaN,1.833822094904831e-05,7.498022126624643e-07,6.336764162065093e-06,solution good enough for the tolerances given,solution good enough for the tolerances given,solution good enough for the tolerances given,1.833822094904831e-05,7.498022126624643e-07,6.336764162065093e-06,1.414110927958459e-13,2.179884381419679e-06,1.365223610346579e-13,1.061787805423544e-07,2.707457733255997e-12,7.895541425238666e-07,2.179884381419679e-06,1.061787805423544e-07,7.895541425238666e-07,8.792827620865601e-05,2.872567334371325e+00,1.035708478525041e-04,1.377609652404238e-04,1.130243286854994e-01,4.000000000000000e-02,4.741830686514449e-06,1.080870179026583e-06,9.999989191298210e-01,9.999946280866739e-01,9.999896908212574e-01,9.999800645127900e-01,9.999667674148913e-01,9.999480455248984e-01,9.999009204138399e-01,9.997332137852593e-01,9.984320279053772e-01,9.984320195272141e-01,5.452147059032473e-03,2.524288663456507e-02,1.913124477203213e-02,8.299326126882209e-03,1.435998202314344e-01,1.064176962035726e-01,3.478921313126955e-02,2.807643254087936e-01,6.170886129686521e-17,3.763033404324194e-01,false
8,1.000000000000000e+04,0,3,CONTINUE,1.244222736561683e-03,1.926136764642032e-05,1.000000000000000e-09,1.244222736561683e-04,2.235428753104316e-14,2.013798369582996e-01,2.925885600776495e+02,9.845220334987203e-01,2.868612202656575e+01,9.895314615474053e-07,3.621561523363455e-02,5.921318213270526e-02,7.138583141403840e-01,1.222331226980020e-05,7.436888188913395e+03,REACHED_FORCE,REACHED_FORCE,REACHED_FORCE,1,0,0,1,0,0,1,0,0,6.896428902168341e-07,NaN,3.336681254840456e-08,NaN,2.497457578385816e-07,NaN,5.801241718786914e-06,2.311194247810289e-07,2.004387828384426e-06,solution good enough for the tolerances given,solution good enough for the tolerances given,solution good enough for the tolerances given,5.801241718786914e-06,2.311194247810289e-07,2.004387828384426e-06,5.218268494719946e-13,6.896428902168341e-07,4.950293568551122e-13,3.336681254840456e-08,1.024418463270194e-11,2.497457578385816e-07,6.896428902168341e-07,3.336681254840456e-08,2.497457578385816e-07,4.944353485128193e-05,2.872567333911221e+00,1.035708478525041e-04,1.377609652404238e-04,1.130243286854994e-01,4.000000000000000e-02,1.478120512709454e-06,3.417767454605425e-07,9.999996582232545e-01,9.999983013825103e-01,9.999967401973602e-01,9.999936963053103e-01,9.999894916177555e-01,9.999835714113197e-01,9.999686689121531e-01,9.999156268068311e-01,9.995036749406826e-01,9.995036724194853e-01,5.447172993540542e-03,2.521983060735971e-02,1.911347733451663e-02,8.291798532968350e-03,1.434728858458202e-01,1.063263538326683e-01,3.476159260631514e-02,2.806057748808451e-01,7.054129719928543e-17,3.767611133659660e-01,false
8,3.162000000000000e+04,0,3,CONTINUE,1.244222736561683e-03,1.919813074740500e-05,1.000000000000000e-09,1.244222736561683e-04,2.235428753104316e-14,2.013798369330875e-01,2.925864906409219e+02,9.845725454199867e-01,2.868625671676070e+01,9.860222695880634e-07,3.630439883792697e-02,5.920591836497392e-02,7.138601945870200e-01,1.222331226980020e-05,7.436888188913395e+03,REACHED_FORCE,REACHED_FORCE,REACHED_FORCE,1,0,0,1,0,0,1,0,0,2.181397722897885e-07,NaN,1.053163851308796e-08,NaN,7.899236026105567e-08,NaN,1.834944829155619e-06,7.249947719923805e-08,6.339691261282909e-07,solution good enough for the tolerances given,solution good enough for the tolerances given,solution good enough for the tolerances given,1.834944829155619e-06,7.249947719923805e-08,6.339691261282909e-07,1.302903596900138e-12,2.181397722897885e-07,1.715383266432435e-12,1.053163851308796e-08,3.316646615378226e-11,7.899236026105567e-08,2.181397722897885e-07,1.053163851308796e-08,7.899236026105567e-08,2.780539110359222e-05,2.872567333765748e+00,1.035708478525041e-04,1.377609652404238e-04,1.130243286854994e-01,4.000000000000000e-02,3.069302045356639e-07,1.080895770666501e-07,9.999998919104229e-01,9.999994628004336e-01,9.999989690645704e-01,9.999980064119485e-01,9.999966766420737e-01,9.999948043095428e-01,9.999900911577955e-01,9.999733149712436e-01,9.998429803711283e-01,9.998429803693556e-01,5.445610775539723e-03,2.521256631416630e-02,1.910782032366059e-02,8.289411149912530e-03,1.434327217844562e-01,1.062974502626435e-01,3.475285135319069e-02,2.805555629587370e-01,6.398847175843593e-09,3.769059986788466e-01,false
8,1.000000000000000e+05,0,3,CONTINUE,1.244222736561683e-03,1.917810442220194e-05,1.000000000000000e-09,1.244222736561683e-04,2.235428753104316e-14,2.013798367614282e-01,2.925857585792552e+02,9.845885463670191e-01,2.868629934423276e+01,9.849107641640671e-07,3.633250237392600e-02,5.920361813571882e-02,7.138607893087670e-01,1.222331226980020e-05,7.436888188913395e+03,REACHED_FORCE,REACHED_FORCE,REACHED_FORCE,1,0,0,1,0,0,1,0,0,6.897943704445017e-08,NaN,3.328020856804788e-09,NaN,2.497827300859343e-08,NaN,5.802365735061711e-07,2.286511334570318e-08,2.004680796851563e-07,solution good enough for the tolerances given,solution good enough for the tolerances given,solution good enough for the tolerances given,5.802365735061711e-07,2.286511334570318e-08,2.004680796851563e-07,6.533518756259722e-12,6.897943704445017e-08,7.563641800840661e-12,3.328020856804788e-09,1.243280901595152e-10,2.497827300859343e-08,6.897943704445017e-08,3.328020856804788e-09,2.497827300859343e-08,1.563534472261810e-05,2.872567333719738e+00,1.035708478525041e-04,1.377609652404238e-04,1.130243286854994e-01,4.000000000000000e-02,9.692458524451757e-08,3.417801230920503e-08,9.999999658219877e-01,9.999998301372358e-01,9.999996740177034e-01,9.999993696264718e-01,9.999989491518345e-01,9.999983571168394e-01,9.999968668028674e-01,9.999915620399397e-01,9.999503450613146e-01,9.999503450612960e-01,5.445118317994981e-03,2.521027261478967e-02,1.910602577877545e-02,8.288654877393994e-03,1.434200148455790e-01,1.062883067444806e-01,3.475008567775670e-02,2.805396742315152e-01,1.831185681961181e-04,3.767687283435182e-01,false
8,3.162000000000000e+05,0,3,CONTINUE,1.244222736561683e-03,1.917175685954576e-05,1.000000000000000e-09,1.244222736561683e-04,2.235428753104316e-14,2.013798366297406e-01,2.925831105881105e+02,9.845936072346737e-01,2.868631290661402e+01,9.845591967190027e-07,3.634144555145959e-02,5.920289082246401e-02,7.138609793817978e-01,1.222331226980020e-05,7.436888188913395e+03,REACHED_FORCE,REACHED_FORCE,REACHED_FORCE,1,0,0,1,0,0,1,0,0,2.181549285926827e-08,NaN,1.052297332818539e-09,NaN,7.899606213694767e-09,NaN,1.835057297257916e-07,7.225300705655247e-09,6.339984645570332e-08,solution good enough for the tolerances given,solution good enough for the tolerances given,solution good enough for the tolerances given,1.835057297257916e-07,7.225300705655247e-09,6.339984645570332e-08,1.651992994175081e-11,2.181549285926827e-08,1.691827104821798e-11,1.052297332818539e-09,3.124055423724028e-10,7.899606213694767e-09,2.181549285926827e-08,1.052297332818539e-09,7.899606213694767e-09,8.792846813066659e-06,2.872567333705191e+00,1.035708478525041e-04,1.377609652404238e-04,1.130243286854994e-01,4.000000000000000e-02,3.068335475023593e-08,1.080908362816047e-08,9.999999891909164e-01,9.999999462797271e-01,9.999998969059445e-01,9.999998006406460e-01,9.999996676632107e-01,9.999994804285228e-01,9.999990091069434e-01,9.999973314330368e-01,9.999842958176339e-01,9.999842958176335e-01,5.445007125574105e-03,2.520966588054569e-02,1.910532010590310e-02,8.288392697643861e-03,1.434159946669208e-01,1.062854148882706e-01,3.474920943026835e-02,2.805346529875239e-01,1.787861042037020e-02,3.590877317969801e-01,false
8,1.000000000000000e+06,0,3,CONTINUE,1.244222736561683e-03,1.916978341909066e-05,1.000000000000000e-09,1.244222736561683e-04,2.235428753104316e-14,2.013798354658918e-01,2.879917060563727e+02,9.845952067000276e-01,2.868631726948113e+01,9.844479312224442e-07,3.634432378953574e-02,5.920266128484052e-02,7.138610413695332e-01,1.222331226980020e-05,7.436888188913395e+03,REACHED_FORCE,REACHED_FORCE,REACHED_FORCE,1,0,0,1,0,0,1,0,0,6.898095282899987e-09,NaN,3.327158528566058e-10,NaN,2.497864769619815e-09,NaN,5.802478198756127e-08,2.284048352267972e-09,2.004710470453801e-08,solution good enough for the tolerances given,solution good enough for the tolerances given,solution good enough for the tolerances given,5.802478198756127e-08,2.284048352267972e-09,2.004710470453801e-08,5.705603474392823e-11,6.898095282899987e-09,5.909622868694406e-11,3.327158528566058e-10,1.123876607399052e-09,2.497864769619815e-09,6.898095282899987e-09,3.327158528566058e-10,2.497864769619815e-09,4.944132529270109e-06,2.872567333700589e+00,1.035708478525041e-04,1.377609652404238e-04,1.130243286854994e-01,4.000000000000000e-02,2.159104833916045e-08,3.472322207542788e-09,9.999999965276778e-01,9.999999828856047e-01,9.999999672138322e-01,9.999999368756606e-01,9.999998949146564e-01,9.999998357114280e-01,9.999996866794015e-01,9.999991561976002e-01,9.999950342841908e-01,9.999950342841826e-01,5.532245536330202e-03,2.544227599519402e-02,1.883446094447362e-02,8.243223837419945e-03,1.434104629616393e-01,1.062844062960724e-01,3.474893179623411e-02,2.805330648514933e-01,1.302862383684808e-05,3.769578991573057e-01,false
8,3.162000000000000e+06,0,3,CONTINUE,1.244222736561683e-03,1.916905740825214e-05,1.000000000000000e-09,1.244222736561683e-04,2.235428753104316e-14,2.013798305750445e-01,2.910217342801429e+02,9.845957360164768e-01,2.868631800144304e+01,9.844129806114624e-07,3.634479745406578e-02,5.920258456896259e-02,7.138610448406688e-01,1.222331226980020e-05,7.436888188913395e+03,REACHED_FORCE,REACHED_FORCE,REACHED_FORCE,1,0,0,1,0,0,1,0,0,2.181564449863422e-09,NaN,1.460289469463818e-10,NaN,2.922899434303930e-09,NaN,1.835068543818093e-08,7.222837578377654e-10,6.340016694380199e-09,solution good enough for the tolerances given,solution good enough for the tolerances given,solution good enough for the tolerances given,1.835068543818093e-08,7.222837578377654e-10,6.340016694380199e-09,1.540836523750578e-10,2.181564449863422e-09,1.460289469463818e-10,1.052206710615604e-10,2.922899434303930e-09,7.899646651096663e-10,2.181564449863422e-09,1.460289469463818e-10,2.922899434303930e-09,2.780414531157160e-06,2.872567333699135e+00,1.035708478525041e-04,1.377609652404238e-04,1.130243286854994e-01,4.000000000000000e-02,4.668551226633743e-09,1.086707612785176e-09,9.999999989132924e-01,9.999999946144140e-01,9.999999896709293e-01,9.999999800549789e-01,9.999999667662671e-01,9.999999480428265e-01,9.999999009106058e-01,9.999997331426629e-01,9.999984295595230e-01,9.999984295595199e-01,5.474196168958544e-03,2.528694016656734e-02,1.901460916174121e-02,8.273378730227411e-03,1.434128246774827e-01,1.062842657074764e-01,3.474883374676937e-02,2.805325849295964e-01,3.520199351323665e-01,2.495243157881493e-02,false
8,1.000000000000000e+07,0,3,CONTINUE,1.244222736561683e-03,1.916836598096314e-05,1.000000000000000e-09,1.244222736561683e-04,2.235428753104316e-14,2.013798242692030e-01,2.917933360908705e+02,9.845958736116411e-01,2.868632014932939e+01,9.844024974798199e-07,3.634624312465879e-02,5.920256917782982e-02,7.138610940560153e-01,1.222331226980020e-05,7.436888188913395e+03,REACHED_FORCE,REACHED_FORCE,REACHED_FORCE,1,0,0,1,0,0,1,0,0,7.567001250558837e-10,NaN,9.035961047061371e-10,NaN,1.654084300544233e-08,NaN,5.802489459632105e-09,2.283801707667428e-10,2.004716609301700e-09,solution good enough for the tolerances given,solution good enough for the tolerances given,solution good enough for the tolerances given,5.802489459632105e-09,2.283801707667428e-10,2.004716609301700e-09,7.567001250558837e-10,6.898110758721272e-10,9.035961047061371e-10,3.327105062420149e-11,1.654084300544233e-08,2.497873638471712e-10,7.567001250558837e-10,9.035961047061371e-10,1.654084300544233e-08,1.563415175509930e-06,2.872567333698675e+00,1.035708478525041e-04,1.377609652404238e-04,1.130243286854994e-01,4.000000000000000e-02,1.250641917892832e-09,3.427083061779967e-10,9.999999996572917e-01,9.999999982992047e-01,9.999999967370401e-01,9.999999936948132e-01,9.999999894914986e-01,9.999999835711403e-01,9.999999686679284e-01,9.999999156196888e-01,9.999995034261721e-01,9.999995034261714e-01,5.459684934491571e-03,2.524839476124619e-02,1.905949166438061e-02,8.280794811218116e-03,1.434133300455635e-01,1.062842267522538e-01,3.474878624019948e-02,2.805324474793942e-01,3.769726362436578e-01,2.070675948395637e-07,false
8,3.162000000000000e+07,0,3,CONTINUE,1.244222736561683e-03,1.916885974333800e-05,1.000000000000000e-09,1.244222736561683e-04,2.235428753104316e-14,2.013797866539734e-01,2.799583895902507e+02,9.845958360073083e-01,2.868632521063369e+01,9.843972722838658e-07,3.634966817164237e-02,5.920258487179718e-02,7.138612187756580e-01,1.222331226980020e-05,7.436888188913395e+03,REACHED_FORCE,REACHED_FORCE,REACHED_FORCE,1,0,0,1,0,0,1,0,0,1.083905524560079e-09,NaN,1.091953644487970e-09,NaN,2.243860056285319e-08,NaN,1.835069663328608e-09,7.222589951323085e-11,6.340030356429914e-10,solution good enough for the tolerances given,solution good enough for the tolerances given,solution good enough for the tolerances given,1.835069663328608e-09,7.222589951323085e-11,6.340030356429914e-10,1.083905524560079e-09,2.181566131376175e-10,1.091953644487970e-09,1.052253931799151e-11,2.243860056285319e-08,7.899674597961161e-11,1.083905524560079e-09,1.091953644487970e-09,2.243860056285319e-08,8.810606896337558e-07,2.872567333698529e+00,1.035708478525041e-04,1.377609652404238e-04,1.130243286854994e-01,4.000000000000000e-02,1.086720295765193e-09,1.129651927556097e-10,9.999999998870348e-01,9.999999994511939e-01,9.999999989514736e-01,9.999999979982241e-01,9.999999966765905e-01,9.999999948042795e-01,9.999999900910574e-01,9.999999733142566e-01,9.999998429556967e-01,9.999998429556958e-01,5.694436482617240e-03,2.588532074186270e-02,1.832633748412346e-02,8.154461845144746e-03,1.434013798228339e-01,1.062838632486056e-01,3.474874533020272e-02,2.805325015338197e-01,3.769681914705000e-01,4.762040289970807e-06,false
8,1.000000000000000e+08,0,3,CONTINUE,1.244222736561683e-03,1.917345694195550e-05,1.000000000000000e-09,1.244222736561683e-04,2.235428753104316e-14,2.013798574941511e-01,1.669360081214588e+02,9.845956942722159e-01,2.868633138657357e+01,9.843933135242897e-07,3.635528987070643e-02,5.920263581884817e-02,7.138613763713894e-01,1.222331226980020e-05,7.436888188913395e+03,REACHED_FORCE,REACHED_FORCE,REACHED_FORCE,1,0,0,1,0,0,1,0,0,7.549905781904064e-09,NaN,8.122918474865553e-09,NaN,1.395211809341678e-07,NaN,5.802490630550059e-10,2.283780567835042e-11,2.004728079761682e-10,solution good enough for the tolerances given,solution good enough for the tolerances given,solution good enough for the tolerances given,5.802490630550059e-10,2.283780567835042e-11,2.004728079761682e-10,7.549905781904064e-09,6.898115808272323e-11,8.122918474865553e-09,3.327399604247931e-12,1.395211809341678e-07,2.497887897076048e-11,7.549905781904064e-09,8.122918474865553e-09,1.395211809341678e-07,4.951133646320149e-07,2.872567333698483e+00,1.035708478525041e-04,1.377609652404238e-04,1.130243286854994e-01,4.000000000000000e-02,4.040530556715987e-09,5.990319351667495e-11,9.999999999400968e-01,9.999999997674047e-01,9.999999994456761e-01,9.999999989499420e-01,9.999999983571637e-01,9.999999968667894e-01,9.999999960871364e-01,9.999999915619686e-01,9.999999503426036e-01,9.999999503426031e-01,1.047421074202665e-02,3.504731780869586e-02,1.192741201699059e-02,1.439782394901782e-01,1.063184285122300e-01,3.474883043888168e-02,1.442354987895439e-09,2.805324740943435e-01,3.769649720000043e-01,8.113454293085994e-06,false
8,3.162000000000000e+08,0,3,CONTINUE,1.244222736561683e-03,1.917352599068635e-05,1.000000000000000e-09,1.244222736561683e-04,2.235428753104316e-14,2.013792698595535e-01,2.416874492512698e+02,9.845959029472554e-01,2.868636065817258e+01,9.843941243392466e-07,3.643615736379967e-02,5.920272656901306e-02,7.138621040406906e-01,1.222331226980020e-05,7.436888188913395e+03,REACHED_FORCE,REACHED_FORCE,REACHED_FORCE,1,0,0,1,0,0,1,0,0,1.668257225383513e-08,NaN,1.451926033746108e-08,NaN,2.819439587134019e-07,NaN,1.835069825077032e-10,7.222565203435102e-12,6.339931857562484e-11,solution good enough for the tolerances given,solution good enough for the tolerances given,solution good enough for the tolerances given,1.835069825077032e-10,7.222565203435102e-12,6.339931857562484e-11,1.668257225383513e-08,2.181568824915650e-11,1.451926033746108e-08,1.052561232571418e-12,2.819439587134019e-07,7.899694560007231e-12,1.668257225383513e-08,1.451926033746108e-08,2.819439587134019e-07,2.827296549232345e-07,2.872567333698469e+00,1.035708478525041e-04,1.377609652404238e-04,1.130243286854994e-01,4.000000000000000e-02,2.662220654532917e-10,1.308531061283702e-11,9.999999999869147e-01,9.999999999405116e-01,9.999999998859415e-01,9.999999997951652e-01,9.999999996676376e-01,9.999999994804267e-01,9.999999990091031e-01,9.999999973314382e-01,9.999999842955286e-01,9.999999842955271e-01,6.680178123317869e-03,2.877536363417819e-02,1.525141462283277e-02,7.425273489903202e-03,1.433311422347423e-01,1.062821378676457e-01,3.474874672204713e-02,2.805331318706518e-01,3.769041995424526e-01,6.841189222861397e-05,false
8,1.000000000000000e+09,0,3,CONTINUE,1.244222736561683e-03,1.917431561850506e-05,1.000000000000000e-09,1.244222736561683e-04,2.235428753104316e-14,2.013790956893175e-01,1.646714551663003e+02,9.845966499343902e-01,2.868627479505586e+01,9.844385995508867e-07,3.656198392822922e-02,5.920231946583744e-02,7.138599754570891e-01,1.222331226980020e-05,7.436888188913395e+03,REACHED_FORCE,REACHED_FORCE,REACHED_FORCE,1,0,0,1,0,0,1,0,0,3.563311034218930e-08,NaN,2.885563495222287e-08,NaN,6.378937200360928e-07,NaN,5.802491131511511e-11,2.283766108442590e-12,2.004986859378749e-11,solution good enough for the tolerances given,solution good enough for the tolerances given,solution good enough for the tolerances given,5.802491131511511e-11,2.283766108442590e-12,2.004986859378749e-11,3.563311034218930e-08,6.898119952179208e-12,2.885563495222287e-08,3.326008833348486e-13,6.378937200360928e-07,2.498078962374143e-12,3.563311034218930e-08,2.885563495222287e-08,6.378937200360928e-07,1.519626234052415e-07,2.872567333698464e+00,1.035708478525041e-04,1.377609652404238e-04,1.130243286854994e-01,4.000000000000000e-02,2.686920676801766e-10,6.072697900094681e-12,9.999999999939273e-01,9.999999999766014e-01,9.999999999441873e-01,9.999999998949838e-01,9.999999998357136e-01,9.999999996866789e-01,9.999999991938877e-01,9.999999991562107e-01,9.999999950342422e-01,9.999999950342413e-01,1.065373004879283e-02,3.505694625009494e-02,1.181531648442768e-02,1.439089224221121e-01,1.063070696003615e-01,3.474817588774863e-02,1.593474330753952e-11,2.805378863506761e-01,7.959558792828348e-03,3.690123941470236e-01,false
8,3.162000000000000e+09,0,3,CONTINUE,1.244222736561683e-03,1.903774625739299e-05,1.000000000000000e-09,1.244222736561683e-04,2.235428753104316e-14,2.013741719158937e-01,1.229849155683993e+02,9.845889426544646e-01,2.868705566343105e+01,9.843356874188099e-07,3.767372112974436e-02,5.920554678753398e-02,7.138795053721049e-01,1.222331226980020e-05,7.436888188913395e+03,REACHED_FORCE,REACHED_FORCE,REACHED_FORCE,1,0,0,1,0,0,1,0,0,1.905664063946248e-07,NaN,2.196224048404558e-07,NaN,4.252127644985185e-06,NaN,1.835068703172033e-11,7.222215918294012e-13,6.344580142298053e-12,solution good enough for the tolerances given,solution good enough for the tolerances given,solution good enough for the tolerances given,1.835068703172033e-11,7.222215918294012e-13,6.344580142298053e-12,1.905664063946248e-07,2.181609796124046e-12,2.196224048404558e-07,1.058801906212337e-13,4.252127644985185e-06,7.905540587784793e-13,1.905664063946248e-07,2.196224048404558e-07,4.252127644985185e-06,8.429369702178807e-08,2.872567333698463e+00,1.035708478525041e-04,1.377609652404238e-04,1.130243286854994e-01,4.000000000000000e-02,4.121655920767478e-10,2.571498569636788e-12,9.999999999974285e-01,9.999999999912832e-01,9.999999999770195e-01,9.999999999666247e-01,9.999999999480280e-01,9.999999999009084e-01,9.999999997331388e-01,9.999999995984841e-01,9.999999984295134e-01,9.999999984295129e-01,1.577817123890429e-02,3.457772915386786e-02,1.096287464663956e-02,1.403804457336221e-01,1.060415313784753e-01,3.474068685749413e-02,2.805551071754874e-01,1.208419753400756e-14,3.015926992345842e-01,7.537075458091336e-02,false
8,1.000000000000000e+10,0,3,CONTINUE,1.244222736561683e-03,1.943818275984231e-05,1.000000000000000e-09,1.244222736561683e-04,2.235428753104316e-14,2.013677423092723e-01,9.590288814663117e+01,9.846456151409524e-01,2.868605681740323e+01,9.849941018352765e-07,4.098335414294046e-02,5.920056088611598e-02,7.138551416783047e-01,1.222331226980020e-05,7.436888188913395e+03,REACHED_FORCE,REACHED_FORCE,REACHED_FORCE,1,0,0,1,0,0,1,0,0,6.388030858533914e-07,NaN,4.567615271986687e-07,NaN,1.008203688946967e-05,NaN,5.802507061841885e-12,2.283657985003662e-13,2.006196681382410e-12,solution good enough for the tolerances given,solution good enough for the tolerances given,solution good enough for the tolerances given,5.802507061841885e-12,2.283657985003662e-13,2.006196681382410e-12,6.388030858533914e-07,6.898574556587749e-13,4.567615271986687e-07,3.324711077563261e-14,1.008203688946967e-05,2.499533340016366e-13,6.388030858533914e-07,4.567615271986687e-07,1.008203688946967e-05,4.214684851089403e-08,2.872567333698462e+00,1.035708478525041e-04,1.377609652404238e-04,1.130243286854994e-01,4.000000000000000e-02,2.214313532606281e-10,1.042721464727947e-12,9.999999999989573e-01,9.999999999966467e-01,9.999999999895848e-01,9.999999999835911e-01,9.999999999686686e-01,9.999999999357136e-01,9.999999999156168e-01,9.999999998286671e-01,9.999999995033961e-01,9.999999995033961e-01,2.274952086351281e-02,3.159161055786103e-02,1.459989570676014e-01,1.073745235425734e-01,3.473286576120223e-02,5.738986997670699e-09,2.805920375291135e-01,5.733041212555103e-15,3.745629352220475e-01,2.397543717095383e-03,false
8,3.162000000000000e+10,1,8,CONTINUE,1.244222736561683e-03,1.147741281763728e-03,1.000000000000000e-09,1.244222736561683e-04,2.235428753104316e-14,3.492985974295957e-03,3.064982788901870e-01,1.754500599193524e-04,2.863472627631227e+01,6.365005276264799e-05,5.189705270438865e+00,1.508687741867685e+01,7.091430447737558e-01,1.222331226980020e-05,7.436888188913395e+03,REFINE_STALLED,REFINE_STALLED,REFINE_STALLED,1,1,1,1,1,1,1,3,3,2.391797809665467e-01,2.998400807377584e-01,1.389710640223002e+00,1.539691663851889e+00,1.210415979098444e+01,6.014827089528820e-01,9.911586659064805e-12,1.318439936076904e-10,5.147149556209755e-10,solution good enough for the tolerances given,solution good enough for the tolerances given,solution good enough for the tolerances given,9.911586659064805e-12,1.318439936076904e-10,5.147149556209755e-10,2.391797809665467e-01,1.001061208955666e-11,1.389710640223002e+00,4.926506363627381e-11,1.210415979098444e+01,6.684696070810775e-11,2.998400807377584e-01,1.539691663851889e+00,1.214634761783373e-01,4.472134153984988e-05,2.872567333872522e+00,1.035708478525041e-04,1.377609652404238e-04,1.130243286854994e-01,4.000000000000000e-02,3.035786946446517e-09,1.031834617748473e-10,9.999999998968165e-01,9.999999996045799e-01,9.999999993701565e-01,9.999999990457555e-01,9.999999982662524e-01,9.999999975047320e-01,9.999999968025022e-01,9.999999952356133e-01,9.999999921721079e-01,9.999999909459834e-01,3.445637595008283e-03,2.239577665273626e-02,2.541948545805449e-02,4.188675737635249e-03,5.281409347523026e-02,6.088383373419262e-02,2.260406417974821e-01,2.316171479402196e-01,1.378116177405793e-13,3.731947076093049e-01,false
8,1.000000000000000e+11,1,7,CONTINUE,1.244222736561683e-03,1.144884081032318e-03,1.000000000000000e-09,1.244222736561683e-04,2.235428753104316e-14,2.283164432742760e-03,1.430054656523163e-01,6.574892211566053e-05,2.863351831483650e+01,6.365542460389152e-05,9.141456535575424e-01,1.853319209016881e+01,7.090923935736800e-01,1.222331226980020e-05,7.436888188913395e+03,REFINE_STALLED,REFINE_STALLED,REFINE_STALLED,1,1,1,1,1,1,1,2,2,5.376633862208228e-01,9.615160222343536e-01,1.558022371808500e+00,3.198761654681856e+00,3.650551406910056e+01,2.002384924323263e+00,5.315614510447376e-12,8.164370779217465e-11,3.998626647710218e-10,solution good enough for the tolerances given,solution good enough for the tolerances given,solution good enough for the tolerances given,5.315614510447376e-12,8.164370779217465e-11,3.998626647710218e-10,5.376633862208228e-01,4.084793496318620e-12,1.558022371808500e+00,2.139470306754567e-11,3.650551406910056e+01,4.525498505958029e-11,9.615160222343536e-01,3.198761654681856e+00,1.127223935456173e+00,4.472134153984988e-05,2.872567333872522e+00,1.035708478525041e-04,1.377609652404238e-04,1.130243286854994e-01,4.000000000000000e-02,8.794794050686065e-10,6.992739720601548e-11,9.999999999300726e-01,9.999999998498543e-01,9.999999996258671e-01,9.999999994825144e-01,9.999999993847613e-01,9.999999988607196e-01,9.999999985265395e-01,9.999999982310495e-01,9.999999979207679e-01,9.999999956201140e-01,5.639574472946004e-03,1.350630136043324e-02,5.794422823061884e-02,1.196439134732606e-02,2.449946560008976e-02,1.931000218095267e-02,2.448063692685130e-02,1.657201592864842e-01,2.417182103586489e-03,6.745180584907117e-01,false
8,3.162000000000000e+11,1,7,CONTINUE,1.244222736561683e-03,2.281323408685221e-03,1.000000000000000e-09,1.244222736561683e-04,2.235428753104316e-14,1.402257989617372e-03,5.775515421735321e-02,1.146745178050812e-03,2.863308508521120e+01,6.363431778915345e-05,2.014765092727510e-01,7.357918627122892e+00,7.101075922904116e-01,1.222331226980020e-05,7.436888188913395e+03,REFINE_STALLED,REFINE_STALLED,REFINE_STALLED,1,1,1,1,1,1,1,2,2,6.004233115955440e-01,6.672752314234582e-01,1.371069850979209e+00,1.289513389526451e+00,1.086295687571573e+02,5.977996906649273e+00,2.536910552769761e-12,7.617462580509267e-12,3.056484091828530e-10,solution good enough for the tolerances given,solution good enough for the tolerances given,solution good enough for the tolerances given,2.536910552769761e-12,7.617462580509267e-12,3.056484091828530e-10,6.004233115955440e-01,6.336847091697196e-13,1.371069850979209e+00,1.065338696532748e-12,1.086295687571573e+02,3.187573737064203e-11,6.672752314234582e-01,1.289513389526451e+00,3.281553921167516e+00,4.472134153984988e-05,2.872567333872522e+00,1.035708478525041e-04,1.377609652404238e-04,1.130243286854994e-01,4.000000000000000e-02,5.147405944269126e-10,5.475797593135212e-11,9.999999999452420e-01,9.999999998864890e-01,9.999999997886575e-01,9.999999996479805e-01,9.999999995256679e-01,9.999999992573732e-01,9.999999991047375e-01,9.999999990444588e-01,9.999999986861559e-01,9.999999977446694e-01,1.193525796836013e-02,4.859713690827206e-02,1.413591537041855e-02,1.056602467417322e-01,2.747326658853416e-02,2.932144385608011e-03,7.112931893420047e-03,1.202775439481158e-01,5.350909778791764e-03,6.565246464167471e-01,false
8,1.000000000000000e+12,1,7,CONTINUE,1.244222736561683e-03,1.793425253690757e-03,1.000000000000000e-09,1.244222736561683e-04,2.235428753104316e-14,7.549851422689028e-04,2.191244764515109e-02,4.064612443351940e-04,2.863339223323046e+01,6.364885086417584e-05,6.143527533449036e-02,7.131631736320619e+00,7.097611540376724e-01,1.222331226980020e-05,7.436888188913395e+03,REFINE_STALLED,REFINE_STALLED,REFINE_STALLED,1,1,1,1,1,1,1,2,2,1.581028581560872e+00,9.801735837865236e-01,2.193654974575406e+00,2.251850148211918e+00,3.236355780523965e+02,1.754421895015773e+01,1.405092952558760e-12,2.939412125164146e-12,2.478037017084290e-10,solution good enough for the tolerances given,solution good enough for the tolerances given,solution good enough for the tolerances given,1.405092952558760e-12,2.939412125164146e-12,2.478037017084290e-10,1.581028581560872e+00,2.137788092210411e-13,2.193654974575406e+00,5.310510245231292e-13,3.236355780523965e+02,2.882664890232612e-11,9.801735837865236e-01,2.251850148211918e+00,1.032159623426314e+01,4.472134153984988e-05,2.872567333872522e+00,1.035708478525041e-04,1.377609652404238e-04,1.130243286854994e-01,4.000000000000000e-02,9.895269236851682e-11,4.563616151642691e-11,9.999999999543638e-01,9.999999999119666e-01,9.999999998529019e-01,9.999999997276057e-01,9.999999996349758e-01,9.999999995128226e-01,9.999999993844502e-01,9.999999992781408e-01,9.999999990415616e-01,9.999999986754706e-01,2.750715453842335e-02,9.760214205272047e-02,1.036908199501902e-01,8.957393915329995e-02,7.374576738711650e-02,2.002151735611071e-02,2.942613267721692e-02,2.012515859607502e-01,1.996435857631813e-02,3.372165823478538e-01,false
8,3.162000000000000e+12,1,10,CONTINUE,1.244222736561683e-03,2.424628235986881e-03,1.000000000000000e-09,1.244222736561683e-04,2.235428753104316e-14,3.296887354077544e-04,7.320259791639747e-03,5.189577704519269e-03,2.863341865459873e+01,6.350296180864769e-05,4.573493949399420e-03,9.592887327965848e-01,7.107658266510835e-01,1.222331226980020e-05,7.436888188913395e+03,REFINE_STALLED,REFINE_STALLED,REFINE_STALLED,1,2,2,1,3,3,1,2,2,4.262366738654910e+00,1.519756992493767e+00,4.091848751580707e+00,1.918638985200147e+00,9.813686281499009e+02,3.650155911753309e+01,1.115057418328438e-12,1.192494761254789e-12,2.195960660224843e-10,solution good enough for the tolerances given,solution good enough for the tolerances given,solution good enough for the tolerances given,1.115057418328438e-12,1.192494761254789e-12,2.195960660224843e-10,4.262366738654910e+00,1.624667708220582e-13,4.091848751580707e+00,1.824495364262089e-13,9.813686281499009e+02,2.624712479198749e-11,1.098061562462523e+00,6.073943503449143e-01,2.772985547846598e+01,4.472134153984988e-05,2.872567333872522e+00,1.035708478525041e-04,1.377609652404238e-04,1.130243286854994e-01,4.000000000000000e-02,7.968287066178083e-11,4.320277469105349e-11,9.999999999567972e-01,9.999999999256046e-01,9.999999998835749e-01,9.999999997873359e-01,9.999999997114604e-01,9.999999996186426e-01,9.999999994919941e-01,9.999999993899251e-01,9.999999992035722e-01,9.999999990407451e-01,5.597218868644326e-02,1.180155922042928e-01,2.276312506353752e-01,7.648754926799584e-02,9.634937891079146e-02,5.549280768691651e-02,3.056812595316872e-02,2.042421313648917e-01,9.765618361059086e-03,1.254753569290645e-01,false
8,1.000000000000000e+13,1,11,CONTINUE,1.244222736561683e-03,2.311654512330887e-03,1.000000000000000e-09,1.244222736561683e-04,2.235428753104316e-14,1.203523886922963e-04,2.362990323250506e-03,1.554666382674980e-02,2.863367244701083e+01,6.334261646943597e-05,9.406736606454273e-03,1.795838683374500e+00,7.114134822503566e-01,1.222331226980020e-05,7.436888188913395e+03,REFINE_STALLED,REFINE_STALLED,REFINE_STALLED,1,3,3,1,3,3,1,2,2,1.250893322719963e+01,3.472851721945247e+00,1.257075036007719e+01,4.419080846773267e+00,3.038399835583789e+03,5.861567957044335e+01,1.057324546544678e-12,1.111659500979829e-12,2.081836170865765e-10,solution good enough for the tolerances given,solution good enough for the tolerances given,solution good enough for the tolerances given,1.057324546544678e-12,1.111659500979829e-12,2.081836170865765e-10,1.250893322719963e+01,1.460934372310282e-13,1.257075036007719e+01,1.630420163907192e-13,3.038399835583789e+03,2.473790855749022e-11,8.704407500023529e-01,1.416134881327024e+00,4.833864298665279e+01,4.352998474789197e-05,2.872567333872522e+00,1.035708478525041e-04,1.377609652404238e-04,1.130243286854994e-01,4.000000000000000e-02,8.415624453143784e-11,4.231925920805679e-11,9.999999999576807e-01,9.999999999289046e-01,9.999999998947262e-01,9.999999998082989e-01,9.999999997490503e-01,9.999999996620199e-01,9.999999995406910e-01,9.999999994418574e-01,9.999999992660673e-01,9.999999991691066e-01,8.311345358204224e-02,1.379013450823869e-01,2.423991594300797e-01,9.956509363660132e-02,8.834585978054411e-02,8.402196151364452e-02,2.172746799016723e-02,1.753358861575468e-01,3.825248217347381e-03,6.376452460963961e-02,false
8,3.162000000000000e+13,1,11,CONTINUE,1.244222736561683e-03,1.319135372911762e-03,1.000000000000000e-09,1.244222736561683e-04,2.235428753104316e-14,4.008483391879626e-05,7.543540335161902e-04,5.589291890064671e-03,2.863355922235905e+01,6.354394208480848e-05,1.365634032439092e-02,3.507283088442483e+00,7.083532629533446e-01,1.222331226980020e-05,7.436888188913395e+03,REFINE_STALLED,REFINE_STALLED,REFINE_STALLED,1,3,3,1,3,3,1,2,2,4.331642444747719e+01,5.622855746682761e+00,4.108893279375010e+01,7.813759572494672e+00,9.525793033570926e+03,8.644280316328114e+01,1.045581065985008e-12,1.067534302462908e-12,2.040716938109717e-10,solution good enough for the tolerances given,solution good enough for the tolerances given,solution good enough for the tolerances given,1.045581065985008e-12,1.067534302462908e-12,2.040716938109717e-10,4.331642444747719e+01,1.368658923190205e-13,4.108893279375010e+01,1.398189829513219e-13,9.525793033570926e+03,2.407248801036025e-11,1.874354613701706e+00,3.714219298993110e+00,7.782748899140395e+01,4.309087954424277e-05,2.872567333872522e+00,1.035708478525041e-04,1.377609652404238e-04,1.130243286854994e-01,4.000000000000000e-02,8.872416936681446e-11,4.192401981129024e-11,9.999999999580760e-01,9.999999999288123e-01,9.999999998964475e-01,9.999999998205260e-01,9.999999997672426e-01,9.999999996766895e-01,9.999999995598075e-01,9.999999994624413e-01,9.999999992876045e-01,9.999999992110344e-01,9.827495100136870e-02,1.643757518191167e-01,2.150069380273726e-01,9.765575615561255e-02,1.015496677523888e-01,9.617685934938960e-02,1.681133548790580e-02,1.606044340390739e-01,2.276131267334597e-03,4.726817510043613e-02,false
8,1.000000000000000e+14,1,10,CONTINUE,1.244222736561683e-03,1.185611364171866e-03,1.000000000000000e-09,1.244222736561683e-04,2.235428753104316e-14,1.289323238045717e-05,2.394767429109027e-04,1.332610025691396e-03,2.863347072871479e+01,6.363005289876868e-05,1.787474552642474e-02,5.159378997323999e+00,7.085857433973020e-01,1.222331226980020e-05,7.436888188913395e+03,REFINE_STALLED,REFINE_STALLED,REFINE_STALLED,1,3,3,1,2,2,1,2,2,1.451470406172096e+02,6.609752313927890e+00,1.415973988328681e+02,1.012910934966413e+01,3.003630101823250e+04,9.957371243712007e+01,1.042702820897577e-12,1.051867346115192e-12,2.026974820276947e-10,solution good enough for the tolerances given,solution good enough for the tolerances given,solution good enough for the tolerances given,1.042702820897577e-12,1.051867346115192e-12,2.026974820276947e-10,1.451470406172096e+02,1.333179505370966e-13,1.415973988328681e+02,1.345446360913366e-13,3.003630101823250e+04,2.382949287527434e-11,2.549689115783488e+00,5.899441861653254e+00,9.619445192685707e+01,4.268837433503250e-05,2.872567333872522e+00,1.035708478525041e-04,1.377609652404238e-04,1.130243286854994e-01,4.000000000000000e-02,8.999306216230375e-11,4.175770840220139e-11,9.999999999582423e-01,9.999999999289366e-01,9.999999998961691e-01,9.999999998253650e-01,9.999999997733129e-01,9.999999996813704e-01,9.999999995664559e-01,9.999999994695843e-01,9.999999992946407e-01,9.999999992243993e-01,1.040400951287716e-01,1.763389652231446e-01,2.012948416876672e-01,9.404997069573248e-02,1.095291238517895e-01,1.001686316151537e-01,1.504100611095752e-02,1.552123967738186e-01,1.857266209411736e-03,4.246770270355367e-02,false
8,3.162000000000000e+14,1,10,CONTINUE,1.244222736561683e-03,1.212942447474050e-03,1.000000000000000e-09,1.244222736561683e-04,2.235428753104316e-14,4.099939711141281e-06,7.583908261495503e-05,2.042272118008557e-03,2.863349422460351e+01,6.361486730267444e-05,1.850221725050046e-02,5.977492424124110e+00,7.081952431263219e-01,1.222331226980020e-05,7.436888188913395e+03,REFINE_STALLED,REFINE_STALLED,REFINE_STALLED,1,3,3,1,2,2,1,2,2,4.669117944104107e+02,6.957187489957200e+00,4.627057055101246e+02,1.114811629000494e+01,9.488235537250865e+04,1.043642300175141e+02,1.041883242626403e-12,1.045110762782344e-12,2.022546463108775e-10,solution good enough for the tolerances given,solution good enough for the tolerances given,solution good enough for the tolerances given,1.041883242626403e-12,1.045110762782344e-12,2.022546463108775e-10,4.669117944104107e+02,1.320792342854484e-13,4.627057055101246e+02,1.325261524150898e-13,9.488235537250865e+04,2.374904582961335e-11,2.826043393936889e+00,6.958670515154835e+00,1.032162510519094e+02,4.253708458632236e-05,2.872567333872522e+00,1.035708478525041e-04,1.377609652404238e-04,1.130243286854994e-01,4.000000000000000e-02,9.028952424760578e-11,4.170086498334058e-11,9.999999999582991e-01,9.999999999290443e-01,9.999999998959535e-01,9.999999998269433e-01,9.999999997752007e-01,9.999999996828544e-01,9.999999995686293e-01,9.999999994719162e-01,9.999999992968880e-01,9.999999992286337e-01,1.059851267713472e-01,1.800432735788104e-01,1.970005021946367e-01,9.256121493076311e-02,1.123555504539197e-01,1.014369172215319e-01,1.446217025559997e-02,1.534258384781657e-01,1.733201672042123e-03,4.099620444318443e-02,false
8,1.000000000000000e+15,1,10,CONTINUE,1.244222736561683e-03,1.230348735922299e-03,1.000000000000000e-09,1.244222736561683e-04,2.235428753104316e-14,1.298656625569433e-06,2.399079291283267e-05,2.488945861041688e-03,2.863350920430101e+01,6.360551768947949e-05,1.876066189372241e-02,6.278014586973609e+00,7.079665110658154e-01,1.222331226980020e-05,7.436888188913395e+03,REFINE_STALLED,REFINE_STALLED,REFINE_STALLED,1,3,3,1,2,2,1,2,2,1.484443343539724e+03,7.065333121154649e+00,1.479991205001915e+03,1.151462550841951e+01,2.999758361139254e+05,1.059523102900511e+02,1.041633648237075e-12,1.042694192830145e-12,2.021132114016959e-10,solution good enough for the tolerances given,solution good enough for the tolerances given,solution good enough for the tolerances given,1.041633648237075e-12,1.042694192830145e-12,2.021132114016959e-10,1.484443343539724e+03,1.315859756917166e-13,1.479991205001915e+03,1.318666919645721e-13,2.999758361139254e+05,2.372280999763599e-11,2.921246929231488e+00,7.346538371113831e+00,1.055808580502543e+02,4.248906244623612e-05,2.872567333872522e+00,1.035708478525041e-04,1.377609652404238e-04,1.130243286854994e-01,4.000000000000000e-02,9.036695135389843e-11,4.168265732573673e-11,9.999999999583173e-01,9.999999999290876e-01,9.999999998958704e-01,9.999999998274414e-01,9.999999997757911e-01,9.999999996833238e-01,9.999999995693256e-01,9.999999994726620e-01,9.999999992976043e-01,9.999999992299735e-01,1.066086137614337e-01,1.811637254583035e-01,1.957013540702016e-01,9.205572138380162e-02,1.132730674421547e-01,1.018381331149389e-01,1.427630021085929e-02,1.528521982032767e-01,1.694669611943620e-03,4.053621674308677e-02,false
8,3.162000000000000e+15,1,10,CONTINUE,1.244222736561683e-03,1.237747702491408e-03,1.000000000000000e-09,1.244222736561683e-04,2.235428753104316e-14,4.109331996835412e-07,7.588474179059928e-06,2.678191107385792e-03,2.863351557541459e+01,6.360159676208909e-05,1.884977855912567e-02,6.377786457989624e+00,7.078742320623957e-01,1.222331226980020e-05,7.436888188913395e+03,REFINE_STALLED,REFINE_STALLED,REFINE_STALLED,1,3,3,1,2,2,1,2,2,4.701577990031982e+03,7.092184226529273e+00,4.697022948378556e+03,1.163314204708805e+01,9.484342885937154e+05,1.064621790001533e+02,1.041555629321649e-12,1.041893439945082e-12,2.020690071403671e-10,solution good enough for the tolerances given,solution good enough for the tolerances given,solution good enough for the tolerances given,1.041555629321649e-12,1.041893439945082e-12,2.020690071403671e-10,4.701577990031982e+03,1.308316064060905e-13,4.697022948378556e+03,1.308592324519906e-13,9.484342885937154e+05,2.371462555874741e-11,2.952180578315607e+00,7.475270486923122e+00,1.063438201940509e+02,4.247385993456050e-05,2.872567333872522e+00,1.035708478525041e-04,1.377609652404238e-04,1.130243286854994e-01,4.000000000000000e-02,9.039081533635392e-11,4.167577394298405e-11,9.999999999583242e-01,9.999999999291043e-01,9.999999998958446e-01,9.999999998276003e-01,9.999999997759781e-01,9.999999996834719e-01,9.999999995695457e-01,9.999999994728979e-01,9.999999992978292e-01,9.999999992303967e-01,1.068060513532325e-01,1.815120708099210e-01,1.952932883052393e-01,9.189157507800197e-02,1.135675018470554e-01,1.019675206447170e-01,1.421899699651078e-02,1.526691609201646e-01,1.682517848590661e-03,4.039131619656636e-02,false
8,1.000000000000000e+16,1,10,CONTINUE,1.244222736561683e-03,1.240346939655925e-03,1.000000000000000e-09,1.244222736561683e-04,2.235428753104316e-14,1.299596501715716e-07,2.399654527290408e-06,2.744637569852997e-03,2.863351781579258e+01,6.360022405935401e-05,1.887890597233856e-02,6.409738919474107e+00,7.078425071645175e-01,1.222331226980020e-05,7.436888188913395e+03,REFINE_STALLED,REFINE_STALLED,REFINE_STALLED,1,3,3,1,2,2,1,2,2,1.487670442112538e+04,7.184720555206227e+00,1.487211385023229e+04,1.173561603635901e+01,2.999355541289079e+06,1.066239090824918e+02,1.041531173366258e-12,1.041639116543049e-12,2.020540901154024e-10,solution good enough for the tolerances given,solution good enough for the tolerances given,solution good enough for the tolerances given,1.041531173366258e-12,1.041639116543049e-12,2.020540901154024e-10,1.487670442112538e+04,1.337024872727701e-13,1.487211385023229e+04,1.332595793755980e-13,2.999355541289079e+06,2.371183087229765e-11,2.962023416409084e+00,7.516476544195303e+00,1.065868893168693e+02,4.246905333556886e-05,2.872567333872522e+00,1.035708478525041e-04,1.377609652404238e-04,1.130243286854994e-01,4.000000000000000e-02,9.039702962233272e-11,4.167266531851510e-11,9.999999999583273e-01,9.999999999291094e-01,9.999999998958358e-01,9.999999998276503e-01,9.999999997760369e-01,9.999999996835189e-01,9.999999995696167e-01,9.999999994729729e-01,9.999999992979005e-01,9.999999992305304e-01,1.068711038559222e-01,1.816237004494048e-01,1.951653095920728e-01,9.183717100248660e-02,1.136617196925870e-01,1.020042117600043e-01,1.420005310533409e-02,1.526127100659075e-01,1.678686381665071e-03,4.034533409461622e-02,false
8,3.162000000000000e+16,1,10,CONTINUE,1.244222736561683e-03,1.241288154800911e-03,1.000000000000000e-09,1.244222736561683e-04,2.235428753104316e-14,4.110265289618103e-08,7.588918942572148e-07,2.750817717364702e-03,2.863351805400529e+01,6.360009738631085e-05,1.888811037520352e-02,6.419959351845789e+00,7.078382601211071e-01,1.222331226980020e-05,7.436888188913395e+03,REFINE_STALLED,REFINE_STALLED,REFINE_STALLED,1,3,3,1,2,2,1,2,2,4.704802493920664e+04,7.317391726250079e+00,4.704332384903799e+04,1.193606018823560e+01,9.483921799743285e+06,1.066746290074105e+02,1.041525346559442e-12,1.041556874908800e-12,2.020500711475811e-10,solution good enough for the tolerances given,solution good enough for the tolerances given,solution good enough for the tolerances given,1.041525346559442e-12,1.041556874908800e-12,2.020500711475811e-10,4.704802493920664e+04,1.649898754173667e-13,4.704332384903799e+04,2.087929763081573e-13,9.483921799743285e+06,2.371114645928954e-11,2.965159990107015e+00,7.529641780018098e+00,1.066640261951059e+02,4.246753596681870e-05,2.872567333872522e+00,1.035708478525041e-04,1.377609652404238e-04,1.130243286854994e-01,4.000000000000000e-02,9.039907479735169e-11,4.167333145232988e-11,9.999999999583267e-01,9.999999999291094e-01,9.999999998958311e-01,9.999999998276656e-01,9.999999997760558e-01,9.999999996835340e-01,9.999999995696383e-01,9.999999994729969e-01,9.999999992979232e-01,9.999999992305715e-01,1.068904914424444e-01,1.816575686193328e-01,1.951302530449232e-01,9.182087060977068e-02,1.136849546998196e-01,1.020188015356053e-01,1.419424629369964e-02,1.525941904188319e-01,1.677555075578192e-03,4.033106825999454e-02,false
8,1.000000000000000e+17,1,10,CONTINUE,1.244222736561683e-03,1.241741046960290e-03,1.000000000000000e-09,1.244222736561683e-04,2.235428753104316e-14,1.299691014251803e-08,2.399628955388092e-07,2.749417314540262e-03,2.863351802251294e+01,6.360012681478247e-05,1.889097970658922e-02,6.423272030914784e+00,7.078384109278109e-01,1.222331226980020e-05,7.436888188913395e+03,REFINE_STALLED,REFINE_STALLED,REFINE_STALLED,1,3,3,1,2,2,1,2,2,1.488007173462906e+05,8.367287577339322e+00,1.487957939407611e+05,1.332648482022013e+01,2.999322519755726e+07,1.066890530526325e+02,1.041521741198955e-12,1.041533074071795e-12,2.020483524109128e-10,solution good enough for the tolerances given,solution good enough for the tolerances given,solution good enough for the tolerances given,1.041521741198955e-12,1.041533074071795e-12,2.020483524109128e-10,1.488007173462906e+05,3.305425201246009e-13,1.487957939407611e+05,2.429383234592543e-13,2.999322519755726e+07,2.371094683882884e-11,2.966157815216143e+00,7.533809851171578e+00,1.066891290931732e+02,4.246705370814215e-05,2.872567333872522e+00,1.035708478525041e-04,1.377609652404238e-04,1.130243286854994e-01,4.000000000000000e-02,9.039949512088360e-11,4.167310940772495e-11,9.999999999583269e-01,9.999999999291109e-01,9.999999998958320e-01,9.999999998276725e-01,9.999999997760620e-01,9.999999996835385e-01,9.999999995696440e-01,9.999999994730038e-01,9.999999992979303e-01,9.999999992305864e-01,1.068974206099728e-01,1.816641238808893e-01,1.951146046683557e-01,9.181457915277852e-02,1.137010252291515e-01,1.020220491421037e-01,1.419272865521368e-02,1.525896501332107e-01,1.677034002768436e-03,4.032678452555585e-02,false
8,3.162000000000000e+17,1,11,CONTINUE,1.244222736561683e-03,1.241625361259122e-03,1.000000000000000e-09,1.244222736561683e-04,2.235428753104316e-14,4.110370860210849e-09,7.588878507371231e-08,2.749014431703427e-03,2.863351801105555e+01,6.360013532279227e-05,1.889128036263413e-02,6.424140779952646e+00,7.078381178362221e-01,1.222331226980020e-05,7.436888188913395e+03,REFINE_STALLED,REFINE_STALLED,REFINE_STALLED,1,3,3,1,3,3,1,2,2,4.705214295415194e+05,3.106192201852006e+01,4.705169053127230e+05,3.113426057245727e+01,9.483841712229919e+07,1.066888714600776e+02,1.041519851025096e-12,1.041523843996438e-12,2.020479281364283e-10,solution good enough for the tolerances given,solution good enough for the tolerances given,solution good enough for the tolerances given,1.041519851025096e-12,1.041523843996438e-12,2.020479281364283e-10,4.705214295415194e+05,4.932289625697031e-13,4.705169053127230e+05,5.726099547659249e-13,9.483841712229919e+07,2.371080425278549e-11,2.966438909868686e+00,7.535062378302327e+00,1.066997021910152e+02,4.246689792671793e-05,2.872567333872522e+00,1.035708478525041e-04,1.377609652404238e-04,1.130243286854994e-01,4.000000000000000e-02,9.040046660155781e-11,4.167355349693480e-11,9.999999999583264e-01,9.999999999291111e-01,9.999999998958318e-01,9.999999998276727e-01,9.999999997760636e-01,9.999999996835405e-01,9.999999995696467e-01,9.999999994730060e-01,9.999999992979325e-01,9.999999992305912e-01,1.068987901111565e-01,1.816806237460669e-01,1.951046577320975e-01,9.181044875271292e-02,1.137022198141357e-01,1.020216774417726e-01,1.419168834861937e-02,1.525876352660692e-01,1.676913121510465e-03,4.032534566585937e-02,false
8,1.000000000000000e+18,1,11,CONTINUE,1.244222736561683e-03,1.241626219377113e-03,1.000000000000000e-09,1.244222736561683e-04,2.235428753104316e-14,1.299700766327540e-09,2.399616169641313e-08,2.748841657129894e-03,2.863351800879874e+01,6.360013917175772e-05,1.889199084991171e-02,6.424520284148896e+00,7.078380994108425e-01,1.222331226980020e-05,7.436888188913395e+03,REFINE_STALLED,REFINE_STALLED,REFINE_STALLED,1,3,3,1,3,3,1,2,2,1.488146004689845e+06,3.247911943945810e+02,1.488141388944143e+06,3.247922812913999e+02,2.999323087493794e+08,1.066730973647718e+02,1.041520660143483e-12,1.041520464080809e-12,2.020479123797657e-10,solution good enough for the tolerances given,solution good enough for the tolerances given,solution good enough for the tolerances given,1.041520660143483e-12,1.041520464080809e-12,2.020479123797657e-10,1.488146004689845e+06,1.901852303014746e-12,1.488141388944143e+06,1.810618734569278e-12,2.999323087493794e+08,2.371091832162017e-11,2.966549636698470e+00,7.535548882864639e+00,1.067107381862693e+02,4.246684956644491e-05,2.872567333872522e+00,1.035708478525041e-04,1.377609652404238e-04,1.130243286854994e-01,4.000000000000000e-02,9.039991852437191e-11,4.167333145232988e-11,9.999999999583267e-01,9.999999999291096e-01,9.999999998958302e-01,9.999999998276718e-01,9.999999997760640e-01,9.999999996835407e-01,9.999999995696478e-01,9.999999994730069e-01,9.999999992979329e-01,9.999999992305921e-01,1.069045059091691e-01,1.816810307630803e-01,1.950990395283241e-01,9.181497861739585e-02,1.136992047232995e-01,1.020230713181436e-01,1.419180978783803e-02,1.525853455533682e-01,1.677065111371469e-03,4.032394868801012e-02,false
9,1.000000000000000e+00,0,7,CONTINUE,2.008035342810287e-05,2.013506739826426e-07,1.000000000000000e-09,2.008035342810287e-06,2.220688587228944e-14,1.233044564149288e+01,1.849424739067514e+04,9.898551067563743e-01,2.868854041778955e+01,1.037660961971440e-08,2.956114305824960e-03,8.643939030079440e-04,7.138247218917585e-01,1.982651593750518e-07,4.826872358156281e+05,REACHED_FORCE,REACHED_FORCE,REACHED_FORCE,3,0,0,1,0,0,3,0,0,2.357802075965123e-08,NaN,1.391775179854816e-07,NaN,8.012153996968120e-08,NaN,8.341797985358139e-04,1.075613095554269e-06,2.146102153885493e-03,solution good enough for the tolerances given,solution good enough for the tolerances given,solution good enough for the tolerances given,2.017680124753269e-07,1.075613095554269e-06,7.901806394138630e-07,5.431924179097792e-16,2.357802075965123e-08,7.242565572130390e-16,1.391775179854816e-07,1.219353813120390e-15,8.012153996968120e-08,2.357802075965123e-08,1.391775179854816e-07,8.012153996968120e-08,6.297065317574173e-04,6.947586493691098e+02,1.672515986584331e-06,2.218357025240666e-06,1.690136207660567e-03,0.000000000000000e+00,1.064209473221867e-03,5.406794398998827e-05,9.999459320560100e-01,9.997269822377182e-01,9.995131856088455e-01,9.988797520760954e-01,9.983914597265902e-01,9.975356735467513e-01,9.954175005801632e-01,9.867836651383918e-01,9.249975112895681e-01,9.249837532147193e-01,6.381614757394891e-03,2.899431664001266e-02,2.902172505199354e-02,5.902192376765476e-03,2.077710065326019e-01,6.762590066122490e-02,3.189048399230937e-02,1.160973660694583e-01,2.601933042018761e-21,5.063153939182392e-01,false
9,3.162000000000000e+00,0,7,CONTINUE,2.008035342810287e-05,2.009736773874158e-07,1.000000000000000e-09,2.008035342810287e-06,2.220688587228944e-14,1.233044564147216e+01,1.848187077450358e+04,9.899524972206797e-01,2.868672766329462e+01,1.035824062260465e-08,1.657946982435169e-03,8.659941365434440e-04,7.137796045024134e-01,1.982651593750518e-07,4.826872358156281e+05,REACHED_FORCE,REACHED_FORCE,REACHED_FORCE,3,0,0,1,0,0,3,0,0,7.591817739420139e-10,NaN,4.567682402092051e-08,NaN,2.595594936944723e-09,NaN,2.715210657827116e-04,3.544514279866214e-07,6.896555590746865e-04,solution good enough for the tolerances given,solution good enough for the tolerances given,solution good enough for the tolerances given,6.527449237603223e-09,3.544514279866214e-07,2.550144353394751e-08,5.431924179097792e-16,7.591817739420139e-10,7.242565572130390e-16,4.567682402092051e-08,2.648063037310174e-15,2.595594936944723e-09,7.591817739420139e-10,4.567682402092051e-08,2.595594936944723e-09,3.541255537114609e-04,3.907107034483719e+02,1.672515986584331e-06,2.218357025240666e-06,1.690136207660567e-03,0.000000000000000e+00,1.748967510255379e-04,1.711136966409121e-05,9.999828886303359e-01,9.999136095613833e-01,9.998459624759684e-01,9.996454169669823e-01,9.994907299543504e-01,9.992193277030897e-01,9.985462040781590e-01,9.957821459119832e-01,9.749941543134112e-01,9.749930412625373e-01,6.028931840729172e-03,2.739705844767402e-02,2.739769721466366e-02,5.579945996367972e-03,1.965748900899795e-01,6.405696048112615e-02,3.029531292561305e-02,1.116080910189975e-01,7.416090698115449e-20,5.310611119848490e-01,false
9,1.000000000000000e+01,0,5,CONTINUE,2.008035342810287e-05,2.008838300390015e-07,1.000000000000000e-09,2.008035342810287e-06,2.220688587228944e-14,1.233044564148715e+01,1.847799478098386e+04,9.899835481089252e-01,2.868688932711676e+01,1.035364976308863e-08,1.773310047226028e-03,8.657536783702872e-04,7.137836198108679e-01,1.982651593750518e-07,4.826872358156281e+05,REACHED_FORCE,REACHED_FORCE,REACHED_FORCE,2,0,0,1,0,0,2,0,0,4.388139101984813e-08,NaN,1.500444667926518e-08,NaN,8.553294481746782e-08,NaN,8.669068092952843e-05,1.158490662305847e-07,2.192448449244177e-04,solution good enough for the tolerances given,solution good enough for the tolerances given,solution good enough for the tolerances given,3.307507043606598e-07,1.158490662305847e-07,6.911274750763695e-07,1.086384835819558e-15,4.388139101984813e-08,7.242565572130390e-16,1.500444667926518e-08,7.188812155774735e-15,8.553294481746782e-08,4.388139101984813e-08,1.500444667926518e-08,8.553294481746782e-08,1.991306839854964e-04,2.197067740353303e+02,1.672515986584331e-06,2.218357025240666e-06,1.690136207660567e-03,0.000000000000000e+00,4.976475721327082e-04,5.411813349009975e-06,9.999945881866510e-01,9.999726786673137e-01,9.999512853841191e-01,9.998878510132920e-01,9.998389126979459e-01,9.997530195749051e-01,9.995398522940752e-01,9.986624568373387e-01,9.919859832454648e-01,9.919552361287639e-01,5.914623086835030e-03,2.687920055878498e-02,2.687210676095016e-02,5.475387291218055e-03,1.929372737896411e-01,6.289499225129060e-02,2.977318552050735e-02,1.101007858180056e-01,9.298674498410482e-26,5.391524449227670e-01,false
9,3.162000000000000e+01,0,5,CONTINUE,2.008035342810287e-05,2.008204595850384e-07,1.000000000000000e-09,2.008035342810287e-06,2.220688587228944e-14,1.233044564139093e+01,1.847671497370699e+04,9.899951826806994e-01,2.868581543276660e+01,1.035084073867066e-08,1.010463945845577e-03,8.677067184933769e-04,7.137569006971459e-01,1.982651593750518e-07,4.826872358156281e+05,REACHED_FORCE,REACHED_FORCE,REACHED_FORCE,2,0,0,1,0,0,2,0,0,4.410060101197678e-09,NaN,4.682483925555340e-09,NaN,8.626890282283164e-09,NaN,2.750220217168717e-05,3.628841393169016e-08,6.945778445410818e-05,solution good enough for the tolerances given,solution good enough for the tolerances given,solution good enough for the tolerances given,3.325681802939639e-08,3.628841393169016e-08,6.970231827995858e-08,5.431924179097792e-16,4.410060101197678e-09,1.086384835819558e-15,4.682483925555340e-09,1.094787343534100e-13,8.626890282283164e-09,4.410060101197678e-09,4.682483925555340e-09,8.626890282283164e-09,1.119843192564845e-04,1.235620947338637e+02,1.672515986584331e-06,2.218357025240666e-06,1.690136207660567e-03,0.000000000000000e+00,1.378944791302478e-05,1.711640806312253e-06,9.999982883591937e-01,9.999913589961564e-01,9.999845929255291e-01,9.999645292670880e-01,9.999490496356448e-01,9.999218778809730e-01,9.998544299415743e-01,9.995766073636735e-01,9.974417929618606e-01,9.974417269607385e-01,5.878227022793465e-03,2.671428355214335e-02,2.670466610716608e-02,5.442065066585862e-03,1.917775817546354e-01,6.252431044040554e-02,2.960634404646833e-02,1.096153301245608e-01,2.582795650006354e-19,5.417371918852406e-01,false
9,1.000000000000000e+02,0,5,CONTINUE,2.008035342810287e-05,2.008241424042056e-07,1.000000000000000e-09,2.008035342810287e-06,2.220688587228944e-14,1.233044564098271e+01,1.847632282255077e+04,9.899977095078907e-01,2.868565362701439e+01,1.035110518089397e-08,8.969621579503987e-04,8.680733541154062e-04,7.137528746188034e-01,1.982651593750518e-07,4.826872358156281e+05,REACHED_FORCE,REACHED_FORCE,REACHED_FORCE,2,0,0,1,0,0,2,0,0,4.416317236851587e-10,NaN,1.479204694839284e-09,NaN,8.648308359993215e-10,NaN,8.704848875440242e-06,1.147687644421275e-08,2.197468314767698e-05,solution good enough for the tolerances given,solution good enough for the tolerances given,solution good enough for the tolerances given,3.330668321051495e-09,1.147687644421275e-08,6.987393594623090e-09,9.053206965162987e-16,4.416317236851587e-10,7.242565572130390e-16,1.479204694839284e-09,1.030764195527338e-13,8.648308359993215e-10,4.416317236851587e-10,1.479204694839284e-09,8.648308359993215e-10,6.297067814095031e-05,6.949247714180760e+01,1.672515986584331e-06,2.218357025240666e-06,1.690136207660567e-03,0.000000000000000e+00,1.470050925618099e-06,5.412329435738883e-07,9.999994587670564e-01,9.999972676674619e-01,9.999951282032097e-01,9.999887838555674e-01,9.999838889333119e-01,9.999752964662926e-01,9.999539661652772e-01,9.998660844777337e-01,9.991896565047658e-01,9.991896564928912e-01,5.866684556141713e-03,2.666198384640860e-02,2.665160811938994e-02,5.431500320651993e-03,1.914098400959872e-01,6.240674201172148e-02,2.955339961440240e-02,1.094608970960494e-01,1.367420168933395e-09,5.425573429718272e-01,false
9,3.162000000000000e+02,0,5,CONTINUE,2.008035342810287e-05,2.008251587266177e-07,1.000000000000000e-09,2.008035342810287e-06,2.220688587228944e-14,1.233044564054593e+01,1.847618623609239e+04,9.899985224452460e-01,2.868562019500115e+01,1.035117411795321e-08,8.736034044712768e-04,8.681514659460869e-04,7.137520426887665e-01,1.982651593750518e-07,4.826872358156281e+05,REACHED_FORCE,REACHED_FORCE,REACHED_FORCE,2,0,0,1,0,0,2,0,0,4.419351002883047e-11,NaN,4.677755350015281e-10,NaN,8.657094511984763e-11,NaN,2.753824127141891e-06,3.631046715321815e-09,6.950831164620145e-06,solution good enough for the tolerances given,solution good enough for the tolerances given,solution good enough for the tolerances given,3.333015518283228e-10,3.631046715321815e-09,6.994447388547393e-10,9.053206965162987e-16,4.419351002883047e-11,1.086384835819558e-15,4.677755350015281e-10,4.851924816620272e-13,8.657094511984763e-11,4.419351002883047e-11,4.677755350015281e-10,8.657094511984763e-11,3.541253355076473e-05,3.910027573104038e+01,1.672515986584331e-06,2.218357025240666e-06,1.690136207660567e-03,0.000000000000000e+00,4.639893434536813e-07,1.711692425576672e-07,9.999998288307574e-01,9.999991358796815e-01,9.999984592590183e-01,9.999964528020877e-01,9.999949047298474e-01,9.999921872387781e-01,9.999854410867485e-01,9.999576445967084e-01,9.997435823084904e-01,9.997435823082355e-01,5.863036368128302e-03,2.664545072442927e-02,2.663480287785170e-02,5.428156921320416e-03,1.912934738225004e-01,6.236953698177383e-02,2.953664241340962e-02,1.094119799453252e-01,4.341982198135107e-06,5.428125779630633e-01,false
9,1.000000000000000e+03,0,4,CONTINUE,2.008035342810287e-05,2.012004948758257e-07,1.000000000000000e-09,2.008035342810287e-06,2.220688587228944e-14,1.233044563790624e+01,1.847582191184214e+04,9.899808799539004e-01,2.868785299272227e+01,1.037050640032078e-08,2.463074529866080e-03,8.647227036797650e-04,7.138075911223909e-01,1.982651593750518e-07,4.826872358156281e+05,REACHED_FORCE,REACHED_FORCE,REACHED_FORCE,1,0,0,1,0,0,2,0,0,1.124124012705049e-07,NaN,1.531955937296536e-10,NaN,8.657938621361425e-12,NaN,8.708460186131733e-07,1.208181479844255e-09,2.197974515522579e-06,solution good enough for the tolerances given,solution good enough for the tolerances given,solution good enough for the tolerances given,8.708460186131733e-07,1.208181479844255e-09,6.995067857035164e-11,4.493582263816959e-15,1.124124012705049e-07,4.504837990494227e-15,1.531955937296536e-10,1.261761014934237e-12,8.657938621361425e-12,1.124124012705049e-07,1.531955937296536e-10,8.657938621361425e-12,1.991303673054314e-05,2.202084054972068e+01,1.672515986584331e-06,2.218357025240666e-06,1.690136207660567e-03,0.000000000000000e+00,1.470614659328719e-07,5.412478809585508e-08,9.999999458752119e-01,9.999997267620744e-01,9.999995128144596e-01,9.999988783706341e-01,9.999983888699463e-01,9.999975295917026e-01,9.999953964258010e-01,9.999866068335728e-01,9.999189065070504e-01,9.999189065070420e-01,5.861983951883930e-03,2.664061345659009e-02,2.662902002129584e-02,5.427087018687447e-03,1.912566438768663e-01,6.235776611288150e-02,2.953134069448362e-02,1.093964994067307e-01,1.892047956501140e-08,5.428990265401010e-01,false
9,3.162000000000000e+03,0,3,CONTINUE,2.008035342810287e-05,2.009390302123258e-07,1.000000000000000e-09,2.008035342810287e-06,2.220688587228944e-14,1.233044561800403e+01,1.846973855124160e+04,9.899934593571587e-01,2.868631765512486e+01,1.035704368031533e-08,1.365839765281107e-03,8.666918957268941e-04,7.137693942890473e-01,1.982651593750518e-07,4.826872358156281e+05,REACHED_FORCE,REACHED_FORCE,REACHED_FORCE,1,0,0,1,0,0,1,0,0,3.544516133747606e-08,NaN,1.915261654241266e-10,NaN,7.920624614170131e-08,NaN,2.754185576315013e-07,3.691225903072586e-10,6.951337781724904e-07,solution good enough for the tolerances given,solution good enough for the tolerances given,solution good enough for the tolerances given,2.754185576315013e-07,3.691225903072586e-10,6.951337781724904e-07,8.311599901437124e-15,3.544516133747606e-08,7.574794618016880e-15,1.915261654241266e-10,4.072180588092315e-12,7.920624614170131e-08,3.544516133747606e-08,1.915261654241266e-10,7.920624614170131e-08,1.119837878598059e-05,1.243695424606646e+01,1.672515986584331e-06,2.218357025240666e-06,1.690136207660567e-03,0.000000000000000e+00,4.863292153096577e-08,1.712290231825619e-08,9.999999828770977e-01,9.999999135715157e-01,9.999998459103500e-01,9.999996452640166e-01,9.999994904705473e-01,9.999992187183776e-01,9.999985440895965e-01,9.999957642982049e-01,9.999743523119098e-01,9.999743523119078e-01,5.863542706014103e-03,2.664639793774588e-02,2.661851524813529e-02,5.426522772290214e-03,1.912446985759227e-01,6.235403984141966e-02,2.952966357312628e-02,1.093916053856384e-01,4.749775970658657e-08,5.429249664619488e-01,true
9,1.000000000000000e+04,0,3,CONTINUE,2.008035342810287e-05,2.008592067115532e-07,1.000000000000000e-09,2.008035342810287e-06,2.220688587228944e-14,1.233044555128370e+01,1.847599225594725e+04,9.899972927990124e-01,2.868583212675316e+01,1.035293392275153e-08,1.022189909210880e-03,8.676708103141593e-04,7.137573151079815e-01,1.982651593750518e-07,4.826872358156281e+05,REACHED_FORCE,REACHED_FORCE,REACHED_FORCE,1,0,0,1,0,0,1,0,0,1.121622341004532e-08,NaN,4.806369862196378e-11,NaN,2.504519545435289e-08,NaN,8.708821652406371e-08,1.154311770717083e-10,2.198025204656185e-07,solution good enough for the tolerances given,solution good enough for the tolerances given,solution good enough for the tolerances given,8.708821652406371e-08,1.154311770717083e-10,2.198025204656185e-07,1.656947401471368e-14,1.121622341004532e-08,1.640730756084795e-14,4.806369862196378e-11,1.150747479087514e-11,2.504519545435289e-08,1.121622341004532e-08,4.806369862196378e-11,2.504519545435289e-08,6.296829441254781e-06,7.061210427920800e+00,1.672515986584331e-06,2.218357025240666e-06,1.690136207660567e-03,0.000000000000000e+00,1.468516801029667e-08,5.412429171514077e-09,9.999999945875708e-01,9.999999726763349e-01,9.999999512815502e-01,9.999998878370744e-01,9.999998388867604e-01,9.999997529586194e-01,9.999995396406723e-01,9.999986606672179e-01,9.999918900587508e-01,9.999918900587501e-01,5.861445504090248e-03,2.663821076673489e-02,2.662707633525594e-02,5.426654865508977e-03,1.912413247384792e-01,6.235287020789975e-02,2.952913420612573e-02,1.093900556499670e-01,5.429327767688361e-01,4.509571024527156e-07,false
9,3.162000000000000e+04,0,3,CONTINUE,2.008035342810287e-05,2.008362650140310e-07,1.000000000000000e-09,2.008035342810287e-06,2.220688587228944e-14,1.233044537338159e+01,1.838208575018345e+04,9.899983917284672e-01,2.868567861396783e+01,1.035175159750502e-08,9.144313811112604e-04,8.680157734136327e-04,7.137534959645386e-01,1.982651593750518e-07,4.826872358156281e+05,REACHED_FORCE,REACHED_FORCE,REACHED_FORCE,1,0,0,1,0,0,1,0,0,3.548039014066043e-09,NaN,1.395082238931213e-11,NaN,7.920699708535725e-09,NaN,2.754221731782929e-08,3.637794193920343e-11,6.951388426555606e-08,solution good enough for the tolerances given,solution good enough for the tolerances given,solution good enough for the tolerances given,2.754221731782929e-08,3.637794193920343e-11,6.951388426555606e-08,4.075352724836536e-14,3.548039014066043e-09,3.520635343488394e-14,1.395082238931213e-11,2.833557023946575e-11,7.920699708535725e-09,3.548039014066043e-09,1.395082238931213e-11,7.920699708535725e-09,3.541087817228820e-06,4.030878532100654e+00,1.672515986584331e-06,2.218357025240666e-06,1.690136207660567e-03,0.000000000000000e+00,7.289434364451532e-09,1.720455111708930e-09,9.999999982795449e-01,9.999999913347011e-01,9.999999845698905e-01,9.999999645056418e-01,9.999999490468925e-01,9.999999218717741e-01,9.999998544087685e-01,9.999995764282061e-01,9.999974351719384e-01,9.999974351719362e-01,5.891354163089293e-03,2.675440334662834e-02,2.648902286686851e-02,5.423027855380084e-03,1.912354166139963e-01,6.235241607742838e-02,2.952896762755030e-02,1.093895667744961e-01,5.428596935071547e-01,7.613116740786729e-05,false
9,1.000000000000000e+05,0,3,CONTINUE,2.008035342810287e-05,2.008291589472749e-07,1.000000000000000e-09,2.008035342810287e-06,2.220688587228944e-14,1.233044517120628e+01,1.787903986440087e+04,9.899987340538179e-01,2.868563007030601e+01,1.035138269258069e-08,8.804952614511059e-04,8.681283957646673e-04,7.137522882794521e-01,1.982651593750518e-07,4.826872358156281e+05,REACHED_FORCE,REACHED_FORCE,REACHED_FORCE,1,0,0,1,0,0,1,0,0,1.121974573750254e-09,NaN,4.286304706781434e-12,NaN,2.504526589185830e-09,NaN,8.708857801774529e-09,1.148994728859791e-11,2.198029852111299e-08,solution good enough for the tolerances given,solution good enough for the tolerances given,solution good enough for the tolerances given,8.708857801774529e-09,1.148994728859791e-11,2.198029852111299e-08,1.612890196879166e-13,1.121974573750254e-09,1.661177858330843e-13,4.286304706781434e-12,1.245186403622417e-10,2.504526589185830e-09,1.121974573750254e-09,4.286304706781434e-12,2.504526589185830e-09,1.990741597672073e-06,2.872567333698807e+00,1.672515986584331e-06,2.218357025240666e-06,1.690136207660567e-03,0.000000000000000e+00,4.842888367219189e-09,5.593141505499943e-10,9.999999994406858e-01,9.999999972171669e-01,9.999999950789700e-01,9.999999887356441e-01,9.999999838883525e-01,9.999999752958387e-01,9.999999539640482e-01,9.999998660665650e-01,9.999991889999339e-01,9.999991889999306e-01,6.059149917215424e-03,2.742899511790446e-02,2.569531640861416e-02,5.402638681254854e-03,1.912070574942737e-01,6.235185212181836e-02,2.952890168201640e-02,1.093894288089116e-01,5.426895841136260e-01,2.470756543647219e-04,false
9,3.162000000000000e+05,0,3,CONTINUE,2.008035342810287e-05,2.008264104053169e-07,1.000000000000000e-09,2.008035342810287e-06,2.220688587228944e-14,1.233044388548759e+01,1.456110137844403e+04,9.899988667274243e-01,2.868561473236080e+01,1.035124032250661e-08,8.697894465224998e-04,8.681643333527769e-04,7.137519066942787e-01,1.982651593750518e-07,4.826872358156281e+05,REACHED_FORCE,REACHED_FORCE,REACHED_FORCE,1,0,0,1,0,0,1,0,0,3.548391321405788e-10,NaN,1.343082602139385e-12,NaN,7.920707465216484e-10,NaN,2.754225346456576e-09,3.632484456106240e-12,6.951394343066651e-09,solution good enough for the tolerances given,solution good enough for the tolerances given,solution good enough for the tolerances given,2.754225346456576e-09,3.632484456106240e-12,6.951394343066651e-09,2.232283345644250e-13,3.548391321405788e-10,2.382346495063915e-13,1.343082602139385e-12,2.299925301834900e-10,7.920707465216484e-10,3.548391321405788e-10,1.343082602139385e-12,7.920707465216484e-10,1.120662431535910e-06,2.872567333698571e+00,1.672515986584331e-06,2.218357025240666e-06,1.690136207660567e-03,0.000000000000000e+00,4.912436954608692e-09,2.171920421289997e-10,9.999999997828080e-01,9.999999989944417e-01,9.999999982532928e-01,9.999999962498094e-01,9.999999949032676e-01,9.999999921871121e-01,9.999999854408739e-01,9.999999576428071e-01,9.999997435165711e-01,9.999997435165706e-01,7.580602991772161e-03,3.497930476656352e-02,1.726138486428746e-02,5.235273931947008e-03,1.907428148680841e-01,6.234538615235240e-02,2.952889866057765e-02,1.093894172313911e-01,5.418198591314011e-01,1.117057401623909e-03,false
9,1.000000000000000e+06,0,3,CONTINUE,2.008035342810287e-05,2.008253328684567e-07,1.000000000000000e-09,2.008035342810287e-06,2.220688587228944e-14,1.233044595241537e+01,1.293665710221376e+04,9.899989133107502e-01,2.868561009996492e+01,1.035118877284483e-08,8.665566455901871e-04,8.681752161928912e-04,7.137517914477530e-01,1.982651593750518e-07,4.826872358156281e+05,REACHED_FORCE,REACHED_FORCE,REACHED_FORCE,1,0,0,1,0,0,1,0,0,1.122009506157743e-10,NaN,9.113852069013206e-13,NaN,6.504638771419406e-10,NaN,8.708861416234537e-10,1.148461040202485e-12,2.198030332555471e-09,solution good enough for the tolerances given,solution good enough for the tolerances given,solution good enough for the tolerances given,8.708861416234537e-10,1.148461040202485e-12,2.198030332555471e-09,9.014430130285749e-13,1.122009506157743e-10,9.113852069013206e-13,4.234891227254610e-13,6.504638771419406e-10,2.504524992222144e-10,1.122009506157743e-10,9.113852069013206e-13,6.504638771419406e-10,6.307962682401158e-07,2.872567333698496e+00,1.672515986584331e-06,2.218357025240666e-06,1.690136207660567e-03,0.000000000000000e+00,2.327410672295756e-09,7.729972217873637e-11,9.999999999227003e-01,9.999999996552034e-01,9.999999993582893e-01,9.999999986973667e-01,9.999999983872647e-01,9.999999975295306e-01,9.999999953964056e-01,9.999999866066538e-01,9.999999188999408e-01,9.999999188999390e-01,8.714722978762591e-03,4.048942889768684e-02,1.153892813735125e-02,5.876754514494586e-03,1.891890178674146e-01,6.233561216131180e-02,2.952893201026987e-02,1.093895117897647e-01,5.175156878443684e-01,2.542140379857553e-02,false
9,3.162000000000000e+06,0,3,CONTINUE,2.008035342810287e-05,2.008215532082520e-07,1.000000000000000e-09,2.008035342810287e-06,2.220688587228944e-14,1.233042935323793e+01,1.084222058508545e+04,9.899990073870087e-01,2.868560922451877e+01,1.035106811056987e-08,8.662140576654164e-04,8.681772823939625e-04,7.137517696573745e-01,1.982651593750518e-07,4.826872358156281e+05,REACHED_FORCE,REACHED_FORCE,REACHED_FORCE,1,0,0,1,0,0,1,0,0,3.548425432451440e-11,NaN,3.283249817548307e-12,NaN,3.123645259695090e-09,NaN,2.754225704051600e-10,3.631949057104606e-13,6.951407631753938e-10,solution good enough for the tolerances given,solution good enough for the tolerances given,solution good enough for the tolerances given,2.754225704051600e-10,3.631949057104606e-13,6.951407631753938e-10,3.774065185329624e-12,3.548425432451440e-11,3.283249817548307e-12,1.338586026290525e-13,3.123645259695090e-09,7.920688929030847e-11,3.548425432451440e-11,3.283249817548307e-12,3.123645259695090e-09,3.526258339345226e-07,2.872567333698473e+00,1.672515986584331e-06,2.218357025240666e-06,1.690136207660567e-03,0.000000000000000e+00,1.915371734070441e-09,2.916888952597674e-11,9.999999999708311e-01,9.999999998803122e-01,9.999999997232358e-01,9.999999994911231e-01,9.999999992188173e-01,9.999999985440953e-01,9.999999985063586e-01,9.999999957642727e-01,9.999999743516214e-01,9.999999743516209e-01,1.077591964627137e-02,4.460630826786849e-02,7.674831085451615e-03,1.926495986506024e-01,6.243745837934956e-02,2.952684887034243e-02,2.210530639762834e-06,1.093893010636694e-01,3.807979013422622e-01,1.621396221635431e-01,false
9,1.000000000000000e+07,0,3,CONTINUE,2.008035342810287e-05,2.008262779579901e-07,1.000000000000000e-09,2.008035342810287e-06,2.220688587228944e-14,1.233042641098456e+01,1.094036105266448e+04,9.899991879758693e-01,2.868560817382728e+01,1.035090679982181e-08,8.654076809392370e-04,8.681796827147088e-04,7.137517435108123e-01,1.982651593750518e-07,4.826872358156281e+05,REACHED_FORCE,REACHED_FORCE,REACHED_FORCE,1,0,0,1,0,0,1,0,0,1.122012671560944e-11,NaN,1.042244758936651e-11,NaN,8.281889668204486e-09,NaN,8.708861764410823e-11,1.148402435529139e-13,2.198015266286317e-10,solution good enough for the tolerances given,solution good enough for the tolerances given,solution good enough for the tolerances given,8.708861764410823e-11,1.148402435529139e-13,2.198015266286317e-10,1.078306943511043e-11,1.122012671560944e-11,1.042244758936651e-11,4.229883727946856e-14,8.281889668204486e-09,2.504492482604260e-11,1.122012671560944e-11,1.042244758936651e-11,8.281889668204486e-09,2.021291846968313e-07,2.872567333698465e+00,1.672515986584331e-06,2.218357025240666e-06,1.690136207660567e-03,0.000000000000000e+00,1.276268862208444e-09,9.140466161738914e-12,9.999999999908595e-01,9.999999999623033e-01,9.999999999136695e-01,9.999999998391214e-01,9.999999997530118e-01,9.999999996741213e-01,9.999999995396436e-01,9.999999986606680e-01,9.999999918899836e-01,9.999999918899805e-01,1.065795582340192e-02,4.453189242389731e-02,7.769264297250025e-03,1.927169742533476e-01,6.246410196300448e-02,3.191696599080129e-06,2.952919538482226e-02,1.093896020491734e-01,5.093038055959250e-01,3.363401651257950e-02,false
9,3.162000000000000e+07,0,3,CONTINUE,2.008035342810287e-05,2.012680551153770e-07,1.000000000000000e-09,2.008035342810287e-06,2.220688587228944e-14,1.233018737873071e+01,9.043100363151203e+03,9.899747958654613e-01,2.868560892678206e+01,1.037611109663142e-08,8.657691491058140e-04,8.681779330884581e-04,7.137517649816997e-01,1.982651593750518e-07,4.826872358156281e+05,REACHED_FORCE,REACHED_FORCE,REACHED_FORCE,1,0,0,1,0,0,1,0,0,6.049203048876064e-11,NaN,5.951124411366347e-11,NaN,4.794936795508234e-08,NaN,2.754225639508723e-11,3.631928678764018e-14,6.951386462594300e-11,solution good enough for the tolerances given,solution good enough for the tolerances given,solution good enough for the tolerances given,2.754225639508723e-11,3.631928678764018e-14,6.951386462594300e-11,6.049203048876064e-11,3.548429204445815e-12,5.951124411366347e-11,1.338370006346179e-14,4.794936795508234e-08,7.920569156754430e-12,6.049203048876064e-11,5.951124411366347e-11,4.794936795508234e-08,1.115100797049386e-07,2.872567333698463e+00,1.672515986584331e-06,2.218357025240666e-06,1.690136207660567e-03,0.000000000000000e+00,1.078669327193297e-09,3.497202527569243e-12,9.999999999965028e-01,9.999999999871445e-01,9.999999999646914e-01,9.999999999489817e-01,9.999999999218536e-01,9.999999998544093e-01,9.999999995764197e-01,9.999999984193013e-01,9.999999974351153e-01,9.999999974351117e-01,1.349817798115038e-02,4.455554311920604e-02,7.577390080496825e-03,1.903013315717017e-01,6.221095390088641e-02,2.952507640804740e-02,1.093922377358674e-01,6.126316217515958e-21,5.429392891894045e-01,1.324051042729831e-11,false
9,1.000000000000000e+08,0,3,CONTINUE,2.008035342810287e-05,2.009688419297914e-07,1.000000000000000e-09,2.008035342810287e-06,2.220688587228944e-14,1.232982932377821e+01,7.161074300149797e+03,9.899948740615166e-01,2.868559277556038e+01,1.035570816301317e-08,1.013419066316961e-03,8.682156147783200e-04,7.137513609861121e-01,1.982651593750518e-07,4.826872358156281e+05,REACHED_FORCE,REACHED_FORCE,REACHED_FORCE,1,0,0,1,0,0,1,0,0,1.256929148629299e-10,NaN,1.392354260979779e-10,NaN,1.023059935298554e-07,NaN,8.708861064883464e-12,1.148605846689320e-14,2.197647768725981e-11,solution good enough for the tolerances given,solution good enough for the tolerances given,solution good enough for the tolerances given,8.708861064883464e-12,1.148605846689320e-14,2.197647768725981e-11,1.256929148629299e-10,1.122022742657559e-12,1.392354260979779e-10,4.190273457384760e-15,1.023059935298554e-07,2.503924990151706e-12,1.256929148629299e-10,1.392354260979779e-10,1.023059935298554e-07,4.214684851089403e-08,2.872567333698462e+00,1.672515986584331e-06,2.218357025240666e-06,1.690136207660567e-03,0.000000000000000e+00,2.202421158122228e-10,1.396438520373522e-12,9.999999999986036e-01,9.999999999954940e-01,9.999999999840050e-01,9.999999999753708e-01,9.999999999566320e-01,9.999999999539559e-01,9.999999998660682e-01,9.999999998309919e-01,9.999999991889590e-01,9.999999991889588e-01,1.845088232261716e-02,4.194762158705215e-02,1.939111970259003e-01,6.381526400766800e-02,1.439190167117510e-04,2.939687191926292e-02,1.094051959627291e-01,3.792482138061711e-13,1.597108749912195e-02,5.269579606585574e-01,false
9,3.162000000000000e+08,0,7,CONTINUE,2.008035342810287e-05,1.321544130462152e-06,1.000000000000000e-09,2.008035342810287e-06,2.220688587228944e-14,3.502314243091338e-02,2.532707469305045e+01,9.367278198452417e-01,2.870133855167933e+01,6.523955884189946e-08,1.285287006347076e-02,9.280078877614545e-04,7.141494041407934e-01,1.982651593750518e-07,4.826872358156281e+05,REACHED_FORCE,REACHED_FORCE,REACHED_FORCE,1,1,1,1,1,1,1,2,2,2.825218650579681e-05,3.696737648754513e-07,2.822885923728477e-05,3.696980643349519e-07,1.297272485334391e-01,2.250080298696513e-05,2.314856745142816e-12,1.410583765010095e-12,9.118961548814461e-10,solution good enough for the tolerances given,solution good enough for the tolerances given,solution good enough for the tolerances given,2.314856745142816e-12,1.410583765010095e-12,9.118961548814461e-10,2.825218650579681e-05,1.853385396622184e-12,2.822885923728477e-05,1.863444295447473e-12,1.297272485334391e-01,9.164287326803485e-11,3.696737648754513e-07,3.696980643349519e-07,3.091716273925890e-08,4.472134153984988e-05,2.872567333872522e+00,1.672515986584331e-06,2.218357025240666e-06,1.690136207660567e-03,0.000000000000000e+00,2.319035037337367e-09,1.248685599364308e-10,9.999999998751314e-01,9.999999994503761e-01,9.999999987945754e-01,9.999999974487515e-01,9.999999961788715e-01,9.999999921328957e-01,9.999999597447755e-01,9.999999596104576e-01,9.999999097009993e-01,9.999999097009908e-01,2.216800802301409e-02,9.358945922495941e-02,4.221886944581472e-02,1.481337369034458e-01,1.210264587528944e-01,3.877078141420070e-03,9.208676150642158e-12,4.720777197176752e-01,4.339481656156869e-06,9.690433029991208e-02,false
9,1.000000000000000e+09,0,9,CONTINUE,2.008035342810287e-05,6.519326976077966e-07,1.000000000000000e-09,2.008035342810287e-06,2.220688587228944e-14,1.114685801931293e-02,8.246734846512476e+00,9.674964968615982e-01,2.875469272054132e+01,3.239891711093621e-08,5.171961267698187e-02,1.903435477607063e-03,7.154733440387609e-01,1.982651593750518e-07,4.826872358156281e+05,REACHED_FORCE,REACHED_FORCE,REACHED_FORCE,1,2,2,1,2,2,1,2,2,7.175852660161558e-05,3.576837098671203e-05,7.160398042292594e-05,3.573047312821010e-05,4.102270195257118e-01,2.236981251063416e-04,1.202512779185159e-12,1.419994092861580e-12,9.075465937690230e-10,solution good enough for the tolerances given,solution good enough for the tolerances given,solution good enough for the tolerances given,1.202512779185159e-12,1.419994092861580e-12,9.075465937690230e-10,7.175852660161558e-05,1.720997307686414e-11,7.160398042292594e-05,1.720872550294190e-11,4.102270195257118e-01,9.147912745584577e-11,1.360399885643755e-07,1.358533251129877e-07,9.783525435898140e-07,4.472134153984988e-05,2.872567333872522e+00,1.672515986584331e-06,2.218357025240666e-06,1.690136207660567e-03,0.000000000000000e+00,1.237759073984700e-09,1.212601130617941e-10,9.999999998787399e-01,9.999999994559494e-01,9.999999987875543e-01,9.999999974527480e-01,9.999999961848363e-01,9.999999921470515e-01,9.999999597971274e-01,9.999999597595268e-01,9.999999102886334e-01,9.999999102886294e-01,6.949064548762044e-03,3.300707253160395e-02,1.384221274377682e-02,7.498499083623607e-02,2.392822290288565e-02,2.561158939825006e-03,1.180841018447909e-10,5.491862473744640e-01,2.771146097817088e-01,1.842642022265386e-02,false
9,3.162000000000000e+09,0,10,CONTINUE,2.008035342810287e-05,1.954986204663365e-06,1.000000000000000e-09,2.008035342810287e-06,2.220688587228944e-14,3.578481710515277e-03,2.810328049330641e+00,9.043397601968597e-01,2.901547104338141e+01,9.331774434795194e-08,2.607256105124511e-01,9.039659207821120e-03,7.219704698767860e-01,1.982651593750518e-07,4.826872358156281e+05,REACHED_FORCE,REACHED_FORCE,REACHED_FORCE,1,2,2,1,2,2,1,3,3,2.485422596791898e-04,4.674616808363980e-05,2.468511257144512e-04,4.636917686595043e-05,1.296690450378738e+00,2.194808294677001e-03,1.279419177820952e-12,1.396092782149688e-12,9.014296718541881e-10,solution good enough for the tolerances given,solution good enough for the tolerances given,solution good enough for the tolerances given,1.279419177820952e-12,1.396092782149688e-12,9.014296718541881e-10,2.485422596791898e-04,2.661635899402083e-12,2.468511257144512e-04,2.641614372568776e-12,1.296690450378738e+00,9.133639882644722e-11,8.020939353469368e-07,7.950261929007794e-07,4.013999194332807e-07,4.472134153984988e-05,2.872567333872522e+00,1.672515986584331e-06,2.218357025240666e-06,1.690136207660567e-03,0.000000000000000e+00,2.171638841381914e-10,1.125333159990305e-10,9.999999998874667e-01,9.999999994600166e-01,9.999999987732975e-01,9.999999974551741e-01,9.999999961897545e-01,9.999999921639466e-01,9.999999601463148e-01,9.999999601458129e-01,9.999999116229947e-01,9.999999116229921e-01,3.684319716615743e-04,3.004446634804080e-03,8.546383586069016e-04,1.407238882511131e-02,5.767971929840004e-05,9.597220758683406e-03,2.174085790015500e-06,2.705753530477268e-01,2.512643262211600e-06,7.014651539550553e-01,false
9,1.000000000000000e+10,1,11,CONTINUE,2.008035342810287e-05,1.269081889891931e-05,1.000000000000000e-09,2.008035342810287e-06,2.220688587228944e-14,1.182683876602587e-03,6.694104868815280e-01,6.420516588458879e-01,5.029566712531825e+01,1.035007521106663e-08,2.397450084858696e+01,8.373111335400948e-01,1.251429312418416e+00,1.982651593750518e-07,4.826872358156281e+05,REFINE_STALLED,REACHED_FORCE,REACHED_FORCE,1,1,1,1,3,3,1,4,4,3.667163248381015e-04,5.743748007779914e-04,9.515949837866334e-04,6.551168660744422e-05,4.096614782785307e+00,2.070314033098578e-02,1.306301079717052e-12,2.029164778682244e-12,8.853443570694370e-10,solution good enough for the tolerances given,solution good enough for the tolerances given,solution good enough for the tolerances given,1.306301079717052e-12,2.029164778682244e-12,8.853443570694370e-10,3.667163248381015e-04,3.534076319614564e-12,9.515949837866334e-04,3.866766985858035e-13,4.096614782785307e+00,9.103405938011690e-11,5.743748007779914e-04,4.026909487077819e-07,1.609323648066723e-06,4.472134153984988e-05,2.872567333872522e+00,1.672515986584331e-06,2.218357025240666e-06,1.690136207660567e-03,0.000000000000000e+00,8.308472719790302e-10,1.493851709000182e-10,9.999999998506148e-01,9.999999994452551e-01,9.999999990766284e-01,9.999999974602802e-01,9.999999961967330e-01,9.999999922082514e-01,9.999999613116733e-01,9.999999612966789e-01,9.999999154465593e-01,9.999999154465589e-01,5.364478162048175e-05,7.953285656073328e-04,1.698712938930478e-04,5.342116007673816e-03,2.978538019651919e-03,1.229881400500847e-02,3.497565434726160e-11,1.974739111561233e-01,1.396572513920689e-05,7.808738104103069e-01,false
9,3.162000000000000e+10,1,17,CONTINUE,2.008035342810287e-05,1.895151957402724e-05,1.000000000000000e-09,2.008035342810287e-06,2.220688587228944e-14,4.245980215772237e-04,2.329525679306803e-01,2.383233561757636e-02,2.773333507346197e+01,1.074719132713880e-06,2.842235075175752e+01,9.952135442685807e-01,6.901180559875512e-01,1.982651593750518e-07,4.826872358156281e+05,REFINE_STALLED,REACHED_FORCE,REACHED_FORCE,1,1,1,1,6,6,1,7,7,1.291495805951977e-03,1.414357028850171e-03,4.674999816057993e-03,7.333797707882115e-04,1.291484896566782e+01,1.736779807846880e-01,1.188019554436334e-12,2.067397735258669e-12,8.426755594504113e-10,solution good enough for the tolerances given,solution good enough for the tolerances given,solution good enough for the tolerances given,1.188019554436334e-12,2.067397735258669e-12,8.426755594504113e-10,1.291495805951977e-03,7.990524519615339e-13,4.674999816057993e-03,4.919380837065643e-13,1.291484896566782e+01,9.033091056591515e-11,1.414357028850171e-03,6.146481681016408e-07,1.309648852892662e-06,4.472134153984988e-05,2.872567333872522e+00,1.672515986584331e-06,2.218357025240666e-06,1.690136207660567e-03,0.000000000000000e+00,5.179040820217264e-10,1.357596257633986e-10,9.999999998642404e-01,9.999999994860209e-01,9.999999991792630e-01,9.999999974752798e-01,9.999999962202244e-01,9.999999923422231e-01,9.999999645316043e-01,9.999999645264838e-01,9.999999255164915e-01,9.999999255164898e-01,9.906892813331442e-05,6.867728992754798e-04,5.025975247838509e-04,4.211794525646581e-03,5.714500847117060e-03,1.560196775827976e-02,2.167183353260099e-09,1.881198858686531e-01,5.750385334823435e-06,7.850576590955928e-01,false
9,1.000000000000000e+11,1,16,CONTINUE,2.008035342810287e-05,1.874295839437990e-05,1.000000000000000e-09,2.008035342810287e-06,2.220688587228944e-14,1.836013731073165e-04,6.990214733414185e-02,1.527057417469508e-10,2.886541226680540e+01,1.028492260531783e-06,8.445072378641834e+08,2.922338809464789e+07,7.182779107685836e-01,1.982651593750518e-07,4.826872358156281e+05,REFINE_STALLED,REFINE_STALLED,REFINE_ITMAX,1,1,1,1,2,1,1,10,10,2.049290834583390e-01,7.487369880629385e-01,2.486851685998322e+04,9.205156789723352e+04,4.054252286515372e+01,1.077279224893529e+00,9.015434461210328e-13,1.156652222473911e-07,7.557935811719054e-10,solution good enough for the tolerances given,solution good enough for the tolerances given,solution good enough for the tolerances given,9.015434461210328e-13,1.156652222473911e-07,7.557935811719054e-10,2.049290834583390e-01,9.408960158307918e-12,2.486851685998322e+04,1.154631730472348e-06,4.054252286515372e+01,8.906600125810264e-11,7.487369880629385e-01,9.205156789723352e+04,1.586969792394400e-04,4.472134153984988e-05,2.872567333872522e+00,1.672515986584331e-06,2.218357025240666e-06,1.690136207660567e-03,0.000000000000000e+00,5.670664138604049e-09,1.430571217042598e-10,9.999999998569429e-01,9.999999994627204e-01,9.999999991271535e-01,9.999999975211757e-01,9.999999962924617e-01,9.999999927342769e-01,9.999999731549225e-01,9.999999719178165e-01,9.999999455341836e-01,9.999999455341794e-01,2.488103602960555e-04,1.398781130943908e-03,8.031266774935591e-04,5.945591413816342e-03,1.057530622675527e-02,2.471281306886169e-02,7.863574789948845e-15,2.044411942847656e-01,1.185866435285786e-06,7.518731909706247e-01,false
9,3.162000000000000e+11,1,7,CONTINUE,2.008035342810287e-05,1.858133801490994e-05,1.000000000000000e-09,2.008035342810287e-06,2.220688587228944e-14,1.040730936225142e-04,3.064560724876468e-02,6.166679152627963e-07,2.868435624055992e+01,1.035007199120732e-06,3.544731142961229e+00,1.863683162178753e+02,7.138373901757609e-01,1.982651593750518e-07,4.826872358156281e+05,REFINE_STALLED,REFINE_STALLED,REFINE_STALLED,1,1,1,1,1,1,1,2,2,2.285289873654506e-01,5.348416784458709e-01,5.918377619964443e+00,1.409925037650078e+01,1.263739017285793e+02,3.680298083718627e+00,5.467873037961342e-13,3.061895982235207e-11,6.509449049730569e-10,solution good enough for the tolerances given,solution good enough for the tolerances given,solution good enough for the tolerances given,5.467873037961342e-13,3.061895982235207e-11,6.509449049730569e-10,2.285289873654506e-01,1.004815148059702e-12,5.918377619964443e+00,2.129150060870382e-11,1.263739017285793e+02,8.601152303734789e-11,5.348416784458709e-01,1.409925037650078e+01,2.349084634032417e+00,4.472134153984988e-05,2.872567333872522e+00,1.672515986584331e-06,2.218357025240666e-06,1.690136207660567e-03,0.000000000000000e+00,2.211250676506831e-10,1.031976726295625e-10,9.999999998968023e-01,9.999999995711299e-01,9.999999992544595e-01,9.999999988120591e-01,9.999999976535412e-01,9.999999965055588e-01,9.999999937286692e-01,9.999999829971785e-01,9.999999696121973e-01,9.999999696121722e-01,4.667646453691839e-04,2.452178814791213e-03,3.558420323142698e-03,1.936657372878735e-04,1.284113487287044e-02,2.418501717651677e-02,4.806122603458089e-02,2.061914958420492e-01,1.726820356077742e-06,7.020483697330357e-01,false
9,1.000000000000000e+12,1,8,CONTINUE,2.008035342810287e-05,1.855590415665267e-05,1.000000000000000e-09,2.008035342810287e-06,2.220688587228944e-14,7.124646400327180e-05,9.914909190194884e-03,2.723875596557593e-06,2.868435426360063e+01,1.035006564156553e-06,2.870391184715736e-01,3.172615331224708e+01,7.138359600159211e-01,1.982651593750518e-07,4.826872358156281e+05,REFINE_STALLED,REFINE_STALLED,REFINE_STALLED,1,1,1,1,1,1,1,3,3,2.739471420274858e-01,2.970184461508561e-01,2.366819585360698e+00,2.447497638090921e+00,3.903902977457219e+02,1.579561436707783e+01,2.993905206570861e-13,4.538115775177902e-12,5.626872122531963e-10,solution good enough for the tolerances given,solution good enough for the tolerances given,solution good enough for the tolerances given,2.993905206570861e-13,4.538115775177902e-12,5.626872122531963e-10,2.739471420274858e-01,1.841713133757391e-13,2.366819585360698e+00,1.096606306781707e-12,3.903902977457219e+02,7.589872198121619e-11,2.970184461508561e-01,2.447497638090921e+00,5.275155016773247e+00,4.472134153984988e-05,2.872567333872522e+00,1.672515986584331e-06,2.218357025240666e-06,1.690136207660567e-03,0.000000000000000e+00,3.680274174682199e-10,1.008582106720723e-10,9.999999998991418e-01,9.999999995874356e-01,9.999999992974551e-01,9.999999989815958e-01,9.999999979802017e-01,9.999999970537454e-01,9.999999955180294e-01,9.999999922596805e-01,9.999999859647304e-01,9.999999859642159e-01,1.517802482278380e-03,7.529922496072513e-03,1.025963731551272e-02,6.717869145949713e-04,2.467095623523514e-02,4.283800964196260e-02,6.840225977832294e-02,1.326926958729477e-01,2.531808908435938e-06,7.114143974541648e-01,false
9,3.162000000000000e+12,1,8,CONTINUE,2.008035342810287e-05,1.848663199104633e-05,1.000000000000000e-09,2.008035342810287e-06,2.220688587228944e-14,4.882126836781230e-05,3.506380633809617e-03,3.631462376652580e-07,2.868435333104854e+01,1.035007392673022e-06,3.380276850970955e-01,8.818197106315309e+01,7.138311826506903e-01,1.982651593750518e-07,4.826872358156281e+05,REFINE_STALLED,REFINE_STALLED,REFINE_STALLED,1,1,1,1,1,1,1,3,3,4.086513666763819e-01,7.890046437649544e-01,6.152026716393236e+00,1.177683778354205e+01,1.188061457337596e+03,6.469222386358045e+01,1.621245646437300e-13,4.743690494386187e-12,4.601957978484166e-10,solution good enough for the tolerances given,solution good enough for the tolerances given,solution good enough for the tolerances given,1.621245646437300e-13,4.743690494386187e-12,4.601957978484166e-10,4.086513666763819e-01,1.565259743238465e-13,6.152026716393236e+00,2.508932277112080e-12,1.188061457337596e+03,5.704140405819780e-11,7.890046437649544e-01,1.177683778354205e+01,1.584870988436312e+01,4.472134153984988e-05,2.872567333872522e+00,1.672515986584331e-06,2.218357025240666e-06,1.690136207660567e-03,0.000000000000000e+00,1.643765678758206e-09,9.019429647594279e-11,9.999999999098057e-01,9.999999997483537e-01,9.999999995584490e-01,9.999999993138426e-01,9.999999985331620e-01,9.999999980241985e-01,9.999999973478426e-01,9.999999968861220e-01,9.999999940228630e-01,9.999999935221771e-01,3.980904386084373e-03,4.330996001504302e-03,2.455941350572596e-02,1.537192601656731e-02,1.899355748331757e-02,3.226839872024072e-02,5.389482622666281e-02,4.100761908996381e-02,5.969215081117887e-13,8.055923585693366e-01,false
9,1.000000000000000e+13,1,7,CONTINUE,2.008035342810287e-05,6.772744873503541e-05,1.000000000000000e-09,2.008035342810287e-06,2.220688587228944e-14,3.108930349271115e-05,1.526105924377640e-03,3.139191048367202e-04,2.868435128951817e+01,1.034902384940375e-06,4.070779264093717e-03,3.581188389710638e+00,7.140147549531383e-01,1.982651593750518e-07,4.826872358156281e+05,REFINE_STALLED,REFINE_STALLED,REFINE_STALLED,1,1,1,1,1,1,1,2,2,5.347621849026247e-01,8.339618068226339e-01,7.472977322020483e-01,4.179331546572987e-01,3.554852710273054e+03,1.907491404281181e+02,7.818537471086166e-14,4.871501124043345e-13,3.532448404128327e-10,solution good enough for the tolerances given,solution good enough for the tolerances given,solution good enough for the tolerances given,7.818537471086166e-14,4.871501124043345e-13,3.532448404128327e-10,5.347621849026247e-01,3.203813969229400e-14,7.472977322020483e-01,6.205530497801842e-14,3.554852710273054e+03,3.768315284766397e-11,8.339618068226339e-01,4.179331546572987e-01,1.169187065138399e+02,4.472134153984988e-05,2.872567333872522e+00,1.672515986584331e-06,2.218357025240666e-06,1.690136207660567e-03,0.000000000000000e+00,3.738959384357761e-10,6.552625109179644e-11,9.999999999344737e-01,9.999999998696094e-01,9.999999996831912e-01,9.999999995991231e-01,9.999999994231958e-01,9.999999991704147e-01,9.999999988486219e-01,9.999999987297177e-01,9.999999983228549e-01,9.999999967834596e-01,5.859313225500201e-03,1.475508767538463e-02,1.878327879090433e-02,4.112844386851473e-02,1.431663598656052e-02,7.309187420755609e-03,1.656797289759137e-02,4.658118972860544e-02,1.006410982216701e-02,8.246347805840164e-01,false
9,3.162000000000000e+13,1,7,CONTINUE,2.008035342810287e-05,2.959588810248675e-05,1.000000000000000e-09,2.008035342810287e-06,2.220688587228944e-14,1.815541258581160e-05,6.383221920542864e-04,7.726524736301296e-06,2.868435313006970e+01,1.035004933528819e-06,2.172424544296128e-03,7.868379860185440e+00,7.138437300518579e-01,1.982651593750518e-07,4.826872358156281e+05,REFINE_STALLED,REFINE_STALLED,REFINE_STALLED,1,1,1,1,1,1,1,2,2,9.038294273374969e-01,8.077844849086222e-01,1.691280380313026e+00,1.779649836357544e+00,1.055299056222866e+04,5.686568721300727e+02,3.609078348679926e-14,7.489594025397965e-14,2.758666043472583e-10,solution good enough for the tolerances given,solution good enough for the tolerances given,solution good enough for the tolerances given,3.609078348679926e-14,7.489594025397965e-14,2.758666043472583e-10,9.038294273374969e-01,6.997730339276447e-15,1.691280380313026e+00,1.282833334247113e-14,1.055299056222866e+04,3.035577014847577e-11,8.077844849086222e-01,1.779649836357544e+00,3.384218457561375e+02,4.472134153984988e-05,2.872567333872522e+00,1.672515986584331e-06,2.218357025240666e-06,1.690136207660567e-03,0.000000000000000e+00,1.543324802567392e-10,4.954481269692224e-11,9.999999999504552e-01,9.999999999006106e-01,9.999999998237759e-01,9.999999996836968e-01,9.999999995696265e-01,9.999999994019257e-01,9.999999992870992e-01,9.999999991682267e-01,9.999999988713939e-01,9.999999982580647e-01,1.140934806137046e-02,4.940089493125308e-02,2.643527759538391e-02,8.310837457716869e-02,1.976833078249672e-02,1.847346140967486e-02,1.080059202064802e-02,1.362743084387295e-01,4.779519435527356e-02,5.965342178280009e-01,false
9,1.000000000000000e+14,1,8,CONTINUE,2.008035342810287e-05,3.168401463573149e-05,1.000000000000000e-09,2.008035342810287e-06,2.220688587228944e-14,8.922941690848221e-06,2.261865113340056e-04,1.498576946860157e-05,2.868435314156880e+01,1.035000167648345e-06,6.006006251263920e-04,3.315887513098316e+00,7.138461279957983e-01,1.982651593750518e-07,4.826872358156281e+05,REFINE_STALLED,REFINE_STALLED,REFINE_STALLED,1,2,2,1,1,1,1,2,2,2.351236562813748e+00,1.066300091491704e+00,2.052298540532791e+00,1.569223549778315e+00,3.165434205843988e+04,1.441337255062017e+03,2.195167239174847e-14,2.561005281880602e-14,2.326556919104713e-10,solution good enough for the tolerances given,solution good enough for the tolerances given,solution good enough for the tolerances given,2.195167239174847e-14,2.561005281880602e-14,2.326556919104713e-10,2.351236562813748e+00,3.244344208702817e-15,2.052298540532791e+00,3.692881051971177e-15,3.165434205843988e+04,2.754254751307800e-11,9.993438797105385e-01,1.569223549778315e+00,9.979542207419773e+02,4.472134153984988e-05,2.872567333872522e+00,1.672515986584331e-06,2.218357025240666e-06,1.690136207660567e-03,0.000000000000000e+00,8.541272737300122e-11,4.421130128662298e-11,9.999999999557887e-01,9.999999999186733e-01,9.999999998676383e-01,9.999999997693432e-01,9.999999996789395e-01,9.999999995670150e-01,9.999999994468702e-01,9.999999993341200e-01,9.999999991318171e-01,9.999999988792934e-01,3.160020947891674e-02,8.940033471054079e-02,1.406474965409936e-01,4.206750191602154e-02,8.716801424192061e-02,4.626952135317527e-02,2.679838243830998e-02,2.247360876174855e-01,4.140407328539136e-02,2.699083784172446e-01,false
9,3.162000000000000e+14,1,10,CONTINUE,2.008035342810287e-05,8.875563217155799e-05,1.000000000000000e-09,2.008035342810287e-06,2.220688587228944e-14,3.566945977313108e-06,7.431599333903900e-05,5.207144034153010e-04,2.868435322282101e+01,1.034753030105154e-06,8.941109169138085e-05,1.070992582822840e+00,7.139541486603589e-01,1.982651593750518e-07,4.826872358156281e+05,REFINE_STALLED,REFINE_STALLED,REFINE_STALLED,1,2,2,1,3,3,1,2,2,6.429353378209785e+00,2.083407380192524e+00,6.313925355455105e+00,2.457498804330584e+00,9.698025511192424e+04,2.526606398986004e+03,1.848207641625300e-14,1.857890420653871e-14,2.133706840057555e-10,solution good enough for the tolerances given,solution good enough for the tolerances given,solution good enough for the tolerances given,1.848207641625300e-14,1.857890420653871e-14,2.133706840057555e-10,6.429353378209785e+00,2.655059345294399e-15,6.313925355455105e+00,2.943709055474293e-15,9.698025511192424e+04,2.546871906410287e-11,1.193230414524958e+00,5.864967913979346e-01,2.051603423867004e+03,4.407969508311344e-05,2.872567333872522e+00,1.672515986584331e-06,2.218357025240666e-06,1.690136207660567e-03,0.000000000000000e+00,7.856076685687631e-11,4.255551466769703e-11,9.999999999574445e-01,9.999999999284128e-01,9.999999998902174e-01,9.999999997963818e-01,9.999999997297599e-01,9.999999996423730e-01,9.999999995205993e-01,9.999999994164217e-01,9.999999992398660e-01,9.999999991133717e-01,6.001776788445923e-02,1.072032520582780e-01,2.272487977955685e-01,7.268065813250967e-02,7.945567020412274e-02,7.938035682842076e-02,2.453162569426863e-02,2.117064841839527e-01,1.895442634447880e-02,1.188209608739413e-01,false
9,1.000000000000000e+15,1,11,CONTINUE,2.008035342810287e-05,2.448454090688135e-05,1.000000000000000e-09,2.008035342810287e-06,2.220688587228944e-14,1.239121538731765e-06,2.377774295781025e-05,1.087636350968622e-04,2.868435319281163e+01,1.034971088643030e-06,2.036388049810031e-04,2.856743534820951e+00,7.138411267049707e-01,1.982651593750518e-07,4.826872358156281e+05,REFINE_STALLED,REFINE_STALLED,REFINE_STALLED,1,3,3,1,3,3,1,2,2,2.187484358848437e+01,4.945174153303875e+00,2.037269574412583e+01,6.438530977304531e+00,3.023527130534108e+05,4.536292615841957e+03,1.770481006018251e-14,1.834503717241996e-14,2.059141809439586e-10,solution good enough for the tolerances given,solution good enough for the tolerances given,solution good enough for the tolerances given,1.770481006018251e-14,1.834503717241996e-14,2.059141809439586e-10,2.187484358848437e+01,2.387386771278038e-15,2.037269574412583e+01,2.619384985619010e-15,3.023527130534108e+05,2.438141493189359e-11,1.398271603836281e+00,2.468738460177176e+00,3.712670264758288e+03,4.328091483771998e-05,2.872567333872522e+00,1.672515986584331e-06,2.218357025240666e-06,1.690136207660567e-03,0.000000000000000e+00,8.511558619330921e-11,4.205613635122063e-11,9.999999999579439e-01,9.999999999291926e-01,9.999999998966276e-01,9.999999998133084e-01,9.999999997584343e-01,9.999999996700648e-01,9.999999995520992e-01,9.999999994527233e-01,9.999999992788142e-01,9.999999991929767e-01,8.309246711174544e-02,1.343226455248539e-01,2.182780758196705e-01,8.868229785359026e-02,8.481036669267193e-02,9.884381319471512e-02,1.788694239555389e-02,1.881320845319387e-01,1.108681993045554e-02,7.486448694480434e-02,false
9,3.162000000000000e+15,1,10,CONTINUE,2.008035342810287e-05,1.888927188378473e-05,1.000000000000000e-09,2.008035342810287e-06,2.220688587228944e-14,4.047574110000780e-07,7.557229154927344e-06,1.418055450828074e-05,2.868435316327503e+01,1.035002770976687e-06,3.227020138572643e-04,4.969184294482297e+00,7.138297158399941e-01,1.982651593750518e-07,4.826872358156281e+05,REFINE_STALLED,REFINE_STALLED,REFINE_STALLED,1,3,3,1,2,2,1,2,2,7.827940212467924e+01,6.866917332921823e+00,7.495867142516747e+01,1.014371139709367e+01,9.509271799729405e+05,5.920314751843519e+03,1.750886849576938e-14,1.781893791686486e-14,2.033074622047717e-10,solution good enough for the tolerances given,solution good enough for the tolerances given,solution good enough for the tolerances given,1.750886849576938e-14,1.781893791686486e-14,2.033074622047717e-10,7.827940212467924e+01,2.265255698400273e-15,7.495867142516747e+01,2.331045093746211e-15,9.509271799729405e+05,2.393954078353587e-11,2.473809273106819e+00,5.414335852930251e+00,5.528683815016808e+03,4.288364953467169e-05,2.872567333872522e+00,1.672515986584331e-06,2.218357025240666e-06,1.690136207660567e-03,0.000000000000000e+00,8.849445751798915e-11,4.184808055640588e-11,9.999999999581519e-01,9.999999999289297e-01,9.999999998968609e-01,9.999999998220872e-01,9.999999997701701e-01,9.999999996790683e-01,9.999999995638160e-01,9.999999994662834e-01,9.999999992917992e-01,9.999999992186541e-01,9.406489043034222e-02,1.572492409190772e-01,1.949166210346893e-01,8.726813583784132e-02,9.712804423896822e-02,1.058454376835291e-01,1.478649542553998e-02,1.775775390172083e-01,8.856849573385594e-03,6.230674583941900e-02,false
9,1.000000000000000e+16,1,10,CONTINUE,2.008035342810287e-05,1.933910631015899e-05,1.000000000000000e-09,2.008035342810287e-06,2.220688587228944e-14,1.293349177279939e-07,2.394219989677141e-06,2.486771242524091e-05,2.868435317007268e+01,1.034999191024676e-06,3.465869246967600e-04,6.563913516042195e+00,7.138244342513042e-01,1.982651593750518e-07,4.826872358156281e+05,REFINE_STALLED,REFINE_STALLED,REFINE_STALLED,1,3,3,1,2,2,1,2,2,2.567685342184208e+02,7.632641352016828e+00,2.521347202013350e+02,1.224281603240484e+01,3.001908228648214e+06,6.495413128906823e+03,1.745260759190470e-14,1.757751116306993e-14,2.024502000362776e-10,solution good enough for the tolerances given,solution good enough for the tolerances given,solution good enough for the tolerances given,1.745260759190470e-14,1.757751116306993e-14,2.024502000362776e-10,2.567685342184208e+02,2.221247574374486e-15,2.521347202013350e+02,2.237521738258409e-15,3.001908228648214e+06,2.378506306416487e-11,3.025247212904827e+00,7.501900305370574e+00,6.352709027836223e+03,4.259930690985420e-05,2.872567333872522e+00,1.672515986584331e-06,2.218357025240666e-06,1.690136207660567e-03,0.000000000000000e+00,8.938588780416321e-11,4.176725632021316e-11,9.999999999582327e-01,9.999999999289990e-01,9.999999998964333e-01,9.999999998251690e-01,9.999999997738809e-01,9.999999996819233e-01,9.999999995677733e-01,9.999999994708468e-01,9.999999992959834e-01,9.999999992268136e-01,9.803054719501945e-02,1.656757592848444e-01,1.858920254908763e-01,8.561143216778906e-02,1.024404558555245e-01,1.080650728284472e-01,1.371994465799578e-02,1.738596194600307e-01,8.190837875108617e-03,5.851430518436417e-02,false
9,3.162000000000000e+16,1,10,CONTINUE,2.008035342810287e-05,1.974429838375134e-05,1.000000000000000e-09,2.008035342810287e-06,2.220688587228944e-14,4.104000089047230e-08,7.576686759663612e-07,3.427191920316521e-05,2.868435317618979e+01,1.034996040825985e-06,3.577230057629469e-04,7.234495488991748e+00,7.138196125336456e-01,1.982651593750518e-07,4.826872358156281e+05,REFINE_STALLED,REFINE_STALLED,REFINE_STALLED,1,3,3,1,2,2,1,2,2,8.208261028951638e+02,7.890940632818721e+00,8.156305970679344e+02,1.307880464680214e+01,9.486435822527658e+06,6.695140283383759e+03,1.743540420485026e-14,1.747842024145263e-14,2.021753260479450e-10,solution good enough for the tolerances given,solution good enough for the tolerances given,solution good enough for the tolerances given,1.743540420485026e-14,1.747842024145263e-14,2.021753260479450e-10,8.208261028951638e+02,2.207629493280603e-15,8.156305970679344e+02,2.211455227207540e-15,9.486435822527658e+06,2.373453057039979e-11,3.231229577452869e+00,8.374042975546589e+00,6.647865933394809e+03,4.250879659053693e-05,2.872567333872522e+00,1.672515986584331e-06,2.218357025240666e-06,1.690136207660567e-03,0.000000000000000e+00,8.961520555976468e-11,4.174061096762216e-11,9.999999999582594e-01,9.999999999290572e-01,9.999999998962337e-01,9.999999998261468e-01,9.999999997750346e-01,9.999999996828257e-01,9.999999995690523e-01,9.999999994723203e-01,9.999999992973152e-01,9.999999992293969e-01,9.934597424396362e-02,1.682479243323791e-01,1.831214262727257e-01,8.496234526726149e-02,1.042231266173427e-01,1.087656189642472e-01,1.336933695254523e-02,1.726428988685119e-01,7.985088442408628e-03,5.733626003861445e-02,false
9,1.000000000000000e+17,1,10,CONTINUE,2.008035342810287e-05,1.996518188107746e-05,1.000000000000000e-09,2.008035342810287e-06,2.220688587228944e-14,1.299062689069132e-08,2.396232742122723e-07,3.656670544300268e-05,2.868435317781039e+01,1.034995269334387e-06,3.616933855320492e-04,7.467736910344536e+00,7.138181543421509e-01,1.982651593750518e-07,4.826872358156281e+05,REFINE_STALLED,REFINE_STALLED,REFINE_STALLED,1,3,3,1,2,2,1,2,2,2.604696789196189e+03,7.972056109012704e+00,2.599308179281135e+03,1.337052650881168e+01,2.999581506318614e+07,6.760285432904855e+03,1.743005509729858e-14,1.744399577595432e-14,2.020882354320650e-10,solution good enough for the tolerances given,solution good enough for the tolerances given,solution good enough for the tolerances given,1.743005509729858e-14,1.744399577595432e-14,2.020882354320650e-10,2.604696789196189e+03,2.204447763699874e-15,2.599308179281135e+03,2.206926310156634e-15,2.999581506318614e+07,2.371833279587464e-11,3.300017382932042e+00,8.676982388595833e+00,6.745114184963373e+03,4.248010665573608e-05,2.872567333872522e+00,1.672515986584331e-06,2.218357025240666e-06,1.690136207660567e-03,0.000000000000000e+00,8.968138535833613e-11,4.173217327263501e-11,9.999999999582678e-01,9.999999999290801e-01,9.999999998961642e-01,9.999999998264542e-01,9.999999997753970e-01,9.999999996831117e-01,9.999999995694602e-01,9.999999994727895e-01,9.999999992977358e-01,9.999999992302142e-01,9.977196521843230e-02,1.690364284927793e-01,1.822656652829047e-01,8.474873653082064e-02,1.047898565674047e-01,1.089881798812932e-01,1.325920342826703e-02,1.722547725045687e-01,7.921138795726514e-03,5.696405329780326e-02,false
9,3.162000000000000e+17,1,10,CONTINUE,2.008035342810287e-05,2.004382238469803e-05,1.000000000000000e-09,2.008035342810287e-06,2.220688587228944e-14,4.109739889692173e-09,7.578621901944076e-08,3.617933440024725e-05,2.868435317765258e+01,1.034995397120004e-06,3.629971286476218e-04,7.543712415342044e+00,7.138181397310791e-01,1.982651593750518e-07,4.826872358156281e+05,REFINE_STALLED,REFINE_STALLED,REFINE_STALLED,1,3,3,1,2,2,1,2,2,8.244797685324456e+03,7.999043696081004e+00,8.239303797799972e+03,1.348261036975653e+01,9.484099522672047e+07,6.781066837485729e+03,1.742836653120343e-14,1.743278190362214e-14,2.020604910710387e-10,solution good enough for the tolerances given,solution good enough for the tolerances given,solution good enough for the tolerances given,1.742836653120343e-14,1.743278190362214e-14,2.020604910710387e-10,8.244797685324456e+03,2.192653781402819e-15,8.239303797799972e+03,2.190123018377448e-15,9.484099522672047e+07,2.371317118110518e-11,3.322140250021363e+00,8.775610060312067e+00,6.776255117006916e+03,4.247102732778643e-05,2.872567333872522e+00,1.672515986584331e-06,2.218357025240666e-06,1.690136207660567e-03,0.000000000000000e+00,8.970129100802117e-11,4.172995282658576e-11,9.999999999582700e-01,9.999999999290876e-01,9.999999998961411e-01,9.999999998265512e-01,9.999999997755116e-01,9.999999996832023e-01,9.999999995695907e-01,9.999999994729365e-01,9.999999992978703e-01,9.999999992304731e-01,9.991026158757638e-02,1.692733690322922e-01,1.819677569685016e-01,8.471688742107686e-02,1.049709694332331e-01,1.090598642368548e-01,1.321984652800257e-02,1.721395009285968e-01,7.900245892569269e-03,5.684129797129646e-02,false
9,1.000000000000000e+18,1,10,CONTINUE,2.008035342810287e-05,2.006902975462582e-05,1.000000000000000e-09,2.008035342810287e-06,2.220688587228944e-14,1.299637755497250e-09,2.396487762236302e-08,3.605686829066958e-05,2.868435317760249e+01,1.034995437970687e-06,3.634120156858943e-04,7.568053397828341e+00,7.138181360484076e-01,1.982651593750518e-07,4.826872358156281e+05,REFINE_STALLED,REFINE_STALLED,REFINE_STALLED,1,3,3,1,2,2,1,2,2,2.608328647425812e+04,8.023665960779345e+00,2.607786645932486e+04,1.352121029850848e+01,2.999353500388358e+08,6.787639373515398e+03,1.742784166787569e-14,1.742923332320470e-14,2.020520188040960e-10,solution good enough for the tolerances given,solution good enough for the tolerances given,solution good enough for the tolerances given,1.742784166787569e-14,1.742923332320470e-14,2.020520188040960e-10,2.608328647425812e+04,2.364634271781713e-15,2.607786645932486e+04,2.281836199486717e-15,2.999353500388358e+08,2.371163125183695e-11,3.329162739159821e+00,8.807205773842732e+00,6.786148006289171e+03,4.246815419953214e-05,2.872567333872522e+00,1.672515986584331e-06,2.218357025240666e-06,1.690136207660567e-03,0.000000000000000e+00,8.970764754293381e-11,4.172773238053651e-11,9.999999999582723e-01,9.999999999290905e-01,9.999999998961342e-01,9.999999998265818e-01,9.999999997755471e-01,9.999999996832301e-01,9.999999995696314e-01,9.999999994729851e-01,9.999999992979134e-01,9.999999992305548e-01,9.994323079597663e-02,1.693525412066464e-01,1.818866502990899e-01,8.469608640599308e-02,1.050320793982781e-01,1.090819576602968e-01,1.320968789926286e-02,1.720979085890300e-01,7.894679817290763e-03,5.680517792813538e-02,false
10,1.000000000000000e+00,0,5,CONTINUE,2.009390302123258e-07,2.009669149430713e-09,1.000000000000000e-09,2.009390302123258e-08,2.220448476454853e-14,1.232366868803815e+03,1.846633488303784e+06,9.900000000000000e-01,2.868721237860203e+01,1.035816229053817e-10,6.430783660330893e-04,2.303522684394049e-05,7.137905362860347e-01,1.983856557174960e-09,4.822698991536375e+07,REACHED_FORCE,REACHED_FORCE,REACHED_FORCE,2,0,0,1,0,0,2,0,0,4.402246870173838e-10,NaN,3.322711933705358e-11,NaN,1.547945170421323e-09,NaN,8.704553002132810e-06,2.432432659944078e-10,3.145598371144123e-05,solution good enough for the tolerances given,solution good enough for the tolerances given,solution good enough for the tolerances given,3.332832004205567e-09,2.432432659944078e-10,1.180450064608806e-08,1.086384835819558e-15,4.402246870173838e-10,5.431924179097792e-16,3.322711933705358e-11,6.535283777977032e-16,1.547945170421323e-09,4.402246870173838e-10,3.322711933705358e-11,1.547945170421323e-09,6.298977292141722e-05,6.944565663844883e+03,1.673667593017458e-08,2.219655956361344e-08,1.690984771444493e-05,0.000000000000000e+00,7.832930289815099e-06,5.415256816299063e-07,9.999994584743184e-01,9.999972660662778e-01,9.999951255444164e-01,9.999887785736358e-01,9.999838799705855e-01,9.999752813193890e-01,9.999539387825759e-01,9.998660075445719e-01,9.991892844826742e-01,9.991892112352833e-01,5.874581599810400e-03,2.670678532530744e-02,2.668611141721658e-02,5.445710850502457e-03,1.916254871867958e-01,6.255279960565806e-02,2.963548569655949e-02,1.093992268505441e-01,5.852397363770766e-21,5.420738114676062e-01,false
10,3.162000000000000e+00,0,5,CONTINUE,2.009390302123258e-07,2.009398423360057e-09,1.000000000000000e-09,2.009390302123258e-08,2.220448476454853e-14,1.232366868782836e+03,1.846621574695795e+06,9.899996687657875e-01,2.868643090855010e+01,1.035704913512154e-10,8.086844958795012e-05,8.803436412399562e-06,7.137710918752175e-01,1.983856557174960e-09,4.822698991536375e+07,REACHED_FORCE,REACHED_FORCE,REACHED_FORCE,2,0,0,1,0,0,2,0,0,4.418149249520573e-11,NaN,3.577901954477151e-12,NaN,1.549249262373850e-10,NaN,2.753730271508192e-06,3.146796760495241e-11,9.950648890513234e-06,solution good enough for the tolerances given,solution good enough for the tolerances given,solution good enough for the tolerances given,3.335183308782047e-10,3.146796760495241e-11,1.181436998128827e-09,7.242565572130390e-16,4.418149249520573e-11,5.431924179097792e-16,3.577901954477151e-12,5.339977545857856e-15,1.549249262373850e-10,4.418149249520573e-11,3.577901954477151e-12,1.549249262373850e-10,3.542331669853882e-05,3.905387921286623e+03,1.673667593017458e-08,2.219655956361344e-08,1.690984771444493e-05,0.000000000000000e+00,4.731052174110388e-07,1.712616621851737e-07,9.999998287383378e-01,9.999991353737337e-01,9.999984584185649e-01,9.999964511320278e-01,9.999949018952756e-01,9.999921824483223e-01,9.999854324262724e-01,9.999576202617112e-01,9.997434413703237e-01,9.997434413368423e-01,5.870924147649354e-03,2.669020806486477e-02,2.666931457545165e-02,5.442360460181943e-03,1.915090282042670e-01,6.251552060673511e-02,2.961868851020910e-02,1.093503690429198e-01,1.920242785175268e-12,5.423335863858012e-01,false
10,1.000000000000000e+01,0,5,CONTINUE,2.009390302123258e-07,2.009391266439348e-09,1.000000000000000e-09,2.009390302123258e-08,2.220448476454853e-14,1.232366868433119e+03,1.846607866759092e+06,9.899998752901370e-01,2.868634291114924e+01,1.035704405430410e-10,1.765734506603208e-05,8.649094899246855e-06,7.137689023382958e-01,1.983856557174960e-09,4.822698991536375e+07,REACHED_FORCE,REACHED_FORCE,REACHED_FORCE,2,0,0,1,0,0,2,0,0,4.419380348997109e-12,NaN,1.430560513468682e-12,NaN,1.549311429888753e-11,NaN,8.708163130810451e-07,1.119037966419814e-11,3.146647411773157e-06,solution good enough for the tolerances given,solution good enough for the tolerances given,solution good enough for the tolerances given,3.335156159178116e-11,1.119037966419814e-11,1.181476404989029e-10,1.086384835819558e-15,4.419380348997109e-12,9.053206965162987e-16,1.430560513468682e-12,1.381179887622678e-14,1.549311429888753e-11,4.419380348997109e-12,1.430560513468682e-12,1.549311429888753e-11,1.991910179606798e-05,2.196064966162223e+03,1.673667593017458e-08,2.219655956361344e-08,1.690984771444493e-05,0.000000000000000e+00,1.468255054128998e-07,5.415334591862830e-08,9.999999458466541e-01,9.999997266039131e-01,9.999995125504103e-01,9.999988778442310e-01,9.999983879736589e-01,9.999975280769443e-01,9.999953936873015e-01,9.999865991383998e-01,9.999188619162661e-01,9.999188619162419e-01,5.869798686643889e-03,2.668508626501918e-02,2.666385561762699e-02,5.441296497361879e-03,1.914721799890178e-01,6.250372654505906e-02,2.961337418838933e-02,1.093349072249140e-01,8.520301947671438e-09,5.424157664656656e-01,false
10,3.162000000000000e+01,0,5,CONTINUE,2.009390302123258e-07,2.009390462487536e-09,1.000000000000000e-09,2.009390302123258e-08,2.220448476454853e-14,1.232366867586836e+03,1.846608100036179e+06,9.899999597894352e-01,2.868633227527695e+01,1.035704375610019e-10,1.010183738003594e-05,8.668559505171403e-06,7.137686376982584e-01,1.983856557174960e-09,4.822698991536375e+07,REACHED_FORCE,REACHED_FORCE,REACHED_FORCE,2,0,0,1,0,0,2,0,0,4.420513087724929e-13,NaN,4.618686411300703e-13,NaN,1.549710670810147e-12,NaN,2.754091602563118e-07,3.586564607078497e-12,9.951698874994021e-07,solution good enough for the tolerances given,solution good enough for the tolerances given,solution good enough for the tolerances given,3.335918540788754e-12,3.586564607078497e-12,1.181757780873582e-11,5.431924179097792e-16,4.420513087724929e-13,5.431924179097792e-16,4.618686411300703e-13,2.093554110693941e-14,1.549710670810147e-12,4.420513087724929e-13,4.618686411300703e-13,1.549710670810147e-12,1.120186801989890e-05,1.234992951885503e+03,1.673667593017458e-08,2.219655956361344e-08,1.690984771444493e-05,0.000000000000000e+00,4.643247107598078e-08,1.712629382755182e-08,9.999999828737062e-01,9.999999135369665e-01,9.999998458413268e-01,9.999996451117656e-01,9.999994901871830e-01,9.999992182393298e-01,9.999985432235267e-01,9.999957618645230e-01,9.999743382082992e-01,9.999743382082799e-01,5.869428399102997e-03,2.668341055026225e-02,2.666219676172634e-02,5.440961809884659e-03,1.914605297673201e-01,6.249999755815629e-02,2.961169366658510e-02,1.093300179163464e-01,3.135292344540733e-09,5.424417604353238e-01,false
10,1.000000000000000e+02,0,5,CONTINUE,2.009390302123258e-07,2.009390354220482e-09,1.000000000000000e-09,2.009390302123258e-08,2.220448476454853e-14,1.232366869593776e+03,1.846422156190266e+06,9.899999870484610e-01,2.868633067041891e+01,1.035704378099303e-10,8.975991302318958e-06,8.672208093438761e-06,7.137685977664419e-01,1.983856557174960e-09,4.822698991536375e+07,REACHED_FORCE,REACHED_FORCE,REACHED_FORCE,2,0,0,1,0,0,2,0,0,4.419821764153126e-14,NaN,1.463443828324038e-13,NaN,1.550480635444265e-13,NaN,8.708524479049000e-08,1.135611236817388e-12,3.146752433395589e-07,solution good enough for the tolerances given,solution good enough for the tolerances given,solution good enough for the tolerances given,3.335388602424031e-13,1.135611236817388e-12,1.181597828896390e-12,7.242565572130390e-16,4.419821764153126e-14,7.242565572130390e-16,1.463443828324038e-13,5.758122542561322e-14,1.550480635444265e-13,4.419821764153126e-14,1.463443828324038e-13,1.550480635444265e-13,6.298803855336709e-06,6.944582371258264e+02,1.673667593017458e-08,2.219655956361344e-08,1.690984771444493e-05,0.000000000000000e+00,1.488922390758964e-08,5.415879522630007e-09,9.999999945841205e-01,9.999999726588926e-01,9.999999512536201e-01,9.999998877829412e-01,9.999998387971204e-01,9.999997528071440e-01,9.999995393668215e-01,9.999986598976689e-01,9.999918855990845e-01,9.999918855990836e-01,5.869900842046543e-03,2.668516580478413e-02,2.665896246191501e-02,5.440784863206862e-03,1.914567495586794e-01,6.249881913264171e-02,2.961116188052352e-02,1.093284714875037e-01,2.028613388558343e-07,5.424497811073603e-01,false
10,3.162000000000000e+02,0,5,CONTINUE,2.009390302123258e-07,2.009390332270157e-09,1.000000000000000e-09,2.009390302123258e-08,2.220448476454853e-14,1.232366870307541e+03,1.845873906921529e+06,9.899999957075099e-01,2.868633034020580e+01,1.035704376689159e-10,8.745270022480070e-06,8.672981873133915e-06,7.137685895501328e-01,1.983856557174960e-09,4.822698991536375e+07,REACHED_FORCE,REACHED_FORCE,REACHED_FORCE,2,0,0,1,0,0,2,0,0,4.420622865581499e-15,NaN,4.629207617933397e-14,NaN,5.059724207742529e-13,NaN,2.754127746283503e-08,3.591934204491292e-13,9.951804214927216e-08,solution good enough for the tolerances given,solution good enough for the tolerances given,solution good enough for the tolerances given,3.335992060120341e-14,3.591934204491292e-13,1.181781366172020e-13,5.431924179097792e-16,4.420622865581499e-15,7.242565572130390e-16,4.629207617933397e-14,5.059724207742529e-13,1.554187872571500e-14,4.420622865581499e-15,4.629207617933397e-14,5.059724207742529e-13,3.542090958273653e-06,3.905417626987620e+02,1.673667593017458e-08,2.219655956361344e-08,1.690984771444493e-05,0.000000000000000e+00,4.898811788456600e-09,1.713310604500862e-09,9.999999982866894e-01,9.999999913518294e-01,9.999999845823812e-01,9.999999645094494e-01,9.999999490186831e-01,9.999999218238769e-01,9.999998543221622e-01,9.999995761848433e-01,9.999974337615655e-01,9.999974337615648e-01,5.871605955982276e-03,2.669172958941830e-02,2.665081340182640e-02,5.440539422637051e-03,1.914553149591523e-01,6.249843402278414e-02,2.961099489460817e-02,1.093279840847028e-01,4.706945861449464e-06,5.424478767230271e-01,false
10,1.000000000000000e+03,0,4,CONTINUE,2.009390302123258e-07,2.009582909548533e-09,1.000000000000000e-09,2.009390302123258e-08,2.220448476454853e-14,1.232366845986071e+03,1.590917548787004e+06,9.899998211593770e-01,2.868856862689884e+01,1.035724124551561e-10,1.618838899052830e-03,5.611081057207115e-05,7.138242822326690e-01,1.983856557174960e-09,4.822698991536375e+07,REACHED_FORCE,REACHED_FORCE,REACHED_FORCE,1,0,0,1,0,0,2,0,0,1.124183351912541e-09,NaN,9.011518583710504e-14,NaN,6.914386819643231e-13,NaN,8.708560617222686e-09,6.523398932113194e-13,3.146763240434029e-08,solution good enough for the tolerances given,solution good enough for the tolerances given,solution good enough for the tolerances given,8.708560617222686e-09,6.523398932113194e-13,1.179428174899739e-14,1.810641393032597e-15,1.124183351912541e-09,1.810641393032597e-15,9.011518583710504e-14,6.914386819643231e-13,1.625480894249092e-15,1.124183351912541e-09,9.011518583710504e-14,6.914386819643231e-13,1.991633706880048e-06,2.196117774159716e+02,1.673667593017458e-08,2.219655956361344e-08,1.690984771444493e-05,0.000000000000000e+00,1.108072930233495e-08,6.285680864692722e-10,9.999999993714319e-01,9.999999970076250e-01,9.999999948209286e-01,9.999999884844217e-01,9.999999838777146e-01,9.999999752806127e-01,9.999999539366652e-01,9.999998659896112e-01,9.999991885539677e-01,9.999991885539669e-01,6.864795090126637e-03,3.117904949941909e-02,2.150725477299368e-02,5.316754229884258e-03,1.912448277488911e-01,6.249511603009727e-02,2.961093780597682e-02,1.093278548190031e-01,5.424420938988298e-01,1.131610477823560e-05,false
10,3.162000000000000e+03,0,3,CONTINUE,2.009390302123258e-07,2.009452738340056e-09,1.000000000000000e-09,2.009390302123258e-08,2.220448476454853e-14,1.232366507069515e+03,1.493407695259366e+06,9.899999421383729e-01,2.868703812405172e+01,1.035710606420295e-10,5.177111542245106e-04,1.904588602372196e-05,7.137862005117485e-01,1.983856557174960e-09,4.822698991536375e+07,REACHED_FORCE,REACHED_FORCE,REACHED_FORCE,1,0,0,1,0,0,1,0,0,3.545564789921833e-10,NaN,9.805321863086084e-13,NaN,1.336649821528561e-09,NaN,2.754131360747262e-09,5.820090816112338e-14,9.951816303936104e-09,solution good enough for the tolerances given,solution good enough for the tolerances given,solution good enough for the tolerances given,2.754131360747262e-09,5.820090816112338e-14,9.951816303936104e-09,2.245218127096723e-15,3.545564789921833e-10,2.251057972079046e-15,9.805321863086084e-13,3.082956466899191e-12,1.336649821528561e-09,3.545564789921833e-10,9.805321863086084e-13,1.336649821528561e-09,1.120662431535910e-06,1.235086746514341e+02,1.673667593017458e-08,2.219655956361344e-08,1.690984771444493e-05,0.000000000000000e+00,4.488358254547852e-09,2.117677144752861e-10,9.999999997882323e-01,9.999999990119059e-01,9.999999982904679e-01,9.999999962875805e-01,9.999999949007297e-01,9.999999921823319e-01,9.999999854322108e-01,9.999999576184706e-01,9.999997433754892e-01,9.999997433754881e-01,7.369327484644938e-03,3.384074118017039e-02,1.857639195901917e-02,5.262232123287634e-03,1.910661202682660e-01,6.249277495249548e-02,2.961091785640384e-02,1.093278337991644e-01,5.406718395698658e-01,1.781820806682637e-03,true
10,1.000000000000000e+04,0,3,CONTINUE,2.009390302123258e-07,2.009413586878847e-09,1.000000000000000e-09,2.009390302123258e-08,2.220448476454853e-14,1.232366875100759e+03,1.548565327166833e+06,9.899999814051229e-01,2.868655405668614e+01,1.035706342956321e-10,1.694544896518578e-04,9.884077372565429e-06,7.137741560269206e-01,1.983856557174960e-09,4.822698991536375e+07,REACHED_FORCE,REACHED_FORCE,REACHED_FORCE,1,0,0,1,0,0,1,0,0,1.123174400738916e-10,NaN,1.013163079825813e-13,NaN,4.226487873395868e-10,NaN,8.708564231039871e-10,9.261229566967919e-15,3.146765882729484e-09,solution good enough for the tolerances given,solution good enough for the tolerances given,solution good enough for the tolerances given,8.708564231039871e-10,9.261229566967919e-15,3.146765882729484e-09,5.996359840661903e-15,1.123174400738916e-10,6.001696453179937e-15,1.013163079825813e-13,2.510982772396288e-11,4.226487873395868e-10,1.123174400738916e-10,1.013163079825813e-13,4.226487873395868e-10,6.307962682401158e-07,6.946244303034489e+01,1.673667593017458e-08,2.219655956361344e-08,1.690984771444493e-05,0.000000000000000e+00,1.320984686019542e-09,6.457590018271731e-11,9.999999999354241e-01,9.999999996952880e-01,9.999999994734923e-01,9.999999988401274e-01,9.999999983877126e-01,9.999999975280567e-01,9.999999953936656e-01,9.999999865989531e-01,9.999999188553418e-01,9.999999188553393e-01,7.073494989533304e-03,3.225836743709849e-02,2.030940478689510e-02,5.291697050262523e-03,1.911780451143109e-01,6.249630565222444e-02,2.961091547112643e-02,1.093278799570705e-01,5.285381633749535e-01,1.391572616652495e-02,false
10,3.162000000000000e+04,0,3,CONTINUE,2.009390302123258e-07,2.009416460512370e-09,1.000000000000000e-09,2.009390302123258e-08,2.220448476454853e-14,1.232366974037948e+03,1.072522407836938e+06,9.899998849665100e-01,2.868640100630926e+01,1.035716284595075e-10,5.936620313618696e-05,8.688371284322506e-06,7.137703478526561e-01,1.983856557174960e-09,4.822698991536375e+07,REACHED_FORCE,REACHED_FORCE,REACHED_FORCE,1,0,0,1,0,0,1,0,0,3.554167847406593e-11,NaN,1.117065141502771e-14,NaN,1.336651760698751e-10,NaN,2.754131722149559e-10,3.231050626998093e-15,9.951826728434288e-10,solution good enough for the tolerances given,solution good enough for the tolerances given,solution good enough for the tolerances given,2.754131722149559e-10,3.231050626998093e-15,9.951826728434288e-10,2.914632047947444e-15,3.554167847406593e-11,2.923264499086003e-15,1.117065141502771e-14,3.467154483697754e-11,1.336651760698751e-10,3.554167847406593e-11,1.117065141502771e-14,1.336651760698751e-10,3.526258339345226e-07,3.908339389017008e+01,1.673667593017458e-08,2.219655956361344e-08,1.690984771444493e-05,0.000000000000000e+00,3.327644107601858e-09,2.948707944483431e-11,9.999999999705129e-01,9.999999998797682e-01,9.999999997197386e-01,9.999999994907898e-01,9.999999992183175e-01,9.999999985432204e-01,9.999999980389709e-01,9.999999957618404e-01,9.999999743375564e-01,9.999999743375526e-01,1.092229682662251e-02,4.472244236129342e-02,7.587246330886825e-03,1.928047956606627e-01,6.257004126366829e-02,2.961115286303461e-02,5.913506269643299e-10,1.093278986106158e-01,4.491395150835444e-01,9.331461040832054e-02,false
10,1.000000000000000e+05,0,3,CONTINUE,2.009390302123258e-07,2.009396445753473e-09,1.000000000000000e-09,2.009390302123258e-08,2.220448476454853e-14,1.232362660433067e+03,1.062169723426438e+06,9.899999962011784e-01,2.868635258726894e+01,1.035704799672614e-10,2.461285689917370e-05,8.638535617403653e-06,7.137691430979173e-01,1.983856557174960e-09,4.822698991536375e+07,REACHED_FORCE,REACHED_FORCE,REACHED_FORCE,1,0,0,1,0,0,1,0,0,1.124034547414161e-11,NaN,6.205716838194061e-15,NaN,1.803279127089625e-10,NaN,8.708564591621149e-11,1.095998888351700e-15,3.146804135484866e-10,solution good enough for the tolerances given,solution good enough for the tolerances given,solution good enough for the tolerances given,8.708564591621149e-11,1.095998888351700e-15,3.146804135484866e-10,6.396115335882709e-15,1.124034547414161e-11,6.205716838194061e-15,1.444361331530098e-15,1.803279127089625e-10,4.226515535088279e-11,1.124034547414161e-11,6.205716838194061e-15,1.803279127089625e-10,2.021291846968313e-07,2.201136054181571e+01,1.673667593017458e-08,2.219655956361344e-08,1.690984771444493e-05,0.000000000000000e+00,3.422122487124688e-10,9.414691248821327e-12,9.999999999905853e-01,9.999999999618425e-01,9.999999999104323e-01,9.999999998389746e-01,9.999999997528264e-01,9.999999995393658e-01,9.999999987573582e-01,9.999999986598977e-01,9.999999918855063e-01,9.999999918855056e-01,1.104734784818264e-02,4.476108100702751e-02,7.501659753753553e-03,1.927345043631730e-01,6.256074270388039e-02,2.961124551795941e-02,4.067073396689516e-12,1.093292700649340e-01,2.465148573294091e-01,2.959392914076141e-01,false
10,3.162000000000000e+05,0,3,CONTINUE,2.009390302123258e-07,2.009396296688719e-09,1.000000000000000e-09,2.009390302123258e-08,2.220448476454853e-14,1.232360908587198e+03,1.043740515313630e+06,9.899999922529615e-01,2.868633736366360e+01,1.035704962674195e-10,1.370846981168845e-05,8.658222398387948e-06,7.137687643066669e-01,1.983856557174960e-09,4.822698991536375e+07,REACHED_FORCE,REACHED_FORCE,REACHED_FORCE,1,0,0,1,0,0,1,0,0,3.555027933104648e-12,NaN,6.521988259498250e-15,NaN,3.002325946287903e-10,NaN,2.754131757651223e-11,3.551043584708096e-16,9.952022063117701e-11,solution good enough for the tolerances given,solution good enough for the tolerances given,solution good enough for the tolerances given,2.754131757651223e-11,3.551043584708096e-16,9.952022063117701e-11,6.148552915416019e-15,3.555027933104648e-12,6.521988259498250e-15,2.491797566880701e-16,3.002325946287903e-10,1.336670011712300e-11,3.555027933104648e-12,6.521988259498250e-15,3.002325946287903e-10,1.115100797049386e-07,1.243163830014112e+01,1.673667593017458e-08,2.219655956361344e-08,1.690984771444493e-05,0.000000000000000e+00,8.127736912784275e-10,3.030020678806977e-12,9.999999999969700e-01,9.999999999878528e-01,9.999999999711615e-01,9.999999999490674e-01,9.999999999218272e-01,9.999999998543236e-01,9.999999995761868e-01,9.999999977290490e-01,9.999999974337432e-01,9.999999974337426e-01,1.128393275786423e-02,4.478636216944120e-02,7.337994888416596e-03,1.926476318096471e-01,6.253776644501141e-02,2.962200672413687e-02,1.093305881578499e-01,3.963018163728396e-22,5.424537170344768e-01,1.315672585618752e-11,false
10,1.000000000000000e+06,0,3,CONTINUE,2.009390302123258e-07,2.009591679227615e-09,1.000000000000000e-09,2.009390302123258e-08,2.220448476454853e-14,1.232313571708312e+03,7.693200593379983e+05,9.899989104638595e-01,2.868633243420483e+01,1.035817332221851e-10,1.024315013470846e-05,8.668207818101810e-06,7.137686416539164e-01,1.983856557174960e-09,4.822698991536375e+07,REACHED_FORCE,REACHED_FORCE,REACHED_FORCE,1,0,0,1,0,0,1,0,0,1.124120481073383e-12,NaN,2.639845401936275e-14,NaN,1.721516355832730e-09,NaN,8.708564619096922e-12,1.131654796596939e-16,3.147151514541149e-11,solution good enough for the tolerances given,solution good enough for the tolerances given,solution good enough for the tolerances given,8.708564619096922e-12,1.131654796596939e-16,3.147151514541149e-11,2.539737296262759e-14,1.124120481073383e-12,2.639845401936275e-14,5.754584055704193e-17,1.721516355832730e-09,4.227020289681756e-12,1.124120481073383e-12,2.639845401936275e-14,1.721516355832730e-09,4.214684851089403e-08,7.058228250474447e+00,1.673667593017458e-08,2.219655956361344e-08,1.690984771444493e-05,0.000000000000000e+00,1.135460318490405e-10,1.299849117231133e-12,9.999999999987002e-01,9.999999999956337e-01,9.999999999841029e-01,9.999999999793037e-01,9.999999999751557e-01,9.999999999539351e-01,9.999999998659830e-01,9.999999998615672e-01,9.999999991885202e-01,9.999999991885182e-01,1.672730090719761e-02,4.323087082494075e-02,1.886126055329872e-01,1.183270516324340e-02,5.818768648965557e-02,2.961237683992119e-02,1.093389263291389e-01,1.788477504247665e-09,1.246849802341104e-01,4.177725458903271e-01,false
10,3.162000000000000e+06,0,4,CONTINUE,2.009390302123258e-07,5.067479276720102e-09,1.000000000000000e-09,2.009390302123258e-08,2.220448476454853e-14,3.494828589341612e+00,2.503050514869116e+03,9.749695091659416e-01,2.891163521852711e+01,2.188379923368563e-10,1.646047387871094e-01,5.749123163544807e-03,7.193746076855713e-01,1.983856557174960e-09,4.822698991536375e+07,REACHED_FORCE,REACHED_FORCE,REACHED_FORCE,1,0,0,1,0,0,1,1,1,2.831032979003902e-09,NaN,2.817139332772296e-09,NaN,1.297335717804740e-03,9.146572436777038e-11,2.746454255456197e-12,1.167654450591303e-14,9.071366098550776e-10,solution good enough for the tolerances given,solution good enough for the tolerances given,solution good enough for the tolerances given,2.746454255456197e-12,1.167654450591303e-14,9.071366098550776e-10,2.831032979003902e-09,1.025918838415461e-11,2.817139332772296e-09,2.113924556375892e-11,1.297335717804740e-03,9.033430411374699e-11,2.831032979003902e-09,2.817139332772296e-09,9.146572436777038e-11,4.472134153984988e-05,4.029192899793589e+00,1.673667593017458e-08,2.219655956361344e-08,1.690984771444493e-05,0.000000000000000e+00,2.377425025940071e-09,1.263480431390462e-10,9.999999998736520e-01,9.999999994479496e-01,9.999999987987427e-01,9.999999974487337e-01,9.999999961785138e-01,9.999999921308549e-01,9.999999596951854e-01,9.999999595542015e-01,9.999999095075800e-01,9.999999095075773e-01,1.700818127687001e-02,6.866240830070031e-02,3.175937900656881e-02,8.965310276413936e-02,1.087190446733466e-01,1.183395208085313e-02,6.288622940656761e-12,1.395278255401637e-01,1.847235490046052e-01,3.481125573464641e-01,false
10,1.000000000000000e+07,0,4,CONTINUE,2.009390302123258e-07,1.029271263247199e-08,1.000000000000000e-09,2.009390302123258e-08,2.220448476454853e-14,1.107208873755535e+00,7.933188348595988e+02,9.498073901400779e-01,2.937933949457103e+01,3.974839617736436e-10,5.196977689032123e-01,1.815377465857215e-02,7.310119815990684e-01,1.983856557174960e-09,4.822698991536375e+07,REACHED_FORCE,REACHED_FORCE,REACHED_FORCE,1,0,0,1,0,0,1,1,1,8.906717399601202e-09,NaN,8.739593078650459e-09,NaN,4.102931911300885e-03,2.461329521647474e-10,8.632359945367622e-13,1.188015808500710e-14,9.082996517321212e-10,solution good enough for the tolerances given,solution good enough for the tolerances given,solution good enough for the tolerances given,8.632359945367622e-13,1.188015808500710e-14,9.082996517321212e-10,8.906717399601202e-09,3.338492469863164e-11,8.739593078650459e-09,6.673904388509877e-11,4.102931911300885e-03,9.110834670870494e-11,8.906717399601202e-09,8.739593078650459e-09,2.461329521647474e-10,4.472134153984988e-05,2.872567333872522e+00,1.673667593017458e-08,2.219655956361344e-08,1.690984771444493e-05,0.000000000000000e+00,7.474599413264402e-09,1.260527238144959e-10,9.999999998739473e-01,9.999999994490099e-01,9.999999988001707e-01,9.999999974525442e-01,9.999999961837220e-01,9.999999921406399e-01,9.999999610381073e-01,9.999999595824585e-01,9.999999096828152e-01,9.999999096828129e-01,1.721351914572248e-02,6.946541878486252e-02,3.212846255218408e-02,9.099693576309476e-02,1.095033188181371e-01,1.169160316759288e-02,8.562391843893799e-15,1.446422607570138e-01,3.310132997204618e-01,1.933451812909224e-01,false
10,3.162000000000000e+07,0,6,CONTINUE,2.009390302123258e-07,1.070828616000356e-08,1.000000000000000e-09,2.009390302123258e-08,2.220448476454853e-14,3.503762779575632e-01,2.512362248500660e+02,9.491879608551979e-01,2.869346917564773e+01,5.251338451036535e-10,5.365797746631427e-03,1.865376161099298e-04,7.139462634741796e-01,1.983856557174960e-09,4.822698991536375e+07,REACHED_FORCE,REACHED_FORCE,REACHED_FORCE,1,1,1,1,1,1,1,1,1,2.692010088369898e-08,2.719688497413353e-09,2.691037690365314e-08,2.719264890927517e-09,1.297348073834883e-02,2.322254293461309e-09,2.679772762257051e-13,1.335845517424219e-14,9.086774306720613e-10,solution good enough for the tolerances given,solution good enough for the tolerances given,solution good enough for the tolerances given,2.679772762257051e-13,1.335845517424219e-14,9.086774306720613e-10,2.692010088369898e-08,1.058564226220563e-10,2.691037690365314e-08,1.063333867195951e-10,1.297348073834883e-02,9.135348063444118e-11,2.719688497413353e-09,2.719264890927517e-09,2.322254293461309e-09,4.472134153984988e-05,2.872567333872522e+00,1.673667593017458e-08,2.219655956361344e-08,1.690984771444493e-05,0.000000000000000e+00,4.186566045022059e-09,1.258797510672593e-10,9.999999998741202e-01,9.999999994494804e-01,9.999999988003339e-01,9.999999974537306e-01,9.999999961853661e-01,9.999999921437361e-01,9.999999600354612e-01,9.999999595914273e-01,9.999999097383239e-01,9.999999097383225e-01,1.778347638594580e-02,7.193942002167417e-02,3.322131924550677e-02,9.551563514545448e-02,1.119262205869674e-01,1.126771636209456e-02,2.207682189810862e-13,1.615832757883413e-01,5.604397378463118e-02,4.407189626791640e-01,false
10,1.000000000000000e+08,0,7,CONTINUE,2.009390302123258e-07,4.053706669967140e-09,1.000000000000000e-09,2.009390302123258e-08,2.220448476454853e-14,1.108109680533249e-01,7.965530852913072e+01,9.789977446993486e-01,2.868637162456733e+01,2.175156818644408e-10,3.868267174613062e-05,8.646791368240078e-06,7.137696267824346e-01,1.983856557174960e-09,4.822698991536375e+07,REACHED_FORCE,REACHED_FORCE,REACHED_FORCE,1,1,1,1,1,1,1,2,2,9.038818988941456e-08,7.674646121590419e-10,9.038763699827133e-08,7.674509471781211e-10,4.102927567585186e-02,2.278939258968925e-08,8.027987345638598e-14,1.441558865685030e-14,9.087906475613169e-10,solution good enough for the tolerances given,solution good enough for the tolerances given,solution good enough for the tolerances given,8.027987345638598e-14,1.441558865685030e-14,9.087906475613169e-10,9.038818988941456e-08,1.222020091202190e-14,9.038763699827133e-08,3.400959205477114e-15,4.102927567585186e-02,9.142970713321885e-11,7.674646121590419e-10,7.674509471781211e-10,2.097158319697495e-10,4.472134153984988e-05,2.872567333872522e+00,1.673667593017458e-08,2.219655956361344e-08,1.690984771444493e-05,0.000000000000000e+00,3.269581783015918e-09,1.255409110001438e-10,9.999999998744591e-01,9.999999994501108e-01,9.999999987995658e-01,9.999999974540617e-01,9.999999961858890e-01,9.999999921447171e-01,9.999999598632732e-01,9.999999595943700e-01,9.999999097563204e-01,9.999999097562338e-01,1.949182179764232e-02,7.958241927975149e-02,3.655755518876483e-02,1.103127750343862e-01,1.187161652640283e-01,9.749243026817364e-03,1.047684470993642e-12,2.234730219123127e-01,5.083469696857517e-07,4.021164901482790e-01,false
10,3.162000000000000e+08,0,7,CONTINUE,2.009390302123258e-07,2.060644673242801e-08,1.000000000000000e-09,2.009390302123258e-08,2.220448476454853e-14,3.504724068364870e-02,2.539870583809370e+01,8.900217016828164e-01,2.870706537724222e+01,1.136619919135141e-09,1.660324981078923e-02,5.789404126222204e-04,7.142846052432956e-01,1.983856557174960e-09,4.822698991536375e+07,REACHED_FORCE,REACHED_FORCE,REACHED_FORCE,1,1,1,1,1,1,1,2,2,2.910370739900667e-07,7.656241946726814e-09,2.909321396998386e-07,7.649811144114040e-09,1.297349374722467e-01,2.264701883548264e-07,2.317025962758624e-14,1.479131874752428e-14,9.088301062522533e-10,solution good enough for the tolerances given,solution good enough for the tolerances given,solution good enough for the tolerances given,2.317025962758624e-14,1.479131874752428e-14,9.088301062522533e-10,2.910370739900667e-07,2.074104905871775e-14,2.909321396998386e-07,2.084622012891920e-14,1.297349374722467e-01,9.145511596614475e-11,7.656241946726814e-09,7.649811144114040e-09,6.616711490044145e-10,4.472134153984988e-05,2.872567333872522e+00,1.673667593017458e-08,2.219655956361344e-08,1.690984771444493e-05,0.000000000000000e+00,1.263550763962635e-09,1.245163971930197e-10,9.999999998754836e-01,9.999999994517808e-01,9.999999987967456e-01,9.999999974540457e-01,9.999999961860597e-01,9.999999921450384e-01,9.999999596344833e-01,9.999999595956415e-01,9.999999097630834e-01,9.999999097630798e-01,2.220961193216332e-02,9.357943986254168e-02,4.220975231589575e-02,1.478553825314365e-01,1.210149063080726e-01,3.860831585289962e-03,3.620504084762063e-10,4.703769918635044e-01,6.108286454735444e-03,9.278479678431086e-02,false
10,1.000000000000000e+09,0,9,CONTINUE,2.009390302123258e-07,2.025709457007670e-09,1.000000000000000e-09,2.009390302123258e-08,2.220448476454853e-14,1.108266904756829e-02,8.253233372168552e+00,9.899169165467452e-01,2.868607178723179e+01,1.044776876738762e-10,1.775589030565183e-04,1.131460558269537e-05,7.137621563518600e-01,1.983856557174960e-09,4.822698991536375e+07,REACHED_FORCE,REACHED_FORCE,REACHED_FORCE,1,2,2,1,2,2,1,2,2,9.711222037759441e-07,7.490826028362696e-08,9.711200181400523e-07,7.490878539371392e-08,4.102932512070323e-01,2.260600562899682e-06,1.201301615929714e-14,1.423493624996349e-14,9.088255937404543e-10,solution good enough for the tolerances given,solution good enough for the tolerances given,solution good enough for the tolerances given,1.201301615929714e-14,1.423493624996349e-14,9.088255937404543e-10,9.711222037759441e-07,1.705722332588630e-13,9.711200181400523e-07,1.733328455624091e-13,4.102932512070323e-01,9.146244488877321e-11,7.460939693686903e-12,7.443264673128994e-12,2.047171825351267e-09,4.472134153984988e-05,2.872567333872522e+00,1.673667593017458e-08,2.219655956361344e-08,1.690984771444493e-05,0.000000000000000e+00,2.321560101753221e-09,1.211646338816763e-10,9.999999998788354e-01,9.999999994563533e-01,9.999999987881549e-01,9.999999974537983e-01,9.999999961861366e-01,9.999999921451792e-01,9.999999597318998e-01,9.999999595971441e-01,9.999999097690386e-01,9.999999097690362e-01,6.977235990691485e-03,3.311815498278137e-02,1.387754484559914e-02,7.520371030693758e-02,2.400107169794377e-02,2.594951356762393e-03,2.527278127027843e-12,5.505943816603865e-01,1.138959524566713e-01,1.797369966996993e-01,false
10,3.162000000000000e+09,0,9,CONTINUE,2.009390302123258e-07,2.430112450926148e-09,1.000000000000000e-09,2.009390302123258e-08,2.220448476454853e-14,3.505488004063913e-03,2.810211605247183e+00,9.878472884375348e-01,2.868021124622726e+01,1.269692741635018e-10,4.403512832498984e-03,1.551806616597999e-04,7.136163370404141e-01,1.983856557174960e-09,4.822698991536375e+07,REACHED_FORCE,REACHED_FORCE,REACHED_FORCE,1,2,2,1,2,2,1,2,2,3.417570750437572e-06,5.835738935291837e-07,3.417911932140275e-06,5.836518737861246e-07,1.297336014920285e+00,2.258389302611046e-05,1.295157515931045e-14,1.423504100562105e-14,9.087768140395178e-10,solution good enough for the tolerances given,solution good enough for the tolerances given,solution good enough for the tolerances given,1.295157515931045e-14,1.423504100562105e-14,9.087768140395178e-10,3.417570750437572e-06,1.736354408623923e-12,3.417911932140275e-06,1.740566630411653e-12,1.297336014920285e+00,9.146444109338017e-11,2.105425712686648e-10,2.102995548606604e-10,5.045815598963446e-09,4.472134153984988e-05,2.872567333872522e+00,1.673667593017458e-08,2.219655956361344e-08,1.690984771444493e-05,0.000000000000000e+00,2.265898011923820e-10,1.125379789357339e-10,9.999999998874620e-01,9.999999994600139e-01,9.999999987731871e-01,9.999999974535438e-01,9.999999961870434e-01,9.999999921453522e-01,9.999999596016917e-01,9.999999596010867e-01,9.999999097827477e-01,9.999999097827448e-01,3.600449432589504e-04,2.935740829724167e-03,8.327789819722819e-04,1.376204846863465e-02,5.858289267937634e-05,9.473378371862856e-03,1.037596146370827e-06,2.682044513988048e-01,1.017019320449490e-07,7.043718348149847e-01,false
10,1.000000000000000e+10,0,8,CONTINUE,2.009390302123258e-07,2.220890534691101e-08,1.000000000000000e-09,2.009390302123258e-08,2.220448476454853e-14,1.108949476524584e-03,6.683772788952221e-01,8.974687354057020e-01,2.891585978643596e+01,1.029172414404580e-09,1.821719759314720e-01,6.362814925434892e-03,7.194798164588078e-01,1.983856557174960e-09,4.822698991536375e+07,REACHED_FORCE,REACHED_FORCE,REACHED_FORCE,1,1,1,1,1,1,1,3,3,8.953327302061356e-06,1.201871444922915e-08,8.914413373423800e-06,1.189733839362896e-08,4.102857723580693e+00,2.256985655181274e-04,1.377528594055623e-14,1.421650490400033e-14,9.086014014036869e-10,solution good enough for the tolerances given,solution good enough for the tolerances given,solution good enough for the tolerances given,1.377528594055623e-14,1.421650490400033e-14,9.086014014036869e-10,8.953327302061356e-06,7.332323722017586e-14,8.914413373423800e-06,5.643827158189813e-14,4.102857723580693e+00,9.146116161438300e-11,1.201871444922915e-08,1.189733839362896e-08,2.953548618067832e-11,4.472134153984988e-05,2.872567333872522e+00,1.673667593017458e-08,2.219655956361344e-08,1.690984771444493e-05,0.000000000000000e+00,3.300437029877928e-09,1.496160972891403e-10,9.999999998503839e-01,9.999999994449436e-01,9.999999990782955e-01,9.999999974535754e-01,9.999999961862009e-01,9.999999921458012e-01,9.999999598877014e-01,9.999999596132574e-01,9.999999098245744e-01,9.999999098245744e-01,4.841684598338911e-05,7.164547936849105e-04,1.540594139178262e-04,4.838474572623951e-03,2.723093430561064e-03,1.132049053761141e-02,3.456758121856247e-15,1.902292229561709e-01,8.933230228522637e-05,7.898804551471575e-01,false
10,3.162000000000000e+10,0,10,CONTINUE,2.009390302123258e-07,1.974876558110791e-08,1.000000000000000e-09,2.009390302123258e-08,2.220448476454853e-14,3.512234125523632e-04,2.286698263495553e-01,9.034555827659689e-01,2.901375015583528e+01,9.433911429950098e-10,2.581391720002015e-01,9.016620606715280e-03,7.219155067397436e-01,1.983856557174960e-09,4.822698991536375e+07,REACHED_FORCE,REACHED_FORCE,REACHED_FORCE,1,2,2,1,2,2,1,3,3,2.494927038360465e-05,4.740098133794867e-06,2.480170512197516e-05,4.701563106611902e-06,1.297280599606680e+01,2.252167027318214e-03,1.406072303601328e-14,1.417450955563356e-14,9.080617827153388e-10,solution good enough for the tolerances given,solution good enough for the tolerances given,solution good enough for the tolerances given,1.406072303601328e-14,1.417450955563356e-14,9.080617827153388e-10,2.494927038360465e-05,4.189435771179081e-13,2.480170512197516e-05,5.503155982557854e-13,1.297280599606680e+01,9.145086690205276e-11,7.974420639272477e-09,7.891417933532225e-09,4.092744835255877e-09,4.472134153984988e-05,2.872567333872522e+00,1.673667593017458e-08,2.219655956361344e-08,1.690984771444493e-05,0.000000000000000e+00,3.333775676928430e-10,1.383022585343952e-10,9.999999998616977e-01,9.999999994808717e-01,9.999999991729285e-01,9.999999974537359e-01,9.999999961864379e-01,9.999999921471916e-01,9.999999596519979e-01,9.999999596516724e-01,9.999999099560326e-01,9.999999099560295e-01,7.284322428507842e-05,5.007328085030976e-04,3.535776703966143e-04,3.083048695803149e-03,4.232162094514056e-03,1.184384732075984e-02,1.572202419589404e-06,1.691243790170209e-01,2.482909832436399e-05,8.107630078679735e-01,false
10,1.000000000000000e+11,0,13,CONTINUE,2.009390302123258e-07,7.404118779636337e-09,1.000000000000000e-09,2.009390302123258e-08,2.220448476454853e-14,1.115685089725407e-04,6.673393444698281e-02,9.645094312312469e-01,2.869715819577851e+01,3.656557076946682e-10,8.004786646891915e-03,2.786659054588746e-04,7.140380416931279e-01,1.983856557174960e-09,4.822698991536375e+07,REACHED_FORCE,REACHED_FORCE,REACHED_FORCE,1,3,3,1,3,3,1,4,4,8.220148522677695e-05,7.539203288539470e-06,8.218572031713942e-05,7.537083969030775e-06,4.102265428243170e+01,2.239042759052024e-02,1.410056551388723e-14,1.414575184349298e-14,9.063630575226147e-10,solution good enough for the tolerances given,solution good enough for the tolerances given,solution good enough for the tolerances given,1.410056551388723e-14,1.414575184349298e-14,9.063630575226147e-10,8.220148522677695e-05,5.738679000137294e-13,8.218572031713942e-05,9.243121776650364e-13,4.102265428243170e+01,9.141847135300246e-11,2.043206042041959e-09,2.058911952310210e-09,2.017185248634272e-09,4.472134153984988e-05,2.872567333872522e+00,1.673667593017458e-08,2.219655956361344e-08,1.690984771444493e-05,0.000000000000000e+00,2.067378868945276e-09,1.498488000351017e-10,9.999999998501512e-01,9.999999994463538e-01,9.999999991016137e-01,9.999999974543186e-01,9.999999961871853e-01,9.999999921515739e-01,9.999999598779539e-01,9.999999597726097e-01,9.999999103689816e-01,9.999999103689814e-01,1.093125716742877e-04,6.059154687230777e-04,3.071998197208993e-04,2.639724908812469e-03,4.794718069477763e-03,1.207985523540488e-02,1.051413859836843e-13,1.632211698699095e-01,7.229978854309854e-05,8.161698042676290e-01,false
10,3.162000000000000e+11,1,13,CONTINUE,2.009390302123258e-07,1.864436333444239e-07,1.000000000000000e-09,2.009390302123258e-08,2.220448476454853e-14,3.579536393850477e-05,2.091048347152231e-02,1.962787802867523e-03,2.666947581685335e+01,1.109116180917717e-08,7.318776635780468e+02,2.556725187496649e+01,6.635863042503672e-01,1.983856557174960e-09,4.822698991536375e+07,REFINE_STALLED,REACHED_FORCE,REACHED_FORCE,1,1,1,1,4,4,1,5,5,1.427837379221659e-04,1.374803106822168e-04,4.899228288419368e-04,9.624416122262318e-05,1.296697917429274e+02,2.196803007551004e-01,1.394552742204702e-14,2.526254943795816e-14,9.010756881647147e-10,solution good enough for the tolerances given,solution good enough for the tolerances given,solution good enough for the tolerances given,1.394552742204702e-14,2.526254943795816e-14,9.010756881647147e-10,1.427837379221659e-04,1.199240947603416e-12,4.899228288419368e-04,2.306030054552448e-12,1.296697917429274e+02,9.131700712455092e-11,1.374803106822168e-04,1.479076843946087e-08,1.191655237556589e-08,4.472134153984988e-05,2.872567333872522e+00,1.673667593017458e-08,2.219655956361344e-08,1.690984771444493e-05,0.000000000000000e+00,4.822573668132494e-10,1.512425740202161e-10,9.999999998487574e-01,9.999999994388171e-01,9.999999990802864e-01,9.999999974558695e-01,9.999999961895427e-01,9.999999921653928e-01,9.999999601522953e-01,9.999999601502396e-01,9.999999116490317e-01,9.999999116490317e-01,1.239943330514996e-04,6.533612607643996e-04,3.088933392204073e-04,2.563621162846766e-03,5.089662220378557e-03,1.240481508153777e-02,1.831888875360970e-08,1.626815198991152e-01,1.043823415687222e-04,8.160697320426278e-01,false
10,1.000000000000000e+12,0,21,CONTINUE,2.009390302123258e-07,3.869260747572036e-09,1.000000000000000e-09,2.009390302123258e-08,2.220448476454853e-14,1.182843556445006e-05,6.616110466385869e-03,9.810391587368732e-01,2.873832203756026e+01,1.869913904019463e-10,3.775602352804663e-02,1.317889741356414e-03,7.150622683936745e-01,1.983856557174960e-09,4.822698991536375e+07,REACHED_FORCE,REACHED_FORCE,REACHED_FORCE,1,5,5,1,5,5,1,8,8,7.769342064263981e-04,1.105182915871665e-04,7.762379274019794e-04,1.103896192499887e-04,4.096628276089949e+02,2.072111137387842e+00,1.339882958463007e-14,1.339800709442638e-14,8.852505898744927e-10,solution good enough for the tolerances given,solution good enough for the tolerances given,solution good enough for the tolerances given,1.339882958463007e-14,1.339800709442638e-14,8.852505898744927e-10,7.769342064263981e-04,4.667095802047210e-12,7.762379274019794e-04,9.678761788879849e-12,4.096628276089949e+02,9.102909738580814e-11,4.329976348552714e-09,4.338949712567072e-09,2.433274554850612e-09,4.472134153984988e-05,2.872567333872522e+00,1.673667593017458e-08,2.219655956361344e-08,1.690984771444493e-05,0.000000000000000e+00,2.851371008276539e-09,1.511462066616787e-10,9.999999998488538e-01,9.999999994377160e-01,9.999999990755357e-01,9.999999974606375e-01,9.999999961969805e-01,9.999999922087643e-01,9.999999615112501e-01,9.999999612990466e-01,9.999999154579746e-01,9.999999154579733e-01,1.380083335835047e-04,7.170615425895564e-04,3.353007509160897e-04,2.717168639600220e-03,5.544535785781532e-03,1.330789867566486e-02,2.706446593829788e-14,1.663973564314641e-01,3.297275390605633e-05,8.108096970864668e-01,false
10,3.162000000000000e+12,1,17,CONTINUE,2.009390302123258e-07,1.883424712605788e-07,1.000000000000000e-09,2.009390302123258e-08,2.220448476454853e-14,4.246671836457992e-06,2.110041121158838e-03,6.857856116918018e-14,2.883454769825084e+01,1.030353773333283e-08,1.539528977522215e+12,5.376694501508207e+10,7.174566491311586e-01,1.983856557174960e-09,4.822698991536375e+07,REFINE_STALLED,REFINE_STALLED,REFINE_ITMAX,1,1,1,2,2,1,1,10,10,8.240611314310323e-02,1.589884865719457e-01,1.565826363772314e+06,2.973110153876553e+06,1.291481322366664e+03,1.738060437172257e+01,1.192835753563100e-14,2.095753602271297e-07,8.426427958410211e-10,solution good enough for the tolerances given,solution good enough for the tolerances given,solution good enough for the tolerances given,1.192835753563100e-14,2.523685633713687e-14,8.426427958410211e-10,8.240611314310323e-02,2.019661821734410e-11,1.565826363772314e+06,3.173220290235010e-04,1.291481322366664e+03,9.033176608217527e-11,1.589884865719457e-01,2.973110153876553e+06,4.231409570433708e-06,4.472134153984988e-05,2.872567333872522e+00,1.673667593017458e-08,2.219655956361344e-08,1.690984771444493e-05,0.000000000000000e+00,1.172748571554420e-09,1.498812185474208e-10,9.999999998501188e-01,9.999999994404498e-01,9.999999990793933e-01,9.999999974755356e-01,9.999999962203265e-01,9.999999923425600e-01,9.999999645653669e-01,9.999999645299259e-01,9.999999255286203e-01,9.999999255286203e-01,1.734643265950155e-04,8.997112625097791e-04,4.290666551956121e-04,3.348163865299192e-03,6.874177344821085e-03,1.616807659253301e-02,1.742588506676944e-11,1.779999770202394e-01,3.373326999832572e-06,7.941039895883817e-01,false
10,1.000000000000000e+13,1,17,CONTINUE,2.009390302123258e-07,1.875888161719207e-07,1.000000000000000e-09,2.009390302123258e-08,2.220448476454853e-14,1.836596473950863e-06,6.934557192426515e-04,3.007144202602270e-30,2.868633984941355e+01,1.035703566718449e-08,5.256866245417953e+24,1.350550715411571e+24,7.137693319830822e-01,1.983856557174960e-09,4.822698991536375e+07,REFINE_STALLED,REFINE_STALLED,REFINE_ITMAX,1,1,1,2,2,1,1,10,10,6.069230406739937e+02,5.255807188951675e+06,5.507998481445631e+18,4.770280484173037e+22,4.054222450729018e+03,1.077748957369088e+02,8.992448508872409e-15,5.170343884926766e+01,7.557675256967570e-10,solution good enough for the tolerances given,solution good enough for the tolerances given,solution good enough for the tolerances given,8.992448508872409e-15,2.312212582554365e-05,7.557675256967570e-10,6.069230406739937e+02,2.696893798425673e-10,5.507998481445631e+18,2.420538343603593e+06,4.054222450729018e+03,8.907121990728943e-11,5.255807188951675e+06,4.770280484173037e+22,1.590429005490197e-02,4.472134153984988e-05,2.872567333872522e+00,1.673667593017458e-08,2.219655956361344e-08,1.690984771444493e-05,0.000000000000000e+00,1.313360068628446e-08,1.442053143563271e-10,9.999999998557947e-01,9.999999994539850e-01,9.999999991008135e-01,9.999999975213645e-01,9.999999962925554e-01,9.999999927348904e-01,9.999999889493840e-01,9.999999719239350e-01,9.999999455514638e-01,9.999999455514611e-01,2.891395573125645e-04,1.517784614685208e-03,8.072087636457814e-04,5.548252794561463e-03,1.131772617602856e-02,2.527247707155937e-02,3.622546926810170e-13,2.005706684463059e-01,7.141159429544047e-07,7.546760284595964e-01,false
10,3.162000000000000e+13,1,7,CONTINUE,2.009390302123258e-07,1.859377599485601e-07,1.000000000000000e-09,2.009390302123258e-08,2.220448476454853e-14,1.041244723938238e-06,2.638582395530477e-04,6.193906262782614e-09,2.868631765543345e+01,1.035704365943566e-08,3.530165457770409e-02,1.856709713484628e+02,7.137694334935692e-01,1.983856557174960e-09,4.822698991536375e+07,REFINE_STALLED,REFINE_STALLED,REFINE_STALLED,1,1,1,1,1,1,1,2,2,2.283877494217195e-01,5.345382436905447e-01,5.903296086142507e+00,1.404015331317419e+01,1.263723639933026e+04,3.680018741732383e+02,5.447631727239687e-15,3.065304889323933e-13,6.509398678408066e-10,solution good enough for the tolerances given,solution good enough for the tolerances given,solution good enough for the tolerances given,5.447631727239687e-15,3.065304889323933e-13,6.509398678408066e-10,2.283877494217195e-01,1.003148976370909e-14,5.903296086142507e+00,2.118340908578189e-13,1.263723639933026e+04,8.601731203070811e-11,5.345382436905447e-01,1.404015331317419e+01,2.349886030355643e+02,4.472134153984988e-05,2.872567333872522e+00,1.673667593017458e-08,2.219655956361344e-08,1.690984771444493e-05,0.000000000000000e+00,3.435796130938225e-09,1.198581234262974e-10,9.999999998801419e-01,9.999999995181770e-01,9.999999991882440e-01,9.999999981749790e-01,9.999999976531015e-01,9.999999965057509e-01,9.999999937300066e-01,9.999999830039127e-01,9.999999696274369e-01,9.999999696271666e-01,6.044190995254757e-04,3.252074848717554e-03,2.976543676238634e-03,5.771057505177166e-05,1.258306182723344e-02,2.494018630723600e-02,4.885113053550878e-02,2.039471315357862e-01,8.309156910405931e-07,7.027869106790104e-01,false
10,1.000000000000000e+14,1,8,CONTINUE,2.009390302123258e-07,1.856829319251328e-07,1.000000000000000e-09,2.009390302123258e-08,2.220448476454853e-14,7.128362395165287e-07,9.912530488398760e-05,2.732533352707432e-08,2.868631765523574e+01,1.035704358866678e-08,2.863073065474534e-03,3.164177906862298e+01,7.137694196933737e-01,1.983856557174960e-09,4.822698991536375e+07,REFINE_STALLED,REFINE_STALLED,REFINE_STALLED,1,1,1,1,1,1,1,3,3,2.737729793080115e-01,2.967532634602575e-01,2.361703282251824e+00,2.438915875602584e+00,3.903815058404097e+04,1.580048402657446e+03,2.986408502656162e-15,4.535583975379127e-14,5.626755730490609e-10,solution good enough for the tolerances given,solution good enough for the tolerances given,solution good enough for the tolerances given,2.986408502656162e-15,4.535583975379127e-14,5.626755730490609e-10,2.737729793080115e-01,1.841580414469813e-15,2.361703282251824e+00,1.094477563415064e-14,3.903815058404097e+04,7.589561360547104e-11,2.967532634602575e-01,2.438915875602584e+00,5.274660073558133e+02,4.472134153984988e-05,2.872567333872522e+00,1.673667593017458e-08,2.219655956361344e-08,1.690984771444493e-05,0.000000000000000e+00,5.579977471647313e-10,1.008824135340092e-10,9.999999998991176e-01,9.999999995876876e-01,9.999999992968474e-01,9.999999989748611e-01,9.999999979805130e-01,9.999999970541957e-01,9.999999955199563e-01,9.999999922637186e-01,9.999999859852675e-01,9.999999859715327e-01,1.548741804017248e-03,7.611088209102247e-03,1.041506297440239e-02,6.750233231910262e-04,2.452767624264608e-02,4.353569224081115e-02,6.916203246509613e-02,1.308977726609842e-01,5.149076787036324e-11,7.116269100282587e-01,false
10,3.162000000000000e+14,1,8,CONTINUE,2.009390302123258e-07,1.849899227859151e-07,1.000000000000000e-09,2.009390302123258e-08,2.220448476454853e-14,4.884142369646424e-07,3.516118800696141e-05,3.635500453419755e-09,2.868631765514242e+01,1.035704366812108e-08,3.377798882956520e-03,8.812538019129464e+01,7.137693726423600e-01,1.983856557174960e-09,4.822698991536375e+07,REFINE_STALLED,REFINE_STALLED,REFINE_STALLED,1,1,1,1,1,1,1,3,3,4.086505816425779e-01,7.891705655078456e-01,6.150054541325797e+00,1.177021795071869e+01,1.188037513796648e+05,6.469829091913853e+03,1.619156359985699e-15,4.743767246861958e-14,4.601598216704252e-10,solution good enough for the tolerances given,solution good enough for the tolerances given,solution good enough for the tolerances given,1.619156359985699e-15,4.743767246861958e-14,4.601598216704252e-10,4.086505816425779e-01,1.564350141491704e-15,6.150054541325797e+00,2.506289487490976e-14,1.188037513796648e+05,5.703190782771034e-11,7.891705655078456e-01,1.177021795071869e+01,1.585670009943125e+03,4.472134153984988e-05,2.872567333872522e+00,1.673667593017458e-08,2.219655956361344e-08,1.690984771444493e-05,0.000000000000000e+00,2.348963502545942e-09,8.994449629540213e-11,9.999999999100555e-01,9.999999997520905e-01,9.999999995598690e-01,9.999999993150277e-01,9.999999985335648e-01,9.999999980248133e-01,9.999999973492233e-01,9.999999968877620e-01,9.999999947255154e-01,9.999999935248503e-01,3.987759692785340e-03,4.229837723115412e-03,2.472422943610337e-02,1.562373258213716e-02,1.886969242590110e-02,3.260298998240799e-02,5.409564288412220e-02,4.005560793025922e-02,7.402369387853928e-13,8.058105073424282e-01,false
10,1.000000000000000e+15,1,7,CONTINUE,2.009390302123258e-07,6.749310434137410e-07,1.000000000000000e-09,2.009390302123258e-08,2.220448476454853e-14,3.109986833786746e-07,1.526990749450066e-05,3.061834453029056e-06,2.868631765494234e+01,1.035703341600661e-08,4.081948102571729e-05,3.596734665173523e+00,7.137711496046978e-01,1.983856557174960e-09,4.822698991536375e+07,REFINE_STALLED,REFINE_STALLED,REFINE_STALLED,1,1,1,1,1,1,1,2,2,5.342207058428989e-01,8.329344085994269e-01,7.461777375565477e-01,4.198489820899320e-01,3.554724678349743e+05,1.907571747765899e+04,7.811152407825582e-16,4.854606042538532e-15,3.532007227707943e-10,solution good enough for the tolerances given,solution good enough for the tolerances given,solution good enough for the tolerances given,7.811152407825582e-16,4.854606042538532e-15,3.532007227707943e-10,5.342207058428989e-01,3.199322484931118e-16,7.461777375565477e-01,6.179530649903566e-16,3.554724678349743e+05,3.767399882368056e-11,8.329344085994269e-01,4.198489820899320e-01,1.169194872429681e+04,4.472134153984988e-05,2.872567333872522e+00,1.673667593017458e-08,2.219655956361344e-08,1.690984771444493e-05,0.000000000000000e+00,3.739481029878342e-10,6.548828146435426e-11,9.999999999345117e-01,9.999999998697289e-01,9.999999996846174e-01,9.999999996002265e-01,9.999999994245516e-01,9.999999991711643e-01,9.999999988489516e-01,9.999999987302082e-01,9.999999983234569e-01,9.999999967845523e-01,5.874847580258346e-03,1.482418838900922e-02,1.818257838802528e-02,4.185560105893871e-02,1.452098818468983e-02,7.277791200253223e-03,1.681199970239122e-02,4.612579174957339e-02,9.753386883251142e-03,8.247728268636100e-01,false
10,3.162000000000000e+15,1,7,CONTINUE,2.009390302123258e-07,2.961472008051862e-07,1.000000000000000e-09,2.009390302123258e-08,2.220448476454853e-14,1.816043826039046e-07,6.375050610209827e-06,7.735913770020442e-08,2.868631765512231e+01,1.035704342098138e-08,2.169982911099337e-05,7.862834420528637e+00,7.137694976647116e-01,1.983856557174960e-09,4.822698991536375e+07,REFINE_STALLED,REFINE_STALLED,REFINE_STALLED,1,1,1,1,1,1,1,2,2,9.041189397116401e-01,8.069787861489207e-01,1.689899184048039e+00,1.778293206662890e+00,1.055255072789227e+06,5.686863077907365e+04,3.606068798400097e-16,7.480069727795556e-16,2.758321198897736e-10,solution good enough for the tolerances given,solution good enough for the tolerances given,solution good enough for the tolerances given,3.606068798400097e-16,7.480069727795556e-16,2.758321198897736e-10,9.041189397116401e-01,6.982496100991778e-17,1.689899184048039e+00,1.282498212661145e-16,1.055255072789227e+06,3.035460094292026e-11,8.069787861489207e-01,1.778293206662890e+00,3.384245795102131e+04,4.472134153984988e-05,2.872567333872522e+00,1.673667593017458e-08,2.219655956361344e-08,1.690984771444493e-05,0.000000000000000e+00,1.693193474095837e-10,4.960831745393079e-11,9.999999999503917e-01,9.999999999004650e-01,9.999999998232401e-01,9.999999996833875e-01,9.999999995681390e-01,9.999999994011448e-01,9.999999992867825e-01,9.999999991683610e-01,9.999999988716242e-01,9.999999982585468e-01,1.151289053653582e-02,4.969048083601899e-02,2.648954491115420e-02,8.359248991846903e-02,1.966249140310828e-02,1.887516466769446e-02,1.049275045690323e-02,1.364841339283553e-01,4.703003215381984e-02,5.961700211879410e-01,false
10,1.000000000000000e+16,1,8,CONTINUE,2.009390302123258e-07,3.171262204670358e-07,1.000000000000000e-09,2.009390302123258e-08,2.220448476454853e-14,8.924504783326034e-08,2.261842393814227e-06,1.501791105400330e-07,2.868631765512346e+01,1.035704294273467e-08,6.003755592022632e-06,3.312891216668318e+00,7.137695218323384e-01,1.983856557174960e-09,4.822698991536375e+07,REFINE_STALLED,REFINE_STALLED,REFINE_STALLED,1,2,2,1,1,1,1,2,2,2.352366627041981e+00,1.065619566590487e+00,2.052010793481153e+00,1.567365045034851e+00,3.165361841071752e+06,1.441076038086620e+05,2.194592865712773e-16,2.562853752489238e-16,2.326369052723399e-10,solution good enough for the tolerances given,solution good enough for the tolerances given,solution good enough for the tolerances given,2.194592865712773e-16,2.562853752489238e-16,2.326369052723399e-10,2.352366627041981e+00,3.238974713681784e-17,2.052010793481153e+00,3.688213978582487e-17,3.165361841071752e+06,2.754106461822711e-11,9.988308776384210e-01,1.567365045034851e+00,9.978882485154730e+04,4.472134153984988e-05,2.872567333872522e+00,1.673667593017458e-08,2.219655956361344e-08,1.690984771444493e-05,0.000000000000000e+00,8.567304573100871e-11,4.421174537583283e-11,9.999999999557883e-01,9.999999999186735e-01,9.999999998676568e-01,9.999999997692073e-01,9.999999996789888e-01,9.999999995670221e-01,9.999999994469271e-01,9.999999993341939e-01,9.999999991318995e-01,9.999999988794896e-01,3.168213686193348e-02,8.960241377319045e-02,1.409679250312668e-01,4.226684762862259e-02,8.730847379940583e-02,4.705368638367158e-02,2.663313733249836e-02,2.247807080622223e-01,4.057294804216195e-02,2.691317230850265e-01,false
10,3.162000000000000e+16,1,10,CONTINUE,2.009390302123258e-07,8.874916504072658e-07,1.000000000000000e-09,2.009390302123258e-08,2.220448476454853e-14,3.567231854789410e-08,7.431676887366539e-07,5.212487389295132e-06,2.868631765513158e+01,1.035701818553318e-08,8.932542816636613e-07,1.070619442063244e+00,7.137705940468773e-01,1.983856557174960e-09,4.822698991536375e+07,REFINE_STALLED,REFINE_STALLED,REFINE_STALLED,1,2,2,1,3,3,1,2,2,6.434191778968100e+00,2.082374343422098e+00,6.319329377116556e+00,2.456534936362014e+00,9.697874792557383e+06,2.525725298993383e+05,1.848782114030192e-16,1.859291677533636e-16,2.133618826581862e-10,solution good enough for the tolerances given,solution good enough for the tolerances given,solution good enough for the tolerances given,1.848782114030192e-16,1.859291677533636e-16,2.133618826581862e-10,6.434191778968100e+00,2.655440961383335e-17,6.319329377116556e+00,2.940314978514544e-17,9.697874792557383e+06,2.546752134133869e-11,1.192740923459035e+00,5.862634013388227e-01,2.051073296954947e+05,4.407890018590994e-05,2.872567333872522e+00,1.673667593017458e-08,2.219655956361344e-08,1.690984771444493e-05,0.000000000000000e+00,7.862797771918680e-11,4.255507057848718e-11,9.999999999574449e-01,9.999999999284035e-01,9.999999998902154e-01,9.999999997964013e-01,9.999999997298559e-01,9.999999996423667e-01,9.999999995206283e-01,9.999999994164583e-01,9.999999992398947e-01,9.999999991134427e-01,6.009704233726228e-02,1.073744202985155e-01,2.273603990482681e-01,7.292355281068942e-02,7.934981154474217e-02,8.030219734200515e-02,2.441027190843949e-02,2.115495227375650e-01,1.839699789280763e-02,1.182357840797054e-01,false
10,1.000000000000000e+17,1,11,CONTINUE,2.009390302123258e-07,2.449988819035354e-07,1.000000000000000e-09,2.009390302123258e-08,2.220448476454853e-14,1.239157337648416e-08,2.377849622055723e-07,1.089706793257129e-06,2.868631765512859e+01,1.035704002724214e-08,2.034949426496084e-06,2.853320393753101e+00,7.137694687826022e-01,1.983856557174960e-09,4.822698991536375e+07,REFINE_STALLED,REFINE_STALLED,REFINE_STALLED,1,3,3,1,3,3,1,2,2,2.186416411797474e+01,4.941092966749227e+00,2.036466926728353e+01,6.432221211694911e+00,3.023502370877558e+07,4.533838512576533e+05,1.771465510696205e-16,1.835423334762597e-16,2.059107921907394e-10,solution good enough for the tolerances given,solution good enough for the tolerances given,solution good enough for the tolerances given,1.771465510696205e-16,1.835423334762597e-16,2.059107921907394e-10,2.186416411797474e+01,2.387950710219043e-17,2.036466926728353e+01,2.617676415980234e-17,3.023502370877558e+07,2.438090162213751e-11,1.396916760556493e+00,2.466094452259706e+00,3.711204387211720e+05,4.328063777068044e-05,2.872567333872522e+00,1.673667593017458e-08,2.219655956361344e-08,1.690984771444493e-05,0.000000000000000e+00,8.519933140079590e-11,4.205480408359108e-11,9.999999999579452e-01,9.999999999291855e-01,9.999999998966105e-01,9.999999998134286e-01,9.999999997585876e-01,9.999999996700462e-01,9.999999995521125e-01,9.999999994527380e-01,9.999999992788238e-01,9.999999991930000e-01,8.313011494134777e-02,1.344879762096190e-01,2.182441160263464e-01,8.868929471487176e-02,8.484584914324474e-02,9.974564926253673e-02,1.778146507122359e-02,1.879708524482467e-01,1.067375045758374e-02,7.443093172497969e-02,false
10,3.162000000000000e+17,1,10,CONTINUE,2.009390302123258e-07,1.890229895404340e-07,1.000000000000000e-09,2.009390302123258e-08,2.220448476454853e-14,4.047608617752740e-09,7.557670263306528e-08,1.421114272556657e-07,2.868631765512563e+01,1.035704320390871e-08,3.223662177138708e-06,4.961156492623896e+00,7.137693574945170e-01,1.983856557174960e-09,4.822698991536375e+07,REFINE_STALLED,REFINE_STALLED,REFINE_STALLED,1,3,3,1,2,2,1,2,2,7.823467133406938e+01,6.859682989186876e+00,7.492190139873884e+01,1.012946107570313e+01,9.509244704445355e+07,5.915985451869835e+05,1.752005241867300e-16,1.782920948167853e-16,2.033063245178597e-10,solution good enough for the tolerances given,solution good enough for the tolerances given,solution good enough for the tolerances given,1.752005241867300e-16,1.782920948167853e-16,2.033063245178597e-10,7.823467133406938e+01,2.265513735276828e-17,7.492190139873884e+01,2.328918791558543e-17,9.509244704445355e+07,2.393919857703182e-11,2.470860708382197e+00,5.404993946041230e+00,5.524942319731014e+05,4.288334143057639e-05,2.872567333872522e+00,1.673667593017458e-08,2.219655956361344e-08,1.690984771444493e-05,0.000000000000000e+00,8.854511963217077e-11,4.184563806575170e-11,9.999999999581544e-01,9.999999999289355e-01,9.999999998968498e-01,9.999999998222509e-01,9.999999997703204e-01,9.999999996790432e-01,9.999999995638214e-01,9.999999994662878e-01,9.999999992918018e-01,9.999999992186608e-01,9.406945168843682e-02,1.572782450105944e-01,1.949978949827669e-01,8.713511438030822e-02,9.725306009864415e-02,1.067156846586770e-01,1.469484584694905e-02,1.774343506982545e-01,8.495427773315713e-03,6.192592486205386e-02,false
10,1.000000000000000e+18,1,10,CONTINUE,2.009390302123258e-07,1.935257808443164e-07,1.000000000000000e-09,2.009390302123258e-08,2.220448476454853e-14,1.293353262974209e-09,2.394372738292850e-08,2.492062546349303e-07,2.868631765512632e+01,1.035704284488981e-08,3.461748073949403e-06,6.551829848027052e+00,7.137693039720723e-01,1.983856557174960e-09,4.822698991536375e+07,REFINE_STALLED,REFINE_STALLED,REFINE_STALLED,1,3,3,1,2,2,1,2,2,2.566182680286759e+02,7.624387372160268e+00,2.519942785469082e+02,1.222345006936189e+01,3.001910068492848e+08,6.490204579372478e+05,1.746424379314626e-16,1.758867209098856e-16,2.024499366061396e-10,solution good enough for the tolerances given,solution good enough for the tolerances given,solution good enough for the tolerances given,1.746424379314626e-16,1.758867209098856e-16,2.024499366061396e-10,2.566182680286759e+02,2.221570229254698e-17,2.519942785469082e+02,2.238992069802895e-17,3.001910068492848e+08,2.378503454695620e-11,3.021389075072693e+00,7.487140555372418e+00,6.347728236620467e+05,4.259920937476218e-05,2.872567333872522e+00,1.673667593017458e-08,2.219655956361344e-08,1.690984771444493e-05,0.000000000000000e+00,8.942142755323360e-11,4.176459178495406e-11,9.999999999582354e-01,9.999999999290081e-01,9.999999998964262e-01,9.999999998253513e-01,9.999999997740270e-01,9.999999996818978e-01,9.999999995677755e-01,9.999999994708482e-01,9.999999992959838e-01,9.999999992268160e-01,9.802685785805020e-02,1.656394806761640e-01,1.859581452212266e-01,8.551622104716089e-02,1.025832898037431e-01,1.089362041457772e-01,1.360967151491803e-02,1.737338703317451e-01,7.843974817687791e-03,5.815228458352675e-02,false
11,1.000000000000000e+00,0,5,CONTINUE,2.009452738340056e-09,2.009453432650764e-11,1.000000000000000e-09,2.009452738340056e-10,2.220446073527675e-14,1.232390861877845e+05,1.846651256165630e+08,9.899999955220453e-01,2.868704799491049e+01,1.035710612978014e-12,7.095286803212337e-06,2.520235102488746e-07,7.137864349139258e-01,1.983834000295388e-11,4.822781296153810e+09,REACHED_FORCE,REACHED_FORCE,REACHED_FORCE,2,0,0,1,0,0,2,0,0,4.419789562214811e-14,NaN,3.578295840445805e-15,NaN,1.549625119184134e-13,NaN,8.708532930076003e-08,2.585903935433625e-14,3.147016659723898e-07,solution good enough for the tolerances given,solution good enough for the tolerances given,solution good enough for the tolerances given,3.335330260711135e-13,2.585903935433625e-14,1.181873716931388e-12,7.242565572130390e-16,4.419789562214811e-14,7.242565572130390e-16,3.578295840445805e-15,1.771033612560009e-15,1.549625119184134e-13,4.419789562214811e-14,3.578295840445805e-15,1.549625119184134e-13,6.298803855336709e-06,6.944624754799852e+04,1.673799447146490e-10,2.219612976615576e-10,1.690951335794633e-07,0.000000000000000e+00,1.467143006733087e-08,5.415207615655504e-09,9.999999945847924e-01,9.999999726609707e-01,9.999999512560293e-01,9.999998877866150e-01,9.999998388002794e-01,9.999997528118172e-01,9.999995393756669e-01,9.999986599235458e-01,9.999918857570541e-01,9.999918857570541e-01,5.869345465209674e-03,2.668312356400835e-02,2.666202146864344e-02,5.440967337662296e-03,1.914582804624734e-01,6.249999157996298e-02,2.961182139713949e-02,1.093275705295146e-01,8.986236599707460e-07,5.424459795717251e-01,false
11,3.162000000000000e+00,0,5,CONTINUE,2.009452738340056e-09,2.009452876945095e-11,1.000000000000000e-09,2.009452738340056e-10,2.220446073527675e-14,1.232390840830661e+05,1.832661563887630e+08,9.899999802489932e-01,2.868704021417164e+01,1.035710606986137e-12,1.497497808238170e-06,9.567952161520194e-08,7.137862413148547e-01,1.983834000295388e-11,4.822781296153810e+09,REACHED_FORCE,REACHED_FORCE,REACHED_FORCE,2,0,0,1,0,0,2,0,0,4.420717286718617e-15,NaN,9.053206965162987e-16,NaN,1.551336151704396e-14,NaN,2.754130418759282e-08,2.994792253494948e-15,9.952639777331892e-08,solution good enough for the tolerances given,solution good enough for the tolerances given,solution good enough for the tolerances given,3.335933767463322e-14,2.994792253494948e-15,1.182038667713103e-13,7.242565572130390e-16,4.420717286718617e-15,9.053206965162987e-16,3.514828242096240e-16,2.450024134947233e-15,1.551336151704396e-14,4.420717286718617e-15,9.053206965162987e-16,1.551336151704396e-14,3.542090958273653e-06,3.905420948886381e+04,1.673799447146490e-10,2.219612976615576e-10,1.690951335794633e-07,0.000000000000000e+00,8.298629740707116e-09,1.725662501783631e-09,9.999999982743375e-01,9.999999913178963e-01,9.999999845504554e-01,9.999999644786012e-01,9.999999490194686e-01,9.999999218253448e-01,9.999998543249582e-01,9.999995761930212e-01,9.999974338114798e-01,9.999974338114791e-01,5.914161014838198e-03,2.685774777674126e-02,2.645485160684585e-02,5.435539764985392e-03,1.914499885225979e-01,6.249949867289695e-02,2.961165043298204e-02,1.093270852909892e-01,7.381409511161013e-06,5.424420955076122e-01,false
11,1.000000000000000e+01,0,5,CONTINUE,2.009452738340056e-09,2.009452816312064e-11,1.000000000000000e-09,2.009452738340056e-10,2.220446073527675e-14,1.232390827262035e+05,1.586654997467634e+08,9.899999819920527e-01,2.868703934203794e+01,1.035710606629610e-12,8.701428383246984e-07,8.847711540124585e-08,7.137862196145666e-01,1.983834000295388e-11,4.822781296153810e+09,REACHED_FORCE,REACHED_FORCE,REACHED_FORCE,2,0,0,1,0,0,2,0,0,9.053206965162987e-16,NaN,5.431924179097792e-16,NaN,1.395608436223407e-14,NaN,8.708569067387932e-09,1.041157504469901e-15,3.147027583375043e-08,solution good enough for the tolerances given,solution good enough for the tolerances given,solution good enough for the tolerances given,3.335353602458486e-15,1.041157504469901e-15,1.185204024233045e-14,9.053206965162987e-16,4.419961050745055e-16,5.431924179097792e-16,1.258394303814244e-16,1.395608436223407e-14,1.568446476907018e-15,9.053206965162987e-16,5.431924179097792e-16,1.395608436223407e-14,1.991633706880048e-06,2.196083176838848e+04,1.673799447146490e-10,2.219612976615576e-10,1.690951335794633e-07,0.000000000000000e+00,1.121083901612584e-08,6.302567356897271e-10,9.999999993697433e-01,9.999999970023008e-01,9.999999948129854e-01,9.999999884768760e-01,9.999999838779753e-01,9.999999752810748e-01,9.999999539375507e-01,9.999998659921958e-01,9.999991885697571e-01,9.999991885697569e-01,6.885338770784755e-03,3.128397387482508e-02,2.139091659598620e-02,5.314356703867184e-03,1.912403764141853e-01,6.249619080901300e-02,2.961158998151471e-02,1.093269580052322e-01,9.098232197675056e-05,5.423593165226152e-01,false
11,3.162000000000000e+01,0,5,CONTINUE,2.009452738340056e-09,2.009452845179218e-11,1.000000000000000e-09,2.009452738340056e-10,2.220446073527675e-14,1.232390676448358e+05,1.463414147542183e+08,9.899999825487867e-01,2.868703923807871e+01,1.035710627514292e-12,7.953743711867836e-07,8.794426532578432e-08,7.137862170278703e-01,1.983834000295388e-11,4.822781296153810e+09,REACHED_FORCE,REACHED_FORCE,REACHED_FORCE,2,0,0,1,0,0,2,0,0,9.053206965162987e-16,NaN,9.053206965162987e-16,NaN,5.317910353880271e-14,NaN,2.754134033150602e-09,3.332556723936811e-16,9.952651729028198e-09,solution good enough for the tolerances given,solution good enough for the tolerances given,solution good enough for the tolerances given,3.335941477688420e-16,3.332556723936811e-16,1.165012739916957e-15,9.053206965162987e-16,4.420739686555703e-17,9.053206965162987e-16,4.074682706897526e-17,5.317910353880271e-14,1.996204606972569e-16,9.053206965162987e-16,9.053206965162987e-16,5.317910353880271e-14,1.120662431535910e-06,1.235002550562862e+04,1.673799447146490e-10,2.219612976615576e-10,1.690951335794633e-07,0.000000000000000e+00,4.821172697106042e-09,2.161080203677557e-10,9.999999997838920e-01,9.999999989978037e-01,9.999999982610128e-01,9.999999962574786e-01,9.999999949006031e-01,9.999999921824718e-01,9.999999854324924e-01,9.999999576192726e-01,9.999997433805226e-01,9.999997433805210e-01,7.542750049870420e-03,3.477709710962887e-02,1.756261926024015e-02,5.250508030974864e-03,1.909851236377484e-01,6.249283812299249e-02,2.961158846269003e-02,1.093268744645427e-01,5.416263223967858e-01,8.242784645264073e-04,false
11,1.000000000000000e+02,0,5,CONTINUE,2.009452738340056e-09,2.009452827448708e-11,1.000000000000000e-09,2.009452738340056e-10,2.220446073527675e-14,1.232390778103488e+05,1.074134671577792e+08,9.899999828860668e-01,2.868703922277410e+01,1.035710618172321e-12,7.843687500556692e-07,8.787210844537206e-08,7.137862166470633e-01,1.983834000295388e-11,4.822781296153810e+09,REACHED_FORCE,REACHED_FORCE,REACHED_FORCE,2,0,0,1,0,0,2,0,0,6.337244875614091e-16,NaN,7.242565572130390e-16,NaN,5.524719550490713e-14,NaN,8.708572681152864e-10,1.055041451246027e-16,3.147029472937754e-09,solution good enough for the tolerances given,solution good enough for the tolerances given,solution good enough for the tolerances given,3.335355907855640e-17,1.055041451246027e-16,1.588920129099693e-16,6.337244875614091e-16,4.419951721197823e-18,7.242565572130390e-16,1.291407650869950e-17,5.524719550490713e-14,1.140688346841468e-16,6.337244875614091e-16,7.242565572130390e-16,5.524719550490713e-14,6.307962682401158e-07,6.944624921881430e+03,1.673799447146490e-10,2.219612976615576e-10,1.690951335794633e-07,0.000000000000000e+00,6.399467046519550e-09,9.309819581915235e-11,9.999999999069018e-01,9.999999996200402e-01,9.999999991150423e-01,9.999999983899297e-01,9.999999975283744e-01,9.999999953937562e-01,9.999999935583810e-01,9.999999865992240e-01,9.999999188569758e-01,9.999999188569132e-01,1.090373693313568e-02,4.471859248450887e-02,7.601735986434936e-03,1.928132978541779e-01,6.257336097188053e-02,2.961167033688145e-02,3.487514052257372e-10,1.093268851763985e-01,4.803757542117719e-11,5.424507198597937e-01,false
11,3.162000000000000e+02,0,5,CONTINUE,2.009452738340056e-09,2.009452822644696e-11,1.000000000000000e-09,2.009452738340056e-10,2.220446073527675e-14,1.232391350295628e+05,1.242119117406234e+08,9.899999830500971e-01,2.868703921960908e+01,1.035710609486071e-12,7.822716741668347e-07,8.785738902350813e-08,7.137862165683116e-01,1.983834000295388e-11,4.822781296153810e+09,REACHED_FORCE,REACHED_FORCE,REACHED_FORCE,2,0,0,1,0,0,2,0,0,1.086384835819558e-15,NaN,7.242565572130390e-16,NaN,2.586105152142340e-13,NaN,2.754134394591036e-10,3.337061341347426e-17,9.952660776855868e-10,solution good enough for the tolerances given,solution good enough for the tolerances given,solution good enough for the tolerances given,3.335940864534161e-18,3.337061341347426e-17,2.263704097626254e-16,1.086384835819558e-15,4.420667106885140e-19,7.242565572130390e-16,4.085172732096918e-18,2.586105152142340e-13,8.555162601311008e-17,1.086384835819558e-15,7.242565572130390e-16,2.586105152142340e-13,3.526258339345226e-07,3.905421245990723e+03,1.673799447146490e-10,2.219612976615576e-10,1.690951335794633e-07,0.000000000000000e+00,8.513805218546067e-10,2.546096666833364e-11,9.999999999745390e-01,9.999999998881424e-01,9.999999997818421e-01,9.999999995575091e-01,9.999999994891313e-01,9.999999992182258e-01,9.999999985432486e-01,9.999999957619312e-01,9.999999743380615e-01,9.999999743380602e-01,9.158478577588017e-03,4.207722476293507e-02,1.011229544787842e-02,8.546705751881888e-03,1.862430460466611e-01,6.247246143892565e-02,2.961168946636551e-02,1.093272112119112e-01,1.757881072695243e-02,5.248720765689007e-01,false
11,1.000000000000000e+03,0,4,CONTINUE,2.009452738340056e-09,2.009837680898548e-11,1.000000000000000e-09,2.009452738340056e-10,2.220446073527675e-14,1.232385423411625e+05,1.066294068408055e+08,9.899996145956729e-01,2.868927783456239e+01,1.035748534888063e-12,1.611765017386245e-03,5.627979278546984e-05,7.138419174193334e-01,1.983834000295388e-11,4.822781296153810e+09,REACHED_FORCE,REACHED_FORCE,REACHED_FORCE,1,0,0,1,0,0,2,0,0,1.124184835491675e-11,NaN,2.492975620849515e-15,NaN,1.092835245782237e-12,NaN,8.708573042523239e-11,7.181806551094911e-15,3.147075348542605e-10,solution good enough for the tolerances given,solution good enough for the tolerances given,solution good enough for the tolerances given,8.708573042523239e-11,7.181806551094911e-15,1.314882427206656e-16,2.471563805830272e-15,1.124184835491675e-11,2.492975620849515e-15,9.648138190580542e-16,1.092835245782237e-12,1.140688346841468e-16,1.124184835491675e-11,2.492975620849515e-15,1.092835245782237e-12,2.021291846968313e-07,2.196083705194641e+03,1.673799447146490e-10,2.219612976615576e-10,1.690951335794633e-07,0.000000000000000e+00,6.817824238794821e-10,9.378275933613622e-12,9.999999999906217e-01,9.999999999618954e-01,9.999999999107729e-01,9.999999998389821e-01,9.999999997528317e-01,9.999999995393787e-01,9.999999990737924e-01,9.999999986599315e-01,9.999999918856577e-01,9.999999918856555e-01,1.100080924751772e-02,4.475151559564296e-02,7.534363777748285e-03,1.927556847656227e-01,6.256713942308949e-02,2.961181009262056e-02,3.287953149226103e-12,1.093279304305601e-01,9.151926789459042e-02,4.509314787693202e-01,false
11,3.162000000000000e+03,0,3,CONTINUE,2.009452738340056e-09,2.010146510877331e-11,1.000000000000000e-09,2.009452738340056e-10,2.220446073527675e-14,1.232382661416605e+05,7.892542985678756e+07,9.899964732813549e-01,2.868774731706229e+01,1.036072542400911e-12,5.148905997344941e-04,1.781322383720563e-05,7.138038353333331e-01,1.983834000295388e-11,4.822781296153810e+09,REACHED_FORCE,REACHED_FORCE,REACHED_FORCE,1,0,0,1,0,0,1,0,0,3.545735763756329e-12,NaN,9.670117806725661e-15,NaN,1.336447577484666e-11,NaN,2.754134430732102e-11,7.168937059927701e-16,9.952896821845397e-11,solution good enough for the tolerances given,solution good enough for the tolerances given,solution good enough for the tolerances given,2.754134430732102e-11,7.168937059927701e-16,9.952896821845397e-11,1.627917317233440e-15,3.545735763756329e-12,1.810641393032597e-15,9.670117806725661e-15,2.275571665855719e-12,1.336447577484666e-11,3.545735763756329e-12,9.670117806725661e-15,1.336447577484666e-11,1.115100797049386e-07,1.235003490074947e+03,1.673799447146490e-10,2.219612976615576e-10,1.690951335794633e-07,0.000000000000000e+00,7.300591459653201e-10,4.007016940477115e-12,9.999999999959930e-01,9.999999999863538e-01,9.999999999504126e-01,9.999999999439435e-01,9.999999999216758e-01,9.999999998543241e-01,9.999999995761926e-01,9.999999993320949e-01,9.999999974337899e-01,9.999999974337879e-01,1.615237872563002e-02,4.358131866932768e-02,1.608454652689555e-01,3.692829321659901e-02,6.110172830051513e-02,2.961092485404384e-02,1.093268551602531e-01,8.392943927150102e-16,3.753951341487060e-01,1.670579016559692e-01,true
11,1.000000000000000e+04,0,3,CONTINUE,2.009452738340056e-09,2.010792472220440e-11,1.000000000000000e-09,2.009452738340056e-10,2.220446073527675e-14,1.232328745724761e+05,7.989355379394819e+07,9.899926055811503e-01,2.868726391832926e+01,1.036453480690207e-12,3.185788539474397e-04,5.664310023183776e-06,7.137918074851853e-01,1.983834000295388e-11,4.822781296153810e+09,REACHED_FORCE,REACHED_FORCE,REACHED_FORCE,1,0,0,1,0,0,1,0,0,1.123248181085343e-12,NaN,3.865736778858861e-15,NaN,1.668146461615391e-11,NaN,8.708573078614229e-12,6.958694328637541e-17,3.147019349040003e-11,solution good enough for the tolerances given,solution good enough for the tolerances given,solution good enough for the tolerances given,8.708573078614229e-12,6.958694328637541e-17,3.147019349040003e-11,3.697293661535388e-15,1.123248181085343e-12,3.865736778858861e-15,9.731759440847010e-16,1.668146461615391e-11,4.225993670169599e-12,1.123248181085343e-12,3.865736778858861e-15,1.668146461615391e-11,4.214684851089403e-08,6.944641629152262e+02,1.673799447146490e-10,2.219612976615576e-10,1.690951335794633e-07,0.000000000000000e+00,2.392976482088219e-10,1.251665437962401e-12,9.999999999987483e-01,9.999999999957092e-01,9.999999999846012e-01,9.999999999830431e-01,9.999999999752422e-01,9.999999999539366e-01,9.999999998659792e-01,9.999999997795346e-01,9.999999991885307e-01,9.999999991885282e-01,1.588342685835447e-02,4.373379091355834e-02,1.146721002728801e-01,8.282598898738881e-02,6.149164551432991e-02,2.960799899238291e-02,1.093286222950292e-01,2.051711803149821e-14,2.364115902225775e-02,5.188152671437983e-01,false
11,3.162000000000000e+04,0,6,CONTINUE,2.009452738340056e-09,2.041081899238294e-11,1.000000000000000e-09,2.009452738340056e-10,2.220446073527675e-14,3.494827474541143e+02,2.503301275689424e+05,9.898434184191530e-01,2.868940254696808e+01,1.047788295938794e-12,1.701363234126984e-03,5.942358583135748e-05,7.138450204949779e-01,1.983834000295388e-11,4.822781296153810e+09,REACHED_FORCE,REACHED_FORCE,REACHED_FORCE,1,0,0,1,0,0,2,2,1,3.555270949586085e-13,NaN,2.837667686784691e-13,NaN,1.297339255583101e-05,1.140688346841468e-16,2.754056890118053e-12,1.233207350285197e-16,9.071313289547699e-10,solution good enough for the tolerances given,solution good enough for the tolerances given,solution good enough for the tolerances given,2.754056890118053e-12,1.233207350285197e-16,1.307793566582220e-16,2.839589502044919e-13,3.555270949586085e-13,2.837667686784691e-13,1.663986659856527e-17,1.297339255583101e-05,1.425860433551835e-16,3.555270949586085e-13,2.837667686784691e-13,1.140688346841468e-16,4.472134153984988e-05,3.905450951438375e+02,1.673799447146490e-10,2.219612976615576e-10,1.690951335794633e-07,0.000000000000000e+00,1.095864190036461e-08,1.263353865965655e-10,9.999999998736646e-01,9.999999994479647e-01,9.999999987988450e-01,9.999999974487408e-01,9.999999961785144e-01,9.999999921308564e-01,9.999999628392519e-01,9.999999595541982e-01,9.999999095075516e-01,9.999999095075485e-01,1.692387205096103e-02,6.830621408769234e-02,3.160655478905077e-02,8.901022099922311e-02,1.083595393528399e-01,1.189105678767981e-02,1.163684252035821e-15,1.372386822201665e-01,5.023910074906378e-01,3.427285222174749e-02,false
11,1.000000000000000e+05,0,6,CONTINUE,2.009452738340056e-09,2.109407489001197e-11,1.000000000000000e-09,2.009452738340056e-10,2.220446073527675e-14,1.107207877478513e+02,7.929807964676402e+04,9.895052201085117e-01,2.869430871938774e+01,1.073874300063803e-12,5.233489658570217e-03,1.828131711380343e-04,7.139670950787090e-01,1.983834000295388e-11,4.822781296153810e+09,REACHED_FORCE,REACHED_FORCE,REACHED_FORCE,1,0,0,1,0,0,2,2,1,8.976438446616228e-13,NaN,8.973518397686953e-13,NaN,4.102908877166641e-05,2.266838150261514e-16,8.707798728706884e-13,1.170564352087994e-16,9.082985533842044e-10,solution good enough for the tolerances given,solution good enough for the tolerances given,solution good enough for the tolerances given,8.707798728706884e-13,1.170564352087994e-16,1.380005332161550e-16,8.976438446616228e-13,1.124151220170351e-13,8.973518397686953e-13,1.652884310083556e-17,4.102908877166641e-05,1.140688346841468e-16,8.976438446616228e-13,8.973518397686953e-13,2.266838150261514e-16,4.472134153984988e-05,2.196136512742093e+02,1.673799447146490e-10,2.219612976615576e-10,1.690951335794633e-07,0.000000000000000e+00,3.188682575262722e-09,1.261064586088878e-10,9.999999998738935e-01,9.999999994489182e-01,9.999999988002812e-01,9.999999974525497e-01,9.999999961837185e-01,9.999999921406346e-01,9.999999598380420e-01,9.999999595824365e-01,9.999999096827703e-01,9.999999096827317e-01,1.695837467290221e-02,6.834008062330212e-02,3.162938022118097e-02,8.895410941811065e-02,1.083674426782534e-01,1.187378166569822e-02,1.051495232715013e-12,1.373118363762347e-01,5.271488314127005e-06,5.365597228549527e-01,false
11,3.162000000000000e+05,0,6,CONTINUE,2.009452738340056e-09,2.324880787247753e-11,1.000000000000000e-09,2.009452738340056e-10,2.220446073527675e-14,3.503755556624402e+01,2.574807619140027e+04,9.884394835195250e-01,2.870993300989887e+01,1.156045311763918e-12,1.649788403713575e-02,5.763181626918848e-04,7.143558561324218e-01,1.983834000295388e-11,4.822781296153810e+09,REACHED_FORCE,REACHED_FORCE,REACHED_FORCE,1,0,0,1,0,0,2,2,1,2.837946017382386e-12,NaN,2.836650883434755e-12,NaN,1.297348234029391e-04,2.258704409628750e-15,2.753360586129530e-13,1.165054606855122e-16,9.086825058699647e-10,solution good enough for the tolerances given,solution good enough for the tolerances given,solution good enough for the tolerances given,2.753360586129530e-13,1.165054606855122e-16,1.276616853266447e-16,2.837946017382386e-12,3.555065596138480e-14,2.836650883434755e-12,1.401124852634864e-17,1.297348234029391e-04,1.425860433551835e-16,2.837946017382386e-12,2.836650883434755e-12,2.258704409628750e-15,4.472134153984988e-05,1.235097283906308e+02,1.673799447146490e-10,2.219612976615576e-10,1.690951335794633e-07,0.000000000000000e+00,1.028732570223939e-08,1.228268597941451e-10,9.999999998771731e-01,9.999999994547215e-01,9.999999988113029e-01,9.999999974552825e-01,9.999999964939119e-01,9.999999961850152e-01,9.999999921437299e-01,9.999999595913638e-01,9.999999097381416e-01,9.999999097381365e-01,1.650966571400530e-02,6.809359026031415e-02,3.226952319281044e-02,8.899861567277116e-02,3.298391594438331e-04,1.081615725981300e-01,1.186485364857337e-02,1.374763929827853e-01,1.094759913174678e-01,4.268199554536986e-01,false
11,1.000000000000000e+06,0,6,CONTINUE,2.009452738340056e-09,3.000163058547304e-11,1.000000000000000e-09,2.009452738340056e-10,2.220446073527675e-14,1.108102128174511e+01,7.937145099827792e+03,9.851070153161500e-01,2.875914342132414e+01,1.412590044913071e-12,5.213432131743237e-02,1.821224539918708e-03,7.155803015804649e-01,1.983834000295388e-11,4.822781296153810e+09,REACHED_FORCE,REACHED_FORCE,REACHED_FORCE,1,0,0,1,0,0,2,2,1,8.974421168833257e-12,NaN,8.962800235827317e-12,NaN,4.102924188332589e-04,2.258527589180212e-14,8.700841271385662e-14,1.165758192579697e-16,9.087975580313931e-10,solution good enough for the tolerances given,solution good enough for the tolerances given,solution good enough for the tolerances given,8.700841271385662e-14,1.165758192579697e-16,2.282054687630633e-16,8.974421168833257e-12,1.123729868290432e-14,8.962800235827317e-12,2.433651758141535e-17,4.102924188332589e-04,1.140688346841468e-16,8.974421168833257e-12,8.962800235827317e-12,2.258527589180212e-14,4.472134153984988e-05,6.946303546901626e+01,1.673799447146490e-10,2.219612976615576e-10,1.690951335794633e-07,0.000000000000000e+00,6.991813288432076e-09,1.259898851913022e-10,9.999999998740101e-01,9.999999994493485e-01,9.999999988009105e-01,9.999999974541369e-01,9.999999961858854e-01,9.999999921447116e-01,9.999999608618474e-01,9.999999595941911e-01,9.999999097556216e-01,9.999999097556187e-01,1.699276581606370e-02,6.845266185593125e-02,3.168615190035150e-02,8.911068491503323e-02,1.084722123644570e-01,1.185089151088453e-02,1.232663266947462e-14,1.379770259500275e-01,1.444179489121667e-01,3.910396567750723e-01,false
11,3.162000000000000e+06,0,6,CONTINUE,2.009452738340056e-09,5.055678016450742e-11,1.000000000000000e-09,2.009452738340056e-10,2.220446073527675e-14,3.504650541499968e+00,2.510369582421565e+03,9.750318929710008e-01,2.891241971418852e+01,2.181805446267534e-12,1.646416151832863e-01,5.751500930028889e-03,7.193940973503401e-01,1.983834000295388e-11,4.822781296153810e+09,REACHED_FORCE,REACHED_FORCE,REACHED_FORCE,1,0,0,1,0,0,2,2,1,2.836537615342953e-11,NaN,2.824173736336150e-11,NaN,1.297340826679761e-03,2.258336623095790e-13,2.746420852447754e-14,1.170029886082060e-16,9.088346087688226e-10,solution good enough for the tolerances given,solution good enough for the tolerances given,solution good enough for the tolerances given,2.746420852447754e-14,1.170029886082060e-16,1.358532861811655e-16,2.836537615342953e-11,3.562057671329783e-15,2.824173736336150e-11,3.051580250897728e-17,1.297340826679761e-03,1.425860433551835e-16,2.836537615342953e-11,2.824173736336150e-11,2.258336623095790e-13,4.472134153984988e-05,3.908372689370487e+01,1.673799447146490e-10,2.219612976615576e-10,1.690951335794633e-07,0.000000000000000e+00,2.247180252810628e-09,1.259796711394756e-10,9.999999998740203e-01,9.999999994493851e-01,9.999999988009090e-01,9.999999974542528e-01,9.999999961860508e-01,9.999999921450178e-01,9.999999597209646e-01,9.999999595950704e-01,9.999999097611869e-01,9.999999097611867e-01,1.705146785211182e-02,6.870091676777848e-02,3.179468232209832e-02,8.955444975746263e-02,1.087231284072251e-01,1.181126567473212e-02,8.663458840119328e-12,1.395611834287801e-01,4.527536905417512e-01,8.004921523939711e-02,false
11,1.000000000000000e+07,0,6,CONTINUE,2.009452738340056e-09,1.029452262960825e-10,1.000000000000000e-09,2.009452738340056e-10,2.220446073527675e-14,1.108191904298183e+00,7.966503089072465e+02,9.498324265737141e-01,2.938023096636227e+01,3.971979354835459e-12,5.198129444289958e-01,1.815888752971101e-02,7.310341007177711e-01,1.983834000295388e-11,4.822781296153810e+09,REACHED_FORCE,REACHED_FORCE,REACHED_FORCE,1,0,0,1,0,0,2,2,1,8.934654016246331e-11,NaN,8.782746670770540e-11,NaN,4.102911890445564e-03,2.258756748481517e-12,8.632009060075535e-15,1.188856428851785e-16,9.088494188635801e-10,solution good enough for the tolerances given,solution good enough for the tolerances given,solution good enough for the tolerances given,8.632009060075535e-15,1.188856428851785e-16,1.030959446660049e-16,8.934654016246331e-11,1.093017900126037e-15,8.782746670770540e-11,1.021816206557007e-16,4.102911890445564e-03,8.555162601311008e-17,8.934654016246331e-11,8.782746670770540e-11,2.258756748481517e-12,4.472134153984988e-05,2.201154754238512e+01,1.673799447146490e-10,2.219612976615576e-10,1.690951335794633e-07,0.000000000000000e+00,1.946869930627405e-08,1.255255899224039e-10,9.999999998744744e-01,9.999999994501012e-01,9.999999988018755e-01,9.999999974543554e-01,9.999999961861088e-01,9.999999921451159e-01,9.999999835740069e-01,9.999999595953712e-01,9.999999097629304e-01,9.999999097629295e-01,1.716919033597667e-02,6.946244603603298e-02,3.221393071661709e-02,9.097947138404530e-02,1.095147932487305e-01,1.168537923089293e-02,5.404234896636155e-14,1.446523422816153e-01,1.511997352999692e-01,3.731227114660658e-01,false
11,3.162000000000000e+07,0,8,CONTINUE,2.009452738340056e-09,1.038352718956294e-10,1.000000000000000e-09,2.009452738340056e-10,2.220446073527675e-14,3.504740307472636e-01,2.516365977672288e+02,9.506454805549388e-01,2.868927746492236e+01,5.109082316191000e-12,1.677799185466807e-03,5.860040913625159e-05,7.138419086652743e-01,1.983834000295388e-11,4.822781296153810e+09,REACHED_FORCE,REACHED_FORCE,REACHED_FORCE,1,1,1,1,1,1,2,2,1,2.711309631713265e-10,2.615139257906306e-11,2.710947276952819e-10,2.614904566866879e-11,1.297342720932900e-02,2.258340230232941e-11,2.679420967199309e-15,1.355811428705143e-16,9.088498478419775e-10,solution good enough for the tolerances given,solution good enough for the tolerances given,solution good enough for the tolerances given,2.679420967199309e-15,1.355811428705143e-16,1.458263214823788e-16,2.711309631713265e-10,4.707467335036960e-16,2.710947276952819e-10,1.519799729352972e-16,1.297342720932900e-02,1.140688346841468e-16,2.615139257906306e-11,2.614904566866879e-11,2.258340230232941e-11,4.472134153984988e-05,1.243174317587303e+01,1.673799447146490e-10,2.219612976615576e-10,1.690951335794633e-07,0.000000000000000e+00,1.926705042724096e-08,1.256794668336170e-10,9.999999998743205e-01,9.999999994498772e-01,9.999999988009518e-01,9.999999974543083e-01,9.999999961861228e-01,9.999999921451523e-01,9.999999745332587e-01,9.999999595954661e-01,9.999999097635008e-01,9.999999097634980e-01,1.776819433542740e-02,7.195483436164857e-02,3.326300854574368e-02,9.553234660068512e-02,1.119553439024461e-01,1.126820792137980e-02,3.832361085698834e-16,1.615879522014068e-01,6.523888743167991e-02,4.314312246995827e-01,false
11,1.000000000000000e+08,0,9,CONTINUE,2.009452738340056e-09,2.009590020993504e-11,1.000000000000000e-09,2.009452738340056e-10,2.220446073527675e-14,1.108201194946583e-01,7.966376262201226e+01,9.899992703501026e-01,2.868703741912372e+01,1.035786579626834e-12,5.140037973720152e-07,9.109775288957003e-08,7.137861717689321e-01,1.983834000295388e-11,4.822781296153810e+09,REACHED_FORCE,REACHED_FORCE,REACHED_FORCE,1,1,1,1,1,1,2,3,2,8.974634590748926e-10,1.289952229055006e-15,8.974637211600583e-10,1.132603503762590e-15,4.102913055202007e-02,2.258740735621698e-10,8.024644665147158e-16,1.426828594671408e-16,9.088502502307271e-10,solution good enough for the tolerances given,solution good enough for the tolerances given,solution good enough for the tolerances given,8.024644665147158e-16,1.426828594671408e-16,1.662496425100169e-16,8.974634590748926e-10,5.603853668190596e-16,8.974637211600583e-10,7.386845759908589e-16,4.102913055202007e-02,2.281376693682936e-16,1.289952229055006e-15,1.132603503762590e-15,2.348175556589150e-16,4.472134153984988e-05,7.058287157363745e+00,1.673799447146490e-10,2.219612976615576e-10,1.690951335794633e-07,0.000000000000000e+00,2.338160235118047e-09,1.255275883238482e-10,9.999999998744724e-01,9.999999994501554e-01,9.999999987996337e-01,9.999999974542362e-01,9.999999961861257e-01,9.999999921451606e-01,9.999999597319651e-01,9.999999595954887e-01,9.999999097636885e-01,9.999999097636860e-01,1.951013415840397e-02,7.965006004795409e-02,3.658875579625795e-02,1.103968476649228e-01,1.188089220720937e-01,9.755295014527640e-03,7.770401396225530e-12,2.234991462226320e-01,3.607487781408807e-02,3.657159612013492e-01,false
11,3.162000000000000e+08,0,9,CONTINUE,2.009452738340056e-09,2.015406025548564e-11,1.000000000000000e-09,2.009452738340056e-10,2.220446073527675e-14,3.504750423572823e-02,2.540069885976734e+01,9.899701570285399e-01,2.868703973661889e+01,1.038782678036948e-12,1.153998544285137e-06,9.115585441272903e-08,7.137862294327214e-01,1.983834000295388e-11,4.822781296153810e+09,REACHED_FORCE,REACHED_FORCE,REACHED_FORCE,1,1,1,1,1,1,2,3,2,2.837785316899314e-09,1.116549590169296e-14,2.837788416016838e-09,1.827059258810049e-14,1.297336938756870e-01,2.258335280321304e-09,2.314717320128924e-16,1.426833806874266e-16,9.088520242533208e-10,solution good enough for the tolerances given,solution good enough for the tolerances given,solution good enough for the tolerances given,2.314717320128924e-16,1.426833806874266e-16,2.377343077419620e-16,2.837785316899314e-09,2.007972713161650e-15,2.837788416016838e-09,2.472501785104180e-15,1.297336938756870e-01,1.996204606972569e-16,1.116549590169296e-14,1.827059258810049e-14,9.244173049584395e-16,4.472134153984988e-05,4.029226394744335e+00,1.673799447146490e-10,2.219612976615576e-10,1.690951335794633e-07,0.000000000000000e+00,4.662426953163230e-09,1.245066272304030e-10,9.999999998754934e-01,9.999999994518018e-01,9.999999987967789e-01,9.999999974541007e-01,9.999999961861317e-01,9.999999921451619e-01,9.999999601481369e-01,9.999999595955009e-01,9.999999097637629e-01,9.999999097637584e-01,2.225428132374699e-02,9.376418513548217e-02,4.229248464100975e-02,1.481315643528248e-01,1.212294732059047e-01,3.864923105413973e-03,1.426453961549594e-13,4.705091883495675e-01,4.540066328135565e-03,9.341383355777244e-02,false
11,1.000000000000000e+09,0,9,CONTINUE,2.009452738340056e-09,2.152054487830769e-11,1.000000000000000e-09,2.009452738340056e-10,2.220446073527675e-14,1.108202683864507e-02,8.253278746696420e+00,9.893199479933776e-01,2.868734554140628e+01,1.105494523074064e-12,2.213191891990790e-04,7.720850221770633e-06,7.137938384251864e-01,1.983834000295388e-11,4.822781296153810e+09,REACHED_FORCE,REACHED_FORCE,REACHED_FORCE,1,1,1,1,1,1,2,3,2,8.974428465450794e-09,3.944531255288503e-13,8.974397133012380e-09,4.153053917250075e-13,4.102919758193209e-01,2.258730184816262e-08,1.202584336139551e-16,1.426760222561429e-16,9.088516589308537e-10,solution good enough for the tolerances given,solution good enough for the tolerances given,solution good enough for the tolerances given,1.202584336139551e-16,1.426760222561429e-16,2.075850913197520e-16,8.974428465450794e-09,8.310547891220610e-15,8.974397133012380e-09,9.302949481165430e-15,4.102919758193209e-01,1.425860433551835e-16,3.944531255288503e-13,4.153053917250075e-13,1.000025728753433e-14,4.472134153984988e-05,2.872567333872522e+00,1.673799447146490e-10,2.219612976615576e-10,1.690951335794633e-07,0.000000000000000e+00,1.141471645885342e-09,1.211639677478615e-10,9.999999998788360e-01,9.999999994563578e-01,9.999999987881618e-01,9.999999974538110e-01,9.999999961861497e-01,9.999999921451634e-01,9.999999596271651e-01,9.999999595955167e-01,9.999999097638232e-01,9.999999097638073e-01,6.962222175939149e-03,3.304484926578333e-02,1.384490170119146e-02,7.501822700967103e-02,2.392527722734934e-02,2.595236127202325e-03,1.880865649623969e-10,5.477654833790976e-01,3.915151181944389e-05,2.968046514138603e-01,false
11,3.162000000000000e+09,0,9,CONTINUE,2.009452738340056e-09,1.362830398561841e-10,1.000000000000000e-09,2.009452738340056e-10,2.220446073527675e-14,3.504757288410644e-03,2.810355775534761e+00,9.348466996132786e-01,2.869636144849386e+01,6.733254507500874e-12,7.103461397579086e-03,2.481378834205955e-04,7.140181713790534e-01,1.983834000295388e-11,4.822781296153810e+09,REACHED_FORCE,REACHED_FORCE,REACHED_FORCE,1,1,1,1,1,1,2,3,2,2.835916639982301e-08,3.807409661454110e-11,2.835493598077245e-08,3.849178160781129e-11,1.297346961168654e+00,2.258329005122724e-07,1.298215042866814e-16,1.425385880402005e-16,9.088507296346413e-10,solution good enough for the tolerances given,solution good enough for the tolerances given,solution good enough for the tolerances given,1.298215042866814e-16,1.425385880402005e-16,1.317654866056998e-16,2.835916639982301e-08,2.508498562203575e-14,2.835493598077245e-08,2.809436822836624e-14,1.297346961168654e+00,1.425860433551835e-16,3.807409661454110e-11,3.849178160781129e-11,3.239778522707844e-13,4.472134153984988e-05,2.872567333872522e+00,1.673799447146490e-10,2.219612976615576e-10,1.690951335794633e-07,0.000000000000000e+00,1.584392201840230e-09,1.125322057760059e-10,9.999999998874678e-01,9.999999994600166e-01,9.999999987731947e-01,9.999999974535272e-01,9.999999961869999e-01,9.999999921451648e-01,9.999999596578548e-01,9.999999595955513e-01,9.999999097639369e-01,9.999999097639352e-01,3.583090916867747e-04,2.921228858737470e-03,8.281831864556529e-04,1.368744831117170e-02,5.947644902593424e-05,9.439665435643011e-03,9.664561908867154e-13,2.659154043780302e-01,2.143664638440881e-07,7.067900699218190e-01,false
11,1.000000000000000e+10,0,11,CONTINUE,2.009452738340056e-09,7.462443393127526e-11,1.000000000000000e-09,2.009452738340056e-10,2.220446073527675e-14,1.108209427676561e-03,6.686928634294644e-01,9.627948685361929e-01,2.855762397778238e+01,4.088838834706829e-12,9.573881144538417e-02,3.344505275944791e-03,7.105661279953414e-01,1.983834000295388e-11,4.822781296153810e+09,REACHED_FORCE,REACHED_FORCE,REACHED_FORCE,1,2,2,1,2,2,2,3,2,8.789753094340454e-08,3.694588778840320e-09,8.809398955440078e-08,3.698056583585079e-09,4.102911307720083e+00,2.258701333545648e-06,1.381517813865019e-16,1.428455121357172e-16,9.088482449483401e-10,solution good enough for the tolerances given,solution good enough for the tolerances given,solution good enough for the tolerances given,1.381517813865019e-16,1.428455121357172e-16,1.035290841545878e-16,8.789753094340454e-08,1.765197120244576e-13,8.809398955440078e-08,1.417894019124557e-13,4.102911307720083e+00,1.140688346841468e-16,2.859526448018268e-11,2.204485706385907e-11,1.000824073078584e-11,4.472134153984988e-05,2.872567333872522e+00,1.673799447146490e-10,2.219612976615576e-10,1.690951335794633e-07,0.000000000000000e+00,3.962707126185356e-10,1.495454871047741e-10,9.999999998504545e-01,9.999999994450248e-01,9.999999990789277e-01,9.999999974535065e-01,9.999999961860968e-01,9.999999921451717e-01,9.999999595965399e-01,9.999999595956846e-01,9.999999097643570e-01,9.999999097643564e-01,4.810464751438044e-05,7.119328721339180e-04,1.534984454268671e-04,4.805248618286380e-03,2.715165671956749e-03,1.126787438565441e-02,1.057742136229109e-07,1.884186941526625e-01,7.916158301639815e-01,2.635452681696985e-04,false
11,3.162000000000000e+10,0,12,CONTINUE,2.009452738340056e-09,6.501716174334014e-11,1.000000000000000e-09,2.009452738340056e-10,2.220446073527675e-14,3.504824998195236e-04,2.284413329362268e-01,9.677051420569704e-01,2.873835889298992e+01,3.268582522165233e-12,3.777374552495066e-02,1.319559255914946e-03,7.150631447862700e-01,1.983834000295388e-11,4.822781296153810e+09,REACHED_FORCE,REACHED_FORCE,REACHED_FORCE,1,2,2,1,2,2,2,4,3,2.843186433444457e-07,9.710224176551959e-10,2.840213327650798e-07,9.656884581262289e-10,1.297341496717217e+01,2.258273985442515e-05,1.412048467687517e-16,1.426012494850790e-16,9.088478631497251e-10,solution good enough for the tolerances given,solution good enough for the tolerances given,solution good enough for the tolerances given,1.412048467687517e-16,1.426012494850790e-16,3.089458474464380e-16,2.843186433444457e-07,3.709805954798507e-13,2.840213327650798e-07,3.625479471197573e-13,1.297341496717217e+01,1.140688346841468e-16,3.412962980799431e-11,7.806132952978997e-11,8.240405800139890e-13,4.472134153984988e-05,2.872567333872522e+00,1.673799447146490e-10,2.219612976615576e-10,1.690951335794633e-07,0.000000000000000e+00,1.988197348898150e-09,1.384405923232634e-10,9.999999998615594e-01,9.999999994805839e-01,9.999999991725199e-01,9.999999974535172e-01,9.999999961860973e-01,9.999999921451823e-01,9.999999596941431e-01,9.999999595960607e-01,9.999999097656795e-01,9.999999097656784e-01,7.234979883894936e-05,4.971515837306140e-04,3.501235462490873e-04,3.053365316137654e-03,4.206874713276523e-03,1.176113776476301e-02,5.782498118562516e-14,1.673309979699599e-01,8.126837177148853e-01,4.428159210111954e-05,false
11,1.000000000000000e+11,0,14,CONTINUE,2.009452738340056e-09,5.475506932952576e-11,1.000000000000000e-09,2.009452738340056e-10,2.220446073527675e-14,1.108276843038366e-04,6.667218804138976e-02,9.735392401493004e-01,2.868465066163656e+01,2.746436543550437e-12,1.746725626824146e-03,6.103042984108722e-05,7.137267850529012e-01,1.983834000295388e-11,4.822781296153810e+09,REACHED_FORCE,REACHED_FORCE,REACHED_FORCE,1,3,3,1,3,3,2,4,3,9.118731509162850e-07,2.903055023074469e-08,9.118967421881705e-07,2.847188964047985e-08,4.102901114684059e+01,2.258535970768186e-04,1.422031842825414e-16,1.426743977767135e-16,9.088303837237092e-10,solution good enough for the tolerances given,solution good enough for the tolerances given,solution good enough for the tolerances given,1.422031842825414e-16,1.426743977767135e-16,1.821859996399978e-16,9.118731509162850e-07,5.932258112979166e-13,9.118967421881705e-07,7.048634093255534e-13,4.102901114684059e+01,3.707237127234771e-16,8.874370950373413e-12,1.038341617613722e-11,7.889962170413681e-12,4.472134153984988e-05,2.872567333872522e+00,1.673799447146490e-10,2.219612976615576e-10,1.690951335794633e-07,0.000000000000000e+00,6.864548632308543e-10,1.499875779131798e-10,9.999999998500124e-01,9.999999994460105e-01,9.999999991009503e-01,9.999999974536269e-01,9.999999961861088e-01,9.999999921452283e-01,9.999999596055202e-01,9.999999595972775e-01,9.999999097698471e-01,9.999999097698453e-01,1.076481415267337e-04,5.966021656040682e-04,3.015645762800043e-04,2.593604029628887e-03,4.728551843407622e-03,1.190923505813519e-02,2.017713788218438e-10,1.610189907743179e-01,2.928907579103018e-04,8.184509124514177e-01,false
11,3.162000000000000e+11,0,15,CONTINUE,2.009452738340056e-09,2.193382989124728e-11,1.000000000000000e-09,2.009452738340056e-10,2.220446073527675e-14,3.505497649950216e-05,2.087429020507343e-02,9.890953420807076e-01,2.870344357995160e+01,1.111245566801098e-12,1.181380857700360e-02,4.126868755106480e-04,7.141943871691032e-01,1.983834000295388e-11,4.822781296153810e+09,REACHED_FORCE,REACHED_FORCE,REACHED_FORCE,1,3,3,1,4,4,2,4,3,2.973728923990434e-06,4.839749394837875e-07,2.972879332467313e-06,4.830168660678312e-07,1.297334451112818e+02,2.257702537880485e-03,1.425052051766721e-16,1.426972310124777e-16,9.087700624191765e-10,solution good enough for the tolerances given,solution good enough for the tolerances given,solution good enough for the tolerances given,1.425052051766721e-16,1.426972310124777e-16,1.642291101468756e-16,2.973728923990434e-06,2.122617695239599e-12,2.972879332467313e-06,2.766402380327862e-12,1.297334451112818e+02,1.140688346841468e-16,1.129740225855211e-10,2.619592335399328e-12,4.215181614997327e-11,4.472134153984988e-05,2.872567333872522e+00,1.673799447146490e-10,2.219612976615576e-10,1.690951335794633e-07,0.000000000000000e+00,4.657055824102771e-10,1.515048086986326e-10,9.999999998484952e-01,9.999999994381594e-01,9.999999990790365e-01,9.999999974536886e-01,9.999999961861301e-01,9.999999921453648e-01,9.999999596027229e-01,9.999999596011200e-01,9.999999097829984e-01,9.999999097829930e-01,1.190754389195521e-04,6.271873688609643e-04,2.949683046014398e-04,2.457764950986571e-03,4.899068731745624e-03,1.195769976800984e-02,3.222943258992003e-08,1.590714789426179e-01,2.270341196205776e-07,8.205724972307056e-01,false
11,1.000000000000000e+12,1,13,CONTINUE,2.009452738340056e-09,1.874805979845219e-09,1.000000000000000e-09,2.009452738340056e-10,2.220446073527675e-14,1.108950443170599e-05,6.585991279347018e-03,1.126062278250704e-02,2.706514501641664e+01,1.105979084596830e-10,1.025887730065919e+02,3.583787336496422e+00,6.734305231827419e-01,1.983834000295388e-11,4.822781296153810e+09,REFINE_STALLED,REFINE_STALLED,REACHED_FORCE,1,2,2,1,2,2,2,5,4,8.970316848009724e-06,6.504751012298078e-08,2.258630221198735e-05,1.007563897337265e-07,4.102842278214268e+02,2.256745650656191e-02,1.425462141045162e-16,3.275235584777436e-16,9.086029817792529e-10,solution good enough for the tolerances given,solution good enough for the tolerances given,solution good enough for the tolerances given,1.425462141045162e-16,3.275235584777436e-16,1.317397309803553e-16,8.970316848009724e-06,1.054004384147429e-11,2.258630221198735e-05,7.116990070325779e-12,4.102842278214268e+02,1.140688346841468e-16,4.724765945097490e-08,7.133204032166692e-08,1.204647656415456e-12,4.472134153984988e-05,2.872567333872522e+00,1.673799447146490e-10,2.219612976615576e-10,1.690951335794633e-07,0.000000000000000e+00,6.038844619337220e-10,1.518374315168103e-10,9.999999998481626e-01,9.999999994359914e-01,9.999999990724022e-01,9.999999974537503e-01,9.999999961862063e-01,9.999999921458058e-01,9.999999596186087e-01,9.999999596132891e-01,9.999999098246533e-01,9.999999098246530e-01,1.227980326406402e-04,6.371738699869085e-04,2.940377101020743e-04,2.417403057034322e-03,4.956968263878642e-03,1.198080129781625e-02,9.292389872712964e-10,1.585005225878017e-01,2.029491623572278e-04,8.208873450891433e-01,false
11,3.162000000000000e+12,1,18,CONTINUE,2.009452738340056e-09,2.018336054067125e-09,1.000000000000000e-09,2.009452738340056e-10,2.220446073527675e-14,3.512233597201437e-06,2.081775446139005e-03,1.244193783892880e-04,2.881745153712618e+01,1.113332746517109e-10,7.465763948663849e+02,2.608052236629469e+01,7.170311228925370e-01,1.983834000295388e-11,4.822781296153810e+09,REFINE_STALLED,REFINE_STALLED,REACHED_FORCE,1,2,2,1,6,6,2,6,5,2.806626999517678e-05,1.437920000138956e-07,2.215512299035162e-02,2.975887185316890e-04,1.297272471668303e+03,2.252063624270605e-01,1.423859604061676e-16,9.272024242072492e-14,9.080592555692642e-10,solution good enough for the tolerances given,solution good enough for the tolerances given,solution good enough for the tolerances given,1.423859604061676e-16,9.272024242072492e-14,1.629040821503879e-16,2.806626999517678e-05,1.825237951969732e-11,2.215512299035162e-02,8.496991211353010e-09,1.297272471668303e+03,2.566548780393302e-16,3.068344554725623e-07,8.030330324315534e-09,2.609746753393710e-12,4.472134153984988e-05,2.872567333872522e+00,1.673799447146490e-10,2.219612976615576e-10,1.690951335794633e-07,0.000000000000000e+00,9.139933591286701e-10,1.519162573515587e-10,9.999999998480837e-01,9.999999994353652e-01,9.999999990703903e-01,9.999999974539060e-01,9.999999961864416e-01,9.999999921471914e-01,9.999999596689055e-01,9.999999596516578e-01,9.999999099560164e-01,9.999999099560160e-01,1.242655789680590e-04,6.418225068317950e-04,2.945837799745642e-04,2.410169710086916e-03,4.986492151673203e-03,1.201304744195151e-02,2.806540296329925e-11,1.584516825924512e-01,8.209773540578480e-01,1.005821521492673e-04,false
11,1.000000000000000e+13,1,15,CONTINUE,2.009452738340056e-09,1.857249439109990e-09,1.000000000000000e-09,2.009452738340056e-10,2.220446073527675e-14,1.115685360588444e-06,6.583180155569799e-04,1.961543321080646e-08,2.650494269825926e+01,1.114716739728150e-10,7.923477929977770e+07,2.767950530658044e+06,6.594916517468227e-01,1.983834000295388e-11,4.822781296153810e+09,REFINE_STALLED,REFINE_STALLED,REACHED_FORCE,1,2,2,1,2,2,2,7,6,8.892723694001306e-05,4.060895942160757e-06,1.203872634825205e+00,9.109128309970246e-02,4.102253257216034e+03,2.238975653203485e+00,1.417911142220658e-16,1.594407877952842e-12,9.063576778589536e-10,solution good enough for the tolerances given,solution good enough for the tolerances given,solution good enough for the tolerances given,1.417911142220658e-16,1.594407877952842e-12,1.721741963249156e-16,8.892723694001306e-05,4.906304493708642e-11,1.203872634825205e+00,9.621168478018906e-07,4.102253257216034e+03,1.425860433551835e-16,2.490508626088228e-06,8.423762272200935e-02,5.538890648518370e-12,4.472134153984988e-05,2.872567333872522e+00,1.673799447146490e-10,2.219612976615576e-10,1.690951335794633e-07,0.000000000000000e+00,6.472366498607883e-10,1.519022685414484e-10,9.999999998480977e-01,9.999999994352669e-01,9.999999990699264e-01,9.999999974543838e-01,9.999999961871882e-01,9.999999921515716e-01,9.999999597793137e-01,9.999999597726061e-01,9.999999103690049e-01,9.999999103690032e-01,1.256411143836507e-04,6.480458790937312e-04,2.971567000186625e-04,2.425096463335461e-03,5.031200355747075e-03,1.210220832563800e-02,4.973798884052575e-10,1.588481489439369e-01,7.893424407926074e-04,8.197331592796738e-01,false
11,3.162000000000000e+13,1,22,CONTINUE,2.009452738340056e-09,2.474014854684481e-09,1.000000000000000e-09,2.009452738340056e-10,2.220446073527675e-14,3.579534423699047e-07,2.083742936583247e-04,1.546580598009968e-04,3.492426041066974e+01,8.103732407504831e-11,2.872491036298578e+04,1.003462418452204e+03,8.689797512327749e-01,1.983834000295388e-11,4.822781296153810e+09,REFINE_STALLED,REFINE_STALLED,REACHED_FORCE,1,7,7,1,2,2,2,9,8,3.039943759621184e-04,4.620686012447375e-05,2.935839490261972e-04,3.307258313479501e-05,1.296693137571378e+04,2.196760574786581e+01,1.399186399862047e-16,1.572769253864102e-16,9.010795653485850e-10,solution good enough for the tolerances given,solution good enough for the tolerances given,solution good enough for the tolerances given,1.399186399862047e-16,1.572769253864102e-16,1.121081095724742e-16,3.039943759621184e-04,1.721344122572427e-10,2.935839490261972e-04,1.665506845993007e-10,1.296693137571378e+04,5.703441734207339e-17,8.005184104615824e-09,2.150146724583966e-05,2.948335279327217e-11,4.472134153984988e-05,2.872567333872522e+00,1.673799447146490e-10,2.219612976615576e-10,1.690951335794633e-07,0.000000000000000e+00,5.064770330624894e-10,1.517728165367771e-10,9.999999998482272e-01,9.999999994355453e-01,9.999999990703285e-01,9.999999974558926e-01,9.999999961895432e-01,9.999999921653937e-01,9.999999601528280e-01,9.999999601502219e-01,9.999999116489859e-01,9.999999116489831e-01,1.289766091449511e-04,6.651367418134222e-04,3.056087401496295e-04,2.484518127938618e-03,5.157702393706283e-03,1.238080010998919e-02,9.870869413994388e-09,1.602561008299259e-01,8.185157033188114e-01,1.054432576509703e-04,false
11,1.000000000000000e+14,1,19,CONTINUE,2.009452738340056e-09,1.873384188045453e-09,1.000000000000000e-09,2.009452738340056e-10,2.220446073527675e-14,1.182842285818949e-07,6.607510147902997e-05,8.423074060446102e-15,2.841516270651397e+01,1.045526798794576e-10,2.299001950463609e+13,8.031232977955753e+11,7.070214334948945e-01,1.983834000295388e-11,4.822781296153810e+09,REFINE_STALLED,REFINE_STALLED,REFINE_ITMAX,1,1,1,2,2,1,2,11,10,3.493005108641956e-03,3.483378523885322e-03,2.373743545122082e+05,1.904201589014328e+05,4.096623926938923e+04,2.072078840723944e+02,1.343365747494046e-16,7.344327417685981e-09,8.852485620788809e-10,solution good enough for the tolerances given,solution good enough for the tolerances given,solution good enough for the tolerances given,1.343365747494046e-16,6.415863988101521e-16,1.302182452888107e-16,3.493005108641956e-03,5.759102143021329e-10,2.373743545122082e+05,3.638098823069203e-02,4.096623926938923e+04,5.703441734207339e-17,3.483378523885322e-03,1.904201589014328e+05,1.578745351395725e-08,4.472134153984988e-05,2.872567333872522e+00,1.673799447146490e-10,2.219612976615576e-10,1.690951335794633e-07,0.000000000000000e+00,5.989558529123566e-10,1.513429381816422e-10,9.999999998486571e-01,9.999999994366042e-01,9.999999990721646e-01,9.999999974606439e-01,9.999999961969788e-01,9.999999922087661e-01,9.999999613044152e-01,9.999999612990057e-01,9.999999154578829e-01,9.999999154578825e-01,1.393555348781657e-04,7.192496393227941e-04,3.330983016403767e-04,2.678994971445570e-03,5.558070508971464e-03,1.326655457114099e-02,1.577882699620225e-09,1.645585107200387e-01,7.249656154595758e-05,8.126736676131336e-01,false
11,3.162000000000000e+14,1,20,CONTINUE,2.009452738340056e-09,1.883816867483022e-09,1.000000000000000e-09,2.009452738340056e-10,2.220446073527675e-14,4.246659465798346e-08,2.108644740096528e-05,1.198875419296047e-35,2.868706521298261e+01,1.035709628407406e-10,1.609377135884884e+30,5.562289282670285e+28,7.137868645907518e-01,1.983834000295388e-11,4.822781296153810e+09,REFINE_STALLED,REFINE_STALLED,REFINE_ITMAX,1,1,1,3,2,1,2,11,10,8.489156394583771e+02,9.218872113092713e+06,1.591912156897284e+22,1.728771738968524e+26,1.291486797787949e+05,1.738039840326339e+03,1.195625749230340e-16,2.507750376182303e+03,8.426465967769870e-10,solution good enough for the tolerances given,solution good enough for the tolerances given,solution good enough for the tolerances given,1.195625749230340e-16,2.389856166906109e-04,2.402084834392302e-16,8.489156394583771e+02,2.608677330568015e-09,1.591912156897284e+22,5.006215142949374e+10,1.291486797787949e+05,8.555162601311008e-17,9.218872113092713e+06,1.728771738968524e+26,4.230860978065284e-04,4.472134153984988e-05,2.872567333872522e+00,1.673799447146490e-10,2.219612976615576e-10,1.690951335794633e-07,0.000000000000000e+00,1.529305669449194e-09,1.499804724858222e-10,9.999999998500195e-01,9.999999994400004e-01,9.999999990780943e-01,9.999999974755389e-01,9.999999962203252e-01,9.999999923425593e-01,9.999999645932213e-01,9.999999645298426e-01,9.999999255284047e-01,9.999999255284033e-01,1.735543792523245e-04,8.983331792087926e-04,4.267344175317811e-04,3.319371193064880e-03,6.867928092127553e-03,1.611259524496088e-02,3.069378181801143e-12,1.762803342937209e-01,4.324433988863286e-06,7.959168247630753e-01,false
11,1.000000000000000e+15,1,20,CONTINUE,2.009452738340056e-09,1.875945460913738e-09,1.000000000000000e-09,2.009452738340056e-10,2.220446073527675e-14,1.836584100954584e-08,6.859763887860873e-06,3.582761652427398e-33,2.868703812627146e+01,1.035710606340154e-10,4.412901865582975e+23,1.146124586123472e+25,7.137861944216379e-01,1.983834000295388e-11,4.822781296153810e+09,REFINE_STALLED,REFINE_STALLED,REFINE_ITMAX,1,1,1,3,2,1,2,11,10,8.862491013680998e+02,1.120178818157460e+07,3.167721374066216e+19,4.003916971594927e+23,4.054247988473527e+05,1.077747403184162e+04,9.012187443326102e-17,5.952897181723663e+00,7.557732088162858e-10,solution good enough for the tolerances given,solution good enough for the tolerances given,solution good enough for the tolerances given,9.012187443326102e-17,6.271791703258228e-07,1.426980250353158e-16,8.862491013680998e+02,3.725020101089213e-12,3.167721374066216e+19,1.353551669146815e+05,4.054247988473527e+05,3.136892953814037e-16,1.120178818157460e+07,4.003916971594927e+23,1.590278950698919e+00,4.472134153984988e-05,2.872567333872522e+00,1.673799447146490e-10,2.219612976615576e-10,1.690951335794633e-07,0.000000000000000e+00,1.909748884234174e-09,1.457776122038013e-10,9.999999998542224e-01,9.999999994506363e-01,9.999999990961996e-01,9.999999975213349e-01,9.999999962925503e-01,9.999999927348806e-01,9.999999720533275e-01,9.999999719237709e-01,9.999999455511338e-01,9.999999455510943e-01,2.926925984385326e-04,1.527472014258013e-03,7.852624219706105e-04,5.510609878129612e-03,1.129666141796128e-02,2.518476491833791e-02,6.506067273008341e-12,1.987996299820725e-01,1.619035553804699e-07,7.566027448587700e-01,false
11,3.162000000000000e+15,1,9,CONTINUE,2.009452738340056e-09,1.859434280193418e-09,1.000000000000000e-09,2.009452738340056e-10,2.220446073527675e-14,1.041233625531422e-08,2.533184954475004e-06,6.184215161396682e-11,2.868703812405175e+01,1.035710606399562e-10,3.535710557568501e-04,1.859652135269357e+02,7.137862009036624e-01,1.983834000295388e-11,4.822781296153810e+09,REFINE_STALLED,REFINE_STALLED,REFINE_STALLED,1,1,1,1,1,1,2,3,2,2.285598860194877e-01,5.349236566346166e-01,5.912509219177879e+00,1.406229030572099e+01,1.263720212864496e+06,3.680043278046297e+04,5.459110724604595e-17,3.069497610681793e-15,6.509412102907346e-10,solution good enough for the tolerances given,solution good enough for the tolerances given,solution good enough for the tolerances given,5.459110724604595e-17,3.069497610681793e-15,1.434261351319354e-16,2.285598860194877e-01,1.003763586842913e-16,5.912509219177879e+00,2.121881627221100e-15,1.263720212864496e+06,8.555162601311008e-17,5.349236566346166e-01,1.406229030572099e+01,2.349877242347132e+04,4.472134153984988e-05,2.872567333872522e+00,1.673799447146490e-10,2.219612976615576e-10,1.690951335794633e-07,0.000000000000000e+00,4.628521606773736e-09,1.248450232083087e-10,9.999999998751550e-01,9.999999995039817e-01,9.999999991710535e-01,9.999999976578220e-01,9.999999975099496e-01,9.999999965057278e-01,9.999999937299868e-01,9.999999830037353e-01,9.999999696275117e-01,9.999999696268429e-01,6.376571682460083e-04,3.440319482670281e-03,2.743569677531046e-03,1.225628059204347e-02,2.949485005021269e-04,2.488629354976710e-02,4.867618565528094e-02,2.023176007553258e-01,1.068212233001692e-07,7.047470377974098e-01,false
11,1.000000000000000e+16,1,10,CONTINUE,2.009452738340056e-09,1.856886193038242e-09,1.000000000000000e-09,2.009452738340056e-10,2.220446073527675e-14,7.128274389826420e-09,9.912246866197309e-07,2.727295898288266e-10,2.868703812405173e+01,1.035710606328866e-10,2.868465576476065e-05,3.170407342646561e+01,7.137862007657019e-01,1.983834000295388e-11,4.822781296153810e+09,REFINE_STALLED,REFINE_STALLED,REFINE_STALLED,1,1,1,1,1,1,2,4,3,2.740424435968168e-01,2.970127296378857e-01,2.366183047034010e+00,2.443696531515598e+00,3.903820247192864e+06,1.580038625309763e+05,2.992618608566195e-17,4.542756745968908e-16,5.626775673718428e-10,solution good enough for the tolerances given,solution good enough for the tolerances given,solution good enough for the tolerances given,2.992618608566195e-17,4.542756745968908e-16,1.941682006798370e-16,2.740424435968168e-01,1.844044841885975e-17,2.366183047034010e+00,1.096449250762298e-16,3.903820247192864e+06,1.140688346841468e-16,2.970127296378857e-01,2.443696531515598e+00,5.274679690133134e+04,4.472134153984988e-05,2.872567333872522e+00,1.673799447146490e-10,2.219612976615576e-10,1.690951335794633e-07,0.000000000000000e+00,4.268189863464313e-10,1.008853001138732e-10,9.999999998991147e-01,9.999999995876914e-01,9.999999992967936e-01,9.999999989742594e-01,9.999999979805061e-01,9.999999970541820e-01,9.999999955199292e-01,9.999999922636076e-01,9.999999859756097e-01,9.999999859713595e-01,1.542788885011575e-03,7.581271505401029e-03,1.037756397954376e-02,6.721555095440301e-04,2.437449452034770e-02,4.343964455390877e-02,6.888065056103196e-02,1.299569409759901e-01,1.810633062777595e-09,7.131744876985880e-01,false
11,3.162000000000000e+16,1,10,CONTINUE,2.009452738340056e-09,1.849955658247433e-09,1.000000000000000e-09,2.009452738340056e-10,2.220446073527675e-14,4.884083750220853e-09,3.725772488962010e-07,3.628460875398750e-11,2.868703812405172e+01,1.035710606408131e-10,3.384393497624133e-05,8.829965724961301e+01,7.137862002952592e-01,1.983834000295388e-11,4.822781296153810e+09,REFINE_STALLED,REFINE_STALLED,REFINE_STALLED,1,1,1,1,1,1,2,4,3,4.090375763660772e-01,7.899143848194579e-01,6.162161005905885e+00,1.179322537553200e+01,1.188032205888004e+07,6.469824790973988e+05,1.622495681756144e-17,4.752597780718717e-16,4.601614780016513e-10,solution good enough for the tolerances given,solution good enough for the tolerances given,solution good enough for the tolerances given,1.622495681756144e-17,4.752597780718717e-16,1.540775195707529e-16,4.090375763660772e-01,1.566170200176016e-17,6.162161005905885e+00,2.511188955906783e-16,1.188032205888004e+07,8.555162601311008e-17,7.899143848194579e-01,1.179322537553200e+01,1.585654790332095e+05,4.472134153984988e-05,2.872567333872522e+00,1.673799447146490e-10,2.219612976615576e-10,1.690951335794633e-07,0.000000000000000e+00,1.458643168105313e-09,8.488321157074097e-11,9.999999999151168e-01,9.999999998023994e-01,9.999999995745028e-01,9.999999993254336e-01,9.999999987814909e-01,9.999999985315418e-01,9.999999980246224e-01,9.999999973491942e-01,9.999999968877178e-01,9.999999935247725e-01,3.412924708069542e-03,3.284673556294511e-03,2.480218058890213e-02,1.680629592164488e-02,2.446576618159527e-04,1.858542841548702e-02,3.250772155437077e-02,5.379629000055285e-02,3.979437944952229e-02,8.067654481433401e-01,false
11,1.000000000000000e+17,1,9,CONTINUE,2.009452738340056e-09,6.770130033794644e-09,1.000000000000000e-09,2.009452738340056e-10,2.220446073527675e-14,3.109953331284189e-09,1.439019828879942e-07,3.090390944070045e-08,2.868703812405170e+01,1.035710596060177e-10,4.082965507607694e-07,3.596354915876821e+00,7.137862182360918e-01,1.983834000295388e-11,4.822781296153810e+09,REFINE_STALLED,REFINE_STALLED,REFINE_STALLED,1,1,1,1,1,1,2,3,2,5.347879875557241e-01,8.337785393762316e-01,7.475665866557157e-01,4.198458644601247e-01,3.554731192558052e+07,1.907574127175586e+06,7.828510208445537e-18,4.864175103178568e-17,3.532023275132959e-10,solution good enough for the tolerances given,solution good enough for the tolerances given,solution good enough for the tolerances given,7.828510208445537e-18,4.864175103178568e-17,2.947051473410878e-16,5.347879875557241e-01,3.204426397424482e-18,7.475665866557157e-01,6.193714944214783e-18,3.554731192558052e+07,1.425860433551835e-16,8.337785393762316e-01,4.198458644601247e-01,1.169195403570201e+06,4.472134153984988e-05,2.872567333872522e+00,1.673799447146490e-10,2.219612976615576e-10,1.690951335794633e-07,0.000000000000000e+00,1.265146422391103e-09,6.949174569115257e-11,9.999999999305083e-01,9.999999998597309e-01,9.999999996367568e-01,9.999999994707751e-01,9.999999991964152e-01,9.999999988557742e-01,9.999999987310297e-01,9.999999983234533e-01,9.999999975309197e-01,9.999999967845177e-01,7.233107741583146e-03,1.451550080553517e-02,5.099200064812791e-02,2.081995398677461e-02,8.234898246584080e-03,1.620448968511273e-02,4.676025409625890e-02,9.747398526432508e-03,6.391076428888920e-11,8.254923961996797e-01,false
11,3.162000000000000e+17,1,9,CONTINUE,2.009452738340056e-09,2.961522264350111e-09,1.000000000000000e-09,2.009452738340056e-10,2.220446073527675e-14,1.816026691107861e-09,6.390553887536502e-08,7.727142045618853e-10,2.868703812405172e+01,1.035710606161253e-10,2.172440597413860e-07,7.872060111045844e+00,7.137862015455790e-01,1.983834000295388e-11,4.822781296153810e+09,REFINE_STALLED,REFINE_STALLED,REFINE_STALLED,1,1,1,1,1,1,2,3,2,9.046711698901744e-01,8.077731869846817e-01,1.691870284937697e+00,1.780523966793661e+00,1.055257430703807e+08,5.686869054318460e+06,3.614728520356896e-18,7.490160089472799e-18,2.758331773874140e-10,solution good enough for the tolerances given,solution good enough for the tolerances given,solution good enough for the tolerances given,3.614728520356896e-18,7.490160089472799e-18,2.256854278571315e-16,9.046711698901744e-01,6.993360402299721e-19,1.691870284937697e+00,1.283540028391398e-18,1.055257430703807e+08,1.140688346841468e-16,8.077731869846817e-01,1.780523966793661e+00,3.384237382738944e+06,4.472134153984988e-05,2.872567333872522e+00,1.673799447146490e-10,2.219612976615576e-10,1.690951335794633e-07,0.000000000000000e+00,1.386714693337457e-10,4.948796927806143e-11,9.999999999505120e-01,9.999999999007609e-01,9.999999998242981e-01,9.999999996839579e-01,9.999999995705153e-01,9.999999994027040e-01,9.999999992880209e-01,9.999999991683637e-01,9.999999988716175e-01,9.999999982585304e-01,1.134606455605358e-02,4.924033923786172e-02,2.650094490459240e-02,8.290857943311872e-02,1.995561657404251e-02,1.883814995400362e-02,1.060344915130613e-02,1.362163581534476e-01,4.696262648982384e-02,5.974278715457503e-01,false
11,1.000000000000000e+18,1,10,CONTINUE,2.009452738340056e-09,3.171762097485259e-09,1.000000000000000e-09,2.009452738340056e-10,2.220446073527675e-14,8.924453496717408e-10,2.261774237975160e-08,1.501181076644533e-09,2.868703812405172e+01,1.035710605683008e-10,6.007598288591326e-08,3.317293506831748e+00,7.137862017886680e-01,1.983834000295388e-11,4.822781296153810e+09,REFINE_STALLED,REFINE_STALLED,REFINE_STALLED,1,2,2,1,1,1,2,3,2,2.353782719707948e+00,1.066637527245264e+00,2.052928168665926e+00,1.568900705808971e+00,3.165369168252618e+08,1.441085800796628e+07,2.198979067346722e-18,2.564574968687951e-18,2.326373806612090e-10,solution good enough for the tolerances given,solution good enough for the tolerances given,solution good enough for the tolerances given,2.198979067346722e-18,2.564574968687951e-18,2.109034156457747e-16,2.353782719707948e+00,3.243709984764674e-19,2.052928168665926e+00,3.691838457751718e-19,3.165369168252618e+08,1.140688346841468e-16,9.994390147174788e-01,1.568900705808971e+00,9.978916720660008e+06,4.472134153984988e-05,2.872567333872522e+00,1.673799447146490e-10,2.219612976615576e-10,1.690951335794633e-07,0.000000000000000e+00,8.558642833606207e-11,4.421307764346238e-11,9.999999999557869e-01,9.999999999186717e-01,9.999999998676512e-01,9.999999997691960e-01,9.999999996790045e-01,9.999999995670101e-01,9.999999994469273e-01,9.999999993341921e-01,9.999999991318966e-01,9.999999988794832e-01,3.156115447308829e-02,8.926217102052740e-02,1.404775153674657e-01,4.210427961735968e-02,8.707720924476099e-02,4.704179740833721e-02,2.649211651753915e-02,2.246781868177634e-01,4.056415164835044e-02,2.707414178848078e-01,false
